=== RT-IPC Integration Test ===
[1/5] Building RT-Thread with SAL/socket and RT-IPC server...
Applying RT-Thread patches for axvisor...
Removed RT_USING_VIRTIO_MMIO_ALIGN from rtconfig.h
Reversed (or previously applied) patch detected!  Skipping patch.
1 out of 1 hunk ignored
Reversed (or previously applied) patch detected!  Skipping patch.
1 out of 1 hunk ignored
Reversed (or previously applied) patch detected!  Skipping patch.
3 out of 3 hunks ignored
Reversed (or previously applied) patch detected!  Skipping patch.
4 out of 4 hunks ignored
Reversed (or previously applied) patch detected!  Skipping patch.
1 out of 1 hunk ignored
Reversed (or previously applied) patch detected!  Skipping patch.
3 out of 3 hunks ignored
Reversed (or previously applied) patch detected!  Skipping patch.
1 out of 1 hunk ignored
Reversed (or previously applied) patch detected!  Skipping patch.
1 out of 1 hunk ignored
Reversed (or previously applied) patch detected!  Skipping patch.
1 out of 1 hunk ignored
Reversed (or previously applied) patch detected!  Skipping patch.
1 out of 1 hunk ignored
Reversed (or previously applied) patch detected!  Skipping patch.
1 out of 1 hunk ignored
Reversed (or previously applied) patch detected!  Skipping patch.
1 out of 1 hunk ignored
Reversed (or previously applied) patch detected!  Skipping patch.
1 out of 1 hunk ignored
Reversed (or previously applied) patch detected!  Skipping patch.
3 out of 3 hunks ignored
Reversed (or previously applied) patch detected!  Skipping patch.
1 out of 1 hunk ignored
Installed RT-IPC server into tmp/rt-thread-5.2.2-full/bsp/qemu-virt64-aarch64/applications/rt-ipc-test
Installed RT benchmark into tmp/rt-thread-5.2.2-full/bsp/qemu-virt64-aarch64/applications
Patches are applied in-place in the RT-Thread source tree.
Key changes:
  - rtconfig.h: RT_LWIP_DHCP removed, IP addresses quoted, virtio-net enabled
  - rtconfig.h: SAL/socket support enabled for RT-IPC
  - virtio.h: _virtio_va2pa_safe() with identity mapping fallback
  - virtio.c: 64-bit queue registers with 44-bit PA mask
  - virtio_net.c: volatile feature negotiation, interrupt-only RX
  - lwIP: 16-slot UDP receive mailbox and matching netbuf pool
  - GICv3: local SGI/PPI pending state uses redistributor registers
  - AArch64 GIC: interrupt enable state is queryable for benchmark cleanup
  - AArch64 timer: absolute CNTV deadlines with elapsed-tick compensation
  - applications/rt-ipc-test/: RT-IPC UDP server installed
  - applications/rt_benchmark.c: canonical real-time benchmark installed
scons: Entering directory `/home/yfblock/Code/hyper-rtos/tgoskits/tmp/rt-thread-5.2.2-full/bsp/qemu-virt64-aarch64'
scons: Reading SConscript files ...
Musl version: unknown
scons: done reading SConscript files.
scons: Cleaning targets ...
Removed build/applications/main.o
Removed build/applications/rt-ipc-test/rt_ipc.o
Removed build/applications/rt-ipc-test/rtipc_echo_responder.o
Removed build/applications/rt-ipc-test/rtipc_server.o
Removed build/applications/rt_benchmark.o
Removed build/drivers/board.o
Removed build/drivers/drv_uart.o
Removed build/drivers/drv_virtio.o
Removed build/kernel/components/dfs/dfs_v1/filesystems/devfs/devfs.o
Removed build/kernel/components/dfs/dfs_v1/src/dfs.o
Removed build/kernel/components/dfs/dfs_v1/src/dfs_file.o
Removed build/kernel/components/dfs/dfs_v1/src/dfs_fs.o
Removed build/kernel/components/dfs/dfs_v1/src/dfs_posix.o
Removed build/kernel/components/drivers/clk/clk-fixed-rate.o
Removed build/kernel/components/drivers/clk/clk.o
Removed build/kernel/components/drivers/core/bus.o
Removed build/kernel/components/drivers/core/device.o
Removed build/kernel/components/drivers/core/dm.o
Removed build/kernel/components/drivers/core/driver.o
Removed build/kernel/components/drivers/core/mnt.o
Removed build/kernel/components/drivers/core/numa.o
Removed build/kernel/components/drivers/core/platform.o
Removed build/kernel/components/drivers/core/platform_ofw.o
Removed build/kernel/components/drivers/core/power_domain.o
Removed build/kernel/components/drivers/iio/iio.o
Removed build/kernel/components/drivers/ipc/completion_comm.o
Removed build/kernel/components/drivers/ipc/completion_up.o
Removed build/kernel/components/drivers/ipc/condvar.o
Removed build/kernel/components/drivers/ipc/dataqueue.o
Removed build/kernel/components/drivers/ipc/pipe.o
Removed build/kernel/components/drivers/ipc/ringblk_buf.o
Removed build/kernel/components/drivers/ipc/ringbuffer.o
Removed build/kernel/components/drivers/ipc/waitqueue.o
Removed build/kernel/components/drivers/ipc/workqueue.o
Removed build/kernel/components/drivers/ktime/src/aarch64/cputimer.o
Removed build/kernel/components/drivers/ktime/src/boottime.o
Removed build/kernel/components/drivers/ktime/src/cputimer.o
Removed build/kernel/components/drivers/ktime/src/hrtimer.o
Removed build/kernel/components/drivers/misc/rt_null.o
Removed build/kernel/components/drivers/misc/rt_random.o
Removed build/kernel/components/drivers/misc/rt_zero.o
Removed build/kernel/components/drivers/ofw/base.o
Removed build/kernel/components/drivers/ofw/fdt.o
Removed build/kernel/components/drivers/ofw/io.o
Removed build/kernel/components/drivers/ofw/libfdt/fdt.o
Removed build/kernel/components/drivers/ofw/libfdt/fdt_addresses.o
Removed build/kernel/components/drivers/ofw/libfdt/fdt_empty_tree.o
Removed build/kernel/components/drivers/ofw/libfdt/fdt_overlay.o
Removed build/kernel/components/drivers/ofw/libfdt/fdt_ro.o
Removed build/kernel/components/drivers/ofw/libfdt/fdt_rw.o
Removed build/kernel/components/drivers/ofw/libfdt/fdt_strerror.o
Removed build/kernel/components/drivers/ofw/libfdt/fdt_sw.o
Removed build/kernel/components/drivers/ofw/libfdt/fdt_wip.o
Removed build/kernel/components/drivers/ofw/ofw.o
Removed build/kernel/components/drivers/ofw/raw.o
Removed build/kernel/components/drivers/pin/dev_pin.o
Removed build/kernel/components/drivers/pin/dev_pin_dm.o
Removed build/kernel/components/drivers/pin/dev_pin_ofw.o
Removed build/kernel/components/drivers/pm/lptimer.o
Removed build/kernel/components/drivers/pm/pm.o
Removed build/kernel/components/drivers/rtc/dev_rtc.o
Removed build/kernel/components/drivers/rtc/dev_soft_rtc.o
Removed build/kernel/components/drivers/serial/dev_serial.o
Removed build/kernel/components/drivers/serial/serial_dm.o
Removed build/kernel/components/drivers/virtio/virtio.o
Removed build/kernel/components/drivers/virtio/virtio_blk.o
Removed build/kernel/components/drivers/virtio/virtio_console.o
Removed build/kernel/components/drivers/virtio/virtio_gpu.o
Removed build/kernel/components/drivers/virtio/virtio_input.o
Removed build/kernel/components/drivers/virtio/virtio_net.o
Removed build/kernel/components/finsh/cmd.o
Removed build/kernel/components/finsh/msh.o
Removed build/kernel/components/finsh/msh_file.o
Removed build/kernel/components/finsh/msh_parse.o
Removed build/kernel/components/finsh/shell.o
Removed build/kernel/components/libc/compilers/common/cctype.o
Removed build/kernel/components/libc/compilers/common/cstdlib.o
Removed build/kernel/components/libc/compilers/common/cstring.o
Removed build/kernel/components/libc/compilers/common/ctime.o
Removed build/kernel/components/libc/compilers/common/cunistd.o
Removed build/kernel/components/libc/compilers/common/cwchar.o
Removed build/kernel/components/libc/compilers/musl/syscalls.o
Removed build/kernel/components/libc/posix/delay/delay.o
Removed build/kernel/components/mm/avl_adpt.o
Removed build/kernel/components/mm/ioremap.o
Removed build/kernel/components/mm/mm_anon.o
Removed build/kernel/components/mm/mm_aspace.o
Removed build/kernel/components/mm/mm_fault.o
Removed build/kernel/components/mm/mm_kmem.o
Removed build/kernel/components/mm/mm_memblock.o
Removed build/kernel/components/mm/mm_object.o
Removed build/kernel/components/mm/mm_page.o
Removed build/kernel/components/net/lwip/lwip-2.1.2/src/api/api_lib.o
Removed build/kernel/components/net/lwip/lwip-2.1.2/src/api/api_msg.o
Removed build/kernel/components/net/lwip/lwip-2.1.2/src/api/err.o
Removed build/kernel/components/net/lwip/lwip-2.1.2/src/api/if_api.o
Removed build/kernel/components/net/lwip/lwip-2.1.2/src/api/netbuf.o
Removed build/kernel/components/net/lwip/lwip-2.1.2/src/api/netdb.o
Removed build/kernel/components/net/lwip/lwip-2.1.2/src/api/netifapi.o
Removed build/kernel/components/net/lwip/lwip-2.1.2/src/api/sockets.o
Removed build/kernel/components/net/lwip/lwip-2.1.2/src/api/tcpip.o
Removed build/kernel/components/net/lwip/lwip-2.1.2/src/apps/ping/ping.o
Removed build/kernel/components/net/lwip/lwip-2.1.2/src/core/altcp.o
Removed build/kernel/components/net/lwip/lwip-2.1.2/src/core/altcp_alloc.o
Removed build/kernel/components/net/lwip/lwip-2.1.2/src/core/altcp_tcp.o
Removed build/kernel/components/net/lwip/lwip-2.1.2/src/core/def.o
Removed build/kernel/components/net/lwip/lwip-2.1.2/src/core/dns.o
Removed build/kernel/components/net/lwip/lwip-2.1.2/src/core/inet_chksum.o
Removed build/kernel/components/net/lwip/lwip-2.1.2/src/core/init.o
Removed build/kernel/components/net/lwip/lwip-2.1.2/src/core/ip.o
Removed build/kernel/components/net/lwip/lwip-2.1.2/src/core/ipv4/autoip.o
Removed build/kernel/components/net/lwip/lwip-2.1.2/src/core/ipv4/dhcp.o
Removed build/kernel/components/net/lwip/lwip-2.1.2/src/core/ipv4/etharp.o
Removed build/kernel/components/net/lwip/lwip-2.1.2/src/core/ipv4/icmp.o
Removed build/kernel/components/net/lwip/lwip-2.1.2/src/core/ipv4/igmp.o
Removed build/kernel/components/net/lwip/lwip-2.1.2/src/core/ipv4/ip4.o
Removed build/kernel/components/net/lwip/lwip-2.1.2/src/core/ipv4/ip4_addr.o
Removed build/kernel/components/net/lwip/lwip-2.1.2/src/core/ipv4/ip4_frag.o
Removed build/kernel/components/net/lwip/lwip-2.1.2/src/core/memp.o
Removed build/kernel/components/net/lwip/lwip-2.1.2/src/core/netif.o
Removed build/kernel/components/net/lwip/lwip-2.1.2/src/core/pbuf.o
Removed build/kernel/components/net/lwip/lwip-2.1.2/src/core/raw.o
Removed build/kernel/components/net/lwip/lwip-2.1.2/src/core/stats.o
Removed build/kernel/components/net/lwip/lwip-2.1.2/src/core/sys.o
Removed build/kernel/components/net/lwip/lwip-2.1.2/src/core/tcp.o
Removed build/kernel/components/net/lwip/lwip-2.1.2/src/core/tcp_in.o
Removed build/kernel/components/net/lwip/lwip-2.1.2/src/core/tcp_out.o
Removed build/kernel/components/net/lwip/lwip-2.1.2/src/core/timeouts.o
Removed build/kernel/components/net/lwip/lwip-2.1.2/src/core/udp.o
Removed build/kernel/components/net/lwip/lwip-2.1.2/src/netif/ethernet.o
Removed build/kernel/components/net/lwip/lwip-2.1.2/src/netif/lowpan6.o
Removed build/kernel/components/net/lwip/port/ethernetif.o
Removed build/kernel/components/net/lwip/port/sys_arch.o
Removed build/kernel/components/net/netdev/src/netdev.o
Removed build/kernel/components/net/netdev/src/netdev_ipaddr.o
Removed build/kernel/components/net/sal/dfs_net/dfs_net.o
Removed build/kernel/components/net/sal/impl/af_inet_lwip.o
Removed build/kernel/components/net/sal/socket/net_netdb.o
Removed build/kernel/components/net/sal/socket/net_sockets.o
Removed build/kernel/components/net/sal/src/sal_socket.o
Removed build/kernel/components/utilities/libadt/avl/avl.o
Removed build/kernel/components/utilities/resource/resource_id.o
Removed build/kernel/components/utilities/resource/rid_bitmap.o
Removed build/kernel/libcpu/aarch64/common/atomic_aarch64.o
Removed build/kernel/libcpu/aarch64/common/backtrace.o
Removed build/kernel/libcpu/aarch64/common/cache.o
Removed build/kernel/libcpu/aarch64/common/cache_ops.o
Removed build/kernel/libcpu/aarch64/common/cpu.o
Removed build/kernel/libcpu/aarch64/common/cpu_gcc.o
Removed build/kernel/libcpu/aarch64/common/cpu_psci.o
Removed build/kernel/libcpu/aarch64/common/cpu_spin_table.o
Removed build/kernel/libcpu/aarch64/common/cpuport.o
Removed build/kernel/libcpu/aarch64/common/exception.o
Removed build/kernel/libcpu/aarch64/common/gic.o
Removed build/kernel/libcpu/aarch64/common/gicv3.o
Removed build/kernel/libcpu/aarch64/common/gtimer.o
Removed build/kernel/libcpu/aarch64/common/hypercall.o
Removed build/kernel/libcpu/aarch64/common/interrupt.o
Removed build/kernel/libcpu/aarch64/common/mmu.o
Removed build/kernel/libcpu/aarch64/common/psci.o
Removed build/kernel/libcpu/aarch64/common/setup.o
Removed build/kernel/libcpu/aarch64/common/smccc.o
Removed build/kernel/libcpu/aarch64/common/stack.o
Removed build/kernel/libcpu/aarch64/common/stack_gcc.o
Removed build/kernel/libcpu/aarch64/common/startup_gcc.o
Removed build/kernel/libcpu/aarch64/common/trap.o
Removed build/kernel/libcpu/aarch64/common/up/context_gcc.o
Removed build/kernel/libcpu/aarch64/common/up/vector_gcc.o
Removed build/kernel/libcpu/aarch64/common/vector_gcc.o
Removed build/kernel/libcpu/aarch64/cortex-a/entry_point.o
Removed build/kernel/src/clock.o
Removed build/kernel/src/components.o
Removed build/kernel/src/cpu_up.o
Removed build/kernel/src/defunct.o
Removed build/kernel/src/idle.o
Removed build/kernel/src/ipc.o
Removed build/kernel/src/irq.o
Removed build/kernel/src/klibc/kerrno.o
Removed build/kernel/src/klibc/kstdio.o
Removed build/kernel/src/klibc/kstring.o
Removed build/kernel/src/klibc/rt_vsnprintf_std.o
Removed build/kernel/src/klibc/rt_vsscanf.o
Removed build/kernel/src/kservice.o
Removed build/kernel/src/mem.o
Removed build/kernel/src/memheap.o
Removed build/kernel/src/mempool.o
Removed build/kernel/src/object.o
Removed build/kernel/src/scheduler_comm.o
Removed build/kernel/src/scheduler_up.o
Removed build/kernel/src/thread.o
Removed build/kernel/src/timer.o
Removed rtthread.elf
Removed .sconsign.dblite
scons: done cleaning targets.
scons: Entering directory `/home/yfblock/Code/hyper-rtos/tgoskits/tmp/rt-thread-5.2.2-full/bsp/qemu-virt64-aarch64'
scons: Reading SConscript files ...
Musl version: unknown
scons: done reading SConscript files.
scons: Building targets ...
scons: building associated VariantDir targets: build
CC build/applications/main.o
CC build/applications/rt-ipc-test/rt_ipc.o
CC build/applications/rt-ipc-test/rtipc_echo_responder.o
In file included from [01m[K/home/yfblock/Code/hyper-rtos/tgoskits/tmp/rt-thread-5.2.2-full/include/rtthread.h:31[m[K,
                 from [01m[Kapplications/main.c:6[m[K:
[01m[K./rtconfig.h:193:[m[K [01;35m[Kwarning: [m[K"RT_CONSOLE_DEVICE_NAME" redefined
  193 | #define RT_CONSOLE_DEVICE_NAME "uart0"
      | 
[01m[K./rtconfig.h:52:[m[K [01;36m[Knote: [m[Kthis is the location of the previous definition
   52 | #define RT_CONSOLE_DEVICE_NAME uart1
      | 
[01m[K./rtconfig.h:194:[m[K [01;35m[Kwarning: [m[K"FINSH_THREAD_NAME" redefined
  194 | #define FINSH_THREAD_NAME "tshell"
      | 
[01m[K./rtconfig.h:59:[m[K [01;36m[Knote: [m[Kthis is the location of the previous definition
   59 | #define FINSH_THREAD_NAME tshell
      | 
CC build/applications/rt-ipc-test/rtipc_server.o
In file included from [01m[K/home/yfblock/Code/hyper-rtos/tgoskits/tmp/rt-thread-5.2.2-full/include/rtthread.h:31[m[K,
                 from [01m[Kapplications/rt-ipc-test/rtipc_server.c:6[m[K:
[01m[K./rtconfig.h:193:[m[K [01;35m[Kwarning: [m[K"RT_CONSOLE_DEVICE_NAME" redefined
  193 | #define RT_CONSOLE_DEVICE_NAME "uart0"
      | 
[01m[K./rtconfig.h:52:[m[K [01;36m[Knote: [m[Kthis is the location of the previous definition
   52 | #define RT_CONSOLE_DEVICE_NAME uart1
      | 
[01m[K./rtconfig.h:194:[m[K [01;35m[Kwarning: [m[K"FINSH_THREAD_NAME" redefined
  194 | #define FINSH_THREAD_NAME "tshell"
      | 
[01m[K./rtconfig.h:59:[m[K [01;36m[Knote: [m[Kthis is the location of the previous definition
   59 | #define FINSH_THREAD_NAME tshell
      | 
CC build/applications/rt_benchmark.o
In file included from [01m[K/home/yfblock/Code/hyper-rtos/tgoskits/tmp/rt-thread-5.2.2-full/include/rttypes.h:14[m[K,
                 from [01m[K/home/yfblock/Code/hyper-rtos/tgoskits/tmp/rt-thread-5.2.2-full/include/rtsched.h:14[m[K,
                 from [01m[K/home/yfblock/Code/hyper-rtos/tgoskits/tmp/rt-thread-5.2.2-full/include/rtdef.h:68[m[K,
                 from [01m[K/home/yfblock/Code/hyper-rtos/tgoskits/tmp/rt-thread-5.2.2-full/include/rthw.h:23[m[K,
                 from [01m[K/home/yfblock/Code/hyper-rtos/tgoskits/tmp/rt-thread-5.2.2-full/libcpu/aarch64/common/include/interrupt.h:14[m[K,
                 from [01m[Kapplications/rt_benchmark.c:8[m[K:
[01m[K./rtconfig.h:193:[m[K [01;35m[Kwarning: [m[K"RT_CONSOLE_DEVICE_NAME" redefined
  193 | #define RT_CONSOLE_DEVICE_NAME "uart0"
      | 
[01m[K./rtconfig.h:52:[m[K [01;36m[Knote: [m[Kthis is the location of the previous definition
   52 | #define RT_CONSOLE_DEVICE_NAME uart1
      | 
[01m[K./rtconfig.h:194:[m[K [01;35m[Kwarning: [m[K"FINSH_THREAD_NAME" redefined
  194 | #define FINSH_THREAD_NAME "tshell"
      | 
[01m[K./rtconfig.h:59:[m[K [01;36m[Knote: [m[Kthis is the location of the previous definition
   59 | #define FINSH_THREAD_NAME tshell
      | 
CC build/drivers/board.o
In file included from [01m[K/home/yfblock/Code/hyper-rtos/tgoskits/tmp/rt-thread-5.2.2-full/include/rtthread.h:31[m[K,
                 from [01m[K/home/yfblock/Code/hyper-rtos/tgoskits/tmp/rt-thread-5.2.2-full/libcpu/aarch64/common/include/mmu.h:16[m[K,
                 from [01m[Kdrivers/board.c:14[m[K:
[01m[K./rtconfig.h:193:[m[K [01;35m[Kwarning: [m[K"RT_CONSOLE_DEVICE_NAME" redefined
  193 | #define RT_CONSOLE_DEVICE_NAME "uart0"
      | 
[01m[K./rtconfig.h:52:[m[K [01;36m[Knote: [m[Kthis is the location of the previous definition
   52 | #define RT_CONSOLE_DEVICE_NAME uart1
      | 
[01m[K./rtconfig.h:194:[m[K [01;35m[Kwarning: [m[K"FINSH_THREAD_NAME" redefined
  194 | #define FINSH_THREAD_NAME "tshell"
      | 
[01m[K./rtconfig.h:59:[m[K [01;36m[Knote: [m[Kthis is the location of the previous definition
   59 | #define FINSH_THREAD_NAME tshell
      | 
CC build/drivers/drv_uart.o
In file included from [01m[K/home/yfblock/Code/hyper-rtos/tgoskits/tmp/rt-thread-5.2.2-full/include/rttypes.h:14[m[K,
                 from [01m[K/home/yfblock/Code/hyper-rtos/tgoskits/tmp/rt-thread-5.2.2-full/include/rtsched.h:14[m[K,
                 from [01m[K/home/yfblock/Code/hyper-rtos/tgoskits/tmp/rt-thread-5.2.2-full/include/rtdef.h:68[m[K,
                 from [01m[K/home/yfblock/Code/hyper-rtos/tgoskits/tmp/rt-thread-5.2.2-full/include/rthw.h:23[m[K,
                 from [01m[Kdrivers/drv_uart.c:12[m[K:
[01m[K./rtconfig.h:193:[m[K [01;35m[Kwarning: [m[K"RT_CONSOLE_DEVICE_NAME" redefined
  193 | #define RT_CONSOLE_DEVICE_NAME "uart0"
      | 
[01m[K./rtconfig.h:52:[m[K [01;36m[Knote: [m[Kthis is the location of the previous definition
   52 | #define RT_CONSOLE_DEVICE_NAME uart1
      | 
[01m[K./rtconfig.h:194:[m[K [01;35m[Kwarning: [m[K"FINSH_THREAD_NAME" redefined
  194 | #define FINSH_THREAD_NAME "tshell"
      | 
[01m[K./rtconfig.h:59:[m[K [01;36m[Knote: [m[Kthis is the location of the previous definition
   59 | #define FINSH_THREAD_NAME tshell
      | 
CC build/drivers/drv_virtio.o
In file included from [01m[K/home/yfblock/Code/hyper-rtos/tgoskits/tmp/rt-thread-5.2.2-full/include/rtthread.h:31[m[K,
                 from [01m[Kdrivers/drv_virtio.c:11[m[K:
[01m[K./rtconfig.h:193:[m[K [01;35m[Kwarning: [m[K"RT_CONSOLE_DEVICE_NAME" redefined
  193 | #define RT_CONSOLE_DEVICE_NAME "uart0"
      | 
[01m[K./rtconfig.h:52:[m[K [01;36m[Knote: [m[Kthis is the location of the previous definition
   52 | #define RT_CONSOLE_DEVICE_NAME uart1
      | 
[01m[K./rtconfig.h:194:[m[K [01;35m[Kwarning: [m[K"FINSH_THREAD_NAME" redefined
  194 | #define FINSH_THREAD_NAME "tshell"
      | 
[01m[K./rtconfig.h:59:[m[K [01;36m[Knote: [m[Kthis is the location of the previous definition
   59 | #define FINSH_THREAD_NAME tshell
      | 
In file included from [01m[Kdrivers/drv_virtio.c:13[m[K:
[01m[K/home/yfblock/Code/hyper-rtos/tgoskits/tmp/rt-thread-5.2.2-full/components/drivers/virtio/virtio.h:[m[K In function ‘[01m[K_virtio_va2pa_safe[m[K’:
[01m[K/home/yfblock/Code/hyper-rtos/tgoskits/tmp/rt-thread-5.2.2-full/components/drivers/virtio/virtio.h:63:33:[m[K [01;35m[Kwarning: [m[Kimplicit declaration of function ‘[01m[Krt_kmem_v2p[m[K’; did you mean ‘[01m[Krt_memcmp[m[K’? [[01;35m[K-Wimplicit-function-declaration[m[K]
   63 |     rt_ubase_t pa = (rt_ubase_t)[01;35m[Krt_kmem_v2p[m[K(vaddr);
      |                                 [01;35m[K^~~~~~~~~~~[m[K
      |                                 [32m[Krt_memcmp[m[K
In file included from [01m[K/home/yfblock/Code/hyper-rtos/tgoskits/tmp/rt-thread-5.2.2-full/components/net/lwip/lwip-2.1.2/src/include/lwip/opt.h:51[m[K,
                 from [01m[K/home/yfblock/Code/hyper-rtos/tgoskits/tmp/rt-thread-5.2.2-full/components/net/lwip/lwip-2.1.2/src/include/lwip/netif.h:40[m[K,
                 from [01m[K/home/yfblock/Code/hyper-rtos/tgoskits/tmp/rt-thread-5.2.2-full/components/net/lwip/port/netif/ethernetif.h:18[m[K,
                 from [01m[K/home/yfblock/Code/hyper-rtos/tgoskits/tmp/rt-thread-5.2.2-full/components/drivers/virtio/virtio_net.h:17[m[K,
                 from [01m[Kdrivers/drv_virtio.c:18[m[K:
[01m[K/home/yfblock/Code/hyper-rtos/tgoskits/tmp/rt-thread-5.2.2-full/components/net/lwip/port/lwipopts.h:[m[K At top level:
[01m[K/home/yfblock/Code/hyper-rtos/tgoskits/tmp/rt-thread-5.2.2-full/components/net/lwip/port/lwipopts.h:410:[m[K [01;35m[Kwarning: [m[K"TCPIP_THREAD_PRIO" redefined
  410 | #define TCPIP_THREAD_PRIO           RT_LWIP_TCPTHREAD_PRIORITY
      | 
In file included from [01m[K/home/yfblock/Code/hyper-rtos/tgoskits/tmp/rt-thread-5.2.2-full/components/libc/compilers/common/include/sys/time.h:15[m[K,
                 from [01m[K/home/yfblock/Code/hyper-rtos/tgoskits/tmp/rt-thread-5.2.2-full/components/net/lwip/port/lwipopts.h:22[m[K,
                 from [01m[K/home/yfblock/Code/hyper-rtos/tgoskits/tmp/rt-thread-5.2.2-full/components/net/lwip/lwip-2.1.2/src/include/lwip/opt.h:51[m[K,
                 from [01m[K/home/yfblock/Code/hyper-rtos/tgoskits/tmp/rt-thread-5.2.2-full/components/net/lwip/lwip-2.1.2/src/include/lwip/netif.h:40[m[K,
                 from [01m[K/home/yfblock/Code/hyper-rtos/tgoskits/tmp/rt-thread-5.2.2-full/components/net/lwip/port/netif/ethernetif.h:18[m[K,
                 from [01m[K/home/yfblock/Code/hyper-rtos/tgoskits/tmp/rt-thread-5.2.2-full/components/drivers/virtio/virtio_net.h:17[m[K,
                 from [01m[Kdrivers/drv_virtio.c:18[m[K:
[01m[K./rtconfig.h:202:[m[K [01;36m[Knote: [m[Kthis is the location of the previous definition
  202 | #define TCPIP_THREAD_PRIO 10
      | 
In file included from [01m[K/home/yfblock/Code/hyper-rtos/tgoskits/tmp/rt-thread-5.2.2-full/components/net/lwip/lwip-2.1.2/src/include/lwip/opt.h:51[m[K,
                 from [01m[K/home/yfblock/Code/hyper-rtos/tgoskits/tmp/rt-thread-5.2.2-full/components/net/lwip/lwip-2.1.2/src/include/lwip/netif.h:40[m[K,
                 from [01m[K/home/yfblock/Code/hyper-rtos/tgoskits/tmp/rt-thread-5.2.2-full/components/net/lwip/port/netif/ethernetif.h:18[m[K,
                 from [01m[K/home/yfblock/Code/hyper-rtos/tgoskits/tmp/rt-thread-5.2.2-full/components/drivers/virtio/virtio_net.h:17[m[K,
                 from [01m[Kdrivers/drv_virtio.c:18[m[K:
[01m[K/home/yfblock/Code/hyper-rtos/tgoskits/tmp/rt-thread-5.2.2-full/components/net/lwip/port/lwipopts.h:411:[m[K [01;35m[Kwarning: [m[K"TCPIP_THREAD_STACKSIZE" redefined
  411 | #define TCPIP_THREAD_STACKSIZE      RT_LWIP_TCPTHREAD_STACKSIZE
      | 
In file included from [01m[K/home/yfblock/Code/hyper-rtos/tgoskits/tmp/rt-thread-5.2.2-full/components/libc/compilers/common/include/sys/time.h:15[m[K,
                 from [01m[K/home/yfblock/Code/hyper-rtos/tgoskits/tmp/rt-thread-5.2.2-full/components/net/lwip/port/lwipopts.h:22[m[K,
                 from [01m[K/home/yfblock/Code/hyper-rtos/tgoskits/tmp/rt-thread-5.2.2-full/components/net/lwip/lwip-2.1.2/src/include/lwip/opt.h:51[m[K,
                 from [01m[K/home/yfblock/Code/hyper-rtos/tgoskits/tmp/rt-thread-5.2.2-full/components/net/lwip/lwip-2.1.2/src/include/lwip/netif.h:40[m[K,
                 from [01m[K/home/yfblock/Code/hyper-rtos/tgoskits/tmp/rt-thread-5.2.2-full/components/net/lwip/port/netif/ethernetif.h:18[m[K,
                 from [01m[K/home/yfblock/Code/hyper-rtos/tgoskits/tmp/rt-thread-5.2.2-full/components/drivers/virtio/virtio_net.h:17[m[K,
                 from [01m[Kdrivers/drv_virtio.c:18[m[K:
[01m[K./rtconfig.h:201:[m[K [01;36m[Knote: [m[Kthis is the location of the previous definition
  201 | #define TCPIP_THREAD_STACKSIZE 8192
      | 
CC build/kernel/components/dfs/dfs_v1/filesystems/devfs/devfs.o
In file included from [01m[K/home/yfblock/Code/hyper-rtos/tgoskits/tmp/rt-thread-5.2.2-full/include/rttypes.h:14[m[K,
                 from [01m[K/home/yfblock/Code/hyper-rtos/tgoskits/tmp/rt-thread-5.2.2-full/include/rtsched.h:14[m[K,
                 from [01m[K/home/yfblock/Code/hyper-rtos/tgoskits/tmp/rt-thread-5.2.2-full/include/rtdef.h:68[m[K,
                 from [01m[K/home/yfblock/Code/hyper-rtos/tgoskits/tmp/rt-thread-5.2.2-full/include/rthw.h:23[m[K,
                 from [01m[K/home/yfblock/Code/hyper-rtos/tgoskits/tmp/rt-thread-5.2.2-full/components/dfs/dfs_v1/filesystems/devfs/devfs.c:10[m[K:
[01m[K./rtconfig.h:193:[m[K [01;35m[Kwarning: [m[K"RT_CONSOLE_DEVICE_NAME" redefined
  193 | #define RT_CONSOLE_DEVICE_NAME "uart0"
      | 
[01m[K./rtconfig.h:52:[m[K [01;36m[Knote: [m[Kthis is the location of the previous definition
   52 | #define RT_CONSOLE_DEVICE_NAME uart1
      | 
[01m[K./rtconfig.h:194:[m[K [01;35m[Kwarning: [m[K"FINSH_THREAD_NAME" redefined
  194 | #define FINSH_THREAD_NAME "tshell"
      | 
[01m[K./rtconfig.h:59:[m[K [01;36m[Knote: [m[Kthis is the location of the previous definition
   59 | #define FINSH_THREAD_NAME tshell
      | 
CC build/kernel/components/dfs/dfs_v1/src/dfs.o
CC build/kernel/components/dfs/dfs_v1/src/dfs_file.o
In file included from [01m[K/home/yfblock/Code/hyper-rtos/tgoskits/tmp/rt-thread-5.2.2-full/include/rttypes.h:14[m[K,
                 from [01m[K/home/yfblock/Code/hyper-rtos/tgoskits/tmp/rt-thread-5.2.2-full/include/rtsched.h:14[m[K,
                 from [01m[K/home/yfblock/Code/hyper-rtos/tgoskits/tmp/rt-thread-5.2.2-full/include/rtdef.h:68[m[K,
                 from [01m[K/home/yfblock/Code/hyper-rtos/tgoskits/tmp/rt-thread-5.2.2-full/components/libc/compilers/common/include/dirent.h:13[m[K,
                 from [01m[K/home/yfblock/Code/hyper-rtos/tgoskits/tmp/rt-thread-5.2.2-full/components/dfs/dfs_v1/include/dfs.h:18[m[K,
                 from [01m[K/home/yfblock/Code/hyper-rtos/tgoskits/tmp/rt-thread-5.2.2-full/components/dfs/dfs_v1/src/dfs.c:13[m[K:
[01m[K./rtconfig.h:193:[m[K [01;35m[Kwarning: [m[K"RT_CONSOLE_DEVICE_NAME" redefined
  193 | #define RT_CONSOLE_DEVICE_NAME "uart0"
      | 
[01m[K./rtconfig.h:52:[m[K [01;36m[Knote: [m[Kthis is the location of the previous definition
   52 | #define RT_CONSOLE_DEVICE_NAME uart1
      | 
[01m[K./rtconfig.h:194:[m[K [01;35m[Kwarning: [m[K"FINSH_THREAD_NAME" redefined
  194 | #define FINSH_THREAD_NAME "tshell"
      | 
[01m[K./rtconfig.h:59:[m[K [01;36m[Knote: [m[Kthis is the location of the previous definition
   59 | #define FINSH_THREAD_NAME tshell
      | 
CC build/kernel/components/dfs/dfs_v1/src/dfs_fs.o
In file included from [01m[K/home/yfblock/Code/hyper-rtos/tgoskits/tmp/rt-thread-5.2.2-full/include/rttypes.h:14[m[K,
                 from [01m[K/home/yfblock/Code/hyper-rtos/tgoskits/tmp/rt-thread-5.2.2-full/include/rtsched.h:14[m[K,
                 from [01m[K/home/yfblock/Code/hyper-rtos/tgoskits/tmp/rt-thread-5.2.2-full/include/rtdef.h:68[m[K,
                 from [01m[K/home/yfblock/Code/hyper-rtos/tgoskits/tmp/rt-thread-5.2.2-full/components/libc/compilers/common/include/dirent.h:13[m[K,
                 from [01m[K/home/yfblock/Code/hyper-rtos/tgoskits/tmp/rt-thread-5.2.2-full/components/dfs/dfs_v1/include/dfs.h:18[m[K,
                 from [01m[K/home/yfblock/Code/hyper-rtos/tgoskits/tmp/rt-thread-5.2.2-full/components/dfs/dfs_v1/src/dfs_file.c:14[m[K:
[01m[K./rtconfig.h:193:[m[K [01;35m[Kwarning: [m[K"RT_CONSOLE_DEVICE_NAME" redefined
  193 | #define RT_CONSOLE_DEVICE_NAME "uart0"
      | 
[01m[K./rtconfig.h:52:[m[K [01;36m[Knote: [m[Kthis is the location of the previous definition
   52 | #define RT_CONSOLE_DEVICE_NAME uart1
      | 
[01m[K./rtconfig.h:194:[m[K [01;35m[Kwarning: [m[K"FINSH_THREAD_NAME" redefined
  194 | #define FINSH_THREAD_NAME "tshell"
      | 
[01m[K./rtconfig.h:59:[m[K [01;36m[Knote: [m[Kthis is the location of the previous definition
   59 | #define FINSH_THREAD_NAME tshell
      | 
In file included from [01m[K/home/yfblock/Code/hyper-rtos/tgoskits/tmp/rt-thread-5.2.2-full/include/rttypes.h:14[m[K,
                 from [01m[K/home/yfblock/Code/hyper-rtos/tgoskits/tmp/rt-thread-5.2.2-full/include/rtsched.h:14[m[K,
                 from [01m[K/home/yfblock/Code/hyper-rtos/tgoskits/tmp/rt-thread-5.2.2-full/include/rtdef.h:68[m[K,
                 from [01m[K/home/yfblock/Code/hyper-rtos/tgoskits/tmp/rt-thread-5.2.2-full/components/libc/compilers/common/include/dirent.h:13[m[K,
                 from [01m[K/home/yfblock/Code/hyper-rtos/tgoskits/tmp/rt-thread-5.2.2-full/components/dfs/dfs_v1/include/dfs.h:18[m[K,
                 from [01m[K/home/yfblock/Code/hyper-rtos/tgoskits/tmp/rt-thread-5.2.2-full/components/dfs/dfs_v1/include/dfs_fs.h:14[m[K,
                 from [01m[K/home/yfblock/Code/hyper-rtos/tgoskits/tmp/rt-thread-5.2.2-full/components/dfs/dfs_v1/src/dfs_fs.c:15[m[K:
[01m[K./rtconfig.h:193:[m[K [01;35m[Kwarning: [m[K"RT_CONSOLE_DEVICE_NAME" redefined
  193 | #define RT_CONSOLE_DEVICE_NAME "uart0"
      | 
[01m[K./rtconfig.h:52:[m[K [01;36m[Knote: [m[Kthis is the location of the previous definition
   52 | #define RT_CONSOLE_DEVICE_NAME uart1
      | 
[01m[K./rtconfig.h:194:[m[K [01;35m[Kwarning: [m[K"FINSH_THREAD_NAME" redefined
  194 | #define FINSH_THREAD_NAME "tshell"
      | 
[01m[K./rtconfig.h:59:[m[K [01;36m[Knote: [m[Kthis is the location of the previous definition
   59 | #define FINSH_THREAD_NAME tshell
      | 
CC build/kernel/components/dfs/dfs_v1/src/dfs_posix.o
In file included from [01m[K/home/yfblock/Code/hyper-rtos/tgoskits/tmp/rt-thread-5.2.2-full/include/rttypes.h:14[m[K,
                 from [01m[K/home/yfblock/Code/hyper-rtos/tgoskits/tmp/rt-thread-5.2.2-full/include/rtsched.h:14[m[K,
                 from [01m[K/home/yfblock/Code/hyper-rtos/tgoskits/tmp/rt-thread-5.2.2-full/include/rtdef.h:68[m[K,
                 from [01m[K/home/yfblock/Code/hyper-rtos/tgoskits/tmp/rt-thread-5.2.2-full/components/libc/compilers/common/include/dirent.h:13[m[K,
                 from [01m[K/home/yfblock/Code/hyper-rtos/tgoskits/tmp/rt-thread-5.2.2-full/components/dfs/dfs_v1/include/dfs.h:18[m[K,
                 from [01m[K/home/yfblock/Code/hyper-rtos/tgoskits/tmp/rt-thread-5.2.2-full/components/dfs/dfs_v1/include/dfs_file.h:14[m[K,
                 from [01m[K/home/yfblock/Code/hyper-rtos/tgoskits/tmp/rt-thread-5.2.2-full/components/dfs/dfs_v1/src/dfs_posix.c:13[m[K:
[01m[K./rtconfig.h:193:[m[K [01;35m[Kwarning: [m[K"RT_CONSOLE_DEVICE_NAME" redefined
  193 | #define RT_CONSOLE_DEVICE_NAME "uart0"
      | 
[01m[K./rtconfig.h:52:[m[K [01;36m[Knote: [m[Kthis is the location of the previous definition
   52 | #define RT_CONSOLE_DEVICE_NAME uart1
      | 
[01m[K./rtconfig.h:194:[m[K [01;35m[Kwarning: [m[K"FINSH_THREAD_NAME" redefined
  194 | #define FINSH_THREAD_NAME "tshell"
      | 
[01m[K./rtconfig.h:59:[m[K [01;36m[Knote: [m[Kthis is the location of the previous definition
   59 | #define FINSH_THREAD_NAME tshell
      | 
CC build/kernel/components/drivers/clk/clk-fixed-rate.o
In file included from [01m[K/home/yfblock/Code/hyper-rtos/tgoskits/tmp/rt-thread-5.2.2-full/include/rtthread.h:31[m[K,
                 from [01m[K/home/yfblock/Code/hyper-rtos/tgoskits/tmp/rt-thread-5.2.2-full/components/drivers/clk/clk-fixed-rate.c:11[m[K:
[01m[K./rtconfig.h:193:[m[K [01;35m[Kwarning: [m[K"RT_CONSOLE_DEVICE_NAME" redefined
  193 | #define RT_CONSOLE_DEVICE_NAME "uart0"
      | 
[01m[K./rtconfig.h:52:[m[K [01;36m[Knote: [m[Kthis is the location of the previous definition
   52 | #define RT_CONSOLE_DEVICE_NAME uart1
      | 
[01m[K./rtconfig.h:194:[m[K [01;35m[Kwarning: [m[K"FINSH_THREAD_NAME" redefined
  194 | #define FINSH_THREAD_NAME "tshell"
      | 
[01m[K./rtconfig.h:59:[m[K [01;36m[Knote: [m[Kthis is the location of the previous definition
   59 | #define FINSH_THREAD_NAME tshell
      | 
CC build/kernel/components/drivers/clk/clk.o
In file included from [01m[K/home/yfblock/Code/hyper-rtos/tgoskits/tmp/rt-thread-5.2.2-full/include/rtthread.h:31[m[K,
                 from [01m[K/home/yfblock/Code/hyper-rtos/tgoskits/tmp/rt-thread-5.2.2-full/components/drivers/clk/clk.c:12[m[K:
[01m[K./rtconfig.h:193:[m[K [01;35m[Kwarning: [m[K"RT_CONSOLE_DEVICE_NAME" redefined
  193 | #define RT_CONSOLE_DEVICE_NAME "uart0"
      | 
[01m[K./rtconfig.h:52:[m[K [01;36m[Knote: [m[Kthis is the location of the previous definition
   52 | #define RT_CONSOLE_DEVICE_NAME uart1
      | 
[01m[K./rtconfig.h:194:[m[K [01;35m[Kwarning: [m[K"FINSH_THREAD_NAME" redefined
  194 | #define FINSH_THREAD_NAME "tshell"
      | 
[01m[K./rtconfig.h:59:[m[K [01;36m[Knote: [m[Kthis is the location of the previous definition
   59 | #define FINSH_THREAD_NAME tshell
      | 
CC build/kernel/components/drivers/core/bus.o
CC build/kernel/components/drivers/core/device.o
In file included from [01m[K/home/yfblock/Code/hyper-rtos/tgoskits/tmp/rt-thread-5.2.2-full/include/rtthread.h:31[m[K,
                 from [01m[K/home/yfblock/Code/hyper-rtos/tgoskits/tmp/rt-thread-5.2.2-full/components/drivers/core/bus.c:12[m[K:
[01m[K./rtconfig.h:193:[m[K [01;35m[Kwarning: [m[K"RT_CONSOLE_DEVICE_NAME" redefined
  193 | #define RT_CONSOLE_DEVICE_NAME "uart0"
      | 
[01m[K./rtconfig.h:52:[m[K [01;36m[Knote: [m[Kthis is the location of the previous definition
   52 | #define RT_CONSOLE_DEVICE_NAME uart1
      | 
[01m[K./rtconfig.h:194:[m[K [01;35m[Kwarning: [m[K"FINSH_THREAD_NAME" redefined
  194 | #define FINSH_THREAD_NAME "tshell"
      | 
[01m[K./rtconfig.h:59:[m[K [01;36m[Knote: [m[Kthis is the location of the previous definition
   59 | #define FINSH_THREAD_NAME tshell
      | 
In file included from [01m[K/home/yfblock/Code/hyper-rtos/tgoskits/tmp/rt-thread-5.2.2-full/include/rtthread.h:31[m[K,
                 from [01m[K/home/yfblock/Code/hyper-rtos/tgoskits/tmp/rt-thread-5.2.2-full/components/drivers/core/device.c:20[m[K:
[01m[K./rtconfig.h:193:[m[K [01;35m[Kwarning: [m[K"RT_CONSOLE_DEVICE_NAME" redefined
  193 | #define RT_CONSOLE_DEVICE_NAME "uart0"
      | 
[01m[K./rtconfig.h:52:[m[K [01;36m[Knote: [m[Kthis is the location of the previous definition
   52 | #define RT_CONSOLE_DEVICE_NAME uart1
      | 
[01m[K./rtconfig.h:194:[m[K [01;35m[Kwarning: [m[K"FINSH_THREAD_NAME" redefined
  194 | #define FINSH_THREAD_NAME "tshell"
      | 
[01m[K./rtconfig.h:59:[m[K [01;36m[Knote: [m[Kthis is the location of the previous definition
   59 | #define FINSH_THREAD_NAME tshell
      | 
CC build/kernel/components/drivers/core/dm.o
In file included from [01m[K/home/yfblock/Code/hyper-rtos/tgoskits/tmp/rt-thread-5.2.2-full/include/rtthread.h:31[m[K,
                 from [01m[K/home/yfblock/Code/hyper-rtos/tgoskits/tmp/rt-thread-5.2.2-full/components/drivers/core/dm.c:11[m[K:
[01m[K./rtconfig.h:193:[m[K [01;35m[Kwarning: [m[K"RT_CONSOLE_DEVICE_NAME" redefined
  193 | #define RT_CONSOLE_DEVICE_NAME "uart0"
      | 
[01m[K./rtconfig.h:52:[m[K [01;36m[Knote: [m[Kthis is the location of the previous definition
   52 | #define RT_CONSOLE_DEVICE_NAME uart1
      | 
[01m[K./rtconfig.h:194:[m[K [01;35m[Kwarning: [m[K"FINSH_THREAD_NAME" redefined
  194 | #define FINSH_THREAD_NAME "tshell"
      | 
[01m[K./rtconfig.h:59:[m[K [01;36m[Knote: [m[Kthis is the location of the previous definition
   59 | #define FINSH_THREAD_NAME tshell
      | 
CC build/kernel/components/drivers/core/driver.o
CC build/kernel/components/drivers/core/mnt.o
In file included from [01m[K/home/yfblock/Code/hyper-rtos/tgoskits/tmp/rt-thread-5.2.2-full/include/rtthread.h:31[m[K,
                 from [01m[K/home/yfblock/Code/hyper-rtos/tgoskits/tmp/rt-thread-5.2.2-full/components/drivers/core/driver.c:7[m[K:
[01m[K./rtconfig.h:193:[m[K [01;35m[Kwarning: [m[K"RT_CONSOLE_DEVICE_NAME" redefined
  193 | #define RT_CONSOLE_DEVICE_NAME "uart0"
      | 
[01m[K./rtconfig.h:52:[m[K [01;36m[Knote: [m[Kthis is the location of the previous definition
   52 | #define RT_CONSOLE_DEVICE_NAME uart1
      | 
[01m[K./rtconfig.h:194:[m[K [01;35m[Kwarning: [m[K"FINSH_THREAD_NAME" redefined
  194 | #define FINSH_THREAD_NAME "tshell"
      | 
[01m[K./rtconfig.h:59:[m[K [01;36m[Knote: [m[Kthis is the location of the previous definition
   59 | #define FINSH_THREAD_NAME tshell
      | 
In file included from [01m[K/home/yfblock/Code/hyper-rtos/tgoskits/tmp/rt-thread-5.2.2-full/include/rtthread.h:31[m[K,
                 from [01m[K/home/yfblock/Code/hyper-rtos/tgoskits/tmp/rt-thread-5.2.2-full/components/drivers/core/mnt.c:11[m[K:
[01m[K./rtconfig.h:193:[m[K [01;35m[Kwarning: [m[K"RT_CONSOLE_DEVICE_NAME" redefined
  193 | #define RT_CONSOLE_DEVICE_NAME "uart0"
      | 
[01m[K./rtconfig.h:52:[m[K [01;36m[Knote: [m[Kthis is the location of the previous definition
   52 | #define RT_CONSOLE_DEVICE_NAME uart1
      | 
[01m[K./rtconfig.h:194:[m[K [01;35m[Kwarning: [m[K"FINSH_THREAD_NAME" redefined
  194 | #define FINSH_THREAD_NAME "tshell"
      | 
[01m[K./rtconfig.h:59:[m[K [01;36m[Knote: [m[Kthis is the location of the previous definition
   59 | #define FINSH_THREAD_NAME tshell
      | 
CC build/kernel/components/drivers/core/numa.o
In file included from [01m[K/home/yfblock/Code/hyper-rtos/tgoskits/tmp/rt-thread-5.2.2-full/include/rtthread.h:31[m[K,
                 from [01m[K/home/yfblock/Code/hyper-rtos/tgoskits/tmp/rt-thread-5.2.2-full/components/drivers/core/numa.c:11[m[K:
[01m[K./rtconfig.h:193:[m[K [01;35m[Kwarning: [m[K"RT_CONSOLE_DEVICE_NAME" redefined
  193 | #define RT_CONSOLE_DEVICE_NAME "uart0"
      | 
[01m[K./rtconfig.h:52:[m[K [01;36m[Knote: [m[Kthis is the location of the previous definition
   52 | #define RT_CONSOLE_DEVICE_NAME uart1
      | 
[01m[K./rtconfig.h:194:[m[K [01;35m[Kwarning: [m[K"FINSH_THREAD_NAME" redefined
  194 | #define FINSH_THREAD_NAME "tshell"
      | 
[01m[K./rtconfig.h:59:[m[K [01;36m[Knote: [m[Kthis is the location of the previous definition
   59 | #define FINSH_THREAD_NAME tshell
      | 
CC build/kernel/components/drivers/core/platform.o
In file included from [01m[K/home/yfblock/Code/hyper-rtos/tgoskits/tmp/rt-thread-5.2.2-full/include/rtthread.h:31[m[K,
                 from [01m[K/home/yfblock/Code/hyper-rtos/tgoskits/tmp/rt-thread-5.2.2-full/components/drivers/core/platform.c:12[m[K:
[01m[K./rtconfig.h:193:[m[K [01;35m[Kwarning: [m[K"RT_CONSOLE_DEVICE_NAME" redefined
  193 | #define RT_CONSOLE_DEVICE_NAME "uart0"
      | 
[01m[K./rtconfig.h:52:[m[K [01;36m[Knote: [m[Kthis is the location of the previous definition
   52 | #define RT_CONSOLE_DEVICE_NAME uart1
      | 
[01m[K./rtconfig.h:194:[m[K [01;35m[Kwarning: [m[K"FINSH_THREAD_NAME" redefined
  194 | #define FINSH_THREAD_NAME "tshell"
      | 
[01m[K./rtconfig.h:59:[m[K [01;36m[Knote: [m[Kthis is the location of the previous definition
   59 | #define FINSH_THREAD_NAME tshell
      | 
[01m[K/home/yfblock/Code/hyper-rtos/tgoskits/tmp/rt-thread-5.2.2-full/components/drivers/clk/clk.c:[m[K In function ‘[01m[Kofw_get_clk_no_lock[m[K’:
[01m[K/home/yfblock/Code/hyper-rtos/tgoskits/tmp/rt-thread-5.2.2-full/components/drivers/clk/clk.c:1230:16:[m[K [01;35m[Kwarning: [m[K‘[01m[Kcount[m[K’ may be used uninitialized in this function [[01;35m[K-Wmaybe-uninitialized[m[K]
 1230 |             if [01;35m[K([m[Kcount > 1)
      |                [01;35m[K^[m[K
CC build/kernel/components/drivers/core/platform_ofw.o
In file included from [01m[K/home/yfblock/Code/hyper-rtos/tgoskits/tmp/rt-thread-5.2.2-full/include/rtthread.h:31[m[K,
                 from [01m[K/home/yfblock/Code/hyper-rtos/tgoskits/tmp/rt-thread-5.2.2-full/components/drivers/core/platform_ofw.c:11[m[K:
[01m[K./rtconfig.h:193:[m[K [01;35m[Kwarning: [m[K"RT_CONSOLE_DEVICE_NAME" redefined
  193 | #define RT_CONSOLE_DEVICE_NAME "uart0"
      | 
[01m[K./rtconfig.h:52:[m[K [01;36m[Knote: [m[Kthis is the location of the previous definition
   52 | #define RT_CONSOLE_DEVICE_NAME uart1
      | 
[01m[K./rtconfig.h:194:[m[K [01;35m[Kwarning: [m[K"FINSH_THREAD_NAME" redefined
  194 | #define FINSH_THREAD_NAME "tshell"
      | 
[01m[K./rtconfig.h:59:[m[K [01;36m[Knote: [m[Kthis is the location of the previous definition
   59 | #define FINSH_THREAD_NAME tshell
      | 
CC build/kernel/components/drivers/core/power_domain.o
In file included from [01m[K/home/yfblock/Code/hyper-rtos/tgoskits/tmp/rt-thread-5.2.2-full/include/rttypes.h:14[m[K,
                 from [01m[K/home/yfblock/Code/hyper-rtos/tgoskits/tmp/rt-thread-5.2.2-full/include/rtsched.h:14[m[K,
                 from [01m[K/home/yfblock/Code/hyper-rtos/tgoskits/tmp/rt-thread-5.2.2-full/include/rtdef.h:68[m[K,
                 from [01m[K/home/yfblock/Code/hyper-rtos/tgoskits/tmp/rt-thread-5.2.2-full/components/drivers/include/rtdevice.h:15[m[K,
                 from [01m[K/home/yfblock/Code/hyper-rtos/tgoskits/tmp/rt-thread-5.2.2-full/components/drivers/core/power_domain.c:11[m[K:
[01m[K./rtconfig.h:193:[m[K [01;35m[Kwarning: [m[K"RT_CONSOLE_DEVICE_NAME" redefined
  193 | #define RT_CONSOLE_DEVICE_NAME "uart0"
      | 
[01m[K./rtconfig.h:52:[m[K [01;36m[Knote: [m[Kthis is the location of the previous definition
   52 | #define RT_CONSOLE_DEVICE_NAME uart1
      | 
[01m[K./rtconfig.h:194:[m[K [01;35m[Kwarning: [m[K"FINSH_THREAD_NAME" redefined
  194 | #define FINSH_THREAD_NAME "tshell"
      | 
[01m[K./rtconfig.h:59:[m[K [01;36m[Knote: [m[Kthis is the location of the previous definition
   59 | #define FINSH_THREAD_NAME tshell
      | 
CC build/kernel/components/drivers/iio/iio.o
CC build/kernel/components/drivers/ipc/completion_comm.o
In file included from [01m[K/home/yfblock/Code/hyper-rtos/tgoskits/tmp/rt-thread-5.2.2-full/include/rtthread.h:31[m[K,
                 from [01m[K/home/yfblock/Code/hyper-rtos/tgoskits/tmp/rt-thread-5.2.2-full/components/drivers/iio/iio.c:11[m[K:
[01m[K./rtconfig.h:193:[m[K [01;35m[Kwarning: [m[K"RT_CONSOLE_DEVICE_NAME" redefined
  193 | #define RT_CONSOLE_DEVICE_NAME "uart0"
      | 
[01m[K./rtconfig.h:52:[m[K [01;36m[Knote: [m[Kthis is the location of the previous definition
   52 | #define RT_CONSOLE_DEVICE_NAME uart1
      | 
[01m[K./rtconfig.h:194:[m[K [01;35m[Kwarning: [m[K"FINSH_THREAD_NAME" redefined
  194 | #define FINSH_THREAD_NAME "tshell"
      | 
[01m[K./rtconfig.h:59:[m[K [01;36m[Knote: [m[Kthis is the location of the previous definition
   59 | #define FINSH_THREAD_NAME tshell
      | 
In file included from [01m[K/home/yfblock/Code/hyper-rtos/tgoskits/tmp/rt-thread-5.2.2-full/include/rtthread.h:31[m[K,
                 from [01m[K/home/yfblock/Code/hyper-rtos/tgoskits/tmp/rt-thread-5.2.2-full/components/drivers/ipc/completion_comm.c:10[m[K:
[01m[K./rtconfig.h:193:[m[K [01;35m[Kwarning: [m[K"RT_CONSOLE_DEVICE_NAME" redefined
  193 | #define RT_CONSOLE_DEVICE_NAME "uart0"
      | 
[01m[K./rtconfig.h:52:[m[K [01;36m[Knote: [m[Kthis is the location of the previous definition
   52 | #define RT_CONSOLE_DEVICE_NAME uart1
      | 
[01m[K./rtconfig.h:194:[m[K [01;35m[Kwarning: [m[K"FINSH_THREAD_NAME" redefined
  194 | #define FINSH_THREAD_NAME "tshell"
      | 
[01m[K./rtconfig.h:59:[m[K [01;36m[Knote: [m[Kthis is the location of the previous definition
   59 | #define FINSH_THREAD_NAME tshell
      | 
CC build/kernel/components/drivers/ipc/completion_up.o
In file included from [01m[K/home/yfblock/Code/hyper-rtos/tgoskits/tmp/rt-thread-5.2.2-full/include/rtdbg.h:33[m[K,
                 from [01m[K/home/yfblock/Code/hyper-rtos/tgoskits/tmp/rt-thread-5.2.2-full/components/drivers/ipc/completion_up.c:17[m[K:
[01m[K./rtconfig.h:193:[m[K [01;35m[Kwarning: [m[K"RT_CONSOLE_DEVICE_NAME" redefined
  193 | #define RT_CONSOLE_DEVICE_NAME "uart0"
      | 
[01m[K./rtconfig.h:52:[m[K [01;36m[Knote: [m[Kthis is the location of the previous definition
   52 | #define RT_CONSOLE_DEVICE_NAME uart1
      | 
[01m[K./rtconfig.h:194:[m[K [01;35m[Kwarning: [m[K"FINSH_THREAD_NAME" redefined
  194 | #define FINSH_THREAD_NAME "tshell"
      | 
[01m[K./rtconfig.h:59:[m[K [01;36m[Knote: [m[Kthis is the location of the previous definition
   59 | #define FINSH_THREAD_NAME tshell
      | 
CC build/kernel/components/drivers/ipc/condvar.o
CC build/kernel/components/drivers/ipc/dataqueue.o
In file included from [01m[K/home/yfblock/Code/hyper-rtos/tgoskits/tmp/rt-thread-5.2.2-full/include/rtdbg.h:33[m[K,
                 from [01m[K/home/yfblock/Code/hyper-rtos/tgoskits/tmp/rt-thread-5.2.2-full/components/drivers/ipc/condvar.c:12[m[K:
[01m[K./rtconfig.h:193:[m[K [01;35m[Kwarning: [m[K"RT_CONSOLE_DEVICE_NAME" redefined
  193 | #define RT_CONSOLE_DEVICE_NAME "uart0"
      | 
[01m[K./rtconfig.h:52:[m[K [01;36m[Knote: [m[Kthis is the location of the previous definition
   52 | #define RT_CONSOLE_DEVICE_NAME uart1
      | 
[01m[K./rtconfig.h:194:[m[K [01;35m[Kwarning: [m[K"FINSH_THREAD_NAME" redefined
  194 | #define FINSH_THREAD_NAME "tshell"
      | 
[01m[K./rtconfig.h:59:[m[K [01;36m[Knote: [m[Kthis is the location of the previous definition
   59 | #define FINSH_THREAD_NAME tshell
      | 
In file included from [01m[K/home/yfblock/Code/hyper-rtos/tgoskits/tmp/rt-thread-5.2.2-full/include/rttypes.h:14[m[K,
                 from [01m[K/home/yfblock/Code/hyper-rtos/tgoskits/tmp/rt-thread-5.2.2-full/include/rtsched.h:14[m[K,
                 from [01m[K/home/yfblock/Code/hyper-rtos/tgoskits/tmp/rt-thread-5.2.2-full/include/rtdef.h:68[m[K,
                 from [01m[K/home/yfblock/Code/hyper-rtos/tgoskits/tmp/rt-thread-5.2.2-full/include/rthw.h:23[m[K,
                 from [01m[K/home/yfblock/Code/hyper-rtos/tgoskits/tmp/rt-thread-5.2.2-full/components/drivers/ipc/dataqueue.c:14[m[K:
[01m[K./rtconfig.h:193:[m[K [01;35m[Kwarning: [m[K"RT_CONSOLE_DEVICE_NAME" redefined
  193 | #define RT_CONSOLE_DEVICE_NAME "uart0"
      | 
[01m[K./rtconfig.h:52:[m[K [01;36m[Knote: [m[Kthis is the location of the previous definition
   52 | #define RT_CONSOLE_DEVICE_NAME uart1
      | 
[01m[K./rtconfig.h:194:[m[K [01;35m[Kwarning: [m[K"FINSH_THREAD_NAME" redefined
  194 | #define FINSH_THREAD_NAME "tshell"
      | 
[01m[K./rtconfig.h:59:[m[K [01;36m[Knote: [m[Kthis is the location of the previous definition
   59 | #define FINSH_THREAD_NAME tshell
      | 
CC build/kernel/components/drivers/ipc/pipe.o
CC build/kernel/components/drivers/ipc/ringblk_buf.o
In file included from [01m[K/home/yfblock/Code/hyper-rtos/tgoskits/tmp/rt-thread-5.2.2-full/include/rttypes.h:14[m[K,
                 from [01m[K/home/yfblock/Code/hyper-rtos/tgoskits/tmp/rt-thread-5.2.2-full/include/rtsched.h:14[m[K,
                 from [01m[K/home/yfblock/Code/hyper-rtos/tgoskits/tmp/rt-thread-5.2.2-full/include/rtdef.h:68[m[K,
                 from [01m[K/home/yfblock/Code/hyper-rtos/tgoskits/tmp/rt-thread-5.2.2-full/include/rthw.h:23[m[K,
                 from [01m[K/home/yfblock/Code/hyper-rtos/tgoskits/tmp/rt-thread-5.2.2-full/components/drivers/ipc/pipe.c:14[m[K:
[01m[K./rtconfig.h:193:[m[K [01;35m[Kwarning: [m[K"RT_CONSOLE_DEVICE_NAME" redefined
  193 | #define RT_CONSOLE_DEVICE_NAME "uart0"
      | 
[01m[K./rtconfig.h:52:[m[K [01;36m[Knote: [m[Kthis is the location of the previous definition
   52 | #define RT_CONSOLE_DEVICE_NAME uart1
      | 
[01m[K./rtconfig.h:194:[m[K [01;35m[Kwarning: [m[K"FINSH_THREAD_NAME" redefined
  194 | #define FINSH_THREAD_NAME "tshell"
      | 
[01m[K./rtconfig.h:59:[m[K [01;36m[Knote: [m[Kthis is the location of the previous definition
   59 | #define FINSH_THREAD_NAME tshell
      | 
In file included from [01m[K/home/yfblock/Code/hyper-rtos/tgoskits/tmp/rt-thread-5.2.2-full/include/rttypes.h:14[m[K,
                 from [01m[K/home/yfblock/Code/hyper-rtos/tgoskits/tmp/rt-thread-5.2.2-full/include/rtsched.h:14[m[K,
                 from [01m[K/home/yfblock/Code/hyper-rtos/tgoskits/tmp/rt-thread-5.2.2-full/include/rtdef.h:68[m[K,
                 from [01m[K/home/yfblock/Code/hyper-rtos/tgoskits/tmp/rt-thread-5.2.2-full/include/rthw.h:23[m[K,
                 from [01m[K/home/yfblock/Code/hyper-rtos/tgoskits/tmp/rt-thread-5.2.2-full/components/drivers/ipc/ringblk_buf.c:12[m[K:
[01m[K./rtconfig.h:193:[m[K [01;35m[Kwarning: [m[K"RT_CONSOLE_DEVICE_NAME" redefined
  193 | #define RT_CONSOLE_DEVICE_NAME "uart0"
      | 
[01m[K./rtconfig.h:52:[m[K [01;36m[Knote: [m[Kthis is the location of the previous definition
   52 | #define RT_CONSOLE_DEVICE_NAME uart1
      | 
[01m[K./rtconfig.h:194:[m[K [01;35m[Kwarning: [m[K"FINSH_THREAD_NAME" redefined
  194 | #define FINSH_THREAD_NAME "tshell"
      | 
[01m[K./rtconfig.h:59:[m[K [01;36m[Knote: [m[Kthis is the location of the previous definition
   59 | #define FINSH_THREAD_NAME tshell
      | 
CC build/kernel/components/drivers/ipc/ringbuffer.o
In file included from [01m[K/home/yfblock/Code/hyper-rtos/tgoskits/tmp/rt-thread-5.2.2-full/include/rttypes.h:14[m[K,
                 from [01m[K/home/yfblock/Code/hyper-rtos/tgoskits/tmp/rt-thread-5.2.2-full/include/rtsched.h:14[m[K,
                 from [01m[K/home/yfblock/Code/hyper-rtos/tgoskits/tmp/rt-thread-5.2.2-full/include/rtdef.h:68[m[K,
                 from [01m[K/home/yfblock/Code/hyper-rtos/tgoskits/tmp/rt-thread-5.2.2-full/components/drivers/include/rtdevice.h:15[m[K,
                 from [01m[K/home/yfblock/Code/hyper-rtos/tgoskits/tmp/rt-thread-5.2.2-full/components/drivers/ipc/ringbuffer.c:15[m[K:
[01m[K./rtconfig.h:193:[m[K [01;35m[Kwarning: [m[K"RT_CONSOLE_DEVICE_NAME" redefined
  193 | #define RT_CONSOLE_DEVICE_NAME "uart0"
      | 
[01m[K./rtconfig.h:52:[m[K [01;36m[Knote: [m[Kthis is the location of the previous definition
   52 | #define RT_CONSOLE_DEVICE_NAME uart1
      | 
[01m[K./rtconfig.h:194:[m[K [01;35m[Kwarning: [m[K"FINSH_THREAD_NAME" redefined
  194 | #define FINSH_THREAD_NAME "tshell"
      | 
[01m[K./rtconfig.h:59:[m[K [01;36m[Knote: [m[Kthis is the location of the previous definition
   59 | #define FINSH_THREAD_NAME tshell
      | 
CC build/kernel/components/drivers/ipc/waitqueue.o
In file included from [01m[K/home/yfblock/Code/hyper-rtos/tgoskits/tmp/rt-thread-5.2.2-full/include/rtdbg.h:33[m[K,
                 from [01m[K/home/yfblock/Code/hyper-rtos/tgoskits/tmp/rt-thread-5.2.2-full/components/drivers/ipc/waitqueue.c:16[m[K:
[01m[K./rtconfig.h:193:[m[K [01;35m[Kwarning: [m[K"RT_CONSOLE_DEVICE_NAME" redefined
  193 | #define RT_CONSOLE_DEVICE_NAME "uart0"
      | 
[01m[K./rtconfig.h:52:[m[K [01;36m[Knote: [m[Kthis is the location of the previous definition
   52 | #define RT_CONSOLE_DEVICE_NAME uart1
      | 
[01m[K./rtconfig.h:194:[m[K [01;35m[Kwarning: [m[K"FINSH_THREAD_NAME" redefined
  194 | #define FINSH_THREAD_NAME "tshell"
      | 
[01m[K./rtconfig.h:59:[m[K [01;36m[Knote: [m[Kthis is the location of the previous definition
   59 | #define FINSH_THREAD_NAME tshell
      | 
CC build/kernel/components/drivers/ipc/workqueue.o
In file included from [01m[K/home/yfblock/Code/hyper-rtos/tgoskits/tmp/rt-thread-5.2.2-full/include/rttypes.h:14[m[K,
                 from [01m[K/home/yfblock/Code/hyper-rtos/tgoskits/tmp/rt-thread-5.2.2-full/include/rtsched.h:14[m[K,
                 from [01m[K/home/yfblock/Code/hyper-rtos/tgoskits/tmp/rt-thread-5.2.2-full/include/rtdef.h:68[m[K,
                 from [01m[K/home/yfblock/Code/hyper-rtos/tgoskits/tmp/rt-thread-5.2.2-full/include/rthw.h:23[m[K,
                 from [01m[K/home/yfblock/Code/hyper-rtos/tgoskits/tmp/rt-thread-5.2.2-full/components/drivers/ipc/workqueue.c:16[m[K:
[01m[K./rtconfig.h:193:[m[K [01;35m[Kwarning: [m[K"RT_CONSOLE_DEVICE_NAME" redefined
  193 | #define RT_CONSOLE_DEVICE_NAME "uart0"
      | 
[01m[K./rtconfig.h:52:[m[K [01;36m[Knote: [m[Kthis is the location of the previous definition
   52 | #define RT_CONSOLE_DEVICE_NAME uart1
      | 
[01m[K./rtconfig.h:194:[m[K [01;35m[Kwarning: [m[K"FINSH_THREAD_NAME" redefined
  194 | #define FINSH_THREAD_NAME "tshell"
      | 
[01m[K./rtconfig.h:59:[m[K [01;36m[Knote: [m[Kthis is the location of the previous definition
   59 | #define FINSH_THREAD_NAME tshell
      | 
CC build/kernel/components/drivers/ktime/src/aarch64/cputimer.o
CC build/kernel/components/drivers/ktime/src/boottime.o
CC build/kernel/components/drivers/ktime/src/cputimer.o
In file included from [01m[K/home/yfblock/Code/hyper-rtos/tgoskits/tmp/rt-thread-5.2.2-full/include/rttypes.h:14[m[K,
                 from [01m[K/home/yfblock/Code/hyper-rtos/tgoskits/tmp/rt-thread-5.2.2-full/include/rtsched.h:14[m[K,
                 from [01m[K/home/yfblock/Code/hyper-rtos/tgoskits/tmp/rt-thread-5.2.2-full/include/rtdef.h:68[m[K,
                 from [01m[K/home/yfblock/Code/hyper-rtos/tgoskits/tmp/rt-thread-5.2.2-full/libcpu/aarch64/common/include/gtimer.h:14[m[K,
                 from [01m[K/home/yfblock/Code/hyper-rtos/tgoskits/tmp/rt-thread-5.2.2-full/components/drivers/ktime/src/aarch64/cputimer.c:11[m[K:
[01m[K./rtconfig.h:193:[m[K [01;35m[Kwarning: [m[K"RT_CONSOLE_DEVICE_NAME" redefined
  193 | #define RT_CONSOLE_DEVICE_NAME "uart0"
      | 
[01m[K./rtconfig.h:52:[m[K [01;36m[Knote: [m[Kthis is the location of the previous definition
   52 | #define RT_CONSOLE_DEVICE_NAME uart1
      | 
[01m[K./rtconfig.h:194:[m[K [01;35m[Kwarning: [m[K"FINSH_THREAD_NAME" redefined
  194 | #define FINSH_THREAD_NAME "tshell"
      | 
[01m[K./rtconfig.h:59:[m[K [01;36m[Knote: [m[Kthis is the location of the previous definition
   59 | #define FINSH_THREAD_NAME tshell
      | 
In file included from [01m[K/home/yfblock/Code/hyper-rtos/tgoskits/tmp/rt-thread-5.2.2-full/components/libc/compilers/common/include/sys/time.h:15[m[K,
                 from [01m[K/home/yfblock/Code/hyper-rtos/tgoskits/tmp/rt-thread-5.2.2-full/components/drivers/ktime/inc/ktime.h:16[m[K,
                 from [01m[K/home/yfblock/Code/hyper-rtos/tgoskits/tmp/rt-thread-5.2.2-full/components/drivers/ktime/src/boottime.c:11[m[K:
[01m[K./rtconfig.h:193:[m[K [01;35m[Kwarning: [m[K"RT_CONSOLE_DEVICE_NAME" redefined
  193 | #define RT_CONSOLE_DEVICE_NAME "uart0"
      | 
[01m[K./rtconfig.h:52:[m[K [01;36m[Knote: [m[Kthis is the location of the previous definition
   52 | #define RT_CONSOLE_DEVICE_NAME uart1
      | 
[01m[K./rtconfig.h:194:[m[K [01;35m[Kwarning: [m[K"FINSH_THREAD_NAME" redefined
  194 | #define FINSH_THREAD_NAME "tshell"
      | 
[01m[K./rtconfig.h:59:[m[K [01;36m[Knote: [m[Kthis is the location of the previous definition
   59 | #define FINSH_THREAD_NAME tshell
      | 
In file included from [01m[K/home/yfblock/Code/hyper-rtos/tgoskits/tmp/rt-thread-5.2.2-full/components/libc/compilers/common/include/sys/time.h:15[m[K,
                 from [01m[K/home/yfblock/Code/hyper-rtos/tgoskits/tmp/rt-thread-5.2.2-full/components/drivers/ktime/inc/ktime.h:16[m[K,
                 from [01m[K/home/yfblock/Code/hyper-rtos/tgoskits/tmp/rt-thread-5.2.2-full/components/drivers/ktime/src/cputimer.c:11[m[K:
[01m[K./rtconfig.h:193:[m[K [01;35m[Kwarning: [m[K"RT_CONSOLE_DEVICE_NAME" redefined
  193 | #define RT_CONSOLE_DEVICE_NAME "uart0"
      | 
[01m[K./rtconfig.h:52:[m[K [01;36m[Knote: [m[Kthis is the location of the previous definition
   52 | #define RT_CONSOLE_DEVICE_NAME uart1
      | 
[01m[K./rtconfig.h:194:[m[K [01;35m[Kwarning: [m[K"FINSH_THREAD_NAME" redefined
  194 | #define FINSH_THREAD_NAME "tshell"
      | 
[01m[K./rtconfig.h:59:[m[K [01;36m[Knote: [m[Kthis is the location of the previous definition
   59 | #define FINSH_THREAD_NAME tshell
      | 
CC build/kernel/components/drivers/ktime/src/hrtimer.o
CC build/kernel/components/drivers/misc/rt_null.o
CC build/kernel/components/drivers/misc/rt_random.o
In file included from [01m[K/home/yfblock/Code/hyper-rtos/tgoskits/tmp/rt-thread-5.2.2-full/include/rttypes.h:14[m[K,
                 from [01m[K/home/yfblock/Code/hyper-rtos/tgoskits/tmp/rt-thread-5.2.2-full/include/rtsched.h:14[m[K,
                 from [01m[K/home/yfblock/Code/hyper-rtos/tgoskits/tmp/rt-thread-5.2.2-full/include/rtdef.h:68[m[K,
                 from [01m[K/home/yfblock/Code/hyper-rtos/tgoskits/tmp/rt-thread-5.2.2-full/components/drivers/include/rtdevice.h:15[m[K,
                 from [01m[K/home/yfblock/Code/hyper-rtos/tgoskits/tmp/rt-thread-5.2.2-full/components/drivers/ktime/src/hrtimer.c:12[m[K:
[01m[K./rtconfig.h:193:[m[K [01;35m[Kwarning: [m[K"RT_CONSOLE_DEVICE_NAME" redefined
  193 | #define RT_CONSOLE_DEVICE_NAME "uart0"
      | 
[01m[K./rtconfig.h:52:[m[K [01;36m[Knote: [m[Kthis is the location of the previous definition
   52 | #define RT_CONSOLE_DEVICE_NAME uart1
      | 
[01m[K./rtconfig.h:194:[m[K [01;35m[Kwarning: [m[K"FINSH_THREAD_NAME" redefined
  194 | #define FINSH_THREAD_NAME "tshell"
      | 
[01m[K./rtconfig.h:59:[m[K [01;36m[Knote: [m[Kthis is the location of the previous definition
   59 | #define FINSH_THREAD_NAME tshell
      | 
In file included from [01m[K/home/yfblock/Code/hyper-rtos/tgoskits/tmp/rt-thread-5.2.2-full/include/rtthread.h:31[m[K,
                 from [01m[K/home/yfblock/Code/hyper-rtos/tgoskits/tmp/rt-thread-5.2.2-full/components/drivers/misc/rt_null.c:11[m[K:
[01m[K./rtconfig.h:193:[m[K [01;35m[Kwarning: [m[K"RT_CONSOLE_DEVICE_NAME" redefined
  193 | #define RT_CONSOLE_DEVICE_NAME "uart0"
      | 
[01m[K./rtconfig.h:52:[m[K [01;36m[Knote: [m[Kthis is the location of the previous definition
   52 | #define RT_CONSOLE_DEVICE_NAME uart1
      | 
[01m[K./rtconfig.h:194:[m[K [01;35m[Kwarning: [m[K"FINSH_THREAD_NAME" redefined
  194 | #define FINSH_THREAD_NAME "tshell"
      | 
[01m[K./rtconfig.h:59:[m[K [01;36m[Knote: [m[Kthis is the location of the previous definition
   59 | #define FINSH_THREAD_NAME tshell
      | 
In file included from [01m[K/home/yfblock/Code/hyper-rtos/tgoskits/tmp/rt-thread-5.2.2-full/include/rtthread.h:31[m[K,
                 from [01m[K/home/yfblock/Code/hyper-rtos/tgoskits/tmp/rt-thread-5.2.2-full/components/drivers/misc/rt_random.c:11[m[K:
[01m[K./rtconfig.h:193:[m[K [01;35m[Kwarning: [m[K"RT_CONSOLE_DEVICE_NAME" redefined
  193 | #define RT_CONSOLE_DEVICE_NAME "uart0"
      | 
[01m[K./rtconfig.h:52:[m[K [01;36m[Knote: [m[Kthis is the location of the previous definition
   52 | #define RT_CONSOLE_DEVICE_NAME uart1
      | 
[01m[K./rtconfig.h:194:[m[K [01;35m[Kwarning: [m[K"FINSH_THREAD_NAME" redefined
  194 | #define FINSH_THREAD_NAME "tshell"
      | 
[01m[K./rtconfig.h:59:[m[K [01;36m[Knote: [m[Kthis is the location of the previous definition
   59 | #define FINSH_THREAD_NAME tshell
      | 
CC build/kernel/components/drivers/misc/rt_zero.o
In file included from [01m[K/home/yfblock/Code/hyper-rtos/tgoskits/tmp/rt-thread-5.2.2-full/include/rtthread.h:31[m[K,
                 from [01m[K/home/yfblock/Code/hyper-rtos/tgoskits/tmp/rt-thread-5.2.2-full/components/drivers/misc/rt_zero.c:11[m[K:
[01m[K./rtconfig.h:193:[m[K [01;35m[Kwarning: [m[K"RT_CONSOLE_DEVICE_NAME" redefined
  193 | #define RT_CONSOLE_DEVICE_NAME "uart0"
      | 
[01m[K./rtconfig.h:52:[m[K [01;36m[Knote: [m[Kthis is the location of the previous definition
   52 | #define RT_CONSOLE_DEVICE_NAME uart1
      | 
[01m[K./rtconfig.h:194:[m[K [01;35m[Kwarning: [m[K"FINSH_THREAD_NAME" redefined
  194 | #define FINSH_THREAD_NAME "tshell"
      | 
[01m[K./rtconfig.h:59:[m[K [01;36m[Knote: [m[Kthis is the location of the previous definition
   59 | #define FINSH_THREAD_NAME tshell
      | 
CC build/kernel/components/drivers/ofw/base.o
In file included from [01m[K/home/yfblock/Code/hyper-rtos/tgoskits/tmp/rt-thread-5.2.2-full/include/rttypes.h:14[m[K,
                 from [01m[K/home/yfblock/Code/hyper-rtos/tgoskits/tmp/rt-thread-5.2.2-full/include/rtsched.h:14[m[K,
                 from [01m[K/home/yfblock/Code/hyper-rtos/tgoskits/tmp/rt-thread-5.2.2-full/include/rtdef.h:68[m[K,
                 from [01m[K/home/yfblock/Code/hyper-rtos/tgoskits/tmp/rt-thread-5.2.2-full/include/rthw.h:23[m[K,
                 from [01m[K/home/yfblock/Code/hyper-rtos/tgoskits/tmp/rt-thread-5.2.2-full/components/drivers/ofw/base.c:11[m[K:
[01m[K./rtconfig.h:193:[m[K [01;35m[Kwarning: [m[K"RT_CONSOLE_DEVICE_NAME" redefined
  193 | #define RT_CONSOLE_DEVICE_NAME "uart0"
      | 
[01m[K./rtconfig.h:52:[m[K [01;36m[Knote: [m[Kthis is the location of the previous definition
   52 | #define RT_CONSOLE_DEVICE_NAME uart1
      | 
[01m[K./rtconfig.h:194:[m[K [01;35m[Kwarning: [m[K"FINSH_THREAD_NAME" redefined
  194 | #define FINSH_THREAD_NAME "tshell"
      | 
[01m[K./rtconfig.h:59:[m[K [01;36m[Knote: [m[Kthis is the location of the previous definition
   59 | #define FINSH_THREAD_NAME tshell
      | 
CC build/kernel/components/drivers/ofw/fdt.o
In file included from [01m[K/home/yfblock/Code/hyper-rtos/tgoskits/tmp/rt-thread-5.2.2-full/include/rttypes.h:14[m[K,
                 from [01m[K/home/yfblock/Code/hyper-rtos/tgoskits/tmp/rt-thread-5.2.2-full/include/rtsched.h:14[m[K,
                 from [01m[K/home/yfblock/Code/hyper-rtos/tgoskits/tmp/rt-thread-5.2.2-full/include/rtdef.h:68[m[K,
                 from [01m[K/home/yfblock/Code/hyper-rtos/tgoskits/tmp/rt-thread-5.2.2-full/include/rthw.h:23[m[K,
                 from [01m[K/home/yfblock/Code/hyper-rtos/tgoskits/tmp/rt-thread-5.2.2-full/components/drivers/ofw/fdt.c:11[m[K:
[01m[K./rtconfig.h:193:[m[K [01;35m[Kwarning: [m[K"RT_CONSOLE_DEVICE_NAME" redefined
  193 | #define RT_CONSOLE_DEVICE_NAME "uart0"
      | 
[01m[K./rtconfig.h:52:[m[K [01;36m[Knote: [m[Kthis is the location of the previous definition
   52 | #define RT_CONSOLE_DEVICE_NAME uart1
      | 
[01m[K./rtconfig.h:194:[m[K [01;35m[Kwarning: [m[K"FINSH_THREAD_NAME" redefined
  194 | #define FINSH_THREAD_NAME "tshell"
      | 
[01m[K./rtconfig.h:59:[m[K [01;36m[Knote: [m[Kthis is the location of the previous definition
   59 | #define FINSH_THREAD_NAME tshell
      | 
CC build/kernel/components/drivers/ofw/io.o
In file included from [01m[K/home/yfblock/Code/hyper-rtos/tgoskits/tmp/rt-thread-5.2.2-full/include/rtthread.h:31[m[K,
                 from [01m[K/home/yfblock/Code/hyper-rtos/tgoskits/tmp/rt-thread-5.2.2-full/components/drivers/ofw/io.c:11[m[K:
[01m[K./rtconfig.h:193:[m[K [01;35m[Kwarning: [m[K"RT_CONSOLE_DEVICE_NAME" redefined
  193 | #define RT_CONSOLE_DEVICE_NAME "uart0"
      | 
[01m[K./rtconfig.h:52:[m[K [01;36m[Knote: [m[Kthis is the location of the previous definition
   52 | #define RT_CONSOLE_DEVICE_NAME uart1
      | 
[01m[K./rtconfig.h:194:[m[K [01;35m[Kwarning: [m[K"FINSH_THREAD_NAME" redefined
  194 | #define FINSH_THREAD_NAME "tshell"
      | 
[01m[K./rtconfig.h:59:[m[K [01;36m[Knote: [m[Kthis is the location of the previous definition
   59 | #define FINSH_THREAD_NAME tshell
      | 
CC build/kernel/components/drivers/ofw/libfdt/fdt.o
In file included from [01m[K/home/yfblock/Code/hyper-rtos/tgoskits/tmp/rt-thread-5.2.2-full/include/rtthread.h:31[m[K,
                 from [01m[K/home/yfblock/Code/hyper-rtos/tgoskits/tmp/rt-thread-5.2.2-full/components/drivers/ofw/libfdt/libfdt_env.h:25[m[K,
                 from [01m[K/home/yfblock/Code/hyper-rtos/tgoskits/tmp/rt-thread-5.2.2-full/components/drivers/ofw/libfdt/fdt.c:6[m[K:
[01m[K./rtconfig.h:193:[m[K [01;35m[Kwarning: [m[K"RT_CONSOLE_DEVICE_NAME" redefined
  193 | #define RT_CONSOLE_DEVICE_NAME "uart0"
      | 
[01m[K./rtconfig.h:52:[m[K [01;36m[Knote: [m[Kthis is the location of the previous definition
   52 | #define RT_CONSOLE_DEVICE_NAME uart1
      | 
[01m[K./rtconfig.h:194:[m[K [01;35m[Kwarning: [m[K"FINSH_THREAD_NAME" redefined
  194 | #define FINSH_THREAD_NAME "tshell"
      | 
[01m[K./rtconfig.h:59:[m[K [01;36m[Knote: [m[Kthis is the location of the previous definition
   59 | #define FINSH_THREAD_NAME tshell
      | 
CC build/kernel/components/drivers/ofw/libfdt/fdt_addresses.o
In file included from [01m[K/home/yfblock/Code/hyper-rtos/tgoskits/tmp/rt-thread-5.2.2-full/include/rtthread.h:31[m[K,
                 from [01m[K/home/yfblock/Code/hyper-rtos/tgoskits/tmp/rt-thread-5.2.2-full/components/drivers/ofw/libfdt/libfdt_env.h:25[m[K,
                 from [01m[K/home/yfblock/Code/hyper-rtos/tgoskits/tmp/rt-thread-5.2.2-full/components/drivers/ofw/libfdt/fdt_addresses.c:7[m[K:
[01m[K./rtconfig.h:193:[m[K [01;35m[Kwarning: [m[K"RT_CONSOLE_DEVICE_NAME" redefined
  193 | #define RT_CONSOLE_DEVICE_NAME "uart0"
      | 
[01m[K./rtconfig.h:52:[m[K [01;36m[Knote: [m[Kthis is the location of the previous definition
   52 | #define RT_CONSOLE_DEVICE_NAME uart1
      | 
[01m[K./rtconfig.h:194:[m[K [01;35m[Kwarning: [m[K"FINSH_THREAD_NAME" redefined
  194 | #define FINSH_THREAD_NAME "tshell"
      | 
[01m[K./rtconfig.h:59:[m[K [01;36m[Knote: [m[Kthis is the location of the previous definition
   59 | #define FINSH_THREAD_NAME tshell
      | 
CC build/kernel/components/drivers/ofw/libfdt/fdt_empty_tree.o
In file included from [01m[K/home/yfblock/Code/hyper-rtos/tgoskits/tmp/rt-thread-5.2.2-full/include/rtthread.h:31[m[K,
                 from [01m[K/home/yfblock/Code/hyper-rtos/tgoskits/tmp/rt-thread-5.2.2-full/components/drivers/ofw/libfdt/libfdt_env.h:25[m[K,
                 from [01m[K/home/yfblock/Code/hyper-rtos/tgoskits/tmp/rt-thread-5.2.2-full/components/drivers/ofw/libfdt/fdt_empty_tree.c:6[m[K:
[01m[K./rtconfig.h:193:[m[K [01;35m[Kwarning: [m[K"RT_CONSOLE_DEVICE_NAME" redefined
  193 | #define RT_CONSOLE_DEVICE_NAME "uart0"
      | 
[01m[K./rtconfig.h:52:[m[K [01;36m[Knote: [m[Kthis is the location of the previous definition
   52 | #define RT_CONSOLE_DEVICE_NAME uart1
      | 
[01m[K./rtconfig.h:194:[m[K [01;35m[Kwarning: [m[K"FINSH_THREAD_NAME" redefined
  194 | #define FINSH_THREAD_NAME "tshell"
      | 
[01m[K./rtconfig.h:59:[m[K [01;36m[Knote: [m[Kthis is the location of the previous definition
   59 | #define FINSH_THREAD_NAME tshell
      | 
CC build/kernel/components/drivers/ofw/libfdt/fdt_overlay.o
In file included from [01m[K/home/yfblock/Code/hyper-rtos/tgoskits/tmp/rt-thread-5.2.2-full/include/rtthread.h:31[m[K,
                 from [01m[K/home/yfblock/Code/hyper-rtos/tgoskits/tmp/rt-thread-5.2.2-full/components/drivers/ofw/libfdt/libfdt_env.h:25[m[K,
                 from [01m[K/home/yfblock/Code/hyper-rtos/tgoskits/tmp/rt-thread-5.2.2-full/components/drivers/ofw/libfdt/fdt_overlay.c:7[m[K:
[01m[K./rtconfig.h:193:[m[K [01;35m[Kwarning: [m[K"RT_CONSOLE_DEVICE_NAME" redefined
  193 | #define RT_CONSOLE_DEVICE_NAME "uart0"
      | 
[01m[K./rtconfig.h:52:[m[K [01;36m[Knote: [m[Kthis is the location of the previous definition
   52 | #define RT_CONSOLE_DEVICE_NAME uart1
      | 
[01m[K./rtconfig.h:194:[m[K [01;35m[Kwarning: [m[K"FINSH_THREAD_NAME" redefined
  194 | #define FINSH_THREAD_NAME "tshell"
      | 
[01m[K./rtconfig.h:59:[m[K [01;36m[Knote: [m[Kthis is the location of the previous definition
   59 | #define FINSH_THREAD_NAME tshell
      | 
CC build/kernel/components/drivers/ofw/libfdt/fdt_ro.o
In file included from [01m[K/home/yfblock/Code/hyper-rtos/tgoskits/tmp/rt-thread-5.2.2-full/include/rtthread.h:31[m[K,
                 from [01m[K/home/yfblock/Code/hyper-rtos/tgoskits/tmp/rt-thread-5.2.2-full/components/drivers/ofw/libfdt/libfdt_env.h:25[m[K,
                 from [01m[K/home/yfblock/Code/hyper-rtos/tgoskits/tmp/rt-thread-5.2.2-full/components/drivers/ofw/libfdt/fdt_ro.c:6[m[K:
[01m[K./rtconfig.h:193:[m[K [01;35m[Kwarning: [m[K"RT_CONSOLE_DEVICE_NAME" redefined
  193 | #define RT_CONSOLE_DEVICE_NAME "uart0"
      | 
[01m[K./rtconfig.h:52:[m[K [01;36m[Knote: [m[Kthis is the location of the previous definition
   52 | #define RT_CONSOLE_DEVICE_NAME uart1
      | 
[01m[K./rtconfig.h:194:[m[K [01;35m[Kwarning: [m[K"FINSH_THREAD_NAME" redefined
  194 | #define FINSH_THREAD_NAME "tshell"
      | 
[01m[K./rtconfig.h:59:[m[K [01;36m[Knote: [m[Kthis is the location of the previous definition
   59 | #define FINSH_THREAD_NAME tshell
      | 
CC build/kernel/components/drivers/ofw/libfdt/fdt_rw.o
In file included from [01m[K/home/yfblock/Code/hyper-rtos/tgoskits/tmp/rt-thread-5.2.2-full/include/rtthread.h:31[m[K,
                 from [01m[K/home/yfblock/Code/hyper-rtos/tgoskits/tmp/rt-thread-5.2.2-full/components/drivers/ofw/libfdt/libfdt_env.h:25[m[K,
                 from [01m[K/home/yfblock/Code/hyper-rtos/tgoskits/tmp/rt-thread-5.2.2-full/components/drivers/ofw/libfdt/fdt_rw.c:6[m[K:
[01m[K./rtconfig.h:193:[m[K [01;35m[Kwarning: [m[K"RT_CONSOLE_DEVICE_NAME" redefined
  193 | #define RT_CONSOLE_DEVICE_NAME "uart0"
      | 
[01m[K./rtconfig.h:52:[m[K [01;36m[Knote: [m[Kthis is the location of the previous definition
   52 | #define RT_CONSOLE_DEVICE_NAME uart1
      | 
[01m[K./rtconfig.h:194:[m[K [01;35m[Kwarning: [m[K"FINSH_THREAD_NAME" redefined
  194 | #define FINSH_THREAD_NAME "tshell"
      | 
[01m[K./rtconfig.h:59:[m[K [01;36m[Knote: [m[Kthis is the location of the previous definition
   59 | #define FINSH_THREAD_NAME tshell
      | 
CC build/kernel/components/drivers/ofw/libfdt/fdt_strerror.o
In file included from [01m[K/home/yfblock/Code/hyper-rtos/tgoskits/tmp/rt-thread-5.2.2-full/include/rtthread.h:31[m[K,
                 from [01m[K/home/yfblock/Code/hyper-rtos/tgoskits/tmp/rt-thread-5.2.2-full/components/drivers/ofw/libfdt/libfdt_env.h:25[m[K,
                 from [01m[K/home/yfblock/Code/hyper-rtos/tgoskits/tmp/rt-thread-5.2.2-full/components/drivers/ofw/libfdt/fdt_strerror.c:7[m[K:
[01m[K./rtconfig.h:193:[m[K [01;35m[Kwarning: [m[K"RT_CONSOLE_DEVICE_NAME" redefined
  193 | #define RT_CONSOLE_DEVICE_NAME "uart0"
      | 
[01m[K./rtconfig.h:52:[m[K [01;36m[Knote: [m[Kthis is the location of the previous definition
   52 | #define RT_CONSOLE_DEVICE_NAME uart1
      | 
[01m[K./rtconfig.h:194:[m[K [01;35m[Kwarning: [m[K"FINSH_THREAD_NAME" redefined
  194 | #define FINSH_THREAD_NAME "tshell"
      | 
[01m[K./rtconfig.h:59:[m[K [01;36m[Knote: [m[Kthis is the location of the previous definition
   59 | #define FINSH_THREAD_NAME tshell
      | 
CC build/kernel/components/drivers/ofw/libfdt/fdt_sw.o
In file included from [01m[K/home/yfblock/Code/hyper-rtos/tgoskits/tmp/rt-thread-5.2.2-full/include/rtthread.h:31[m[K,
                 from [01m[K/home/yfblock/Code/hyper-rtos/tgoskits/tmp/rt-thread-5.2.2-full/components/drivers/ofw/libfdt/libfdt_env.h:25[m[K,
                 from [01m[K/home/yfblock/Code/hyper-rtos/tgoskits/tmp/rt-thread-5.2.2-full/components/drivers/ofw/libfdt/fdt_sw.c:6[m[K:
[01m[K./rtconfig.h:193:[m[K [01;35m[Kwarning: [m[K"RT_CONSOLE_DEVICE_NAME" redefined
  193 | #define RT_CONSOLE_DEVICE_NAME "uart0"
      | 
[01m[K./rtconfig.h:52:[m[K [01;36m[Knote: [m[Kthis is the location of the previous definition
   52 | #define RT_CONSOLE_DEVICE_NAME uart1
      | 
[01m[K./rtconfig.h:194:[m[K [01;35m[Kwarning: [m[K"FINSH_THREAD_NAME" redefined
  194 | #define FINSH_THREAD_NAME "tshell"
      | 
[01m[K./rtconfig.h:59:[m[K [01;36m[Knote: [m[Kthis is the location of the previous definition
   59 | #define FINSH_THREAD_NAME tshell
      | 
CC build/kernel/components/drivers/ofw/libfdt/fdt_wip.o
CC build/kernel/components/drivers/ofw/ofw.o
In file included from [01m[K/home/yfblock/Code/hyper-rtos/tgoskits/tmp/rt-thread-5.2.2-full/include/rtthread.h:31[m[K,
                 from [01m[K/home/yfblock/Code/hyper-rtos/tgoskits/tmp/rt-thread-5.2.2-full/components/drivers/ofw/libfdt/libfdt_env.h:25[m[K,
                 from [01m[K/home/yfblock/Code/hyper-rtos/tgoskits/tmp/rt-thread-5.2.2-full/components/drivers/ofw/libfdt/fdt_wip.c:6[m[K:
[01m[K./rtconfig.h:193:[m[K [01;35m[Kwarning: [m[K"RT_CONSOLE_DEVICE_NAME" redefined
  193 | #define RT_CONSOLE_DEVICE_NAME "uart0"
      | 
[01m[K./rtconfig.h:52:[m[K [01;36m[Knote: [m[Kthis is the location of the previous definition
   52 | #define RT_CONSOLE_DEVICE_NAME uart1
      | 
[01m[K./rtconfig.h:194:[m[K [01;35m[Kwarning: [m[K"FINSH_THREAD_NAME" redefined
  194 | #define FINSH_THREAD_NAME "tshell"
      | 
[01m[K./rtconfig.h:59:[m[K [01;36m[Knote: [m[Kthis is the location of the previous definition
   59 | #define FINSH_THREAD_NAME tshell
      | 
In file included from [01m[K/home/yfblock/Code/hyper-rtos/tgoskits/tmp/rt-thread-5.2.2-full/include/rtthread.h:31[m[K,
                 from [01m[K/home/yfblock/Code/hyper-rtos/tgoskits/tmp/rt-thread-5.2.2-full/components/drivers/ofw/ofw.c:11[m[K:
[01m[K./rtconfig.h:193:[m[K [01;35m[Kwarning: [m[K"RT_CONSOLE_DEVICE_NAME" redefined
  193 | #define RT_CONSOLE_DEVICE_NAME "uart0"
      | 
[01m[K./rtconfig.h:52:[m[K [01;36m[Knote: [m[Kthis is the location of the previous definition
   52 | #define RT_CONSOLE_DEVICE_NAME uart1
      | 
[01m[K./rtconfig.h:194:[m[K [01;35m[Kwarning: [m[K"FINSH_THREAD_NAME" redefined
  194 | #define FINSH_THREAD_NAME "tshell"
      | 
[01m[K./rtconfig.h:59:[m[K [01;36m[Knote: [m[Kthis is the location of the previous definition
   59 | #define FINSH_THREAD_NAME tshell
      | 
CC build/kernel/components/drivers/ofw/raw.o
CC build/kernel/components/drivers/pin/dev_pin.o
In file included from [01m[K/home/yfblock/Code/hyper-rtos/tgoskits/tmp/rt-thread-5.2.2-full/include/rtthread.h:31[m[K,
                 from [01m[K/home/yfblock/Code/hyper-rtos/tgoskits/tmp/rt-thread-5.2.2-full/components/drivers/ofw/libfdt/libfdt_env.h:25[m[K,
                 from [01m[K/home/yfblock/Code/hyper-rtos/tgoskits/tmp/rt-thread-5.2.2-full/components/drivers/ofw/libfdt/libfdt.h:9[m[K,
                 from [01m[K/home/yfblock/Code/hyper-rtos/tgoskits/tmp/rt-thread-5.2.2-full/components/drivers/include/drivers/ofw_raw.h:14[m[K,
                 from [01m[K/home/yfblock/Code/hyper-rtos/tgoskits/tmp/rt-thread-5.2.2-full/components/drivers/ofw/raw.c:11[m[K:
[01m[K./rtconfig.h:193:[m[K [01;35m[Kwarning: [m[K"RT_CONSOLE_DEVICE_NAME" redefined
  193 | #define RT_CONSOLE_DEVICE_NAME "uart0"
      | 
[01m[K./rtconfig.h:52:[m[K [01;36m[Knote: [m[Kthis is the location of the previous definition
   52 | #define RT_CONSOLE_DEVICE_NAME uart1
      | 
[01m[K./rtconfig.h:194:[m[K [01;35m[Kwarning: [m[K"FINSH_THREAD_NAME" redefined
  194 | #define FINSH_THREAD_NAME "tshell"
      | 
[01m[K./rtconfig.h:59:[m[K [01;36m[Knote: [m[Kthis is the location of the previous definition
   59 | #define FINSH_THREAD_NAME tshell
      | 
In file included from [01m[K/home/yfblock/Code/hyper-rtos/tgoskits/tmp/rt-thread-5.2.2-full/include/rtthread.h:31[m[K,
                 from [01m[K/home/yfblock/Code/hyper-rtos/tgoskits/tmp/rt-thread-5.2.2-full/components/drivers/include/drivers/dev_pin.h:15[m[K,
                 from [01m[K/home/yfblock/Code/hyper-rtos/tgoskits/tmp/rt-thread-5.2.2-full/components/drivers/pin/dev_pin.c:13[m[K:
[01m[K./rtconfig.h:193:[m[K [01;35m[Kwarning: [m[K"RT_CONSOLE_DEVICE_NAME" redefined
  193 | #define RT_CONSOLE_DEVICE_NAME "uart0"
      | 
[01m[K./rtconfig.h:52:[m[K [01;36m[Knote: [m[Kthis is the location of the previous definition
   52 | #define RT_CONSOLE_DEVICE_NAME uart1
      | 
[01m[K./rtconfig.h:194:[m[K [01;35m[Kwarning: [m[K"FINSH_THREAD_NAME" redefined
  194 | #define FINSH_THREAD_NAME "tshell"
      | 
[01m[K./rtconfig.h:59:[m[K [01;36m[Knote: [m[Kthis is the location of the previous definition
   59 | #define FINSH_THREAD_NAME tshell
      | 
[01m[K/home/yfblock/Code/hyper-rtos/tgoskits/tmp/rt-thread-5.2.2-full/components/drivers/pin/dev_pin.c:[m[K In function ‘[01m[Krt_pin_mode[m[K’:
[01m[K/home/yfblock/Code/hyper-rtos/tgoskits/tmp/rt-thread-5.2.2-full/components/drivers/pin/dev_pin.c:148:40:[m[K [01;35m[Kwarning: [m[K‘[01m[Kreturn[m[K’ with a value, in function returning void [[01;35m[K-Wreturn-type[m[K]
  148 |     if (_hw_pin.ops == RT_NULL) return [01;35m[K-[m[KRT_ERROR;
      |                                        [01;35m[K^[m[K
[01m[K/home/yfblock/Code/hyper-rtos/tgoskits/tmp/rt-thread-5.2.2-full/components/drivers/pin/dev_pin.c:146:6:[m[K [01;36m[Knote: [m[Kdeclared here
  146 | void [01;36m[Krt_pin_mode[m[K(rt_base_t pin, rt_uint8_t mode)
      |      [01;36m[K^~~~~~~~~~~[m[K
[01m[K/home/yfblock/Code/hyper-rtos/tgoskits/tmp/rt-thread-5.2.2-full/components/drivers/pin/dev_pin.c:[m[K In function ‘[01m[Krt_pin_write[m[K’:
[01m[K/home/yfblock/Code/hyper-rtos/tgoskits/tmp/rt-thread-5.2.2-full/components/drivers/pin/dev_pin.c:154:40:[m[K [01;35m[Kwarning: [m[K‘[01m[Kreturn[m[K’ with a value, in function returning void [[01;35m[K-Wreturn-type[m[K]
  154 |     if (_hw_pin.ops == RT_NULL) return [01;35m[K-[m[KRT_ERROR;
      |                                        [01;35m[K^[m[K
[01m[K/home/yfblock/Code/hyper-rtos/tgoskits/tmp/rt-thread-5.2.2-full/components/drivers/pin/dev_pin.c:152:6:[m[K [01;36m[Knote: [m[Kdeclared here
  152 | void [01;36m[Krt_pin_write[m[K(rt_base_t pin, rt_ssize_t value)
      |      [01;36m[K^~~~~~~~~~~~[m[K
CC build/kernel/components/drivers/pin/dev_pin_dm.o
In file included from [01m[K/home/yfblock/Code/hyper-rtos/tgoskits/tmp/rt-thread-5.2.2-full/include/rttypes.h:14[m[K,
                 from [01m[K/home/yfblock/Code/hyper-rtos/tgoskits/tmp/rt-thread-5.2.2-full/include/rtsched.h:14[m[K,
                 from [01m[K/home/yfblock/Code/hyper-rtos/tgoskits/tmp/rt-thread-5.2.2-full/include/rtdef.h:68[m[K,
                 from [01m[K/home/yfblock/Code/hyper-rtos/tgoskits/tmp/rt-thread-5.2.2-full/include/rthw.h:23[m[K,
                 from [01m[K/home/yfblock/Code/hyper-rtos/tgoskits/tmp/rt-thread-5.2.2-full/components/drivers/pin/dev_pin_dm.h:14[m[K,
                 from [01m[K/home/yfblock/Code/hyper-rtos/tgoskits/tmp/rt-thread-5.2.2-full/components/drivers/pin/dev_pin_dm.c:11[m[K:
[01m[K./rtconfig.h:193:[m[K [01;35m[Kwarning: [m[K"RT_CONSOLE_DEVICE_NAME" redefined
  193 | #define RT_CONSOLE_DEVICE_NAME "uart0"
      | 
[01m[K./rtconfig.h:52:[m[K [01;36m[Knote: [m[Kthis is the location of the previous definition
   52 | #define RT_CONSOLE_DEVICE_NAME uart1
      | 
[01m[K./rtconfig.h:194:[m[K [01;35m[Kwarning: [m[K"FINSH_THREAD_NAME" redefined
  194 | #define FINSH_THREAD_NAME "tshell"
      | 
[01m[K./rtconfig.h:59:[m[K [01;36m[Knote: [m[Kthis is the location of the previous definition
   59 | #define FINSH_THREAD_NAME tshell
      | 
CC build/kernel/components/drivers/pin/dev_pin_ofw.o
CC build/kernel/components/drivers/pm/lptimer.o
In file included from [01m[K/home/yfblock/Code/hyper-rtos/tgoskits/tmp/rt-thread-5.2.2-full/include/rttypes.h:14[m[K,
                 from [01m[K/home/yfblock/Code/hyper-rtos/tgoskits/tmp/rt-thread-5.2.2-full/include/rtsched.h:14[m[K,
                 from [01m[K/home/yfblock/Code/hyper-rtos/tgoskits/tmp/rt-thread-5.2.2-full/include/rtdef.h:68[m[K,
                 from [01m[K/home/yfblock/Code/hyper-rtos/tgoskits/tmp/rt-thread-5.2.2-full/include/rthw.h:23[m[K,
                 from [01m[K/home/yfblock/Code/hyper-rtos/tgoskits/tmp/rt-thread-5.2.2-full/components/drivers/pin/dev_pin_dm.h:14[m[K,
                 from [01m[K/home/yfblock/Code/hyper-rtos/tgoskits/tmp/rt-thread-5.2.2-full/components/drivers/pin/dev_pin_ofw.c:13[m[K:
[01m[K./rtconfig.h:193:[m[K [01;35m[Kwarning: [m[K"RT_CONSOLE_DEVICE_NAME" redefined
  193 | #define RT_CONSOLE_DEVICE_NAME "uart0"
      | 
[01m[K./rtconfig.h:52:[m[K [01;36m[Knote: [m[Kthis is the location of the previous definition
   52 | #define RT_CONSOLE_DEVICE_NAME uart1
      | 
[01m[K./rtconfig.h:194:[m[K [01;35m[Kwarning: [m[K"FINSH_THREAD_NAME" redefined
  194 | #define FINSH_THREAD_NAME "tshell"
      | 
[01m[K./rtconfig.h:59:[m[K [01;36m[Knote: [m[Kthis is the location of the previous definition
   59 | #define FINSH_THREAD_NAME tshell
      | 
In file included from [01m[K/home/yfblock/Code/hyper-rtos/tgoskits/tmp/rt-thread-5.2.2-full/include/rtthread.h:31[m[K,
                 from [01m[K/home/yfblock/Code/hyper-rtos/tgoskits/tmp/rt-thread-5.2.2-full/components/drivers/pm/lptimer.c:11[m[K:
[01m[K./rtconfig.h:193:[m[K [01;35m[Kwarning: [m[K"RT_CONSOLE_DEVICE_NAME" redefined
  193 | #define RT_CONSOLE_DEVICE_NAME "uart0"
      | 
[01m[K./rtconfig.h:52:[m[K [01;36m[Knote: [m[Kthis is the location of the previous definition
   52 | #define RT_CONSOLE_DEVICE_NAME uart1
      | 
[01m[K./rtconfig.h:194:[m[K [01;35m[Kwarning: [m[K"FINSH_THREAD_NAME" redefined
  194 | #define FINSH_THREAD_NAME "tshell"
      | 
[01m[K./rtconfig.h:59:[m[K [01;36m[Knote: [m[Kthis is the location of the previous definition
   59 | #define FINSH_THREAD_NAME tshell
      | 
CC build/kernel/components/drivers/pm/pm.o
In file included from [01m[K/home/yfblock/Code/hyper-rtos/tgoskits/tmp/rt-thread-5.2.2-full/include/rttypes.h:14[m[K,
                 from [01m[K/home/yfblock/Code/hyper-rtos/tgoskits/tmp/rt-thread-5.2.2-full/include/rtsched.h:14[m[K,
                 from [01m[K/home/yfblock/Code/hyper-rtos/tgoskits/tmp/rt-thread-5.2.2-full/include/rtdef.h:68[m[K,
                 from [01m[K/home/yfblock/Code/hyper-rtos/tgoskits/tmp/rt-thread-5.2.2-full/include/rthw.h:23[m[K,
                 from [01m[K/home/yfblock/Code/hyper-rtos/tgoskits/tmp/rt-thread-5.2.2-full/components/drivers/pm/pm.c:16[m[K:
[01m[K./rtconfig.h:193:[m[K [01;35m[Kwarning: [m[K"RT_CONSOLE_DEVICE_NAME" redefined
  193 | #define RT_CONSOLE_DEVICE_NAME "uart0"
      | 
[01m[K./rtconfig.h:52:[m[K [01;36m[Knote: [m[Kthis is the location of the previous definition
   52 | #define RT_CONSOLE_DEVICE_NAME uart1
      | 
[01m[K./rtconfig.h:194:[m[K [01;35m[Kwarning: [m[K"FINSH_THREAD_NAME" redefined
  194 | #define FINSH_THREAD_NAME "tshell"
      | 
[01m[K./rtconfig.h:59:[m[K [01;36m[Knote: [m[Kthis is the location of the previous definition
   59 | #define FINSH_THREAD_NAME tshell
      | 
CC build/kernel/components/drivers/rtc/dev_rtc.o
CC build/kernel/components/drivers/rtc/dev_soft_rtc.o
In file included from [01m[K/home/yfblock/Code/hyper-rtos/tgoskits/tmp/rt-thread-5.2.2-full/include/rtthread.h:31[m[K,
                 from [01m[K/home/yfblock/Code/hyper-rtos/tgoskits/tmp/rt-thread-5.2.2-full/components/drivers/rtc/dev_rtc.c:19[m[K:
[01m[K./rtconfig.h:193:[m[K [01;35m[Kwarning: [m[K"RT_CONSOLE_DEVICE_NAME" redefined
  193 | #define RT_CONSOLE_DEVICE_NAME "uart0"
      | 
[01m[K./rtconfig.h:52:[m[K [01;36m[Knote: [m[Kthis is the location of the previous definition
   52 | #define RT_CONSOLE_DEVICE_NAME uart1
      | 
[01m[K./rtconfig.h:194:[m[K [01;35m[Kwarning: [m[K"FINSH_THREAD_NAME" redefined
  194 | #define FINSH_THREAD_NAME "tshell"
      | 
[01m[K./rtconfig.h:59:[m[K [01;36m[Knote: [m[Kthis is the location of the previous definition
   59 | #define FINSH_THREAD_NAME tshell
      | 
CC build/kernel/components/drivers/serial/dev_serial.o
In file included from [01m[K/home/yfblock/Code/hyper-rtos/tgoskits/tmp/rt-thread-5.2.2-full/components/libc/compilers/common/include/sys/time.h:15[m[K,
                 from [01m[K/home/yfblock/Code/hyper-rtos/tgoskits/tmp/rt-thread-5.2.2-full/components/drivers/rtc/dev_soft_rtc.c:11[m[K:
[01m[K./rtconfig.h:193:[m[K [01;35m[Kwarning: [m[K"RT_CONSOLE_DEVICE_NAME" redefined
  193 | #define RT_CONSOLE_DEVICE_NAME "uart0"
      | 
[01m[K./rtconfig.h:52:[m[K [01;36m[Knote: [m[Kthis is the location of the previous definition
   52 | #define RT_CONSOLE_DEVICE_NAME uart1
      | 
[01m[K./rtconfig.h:194:[m[K [01;35m[Kwarning: [m[K"FINSH_THREAD_NAME" redefined
  194 | #define FINSH_THREAD_NAME "tshell"
      | 
[01m[K./rtconfig.h:59:[m[K [01;36m[Knote: [m[Kthis is the location of the previous definition
   59 | #define FINSH_THREAD_NAME tshell
      | 
In file included from [01m[K/home/yfblock/Code/hyper-rtos/tgoskits/tmp/rt-thread-5.2.2-full/include/rttypes.h:14[m[K,
                 from [01m[K/home/yfblock/Code/hyper-rtos/tgoskits/tmp/rt-thread-5.2.2-full/include/rtsched.h:14[m[K,
                 from [01m[K/home/yfblock/Code/hyper-rtos/tgoskits/tmp/rt-thread-5.2.2-full/include/rtdef.h:68[m[K,
                 from [01m[K/home/yfblock/Code/hyper-rtos/tgoskits/tmp/rt-thread-5.2.2-full/include/rthw.h:23[m[K,
                 from [01m[K/home/yfblock/Code/hyper-rtos/tgoskits/tmp/rt-thread-5.2.2-full/components/drivers/serial/dev_serial.c:33[m[K:
[01m[K./rtconfig.h:193:[m[K [01;35m[Kwarning: [m[K"RT_CONSOLE_DEVICE_NAME" redefined
  193 | #define RT_CONSOLE_DEVICE_NAME "uart0"
      | 
[01m[K./rtconfig.h:52:[m[K [01;36m[Knote: [m[Kthis is the location of the previous definition
   52 | #define RT_CONSOLE_DEVICE_NAME uart1
      | 
[01m[K./rtconfig.h:194:[m[K [01;35m[Kwarning: [m[K"FINSH_THREAD_NAME" redefined
  194 | #define FINSH_THREAD_NAME "tshell"
      | 
[01m[K./rtconfig.h:59:[m[K [01;36m[Knote: [m[Kthis is the location of the previous definition
   59 | #define FINSH_THREAD_NAME tshell
      | 
CC build/kernel/components/drivers/serial/serial_dm.o
In file included from [01m[K/home/yfblock/Code/hyper-rtos/tgoskits/tmp/rt-thread-5.2.2-full/include/rttypes.h:14[m[K,
                 from [01m[K/home/yfblock/Code/hyper-rtos/tgoskits/tmp/rt-thread-5.2.2-full/include/rtsched.h:14[m[K,
                 from [01m[K/home/yfblock/Code/hyper-rtos/tgoskits/tmp/rt-thread-5.2.2-full/include/rtdef.h:68[m[K,
                 from [01m[K/home/yfblock/Code/hyper-rtos/tgoskits/tmp/rt-thread-5.2.2-full/include/rthw.h:23[m[K,
                 from [01m[K/home/yfblock/Code/hyper-rtos/tgoskits/tmp/rt-thread-5.2.2-full/include/rtatomic.h:14[m[K,
                 from [01m[K/home/yfblock/Code/hyper-rtos/tgoskits/tmp/rt-thread-5.2.2-full/components/drivers/serial/serial_dm.c:11[m[K:
[01m[K./rtconfig.h:193:[m[K [01;35m[Kwarning: [m[K"RT_CONSOLE_DEVICE_NAME" redefined
  193 | #define RT_CONSOLE_DEVICE_NAME "uart0"
      | 
[01m[K./rtconfig.h:52:[m[K [01;36m[Knote: [m[Kthis is the location of the previous definition
   52 | #define RT_CONSOLE_DEVICE_NAME uart1
      | 
[01m[K./rtconfig.h:194:[m[K [01;35m[Kwarning: [m[K"FINSH_THREAD_NAME" redefined
  194 | #define FINSH_THREAD_NAME "tshell"
      | 
[01m[K./rtconfig.h:59:[m[K [01;36m[Knote: [m[Kthis is the location of the previous definition
   59 | #define FINSH_THREAD_NAME tshell
      | 
CC build/kernel/components/drivers/virtio/virtio.o
In file included from [01m[K/home/yfblock/Code/hyper-rtos/tgoskits/tmp/rt-thread-5.2.2-full/include/rtthread.h:31[m[K,
                 from [01m[K/home/yfblock/Code/hyper-rtos/tgoskits/tmp/rt-thread-5.2.2-full/components/drivers/virtio/virtio.c:12[m[K:
[01m[K./rtconfig.h:193:[m[K [01;35m[Kwarning: [m[K"RT_CONSOLE_DEVICE_NAME" redefined
  193 | #define RT_CONSOLE_DEVICE_NAME "uart0"
      | 
[01m[K./rtconfig.h:52:[m[K [01;36m[Knote: [m[Kthis is the location of the previous definition
   52 | #define RT_CONSOLE_DEVICE_NAME uart1
      | 
[01m[K./rtconfig.h:194:[m[K [01;35m[Kwarning: [m[K"FINSH_THREAD_NAME" redefined
  194 | #define FINSH_THREAD_NAME "tshell"
      | 
[01m[K./rtconfig.h:59:[m[K [01;36m[Knote: [m[Kthis is the location of the previous definition
   59 | #define FINSH_THREAD_NAME tshell
      | 
In file included from [01m[K/home/yfblock/Code/hyper-rtos/tgoskits/tmp/rt-thread-5.2.2-full/components/drivers/virtio/virtio.c:15[m[K:
[01m[K/home/yfblock/Code/hyper-rtos/tgoskits/tmp/rt-thread-5.2.2-full/components/drivers/virtio/virtio.h:[m[K In function ‘[01m[K_virtio_va2pa_safe[m[K’:
[01m[K/home/yfblock/Code/hyper-rtos/tgoskits/tmp/rt-thread-5.2.2-full/components/drivers/virtio/virtio.h:63:33:[m[K [01;35m[Kwarning: [m[Kimplicit declaration of function ‘[01m[Krt_kmem_v2p[m[K’; did you mean ‘[01m[Krt_memcmp[m[K’? [[01;35m[K-Wimplicit-function-declaration[m[K]
   63 |     rt_ubase_t pa = (rt_ubase_t)[01;35m[Krt_kmem_v2p[m[K(vaddr);
      |                                 [01;35m[K^~~~~~~~~~~[m[K
      |                                 [32m[Krt_memcmp[m[K
CC build/kernel/components/drivers/virtio/virtio_blk.o
CC build/kernel/components/drivers/virtio/virtio_console.o
In file included from [01m[K/home/yfblock/Code/hyper-rtos/tgoskits/tmp/rt-thread-5.2.2-full/include/rttypes.h:14[m[K,
                 from [01m[K/home/yfblock/Code/hyper-rtos/tgoskits/tmp/rt-thread-5.2.2-full/include/rtsched.h:14[m[K,
                 from [01m[K/home/yfblock/Code/hyper-rtos/tgoskits/tmp/rt-thread-5.2.2-full/include/rtdef.h:68[m[K,
                 from [01m[K/home/yfblock/Code/hyper-rtos/tgoskits/tmp/rt-thread-5.2.2-full/include/rthw.h:23[m[K,
                 from [01m[K/home/yfblock/Code/hyper-rtos/tgoskits/tmp/rt-thread-5.2.2-full/components/drivers/virtio/virtio_blk.c:12[m[K:
[01m[K./rtconfig.h:193:[m[K [01;35m[Kwarning: [m[K"RT_CONSOLE_DEVICE_NAME" redefined
  193 | #define RT_CONSOLE_DEVICE_NAME "uart0"
      | 
[01m[K./rtconfig.h:52:[m[K [01;36m[Knote: [m[Kthis is the location of the previous definition
   52 | #define RT_CONSOLE_DEVICE_NAME uart1
      | 
[01m[K./rtconfig.h:194:[m[K [01;35m[Kwarning: [m[K"FINSH_THREAD_NAME" redefined
  194 | #define FINSH_THREAD_NAME "tshell"
      | 
[01m[K./rtconfig.h:59:[m[K [01;36m[Knote: [m[Kthis is the location of the previous definition
   59 | #define FINSH_THREAD_NAME tshell
      | 
In file included from [01m[K/home/yfblock/Code/hyper-rtos/tgoskits/tmp/rt-thread-5.2.2-full/include/rttypes.h:14[m[K,
                 from [01m[K/home/yfblock/Code/hyper-rtos/tgoskits/tmp/rt-thread-5.2.2-full/include/rtsched.h:14[m[K,
                 from [01m[K/home/yfblock/Code/hyper-rtos/tgoskits/tmp/rt-thread-5.2.2-full/include/rtdef.h:68[m[K,
                 from [01m[K/home/yfblock/Code/hyper-rtos/tgoskits/tmp/rt-thread-5.2.2-full/include/rthw.h:23[m[K,
                 from [01m[K/home/yfblock/Code/hyper-rtos/tgoskits/tmp/rt-thread-5.2.2-full/components/drivers/virtio/virtio_console.c:11[m[K:
[01m[K./rtconfig.h:193:[m[K [01;35m[Kwarning: [m[K"RT_CONSOLE_DEVICE_NAME" redefined
  193 | #define RT_CONSOLE_DEVICE_NAME "uart0"
      | 
[01m[K./rtconfig.h:52:[m[K [01;36m[Knote: [m[Kthis is the location of the previous definition
   52 | #define RT_CONSOLE_DEVICE_NAME uart1
      | 
[01m[K./rtconfig.h:194:[m[K [01;35m[Kwarning: [m[K"FINSH_THREAD_NAME" redefined
  194 | #define FINSH_THREAD_NAME "tshell"
      | 
[01m[K./rtconfig.h:59:[m[K [01;36m[Knote: [m[Kthis is the location of the previous definition
   59 | #define FINSH_THREAD_NAME tshell
      | 
In file included from [01m[K/home/yfblock/Code/hyper-rtos/tgoskits/tmp/rt-thread-5.2.2-full/components/drivers/virtio/virtio_console.h:16[m[K,
                 from [01m[K/home/yfblock/Code/hyper-rtos/tgoskits/tmp/rt-thread-5.2.2-full/components/drivers/virtio/virtio_console.c:17[m[K:
[01m[K/home/yfblock/Code/hyper-rtos/tgoskits/tmp/rt-thread-5.2.2-full/components/drivers/virtio/virtio.h:[m[K In function ‘[01m[K_virtio_va2pa_safe[m[K’:
[01m[K/home/yfblock/Code/hyper-rtos/tgoskits/tmp/rt-thread-5.2.2-full/components/drivers/virtio/virtio.h:63:33:[m[K [01;35m[Kwarning: [m[Kimplicit declaration of function ‘[01m[Krt_kmem_v2p[m[K’; did you mean ‘[01m[Krt_memcmp[m[K’? [[01;35m[K-Wimplicit-function-declaration[m[K]
   63 |     rt_ubase_t pa = (rt_ubase_t)[01;35m[Krt_kmem_v2p[m[K(vaddr);
      |                                 [01;35m[K^~~~~~~~~~~[m[K
      |                                 [32m[Krt_memcmp[m[K
In file included from [01m[K/home/yfblock/Code/hyper-rtos/tgoskits/tmp/rt-thread-5.2.2-full/components/drivers/virtio/virtio_blk.h:17[m[K,
                 from [01m[K/home/yfblock/Code/hyper-rtos/tgoskits/tmp/rt-thread-5.2.2-full/components/drivers/virtio/virtio_blk.c:19[m[K:
[01m[K/home/yfblock/Code/hyper-rtos/tgoskits/tmp/rt-thread-5.2.2-full/components/drivers/virtio/virtio.h:[m[K In function ‘[01m[K_virtio_va2pa_safe[m[K’:
[01m[K/home/yfblock/Code/hyper-rtos/tgoskits/tmp/rt-thread-5.2.2-full/components/drivers/virtio/virtio.h:63:33:[m[K [01;35m[Kwarning: [m[Kimplicit declaration of function ‘[01m[Krt_kmem_v2p[m[K’; did you mean ‘[01m[Krt_memcmp[m[K’? [[01;35m[K-Wimplicit-function-declaration[m[K]
   63 |     rt_ubase_t pa = (rt_ubase_t)[01;35m[Krt_kmem_v2p[m[K(vaddr);
      |                                 [01;35m[K^~~~~~~~~~~[m[K
      |                                 [32m[Krt_memcmp[m[K
CC build/kernel/components/drivers/virtio/virtio_gpu.o
CC build/kernel/components/drivers/virtio/virtio_input.o
In file included from [01m[K/home/yfblock/Code/hyper-rtos/tgoskits/tmp/rt-thread-5.2.2-full/include/rttypes.h:14[m[K,
                 from [01m[K/home/yfblock/Code/hyper-rtos/tgoskits/tmp/rt-thread-5.2.2-full/include/rtsched.h:14[m[K,
                 from [01m[K/home/yfblock/Code/hyper-rtos/tgoskits/tmp/rt-thread-5.2.2-full/include/rtdef.h:68[m[K,
                 from [01m[K/home/yfblock/Code/hyper-rtos/tgoskits/tmp/rt-thread-5.2.2-full/include/rthw.h:23[m[K,
                 from [01m[K/home/yfblock/Code/hyper-rtos/tgoskits/tmp/rt-thread-5.2.2-full/components/drivers/virtio/virtio_gpu.c:11[m[K:
[01m[K./rtconfig.h:193:[m[K [01;35m[Kwarning: [m[K"RT_CONSOLE_DEVICE_NAME" redefined
  193 | #define RT_CONSOLE_DEVICE_NAME "uart0"
      | 
[01m[K./rtconfig.h:52:[m[K [01;36m[Knote: [m[Kthis is the location of the previous definition
   52 | #define RT_CONSOLE_DEVICE_NAME uart1
      | 
[01m[K./rtconfig.h:194:[m[K [01;35m[Kwarning: [m[K"FINSH_THREAD_NAME" redefined
  194 | #define FINSH_THREAD_NAME "tshell"
      | 
[01m[K./rtconfig.h:59:[m[K [01;36m[Knote: [m[Kthis is the location of the previous definition
   59 | #define FINSH_THREAD_NAME tshell
      | 
In file included from [01m[K/home/yfblock/Code/hyper-rtos/tgoskits/tmp/rt-thread-5.2.2-full/include/rttypes.h:14[m[K,
                 from [01m[K/home/yfblock/Code/hyper-rtos/tgoskits/tmp/rt-thread-5.2.2-full/include/rtsched.h:14[m[K,
                 from [01m[K/home/yfblock/Code/hyper-rtos/tgoskits/tmp/rt-thread-5.2.2-full/include/rtdef.h:68[m[K,
                 from [01m[K/home/yfblock/Code/hyper-rtos/tgoskits/tmp/rt-thread-5.2.2-full/include/rthw.h:23[m[K,
                 from [01m[K/home/yfblock/Code/hyper-rtos/tgoskits/tmp/rt-thread-5.2.2-full/components/drivers/virtio/virtio_input.c:11[m[K:
[01m[K./rtconfig.h:193:[m[K [01;35m[Kwarning: [m[K"RT_CONSOLE_DEVICE_NAME" redefined
  193 | #define RT_CONSOLE_DEVICE_NAME "uart0"
      | 
[01m[K./rtconfig.h:52:[m[K [01;36m[Knote: [m[Kthis is the location of the previous definition
   52 | #define RT_CONSOLE_DEVICE_NAME uart1
      | 
[01m[K./rtconfig.h:194:[m[K [01;35m[Kwarning: [m[K"FINSH_THREAD_NAME" redefined
  194 | #define FINSH_THREAD_NAME "tshell"
      | 
[01m[K./rtconfig.h:59:[m[K [01;36m[Knote: [m[Kthis is the location of the previous definition
   59 | #define FINSH_THREAD_NAME tshell
      | 
In file included from [01m[K/home/yfblock/Code/hyper-rtos/tgoskits/tmp/rt-thread-5.2.2-full/components/drivers/virtio/virtio_input.h:16[m[K,
                 from [01m[K/home/yfblock/Code/hyper-rtos/tgoskits/tmp/rt-thread-5.2.2-full/components/drivers/virtio/virtio_input.c:17[m[K:
[01m[K/home/yfblock/Code/hyper-rtos/tgoskits/tmp/rt-thread-5.2.2-full/components/drivers/virtio/virtio.h:[m[K In function ‘[01m[K_virtio_va2pa_safe[m[K’:
[01m[K/home/yfblock/Code/hyper-rtos/tgoskits/tmp/rt-thread-5.2.2-full/components/drivers/virtio/virtio.h:63:33:[m[K [01;35m[Kwarning: [m[Kimplicit declaration of function ‘[01m[Krt_kmem_v2p[m[K’; did you mean ‘[01m[Krt_memcmp[m[K’? [[01;35m[K-Wimplicit-function-declaration[m[K]
   63 |     rt_ubase_t pa = (rt_ubase_t)[01;35m[Krt_kmem_v2p[m[K(vaddr);
      |                                 [01;35m[K^~~~~~~~~~~[m[K
      |                                 [32m[Krt_memcmp[m[K
CC build/kernel/components/drivers/virtio/virtio_net.o
In file included from [01m[K/home/yfblock/Code/hyper-rtos/tgoskits/tmp/rt-thread-5.2.2-full/components/drivers/virtio/virtio_gpu.h:16[m[K,
                 from [01m[K/home/yfblock/Code/hyper-rtos/tgoskits/tmp/rt-thread-5.2.2-full/components/drivers/virtio/virtio_gpu.c:18[m[K:
[01m[K/home/yfblock/Code/hyper-rtos/tgoskits/tmp/rt-thread-5.2.2-full/components/drivers/virtio/virtio.h:[m[K In function ‘[01m[K_virtio_va2pa_safe[m[K’:
[01m[K/home/yfblock/Code/hyper-rtos/tgoskits/tmp/rt-thread-5.2.2-full/components/drivers/virtio/virtio.h:63:33:[m[K [01;35m[Kwarning: [m[Kimplicit declaration of function ‘[01m[Krt_kmem_v2p[m[K’; did you mean ‘[01m[Krt_memcmp[m[K’? [[01;35m[K-Wimplicit-function-declaration[m[K]
   63 |     rt_ubase_t pa = (rt_ubase_t)[01;35m[Krt_kmem_v2p[m[K(vaddr);
      |                                 [01;35m[K^~~~~~~~~~~[m[K
      |                                 [32m[Krt_memcmp[m[K
In file included from [01m[K/home/yfblock/Code/hyper-rtos/tgoskits/tmp/rt-thread-5.2.2-full/include/rttypes.h:14[m[K,
                 from [01m[K/home/yfblock/Code/hyper-rtos/tgoskits/tmp/rt-thread-5.2.2-full/include/rtsched.h:14[m[K,
                 from [01m[K/home/yfblock/Code/hyper-rtos/tgoskits/tmp/rt-thread-5.2.2-full/include/rtdef.h:68[m[K,
                 from [01m[K/home/yfblock/Code/hyper-rtos/tgoskits/tmp/rt-thread-5.2.2-full/include/rthw.h:23[m[K,
                 from [01m[K/home/yfblock/Code/hyper-rtos/tgoskits/tmp/rt-thread-5.2.2-full/components/drivers/virtio/virtio_net.c:11[m[K:
[01m[K./rtconfig.h:193:[m[K [01;35m[Kwarning: [m[K"RT_CONSOLE_DEVICE_NAME" redefined
  193 | #define RT_CONSOLE_DEVICE_NAME "uart0"
      | 
[01m[K./rtconfig.h:52:[m[K [01;36m[Knote: [m[Kthis is the location of the previous definition
   52 | #define RT_CONSOLE_DEVICE_NAME uart1
      | 
[01m[K./rtconfig.h:194:[m[K [01;35m[Kwarning: [m[K"FINSH_THREAD_NAME" redefined
  194 | #define FINSH_THREAD_NAME "tshell"
      | 
[01m[K./rtconfig.h:59:[m[K [01;36m[Knote: [m[Kthis is the location of the previous definition
   59 | #define FINSH_THREAD_NAME tshell
      | 
In file included from [01m[K/home/yfblock/Code/hyper-rtos/tgoskits/tmp/rt-thread-5.2.2-full/components/net/lwip/lwip-2.1.2/src/include/lwip/opt.h:51[m[K,
                 from [01m[K/home/yfblock/Code/hyper-rtos/tgoskits/tmp/rt-thread-5.2.2-full/components/net/lwip/lwip-2.1.2/src/include/lwip/netif.h:40[m[K,
                 from [01m[K/home/yfblock/Code/hyper-rtos/tgoskits/tmp/rt-thread-5.2.2-full/components/net/lwip/port/netif/ethernetif.h:18[m[K,
                 from [01m[K/home/yfblock/Code/hyper-rtos/tgoskits/tmp/rt-thread-5.2.2-full/components/drivers/virtio/virtio_net.h:17[m[K,
                 from [01m[K/home/yfblock/Code/hyper-rtos/tgoskits/tmp/rt-thread-5.2.2-full/components/drivers/virtio/virtio_net.c:18[m[K:
[01m[K/home/yfblock/Code/hyper-rtos/tgoskits/tmp/rt-thread-5.2.2-full/components/net/lwip/port/lwipopts.h:410:[m[K [01;35m[Kwarning: [m[K"TCPIP_THREAD_PRIO" redefined
  410 | #define TCPIP_THREAD_PRIO           RT_LWIP_TCPTHREAD_PRIORITY
      | 
In file included from [01m[K/home/yfblock/Code/hyper-rtos/tgoskits/tmp/rt-thread-5.2.2-full/components/libc/compilers/common/include/sys/time.h:15[m[K,
                 from [01m[K/home/yfblock/Code/hyper-rtos/tgoskits/tmp/rt-thread-5.2.2-full/components/net/lwip/port/lwipopts.h:22[m[K,
                 from [01m[K/home/yfblock/Code/hyper-rtos/tgoskits/tmp/rt-thread-5.2.2-full/components/net/lwip/lwip-2.1.2/src/include/lwip/opt.h:51[m[K,
                 from [01m[K/home/yfblock/Code/hyper-rtos/tgoskits/tmp/rt-thread-5.2.2-full/components/net/lwip/lwip-2.1.2/src/include/lwip/netif.h:40[m[K,
                 from [01m[K/home/yfblock/Code/hyper-rtos/tgoskits/tmp/rt-thread-5.2.2-full/components/net/lwip/port/netif/ethernetif.h:18[m[K,
                 from [01m[K/home/yfblock/Code/hyper-rtos/tgoskits/tmp/rt-thread-5.2.2-full/components/drivers/virtio/virtio_net.h:17[m[K,
                 from [01m[K/home/yfblock/Code/hyper-rtos/tgoskits/tmp/rt-thread-5.2.2-full/components/drivers/virtio/virtio_net.c:18[m[K:
[01m[K./rtconfig.h:202:[m[K [01;36m[Knote: [m[Kthis is the location of the previous definition
  202 | #define TCPIP_THREAD_PRIO 10
      | 
In file included from [01m[K/home/yfblock/Code/hyper-rtos/tgoskits/tmp/rt-thread-5.2.2-full/components/net/lwip/lwip-2.1.2/src/include/lwip/opt.h:51[m[K,
                 from [01m[K/home/yfblock/Code/hyper-rtos/tgoskits/tmp/rt-thread-5.2.2-full/components/net/lwip/lwip-2.1.2/src/include/lwip/netif.h:40[m[K,
                 from [01m[K/home/yfblock/Code/hyper-rtos/tgoskits/tmp/rt-thread-5.2.2-full/components/net/lwip/port/netif/ethernetif.h:18[m[K,
                 from [01m[K/home/yfblock/Code/hyper-rtos/tgoskits/tmp/rt-thread-5.2.2-full/components/drivers/virtio/virtio_net.h:17[m[K,
                 from [01m[K/home/yfblock/Code/hyper-rtos/tgoskits/tmp/rt-thread-5.2.2-full/components/drivers/virtio/virtio_net.c:18[m[K:
[01m[K/home/yfblock/Code/hyper-rtos/tgoskits/tmp/rt-thread-5.2.2-full/components/net/lwip/port/lwipopts.h:411:[m[K [01;35m[Kwarning: [m[K"TCPIP_THREAD_STACKSIZE" redefined
  411 | #define TCPIP_THREAD_STACKSIZE      RT_LWIP_TCPTHREAD_STACKSIZE
      | 
In file included from [01m[K/home/yfblock/Code/hyper-rtos/tgoskits/tmp/rt-thread-5.2.2-full/components/libc/compilers/common/include/sys/time.h:15[m[K,
                 from [01m[K/home/yfblock/Code/hyper-rtos/tgoskits/tmp/rt-thread-5.2.2-full/components/net/lwip/port/lwipopts.h:22[m[K,
                 from [01m[K/home/yfblock/Code/hyper-rtos/tgoskits/tmp/rt-thread-5.2.2-full/components/net/lwip/lwip-2.1.2/src/include/lwip/opt.h:51[m[K,
                 from [01m[K/home/yfblock/Code/hyper-rtos/tgoskits/tmp/rt-thread-5.2.2-full/components/net/lwip/lwip-2.1.2/src/include/lwip/netif.h:40[m[K,
                 from [01m[K/home/yfblock/Code/hyper-rtos/tgoskits/tmp/rt-thread-5.2.2-full/components/net/lwip/port/netif/ethernetif.h:18[m[K,
                 from [01m[K/home/yfblock/Code/hyper-rtos/tgoskits/tmp/rt-thread-5.2.2-full/components/drivers/virtio/virtio_net.h:17[m[K,
                 from [01m[K/home/yfblock/Code/hyper-rtos/tgoskits/tmp/rt-thread-5.2.2-full/components/drivers/virtio/virtio_net.c:18[m[K:
[01m[K./rtconfig.h:201:[m[K [01;36m[Knote: [m[Kthis is the location of the previous definition
  201 | #define TCPIP_THREAD_STACKSIZE 8192
      | 
[01m[K/home/yfblock/Code/hyper-rtos/tgoskits/tmp/rt-thread-5.2.2-full/components/drivers/virtio/virtio_net.c:[m[K In function ‘[01m[Krt_virtio_net_init[m[K’:
[01m[K/home/yfblock/Code/hyper-rtos/tgoskits/tmp/rt-thread-5.2.2-full/components/drivers/virtio/virtio_net.c:238:28:[m[K [01;35m[Kwarning: [m[Kassignment discards ‘[01m[Kvolatile[m[K’ qualifier from pointer target type [[01;35m[K-Wdiscarded-qualifiers[m[K]
  238 |     virtio_net_dev->config [01;35m[K=[m[K (volatile struct virtio_net_config *)virtio_dev->mmio_config->config;
      |                            [01;35m[K^[m[K
CC build/kernel/components/finsh/cmd.o
CC build/kernel/components/finsh/msh.o
In file included from [01m[K/home/yfblock/Code/hyper-rtos/tgoskits/tmp/rt-thread-5.2.2-full/include/rttypes.h:14[m[K,
                 from [01m[K/home/yfblock/Code/hyper-rtos/tgoskits/tmp/rt-thread-5.2.2-full/include/rtsched.h:14[m[K,
                 from [01m[K/home/yfblock/Code/hyper-rtos/tgoskits/tmp/rt-thread-5.2.2-full/include/rtdef.h:68[m[K,
                 from [01m[K/home/yfblock/Code/hyper-rtos/tgoskits/tmp/rt-thread-5.2.2-full/include/rthw.h:23[m[K,
                 from [01m[K/home/yfblock/Code/hyper-rtos/tgoskits/tmp/rt-thread-5.2.2-full/components/finsh/cmd.c:37[m[K:
[01m[K./rtconfig.h:193:[m[K [01;35m[Kwarning: [m[K"RT_CONSOLE_DEVICE_NAME" redefined
  193 | #define RT_CONSOLE_DEVICE_NAME "uart0"
      | 
[01m[K./rtconfig.h:52:[m[K [01;36m[Knote: [m[Kthis is the location of the previous definition
   52 | #define RT_CONSOLE_DEVICE_NAME uart1
      | 
[01m[K./rtconfig.h:194:[m[K [01;35m[Kwarning: [m[K"FINSH_THREAD_NAME" redefined
  194 | #define FINSH_THREAD_NAME "tshell"
      | 
[01m[K./rtconfig.h:59:[m[K [01;36m[Knote: [m[Kthis is the location of the previous definition
   59 | #define FINSH_THREAD_NAME tshell
      | 
In file included from [01m[K/home/yfblock/Code/hyper-rtos/tgoskits/tmp/rt-thread-5.2.2-full/include/rtthread.h:31[m[K,
                 from [01m[K/home/yfblock/Code/hyper-rtos/tgoskits/tmp/rt-thread-5.2.2-full/components/finsh/msh.c:12[m[K:
[01m[K./rtconfig.h:193:[m[K [01;35m[Kwarning: [m[K"RT_CONSOLE_DEVICE_NAME" redefined
  193 | #define RT_CONSOLE_DEVICE_NAME "uart0"
      | 
[01m[K./rtconfig.h:52:[m[K [01;36m[Knote: [m[Kthis is the location of the previous definition
   52 | #define RT_CONSOLE_DEVICE_NAME uart1
      | 
[01m[K./rtconfig.h:194:[m[K [01;35m[Kwarning: [m[K"FINSH_THREAD_NAME" redefined
  194 | #define FINSH_THREAD_NAME "tshell"
      | 
[01m[K./rtconfig.h:59:[m[K [01;36m[Knote: [m[Kthis is the location of the previous definition
   59 | #define FINSH_THREAD_NAME tshell
      | 
CC build/kernel/components/finsh/msh_file.o
In file included from [01m[K/home/yfblock/Code/hyper-rtos/tgoskits/tmp/rt-thread-5.2.2-full/include/rtthread.h:31[m[K,
                 from [01m[K/home/yfblock/Code/hyper-rtos/tgoskits/tmp/rt-thread-5.2.2-full/components/finsh/msh_file.c:12[m[K:
[01m[K./rtconfig.h:193:[m[K [01;35m[Kwarning: [m[K"RT_CONSOLE_DEVICE_NAME" redefined
  193 | #define RT_CONSOLE_DEVICE_NAME "uart0"
      | 
[01m[K./rtconfig.h:52:[m[K [01;36m[Knote: [m[Kthis is the location of the previous definition
   52 | #define RT_CONSOLE_DEVICE_NAME uart1
      | 
[01m[K./rtconfig.h:194:[m[K [01;35m[Kwarning: [m[K"FINSH_THREAD_NAME" redefined
  194 | #define FINSH_THREAD_NAME "tshell"
      | 
[01m[K./rtconfig.h:59:[m[K [01;36m[Knote: [m[Kthis is the location of the previous definition
   59 | #define FINSH_THREAD_NAME tshell
      | 
CC build/kernel/components/finsh/msh_parse.o
In file included from [01m[K/home/yfblock/Code/hyper-rtos/tgoskits/tmp/rt-thread-5.2.2-full/include/rtthread.h:31[m[K,
                 from [01m[K/home/yfblock/Code/hyper-rtos/tgoskits/tmp/rt-thread-5.2.2-full/components/finsh/msh_parse.c:11[m[K:
[01m[K./rtconfig.h:193:[m[K [01;35m[Kwarning: [m[K"RT_CONSOLE_DEVICE_NAME" redefined
  193 | #define RT_CONSOLE_DEVICE_NAME "uart0"
      | 
[01m[K./rtconfig.h:52:[m[K [01;36m[Knote: [m[Kthis is the location of the previous definition
   52 | #define RT_CONSOLE_DEVICE_NAME uart1
      | 
[01m[K./rtconfig.h:194:[m[K [01;35m[Kwarning: [m[K"FINSH_THREAD_NAME" redefined
  194 | #define FINSH_THREAD_NAME "tshell"
      | 
[01m[K./rtconfig.h:59:[m[K [01;36m[Knote: [m[Kthis is the location of the previous definition
   59 | #define FINSH_THREAD_NAME tshell
      | 
CC build/kernel/components/finsh/shell.o
In file included from [01m[K/home/yfblock/Code/hyper-rtos/tgoskits/tmp/rt-thread-5.2.2-full/include/rttypes.h:14[m[K,
                 from [01m[K/home/yfblock/Code/hyper-rtos/tgoskits/tmp/rt-thread-5.2.2-full/include/rtsched.h:14[m[K,
                 from [01m[K/home/yfblock/Code/hyper-rtos/tgoskits/tmp/rt-thread-5.2.2-full/include/rtdef.h:68[m[K,
                 from [01m[K/home/yfblock/Code/hyper-rtos/tgoskits/tmp/rt-thread-5.2.2-full/include/rthw.h:23[m[K,
                 from [01m[K/home/yfblock/Code/hyper-rtos/tgoskits/tmp/rt-thread-5.2.2-full/components/finsh/shell.c:21[m[K:
[01m[K./rtconfig.h:193:[m[K [01;35m[Kwarning: [m[K"RT_CONSOLE_DEVICE_NAME" redefined
  193 | #define RT_CONSOLE_DEVICE_NAME "uart0"
      | 
[01m[K./rtconfig.h:52:[m[K [01;36m[Knote: [m[Kthis is the location of the previous definition
   52 | #define RT_CONSOLE_DEVICE_NAME uart1
      | 
[01m[K./rtconfig.h:194:[m[K [01;35m[Kwarning: [m[K"FINSH_THREAD_NAME" redefined
  194 | #define FINSH_THREAD_NAME "tshell"
      | 
[01m[K./rtconfig.h:59:[m[K [01;36m[Knote: [m[Kthis is the location of the previous definition
   59 | #define FINSH_THREAD_NAME tshell
      | 
CC build/kernel/components/libc/compilers/common/cctype.o
CC build/kernel/components/libc/compilers/common/cstdlib.o
CC build/kernel/components/libc/compilers/common/cstring.o
In file included from [01m[K/home/yfblock/Code/hyper-rtos/tgoskits/tmp/rt-thread-5.2.2-full/include/rtthread.h:31[m[K,
                 from [01m[K/home/yfblock/Code/hyper-rtos/tgoskits/tmp/rt-thread-5.2.2-full/components/libc/compilers/common/cstdlib.c:11[m[K:
[01m[K./rtconfig.h:193:[m[K [01;35m[Kwarning: [m[K"RT_CONSOLE_DEVICE_NAME" redefined
  193 | #define RT_CONSOLE_DEVICE_NAME "uart0"
      | 
[01m[K./rtconfig.h:52:[m[K [01;36m[Knote: [m[Kthis is the location of the previous definition
   52 | #define RT_CONSOLE_DEVICE_NAME uart1
      | 
[01m[K./rtconfig.h:194:[m[K [01;35m[Kwarning: [m[K"FINSH_THREAD_NAME" redefined
  194 | #define FINSH_THREAD_NAME "tshell"
      | 
[01m[K./rtconfig.h:59:[m[K [01;36m[Knote: [m[Kthis is the location of the previous definition
   59 | #define FINSH_THREAD_NAME tshell
      | 
In file included from [01m[K/home/yfblock/Code/hyper-rtos/tgoskits/tmp/rt-thread-5.2.2-full/include/rtthread.h:31[m[K,
                 from [01m[K/home/yfblock/Code/hyper-rtos/tgoskits/tmp/rt-thread-5.2.2-full/components/libc/compilers/common/cstring.c:13[m[K:
[01m[K./rtconfig.h:193:[m[K [01;35m[Kwarning: [m[K"RT_CONSOLE_DEVICE_NAME" redefined
  193 | #define RT_CONSOLE_DEVICE_NAME "uart0"
      | 
[01m[K./rtconfig.h:52:[m[K [01;36m[Knote: [m[Kthis is the location of the previous definition
   52 | #define RT_CONSOLE_DEVICE_NAME uart1
      | 
[01m[K./rtconfig.h:194:[m[K [01;35m[Kwarning: [m[K"FINSH_THREAD_NAME" redefined
  194 | #define FINSH_THREAD_NAME "tshell"
      | 
[01m[K./rtconfig.h:59:[m[K [01;36m[Knote: [m[Kthis is the location of the previous definition
   59 | #define FINSH_THREAD_NAME tshell
      | 
CC build/kernel/components/libc/compilers/common/ctime.o
In file included from [01m[K/home/yfblock/Code/hyper-rtos/tgoskits/tmp/rt-thread-5.2.2-full/components/libc/compilers/common/include/sys/time.h:15[m[K,
                 from [01m[K/home/yfblock/Code/hyper-rtos/tgoskits/tmp/rt-thread-5.2.2-full/components/libc/compilers/common/ctime.c:31[m[K:
[01m[K./rtconfig.h:193:[m[K [01;35m[Kwarning: [m[K"RT_CONSOLE_DEVICE_NAME" redefined
  193 | #define RT_CONSOLE_DEVICE_NAME "uart0"
      | 
[01m[K./rtconfig.h:52:[m[K [01;36m[Knote: [m[Kthis is the location of the previous definition
   52 | #define RT_CONSOLE_DEVICE_NAME uart1
      | 
[01m[K./rtconfig.h:194:[m[K [01;35m[Kwarning: [m[K"FINSH_THREAD_NAME" redefined
  194 | #define FINSH_THREAD_NAME "tshell"
      | 
[01m[K./rtconfig.h:59:[m[K [01;36m[Knote: [m[Kthis is the location of the previous definition
   59 | #define FINSH_THREAD_NAME tshell
      | 
CC build/kernel/components/libc/compilers/common/cunistd.o
In file included from [01m[K/home/yfblock/Code/hyper-rtos/tgoskits/tmp/rt-thread-5.2.2-full/include/rtthread.h:31[m[K,
                 from [01m[K/home/yfblock/Code/hyper-rtos/tgoskits/tmp/rt-thread-5.2.2-full/components/libc/compilers/common/cunistd.c:11[m[K:
[01m[K./rtconfig.h:193:[m[K [01;35m[Kwarning: [m[K"RT_CONSOLE_DEVICE_NAME" redefined
  193 | #define RT_CONSOLE_DEVICE_NAME "uart0"
      | 
[01m[K./rtconfig.h:52:[m[K [01;36m[Knote: [m[Kthis is the location of the previous definition
   52 | #define RT_CONSOLE_DEVICE_NAME uart1
      | 
[01m[K./rtconfig.h:194:[m[K [01;35m[Kwarning: [m[K"FINSH_THREAD_NAME" redefined
  194 | #define FINSH_THREAD_NAME "tshell"
      | 
[01m[K./rtconfig.h:59:[m[K [01;36m[Knote: [m[Kthis is the location of the previous definition
   59 | #define FINSH_THREAD_NAME tshell
      | 
CC build/kernel/components/libc/compilers/common/cwchar.o
CC build/kernel/components/libc/compilers/musl/syscalls.o
CC build/kernel/components/libc/posix/delay/delay.o
In file included from [01m[K/home/yfblock/Code/hyper-rtos/tgoskits/tmp/rt-thread-5.2.2-full/include/rtthread.h:31[m[K,
                 from [01m[K/home/yfblock/Code/hyper-rtos/tgoskits/tmp/rt-thread-5.2.2-full/components/libc/compilers/musl/syscalls.c:11[m[K:
[01m[K./rtconfig.h:193:[m[K [01;35m[Kwarning: [m[K"RT_CONSOLE_DEVICE_NAME" redefined
  193 | #define RT_CONSOLE_DEVICE_NAME "uart0"
      | 
[01m[K./rtconfig.h:52:[m[K [01;36m[Knote: [m[Kthis is the location of the previous definition
   52 | #define RT_CONSOLE_DEVICE_NAME uart1
      | 
[01m[K./rtconfig.h:194:[m[K [01;35m[Kwarning: [m[K"FINSH_THREAD_NAME" redefined
  194 | #define FINSH_THREAD_NAME "tshell"
      | 
[01m[K./rtconfig.h:59:[m[K [01;36m[Knote: [m[Kthis is the location of the previous definition
   59 | #define FINSH_THREAD_NAME tshell
      | 
In file included from [01m[K/home/yfblock/Code/hyper-rtos/tgoskits/tmp/rt-thread-5.2.2-full/include/rtthread.h:31[m[K,
                 from [01m[K/home/yfblock/Code/hyper-rtos/tgoskits/tmp/rt-thread-5.2.2-full/components/libc/posix/delay/delay.c:12[m[K:
[01m[K./rtconfig.h:193:[m[K [01;35m[Kwarning: [m[K"RT_CONSOLE_DEVICE_NAME" redefined
  193 | #define RT_CONSOLE_DEVICE_NAME "uart0"
      | 
[01m[K./rtconfig.h:52:[m[K [01;36m[Knote: [m[Kthis is the location of the previous definition
   52 | #define RT_CONSOLE_DEVICE_NAME uart1
      | 
[01m[K./rtconfig.h:194:[m[K [01;35m[Kwarning: [m[K"FINSH_THREAD_NAME" redefined
  194 | #define FINSH_THREAD_NAME "tshell"
      | 
[01m[K./rtconfig.h:59:[m[K [01;36m[Knote: [m[Kthis is the location of the previous definition
   59 | #define FINSH_THREAD_NAME tshell
      | 
CC build/kernel/components/mm/avl_adpt.o
CC build/kernel/components/mm/ioremap.o
CC build/kernel/components/mm/mm_anon.o
In file included from [01m[K/home/yfblock/Code/hyper-rtos/tgoskits/tmp/rt-thread-5.2.2-full/include/rttypes.h:14[m[K,
                 from [01m[K/home/yfblock/Code/hyper-rtos/tgoskits/tmp/rt-thread-5.2.2-full/include/rtsched.h:14[m[K,
                 from [01m[K/home/yfblock/Code/hyper-rtos/tgoskits/tmp/rt-thread-5.2.2-full/include/rtdef.h:68[m[K,
                 from [01m[K/home/yfblock/Code/hyper-rtos/tgoskits/tmp/rt-thread-5.2.2-full/components/mm/avl_adpt.c:10[m[K:
[01m[K./rtconfig.h:193:[m[K [01;35m[Kwarning: [m[K"RT_CONSOLE_DEVICE_NAME" redefined
  193 | #define RT_CONSOLE_DEVICE_NAME "uart0"
      | 
[01m[K./rtconfig.h:52:[m[K [01;36m[Knote: [m[Kthis is the location of the previous definition
   52 | #define RT_CONSOLE_DEVICE_NAME uart1
      | 
[01m[K./rtconfig.h:194:[m[K [01;35m[Kwarning: [m[K"FINSH_THREAD_NAME" redefined
  194 | #define FINSH_THREAD_NAME "tshell"
      | 
[01m[K./rtconfig.h:59:[m[K [01;36m[Knote: [m[Kthis is the location of the previous definition
   59 | #define FINSH_THREAD_NAME tshell
      | 
In file included from [01m[K/home/yfblock/Code/hyper-rtos/tgoskits/tmp/rt-thread-5.2.2-full/include/rttypes.h:14[m[K,
                 from [01m[K/home/yfblock/Code/hyper-rtos/tgoskits/tmp/rt-thread-5.2.2-full/include/rtsched.h:14[m[K,
                 from [01m[K/home/yfblock/Code/hyper-rtos/tgoskits/tmp/rt-thread-5.2.2-full/include/rtdef.h:68[m[K,
                 from [01m[K/home/yfblock/Code/hyper-rtos/tgoskits/tmp/rt-thread-5.2.2-full/include/rthw.h:23[m[K,
                 from [01m[K/home/yfblock/Code/hyper-rtos/tgoskits/tmp/rt-thread-5.2.2-full/components/mm/ioremap.c:10[m[K:
[01m[K./rtconfig.h:193:[m[K [01;35m[Kwarning: [m[K"RT_CONSOLE_DEVICE_NAME" redefined
  193 | #define RT_CONSOLE_DEVICE_NAME "uart0"
      | 
[01m[K./rtconfig.h:52:[m[K [01;36m[Knote: [m[Kthis is the location of the previous definition
   52 | #define RT_CONSOLE_DEVICE_NAME uart1
      | 
[01m[K./rtconfig.h:194:[m[K [01;35m[Kwarning: [m[K"FINSH_THREAD_NAME" redefined
  194 | #define FINSH_THREAD_NAME "tshell"
      | 
[01m[K./rtconfig.h:59:[m[K [01;36m[Knote: [m[Kthis is the location of the previous definition
   59 | #define FINSH_THREAD_NAME tshell
      | 
In file included from [01m[K/home/yfblock/Code/hyper-rtos/tgoskits/tmp/rt-thread-5.2.2-full/include/rtdbg.h:33[m[K,
                 from [01m[K/home/yfblock/Code/hyper-rtos/tgoskits/tmp/rt-thread-5.2.2-full/components/mm/mm_anon.c:13[m[K:
[01m[K./rtconfig.h:193:[m[K [01;35m[Kwarning: [m[K"RT_CONSOLE_DEVICE_NAME" redefined
  193 | #define RT_CONSOLE_DEVICE_NAME "uart0"
      | 
[01m[K./rtconfig.h:52:[m[K [01;36m[Knote: [m[Kthis is the location of the previous definition
   52 | #define RT_CONSOLE_DEVICE_NAME uart1
      | 
[01m[K./rtconfig.h:194:[m[K [01;35m[Kwarning: [m[K"FINSH_THREAD_NAME" redefined
  194 | #define FINSH_THREAD_NAME "tshell"
      | 
[01m[K./rtconfig.h:59:[m[K [01;36m[Knote: [m[Kthis is the location of the previous definition
   59 | #define FINSH_THREAD_NAME tshell
      | 
CC build/kernel/components/mm/mm_aspace.o
CC build/kernel/components/mm/mm_fault.o
In file included from [01m[K/home/yfblock/Code/hyper-rtos/tgoskits/tmp/rt-thread-5.2.2-full/include/rtthread.h:31[m[K,
                 from [01m[K/home/yfblock/Code/hyper-rtos/tgoskits/tmp/rt-thread-5.2.2-full/components/mm/mm_aspace.c:18[m[K:
[01m[K./rtconfig.h:193:[m[K [01;35m[Kwarning: [m[K"RT_CONSOLE_DEVICE_NAME" redefined
  193 | #define RT_CONSOLE_DEVICE_NAME "uart0"
      | 
[01m[K./rtconfig.h:52:[m[K [01;36m[Knote: [m[Kthis is the location of the previous definition
   52 | #define RT_CONSOLE_DEVICE_NAME uart1
      | 
[01m[K./rtconfig.h:194:[m[K [01;35m[Kwarning: [m[K"FINSH_THREAD_NAME" redefined
  194 | #define FINSH_THREAD_NAME "tshell"
      | 
[01m[K./rtconfig.h:59:[m[K [01;36m[Knote: [m[Kthis is the location of the previous definition
   59 | #define FINSH_THREAD_NAME tshell
      | 
In file included from [01m[K/home/yfblock/Code/hyper-rtos/tgoskits/tmp/rt-thread-5.2.2-full/include/rtthread.h:31[m[K,
                 from [01m[K/home/yfblock/Code/hyper-rtos/tgoskits/tmp/rt-thread-5.2.2-full/components/mm/mm_fault.c:11[m[K:
[01m[K./rtconfig.h:193:[m[K [01;35m[Kwarning: [m[K"RT_CONSOLE_DEVICE_NAME" redefined
  193 | #define RT_CONSOLE_DEVICE_NAME "uart0"
      | 
[01m[K./rtconfig.h:52:[m[K [01;36m[Knote: [m[Kthis is the location of the previous definition
   52 | #define RT_CONSOLE_DEVICE_NAME uart1
      | 
[01m[K./rtconfig.h:194:[m[K [01;35m[Kwarning: [m[K"FINSH_THREAD_NAME" redefined
  194 | #define FINSH_THREAD_NAME "tshell"
      | 
[01m[K./rtconfig.h:59:[m[K [01;36m[Knote: [m[Kthis is the location of the previous definition
   59 | #define FINSH_THREAD_NAME tshell
      | 
CC build/kernel/components/mm/mm_kmem.o
CC build/kernel/components/mm/mm_memblock.o
In file included from [01m[K/home/yfblock/Code/hyper-rtos/tgoskits/tmp/rt-thread-5.2.2-full/include/rtthread.h:31[m[K,
                 from [01m[K/home/yfblock/Code/hyper-rtos/tgoskits/tmp/rt-thread-5.2.2-full/components/mm/mm_kmem.c:11[m[K:
[01m[K./rtconfig.h:193:[m[K [01;35m[Kwarning: [m[K"RT_CONSOLE_DEVICE_NAME" redefined
  193 | #define RT_CONSOLE_DEVICE_NAME "uart0"
      | 
[01m[K./rtconfig.h:52:[m[K [01;36m[Knote: [m[Kthis is the location of the previous definition
   52 | #define RT_CONSOLE_DEVICE_NAME uart1
      | 
[01m[K./rtconfig.h:194:[m[K [01;35m[Kwarning: [m[K"FINSH_THREAD_NAME" redefined
  194 | #define FINSH_THREAD_NAME "tshell"
      | 
[01m[K./rtconfig.h:59:[m[K [01;36m[Knote: [m[Kthis is the location of the previous definition
   59 | #define FINSH_THREAD_NAME tshell
      | 
In file included from [01m[K/home/yfblock/Code/hyper-rtos/tgoskits/tmp/rt-thread-5.2.2-full/include/rttypes.h:14[m[K,
                 from [01m[K/home/yfblock/Code/hyper-rtos/tgoskits/tmp/rt-thread-5.2.2-full/include/rtsched.h:14[m[K,
                 from [01m[K/home/yfblock/Code/hyper-rtos/tgoskits/tmp/rt-thread-5.2.2-full/include/rtdef.h:68[m[K,
                 from [01m[K/home/yfblock/Code/hyper-rtos/tgoskits/tmp/rt-thread-5.2.2-full/include/rthw.h:23[m[K,
                 from [01m[K/home/yfblock/Code/hyper-rtos/tgoskits/tmp/rt-thread-5.2.2-full/components/mm/mm_page.h:15[m[K,
                 from [01m[K/home/yfblock/Code/hyper-rtos/tgoskits/tmp/rt-thread-5.2.2-full/components/mm/mm_memblock.h:14[m[K,
                 from [01m[K/home/yfblock/Code/hyper-rtos/tgoskits/tmp/rt-thread-5.2.2-full/components/mm/mm_memblock.c:11[m[K:
[01m[K./rtconfig.h:193:[m[K [01;35m[Kwarning: [m[K"RT_CONSOLE_DEVICE_NAME" redefined
  193 | #define RT_CONSOLE_DEVICE_NAME "uart0"
      | 
[01m[K./rtconfig.h:52:[m[K [01;36m[Knote: [m[Kthis is the location of the previous definition
   52 | #define RT_CONSOLE_DEVICE_NAME uart1
      | 
[01m[K./rtconfig.h:194:[m[K [01;35m[Kwarning: [m[K"FINSH_THREAD_NAME" redefined
  194 | #define FINSH_THREAD_NAME "tshell"
      | 
[01m[K./rtconfig.h:59:[m[K [01;36m[Knote: [m[Kthis is the location of the previous definition
   59 | #define FINSH_THREAD_NAME tshell
      | 
CC build/kernel/components/mm/mm_object.o
In file included from [01m[K/home/yfblock/Code/hyper-rtos/tgoskits/tmp/rt-thread-5.2.2-full/include/rtdbg.h:33[m[K,
                 from [01m[K/home/yfblock/Code/hyper-rtos/tgoskits/tmp/rt-thread-5.2.2-full/components/mm/mm_object.c:15[m[K:
[01m[K./rtconfig.h:193:[m[K [01;35m[Kwarning: [m[K"RT_CONSOLE_DEVICE_NAME" redefined
  193 | #define RT_CONSOLE_DEVICE_NAME "uart0"
      | 
[01m[K./rtconfig.h:52:[m[K [01;36m[Knote: [m[Kthis is the location of the previous definition
   52 | #define RT_CONSOLE_DEVICE_NAME uart1
      | 
[01m[K./rtconfig.h:194:[m[K [01;35m[Kwarning: [m[K"FINSH_THREAD_NAME" redefined
  194 | #define FINSH_THREAD_NAME "tshell"
      | 
[01m[K./rtconfig.h:59:[m[K [01;36m[Knote: [m[Kthis is the location of the previous definition
   59 | #define FINSH_THREAD_NAME tshell
      | 
In file included from [01m[K/home/yfblock/Code/hyper-rtos/tgoskits/tmp/rt-thread-5.2.2-full/include/rtthread.h:33[m[K,
                 from [01m[K/home/yfblock/Code/hyper-rtos/tgoskits/tmp/rt-thread-5.2.2-full/components/mm/mm_page.h:16[m[K,
                 from [01m[K/home/yfblock/Code/hyper-rtos/tgoskits/tmp/rt-thread-5.2.2-full/components/mm/mm_memblock.h:14[m[K,
                 from [01m[K/home/yfblock/Code/hyper-rtos/tgoskits/tmp/rt-thread-5.2.2-full/components/mm/mm_memblock.c:11[m[K:
[01m[K/home/yfblock/Code/hyper-rtos/tgoskits/tmp/rt-thread-5.2.2-full/components/mm/mm_memblock.c:[m[K In function ‘[01m[K_next_free_region.constprop[m[K’:
[01m[K/home/yfblock/Code/hyper-rtos/tgoskits/tmp/rt-thread-5.2.2-full/include/rtservice.h:37:6:[m[K [01;35m[Kwarning: [m[Karray subscript -4 is outside array bounds of ‘[01m[Kstruct rt_memblock[1][m[K’ [[01;35m[K-Warray-bounds[m[K]
   37 |     [01;35m[K((type *)((char *)(ptr) - (unsigned long)(&((type *)0)->member)))[m[K
      |     [01;35m[K~^~~~~~~~~~~~~~~~~~~~~~~~~~~~~~~~~~~~~~~~~~~~~~~~~~~~~~~~~~~~~~~~[m[K
[01m[K/home/yfblock/Code/hyper-rtos/tgoskits/tmp/rt-thread-5.2.2-full/include/rtservice.h:288:5:[m[K [01;36m[Knote: [m[Kin expansion of macro ‘[01m[Krt_container_of[m[K’
  288 |     [01;36m[Krt_container_of[m[K(node, type, member)
      |     [01;36m[K^~~~~~~~~~~~~~~[m[K
[01m[K/home/yfblock/Code/hyper-rtos/tgoskits/tmp/rt-thread-5.2.2-full/components/mm/mm_memblock.c:314:10:[m[K [01;36m[Knote: [m[Kin expansion of macro ‘[01m[Krt_slist_entry[m[K’
  314 |     *m = [01;36m[Krt_slist_entry[m[K(&(mmblk_memory.reg_list), struct rt_mmblk_reg, node);
      |          [01;36m[K^~~~~~~~~~~~~~[m[K
[01m[K/home/yfblock/Code/hyper-rtos/tgoskits/tmp/rt-thread-5.2.2-full/components/mm/mm_memblock.c:38:27:[m[K [01;36m[Knote: [m[Kwhile referencing ‘[01m[Kmmblk_memory[m[K’
   38 | static struct rt_memblock [01;36m[Kmmblk_memory[m[K;
      |                           [01;36m[K^~~~~~~~~~~~[m[K
[01m[K/home/yfblock/Code/hyper-rtos/tgoskits/tmp/rt-thread-5.2.2-full/components/mm/mm_memblock.c:264:26:[m[K [01;35m[Kwarning: [m[Karray subscript -4 is outside array bounds of ‘[01m[Kstruct rt_memblock[1][m[K’ [[01;35m[K-Warray-bounds[m[K]
  264 |     struct rt_mmblk_reg *[01;35m[Kr_sentinel[m[K = rt_slist_entry(&(mmblk_reserved.reg_list), struct rt_mmblk_reg, node);
      |                          [01;35m[K^~~~~~~~~~[m[K
[01m[K/home/yfblock/Code/hyper-rtos/tgoskits/tmp/rt-thread-5.2.2-full/components/mm/mm_memblock.c:39:27:[m[K [01;36m[Knote: [m[Kwhile referencing ‘[01m[Kmmblk_reserved[m[K’
   39 | static struct rt_memblock [01;36m[Kmmblk_reserved[m[K;
      |                           [01;36m[K^~~~~~~~~~~~~~[m[K
In file included from [01m[K/home/yfblock/Code/hyper-rtos/tgoskits/tmp/rt-thread-5.2.2-full/include/rtthread.h:33[m[K,
                 from [01m[K/home/yfblock/Code/hyper-rtos/tgoskits/tmp/rt-thread-5.2.2-full/components/mm/mm_page.h:16[m[K,
                 from [01m[K/home/yfblock/Code/hyper-rtos/tgoskits/tmp/rt-thread-5.2.2-full/components/mm/mm_memblock.h:14[m[K,
                 from [01m[K/home/yfblock/Code/hyper-rtos/tgoskits/tmp/rt-thread-5.2.2-full/components/mm/mm_memblock.c:11[m[K:
[01m[K/home/yfblock/Code/hyper-rtos/tgoskits/tmp/rt-thread-5.2.2-full/components/mm/mm_memblock.c:[m[K In function ‘[01m[Krt_memblock_setup_memory_environment[m[K’:
[01m[K/home/yfblock/Code/hyper-rtos/tgoskits/tmp/rt-thread-5.2.2-full/include/rtservice.h:37:6:[m[K [01;35m[Kwarning: [m[Karray subscript -4 is outside array bounds of ‘[01m[Kstruct rt_memblock[1][m[K’ [[01;35m[K-Warray-bounds[m[K]
   37 |     [01;35m[K((type *)((char *)(ptr) - (unsigned long)(&((type *)0)->member)))[m[K
      |     [01;35m[K~^~~~~~~~~~~~~~~~~~~~~~~~~~~~~~~~~~~~~~~~~~~~~~~~~~~~~~~~~~~~~~~~[m[K
[01m[K/home/yfblock/Code/hyper-rtos/tgoskits/tmp/rt-thread-5.2.2-full/include/rtservice.h:288:5:[m[K [01;36m[Knote: [m[Kin expansion of macro ‘[01m[Krt_container_of[m[K’
  288 |     [01;36m[Krt_container_of[m[K(node, type, member)
      |     [01;36m[K^~~~~~~~~~~~~~~[m[K
[01m[K/home/yfblock/Code/hyper-rtos/tgoskits/tmp/rt-thread-5.2.2-full/components/mm/mm_memblock.c:319:9:[m[K [01;36m[Knote: [m[Kin expansion of macro ‘[01m[Krt_slist_entry[m[K’
  319 |     m = [01;36m[Krt_slist_entry[m[K(&(mmblk_memory.reg_list.next), struct rt_mmblk_reg, node);       \
      |         [01;36m[K^~~~~~~~~~~~~~[m[K
[01m[K/home/yfblock/Code/hyper-rtos/tgoskits/tmp/rt-thread-5.2.2-full/components/mm/mm_memblock.c:373:5:[m[K [01;36m[Knote: [m[Kin expansion of macro ‘[01m[Kfor_each_free_region[m[K’
  373 |     [01;36m[Kfor_each_free_region[m[K(m, r, MEMBLOCK_NONE, &reg.start, &reg.end)
      |     [01;36m[K^~~~~~~~~~~~~~~~~~~~[m[K
[01m[K/home/yfblock/Code/hyper-rtos/tgoskits/tmp/rt-thread-5.2.2-full/components/mm/mm_memblock.c:38:27:[m[K [01;36m[Knote: [m[Kwhile referencing ‘[01m[Kmmblk_memory[m[K’
   38 | static struct rt_memblock [01;36m[Kmmblk_memory[m[K;
      |                           [01;36m[K^~~~~~~~~~~~[m[K
In file included from [01m[K/home/yfblock/Code/hyper-rtos/tgoskits/tmp/rt-thread-5.2.2-full/include/rtthread.h:33[m[K,
                 from [01m[K/home/yfblock/Code/hyper-rtos/tgoskits/tmp/rt-thread-5.2.2-full/components/mm/mm_page.h:16[m[K,
                 from [01m[K/home/yfblock/Code/hyper-rtos/tgoskits/tmp/rt-thread-5.2.2-full/components/mm/mm_memblock.h:14[m[K,
                 from [01m[K/home/yfblock/Code/hyper-rtos/tgoskits/tmp/rt-thread-5.2.2-full/components/mm/mm_memblock.c:11[m[K:
[01m[K/home/yfblock/Code/hyper-rtos/tgoskits/tmp/rt-thread-5.2.2-full/include/rtservice.h:37:6:[m[K [01;35m[Kwarning: [m[Karray subscript -4 is outside array bounds of ‘[01m[Kstruct rt_memblock[1][m[K’ [[01;35m[K-Warray-bounds[m[K]
   37 |     [01;35m[K((type *)((char *)(ptr) - (unsigned long)(&((type *)0)->member)))[m[K
      |     [01;35m[K~^~~~~~~~~~~~~~~~~~~~~~~~~~~~~~~~~~~~~~~~~~~~~~~~~~~~~~~~~~~~~~~~[m[K
[01m[K/home/yfblock/Code/hyper-rtos/tgoskits/tmp/rt-thread-5.2.2-full/include/rtservice.h:288:5:[m[K [01;36m[Knote: [m[Kin expansion of macro ‘[01m[Krt_container_of[m[K’
  288 |     [01;36m[Krt_container_of[m[K(node, type, member)
      |     [01;36m[K^~~~~~~~~~~~~~~[m[K
[01m[K/home/yfblock/Code/hyper-rtos/tgoskits/tmp/rt-thread-5.2.2-full/components/mm/mm_memblock.c:320:9:[m[K [01;36m[Knote: [m[Kin expansion of macro ‘[01m[Krt_slist_entry[m[K’
  320 |     r = [01;36m[Krt_slist_entry[m[K(&(mmblk_reserved.reg_list), struct rt_mmblk_reg, node);          \
      |         [01;36m[K^~~~~~~~~~~~~~[m[K
[01m[K/home/yfblock/Code/hyper-rtos/tgoskits/tmp/rt-thread-5.2.2-full/components/mm/mm_memblock.c:373:5:[m[K [01;36m[Knote: [m[Kin expansion of macro ‘[01m[Kfor_each_free_region[m[K’
  373 |     [01;36m[Kfor_each_free_region[m[K(m, r, MEMBLOCK_NONE, &reg.start, &reg.end)
      |     [01;36m[K^~~~~~~~~~~~~~~~~~~~[m[K
[01m[K/home/yfblock/Code/hyper-rtos/tgoskits/tmp/rt-thread-5.2.2-full/components/mm/mm_memblock.c:39:27:[m[K [01;36m[Knote: [m[Kwhile referencing ‘[01m[Kmmblk_reserved[m[K’
   39 | static struct rt_memblock [01;36m[Kmmblk_reserved[m[K;
      |                           [01;36m[K^~~~~~~~~~~~~~[m[K
In file included from [01m[K/home/yfblock/Code/hyper-rtos/tgoskits/tmp/rt-thread-5.2.2-full/include/rtthread.h:33[m[K,
                 from [01m[K/home/yfblock/Code/hyper-rtos/tgoskits/tmp/rt-thread-5.2.2-full/components/mm/mm_page.h:16[m[K,
                 from [01m[K/home/yfblock/Code/hyper-rtos/tgoskits/tmp/rt-thread-5.2.2-full/components/mm/mm_memblock.h:14[m[K,
                 from [01m[K/home/yfblock/Code/hyper-rtos/tgoskits/tmp/rt-thread-5.2.2-full/components/mm/mm_memblock.c:11[m[K:
[01m[K/home/yfblock/Code/hyper-rtos/tgoskits/tmp/rt-thread-5.2.2-full/include/rtservice.h:37:6:[m[K [01;35m[Kwarning: [m[Karray subscript -4 is outside array bounds of ‘[01m[Kstruct rt_memblock[1][m[K’ [[01;35m[K-Warray-bounds[m[K]
   37 |     [01;35m[K((type *)((char *)(ptr) - (unsigned long)(&((type *)0)->member)))[m[K
      |     [01;35m[K~^~~~~~~~~~~~~~~~~~~~~~~~~~~~~~~~~~~~~~~~~~~~~~~~~~~~~~~~~~~~~~~~[m[K
[01m[K/home/yfblock/Code/hyper-rtos/tgoskits/tmp/rt-thread-5.2.2-full/include/rtservice.h:288:5:[m[K [01;36m[Knote: [m[Kin expansion of macro ‘[01m[Krt_container_of[m[K’
  288 |     [01;36m[Krt_container_of[m[K(node, type, member)
      |     [01;36m[K^~~~~~~~~~~~~~~[m[K
[01m[K/home/yfblock/Code/hyper-rtos/tgoskits/tmp/rt-thread-5.2.2-full/components/mm/mm_memblock.c:322:15:[m[K [01;36m[Knote: [m[Kin expansion of macro ‘[01m[Krt_slist_entry[m[K’
  322 |          m != [01;36m[Krt_slist_entry[m[K(&(mmblk_memory.reg_list), struct rt_mmblk_reg, node);      \
      |               [01;36m[K^~~~~~~~~~~~~~[m[K
[01m[K/home/yfblock/Code/hyper-rtos/tgoskits/tmp/rt-thread-5.2.2-full/components/mm/mm_memblock.c:373:5:[m[K [01;36m[Knote: [m[Kin expansion of macro ‘[01m[Kfor_each_free_region[m[K’
  373 |     [01;36m[Kfor_each_free_region[m[K(m, r, MEMBLOCK_NONE, &reg.start, &reg.end)
      |     [01;36m[K^~~~~~~~~~~~~~~~~~~~[m[K
[01m[K/home/yfblock/Code/hyper-rtos/tgoskits/tmp/rt-thread-5.2.2-full/components/mm/mm_memblock.c:38:27:[m[K [01;36m[Knote: [m[Kwhile referencing ‘[01m[Kmmblk_memory[m[K’
   38 | static struct rt_memblock [01;36m[Kmmblk_memory[m[K;
      |                           [01;36m[K^~~~~~~~~~~~[m[K
CC build/kernel/components/mm/mm_page.o
In file included from [01m[K/home/yfblock/Code/hyper-rtos/tgoskits/tmp/rt-thread-5.2.2-full/include/rtthread.h:31[m[K,
                 from [01m[K/home/yfblock/Code/hyper-rtos/tgoskits/tmp/rt-thread-5.2.2-full/components/mm/mm_page.c:15[m[K:
[01m[K./rtconfig.h:193:[m[K [01;35m[Kwarning: [m[K"RT_CONSOLE_DEVICE_NAME" redefined
  193 | #define RT_CONSOLE_DEVICE_NAME "uart0"
      | 
[01m[K./rtconfig.h:52:[m[K [01;36m[Knote: [m[Kthis is the location of the previous definition
   52 | #define RT_CONSOLE_DEVICE_NAME uart1
      | 
[01m[K./rtconfig.h:194:[m[K [01;35m[Kwarning: [m[K"FINSH_THREAD_NAME" redefined
  194 | #define FINSH_THREAD_NAME "tshell"
      | 
[01m[K./rtconfig.h:59:[m[K [01;36m[Knote: [m[Kthis is the location of the previous definition
   59 | #define FINSH_THREAD_NAME tshell
      | 
CC build/kernel/components/net/lwip/lwip-2.1.2/src/api/api_lib.o
CC build/kernel/components/net/lwip/lwip-2.1.2/src/api/api_msg.o
In file included from [01m[K/home/yfblock/Code/hyper-rtos/tgoskits/tmp/rt-thread-5.2.2-full/components/net/lwip/port/lwipopts.h:15[m[K,
                 from [01m[K/home/yfblock/Code/hyper-rtos/tgoskits/tmp/rt-thread-5.2.2-full/components/net/lwip/lwip-2.1.2/src/include/lwip/opt.h:51[m[K,
                 from [01m[K/home/yfblock/Code/hyper-rtos/tgoskits/tmp/rt-thread-5.2.2-full/components/net/lwip/lwip-2.1.2/src/api/api_lib.c:58[m[K:
[01m[K./rtconfig.h:193:[m[K [01;35m[Kwarning: [m[K"RT_CONSOLE_DEVICE_NAME" redefined
  193 | #define RT_CONSOLE_DEVICE_NAME "uart0"
      | 
[01m[K./rtconfig.h:52:[m[K [01;36m[Knote: [m[Kthis is the location of the previous definition
   52 | #define RT_CONSOLE_DEVICE_NAME uart1
      | 
[01m[K./rtconfig.h:194:[m[K [01;35m[Kwarning: [m[K"FINSH_THREAD_NAME" redefined
  194 | #define FINSH_THREAD_NAME "tshell"
      | 
[01m[K./rtconfig.h:59:[m[K [01;36m[Knote: [m[Kthis is the location of the previous definition
   59 | #define FINSH_THREAD_NAME tshell
      | 
In file included from [01m[K/home/yfblock/Code/hyper-rtos/tgoskits/tmp/rt-thread-5.2.2-full/components/net/lwip/port/lwipopts.h:15[m[K,
                 from [01m[K/home/yfblock/Code/hyper-rtos/tgoskits/tmp/rt-thread-5.2.2-full/components/net/lwip/lwip-2.1.2/src/include/lwip/opt.h:51[m[K,
                 from [01m[K/home/yfblock/Code/hyper-rtos/tgoskits/tmp/rt-thread-5.2.2-full/components/net/lwip/lwip-2.1.2/src/api/api_msg.c:39[m[K:
[01m[K./rtconfig.h:193:[m[K [01;35m[Kwarning: [m[K"RT_CONSOLE_DEVICE_NAME" redefined
  193 | #define RT_CONSOLE_DEVICE_NAME "uart0"
      | 
[01m[K./rtconfig.h:52:[m[K [01;36m[Knote: [m[Kthis is the location of the previous definition
   52 | #define RT_CONSOLE_DEVICE_NAME uart1
      | 
[01m[K./rtconfig.h:194:[m[K [01;35m[Kwarning: [m[K"FINSH_THREAD_NAME" redefined
  194 | #define FINSH_THREAD_NAME "tshell"
      | 
[01m[K./rtconfig.h:59:[m[K [01;36m[Knote: [m[Kthis is the location of the previous definition
   59 | #define FINSH_THREAD_NAME tshell
      | 
In file included from [01m[K/home/yfblock/Code/hyper-rtos/tgoskits/tmp/rt-thread-5.2.2-full/components/net/lwip/lwip-2.1.2/src/include/lwip/opt.h:51[m[K,
                 from [01m[K/home/yfblock/Code/hyper-rtos/tgoskits/tmp/rt-thread-5.2.2-full/components/net/lwip/lwip-2.1.2/src/api/api_lib.c:58[m[K:
[01m[K/home/yfblock/Code/hyper-rtos/tgoskits/tmp/rt-thread-5.2.2-full/components/net/lwip/port/lwipopts.h:410:[m[K [01;35m[Kwarning: [m[K"TCPIP_THREAD_PRIO" redefined
  410 | #define TCPIP_THREAD_PRIO           RT_LWIP_TCPTHREAD_PRIORITY
      | 
In file included from [01m[K/home/yfblock/Code/hyper-rtos/tgoskits/tmp/rt-thread-5.2.2-full/components/libc/compilers/common/include/sys/time.h:15[m[K,
                 from [01m[K/home/yfblock/Code/hyper-rtos/tgoskits/tmp/rt-thread-5.2.2-full/components/net/lwip/port/lwipopts.h:22[m[K,
                 from [01m[K/home/yfblock/Code/hyper-rtos/tgoskits/tmp/rt-thread-5.2.2-full/components/net/lwip/lwip-2.1.2/src/include/lwip/opt.h:51[m[K,
                 from [01m[K/home/yfblock/Code/hyper-rtos/tgoskits/tmp/rt-thread-5.2.2-full/components/net/lwip/lwip-2.1.2/src/api/api_lib.c:58[m[K:
[01m[K./rtconfig.h:202:[m[K [01;36m[Knote: [m[Kthis is the location of the previous definition
  202 | #define TCPIP_THREAD_PRIO 10
      | 
In file included from [01m[K/home/yfblock/Code/hyper-rtos/tgoskits/tmp/rt-thread-5.2.2-full/components/net/lwip/lwip-2.1.2/src/include/lwip/opt.h:51[m[K,
                 from [01m[K/home/yfblock/Code/hyper-rtos/tgoskits/tmp/rt-thread-5.2.2-full/components/net/lwip/lwip-2.1.2/src/api/api_lib.c:58[m[K:
[01m[K/home/yfblock/Code/hyper-rtos/tgoskits/tmp/rt-thread-5.2.2-full/components/net/lwip/port/lwipopts.h:411:[m[K [01;35m[Kwarning: [m[K"TCPIP_THREAD_STACKSIZE" redefined
  411 | #define TCPIP_THREAD_STACKSIZE      RT_LWIP_TCPTHREAD_STACKSIZE
      | 
In file included from [01m[K/home/yfblock/Code/hyper-rtos/tgoskits/tmp/rt-thread-5.2.2-full/components/libc/compilers/common/include/sys/time.h:15[m[K,
                 from [01m[K/home/yfblock/Code/hyper-rtos/tgoskits/tmp/rt-thread-5.2.2-full/components/net/lwip/port/lwipopts.h:22[m[K,
                 from [01m[K/home/yfblock/Code/hyper-rtos/tgoskits/tmp/rt-thread-5.2.2-full/components/net/lwip/lwip-2.1.2/src/include/lwip/opt.h:51[m[K,
                 from [01m[K/home/yfblock/Code/hyper-rtos/tgoskits/tmp/rt-thread-5.2.2-full/components/net/lwip/lwip-2.1.2/src/api/api_lib.c:58[m[K:
[01m[K./rtconfig.h:201:[m[K [01;36m[Knote: [m[Kthis is the location of the previous definition
  201 | #define TCPIP_THREAD_STACKSIZE 8192
      | 
In file included from [01m[K/home/yfblock/Code/hyper-rtos/tgoskits/tmp/rt-thread-5.2.2-full/include/rttypes.h:14[m[K,
                 from [01m[K/home/yfblock/Code/hyper-rtos/tgoskits/tmp/rt-thread-5.2.2-full/include/rtsched.h:14[m[K,
                 from [01m[K/home/yfblock/Code/hyper-rtos/tgoskits/tmp/rt-thread-5.2.2-full/include/rtdef.h:68[m[K,
                 from [01m[K/home/yfblock/Code/hyper-rtos/tgoskits/tmp/rt-thread-5.2.2-full/include/rthw.h:23[m[K,
                 from [01m[K/home/yfblock/Code/hyper-rtos/tgoskits/tmp/rt-thread-5.2.2-full/components/net/lwip/port/arch/cc.h:48[m[K,
                 from [01m[K/home/yfblock/Code/hyper-rtos/tgoskits/tmp/rt-thread-5.2.2-full/components/net/lwip/lwip-2.1.2/src/include/lwip/arch.h:48[m[K,
                 from [01m[K/home/yfblock/Code/hyper-rtos/tgoskits/tmp/rt-thread-5.2.2-full/components/net/lwip/lwip-2.1.2/src/include/lwip/debug.h:40[m[K,
                 from [01m[K/home/yfblock/Code/hyper-rtos/tgoskits/tmp/rt-thread-5.2.2-full/components/net/lwip/lwip-2.1.2/src/include/lwip/opt.h:52[m[K,
                 from [01m[K/home/yfblock/Code/hyper-rtos/tgoskits/tmp/rt-thread-5.2.2-full/components/net/lwip/lwip-2.1.2/src/api/api_lib.c:58[m[K:
[01m[K./rtconfig.h:201:[m[K [01;35m[Kwarning: [m[K"TCPIP_THREAD_STACKSIZE" redefined
  201 | #define TCPIP_THREAD_STACKSIZE 8192
      | 
In file included from [01m[K/home/yfblock/Code/hyper-rtos/tgoskits/tmp/rt-thread-5.2.2-full/components/net/lwip/lwip-2.1.2/src/include/lwip/opt.h:51[m[K,
                 from [01m[K/home/yfblock/Code/hyper-rtos/tgoskits/tmp/rt-thread-5.2.2-full/components/net/lwip/lwip-2.1.2/src/api/api_lib.c:58[m[K:
[01m[K/home/yfblock/Code/hyper-rtos/tgoskits/tmp/rt-thread-5.2.2-full/components/net/lwip/port/lwipopts.h:411:[m[K [01;36m[Knote: [m[Kthis is the location of the previous definition
  411 | #define TCPIP_THREAD_STACKSIZE      RT_LWIP_TCPTHREAD_STACKSIZE
      | 
In file included from [01m[K/home/yfblock/Code/hyper-rtos/tgoskits/tmp/rt-thread-5.2.2-full/include/rttypes.h:14[m[K,
                 from [01m[K/home/yfblock/Code/hyper-rtos/tgoskits/tmp/rt-thread-5.2.2-full/include/rtsched.h:14[m[K,
                 from [01m[K/home/yfblock/Code/hyper-rtos/tgoskits/tmp/rt-thread-5.2.2-full/include/rtdef.h:68[m[K,
                 from [01m[K/home/yfblock/Code/hyper-rtos/tgoskits/tmp/rt-thread-5.2.2-full/include/rthw.h:23[m[K,
                 from [01m[K/home/yfblock/Code/hyper-rtos/tgoskits/tmp/rt-thread-5.2.2-full/components/net/lwip/port/arch/cc.h:48[m[K,
                 from [01m[K/home/yfblock/Code/hyper-rtos/tgoskits/tmp/rt-thread-5.2.2-full/components/net/lwip/lwip-2.1.2/src/include/lwip/arch.h:48[m[K,
                 from [01m[K/home/yfblock/Code/hyper-rtos/tgoskits/tmp/rt-thread-5.2.2-full/components/net/lwip/lwip-2.1.2/src/include/lwip/debug.h:40[m[K,
                 from [01m[K/home/yfblock/Code/hyper-rtos/tgoskits/tmp/rt-thread-5.2.2-full/components/net/lwip/lwip-2.1.2/src/include/lwip/opt.h:52[m[K,
                 from [01m[K/home/yfblock/Code/hyper-rtos/tgoskits/tmp/rt-thread-5.2.2-full/components/net/lwip/lwip-2.1.2/src/api/api_lib.c:58[m[K:
[01m[K./rtconfig.h:202:[m[K [01;35m[Kwarning: [m[K"TCPIP_THREAD_PRIO" redefined
  202 | #define TCPIP_THREAD_PRIO 10
      | 
In file included from [01m[K/home/yfblock/Code/hyper-rtos/tgoskits/tmp/rt-thread-5.2.2-full/components/net/lwip/lwip-2.1.2/src/include/lwip/opt.h:51[m[K,
                 from [01m[K/home/yfblock/Code/hyper-rtos/tgoskits/tmp/rt-thread-5.2.2-full/components/net/lwip/lwip-2.1.2/src/api/api_lib.c:58[m[K:
[01m[K/home/yfblock/Code/hyper-rtos/tgoskits/tmp/rt-thread-5.2.2-full/components/net/lwip/port/lwipopts.h:410:[m[K [01;36m[Knote: [m[Kthis is the location of the previous definition
  410 | #define TCPIP_THREAD_PRIO           RT_LWIP_TCPTHREAD_PRIORITY
      | 
In file included from [01m[K/home/yfblock/Code/hyper-rtos/tgoskits/tmp/rt-thread-5.2.2-full/components/net/lwip/lwip-2.1.2/src/include/lwip/opt.h:51[m[K,
                 from [01m[K/home/yfblock/Code/hyper-rtos/tgoskits/tmp/rt-thread-5.2.2-full/components/net/lwip/lwip-2.1.2/src/api/api_msg.c:39[m[K:
[01m[K/home/yfblock/Code/hyper-rtos/tgoskits/tmp/rt-thread-5.2.2-full/components/net/lwip/port/lwipopts.h:410:[m[K [01;35m[Kwarning: [m[K"TCPIP_THREAD_PRIO" redefined
  410 | #define TCPIP_THREAD_PRIO           RT_LWIP_TCPTHREAD_PRIORITY
      | 
In file included from [01m[K/home/yfblock/Code/hyper-rtos/tgoskits/tmp/rt-thread-5.2.2-full/components/libc/compilers/common/include/sys/time.h:15[m[K,
                 from [01m[K/home/yfblock/Code/hyper-rtos/tgoskits/tmp/rt-thread-5.2.2-full/components/net/lwip/port/lwipopts.h:22[m[K,
                 from [01m[K/home/yfblock/Code/hyper-rtos/tgoskits/tmp/rt-thread-5.2.2-full/components/net/lwip/lwip-2.1.2/src/include/lwip/opt.h:51[m[K,
                 from [01m[K/home/yfblock/Code/hyper-rtos/tgoskits/tmp/rt-thread-5.2.2-full/components/net/lwip/lwip-2.1.2/src/api/api_msg.c:39[m[K:
[01m[K./rtconfig.h:202:[m[K [01;36m[Knote: [m[Kthis is the location of the previous definition
  202 | #define TCPIP_THREAD_PRIO 10
      | 
In file included from [01m[K/home/yfblock/Code/hyper-rtos/tgoskits/tmp/rt-thread-5.2.2-full/components/net/lwip/lwip-2.1.2/src/include/lwip/opt.h:51[m[K,
                 from [01m[K/home/yfblock/Code/hyper-rtos/tgoskits/tmp/rt-thread-5.2.2-full/components/net/lwip/lwip-2.1.2/src/api/api_msg.c:39[m[K:
[01m[K/home/yfblock/Code/hyper-rtos/tgoskits/tmp/rt-thread-5.2.2-full/components/net/lwip/port/lwipopts.h:411:[m[K [01;35m[Kwarning: [m[K"TCPIP_THREAD_STACKSIZE" redefined
  411 | #define TCPIP_THREAD_STACKSIZE      RT_LWIP_TCPTHREAD_STACKSIZE
      | 
In file included from [01m[K/home/yfblock/Code/hyper-rtos/tgoskits/tmp/rt-thread-5.2.2-full/components/libc/compilers/common/include/sys/time.h:15[m[K,
                 from [01m[K/home/yfblock/Code/hyper-rtos/tgoskits/tmp/rt-thread-5.2.2-full/components/net/lwip/port/lwipopts.h:22[m[K,
                 from [01m[K/home/yfblock/Code/hyper-rtos/tgoskits/tmp/rt-thread-5.2.2-full/components/net/lwip/lwip-2.1.2/src/include/lwip/opt.h:51[m[K,
                 from [01m[K/home/yfblock/Code/hyper-rtos/tgoskits/tmp/rt-thread-5.2.2-full/components/net/lwip/lwip-2.1.2/src/api/api_msg.c:39[m[K:
[01m[K./rtconfig.h:201:[m[K [01;36m[Knote: [m[Kthis is the location of the previous definition
  201 | #define TCPIP_THREAD_STACKSIZE 8192
      | 
In file included from [01m[K/home/yfblock/Code/hyper-rtos/tgoskits/tmp/rt-thread-5.2.2-full/include/rttypes.h:14[m[K,
                 from [01m[K/home/yfblock/Code/hyper-rtos/tgoskits/tmp/rt-thread-5.2.2-full/include/rtsched.h:14[m[K,
                 from [01m[K/home/yfblock/Code/hyper-rtos/tgoskits/tmp/rt-thread-5.2.2-full/include/rtdef.h:68[m[K,
                 from [01m[K/home/yfblock/Code/hyper-rtos/tgoskits/tmp/rt-thread-5.2.2-full/include/rthw.h:23[m[K,
                 from [01m[K/home/yfblock/Code/hyper-rtos/tgoskits/tmp/rt-thread-5.2.2-full/components/net/lwip/port/arch/cc.h:48[m[K,
                 from [01m[K/home/yfblock/Code/hyper-rtos/tgoskits/tmp/rt-thread-5.2.2-full/components/net/lwip/lwip-2.1.2/src/include/lwip/arch.h:48[m[K,
                 from [01m[K/home/yfblock/Code/hyper-rtos/tgoskits/tmp/rt-thread-5.2.2-full/components/net/lwip/lwip-2.1.2/src/include/lwip/debug.h:40[m[K,
                 from [01m[K/home/yfblock/Code/hyper-rtos/tgoskits/tmp/rt-thread-5.2.2-full/components/net/lwip/lwip-2.1.2/src/include/lwip/opt.h:52[m[K,
                 from [01m[K/home/yfblock/Code/hyper-rtos/tgoskits/tmp/rt-thread-5.2.2-full/components/net/lwip/lwip-2.1.2/src/api/api_msg.c:39[m[K:
[01m[K./rtconfig.h:201:[m[K [01;35m[Kwarning: [m[K"TCPIP_THREAD_STACKSIZE" redefined
  201 | #define TCPIP_THREAD_STACKSIZE 8192
      | 
In file included from [01m[K/home/yfblock/Code/hyper-rtos/tgoskits/tmp/rt-thread-5.2.2-full/components/net/lwip/lwip-2.1.2/src/include/lwip/opt.h:51[m[K,
                 from [01m[K/home/yfblock/Code/hyper-rtos/tgoskits/tmp/rt-thread-5.2.2-full/components/net/lwip/lwip-2.1.2/src/api/api_msg.c:39[m[K:
[01m[K/home/yfblock/Code/hyper-rtos/tgoskits/tmp/rt-thread-5.2.2-full/components/net/lwip/port/lwipopts.h:411:[m[K [01;36m[Knote: [m[Kthis is the location of the previous definition
  411 | #define TCPIP_THREAD_STACKSIZE      RT_LWIP_TCPTHREAD_STACKSIZE
      | 
In file included from [01m[K/home/yfblock/Code/hyper-rtos/tgoskits/tmp/rt-thread-5.2.2-full/include/rttypes.h:14[m[K,
                 from [01m[K/home/yfblock/Code/hyper-rtos/tgoskits/tmp/rt-thread-5.2.2-full/include/rtsched.h:14[m[K,
                 from [01m[K/home/yfblock/Code/hyper-rtos/tgoskits/tmp/rt-thread-5.2.2-full/include/rtdef.h:68[m[K,
                 from [01m[K/home/yfblock/Code/hyper-rtos/tgoskits/tmp/rt-thread-5.2.2-full/include/rthw.h:23[m[K,
                 from [01m[K/home/yfblock/Code/hyper-rtos/tgoskits/tmp/rt-thread-5.2.2-full/components/net/lwip/port/arch/cc.h:48[m[K,
                 from [01m[K/home/yfblock/Code/hyper-rtos/tgoskits/tmp/rt-thread-5.2.2-full/components/net/lwip/lwip-2.1.2/src/include/lwip/arch.h:48[m[K,
                 from [01m[K/home/yfblock/Code/hyper-rtos/tgoskits/tmp/rt-thread-5.2.2-full/components/net/lwip/lwip-2.1.2/src/include/lwip/debug.h:40[m[K,
                 from [01m[K/home/yfblock/Code/hyper-rtos/tgoskits/tmp/rt-thread-5.2.2-full/components/net/lwip/lwip-2.1.2/src/include/lwip/opt.h:52[m[K,
                 from [01m[K/home/yfblock/Code/hyper-rtos/tgoskits/tmp/rt-thread-5.2.2-full/components/net/lwip/lwip-2.1.2/src/api/api_msg.c:39[m[K:
[01m[K./rtconfig.h:202:[m[K [01;35m[Kwarning: [m[K"TCPIP_THREAD_PRIO" redefined
  202 | #define TCPIP_THREAD_PRIO 10
      | 
In file included from [01m[K/home/yfblock/Code/hyper-rtos/tgoskits/tmp/rt-thread-5.2.2-full/components/net/lwip/lwip-2.1.2/src/include/lwip/opt.h:51[m[K,
                 from [01m[K/home/yfblock/Code/hyper-rtos/tgoskits/tmp/rt-thread-5.2.2-full/components/net/lwip/lwip-2.1.2/src/api/api_msg.c:39[m[K:
[01m[K/home/yfblock/Code/hyper-rtos/tgoskits/tmp/rt-thread-5.2.2-full/components/net/lwip/port/lwipopts.h:410:[m[K [01;36m[Knote: [m[Kthis is the location of the previous definition
  410 | #define TCPIP_THREAD_PRIO           RT_LWIP_TCPTHREAD_PRIORITY
      | 
CC build/kernel/components/net/lwip/lwip-2.1.2/src/api/err.o
In file included from [01m[K/home/yfblock/Code/hyper-rtos/tgoskits/tmp/rt-thread-5.2.2-full/components/net/lwip/port/lwipopts.h:15[m[K,
                 from [01m[K/home/yfblock/Code/hyper-rtos/tgoskits/tmp/rt-thread-5.2.2-full/components/net/lwip/lwip-2.1.2/src/include/lwip/opt.h:51[m[K,
                 from [01m[K/home/yfblock/Code/hyper-rtos/tgoskits/tmp/rt-thread-5.2.2-full/components/net/lwip/lwip-2.1.2/src/include/lwip/err.h:39[m[K,
                 from [01m[K/home/yfblock/Code/hyper-rtos/tgoskits/tmp/rt-thread-5.2.2-full/components/net/lwip/lwip-2.1.2/src/api/err.c:39[m[K:
[01m[K./rtconfig.h:193:[m[K [01;35m[Kwarning: [m[K"RT_CONSOLE_DEVICE_NAME" redefined
  193 | #define RT_CONSOLE_DEVICE_NAME "uart0"
      | 
[01m[K./rtconfig.h:52:[m[K [01;36m[Knote: [m[Kthis is the location of the previous definition
   52 | #define RT_CONSOLE_DEVICE_NAME uart1
      | 
[01m[K./rtconfig.h:194:[m[K [01;35m[Kwarning: [m[K"FINSH_THREAD_NAME" redefined
  194 | #define FINSH_THREAD_NAME "tshell"
      | 
[01m[K./rtconfig.h:59:[m[K [01;36m[Knote: [m[Kthis is the location of the previous definition
   59 | #define FINSH_THREAD_NAME tshell
      | 
CC build/kernel/components/net/lwip/lwip-2.1.2/src/api/if_api.o
In file included from [01m[K/home/yfblock/Code/hyper-rtos/tgoskits/tmp/rt-thread-5.2.2-full/components/net/lwip/lwip-2.1.2/src/include/lwip/opt.h:51[m[K,
                 from [01m[K/home/yfblock/Code/hyper-rtos/tgoskits/tmp/rt-thread-5.2.2-full/components/net/lwip/lwip-2.1.2/src/include/lwip/err.h:39[m[K,
                 from [01m[K/home/yfblock/Code/hyper-rtos/tgoskits/tmp/rt-thread-5.2.2-full/components/net/lwip/lwip-2.1.2/src/api/err.c:39[m[K:
[01m[K/home/yfblock/Code/hyper-rtos/tgoskits/tmp/rt-thread-5.2.2-full/components/net/lwip/port/lwipopts.h:410:[m[K [01;35m[Kwarning: [m[K"TCPIP_THREAD_PRIO" redefined
  410 | #define TCPIP_THREAD_PRIO           RT_LWIP_TCPTHREAD_PRIORITY
      | 
In file included from [01m[K/home/yfblock/Code/hyper-rtos/tgoskits/tmp/rt-thread-5.2.2-full/components/libc/compilers/common/include/sys/time.h:15[m[K,
                 from [01m[K/home/yfblock/Code/hyper-rtos/tgoskits/tmp/rt-thread-5.2.2-full/components/net/lwip/port/lwipopts.h:22[m[K,
                 from [01m[K/home/yfblock/Code/hyper-rtos/tgoskits/tmp/rt-thread-5.2.2-full/components/net/lwip/lwip-2.1.2/src/include/lwip/opt.h:51[m[K,
                 from [01m[K/home/yfblock/Code/hyper-rtos/tgoskits/tmp/rt-thread-5.2.2-full/components/net/lwip/lwip-2.1.2/src/include/lwip/err.h:39[m[K,
                 from [01m[K/home/yfblock/Code/hyper-rtos/tgoskits/tmp/rt-thread-5.2.2-full/components/net/lwip/lwip-2.1.2/src/api/err.c:39[m[K:
[01m[K./rtconfig.h:202:[m[K [01;36m[Knote: [m[Kthis is the location of the previous definition
  202 | #define TCPIP_THREAD_PRIO 10
      | 
In file included from [01m[K/home/yfblock/Code/hyper-rtos/tgoskits/tmp/rt-thread-5.2.2-full/components/net/lwip/lwip-2.1.2/src/include/lwip/opt.h:51[m[K,
                 from [01m[K/home/yfblock/Code/hyper-rtos/tgoskits/tmp/rt-thread-5.2.2-full/components/net/lwip/lwip-2.1.2/src/include/lwip/err.h:39[m[K,
                 from [01m[K/home/yfblock/Code/hyper-rtos/tgoskits/tmp/rt-thread-5.2.2-full/components/net/lwip/lwip-2.1.2/src/api/err.c:39[m[K:
[01m[K/home/yfblock/Code/hyper-rtos/tgoskits/tmp/rt-thread-5.2.2-full/components/net/lwip/port/lwipopts.h:411:[m[K [01;35m[Kwarning: [m[K"TCPIP_THREAD_STACKSIZE" redefined
  411 | #define TCPIP_THREAD_STACKSIZE      RT_LWIP_TCPTHREAD_STACKSIZE
      | 
In file included from [01m[K/home/yfblock/Code/hyper-rtos/tgoskits/tmp/rt-thread-5.2.2-full/components/libc/compilers/common/include/sys/time.h:15[m[K,
                 from [01m[K/home/yfblock/Code/hyper-rtos/tgoskits/tmp/rt-thread-5.2.2-full/components/net/lwip/port/lwipopts.h:22[m[K,
                 from [01m[K/home/yfblock/Code/hyper-rtos/tgoskits/tmp/rt-thread-5.2.2-full/components/net/lwip/lwip-2.1.2/src/include/lwip/opt.h:51[m[K,
                 from [01m[K/home/yfblock/Code/hyper-rtos/tgoskits/tmp/rt-thread-5.2.2-full/components/net/lwip/lwip-2.1.2/src/include/lwip/err.h:39[m[K,
                 from [01m[K/home/yfblock/Code/hyper-rtos/tgoskits/tmp/rt-thread-5.2.2-full/components/net/lwip/lwip-2.1.2/src/api/err.c:39[m[K:
[01m[K./rtconfig.h:201:[m[K [01;36m[Knote: [m[Kthis is the location of the previous definition
  201 | #define TCPIP_THREAD_STACKSIZE 8192
      | 
In file included from [01m[K/home/yfblock/Code/hyper-rtos/tgoskits/tmp/rt-thread-5.2.2-full/include/rttypes.h:14[m[K,
                 from [01m[K/home/yfblock/Code/hyper-rtos/tgoskits/tmp/rt-thread-5.2.2-full/include/rtsched.h:14[m[K,
                 from [01m[K/home/yfblock/Code/hyper-rtos/tgoskits/tmp/rt-thread-5.2.2-full/include/rtdef.h:68[m[K,
                 from [01m[K/home/yfblock/Code/hyper-rtos/tgoskits/tmp/rt-thread-5.2.2-full/include/rthw.h:23[m[K,
                 from [01m[K/home/yfblock/Code/hyper-rtos/tgoskits/tmp/rt-thread-5.2.2-full/components/net/lwip/port/arch/cc.h:48[m[K,
                 from [01m[K/home/yfblock/Code/hyper-rtos/tgoskits/tmp/rt-thread-5.2.2-full/components/net/lwip/lwip-2.1.2/src/include/lwip/arch.h:48[m[K,
                 from [01m[K/home/yfblock/Code/hyper-rtos/tgoskits/tmp/rt-thread-5.2.2-full/components/net/lwip/lwip-2.1.2/src/include/lwip/debug.h:40[m[K,
                 from [01m[K/home/yfblock/Code/hyper-rtos/tgoskits/tmp/rt-thread-5.2.2-full/components/net/lwip/lwip-2.1.2/src/include/lwip/opt.h:52[m[K,
                 from [01m[K/home/yfblock/Code/hyper-rtos/tgoskits/tmp/rt-thread-5.2.2-full/components/net/lwip/lwip-2.1.2/src/include/lwip/err.h:39[m[K,
                 from [01m[K/home/yfblock/Code/hyper-rtos/tgoskits/tmp/rt-thread-5.2.2-full/components/net/lwip/lwip-2.1.2/src/api/err.c:39[m[K:
[01m[K./rtconfig.h:201:[m[K [01;35m[Kwarning: [m[K"TCPIP_THREAD_STACKSIZE" redefined
  201 | #define TCPIP_THREAD_STACKSIZE 8192
      | 
In file included from [01m[K/home/yfblock/Code/hyper-rtos/tgoskits/tmp/rt-thread-5.2.2-full/components/net/lwip/lwip-2.1.2/src/include/lwip/opt.h:51[m[K,
                 from [01m[K/home/yfblock/Code/hyper-rtos/tgoskits/tmp/rt-thread-5.2.2-full/components/net/lwip/lwip-2.1.2/src/include/lwip/err.h:39[m[K,
                 from [01m[K/home/yfblock/Code/hyper-rtos/tgoskits/tmp/rt-thread-5.2.2-full/components/net/lwip/lwip-2.1.2/src/api/err.c:39[m[K:
[01m[K/home/yfblock/Code/hyper-rtos/tgoskits/tmp/rt-thread-5.2.2-full/components/net/lwip/port/lwipopts.h:411:[m[K [01;36m[Knote: [m[Kthis is the location of the previous definition
  411 | #define TCPIP_THREAD_STACKSIZE      RT_LWIP_TCPTHREAD_STACKSIZE
      | 
In file included from [01m[K/home/yfblock/Code/hyper-rtos/tgoskits/tmp/rt-thread-5.2.2-full/include/rttypes.h:14[m[K,
                 from [01m[K/home/yfblock/Code/hyper-rtos/tgoskits/tmp/rt-thread-5.2.2-full/include/rtsched.h:14[m[K,
                 from [01m[K/home/yfblock/Code/hyper-rtos/tgoskits/tmp/rt-thread-5.2.2-full/include/rtdef.h:68[m[K,
                 from [01m[K/home/yfblock/Code/hyper-rtos/tgoskits/tmp/rt-thread-5.2.2-full/include/rthw.h:23[m[K,
                 from [01m[K/home/yfblock/Code/hyper-rtos/tgoskits/tmp/rt-thread-5.2.2-full/components/net/lwip/port/arch/cc.h:48[m[K,
                 from [01m[K/home/yfblock/Code/hyper-rtos/tgoskits/tmp/rt-thread-5.2.2-full/components/net/lwip/lwip-2.1.2/src/include/lwip/arch.h:48[m[K,
                 from [01m[K/home/yfblock/Code/hyper-rtos/tgoskits/tmp/rt-thread-5.2.2-full/components/net/lwip/lwip-2.1.2/src/include/lwip/debug.h:40[m[K,
                 from [01m[K/home/yfblock/Code/hyper-rtos/tgoskits/tmp/rt-thread-5.2.2-full/components/net/lwip/lwip-2.1.2/src/include/lwip/opt.h:52[m[K,
                 from [01m[K/home/yfblock/Code/hyper-rtos/tgoskits/tmp/rt-thread-5.2.2-full/components/net/lwip/lwip-2.1.2/src/include/lwip/err.h:39[m[K,
                 from [01m[K/home/yfblock/Code/hyper-rtos/tgoskits/tmp/rt-thread-5.2.2-full/components/net/lwip/lwip-2.1.2/src/api/err.c:39[m[K:
[01m[K./rtconfig.h:202:[m[K [01;35m[Kwarning: [m[K"TCPIP_THREAD_PRIO" redefined
  202 | #define TCPIP_THREAD_PRIO 10
      | 
In file included from [01m[K/home/yfblock/Code/hyper-rtos/tgoskits/tmp/rt-thread-5.2.2-full/components/net/lwip/lwip-2.1.2/src/include/lwip/opt.h:51[m[K,
                 from [01m[K/home/yfblock/Code/hyper-rtos/tgoskits/tmp/rt-thread-5.2.2-full/components/net/lwip/lwip-2.1.2/src/include/lwip/err.h:39[m[K,
                 from [01m[K/home/yfblock/Code/hyper-rtos/tgoskits/tmp/rt-thread-5.2.2-full/components/net/lwip/lwip-2.1.2/src/api/err.c:39[m[K:
[01m[K/home/yfblock/Code/hyper-rtos/tgoskits/tmp/rt-thread-5.2.2-full/components/net/lwip/port/lwipopts.h:410:[m[K [01;36m[Knote: [m[Kthis is the location of the previous definition
  410 | #define TCPIP_THREAD_PRIO           RT_LWIP_TCPTHREAD_PRIORITY
      | 
In file included from [01m[K/home/yfblock/Code/hyper-rtos/tgoskits/tmp/rt-thread-5.2.2-full/components/net/lwip/port/lwipopts.h:15[m[K,
                 from [01m[K/home/yfblock/Code/hyper-rtos/tgoskits/tmp/rt-thread-5.2.2-full/components/net/lwip/lwip-2.1.2/src/include/lwip/opt.h:51[m[K,
                 from [01m[K/home/yfblock/Code/hyper-rtos/tgoskits/tmp/rt-thread-5.2.2-full/components/net/lwip/lwip-2.1.2/src/api/if_api.c:42[m[K:
[01m[K./rtconfig.h:193:[m[K [01;35m[Kwarning: [m[K"RT_CONSOLE_DEVICE_NAME" redefined
  193 | #define RT_CONSOLE_DEVICE_NAME "uart0"
      | 
[01m[K./rtconfig.h:52:[m[K [01;36m[Knote: [m[Kthis is the location of the previous definition
   52 | #define RT_CONSOLE_DEVICE_NAME uart1
      | 
[01m[K./rtconfig.h:194:[m[K [01;35m[Kwarning: [m[K"FINSH_THREAD_NAME" redefined
  194 | #define FINSH_THREAD_NAME "tshell"
      | 
[01m[K./rtconfig.h:59:[m[K [01;36m[Knote: [m[Kthis is the location of the previous definition
   59 | #define FINSH_THREAD_NAME tshell
      | 
In file included from [01m[K/home/yfblock/Code/hyper-rtos/tgoskits/tmp/rt-thread-5.2.2-full/components/net/lwip/lwip-2.1.2/src/include/lwip/opt.h:51[m[K,
                 from [01m[K/home/yfblock/Code/hyper-rtos/tgoskits/tmp/rt-thread-5.2.2-full/components/net/lwip/lwip-2.1.2/src/api/if_api.c:42[m[K:
[01m[K/home/yfblock/Code/hyper-rtos/tgoskits/tmp/rt-thread-5.2.2-full/components/net/lwip/port/lwipopts.h:410:[m[K [01;35m[Kwarning: [m[K"TCPIP_THREAD_PRIO" redefined
  410 | #define TCPIP_THREAD_PRIO           RT_LWIP_TCPTHREAD_PRIORITY
      | 
In file included from [01m[K/home/yfblock/Code/hyper-rtos/tgoskits/tmp/rt-thread-5.2.2-full/components/libc/compilers/common/include/sys/time.h:15[m[K,
                 from [01m[K/home/yfblock/Code/hyper-rtos/tgoskits/tmp/rt-thread-5.2.2-full/components/net/lwip/port/lwipopts.h:22[m[K,
                 from [01m[K/home/yfblock/Code/hyper-rtos/tgoskits/tmp/rt-thread-5.2.2-full/components/net/lwip/lwip-2.1.2/src/include/lwip/opt.h:51[m[K,
                 from [01m[K/home/yfblock/Code/hyper-rtos/tgoskits/tmp/rt-thread-5.2.2-full/components/net/lwip/lwip-2.1.2/src/api/if_api.c:42[m[K:
[01m[K./rtconfig.h:202:[m[K [01;36m[Knote: [m[Kthis is the location of the previous definition
  202 | #define TCPIP_THREAD_PRIO 10
      | 
In file included from [01m[K/home/yfblock/Code/hyper-rtos/tgoskits/tmp/rt-thread-5.2.2-full/components/net/lwip/lwip-2.1.2/src/include/lwip/opt.h:51[m[K,
                 from [01m[K/home/yfblock/Code/hyper-rtos/tgoskits/tmp/rt-thread-5.2.2-full/components/net/lwip/lwip-2.1.2/src/api/if_api.c:42[m[K:
[01m[K/home/yfblock/Code/hyper-rtos/tgoskits/tmp/rt-thread-5.2.2-full/components/net/lwip/port/lwipopts.h:411:[m[K [01;35m[Kwarning: [m[K"TCPIP_THREAD_STACKSIZE" redefined
  411 | #define TCPIP_THREAD_STACKSIZE      RT_LWIP_TCPTHREAD_STACKSIZE
      | 
In file included from [01m[K/home/yfblock/Code/hyper-rtos/tgoskits/tmp/rt-thread-5.2.2-full/components/libc/compilers/common/include/sys/time.h:15[m[K,
                 from [01m[K/home/yfblock/Code/hyper-rtos/tgoskits/tmp/rt-thread-5.2.2-full/components/net/lwip/port/lwipopts.h:22[m[K,
                 from [01m[K/home/yfblock/Code/hyper-rtos/tgoskits/tmp/rt-thread-5.2.2-full/components/net/lwip/lwip-2.1.2/src/include/lwip/opt.h:51[m[K,
                 from [01m[K/home/yfblock/Code/hyper-rtos/tgoskits/tmp/rt-thread-5.2.2-full/components/net/lwip/lwip-2.1.2/src/api/if_api.c:42[m[K:
[01m[K./rtconfig.h:201:[m[K [01;36m[Knote: [m[Kthis is the location of the previous definition
  201 | #define TCPIP_THREAD_STACKSIZE 8192
      | 
In file included from [01m[K/home/yfblock/Code/hyper-rtos/tgoskits/tmp/rt-thread-5.2.2-full/include/rttypes.h:14[m[K,
                 from [01m[K/home/yfblock/Code/hyper-rtos/tgoskits/tmp/rt-thread-5.2.2-full/include/rtsched.h:14[m[K,
                 from [01m[K/home/yfblock/Code/hyper-rtos/tgoskits/tmp/rt-thread-5.2.2-full/include/rtdef.h:68[m[K,
                 from [01m[K/home/yfblock/Code/hyper-rtos/tgoskits/tmp/rt-thread-5.2.2-full/include/rthw.h:23[m[K,
                 from [01m[K/home/yfblock/Code/hyper-rtos/tgoskits/tmp/rt-thread-5.2.2-full/components/net/lwip/port/arch/cc.h:48[m[K,
                 from [01m[K/home/yfblock/Code/hyper-rtos/tgoskits/tmp/rt-thread-5.2.2-full/components/net/lwip/lwip-2.1.2/src/include/lwip/arch.h:48[m[K,
                 from [01m[K/home/yfblock/Code/hyper-rtos/tgoskits/tmp/rt-thread-5.2.2-full/components/net/lwip/lwip-2.1.2/src/include/lwip/debug.h:40[m[K,
                 from [01m[K/home/yfblock/Code/hyper-rtos/tgoskits/tmp/rt-thread-5.2.2-full/components/net/lwip/lwip-2.1.2/src/include/lwip/opt.h:52[m[K,
                 from [01m[K/home/yfblock/Code/hyper-rtos/tgoskits/tmp/rt-thread-5.2.2-full/components/net/lwip/lwip-2.1.2/src/api/if_api.c:42[m[K:
[01m[K./rtconfig.h:201:[m[K [01;35m[Kwarning: [m[K"TCPIP_THREAD_STACKSIZE" redefined
  201 | #define TCPIP_THREAD_STACKSIZE 8192
      | 
In file included from [01m[K/home/yfblock/Code/hyper-rtos/tgoskits/tmp/rt-thread-5.2.2-full/components/net/lwip/lwip-2.1.2/src/include/lwip/opt.h:51[m[K,
                 from [01m[K/home/yfblock/Code/hyper-rtos/tgoskits/tmp/rt-thread-5.2.2-full/components/net/lwip/lwip-2.1.2/src/api/if_api.c:42[m[K:
[01m[K/home/yfblock/Code/hyper-rtos/tgoskits/tmp/rt-thread-5.2.2-full/components/net/lwip/port/lwipopts.h:411:[m[K [01;36m[Knote: [m[Kthis is the location of the previous definition
  411 | #define TCPIP_THREAD_STACKSIZE      RT_LWIP_TCPTHREAD_STACKSIZE
      | 
In file included from [01m[K/home/yfblock/Code/hyper-rtos/tgoskits/tmp/rt-thread-5.2.2-full/include/rttypes.h:14[m[K,
                 from [01m[K/home/yfblock/Code/hyper-rtos/tgoskits/tmp/rt-thread-5.2.2-full/include/rtsched.h:14[m[K,
                 from [01m[K/home/yfblock/Code/hyper-rtos/tgoskits/tmp/rt-thread-5.2.2-full/include/rtdef.h:68[m[K,
                 from [01m[K/home/yfblock/Code/hyper-rtos/tgoskits/tmp/rt-thread-5.2.2-full/include/rthw.h:23[m[K,
                 from [01m[K/home/yfblock/Code/hyper-rtos/tgoskits/tmp/rt-thread-5.2.2-full/components/net/lwip/port/arch/cc.h:48[m[K,
                 from [01m[K/home/yfblock/Code/hyper-rtos/tgoskits/tmp/rt-thread-5.2.2-full/components/net/lwip/lwip-2.1.2/src/include/lwip/arch.h:48[m[K,
                 from [01m[K/home/yfblock/Code/hyper-rtos/tgoskits/tmp/rt-thread-5.2.2-full/components/net/lwip/lwip-2.1.2/src/include/lwip/debug.h:40[m[K,
                 from [01m[K/home/yfblock/Code/hyper-rtos/tgoskits/tmp/rt-thread-5.2.2-full/components/net/lwip/lwip-2.1.2/src/include/lwip/opt.h:52[m[K,
                 from [01m[K/home/yfblock/Code/hyper-rtos/tgoskits/tmp/rt-thread-5.2.2-full/components/net/lwip/lwip-2.1.2/src/api/if_api.c:42[m[K:
[01m[K./rtconfig.h:202:[m[K [01;35m[Kwarning: [m[K"TCPIP_THREAD_PRIO" redefined
  202 | #define TCPIP_THREAD_PRIO 10
      | 
In file included from [01m[K/home/yfblock/Code/hyper-rtos/tgoskits/tmp/rt-thread-5.2.2-full/components/net/lwip/lwip-2.1.2/src/include/lwip/opt.h:51[m[K,
                 from [01m[K/home/yfblock/Code/hyper-rtos/tgoskits/tmp/rt-thread-5.2.2-full/components/net/lwip/lwip-2.1.2/src/api/if_api.c:42[m[K:
[01m[K/home/yfblock/Code/hyper-rtos/tgoskits/tmp/rt-thread-5.2.2-full/components/net/lwip/port/lwipopts.h:410:[m[K [01;36m[Knote: [m[Kthis is the location of the previous definition
  410 | #define TCPIP_THREAD_PRIO           RT_LWIP_TCPTHREAD_PRIORITY
      | 
CC build/kernel/components/net/lwip/lwip-2.1.2/src/api/netbuf.o
In file included from [01m[K/home/yfblock/Code/hyper-rtos/tgoskits/tmp/rt-thread-5.2.2-full/components/net/lwip/port/lwipopts.h:15[m[K,
                 from [01m[K/home/yfblock/Code/hyper-rtos/tgoskits/tmp/rt-thread-5.2.2-full/components/net/lwip/lwip-2.1.2/src/include/lwip/opt.h:51[m[K,
                 from [01m[K/home/yfblock/Code/hyper-rtos/tgoskits/tmp/rt-thread-5.2.2-full/components/net/lwip/lwip-2.1.2/src/api/netbuf.c:45[m[K:
[01m[K./rtconfig.h:193:[m[K [01;35m[Kwarning: [m[K"RT_CONSOLE_DEVICE_NAME" redefined
  193 | #define RT_CONSOLE_DEVICE_NAME "uart0"
      | 
[01m[K./rtconfig.h:52:[m[K [01;36m[Knote: [m[Kthis is the location of the previous definition
   52 | #define RT_CONSOLE_DEVICE_NAME uart1
      | 
[01m[K./rtconfig.h:194:[m[K [01;35m[Kwarning: [m[K"FINSH_THREAD_NAME" redefined
  194 | #define FINSH_THREAD_NAME "tshell"
      | 
[01m[K./rtconfig.h:59:[m[K [01;36m[Knote: [m[Kthis is the location of the previous definition
   59 | #define FINSH_THREAD_NAME tshell
      | 
In file included from [01m[K/home/yfblock/Code/hyper-rtos/tgoskits/tmp/rt-thread-5.2.2-full/components/net/lwip/lwip-2.1.2/src/include/lwip/opt.h:51[m[K,
                 from [01m[K/home/yfblock/Code/hyper-rtos/tgoskits/tmp/rt-thread-5.2.2-full/components/net/lwip/lwip-2.1.2/src/api/netbuf.c:45[m[K:
[01m[K/home/yfblock/Code/hyper-rtos/tgoskits/tmp/rt-thread-5.2.2-full/components/net/lwip/port/lwipopts.h:410:[m[K [01;35m[Kwarning: [m[K"TCPIP_THREAD_PRIO" redefined
  410 | #define TCPIP_THREAD_PRIO           RT_LWIP_TCPTHREAD_PRIORITY
      | 
In file included from [01m[K/home/yfblock/Code/hyper-rtos/tgoskits/tmp/rt-thread-5.2.2-full/components/libc/compilers/common/include/sys/time.h:15[m[K,
                 from [01m[K/home/yfblock/Code/hyper-rtos/tgoskits/tmp/rt-thread-5.2.2-full/components/net/lwip/port/lwipopts.h:22[m[K,
                 from [01m[K/home/yfblock/Code/hyper-rtos/tgoskits/tmp/rt-thread-5.2.2-full/components/net/lwip/lwip-2.1.2/src/include/lwip/opt.h:51[m[K,
                 from [01m[K/home/yfblock/Code/hyper-rtos/tgoskits/tmp/rt-thread-5.2.2-full/components/net/lwip/lwip-2.1.2/src/api/netbuf.c:45[m[K:
[01m[K./rtconfig.h:202:[m[K [01;36m[Knote: [m[Kthis is the location of the previous definition
  202 | #define TCPIP_THREAD_PRIO 10
      | 
In file included from [01m[K/home/yfblock/Code/hyper-rtos/tgoskits/tmp/rt-thread-5.2.2-full/components/net/lwip/lwip-2.1.2/src/include/lwip/opt.h:51[m[K,
                 from [01m[K/home/yfblock/Code/hyper-rtos/tgoskits/tmp/rt-thread-5.2.2-full/components/net/lwip/lwip-2.1.2/src/api/netbuf.c:45[m[K:
[01m[K/home/yfblock/Code/hyper-rtos/tgoskits/tmp/rt-thread-5.2.2-full/components/net/lwip/port/lwipopts.h:411:[m[K [01;35m[Kwarning: [m[K"TCPIP_THREAD_STACKSIZE" redefined
  411 | #define TCPIP_THREAD_STACKSIZE      RT_LWIP_TCPTHREAD_STACKSIZE
      | 
In file included from [01m[K/home/yfblock/Code/hyper-rtos/tgoskits/tmp/rt-thread-5.2.2-full/components/libc/compilers/common/include/sys/time.h:15[m[K,
                 from [01m[K/home/yfblock/Code/hyper-rtos/tgoskits/tmp/rt-thread-5.2.2-full/components/net/lwip/port/lwipopts.h:22[m[K,
                 from [01m[K/home/yfblock/Code/hyper-rtos/tgoskits/tmp/rt-thread-5.2.2-full/components/net/lwip/lwip-2.1.2/src/include/lwip/opt.h:51[m[K,
                 from [01m[K/home/yfblock/Code/hyper-rtos/tgoskits/tmp/rt-thread-5.2.2-full/components/net/lwip/lwip-2.1.2/src/api/netbuf.c:45[m[K:
[01m[K./rtconfig.h:201:[m[K [01;36m[Knote: [m[Kthis is the location of the previous definition
  201 | #define TCPIP_THREAD_STACKSIZE 8192
      | 
In file included from [01m[K/home/yfblock/Code/hyper-rtos/tgoskits/tmp/rt-thread-5.2.2-full/include/rttypes.h:14[m[K,
                 from [01m[K/home/yfblock/Code/hyper-rtos/tgoskits/tmp/rt-thread-5.2.2-full/include/rtsched.h:14[m[K,
                 from [01m[K/home/yfblock/Code/hyper-rtos/tgoskits/tmp/rt-thread-5.2.2-full/include/rtdef.h:68[m[K,
                 from [01m[K/home/yfblock/Code/hyper-rtos/tgoskits/tmp/rt-thread-5.2.2-full/include/rthw.h:23[m[K,
                 from [01m[K/home/yfblock/Code/hyper-rtos/tgoskits/tmp/rt-thread-5.2.2-full/components/net/lwip/port/arch/cc.h:48[m[K,
                 from [01m[K/home/yfblock/Code/hyper-rtos/tgoskits/tmp/rt-thread-5.2.2-full/components/net/lwip/lwip-2.1.2/src/include/lwip/arch.h:48[m[K,
                 from [01m[K/home/yfblock/Code/hyper-rtos/tgoskits/tmp/rt-thread-5.2.2-full/components/net/lwip/lwip-2.1.2/src/include/lwip/debug.h:40[m[K,
                 from [01m[K/home/yfblock/Code/hyper-rtos/tgoskits/tmp/rt-thread-5.2.2-full/components/net/lwip/lwip-2.1.2/src/include/lwip/opt.h:52[m[K,
                 from [01m[K/home/yfblock/Code/hyper-rtos/tgoskits/tmp/rt-thread-5.2.2-full/components/net/lwip/lwip-2.1.2/src/api/netbuf.c:45[m[K:
[01m[K./rtconfig.h:201:[m[K [01;35m[Kwarning: [m[K"TCPIP_THREAD_STACKSIZE" redefined
  201 | #define TCPIP_THREAD_STACKSIZE 8192
      | 
In file included from [01m[K/home/yfblock/Code/hyper-rtos/tgoskits/tmp/rt-thread-5.2.2-full/components/net/lwip/lwip-2.1.2/src/include/lwip/opt.h:51[m[K,
                 from [01m[K/home/yfblock/Code/hyper-rtos/tgoskits/tmp/rt-thread-5.2.2-full/components/net/lwip/lwip-2.1.2/src/api/netbuf.c:45[m[K:
[01m[K/home/yfblock/Code/hyper-rtos/tgoskits/tmp/rt-thread-5.2.2-full/components/net/lwip/port/lwipopts.h:411:[m[K [01;36m[Knote: [m[Kthis is the location of the previous definition
  411 | #define TCPIP_THREAD_STACKSIZE      RT_LWIP_TCPTHREAD_STACKSIZE
      | 
In file included from [01m[K/home/yfblock/Code/hyper-rtos/tgoskits/tmp/rt-thread-5.2.2-full/include/rttypes.h:14[m[K,
                 from [01m[K/home/yfblock/Code/hyper-rtos/tgoskits/tmp/rt-thread-5.2.2-full/include/rtsched.h:14[m[K,
                 from [01m[K/home/yfblock/Code/hyper-rtos/tgoskits/tmp/rt-thread-5.2.2-full/include/rtdef.h:68[m[K,
                 from [01m[K/home/yfblock/Code/hyper-rtos/tgoskits/tmp/rt-thread-5.2.2-full/include/rthw.h:23[m[K,
                 from [01m[K/home/yfblock/Code/hyper-rtos/tgoskits/tmp/rt-thread-5.2.2-full/components/net/lwip/port/arch/cc.h:48[m[K,
                 from [01m[K/home/yfblock/Code/hyper-rtos/tgoskits/tmp/rt-thread-5.2.2-full/components/net/lwip/lwip-2.1.2/src/include/lwip/arch.h:48[m[K,
                 from [01m[K/home/yfblock/Code/hyper-rtos/tgoskits/tmp/rt-thread-5.2.2-full/components/net/lwip/lwip-2.1.2/src/include/lwip/debug.h:40[m[K,
                 from [01m[K/home/yfblock/Code/hyper-rtos/tgoskits/tmp/rt-thread-5.2.2-full/components/net/lwip/lwip-2.1.2/src/include/lwip/opt.h:52[m[K,
                 from [01m[K/home/yfblock/Code/hyper-rtos/tgoskits/tmp/rt-thread-5.2.2-full/components/net/lwip/lwip-2.1.2/src/api/netbuf.c:45[m[K:
[01m[K./rtconfig.h:202:[m[K [01;35m[Kwarning: [m[K"TCPIP_THREAD_PRIO" redefined
  202 | #define TCPIP_THREAD_PRIO 10
      | 
In file included from [01m[K/home/yfblock/Code/hyper-rtos/tgoskits/tmp/rt-thread-5.2.2-full/components/net/lwip/lwip-2.1.2/src/include/lwip/opt.h:51[m[K,
                 from [01m[K/home/yfblock/Code/hyper-rtos/tgoskits/tmp/rt-thread-5.2.2-full/components/net/lwip/lwip-2.1.2/src/api/netbuf.c:45[m[K:
[01m[K/home/yfblock/Code/hyper-rtos/tgoskits/tmp/rt-thread-5.2.2-full/components/net/lwip/port/lwipopts.h:410:[m[K [01;36m[Knote: [m[Kthis is the location of the previous definition
  410 | #define TCPIP_THREAD_PRIO           RT_LWIP_TCPTHREAD_PRIORITY
      | 
CC build/kernel/components/net/lwip/lwip-2.1.2/src/api/netdb.o
CC build/kernel/components/net/lwip/lwip-2.1.2/src/api/netifapi.o
In file included from [01m[K/home/yfblock/Code/hyper-rtos/tgoskits/tmp/rt-thread-5.2.2-full/components/net/lwip/port/lwipopts.h:15[m[K,
                 from [01m[K/home/yfblock/Code/hyper-rtos/tgoskits/tmp/rt-thread-5.2.2-full/components/net/lwip/lwip-2.1.2/src/include/lwip/opt.h:51[m[K,
                 from [01m[K/home/yfblock/Code/hyper-rtos/tgoskits/tmp/rt-thread-5.2.2-full/components/net/lwip/lwip-2.1.2/src/include/lwip/netdb.h:37[m[K,
                 from [01m[K/home/yfblock/Code/hyper-rtos/tgoskits/tmp/rt-thread-5.2.2-full/components/net/lwip/lwip-2.1.2/src/api/netdb.c:38[m[K:
[01m[K./rtconfig.h:193:[m[K [01;35m[Kwarning: [m[K"RT_CONSOLE_DEVICE_NAME" redefined
  193 | #define RT_CONSOLE_DEVICE_NAME "uart0"
      | 
[01m[K./rtconfig.h:52:[m[K [01;36m[Knote: [m[Kthis is the location of the previous definition
   52 | #define RT_CONSOLE_DEVICE_NAME uart1
      | 
[01m[K./rtconfig.h:194:[m[K [01;35m[Kwarning: [m[K"FINSH_THREAD_NAME" redefined
  194 | #define FINSH_THREAD_NAME "tshell"
      | 
[01m[K./rtconfig.h:59:[m[K [01;36m[Knote: [m[Kthis is the location of the previous definition
   59 | #define FINSH_THREAD_NAME tshell
      | 
In file included from [01m[K/home/yfblock/Code/hyper-rtos/tgoskits/tmp/rt-thread-5.2.2-full/components/net/lwip/lwip-2.1.2/src/include/lwip/opt.h:51[m[K,
                 from [01m[K/home/yfblock/Code/hyper-rtos/tgoskits/tmp/rt-thread-5.2.2-full/components/net/lwip/lwip-2.1.2/src/include/lwip/netdb.h:37[m[K,
                 from [01m[K/home/yfblock/Code/hyper-rtos/tgoskits/tmp/rt-thread-5.2.2-full/components/net/lwip/lwip-2.1.2/src/api/netdb.c:38[m[K:
[01m[K/home/yfblock/Code/hyper-rtos/tgoskits/tmp/rt-thread-5.2.2-full/components/net/lwip/port/lwipopts.h:410:[m[K [01;35m[Kwarning: [m[K"TCPIP_THREAD_PRIO" redefined
  410 | #define TCPIP_THREAD_PRIO           RT_LWIP_TCPTHREAD_PRIORITY
      | 
In file included from [01m[K/home/yfblock/Code/hyper-rtos/tgoskits/tmp/rt-thread-5.2.2-full/components/libc/compilers/common/include/sys/time.h:15[m[K,
                 from [01m[K/home/yfblock/Code/hyper-rtos/tgoskits/tmp/rt-thread-5.2.2-full/components/net/lwip/port/lwipopts.h:22[m[K,
                 from [01m[K/home/yfblock/Code/hyper-rtos/tgoskits/tmp/rt-thread-5.2.2-full/components/net/lwip/lwip-2.1.2/src/include/lwip/opt.h:51[m[K,
                 from [01m[K/home/yfblock/Code/hyper-rtos/tgoskits/tmp/rt-thread-5.2.2-full/components/net/lwip/lwip-2.1.2/src/include/lwip/netdb.h:37[m[K,
                 from [01m[K/home/yfblock/Code/hyper-rtos/tgoskits/tmp/rt-thread-5.2.2-full/components/net/lwip/lwip-2.1.2/src/api/netdb.c:38[m[K:
[01m[K./rtconfig.h:202:[m[K [01;36m[Knote: [m[Kthis is the location of the previous definition
  202 | #define TCPIP_THREAD_PRIO 10
      | 
In file included from [01m[K/home/yfblock/Code/hyper-rtos/tgoskits/tmp/rt-thread-5.2.2-full/components/net/lwip/lwip-2.1.2/src/include/lwip/opt.h:51[m[K,
                 from [01m[K/home/yfblock/Code/hyper-rtos/tgoskits/tmp/rt-thread-5.2.2-full/components/net/lwip/lwip-2.1.2/src/include/lwip/netdb.h:37[m[K,
                 from [01m[K/home/yfblock/Code/hyper-rtos/tgoskits/tmp/rt-thread-5.2.2-full/components/net/lwip/lwip-2.1.2/src/api/netdb.c:38[m[K:
[01m[K/home/yfblock/Code/hyper-rtos/tgoskits/tmp/rt-thread-5.2.2-full/components/net/lwip/port/lwipopts.h:411:[m[K [01;35m[Kwarning: [m[K"TCPIP_THREAD_STACKSIZE" redefined
  411 | #define TCPIP_THREAD_STACKSIZE      RT_LWIP_TCPTHREAD_STACKSIZE
      | 
In file included from [01m[K/home/yfblock/Code/hyper-rtos/tgoskits/tmp/rt-thread-5.2.2-full/components/libc/compilers/common/include/sys/time.h:15[m[K,
                 from [01m[K/home/yfblock/Code/hyper-rtos/tgoskits/tmp/rt-thread-5.2.2-full/components/net/lwip/port/lwipopts.h:22[m[K,
                 from [01m[K/home/yfblock/Code/hyper-rtos/tgoskits/tmp/rt-thread-5.2.2-full/components/net/lwip/lwip-2.1.2/src/include/lwip/opt.h:51[m[K,
                 from [01m[K/home/yfblock/Code/hyper-rtos/tgoskits/tmp/rt-thread-5.2.2-full/components/net/lwip/lwip-2.1.2/src/include/lwip/netdb.h:37[m[K,
                 from [01m[K/home/yfblock/Code/hyper-rtos/tgoskits/tmp/rt-thread-5.2.2-full/components/net/lwip/lwip-2.1.2/src/api/netdb.c:38[m[K:
[01m[K./rtconfig.h:201:[m[K [01;36m[Knote: [m[Kthis is the location of the previous definition
  201 | #define TCPIP_THREAD_STACKSIZE 8192
      | 
In file included from [01m[K/home/yfblock/Code/hyper-rtos/tgoskits/tmp/rt-thread-5.2.2-full/include/rttypes.h:14[m[K,
                 from [01m[K/home/yfblock/Code/hyper-rtos/tgoskits/tmp/rt-thread-5.2.2-full/include/rtsched.h:14[m[K,
                 from [01m[K/home/yfblock/Code/hyper-rtos/tgoskits/tmp/rt-thread-5.2.2-full/include/rtdef.h:68[m[K,
                 from [01m[K/home/yfblock/Code/hyper-rtos/tgoskits/tmp/rt-thread-5.2.2-full/include/rthw.h:23[m[K,
                 from [01m[K/home/yfblock/Code/hyper-rtos/tgoskits/tmp/rt-thread-5.2.2-full/components/net/lwip/port/arch/cc.h:48[m[K,
                 from [01m[K/home/yfblock/Code/hyper-rtos/tgoskits/tmp/rt-thread-5.2.2-full/components/net/lwip/lwip-2.1.2/src/include/lwip/arch.h:48[m[K,
                 from [01m[K/home/yfblock/Code/hyper-rtos/tgoskits/tmp/rt-thread-5.2.2-full/components/net/lwip/lwip-2.1.2/src/include/lwip/debug.h:40[m[K,
                 from [01m[K/home/yfblock/Code/hyper-rtos/tgoskits/tmp/rt-thread-5.2.2-full/components/net/lwip/lwip-2.1.2/src/include/lwip/opt.h:52[m[K,
                 from [01m[K/home/yfblock/Code/hyper-rtos/tgoskits/tmp/rt-thread-5.2.2-full/components/net/lwip/lwip-2.1.2/src/include/lwip/netdb.h:37[m[K,
                 from [01m[K/home/yfblock/Code/hyper-rtos/tgoskits/tmp/rt-thread-5.2.2-full/components/net/lwip/lwip-2.1.2/src/api/netdb.c:38[m[K:
[01m[K./rtconfig.h:201:[m[K [01;35m[Kwarning: [m[K"TCPIP_THREAD_STACKSIZE" redefined
  201 | #define TCPIP_THREAD_STACKSIZE 8192
      | 
In file included from [01m[K/home/yfblock/Code/hyper-rtos/tgoskits/tmp/rt-thread-5.2.2-full/components/net/lwip/lwip-2.1.2/src/include/lwip/opt.h:51[m[K,
                 from [01m[K/home/yfblock/Code/hyper-rtos/tgoskits/tmp/rt-thread-5.2.2-full/components/net/lwip/lwip-2.1.2/src/include/lwip/netdb.h:37[m[K,
                 from [01m[K/home/yfblock/Code/hyper-rtos/tgoskits/tmp/rt-thread-5.2.2-full/components/net/lwip/lwip-2.1.2/src/api/netdb.c:38[m[K:
[01m[K/home/yfblock/Code/hyper-rtos/tgoskits/tmp/rt-thread-5.2.2-full/components/net/lwip/port/lwipopts.h:411:[m[K [01;36m[Knote: [m[Kthis is the location of the previous definition
  411 | #define TCPIP_THREAD_STACKSIZE      RT_LWIP_TCPTHREAD_STACKSIZE
      | 
In file included from [01m[K/home/yfblock/Code/hyper-rtos/tgoskits/tmp/rt-thread-5.2.2-full/include/rttypes.h:14[m[K,
                 from [01m[K/home/yfblock/Code/hyper-rtos/tgoskits/tmp/rt-thread-5.2.2-full/include/rtsched.h:14[m[K,
                 from [01m[K/home/yfblock/Code/hyper-rtos/tgoskits/tmp/rt-thread-5.2.2-full/include/rtdef.h:68[m[K,
                 from [01m[K/home/yfblock/Code/hyper-rtos/tgoskits/tmp/rt-thread-5.2.2-full/include/rthw.h:23[m[K,
                 from [01m[K/home/yfblock/Code/hyper-rtos/tgoskits/tmp/rt-thread-5.2.2-full/components/net/lwip/port/arch/cc.h:48[m[K,
                 from [01m[K/home/yfblock/Code/hyper-rtos/tgoskits/tmp/rt-thread-5.2.2-full/components/net/lwip/lwip-2.1.2/src/include/lwip/arch.h:48[m[K,
                 from [01m[K/home/yfblock/Code/hyper-rtos/tgoskits/tmp/rt-thread-5.2.2-full/components/net/lwip/lwip-2.1.2/src/include/lwip/debug.h:40[m[K,
                 from [01m[K/home/yfblock/Code/hyper-rtos/tgoskits/tmp/rt-thread-5.2.2-full/components/net/lwip/lwip-2.1.2/src/include/lwip/opt.h:52[m[K,
                 from [01m[K/home/yfblock/Code/hyper-rtos/tgoskits/tmp/rt-thread-5.2.2-full/components/net/lwip/lwip-2.1.2/src/include/lwip/netdb.h:37[m[K,
                 from [01m[K/home/yfblock/Code/hyper-rtos/tgoskits/tmp/rt-thread-5.2.2-full/components/net/lwip/lwip-2.1.2/src/api/netdb.c:38[m[K:
[01m[K./rtconfig.h:202:[m[K [01;35m[Kwarning: [m[K"TCPIP_THREAD_PRIO" redefined
  202 | #define TCPIP_THREAD_PRIO 10
      | 
In file included from [01m[K/home/yfblock/Code/hyper-rtos/tgoskits/tmp/rt-thread-5.2.2-full/components/net/lwip/lwip-2.1.2/src/include/lwip/opt.h:51[m[K,
                 from [01m[K/home/yfblock/Code/hyper-rtos/tgoskits/tmp/rt-thread-5.2.2-full/components/net/lwip/lwip-2.1.2/src/include/lwip/netdb.h:37[m[K,
                 from [01m[K/home/yfblock/Code/hyper-rtos/tgoskits/tmp/rt-thread-5.2.2-full/components/net/lwip/lwip-2.1.2/src/api/netdb.c:38[m[K:
[01m[K/home/yfblock/Code/hyper-rtos/tgoskits/tmp/rt-thread-5.2.2-full/components/net/lwip/port/lwipopts.h:410:[m[K [01;36m[Knote: [m[Kthis is the location of the previous definition
  410 | #define TCPIP_THREAD_PRIO           RT_LWIP_TCPTHREAD_PRIORITY
      | 
In file included from [01m[K/home/yfblock/Code/hyper-rtos/tgoskits/tmp/rt-thread-5.2.2-full/components/net/lwip/port/lwipopts.h:15[m[K,
                 from [01m[K/home/yfblock/Code/hyper-rtos/tgoskits/tmp/rt-thread-5.2.2-full/components/net/lwip/lwip-2.1.2/src/include/lwip/opt.h:51[m[K,
                 from [01m[K/home/yfblock/Code/hyper-rtos/tgoskits/tmp/rt-thread-5.2.2-full/components/net/lwip/lwip-2.1.2/src/api/netifapi.c:41[m[K:
[01m[K./rtconfig.h:193:[m[K [01;35m[Kwarning: [m[K"RT_CONSOLE_DEVICE_NAME" redefined
  193 | #define RT_CONSOLE_DEVICE_NAME "uart0"
      | 
[01m[K./rtconfig.h:52:[m[K [01;36m[Knote: [m[Kthis is the location of the previous definition
   52 | #define RT_CONSOLE_DEVICE_NAME uart1
      | 
[01m[K./rtconfig.h:194:[m[K [01;35m[Kwarning: [m[K"FINSH_THREAD_NAME" redefined
  194 | #define FINSH_THREAD_NAME "tshell"
      | 
[01m[K./rtconfig.h:59:[m[K [01;36m[Knote: [m[Kthis is the location of the previous definition
   59 | #define FINSH_THREAD_NAME tshell
      | 
In file included from [01m[K/home/yfblock/Code/hyper-rtos/tgoskits/tmp/rt-thread-5.2.2-full/components/net/lwip/lwip-2.1.2/src/include/lwip/opt.h:51[m[K,
                 from [01m[K/home/yfblock/Code/hyper-rtos/tgoskits/tmp/rt-thread-5.2.2-full/components/net/lwip/lwip-2.1.2/src/api/netifapi.c:41[m[K:
[01m[K/home/yfblock/Code/hyper-rtos/tgoskits/tmp/rt-thread-5.2.2-full/components/net/lwip/port/lwipopts.h:410:[m[K [01;35m[Kwarning: [m[K"TCPIP_THREAD_PRIO" redefined
  410 | #define TCPIP_THREAD_PRIO           RT_LWIP_TCPTHREAD_PRIORITY
      | 
In file included from [01m[K/home/yfblock/Code/hyper-rtos/tgoskits/tmp/rt-thread-5.2.2-full/components/libc/compilers/common/include/sys/time.h:15[m[K,
                 from [01m[K/home/yfblock/Code/hyper-rtos/tgoskits/tmp/rt-thread-5.2.2-full/components/net/lwip/port/lwipopts.h:22[m[K,
                 from [01m[K/home/yfblock/Code/hyper-rtos/tgoskits/tmp/rt-thread-5.2.2-full/components/net/lwip/lwip-2.1.2/src/include/lwip/opt.h:51[m[K,
                 from [01m[K/home/yfblock/Code/hyper-rtos/tgoskits/tmp/rt-thread-5.2.2-full/components/net/lwip/lwip-2.1.2/src/api/netifapi.c:41[m[K:
[01m[K./rtconfig.h:202:[m[K [01;36m[Knote: [m[Kthis is the location of the previous definition
  202 | #define TCPIP_THREAD_PRIO 10
      | 
In file included from [01m[K/home/yfblock/Code/hyper-rtos/tgoskits/tmp/rt-thread-5.2.2-full/components/net/lwip/lwip-2.1.2/src/include/lwip/opt.h:51[m[K,
                 from [01m[K/home/yfblock/Code/hyper-rtos/tgoskits/tmp/rt-thread-5.2.2-full/components/net/lwip/lwip-2.1.2/src/api/netifapi.c:41[m[K:
[01m[K/home/yfblock/Code/hyper-rtos/tgoskits/tmp/rt-thread-5.2.2-full/components/net/lwip/port/lwipopts.h:411:[m[K [01;35m[Kwarning: [m[K"TCPIP_THREAD_STACKSIZE" redefined
  411 | #define TCPIP_THREAD_STACKSIZE      RT_LWIP_TCPTHREAD_STACKSIZE
      | 
In file included from [01m[K/home/yfblock/Code/hyper-rtos/tgoskits/tmp/rt-thread-5.2.2-full/components/libc/compilers/common/include/sys/time.h:15[m[K,
                 from [01m[K/home/yfblock/Code/hyper-rtos/tgoskits/tmp/rt-thread-5.2.2-full/components/net/lwip/port/lwipopts.h:22[m[K,
                 from [01m[K/home/yfblock/Code/hyper-rtos/tgoskits/tmp/rt-thread-5.2.2-full/components/net/lwip/lwip-2.1.2/src/include/lwip/opt.h:51[m[K,
                 from [01m[K/home/yfblock/Code/hyper-rtos/tgoskits/tmp/rt-thread-5.2.2-full/components/net/lwip/lwip-2.1.2/src/api/netifapi.c:41[m[K:
[01m[K./rtconfig.h:201:[m[K [01;36m[Knote: [m[Kthis is the location of the previous definition
  201 | #define TCPIP_THREAD_STACKSIZE 8192
      | 
In file included from [01m[K/home/yfblock/Code/hyper-rtos/tgoskits/tmp/rt-thread-5.2.2-full/include/rttypes.h:14[m[K,
                 from [01m[K/home/yfblock/Code/hyper-rtos/tgoskits/tmp/rt-thread-5.2.2-full/include/rtsched.h:14[m[K,
                 from [01m[K/home/yfblock/Code/hyper-rtos/tgoskits/tmp/rt-thread-5.2.2-full/include/rtdef.h:68[m[K,
                 from [01m[K/home/yfblock/Code/hyper-rtos/tgoskits/tmp/rt-thread-5.2.2-full/include/rthw.h:23[m[K,
                 from [01m[K/home/yfblock/Code/hyper-rtos/tgoskits/tmp/rt-thread-5.2.2-full/components/net/lwip/port/arch/cc.h:48[m[K,
                 from [01m[K/home/yfblock/Code/hyper-rtos/tgoskits/tmp/rt-thread-5.2.2-full/components/net/lwip/lwip-2.1.2/src/include/lwip/arch.h:48[m[K,
                 from [01m[K/home/yfblock/Code/hyper-rtos/tgoskits/tmp/rt-thread-5.2.2-full/components/net/lwip/lwip-2.1.2/src/include/lwip/debug.h:40[m[K,
                 from [01m[K/home/yfblock/Code/hyper-rtos/tgoskits/tmp/rt-thread-5.2.2-full/components/net/lwip/lwip-2.1.2/src/include/lwip/opt.h:52[m[K,
                 from [01m[K/home/yfblock/Code/hyper-rtos/tgoskits/tmp/rt-thread-5.2.2-full/components/net/lwip/lwip-2.1.2/src/api/netifapi.c:41[m[K:
[01m[K./rtconfig.h:201:[m[K [01;35m[Kwarning: [m[K"TCPIP_THREAD_STACKSIZE" redefined
  201 | #define TCPIP_THREAD_STACKSIZE 8192
      | 
In file included from [01m[K/home/yfblock/Code/hyper-rtos/tgoskits/tmp/rt-thread-5.2.2-full/components/net/lwip/lwip-2.1.2/src/include/lwip/opt.h:51[m[K,
                 from [01m[K/home/yfblock/Code/hyper-rtos/tgoskits/tmp/rt-thread-5.2.2-full/components/net/lwip/lwip-2.1.2/src/api/netifapi.c:41[m[K:
[01m[K/home/yfblock/Code/hyper-rtos/tgoskits/tmp/rt-thread-5.2.2-full/components/net/lwip/port/lwipopts.h:411:[m[K [01;36m[Knote: [m[Kthis is the location of the previous definition
  411 | #define TCPIP_THREAD_STACKSIZE      RT_LWIP_TCPTHREAD_STACKSIZE
      | 
In file included from [01m[K/home/yfblock/Code/hyper-rtos/tgoskits/tmp/rt-thread-5.2.2-full/include/rttypes.h:14[m[K,
                 from [01m[K/home/yfblock/Code/hyper-rtos/tgoskits/tmp/rt-thread-5.2.2-full/include/rtsched.h:14[m[K,
                 from [01m[K/home/yfblock/Code/hyper-rtos/tgoskits/tmp/rt-thread-5.2.2-full/include/rtdef.h:68[m[K,
                 from [01m[K/home/yfblock/Code/hyper-rtos/tgoskits/tmp/rt-thread-5.2.2-full/include/rthw.h:23[m[K,
                 from [01m[K/home/yfblock/Code/hyper-rtos/tgoskits/tmp/rt-thread-5.2.2-full/components/net/lwip/port/arch/cc.h:48[m[K,
                 from [01m[K/home/yfblock/Code/hyper-rtos/tgoskits/tmp/rt-thread-5.2.2-full/components/net/lwip/lwip-2.1.2/src/include/lwip/arch.h:48[m[K,
                 from [01m[K/home/yfblock/Code/hyper-rtos/tgoskits/tmp/rt-thread-5.2.2-full/components/net/lwip/lwip-2.1.2/src/include/lwip/debug.h:40[m[K,
                 from [01m[K/home/yfblock/Code/hyper-rtos/tgoskits/tmp/rt-thread-5.2.2-full/components/net/lwip/lwip-2.1.2/src/include/lwip/opt.h:52[m[K,
                 from [01m[K/home/yfblock/Code/hyper-rtos/tgoskits/tmp/rt-thread-5.2.2-full/components/net/lwip/lwip-2.1.2/src/api/netifapi.c:41[m[K:
[01m[K./rtconfig.h:202:[m[K [01;35m[Kwarning: [m[K"TCPIP_THREAD_PRIO" redefined
  202 | #define TCPIP_THREAD_PRIO 10
      | 
In file included from [01m[K/home/yfblock/Code/hyper-rtos/tgoskits/tmp/rt-thread-5.2.2-full/components/net/lwip/lwip-2.1.2/src/include/lwip/opt.h:51[m[K,
                 from [01m[K/home/yfblock/Code/hyper-rtos/tgoskits/tmp/rt-thread-5.2.2-full/components/net/lwip/lwip-2.1.2/src/api/netifapi.c:41[m[K:
[01m[K/home/yfblock/Code/hyper-rtos/tgoskits/tmp/rt-thread-5.2.2-full/components/net/lwip/port/lwipopts.h:410:[m[K [01;36m[Knote: [m[Kthis is the location of the previous definition
  410 | #define TCPIP_THREAD_PRIO           RT_LWIP_TCPTHREAD_PRIORITY
      | 
CC build/kernel/components/net/lwip/lwip-2.1.2/src/api/sockets.o
CC build/kernel/components/net/lwip/lwip-2.1.2/src/api/tcpip.o
In file included from [01m[K/home/yfblock/Code/hyper-rtos/tgoskits/tmp/rt-thread-5.2.2-full/components/net/lwip/port/lwipopts.h:15[m[K,
                 from [01m[K/home/yfblock/Code/hyper-rtos/tgoskits/tmp/rt-thread-5.2.2-full/components/net/lwip/lwip-2.1.2/src/include/lwip/opt.h:51[m[K,
                 from [01m[K/home/yfblock/Code/hyper-rtos/tgoskits/tmp/rt-thread-5.2.2-full/components/net/lwip/lwip-2.1.2/src/api/sockets.c:40[m[K:
[01m[K./rtconfig.h:193:[m[K [01;35m[Kwarning: [m[K"RT_CONSOLE_DEVICE_NAME" redefined
  193 | #define RT_CONSOLE_DEVICE_NAME "uart0"
      | 
[01m[K./rtconfig.h:52:[m[K [01;36m[Knote: [m[Kthis is the location of the previous definition
   52 | #define RT_CONSOLE_DEVICE_NAME uart1
      | 
[01m[K./rtconfig.h:194:[m[K [01;35m[Kwarning: [m[K"FINSH_THREAD_NAME" redefined
  194 | #define FINSH_THREAD_NAME "tshell"
      | 
[01m[K./rtconfig.h:59:[m[K [01;36m[Knote: [m[Kthis is the location of the previous definition
   59 | #define FINSH_THREAD_NAME tshell
      | 
In file included from [01m[K/home/yfblock/Code/hyper-rtos/tgoskits/tmp/rt-thread-5.2.2-full/components/net/lwip/lwip-2.1.2/src/include/lwip/opt.h:51[m[K,
                 from [01m[K/home/yfblock/Code/hyper-rtos/tgoskits/tmp/rt-thread-5.2.2-full/components/net/lwip/lwip-2.1.2/src/api/sockets.c:40[m[K:
[01m[K/home/yfblock/Code/hyper-rtos/tgoskits/tmp/rt-thread-5.2.2-full/components/net/lwip/port/lwipopts.h:410:[m[K [01;35m[Kwarning: [m[K"TCPIP_THREAD_PRIO" redefined
  410 | #define TCPIP_THREAD_PRIO           RT_LWIP_TCPTHREAD_PRIORITY
      | 
In file included from [01m[K/home/yfblock/Code/hyper-rtos/tgoskits/tmp/rt-thread-5.2.2-full/components/libc/compilers/common/include/sys/time.h:15[m[K,
                 from [01m[K/home/yfblock/Code/hyper-rtos/tgoskits/tmp/rt-thread-5.2.2-full/components/net/lwip/port/lwipopts.h:22[m[K,
                 from [01m[K/home/yfblock/Code/hyper-rtos/tgoskits/tmp/rt-thread-5.2.2-full/components/net/lwip/lwip-2.1.2/src/include/lwip/opt.h:51[m[K,
                 from [01m[K/home/yfblock/Code/hyper-rtos/tgoskits/tmp/rt-thread-5.2.2-full/components/net/lwip/lwip-2.1.2/src/api/sockets.c:40[m[K:
[01m[K./rtconfig.h:202:[m[K [01;36m[Knote: [m[Kthis is the location of the previous definition
  202 | #define TCPIP_THREAD_PRIO 10
      | 
In file included from [01m[K/home/yfblock/Code/hyper-rtos/tgoskits/tmp/rt-thread-5.2.2-full/components/net/lwip/lwip-2.1.2/src/include/lwip/opt.h:51[m[K,
                 from [01m[K/home/yfblock/Code/hyper-rtos/tgoskits/tmp/rt-thread-5.2.2-full/components/net/lwip/lwip-2.1.2/src/api/sockets.c:40[m[K:
[01m[K/home/yfblock/Code/hyper-rtos/tgoskits/tmp/rt-thread-5.2.2-full/components/net/lwip/port/lwipopts.h:411:[m[K [01;35m[Kwarning: [m[K"TCPIP_THREAD_STACKSIZE" redefined
  411 | #define TCPIP_THREAD_STACKSIZE      RT_LWIP_TCPTHREAD_STACKSIZE
      | 
In file included from [01m[K/home/yfblock/Code/hyper-rtos/tgoskits/tmp/rt-thread-5.2.2-full/components/libc/compilers/common/include/sys/time.h:15[m[K,
                 from [01m[K/home/yfblock/Code/hyper-rtos/tgoskits/tmp/rt-thread-5.2.2-full/components/net/lwip/port/lwipopts.h:22[m[K,
                 from [01m[K/home/yfblock/Code/hyper-rtos/tgoskits/tmp/rt-thread-5.2.2-full/components/net/lwip/lwip-2.1.2/src/include/lwip/opt.h:51[m[K,
                 from [01m[K/home/yfblock/Code/hyper-rtos/tgoskits/tmp/rt-thread-5.2.2-full/components/net/lwip/lwip-2.1.2/src/api/sockets.c:40[m[K:
[01m[K./rtconfig.h:201:[m[K [01;36m[Knote: [m[Kthis is the location of the previous definition
  201 | #define TCPIP_THREAD_STACKSIZE 8192
      | 
In file included from [01m[K/home/yfblock/Code/hyper-rtos/tgoskits/tmp/rt-thread-5.2.2-full/include/rttypes.h:14[m[K,
                 from [01m[K/home/yfblock/Code/hyper-rtos/tgoskits/tmp/rt-thread-5.2.2-full/include/rtsched.h:14[m[K,
                 from [01m[K/home/yfblock/Code/hyper-rtos/tgoskits/tmp/rt-thread-5.2.2-full/include/rtdef.h:68[m[K,
                 from [01m[K/home/yfblock/Code/hyper-rtos/tgoskits/tmp/rt-thread-5.2.2-full/include/rthw.h:23[m[K,
                 from [01m[K/home/yfblock/Code/hyper-rtos/tgoskits/tmp/rt-thread-5.2.2-full/components/net/lwip/port/arch/cc.h:48[m[K,
                 from [01m[K/home/yfblock/Code/hyper-rtos/tgoskits/tmp/rt-thread-5.2.2-full/components/net/lwip/lwip-2.1.2/src/include/lwip/arch.h:48[m[K,
                 from [01m[K/home/yfblock/Code/hyper-rtos/tgoskits/tmp/rt-thread-5.2.2-full/components/net/lwip/lwip-2.1.2/src/include/lwip/debug.h:40[m[K,
                 from [01m[K/home/yfblock/Code/hyper-rtos/tgoskits/tmp/rt-thread-5.2.2-full/components/net/lwip/lwip-2.1.2/src/include/lwip/opt.h:52[m[K,
                 from [01m[K/home/yfblock/Code/hyper-rtos/tgoskits/tmp/rt-thread-5.2.2-full/components/net/lwip/lwip-2.1.2/src/api/sockets.c:40[m[K:
[01m[K./rtconfig.h:201:[m[K [01;35m[Kwarning: [m[K"TCPIP_THREAD_STACKSIZE" redefined
  201 | #define TCPIP_THREAD_STACKSIZE 8192
      | 
In file included from [01m[K/home/yfblock/Code/hyper-rtos/tgoskits/tmp/rt-thread-5.2.2-full/components/net/lwip/lwip-2.1.2/src/include/lwip/opt.h:51[m[K,
                 from [01m[K/home/yfblock/Code/hyper-rtos/tgoskits/tmp/rt-thread-5.2.2-full/components/net/lwip/lwip-2.1.2/src/api/sockets.c:40[m[K:
[01m[K/home/yfblock/Code/hyper-rtos/tgoskits/tmp/rt-thread-5.2.2-full/components/net/lwip/port/lwipopts.h:411:[m[K [01;36m[Knote: [m[Kthis is the location of the previous definition
  411 | #define TCPIP_THREAD_STACKSIZE      RT_LWIP_TCPTHREAD_STACKSIZE
      | 
In file included from [01m[K/home/yfblock/Code/hyper-rtos/tgoskits/tmp/rt-thread-5.2.2-full/include/rttypes.h:14[m[K,
                 from [01m[K/home/yfblock/Code/hyper-rtos/tgoskits/tmp/rt-thread-5.2.2-full/include/rtsched.h:14[m[K,
                 from [01m[K/home/yfblock/Code/hyper-rtos/tgoskits/tmp/rt-thread-5.2.2-full/include/rtdef.h:68[m[K,
                 from [01m[K/home/yfblock/Code/hyper-rtos/tgoskits/tmp/rt-thread-5.2.2-full/include/rthw.h:23[m[K,
                 from [01m[K/home/yfblock/Code/hyper-rtos/tgoskits/tmp/rt-thread-5.2.2-full/components/net/lwip/port/arch/cc.h:48[m[K,
                 from [01m[K/home/yfblock/Code/hyper-rtos/tgoskits/tmp/rt-thread-5.2.2-full/components/net/lwip/lwip-2.1.2/src/include/lwip/arch.h:48[m[K,
                 from [01m[K/home/yfblock/Code/hyper-rtos/tgoskits/tmp/rt-thread-5.2.2-full/components/net/lwip/lwip-2.1.2/src/include/lwip/debug.h:40[m[K,
                 from [01m[K/home/yfblock/Code/hyper-rtos/tgoskits/tmp/rt-thread-5.2.2-full/components/net/lwip/lwip-2.1.2/src/include/lwip/opt.h:52[m[K,
                 from [01m[K/home/yfblock/Code/hyper-rtos/tgoskits/tmp/rt-thread-5.2.2-full/components/net/lwip/lwip-2.1.2/src/api/sockets.c:40[m[K:
[01m[K./rtconfig.h:202:[m[K [01;35m[Kwarning: [m[K"TCPIP_THREAD_PRIO" redefined
  202 | #define TCPIP_THREAD_PRIO 10
      | 
In file included from [01m[K/home/yfblock/Code/hyper-rtos/tgoskits/tmp/rt-thread-5.2.2-full/components/net/lwip/lwip-2.1.2/src/include/lwip/opt.h:51[m[K,
                 from [01m[K/home/yfblock/Code/hyper-rtos/tgoskits/tmp/rt-thread-5.2.2-full/components/net/lwip/lwip-2.1.2/src/api/sockets.c:40[m[K:
[01m[K/home/yfblock/Code/hyper-rtos/tgoskits/tmp/rt-thread-5.2.2-full/components/net/lwip/port/lwipopts.h:410:[m[K [01;36m[Knote: [m[Kthis is the location of the previous definition
  410 | #define TCPIP_THREAD_PRIO           RT_LWIP_TCPTHREAD_PRIORITY
      | 
CC build/kernel/components/net/lwip/lwip-2.1.2/src/apps/ping/ping.o
In file included from [01m[K/home/yfblock/Code/hyper-rtos/tgoskits/tmp/rt-thread-5.2.2-full/components/net/lwip/port/lwipopts.h:15[m[K,
                 from [01m[K/home/yfblock/Code/hyper-rtos/tgoskits/tmp/rt-thread-5.2.2-full/components/net/lwip/lwip-2.1.2/src/include/lwip/opt.h:51[m[K,
                 from [01m[K/home/yfblock/Code/hyper-rtos/tgoskits/tmp/rt-thread-5.2.2-full/components/net/lwip/lwip-2.1.2/src/api/tcpip.c:39[m[K:
[01m[K./rtconfig.h:193:[m[K [01;35m[Kwarning: [m[K"RT_CONSOLE_DEVICE_NAME" redefined
  193 | #define RT_CONSOLE_DEVICE_NAME "uart0"
      | 
[01m[K./rtconfig.h:52:[m[K [01;36m[Knote: [m[Kthis is the location of the previous definition
   52 | #define RT_CONSOLE_DEVICE_NAME uart1
      | 
[01m[K./rtconfig.h:194:[m[K [01;35m[Kwarning: [m[K"FINSH_THREAD_NAME" redefined
  194 | #define FINSH_THREAD_NAME "tshell"
      | 
[01m[K./rtconfig.h:59:[m[K [01;36m[Knote: [m[Kthis is the location of the previous definition
   59 | #define FINSH_THREAD_NAME tshell
      | 
CC build/kernel/components/net/lwip/lwip-2.1.2/src/core/altcp.o
In file included from [01m[K/home/yfblock/Code/hyper-rtos/tgoskits/tmp/rt-thread-5.2.2-full/components/net/lwip/lwip-2.1.2/src/include/lwip/opt.h:51[m[K,
                 from [01m[K/home/yfblock/Code/hyper-rtos/tgoskits/tmp/rt-thread-5.2.2-full/components/net/lwip/lwip-2.1.2/src/api/tcpip.c:39[m[K:
[01m[K/home/yfblock/Code/hyper-rtos/tgoskits/tmp/rt-thread-5.2.2-full/components/net/lwip/port/lwipopts.h:410:[m[K [01;35m[Kwarning: [m[K"TCPIP_THREAD_PRIO" redefined
  410 | #define TCPIP_THREAD_PRIO           RT_LWIP_TCPTHREAD_PRIORITY
      | 
In file included from [01m[K/home/yfblock/Code/hyper-rtos/tgoskits/tmp/rt-thread-5.2.2-full/components/libc/compilers/common/include/sys/time.h:15[m[K,
                 from [01m[K/home/yfblock/Code/hyper-rtos/tgoskits/tmp/rt-thread-5.2.2-full/components/net/lwip/port/lwipopts.h:22[m[K,
                 from [01m[K/home/yfblock/Code/hyper-rtos/tgoskits/tmp/rt-thread-5.2.2-full/components/net/lwip/lwip-2.1.2/src/include/lwip/opt.h:51[m[K,
                 from [01m[K/home/yfblock/Code/hyper-rtos/tgoskits/tmp/rt-thread-5.2.2-full/components/net/lwip/lwip-2.1.2/src/api/tcpip.c:39[m[K:
[01m[K./rtconfig.h:202:[m[K [01;36m[Knote: [m[Kthis is the location of the previous definition
  202 | #define TCPIP_THREAD_PRIO 10
      | 
In file included from [01m[K/home/yfblock/Code/hyper-rtos/tgoskits/tmp/rt-thread-5.2.2-full/components/net/lwip/lwip-2.1.2/src/include/lwip/opt.h:51[m[K,
                 from [01m[K/home/yfblock/Code/hyper-rtos/tgoskits/tmp/rt-thread-5.2.2-full/components/net/lwip/lwip-2.1.2/src/api/tcpip.c:39[m[K:
[01m[K/home/yfblock/Code/hyper-rtos/tgoskits/tmp/rt-thread-5.2.2-full/components/net/lwip/port/lwipopts.h:411:[m[K [01;35m[Kwarning: [m[K"TCPIP_THREAD_STACKSIZE" redefined
  411 | #define TCPIP_THREAD_STACKSIZE      RT_LWIP_TCPTHREAD_STACKSIZE
      | 
In file included from [01m[K/home/yfblock/Code/hyper-rtos/tgoskits/tmp/rt-thread-5.2.2-full/components/libc/compilers/common/include/sys/time.h:15[m[K,
                 from [01m[K/home/yfblock/Code/hyper-rtos/tgoskits/tmp/rt-thread-5.2.2-full/components/net/lwip/port/lwipopts.h:22[m[K,
                 from [01m[K/home/yfblock/Code/hyper-rtos/tgoskits/tmp/rt-thread-5.2.2-full/components/net/lwip/lwip-2.1.2/src/include/lwip/opt.h:51[m[K,
                 from [01m[K/home/yfblock/Code/hyper-rtos/tgoskits/tmp/rt-thread-5.2.2-full/components/net/lwip/lwip-2.1.2/src/api/tcpip.c:39[m[K:
[01m[K./rtconfig.h:201:[m[K [01;36m[Knote: [m[Kthis is the location of the previous definition
  201 | #define TCPIP_THREAD_STACKSIZE 8192
      | 
In file included from [01m[K/home/yfblock/Code/hyper-rtos/tgoskits/tmp/rt-thread-5.2.2-full/include/rttypes.h:14[m[K,
                 from [01m[K/home/yfblock/Code/hyper-rtos/tgoskits/tmp/rt-thread-5.2.2-full/include/rtsched.h:14[m[K,
                 from [01m[K/home/yfblock/Code/hyper-rtos/tgoskits/tmp/rt-thread-5.2.2-full/include/rtdef.h:68[m[K,
                 from [01m[K/home/yfblock/Code/hyper-rtos/tgoskits/tmp/rt-thread-5.2.2-full/include/rthw.h:23[m[K,
                 from [01m[K/home/yfblock/Code/hyper-rtos/tgoskits/tmp/rt-thread-5.2.2-full/components/net/lwip/port/arch/cc.h:48[m[K,
                 from [01m[K/home/yfblock/Code/hyper-rtos/tgoskits/tmp/rt-thread-5.2.2-full/components/net/lwip/lwip-2.1.2/src/include/lwip/arch.h:48[m[K,
                 from [01m[K/home/yfblock/Code/hyper-rtos/tgoskits/tmp/rt-thread-5.2.2-full/components/net/lwip/lwip-2.1.2/src/include/lwip/debug.h:40[m[K,
                 from [01m[K/home/yfblock/Code/hyper-rtos/tgoskits/tmp/rt-thread-5.2.2-full/components/net/lwip/lwip-2.1.2/src/include/lwip/opt.h:52[m[K,
                 from [01m[K/home/yfblock/Code/hyper-rtos/tgoskits/tmp/rt-thread-5.2.2-full/components/net/lwip/lwip-2.1.2/src/api/tcpip.c:39[m[K:
[01m[K./rtconfig.h:201:[m[K [01;35m[Kwarning: [m[K"TCPIP_THREAD_STACKSIZE" redefined
  201 | #define TCPIP_THREAD_STACKSIZE 8192
      | 
In file included from [01m[K/home/yfblock/Code/hyper-rtos/tgoskits/tmp/rt-thread-5.2.2-full/components/net/lwip/lwip-2.1.2/src/include/lwip/opt.h:51[m[K,
                 from [01m[K/home/yfblock/Code/hyper-rtos/tgoskits/tmp/rt-thread-5.2.2-full/components/net/lwip/lwip-2.1.2/src/api/tcpip.c:39[m[K:
[01m[K/home/yfblock/Code/hyper-rtos/tgoskits/tmp/rt-thread-5.2.2-full/components/net/lwip/port/lwipopts.h:411:[m[K [01;36m[Knote: [m[Kthis is the location of the previous definition
  411 | #define TCPIP_THREAD_STACKSIZE      RT_LWIP_TCPTHREAD_STACKSIZE
      | 
In file included from [01m[K/home/yfblock/Code/hyper-rtos/tgoskits/tmp/rt-thread-5.2.2-full/include/rttypes.h:14[m[K,
                 from [01m[K/home/yfblock/Code/hyper-rtos/tgoskits/tmp/rt-thread-5.2.2-full/include/rtsched.h:14[m[K,
                 from [01m[K/home/yfblock/Code/hyper-rtos/tgoskits/tmp/rt-thread-5.2.2-full/include/rtdef.h:68[m[K,
                 from [01m[K/home/yfblock/Code/hyper-rtos/tgoskits/tmp/rt-thread-5.2.2-full/include/rthw.h:23[m[K,
                 from [01m[K/home/yfblock/Code/hyper-rtos/tgoskits/tmp/rt-thread-5.2.2-full/components/net/lwip/port/arch/cc.h:48[m[K,
                 from [01m[K/home/yfblock/Code/hyper-rtos/tgoskits/tmp/rt-thread-5.2.2-full/components/net/lwip/lwip-2.1.2/src/include/lwip/arch.h:48[m[K,
                 from [01m[K/home/yfblock/Code/hyper-rtos/tgoskits/tmp/rt-thread-5.2.2-full/components/net/lwip/lwip-2.1.2/src/include/lwip/debug.h:40[m[K,
                 from [01m[K/home/yfblock/Code/hyper-rtos/tgoskits/tmp/rt-thread-5.2.2-full/components/net/lwip/lwip-2.1.2/src/include/lwip/opt.h:52[m[K,
                 from [01m[K/home/yfblock/Code/hyper-rtos/tgoskits/tmp/rt-thread-5.2.2-full/components/net/lwip/lwip-2.1.2/src/api/tcpip.c:39[m[K:
[01m[K./rtconfig.h:202:[m[K [01;35m[Kwarning: [m[K"TCPIP_THREAD_PRIO" redefined
  202 | #define TCPIP_THREAD_PRIO 10
      | 
In file included from [01m[K/home/yfblock/Code/hyper-rtos/tgoskits/tmp/rt-thread-5.2.2-full/components/net/lwip/lwip-2.1.2/src/include/lwip/opt.h:51[m[K,
                 from [01m[K/home/yfblock/Code/hyper-rtos/tgoskits/tmp/rt-thread-5.2.2-full/components/net/lwip/lwip-2.1.2/src/api/tcpip.c:39[m[K:
[01m[K/home/yfblock/Code/hyper-rtos/tgoskits/tmp/rt-thread-5.2.2-full/components/net/lwip/port/lwipopts.h:410:[m[K [01;36m[Knote: [m[Kthis is the location of the previous definition
  410 | #define TCPIP_THREAD_PRIO           RT_LWIP_TCPTHREAD_PRIORITY
      | 
In file included from [01m[K/home/yfblock/Code/hyper-rtos/tgoskits/tmp/rt-thread-5.2.2-full/include/rtthread.h:31[m[K,
                 from [01m[K/home/yfblock/Code/hyper-rtos/tgoskits/tmp/rt-thread-5.2.2-full/components/net/lwip/lwip-2.1.2/src/apps/ping/ping.c:5[m[K:
[01m[K./rtconfig.h:193:[m[K [01;35m[Kwarning: [m[K"RT_CONSOLE_DEVICE_NAME" redefined
  193 | #define RT_CONSOLE_DEVICE_NAME "uart0"
      | 
[01m[K./rtconfig.h:52:[m[K [01;36m[Knote: [m[Kthis is the location of the previous definition
   52 | #define RT_CONSOLE_DEVICE_NAME uart1
      | 
[01m[K./rtconfig.h:194:[m[K [01;35m[Kwarning: [m[K"FINSH_THREAD_NAME" redefined
  194 | #define FINSH_THREAD_NAME "tshell"
      | 
[01m[K./rtconfig.h:59:[m[K [01;36m[Knote: [m[Kthis is the location of the previous definition
   59 | #define FINSH_THREAD_NAME tshell
      | 
In file included from [01m[K/home/yfblock/Code/hyper-rtos/tgoskits/tmp/rt-thread-5.2.2-full/components/net/lwip/port/lwipopts.h:15[m[K,
                 from [01m[K/home/yfblock/Code/hyper-rtos/tgoskits/tmp/rt-thread-5.2.2-full/components/net/lwip/lwip-2.1.2/src/include/lwip/opt.h:51[m[K,
                 from [01m[K/home/yfblock/Code/hyper-rtos/tgoskits/tmp/rt-thread-5.2.2-full/components/net/lwip/lwip-2.1.2/src/core/altcp.c:117[m[K:
[01m[K./rtconfig.h:193:[m[K [01;35m[Kwarning: [m[K"RT_CONSOLE_DEVICE_NAME" redefined
  193 | #define RT_CONSOLE_DEVICE_NAME "uart0"
      | 
[01m[K./rtconfig.h:52:[m[K [01;36m[Knote: [m[Kthis is the location of the previous definition
   52 | #define RT_CONSOLE_DEVICE_NAME uart1
      | 
[01m[K./rtconfig.h:194:[m[K [01;35m[Kwarning: [m[K"FINSH_THREAD_NAME" redefined
  194 | #define FINSH_THREAD_NAME "tshell"
      | 
[01m[K./rtconfig.h:59:[m[K [01;36m[Knote: [m[Kthis is the location of the previous definition
   59 | #define FINSH_THREAD_NAME tshell
      | 
In file included from [01m[K/home/yfblock/Code/hyper-rtos/tgoskits/tmp/rt-thread-5.2.2-full/components/net/lwip/lwip-2.1.2/src/include/lwip/opt.h:51[m[K,
                 from [01m[K/home/yfblock/Code/hyper-rtos/tgoskits/tmp/rt-thread-5.2.2-full/components/net/lwip/lwip-2.1.2/src/core/altcp.c:117[m[K:
[01m[K/home/yfblock/Code/hyper-rtos/tgoskits/tmp/rt-thread-5.2.2-full/components/net/lwip/port/lwipopts.h:410:[m[K [01;35m[Kwarning: [m[K"TCPIP_THREAD_PRIO" redefined
  410 | #define TCPIP_THREAD_PRIO           RT_LWIP_TCPTHREAD_PRIORITY
      | 
In file included from [01m[K/home/yfblock/Code/hyper-rtos/tgoskits/tmp/rt-thread-5.2.2-full/components/libc/compilers/common/include/sys/time.h:15[m[K,
                 from [01m[K/home/yfblock/Code/hyper-rtos/tgoskits/tmp/rt-thread-5.2.2-full/components/net/lwip/port/lwipopts.h:22[m[K,
                 from [01m[K/home/yfblock/Code/hyper-rtos/tgoskits/tmp/rt-thread-5.2.2-full/components/net/lwip/lwip-2.1.2/src/include/lwip/opt.h:51[m[K,
                 from [01m[K/home/yfblock/Code/hyper-rtos/tgoskits/tmp/rt-thread-5.2.2-full/components/net/lwip/lwip-2.1.2/src/core/altcp.c:117[m[K:
[01m[K./rtconfig.h:202:[m[K [01;36m[Knote: [m[Kthis is the location of the previous definition
  202 | #define TCPIP_THREAD_PRIO 10
      | 
In file included from [01m[K/home/yfblock/Code/hyper-rtos/tgoskits/tmp/rt-thread-5.2.2-full/components/net/lwip/lwip-2.1.2/src/include/lwip/opt.h:51[m[K,
                 from [01m[K/home/yfblock/Code/hyper-rtos/tgoskits/tmp/rt-thread-5.2.2-full/components/net/lwip/lwip-2.1.2/src/core/altcp.c:117[m[K:
[01m[K/home/yfblock/Code/hyper-rtos/tgoskits/tmp/rt-thread-5.2.2-full/components/net/lwip/port/lwipopts.h:411:[m[K [01;35m[Kwarning: [m[K"TCPIP_THREAD_STACKSIZE" redefined
  411 | #define TCPIP_THREAD_STACKSIZE      RT_LWIP_TCPTHREAD_STACKSIZE
      | 
In file included from [01m[K/home/yfblock/Code/hyper-rtos/tgoskits/tmp/rt-thread-5.2.2-full/components/libc/compilers/common/include/sys/time.h:15[m[K,
                 from [01m[K/home/yfblock/Code/hyper-rtos/tgoskits/tmp/rt-thread-5.2.2-full/components/net/lwip/port/lwipopts.h:22[m[K,
                 from [01m[K/home/yfblock/Code/hyper-rtos/tgoskits/tmp/rt-thread-5.2.2-full/components/net/lwip/lwip-2.1.2/src/include/lwip/opt.h:51[m[K,
                 from [01m[K/home/yfblock/Code/hyper-rtos/tgoskits/tmp/rt-thread-5.2.2-full/components/net/lwip/lwip-2.1.2/src/core/altcp.c:117[m[K:
[01m[K./rtconfig.h:201:[m[K [01;36m[Knote: [m[Kthis is the location of the previous definition
  201 | #define TCPIP_THREAD_STACKSIZE 8192
      | 
In file included from [01m[K/home/yfblock/Code/hyper-rtos/tgoskits/tmp/rt-thread-5.2.2-full/include/rttypes.h:14[m[K,
                 from [01m[K/home/yfblock/Code/hyper-rtos/tgoskits/tmp/rt-thread-5.2.2-full/include/rtsched.h:14[m[K,
                 from [01m[K/home/yfblock/Code/hyper-rtos/tgoskits/tmp/rt-thread-5.2.2-full/include/rtdef.h:68[m[K,
                 from [01m[K/home/yfblock/Code/hyper-rtos/tgoskits/tmp/rt-thread-5.2.2-full/include/rthw.h:23[m[K,
                 from [01m[K/home/yfblock/Code/hyper-rtos/tgoskits/tmp/rt-thread-5.2.2-full/components/net/lwip/port/arch/cc.h:48[m[K,
                 from [01m[K/home/yfblock/Code/hyper-rtos/tgoskits/tmp/rt-thread-5.2.2-full/components/net/lwip/lwip-2.1.2/src/include/lwip/arch.h:48[m[K,
                 from [01m[K/home/yfblock/Code/hyper-rtos/tgoskits/tmp/rt-thread-5.2.2-full/components/net/lwip/lwip-2.1.2/src/include/lwip/debug.h:40[m[K,
                 from [01m[K/home/yfblock/Code/hyper-rtos/tgoskits/tmp/rt-thread-5.2.2-full/components/net/lwip/lwip-2.1.2/src/include/lwip/opt.h:52[m[K,
                 from [01m[K/home/yfblock/Code/hyper-rtos/tgoskits/tmp/rt-thread-5.2.2-full/components/net/lwip/lwip-2.1.2/src/core/altcp.c:117[m[K:
[01m[K./rtconfig.h:201:[m[K [01;35m[Kwarning: [m[K"TCPIP_THREAD_STACKSIZE" redefined
  201 | #define TCPIP_THREAD_STACKSIZE 8192
      | 
In file included from [01m[K/home/yfblock/Code/hyper-rtos/tgoskits/tmp/rt-thread-5.2.2-full/components/net/lwip/lwip-2.1.2/src/include/lwip/opt.h:51[m[K,
                 from [01m[K/home/yfblock/Code/hyper-rtos/tgoskits/tmp/rt-thread-5.2.2-full/components/net/lwip/lwip-2.1.2/src/core/altcp.c:117[m[K:
[01m[K/home/yfblock/Code/hyper-rtos/tgoskits/tmp/rt-thread-5.2.2-full/components/net/lwip/port/lwipopts.h:411:[m[K [01;36m[Knote: [m[Kthis is the location of the previous definition
  411 | #define TCPIP_THREAD_STACKSIZE      RT_LWIP_TCPTHREAD_STACKSIZE
      | 
In file included from [01m[K/home/yfblock/Code/hyper-rtos/tgoskits/tmp/rt-thread-5.2.2-full/include/rttypes.h:14[m[K,
                 from [01m[K/home/yfblock/Code/hyper-rtos/tgoskits/tmp/rt-thread-5.2.2-full/include/rtsched.h:14[m[K,
                 from [01m[K/home/yfblock/Code/hyper-rtos/tgoskits/tmp/rt-thread-5.2.2-full/include/rtdef.h:68[m[K,
                 from [01m[K/home/yfblock/Code/hyper-rtos/tgoskits/tmp/rt-thread-5.2.2-full/include/rthw.h:23[m[K,
                 from [01m[K/home/yfblock/Code/hyper-rtos/tgoskits/tmp/rt-thread-5.2.2-full/components/net/lwip/port/arch/cc.h:48[m[K,
                 from [01m[K/home/yfblock/Code/hyper-rtos/tgoskits/tmp/rt-thread-5.2.2-full/components/net/lwip/lwip-2.1.2/src/include/lwip/arch.h:48[m[K,
                 from [01m[K/home/yfblock/Code/hyper-rtos/tgoskits/tmp/rt-thread-5.2.2-full/components/net/lwip/lwip-2.1.2/src/include/lwip/debug.h:40[m[K,
                 from [01m[K/home/yfblock/Code/hyper-rtos/tgoskits/tmp/rt-thread-5.2.2-full/components/net/lwip/lwip-2.1.2/src/include/lwip/opt.h:52[m[K,
                 from [01m[K/home/yfblock/Code/hyper-rtos/tgoskits/tmp/rt-thread-5.2.2-full/components/net/lwip/lwip-2.1.2/src/core/altcp.c:117[m[K:
[01m[K./rtconfig.h:202:[m[K [01;35m[Kwarning: [m[K"TCPIP_THREAD_PRIO" redefined
  202 | #define TCPIP_THREAD_PRIO 10
      | 
In file included from [01m[K/home/yfblock/Code/hyper-rtos/tgoskits/tmp/rt-thread-5.2.2-full/components/net/lwip/lwip-2.1.2/src/include/lwip/opt.h:51[m[K,
                 from [01m[K/home/yfblock/Code/hyper-rtos/tgoskits/tmp/rt-thread-5.2.2-full/components/net/lwip/lwip-2.1.2/src/core/altcp.c:117[m[K:
[01m[K/home/yfblock/Code/hyper-rtos/tgoskits/tmp/rt-thread-5.2.2-full/components/net/lwip/port/lwipopts.h:410:[m[K [01;36m[Knote: [m[Kthis is the location of the previous definition
  410 | #define TCPIP_THREAD_PRIO           RT_LWIP_TCPTHREAD_PRIORITY
      | 
In file included from [01m[K/home/yfblock/Code/hyper-rtos/tgoskits/tmp/rt-thread-5.2.2-full/components/net/lwip/lwip-2.1.2/src/include/lwip/opt.h:51[m[K,
                 from [01m[K/home/yfblock/Code/hyper-rtos/tgoskits/tmp/rt-thread-5.2.2-full/components/net/lwip/lwip-2.1.2/src/apps/ping/ping.c:8[m[K:
[01m[K/home/yfblock/Code/hyper-rtos/tgoskits/tmp/rt-thread-5.2.2-full/components/net/lwip/port/lwipopts.h:410:[m[K [01;35m[Kwarning: [m[K"TCPIP_THREAD_PRIO" redefined
  410 | #define TCPIP_THREAD_PRIO           RT_LWIP_TCPTHREAD_PRIORITY
      | 
In file included from [01m[K/home/yfblock/Code/hyper-rtos/tgoskits/tmp/rt-thread-5.2.2-full/components/libc/compilers/common/include/sys/time.h:15[m[K,
                 from [01m[K/home/yfblock/Code/hyper-rtos/tgoskits/tmp/rt-thread-5.2.2-full/components/net/lwip/port/lwipopts.h:22[m[K,
                 from [01m[K/home/yfblock/Code/hyper-rtos/tgoskits/tmp/rt-thread-5.2.2-full/components/net/lwip/lwip-2.1.2/src/include/lwip/opt.h:51[m[K,
                 from [01m[K/home/yfblock/Code/hyper-rtos/tgoskits/tmp/rt-thread-5.2.2-full/components/net/lwip/lwip-2.1.2/src/apps/ping/ping.c:8[m[K:
[01m[K./rtconfig.h:202:[m[K [01;36m[Knote: [m[Kthis is the location of the previous definition
  202 | #define TCPIP_THREAD_PRIO 10
      | 
In file included from [01m[K/home/yfblock/Code/hyper-rtos/tgoskits/tmp/rt-thread-5.2.2-full/components/net/lwip/lwip-2.1.2/src/include/lwip/opt.h:51[m[K,
                 from [01m[K/home/yfblock/Code/hyper-rtos/tgoskits/tmp/rt-thread-5.2.2-full/components/net/lwip/lwip-2.1.2/src/apps/ping/ping.c:8[m[K:
[01m[K/home/yfblock/Code/hyper-rtos/tgoskits/tmp/rt-thread-5.2.2-full/components/net/lwip/port/lwipopts.h:411:[m[K [01;35m[Kwarning: [m[K"TCPIP_THREAD_STACKSIZE" redefined
  411 | #define TCPIP_THREAD_STACKSIZE      RT_LWIP_TCPTHREAD_STACKSIZE
      | 
In file included from [01m[K/home/yfblock/Code/hyper-rtos/tgoskits/tmp/rt-thread-5.2.2-full/components/libc/compilers/common/include/sys/time.h:15[m[K,
                 from [01m[K/home/yfblock/Code/hyper-rtos/tgoskits/tmp/rt-thread-5.2.2-full/components/net/lwip/port/lwipopts.h:22[m[K,
                 from [01m[K/home/yfblock/Code/hyper-rtos/tgoskits/tmp/rt-thread-5.2.2-full/components/net/lwip/lwip-2.1.2/src/include/lwip/opt.h:51[m[K,
                 from [01m[K/home/yfblock/Code/hyper-rtos/tgoskits/tmp/rt-thread-5.2.2-full/components/net/lwip/lwip-2.1.2/src/apps/ping/ping.c:8[m[K:
[01m[K./rtconfig.h:201:[m[K [01;36m[Knote: [m[Kthis is the location of the previous definition
  201 | #define TCPIP_THREAD_STACKSIZE 8192
      | 
CC build/kernel/components/net/lwip/lwip-2.1.2/src/core/altcp_alloc.o
In file included from [01m[K/home/yfblock/Code/hyper-rtos/tgoskits/tmp/rt-thread-5.2.2-full/components/net/lwip/port/lwipopts.h:15[m[K,
                 from [01m[K/home/yfblock/Code/hyper-rtos/tgoskits/tmp/rt-thread-5.2.2-full/components/net/lwip/lwip-2.1.2/src/include/lwip/opt.h:51[m[K,
                 from [01m[K/home/yfblock/Code/hyper-rtos/tgoskits/tmp/rt-thread-5.2.2-full/components/net/lwip/lwip-2.1.2/src/core/altcp_alloc.c:44[m[K:
[01m[K./rtconfig.h:193:[m[K [01;35m[Kwarning: [m[K"RT_CONSOLE_DEVICE_NAME" redefined
  193 | #define RT_CONSOLE_DEVICE_NAME "uart0"
      | 
[01m[K./rtconfig.h:52:[m[K [01;36m[Knote: [m[Kthis is the location of the previous definition
   52 | #define RT_CONSOLE_DEVICE_NAME uart1
      | 
[01m[K./rtconfig.h:194:[m[K [01;35m[Kwarning: [m[K"FINSH_THREAD_NAME" redefined
  194 | #define FINSH_THREAD_NAME "tshell"
      | 
[01m[K./rtconfig.h:59:[m[K [01;36m[Knote: [m[Kthis is the location of the previous definition
   59 | #define FINSH_THREAD_NAME tshell
      | 
In file included from [01m[K/home/yfblock/Code/hyper-rtos/tgoskits/tmp/rt-thread-5.2.2-full/components/net/lwip/lwip-2.1.2/src/include/lwip/opt.h:51[m[K,
                 from [01m[K/home/yfblock/Code/hyper-rtos/tgoskits/tmp/rt-thread-5.2.2-full/components/net/lwip/lwip-2.1.2/src/core/altcp_alloc.c:44[m[K:
[01m[K/home/yfblock/Code/hyper-rtos/tgoskits/tmp/rt-thread-5.2.2-full/components/net/lwip/port/lwipopts.h:410:[m[K [01;35m[Kwarning: [m[K"TCPIP_THREAD_PRIO" redefined
  410 | #define TCPIP_THREAD_PRIO           RT_LWIP_TCPTHREAD_PRIORITY
      | 
In file included from [01m[K/home/yfblock/Code/hyper-rtos/tgoskits/tmp/rt-thread-5.2.2-full/components/libc/compilers/common/include/sys/time.h:15[m[K,
                 from [01m[K/home/yfblock/Code/hyper-rtos/tgoskits/tmp/rt-thread-5.2.2-full/components/net/lwip/port/lwipopts.h:22[m[K,
                 from [01m[K/home/yfblock/Code/hyper-rtos/tgoskits/tmp/rt-thread-5.2.2-full/components/net/lwip/lwip-2.1.2/src/include/lwip/opt.h:51[m[K,
                 from [01m[K/home/yfblock/Code/hyper-rtos/tgoskits/tmp/rt-thread-5.2.2-full/components/net/lwip/lwip-2.1.2/src/core/altcp_alloc.c:44[m[K:
[01m[K./rtconfig.h:202:[m[K [01;36m[Knote: [m[Kthis is the location of the previous definition
  202 | #define TCPIP_THREAD_PRIO 10
      | 
In file included from [01m[K/home/yfblock/Code/hyper-rtos/tgoskits/tmp/rt-thread-5.2.2-full/components/net/lwip/lwip-2.1.2/src/include/lwip/opt.h:51[m[K,
                 from [01m[K/home/yfblock/Code/hyper-rtos/tgoskits/tmp/rt-thread-5.2.2-full/components/net/lwip/lwip-2.1.2/src/core/altcp_alloc.c:44[m[K:
[01m[K/home/yfblock/Code/hyper-rtos/tgoskits/tmp/rt-thread-5.2.2-full/components/net/lwip/port/lwipopts.h:411:[m[K [01;35m[Kwarning: [m[K"TCPIP_THREAD_STACKSIZE" redefined
  411 | #define TCPIP_THREAD_STACKSIZE      RT_LWIP_TCPTHREAD_STACKSIZE
      | 
In file included from [01m[K/home/yfblock/Code/hyper-rtos/tgoskits/tmp/rt-thread-5.2.2-full/components/libc/compilers/common/include/sys/time.h:15[m[K,
                 from [01m[K/home/yfblock/Code/hyper-rtos/tgoskits/tmp/rt-thread-5.2.2-full/components/net/lwip/port/lwipopts.h:22[m[K,
                 from [01m[K/home/yfblock/Code/hyper-rtos/tgoskits/tmp/rt-thread-5.2.2-full/components/net/lwip/lwip-2.1.2/src/include/lwip/opt.h:51[m[K,
                 from [01m[K/home/yfblock/Code/hyper-rtos/tgoskits/tmp/rt-thread-5.2.2-full/components/net/lwip/lwip-2.1.2/src/core/altcp_alloc.c:44[m[K:
[01m[K./rtconfig.h:201:[m[K [01;36m[Knote: [m[Kthis is the location of the previous definition
  201 | #define TCPIP_THREAD_STACKSIZE 8192
      | 
In file included from [01m[K/home/yfblock/Code/hyper-rtos/tgoskits/tmp/rt-thread-5.2.2-full/include/rttypes.h:14[m[K,
                 from [01m[K/home/yfblock/Code/hyper-rtos/tgoskits/tmp/rt-thread-5.2.2-full/include/rtsched.h:14[m[K,
                 from [01m[K/home/yfblock/Code/hyper-rtos/tgoskits/tmp/rt-thread-5.2.2-full/include/rtdef.h:68[m[K,
                 from [01m[K/home/yfblock/Code/hyper-rtos/tgoskits/tmp/rt-thread-5.2.2-full/include/rthw.h:23[m[K,
                 from [01m[K/home/yfblock/Code/hyper-rtos/tgoskits/tmp/rt-thread-5.2.2-full/components/net/lwip/port/arch/cc.h:48[m[K,
                 from [01m[K/home/yfblock/Code/hyper-rtos/tgoskits/tmp/rt-thread-5.2.2-full/components/net/lwip/lwip-2.1.2/src/include/lwip/arch.h:48[m[K,
                 from [01m[K/home/yfblock/Code/hyper-rtos/tgoskits/tmp/rt-thread-5.2.2-full/components/net/lwip/lwip-2.1.2/src/include/lwip/debug.h:40[m[K,
                 from [01m[K/home/yfblock/Code/hyper-rtos/tgoskits/tmp/rt-thread-5.2.2-full/components/net/lwip/lwip-2.1.2/src/include/lwip/opt.h:52[m[K,
                 from [01m[K/home/yfblock/Code/hyper-rtos/tgoskits/tmp/rt-thread-5.2.2-full/components/net/lwip/lwip-2.1.2/src/core/altcp_alloc.c:44[m[K:
[01m[K./rtconfig.h:201:[m[K [01;35m[Kwarning: [m[K"TCPIP_THREAD_STACKSIZE" redefined
  201 | #define TCPIP_THREAD_STACKSIZE 8192
      | 
In file included from [01m[K/home/yfblock/Code/hyper-rtos/tgoskits/tmp/rt-thread-5.2.2-full/components/net/lwip/lwip-2.1.2/src/include/lwip/opt.h:51[m[K,
                 from [01m[K/home/yfblock/Code/hyper-rtos/tgoskits/tmp/rt-thread-5.2.2-full/components/net/lwip/lwip-2.1.2/src/core/altcp_alloc.c:44[m[K:
[01m[K/home/yfblock/Code/hyper-rtos/tgoskits/tmp/rt-thread-5.2.2-full/components/net/lwip/port/lwipopts.h:411:[m[K [01;36m[Knote: [m[Kthis is the location of the previous definition
  411 | #define TCPIP_THREAD_STACKSIZE      RT_LWIP_TCPTHREAD_STACKSIZE
      | 
In file included from [01m[K/home/yfblock/Code/hyper-rtos/tgoskits/tmp/rt-thread-5.2.2-full/include/rttypes.h:14[m[K,
                 from [01m[K/home/yfblock/Code/hyper-rtos/tgoskits/tmp/rt-thread-5.2.2-full/include/rtsched.h:14[m[K,
                 from [01m[K/home/yfblock/Code/hyper-rtos/tgoskits/tmp/rt-thread-5.2.2-full/include/rtdef.h:68[m[K,
                 from [01m[K/home/yfblock/Code/hyper-rtos/tgoskits/tmp/rt-thread-5.2.2-full/include/rthw.h:23[m[K,
                 from [01m[K/home/yfblock/Code/hyper-rtos/tgoskits/tmp/rt-thread-5.2.2-full/components/net/lwip/port/arch/cc.h:48[m[K,
                 from [01m[K/home/yfblock/Code/hyper-rtos/tgoskits/tmp/rt-thread-5.2.2-full/components/net/lwip/lwip-2.1.2/src/include/lwip/arch.h:48[m[K,
                 from [01m[K/home/yfblock/Code/hyper-rtos/tgoskits/tmp/rt-thread-5.2.2-full/components/net/lwip/lwip-2.1.2/src/include/lwip/debug.h:40[m[K,
                 from [01m[K/home/yfblock/Code/hyper-rtos/tgoskits/tmp/rt-thread-5.2.2-full/components/net/lwip/lwip-2.1.2/src/include/lwip/opt.h:52[m[K,
                 from [01m[K/home/yfblock/Code/hyper-rtos/tgoskits/tmp/rt-thread-5.2.2-full/components/net/lwip/lwip-2.1.2/src/core/altcp_alloc.c:44[m[K:
[01m[K./rtconfig.h:202:[m[K [01;35m[Kwarning: [m[K"TCPIP_THREAD_PRIO" redefined
  202 | #define TCPIP_THREAD_PRIO 10
      | 
In file included from [01m[K/home/yfblock/Code/hyper-rtos/tgoskits/tmp/rt-thread-5.2.2-full/components/net/lwip/lwip-2.1.2/src/include/lwip/opt.h:51[m[K,
                 from [01m[K/home/yfblock/Code/hyper-rtos/tgoskits/tmp/rt-thread-5.2.2-full/components/net/lwip/lwip-2.1.2/src/core/altcp_alloc.c:44[m[K:
[01m[K/home/yfblock/Code/hyper-rtos/tgoskits/tmp/rt-thread-5.2.2-full/components/net/lwip/port/lwipopts.h:410:[m[K [01;36m[Knote: [m[Kthis is the location of the previous definition
  410 | #define TCPIP_THREAD_PRIO           RT_LWIP_TCPTHREAD_PRIORITY
      | 
CC build/kernel/components/net/lwip/lwip-2.1.2/src/core/altcp_tcp.o
CC build/kernel/components/net/lwip/lwip-2.1.2/src/core/def.o
In file included from [01m[K/home/yfblock/Code/hyper-rtos/tgoskits/tmp/rt-thread-5.2.2-full/components/net/lwip/port/lwipopts.h:15[m[K,
                 from [01m[K/home/yfblock/Code/hyper-rtos/tgoskits/tmp/rt-thread-5.2.2-full/components/net/lwip/lwip-2.1.2/src/include/lwip/opt.h:51[m[K,
                 from [01m[K/home/yfblock/Code/hyper-rtos/tgoskits/tmp/rt-thread-5.2.2-full/components/net/lwip/lwip-2.1.2/src/core/altcp_tcp.c:44[m[K:
[01m[K./rtconfig.h:193:[m[K [01;35m[Kwarning: [m[K"RT_CONSOLE_DEVICE_NAME" redefined
  193 | #define RT_CONSOLE_DEVICE_NAME "uart0"
      | 
[01m[K./rtconfig.h:52:[m[K [01;36m[Knote: [m[Kthis is the location of the previous definition
   52 | #define RT_CONSOLE_DEVICE_NAME uart1
      | 
[01m[K./rtconfig.h:194:[m[K [01;35m[Kwarning: [m[K"FINSH_THREAD_NAME" redefined
  194 | #define FINSH_THREAD_NAME "tshell"
      | 
[01m[K./rtconfig.h:59:[m[K [01;36m[Knote: [m[Kthis is the location of the previous definition
   59 | #define FINSH_THREAD_NAME tshell
      | 
In file included from [01m[K/home/yfblock/Code/hyper-rtos/tgoskits/tmp/rt-thread-5.2.2-full/components/net/lwip/port/lwipopts.h:15[m[K,
                 from [01m[K/home/yfblock/Code/hyper-rtos/tgoskits/tmp/rt-thread-5.2.2-full/components/net/lwip/lwip-2.1.2/src/include/lwip/opt.h:51[m[K,
                 from [01m[K/home/yfblock/Code/hyper-rtos/tgoskits/tmp/rt-thread-5.2.2-full/components/net/lwip/lwip-2.1.2/src/core/def.c:61[m[K:
[01m[K./rtconfig.h:193:[m[K [01;35m[Kwarning: [m[K"RT_CONSOLE_DEVICE_NAME" redefined
  193 | #define RT_CONSOLE_DEVICE_NAME "uart0"
      | 
[01m[K./rtconfig.h:52:[m[K [01;36m[Knote: [m[Kthis is the location of the previous definition
   52 | #define RT_CONSOLE_DEVICE_NAME uart1
      | 
[01m[K./rtconfig.h:194:[m[K [01;35m[Kwarning: [m[K"FINSH_THREAD_NAME" redefined
  194 | #define FINSH_THREAD_NAME "tshell"
      | 
[01m[K./rtconfig.h:59:[m[K [01;36m[Knote: [m[Kthis is the location of the previous definition
   59 | #define FINSH_THREAD_NAME tshell
      | 
In file included from [01m[K/home/yfblock/Code/hyper-rtos/tgoskits/tmp/rt-thread-5.2.2-full/components/net/lwip/lwip-2.1.2/src/include/lwip/opt.h:51[m[K,
                 from [01m[K/home/yfblock/Code/hyper-rtos/tgoskits/tmp/rt-thread-5.2.2-full/components/net/lwip/lwip-2.1.2/src/core/altcp_tcp.c:44[m[K:
[01m[K/home/yfblock/Code/hyper-rtos/tgoskits/tmp/rt-thread-5.2.2-full/components/net/lwip/port/lwipopts.h:410:[m[K [01;35m[Kwarning: [m[K"TCPIP_THREAD_PRIO" redefined
  410 | #define TCPIP_THREAD_PRIO           RT_LWIP_TCPTHREAD_PRIORITY
      | 
In file included from [01m[K/home/yfblock/Code/hyper-rtos/tgoskits/tmp/rt-thread-5.2.2-full/components/libc/compilers/common/include/sys/time.h:15[m[K,
                 from [01m[K/home/yfblock/Code/hyper-rtos/tgoskits/tmp/rt-thread-5.2.2-full/components/net/lwip/port/lwipopts.h:22[m[K,
                 from [01m[K/home/yfblock/Code/hyper-rtos/tgoskits/tmp/rt-thread-5.2.2-full/components/net/lwip/lwip-2.1.2/src/include/lwip/opt.h:51[m[K,
                 from [01m[K/home/yfblock/Code/hyper-rtos/tgoskits/tmp/rt-thread-5.2.2-full/components/net/lwip/lwip-2.1.2/src/core/altcp_tcp.c:44[m[K:
[01m[K./rtconfig.h:202:[m[K [01;36m[Knote: [m[Kthis is the location of the previous definition
  202 | #define TCPIP_THREAD_PRIO 10
      | 
In file included from [01m[K/home/yfblock/Code/hyper-rtos/tgoskits/tmp/rt-thread-5.2.2-full/components/net/lwip/lwip-2.1.2/src/include/lwip/opt.h:51[m[K,
                 from [01m[K/home/yfblock/Code/hyper-rtos/tgoskits/tmp/rt-thread-5.2.2-full/components/net/lwip/lwip-2.1.2/src/core/altcp_tcp.c:44[m[K:
[01m[K/home/yfblock/Code/hyper-rtos/tgoskits/tmp/rt-thread-5.2.2-full/components/net/lwip/port/lwipopts.h:411:[m[K [01;35m[Kwarning: [m[K"TCPIP_THREAD_STACKSIZE" redefined
  411 | #define TCPIP_THREAD_STACKSIZE      RT_LWIP_TCPTHREAD_STACKSIZE
      | 
In file included from [01m[K/home/yfblock/Code/hyper-rtos/tgoskits/tmp/rt-thread-5.2.2-full/components/libc/compilers/common/include/sys/time.h:15[m[K,
                 from [01m[K/home/yfblock/Code/hyper-rtos/tgoskits/tmp/rt-thread-5.2.2-full/components/net/lwip/port/lwipopts.h:22[m[K,
                 from [01m[K/home/yfblock/Code/hyper-rtos/tgoskits/tmp/rt-thread-5.2.2-full/components/net/lwip/lwip-2.1.2/src/include/lwip/opt.h:51[m[K,
                 from [01m[K/home/yfblock/Code/hyper-rtos/tgoskits/tmp/rt-thread-5.2.2-full/components/net/lwip/lwip-2.1.2/src/core/altcp_tcp.c:44[m[K:
[01m[K./rtconfig.h:201:[m[K [01;36m[Knote: [m[Kthis is the location of the previous definition
  201 | #define TCPIP_THREAD_STACKSIZE 8192
      | 
In file included from [01m[K/home/yfblock/Code/hyper-rtos/tgoskits/tmp/rt-thread-5.2.2-full/include/rttypes.h:14[m[K,
                 from [01m[K/home/yfblock/Code/hyper-rtos/tgoskits/tmp/rt-thread-5.2.2-full/include/rtsched.h:14[m[K,
                 from [01m[K/home/yfblock/Code/hyper-rtos/tgoskits/tmp/rt-thread-5.2.2-full/include/rtdef.h:68[m[K,
                 from [01m[K/home/yfblock/Code/hyper-rtos/tgoskits/tmp/rt-thread-5.2.2-full/include/rthw.h:23[m[K,
                 from [01m[K/home/yfblock/Code/hyper-rtos/tgoskits/tmp/rt-thread-5.2.2-full/components/net/lwip/port/arch/cc.h:48[m[K,
                 from [01m[K/home/yfblock/Code/hyper-rtos/tgoskits/tmp/rt-thread-5.2.2-full/components/net/lwip/lwip-2.1.2/src/include/lwip/arch.h:48[m[K,
                 from [01m[K/home/yfblock/Code/hyper-rtos/tgoskits/tmp/rt-thread-5.2.2-full/components/net/lwip/lwip-2.1.2/src/include/lwip/debug.h:40[m[K,
                 from [01m[K/home/yfblock/Code/hyper-rtos/tgoskits/tmp/rt-thread-5.2.2-full/components/net/lwip/lwip-2.1.2/src/include/lwip/opt.h:52[m[K,
                 from [01m[K/home/yfblock/Code/hyper-rtos/tgoskits/tmp/rt-thread-5.2.2-full/components/net/lwip/lwip-2.1.2/src/core/altcp_tcp.c:44[m[K:
[01m[K./rtconfig.h:201:[m[K [01;35m[Kwarning: [m[K"TCPIP_THREAD_STACKSIZE" redefined
  201 | #define TCPIP_THREAD_STACKSIZE 8192
      | 
In file included from [01m[K/home/yfblock/Code/hyper-rtos/tgoskits/tmp/rt-thread-5.2.2-full/components/net/lwip/lwip-2.1.2/src/include/lwip/opt.h:51[m[K,
                 from [01m[K/home/yfblock/Code/hyper-rtos/tgoskits/tmp/rt-thread-5.2.2-full/components/net/lwip/lwip-2.1.2/src/core/altcp_tcp.c:44[m[K:
[01m[K/home/yfblock/Code/hyper-rtos/tgoskits/tmp/rt-thread-5.2.2-full/components/net/lwip/port/lwipopts.h:411:[m[K [01;36m[Knote: [m[Kthis is the location of the previous definition
  411 | #define TCPIP_THREAD_STACKSIZE      RT_LWIP_TCPTHREAD_STACKSIZE
      | 
In file included from [01m[K/home/yfblock/Code/hyper-rtos/tgoskits/tmp/rt-thread-5.2.2-full/include/rttypes.h:14[m[K,
                 from [01m[K/home/yfblock/Code/hyper-rtos/tgoskits/tmp/rt-thread-5.2.2-full/include/rtsched.h:14[m[K,
                 from [01m[K/home/yfblock/Code/hyper-rtos/tgoskits/tmp/rt-thread-5.2.2-full/include/rtdef.h:68[m[K,
                 from [01m[K/home/yfblock/Code/hyper-rtos/tgoskits/tmp/rt-thread-5.2.2-full/include/rthw.h:23[m[K,
                 from [01m[K/home/yfblock/Code/hyper-rtos/tgoskits/tmp/rt-thread-5.2.2-full/components/net/lwip/port/arch/cc.h:48[m[K,
                 from [01m[K/home/yfblock/Code/hyper-rtos/tgoskits/tmp/rt-thread-5.2.2-full/components/net/lwip/lwip-2.1.2/src/include/lwip/arch.h:48[m[K,
                 from [01m[K/home/yfblock/Code/hyper-rtos/tgoskits/tmp/rt-thread-5.2.2-full/components/net/lwip/lwip-2.1.2/src/include/lwip/debug.h:40[m[K,
                 from [01m[K/home/yfblock/Code/hyper-rtos/tgoskits/tmp/rt-thread-5.2.2-full/components/net/lwip/lwip-2.1.2/src/include/lwip/opt.h:52[m[K,
                 from [01m[K/home/yfblock/Code/hyper-rtos/tgoskits/tmp/rt-thread-5.2.2-full/components/net/lwip/lwip-2.1.2/src/core/altcp_tcp.c:44[m[K:
[01m[K./rtconfig.h:202:[m[K [01;35m[Kwarning: [m[K"TCPIP_THREAD_PRIO" redefined
  202 | #define TCPIP_THREAD_PRIO 10
      | 
In file included from [01m[K/home/yfblock/Code/hyper-rtos/tgoskits/tmp/rt-thread-5.2.2-full/components/net/lwip/lwip-2.1.2/src/include/lwip/opt.h:51[m[K,
                 from [01m[K/home/yfblock/Code/hyper-rtos/tgoskits/tmp/rt-thread-5.2.2-full/components/net/lwip/lwip-2.1.2/src/core/altcp_tcp.c:44[m[K:
[01m[K/home/yfblock/Code/hyper-rtos/tgoskits/tmp/rt-thread-5.2.2-full/components/net/lwip/port/lwipopts.h:410:[m[K [01;36m[Knote: [m[Kthis is the location of the previous definition
  410 | #define TCPIP_THREAD_PRIO           RT_LWIP_TCPTHREAD_PRIORITY
      | 
In file included from [01m[K/home/yfblock/Code/hyper-rtos/tgoskits/tmp/rt-thread-5.2.2-full/components/net/lwip/lwip-2.1.2/src/include/lwip/opt.h:51[m[K,
                 from [01m[K/home/yfblock/Code/hyper-rtos/tgoskits/tmp/rt-thread-5.2.2-full/components/net/lwip/lwip-2.1.2/src/core/def.c:61[m[K:
[01m[K/home/yfblock/Code/hyper-rtos/tgoskits/tmp/rt-thread-5.2.2-full/components/net/lwip/port/lwipopts.h:410:[m[K [01;35m[Kwarning: [m[K"TCPIP_THREAD_PRIO" redefined
  410 | #define TCPIP_THREAD_PRIO           RT_LWIP_TCPTHREAD_PRIORITY
      | 
In file included from [01m[K/home/yfblock/Code/hyper-rtos/tgoskits/tmp/rt-thread-5.2.2-full/components/libc/compilers/common/include/sys/time.h:15[m[K,
                 from [01m[K/home/yfblock/Code/hyper-rtos/tgoskits/tmp/rt-thread-5.2.2-full/components/net/lwip/port/lwipopts.h:22[m[K,
                 from [01m[K/home/yfblock/Code/hyper-rtos/tgoskits/tmp/rt-thread-5.2.2-full/components/net/lwip/lwip-2.1.2/src/include/lwip/opt.h:51[m[K,
                 from [01m[K/home/yfblock/Code/hyper-rtos/tgoskits/tmp/rt-thread-5.2.2-full/components/net/lwip/lwip-2.1.2/src/core/def.c:61[m[K:
[01m[K./rtconfig.h:202:[m[K [01;36m[Knote: [m[Kthis is the location of the previous definition
  202 | #define TCPIP_THREAD_PRIO 10
      | 
In file included from [01m[K/home/yfblock/Code/hyper-rtos/tgoskits/tmp/rt-thread-5.2.2-full/components/net/lwip/lwip-2.1.2/src/include/lwip/opt.h:51[m[K,
                 from [01m[K/home/yfblock/Code/hyper-rtos/tgoskits/tmp/rt-thread-5.2.2-full/components/net/lwip/lwip-2.1.2/src/core/def.c:61[m[K:
[01m[K/home/yfblock/Code/hyper-rtos/tgoskits/tmp/rt-thread-5.2.2-full/components/net/lwip/port/lwipopts.h:411:[m[K [01;35m[Kwarning: [m[K"TCPIP_THREAD_STACKSIZE" redefined
  411 | #define TCPIP_THREAD_STACKSIZE      RT_LWIP_TCPTHREAD_STACKSIZE
      | 
In file included from [01m[K/home/yfblock/Code/hyper-rtos/tgoskits/tmp/rt-thread-5.2.2-full/components/libc/compilers/common/include/sys/time.h:15[m[K,
                 from [01m[K/home/yfblock/Code/hyper-rtos/tgoskits/tmp/rt-thread-5.2.2-full/components/net/lwip/port/lwipopts.h:22[m[K,
                 from [01m[K/home/yfblock/Code/hyper-rtos/tgoskits/tmp/rt-thread-5.2.2-full/components/net/lwip/lwip-2.1.2/src/include/lwip/opt.h:51[m[K,
                 from [01m[K/home/yfblock/Code/hyper-rtos/tgoskits/tmp/rt-thread-5.2.2-full/components/net/lwip/lwip-2.1.2/src/core/def.c:61[m[K:
[01m[K./rtconfig.h:201:[m[K [01;36m[Knote: [m[Kthis is the location of the previous definition
  201 | #define TCPIP_THREAD_STACKSIZE 8192
      | 
In file included from [01m[K/home/yfblock/Code/hyper-rtos/tgoskits/tmp/rt-thread-5.2.2-full/include/rttypes.h:14[m[K,
                 from [01m[K/home/yfblock/Code/hyper-rtos/tgoskits/tmp/rt-thread-5.2.2-full/include/rtsched.h:14[m[K,
                 from [01m[K/home/yfblock/Code/hyper-rtos/tgoskits/tmp/rt-thread-5.2.2-full/include/rtdef.h:68[m[K,
                 from [01m[K/home/yfblock/Code/hyper-rtos/tgoskits/tmp/rt-thread-5.2.2-full/include/rthw.h:23[m[K,
                 from [01m[K/home/yfblock/Code/hyper-rtos/tgoskits/tmp/rt-thread-5.2.2-full/components/net/lwip/port/arch/cc.h:48[m[K,
                 from [01m[K/home/yfblock/Code/hyper-rtos/tgoskits/tmp/rt-thread-5.2.2-full/components/net/lwip/lwip-2.1.2/src/include/lwip/arch.h:48[m[K,
                 from [01m[K/home/yfblock/Code/hyper-rtos/tgoskits/tmp/rt-thread-5.2.2-full/components/net/lwip/lwip-2.1.2/src/include/lwip/debug.h:40[m[K,
                 from [01m[K/home/yfblock/Code/hyper-rtos/tgoskits/tmp/rt-thread-5.2.2-full/components/net/lwip/lwip-2.1.2/src/include/lwip/opt.h:52[m[K,
                 from [01m[K/home/yfblock/Code/hyper-rtos/tgoskits/tmp/rt-thread-5.2.2-full/components/net/lwip/lwip-2.1.2/src/core/def.c:61[m[K:
[01m[K./rtconfig.h:201:[m[K [01;35m[Kwarning: [m[K"TCPIP_THREAD_STACKSIZE" redefined
  201 | #define TCPIP_THREAD_STACKSIZE 8192
      | 
In file included from [01m[K/home/yfblock/Code/hyper-rtos/tgoskits/tmp/rt-thread-5.2.2-full/components/net/lwip/lwip-2.1.2/src/include/lwip/opt.h:51[m[K,
                 from [01m[K/home/yfblock/Code/hyper-rtos/tgoskits/tmp/rt-thread-5.2.2-full/components/net/lwip/lwip-2.1.2/src/core/def.c:61[m[K:
[01m[K/home/yfblock/Code/hyper-rtos/tgoskits/tmp/rt-thread-5.2.2-full/components/net/lwip/port/lwipopts.h:411:[m[K [01;36m[Knote: [m[Kthis is the location of the previous definition
  411 | #define TCPIP_THREAD_STACKSIZE      RT_LWIP_TCPTHREAD_STACKSIZE
      | 
In file included from [01m[K/home/yfblock/Code/hyper-rtos/tgoskits/tmp/rt-thread-5.2.2-full/include/rttypes.h:14[m[K,
                 from [01m[K/home/yfblock/Code/hyper-rtos/tgoskits/tmp/rt-thread-5.2.2-full/include/rtsched.h:14[m[K,
                 from [01m[K/home/yfblock/Code/hyper-rtos/tgoskits/tmp/rt-thread-5.2.2-full/include/rtdef.h:68[m[K,
                 from [01m[K/home/yfblock/Code/hyper-rtos/tgoskits/tmp/rt-thread-5.2.2-full/include/rthw.h:23[m[K,
                 from [01m[K/home/yfblock/Code/hyper-rtos/tgoskits/tmp/rt-thread-5.2.2-full/components/net/lwip/port/arch/cc.h:48[m[K,
                 from [01m[K/home/yfblock/Code/hyper-rtos/tgoskits/tmp/rt-thread-5.2.2-full/components/net/lwip/lwip-2.1.2/src/include/lwip/arch.h:48[m[K,
                 from [01m[K/home/yfblock/Code/hyper-rtos/tgoskits/tmp/rt-thread-5.2.2-full/components/net/lwip/lwip-2.1.2/src/include/lwip/debug.h:40[m[K,
                 from [01m[K/home/yfblock/Code/hyper-rtos/tgoskits/tmp/rt-thread-5.2.2-full/components/net/lwip/lwip-2.1.2/src/include/lwip/opt.h:52[m[K,
                 from [01m[K/home/yfblock/Code/hyper-rtos/tgoskits/tmp/rt-thread-5.2.2-full/components/net/lwip/lwip-2.1.2/src/core/def.c:61[m[K:
[01m[K./rtconfig.h:202:[m[K [01;35m[Kwarning: [m[K"TCPIP_THREAD_PRIO" redefined
  202 | #define TCPIP_THREAD_PRIO 10
      | 
In file included from [01m[K/home/yfblock/Code/hyper-rtos/tgoskits/tmp/rt-thread-5.2.2-full/components/net/lwip/lwip-2.1.2/src/include/lwip/opt.h:51[m[K,
                 from [01m[K/home/yfblock/Code/hyper-rtos/tgoskits/tmp/rt-thread-5.2.2-full/components/net/lwip/lwip-2.1.2/src/core/def.c:61[m[K:
[01m[K/home/yfblock/Code/hyper-rtos/tgoskits/tmp/rt-thread-5.2.2-full/components/net/lwip/port/lwipopts.h:410:[m[K [01;36m[Knote: [m[Kthis is the location of the previous definition
  410 | #define TCPIP_THREAD_PRIO           RT_LWIP_TCPTHREAD_PRIORITY
      | 
CC build/kernel/components/net/lwip/lwip-2.1.2/src/core/dns.o
CC build/kernel/components/net/lwip/lwip-2.1.2/src/core/inet_chksum.o
In file included from [01m[K/home/yfblock/Code/hyper-rtos/tgoskits/tmp/rt-thread-5.2.2-full/components/net/lwip/port/lwipopts.h:15[m[K,
                 from [01m[K/home/yfblock/Code/hyper-rtos/tgoskits/tmp/rt-thread-5.2.2-full/components/net/lwip/lwip-2.1.2/src/include/lwip/opt.h:51[m[K,
                 from [01m[K/home/yfblock/Code/hyper-rtos/tgoskits/tmp/rt-thread-5.2.2-full/components/net/lwip/lwip-2.1.2/src/core/dns.c:87[m[K:
[01m[K./rtconfig.h:193:[m[K [01;35m[Kwarning: [m[K"RT_CONSOLE_DEVICE_NAME" redefined
  193 | #define RT_CONSOLE_DEVICE_NAME "uart0"
      | 
[01m[K./rtconfig.h:52:[m[K [01;36m[Knote: [m[Kthis is the location of the previous definition
   52 | #define RT_CONSOLE_DEVICE_NAME uart1
      | 
[01m[K./rtconfig.h:194:[m[K [01;35m[Kwarning: [m[K"FINSH_THREAD_NAME" redefined
  194 | #define FINSH_THREAD_NAME "tshell"
      | 
[01m[K./rtconfig.h:59:[m[K [01;36m[Knote: [m[Kthis is the location of the previous definition
   59 | #define FINSH_THREAD_NAME tshell
      | 
In file included from [01m[K/home/yfblock/Code/hyper-rtos/tgoskits/tmp/rt-thread-5.2.2-full/components/net/lwip/port/lwipopts.h:15[m[K,
                 from [01m[K/home/yfblock/Code/hyper-rtos/tgoskits/tmp/rt-thread-5.2.2-full/components/net/lwip/lwip-2.1.2/src/include/lwip/opt.h:51[m[K,
                 from [01m[K/home/yfblock/Code/hyper-rtos/tgoskits/tmp/rt-thread-5.2.2-full/components/net/lwip/lwip-2.1.2/src/core/inet_chksum.c:48[m[K:
[01m[K./rtconfig.h:193:[m[K [01;35m[Kwarning: [m[K"RT_CONSOLE_DEVICE_NAME" redefined
  193 | #define RT_CONSOLE_DEVICE_NAME "uart0"
      | 
[01m[K./rtconfig.h:52:[m[K [01;36m[Knote: [m[Kthis is the location of the previous definition
   52 | #define RT_CONSOLE_DEVICE_NAME uart1
      | 
[01m[K./rtconfig.h:194:[m[K [01;35m[Kwarning: [m[K"FINSH_THREAD_NAME" redefined
  194 | #define FINSH_THREAD_NAME "tshell"
      | 
[01m[K./rtconfig.h:59:[m[K [01;36m[Knote: [m[Kthis is the location of the previous definition
   59 | #define FINSH_THREAD_NAME tshell
      | 
In file included from [01m[K/home/yfblock/Code/hyper-rtos/tgoskits/tmp/rt-thread-5.2.2-full/components/net/lwip/lwip-2.1.2/src/include/lwip/opt.h:51[m[K,
                 from [01m[K/home/yfblock/Code/hyper-rtos/tgoskits/tmp/rt-thread-5.2.2-full/components/net/lwip/lwip-2.1.2/src/core/dns.c:87[m[K:
[01m[K/home/yfblock/Code/hyper-rtos/tgoskits/tmp/rt-thread-5.2.2-full/components/net/lwip/port/lwipopts.h:410:[m[K [01;35m[Kwarning: [m[K"TCPIP_THREAD_PRIO" redefined
  410 | #define TCPIP_THREAD_PRIO           RT_LWIP_TCPTHREAD_PRIORITY
      | 
In file included from [01m[K/home/yfblock/Code/hyper-rtos/tgoskits/tmp/rt-thread-5.2.2-full/components/libc/compilers/common/include/sys/time.h:15[m[K,
                 from [01m[K/home/yfblock/Code/hyper-rtos/tgoskits/tmp/rt-thread-5.2.2-full/components/net/lwip/port/lwipopts.h:22[m[K,
                 from [01m[K/home/yfblock/Code/hyper-rtos/tgoskits/tmp/rt-thread-5.2.2-full/components/net/lwip/lwip-2.1.2/src/include/lwip/opt.h:51[m[K,
                 from [01m[K/home/yfblock/Code/hyper-rtos/tgoskits/tmp/rt-thread-5.2.2-full/components/net/lwip/lwip-2.1.2/src/core/dns.c:87[m[K:
[01m[K./rtconfig.h:202:[m[K [01;36m[Knote: [m[Kthis is the location of the previous definition
  202 | #define TCPIP_THREAD_PRIO 10
      | 
In file included from [01m[K/home/yfblock/Code/hyper-rtos/tgoskits/tmp/rt-thread-5.2.2-full/components/net/lwip/lwip-2.1.2/src/include/lwip/opt.h:51[m[K,
                 from [01m[K/home/yfblock/Code/hyper-rtos/tgoskits/tmp/rt-thread-5.2.2-full/components/net/lwip/lwip-2.1.2/src/core/dns.c:87[m[K:
[01m[K/home/yfblock/Code/hyper-rtos/tgoskits/tmp/rt-thread-5.2.2-full/components/net/lwip/port/lwipopts.h:411:[m[K [01;35m[Kwarning: [m[K"TCPIP_THREAD_STACKSIZE" redefined
  411 | #define TCPIP_THREAD_STACKSIZE      RT_LWIP_TCPTHREAD_STACKSIZE
      | 
In file included from [01m[K/home/yfblock/Code/hyper-rtos/tgoskits/tmp/rt-thread-5.2.2-full/components/libc/compilers/common/include/sys/time.h:15[m[K,
                 from [01m[K/home/yfblock/Code/hyper-rtos/tgoskits/tmp/rt-thread-5.2.2-full/components/net/lwip/port/lwipopts.h:22[m[K,
                 from [01m[K/home/yfblock/Code/hyper-rtos/tgoskits/tmp/rt-thread-5.2.2-full/components/net/lwip/lwip-2.1.2/src/include/lwip/opt.h:51[m[K,
                 from [01m[K/home/yfblock/Code/hyper-rtos/tgoskits/tmp/rt-thread-5.2.2-full/components/net/lwip/lwip-2.1.2/src/core/dns.c:87[m[K:
[01m[K./rtconfig.h:201:[m[K [01;36m[Knote: [m[Kthis is the location of the previous definition
  201 | #define TCPIP_THREAD_STACKSIZE 8192
      | 
In file included from [01m[K/home/yfblock/Code/hyper-rtos/tgoskits/tmp/rt-thread-5.2.2-full/include/rttypes.h:14[m[K,
                 from [01m[K/home/yfblock/Code/hyper-rtos/tgoskits/tmp/rt-thread-5.2.2-full/include/rtsched.h:14[m[K,
                 from [01m[K/home/yfblock/Code/hyper-rtos/tgoskits/tmp/rt-thread-5.2.2-full/include/rtdef.h:68[m[K,
                 from [01m[K/home/yfblock/Code/hyper-rtos/tgoskits/tmp/rt-thread-5.2.2-full/include/rthw.h:23[m[K,
                 from [01m[K/home/yfblock/Code/hyper-rtos/tgoskits/tmp/rt-thread-5.2.2-full/components/net/lwip/port/arch/cc.h:48[m[K,
                 from [01m[K/home/yfblock/Code/hyper-rtos/tgoskits/tmp/rt-thread-5.2.2-full/components/net/lwip/lwip-2.1.2/src/include/lwip/arch.h:48[m[K,
                 from [01m[K/home/yfblock/Code/hyper-rtos/tgoskits/tmp/rt-thread-5.2.2-full/components/net/lwip/lwip-2.1.2/src/include/lwip/debug.h:40[m[K,
                 from [01m[K/home/yfblock/Code/hyper-rtos/tgoskits/tmp/rt-thread-5.2.2-full/components/net/lwip/lwip-2.1.2/src/include/lwip/opt.h:52[m[K,
                 from [01m[K/home/yfblock/Code/hyper-rtos/tgoskits/tmp/rt-thread-5.2.2-full/components/net/lwip/lwip-2.1.2/src/core/dns.c:87[m[K:
[01m[K./rtconfig.h:201:[m[K [01;35m[Kwarning: [m[K"TCPIP_THREAD_STACKSIZE" redefined
  201 | #define TCPIP_THREAD_STACKSIZE 8192
      | 
In file included from [01m[K/home/yfblock/Code/hyper-rtos/tgoskits/tmp/rt-thread-5.2.2-full/components/net/lwip/lwip-2.1.2/src/include/lwip/opt.h:51[m[K,
                 from [01m[K/home/yfblock/Code/hyper-rtos/tgoskits/tmp/rt-thread-5.2.2-full/components/net/lwip/lwip-2.1.2/src/core/dns.c:87[m[K:
[01m[K/home/yfblock/Code/hyper-rtos/tgoskits/tmp/rt-thread-5.2.2-full/components/net/lwip/port/lwipopts.h:411:[m[K [01;36m[Knote: [m[Kthis is the location of the previous definition
  411 | #define TCPIP_THREAD_STACKSIZE      RT_LWIP_TCPTHREAD_STACKSIZE
      | 
In file included from [01m[K/home/yfblock/Code/hyper-rtos/tgoskits/tmp/rt-thread-5.2.2-full/include/rttypes.h:14[m[K,
                 from [01m[K/home/yfblock/Code/hyper-rtos/tgoskits/tmp/rt-thread-5.2.2-full/include/rtsched.h:14[m[K,
                 from [01m[K/home/yfblock/Code/hyper-rtos/tgoskits/tmp/rt-thread-5.2.2-full/include/rtdef.h:68[m[K,
                 from [01m[K/home/yfblock/Code/hyper-rtos/tgoskits/tmp/rt-thread-5.2.2-full/include/rthw.h:23[m[K,
                 from [01m[K/home/yfblock/Code/hyper-rtos/tgoskits/tmp/rt-thread-5.2.2-full/components/net/lwip/port/arch/cc.h:48[m[K,
                 from [01m[K/home/yfblock/Code/hyper-rtos/tgoskits/tmp/rt-thread-5.2.2-full/components/net/lwip/lwip-2.1.2/src/include/lwip/arch.h:48[m[K,
                 from [01m[K/home/yfblock/Code/hyper-rtos/tgoskits/tmp/rt-thread-5.2.2-full/components/net/lwip/lwip-2.1.2/src/include/lwip/debug.h:40[m[K,
                 from [01m[K/home/yfblock/Code/hyper-rtos/tgoskits/tmp/rt-thread-5.2.2-full/components/net/lwip/lwip-2.1.2/src/include/lwip/opt.h:52[m[K,
                 from [01m[K/home/yfblock/Code/hyper-rtos/tgoskits/tmp/rt-thread-5.2.2-full/components/net/lwip/lwip-2.1.2/src/core/dns.c:87[m[K:
[01m[K./rtconfig.h:202:[m[K [01;35m[Kwarning: [m[K"TCPIP_THREAD_PRIO" redefined
  202 | #define TCPIP_THREAD_PRIO 10
      | 
In file included from [01m[K/home/yfblock/Code/hyper-rtos/tgoskits/tmp/rt-thread-5.2.2-full/components/net/lwip/lwip-2.1.2/src/include/lwip/opt.h:51[m[K,
                 from [01m[K/home/yfblock/Code/hyper-rtos/tgoskits/tmp/rt-thread-5.2.2-full/components/net/lwip/lwip-2.1.2/src/core/dns.c:87[m[K:
[01m[K/home/yfblock/Code/hyper-rtos/tgoskits/tmp/rt-thread-5.2.2-full/components/net/lwip/port/lwipopts.h:410:[m[K [01;36m[Knote: [m[Kthis is the location of the previous definition
  410 | #define TCPIP_THREAD_PRIO           RT_LWIP_TCPTHREAD_PRIORITY
      | 
In file included from [01m[K/home/yfblock/Code/hyper-rtos/tgoskits/tmp/rt-thread-5.2.2-full/components/net/lwip/lwip-2.1.2/src/include/lwip/opt.h:51[m[K,
                 from [01m[K/home/yfblock/Code/hyper-rtos/tgoskits/tmp/rt-thread-5.2.2-full/components/net/lwip/lwip-2.1.2/src/core/inet_chksum.c:48[m[K:
[01m[K/home/yfblock/Code/hyper-rtos/tgoskits/tmp/rt-thread-5.2.2-full/components/net/lwip/port/lwipopts.h:410:[m[K [01;35m[Kwarning: [m[K"TCPIP_THREAD_PRIO" redefined
  410 | #define TCPIP_THREAD_PRIO           RT_LWIP_TCPTHREAD_PRIORITY
      | 
In file included from [01m[K/home/yfblock/Code/hyper-rtos/tgoskits/tmp/rt-thread-5.2.2-full/components/libc/compilers/common/include/sys/time.h:15[m[K,
                 from [01m[K/home/yfblock/Code/hyper-rtos/tgoskits/tmp/rt-thread-5.2.2-full/components/net/lwip/port/lwipopts.h:22[m[K,
                 from [01m[K/home/yfblock/Code/hyper-rtos/tgoskits/tmp/rt-thread-5.2.2-full/components/net/lwip/lwip-2.1.2/src/include/lwip/opt.h:51[m[K,
                 from [01m[K/home/yfblock/Code/hyper-rtos/tgoskits/tmp/rt-thread-5.2.2-full/components/net/lwip/lwip-2.1.2/src/core/inet_chksum.c:48[m[K:
[01m[K./rtconfig.h:202:[m[K [01;36m[Knote: [m[Kthis is the location of the previous definition
  202 | #define TCPIP_THREAD_PRIO 10
      | 
In file included from [01m[K/home/yfblock/Code/hyper-rtos/tgoskits/tmp/rt-thread-5.2.2-full/components/net/lwip/lwip-2.1.2/src/include/lwip/opt.h:51[m[K,
                 from [01m[K/home/yfblock/Code/hyper-rtos/tgoskits/tmp/rt-thread-5.2.2-full/components/net/lwip/lwip-2.1.2/src/core/inet_chksum.c:48[m[K:
[01m[K/home/yfblock/Code/hyper-rtos/tgoskits/tmp/rt-thread-5.2.2-full/components/net/lwip/port/lwipopts.h:411:[m[K [01;35m[Kwarning: [m[K"TCPIP_THREAD_STACKSIZE" redefined
  411 | #define TCPIP_THREAD_STACKSIZE      RT_LWIP_TCPTHREAD_STACKSIZE
      | 
In file included from [01m[K/home/yfblock/Code/hyper-rtos/tgoskits/tmp/rt-thread-5.2.2-full/components/libc/compilers/common/include/sys/time.h:15[m[K,
                 from [01m[K/home/yfblock/Code/hyper-rtos/tgoskits/tmp/rt-thread-5.2.2-full/components/net/lwip/port/lwipopts.h:22[m[K,
                 from [01m[K/home/yfblock/Code/hyper-rtos/tgoskits/tmp/rt-thread-5.2.2-full/components/net/lwip/lwip-2.1.2/src/include/lwip/opt.h:51[m[K,
                 from [01m[K/home/yfblock/Code/hyper-rtos/tgoskits/tmp/rt-thread-5.2.2-full/components/net/lwip/lwip-2.1.2/src/core/inet_chksum.c:48[m[K:
[01m[K./rtconfig.h:201:[m[K [01;36m[Knote: [m[Kthis is the location of the previous definition
  201 | #define TCPIP_THREAD_STACKSIZE 8192
      | 
In file included from [01m[K/home/yfblock/Code/hyper-rtos/tgoskits/tmp/rt-thread-5.2.2-full/include/rttypes.h:14[m[K,
                 from [01m[K/home/yfblock/Code/hyper-rtos/tgoskits/tmp/rt-thread-5.2.2-full/include/rtsched.h:14[m[K,
                 from [01m[K/home/yfblock/Code/hyper-rtos/tgoskits/tmp/rt-thread-5.2.2-full/include/rtdef.h:68[m[K,
                 from [01m[K/home/yfblock/Code/hyper-rtos/tgoskits/tmp/rt-thread-5.2.2-full/include/rthw.h:23[m[K,
                 from [01m[K/home/yfblock/Code/hyper-rtos/tgoskits/tmp/rt-thread-5.2.2-full/components/net/lwip/port/arch/cc.h:48[m[K,
                 from [01m[K/home/yfblock/Code/hyper-rtos/tgoskits/tmp/rt-thread-5.2.2-full/components/net/lwip/lwip-2.1.2/src/include/lwip/arch.h:48[m[K,
                 from [01m[K/home/yfblock/Code/hyper-rtos/tgoskits/tmp/rt-thread-5.2.2-full/components/net/lwip/lwip-2.1.2/src/include/lwip/debug.h:40[m[K,
                 from [01m[K/home/yfblock/Code/hyper-rtos/tgoskits/tmp/rt-thread-5.2.2-full/components/net/lwip/lwip-2.1.2/src/include/lwip/opt.h:52[m[K,
                 from [01m[K/home/yfblock/Code/hyper-rtos/tgoskits/tmp/rt-thread-5.2.2-full/components/net/lwip/lwip-2.1.2/src/core/inet_chksum.c:48[m[K:
[01m[K./rtconfig.h:201:[m[K [01;35m[Kwarning: [m[K"TCPIP_THREAD_STACKSIZE" redefined
  201 | #define TCPIP_THREAD_STACKSIZE 8192
      | 
In file included from [01m[K/home/yfblock/Code/hyper-rtos/tgoskits/tmp/rt-thread-5.2.2-full/components/net/lwip/lwip-2.1.2/src/include/lwip/opt.h:51[m[K,
                 from [01m[K/home/yfblock/Code/hyper-rtos/tgoskits/tmp/rt-thread-5.2.2-full/components/net/lwip/lwip-2.1.2/src/core/inet_chksum.c:48[m[K:
[01m[K/home/yfblock/Code/hyper-rtos/tgoskits/tmp/rt-thread-5.2.2-full/components/net/lwip/port/lwipopts.h:411:[m[K [01;36m[Knote: [m[Kthis is the location of the previous definition
  411 | #define TCPIP_THREAD_STACKSIZE      RT_LWIP_TCPTHREAD_STACKSIZE
      | 
In file included from [01m[K/home/yfblock/Code/hyper-rtos/tgoskits/tmp/rt-thread-5.2.2-full/include/rttypes.h:14[m[K,
                 from [01m[K/home/yfblock/Code/hyper-rtos/tgoskits/tmp/rt-thread-5.2.2-full/include/rtsched.h:14[m[K,
                 from [01m[K/home/yfblock/Code/hyper-rtos/tgoskits/tmp/rt-thread-5.2.2-full/include/rtdef.h:68[m[K,
                 from [01m[K/home/yfblock/Code/hyper-rtos/tgoskits/tmp/rt-thread-5.2.2-full/include/rthw.h:23[m[K,
                 from [01m[K/home/yfblock/Code/hyper-rtos/tgoskits/tmp/rt-thread-5.2.2-full/components/net/lwip/port/arch/cc.h:48[m[K,
                 from [01m[K/home/yfblock/Code/hyper-rtos/tgoskits/tmp/rt-thread-5.2.2-full/components/net/lwip/lwip-2.1.2/src/include/lwip/arch.h:48[m[K,
                 from [01m[K/home/yfblock/Code/hyper-rtos/tgoskits/tmp/rt-thread-5.2.2-full/components/net/lwip/lwip-2.1.2/src/include/lwip/debug.h:40[m[K,
                 from [01m[K/home/yfblock/Code/hyper-rtos/tgoskits/tmp/rt-thread-5.2.2-full/components/net/lwip/lwip-2.1.2/src/include/lwip/opt.h:52[m[K,
                 from [01m[K/home/yfblock/Code/hyper-rtos/tgoskits/tmp/rt-thread-5.2.2-full/components/net/lwip/lwip-2.1.2/src/core/inet_chksum.c:48[m[K:
[01m[K./rtconfig.h:202:[m[K [01;35m[Kwarning: [m[K"TCPIP_THREAD_PRIO" redefined
  202 | #define TCPIP_THREAD_PRIO 10
      | 
In file included from [01m[K/home/yfblock/Code/hyper-rtos/tgoskits/tmp/rt-thread-5.2.2-full/components/net/lwip/lwip-2.1.2/src/include/lwip/opt.h:51[m[K,
                 from [01m[K/home/yfblock/Code/hyper-rtos/tgoskits/tmp/rt-thread-5.2.2-full/components/net/lwip/lwip-2.1.2/src/core/inet_chksum.c:48[m[K:
[01m[K/home/yfblock/Code/hyper-rtos/tgoskits/tmp/rt-thread-5.2.2-full/components/net/lwip/port/lwipopts.h:410:[m[K [01;36m[Knote: [m[Kthis is the location of the previous definition
  410 | #define TCPIP_THREAD_PRIO           RT_LWIP_TCPTHREAD_PRIORITY
      | 
CC build/kernel/components/net/lwip/lwip-2.1.2/src/core/init.o
In file included from [01m[K/home/yfblock/Code/hyper-rtos/tgoskits/tmp/rt-thread-5.2.2-full/components/net/lwip/port/lwipopts.h:15[m[K,
                 from [01m[K/home/yfblock/Code/hyper-rtos/tgoskits/tmp/rt-thread-5.2.2-full/components/net/lwip/lwip-2.1.2/src/include/lwip/opt.h:51[m[K,
                 from [01m[K/home/yfblock/Code/hyper-rtos/tgoskits/tmp/rt-thread-5.2.2-full/components/net/lwip/lwip-2.1.2/src/core/init.c:38[m[K:
[01m[K./rtconfig.h:193:[m[K [01;35m[Kwarning: [m[K"RT_CONSOLE_DEVICE_NAME" redefined
  193 | #define RT_CONSOLE_DEVICE_NAME "uart0"
      | 
[01m[K./rtconfig.h:52:[m[K [01;36m[Knote: [m[Kthis is the location of the previous definition
   52 | #define RT_CONSOLE_DEVICE_NAME uart1
      | 
[01m[K./rtconfig.h:194:[m[K [01;35m[Kwarning: [m[K"FINSH_THREAD_NAME" redefined
  194 | #define FINSH_THREAD_NAME "tshell"
      | 
[01m[K./rtconfig.h:59:[m[K [01;36m[Knote: [m[Kthis is the location of the previous definition
   59 | #define FINSH_THREAD_NAME tshell
      | 
In file included from [01m[K/home/yfblock/Code/hyper-rtos/tgoskits/tmp/rt-thread-5.2.2-full/components/net/lwip/lwip-2.1.2/src/include/lwip/opt.h:51[m[K,
                 from [01m[K/home/yfblock/Code/hyper-rtos/tgoskits/tmp/rt-thread-5.2.2-full/components/net/lwip/lwip-2.1.2/src/core/init.c:38[m[K:
[01m[K/home/yfblock/Code/hyper-rtos/tgoskits/tmp/rt-thread-5.2.2-full/components/net/lwip/port/lwipopts.h:410:[m[K [01;35m[Kwarning: [m[K"TCPIP_THREAD_PRIO" redefined
  410 | #define TCPIP_THREAD_PRIO           RT_LWIP_TCPTHREAD_PRIORITY
      | 
In file included from [01m[K/home/yfblock/Code/hyper-rtos/tgoskits/tmp/rt-thread-5.2.2-full/components/libc/compilers/common/include/sys/time.h:15[m[K,
                 from [01m[K/home/yfblock/Code/hyper-rtos/tgoskits/tmp/rt-thread-5.2.2-full/components/net/lwip/port/lwipopts.h:22[m[K,
                 from [01m[K/home/yfblock/Code/hyper-rtos/tgoskits/tmp/rt-thread-5.2.2-full/components/net/lwip/lwip-2.1.2/src/include/lwip/opt.h:51[m[K,
                 from [01m[K/home/yfblock/Code/hyper-rtos/tgoskits/tmp/rt-thread-5.2.2-full/components/net/lwip/lwip-2.1.2/src/core/init.c:38[m[K:
[01m[K./rtconfig.h:202:[m[K [01;36m[Knote: [m[Kthis is the location of the previous definition
  202 | #define TCPIP_THREAD_PRIO 10
      | 
In file included from [01m[K/home/yfblock/Code/hyper-rtos/tgoskits/tmp/rt-thread-5.2.2-full/components/net/lwip/lwip-2.1.2/src/include/lwip/opt.h:51[m[K,
                 from [01m[K/home/yfblock/Code/hyper-rtos/tgoskits/tmp/rt-thread-5.2.2-full/components/net/lwip/lwip-2.1.2/src/core/init.c:38[m[K:
[01m[K/home/yfblock/Code/hyper-rtos/tgoskits/tmp/rt-thread-5.2.2-full/components/net/lwip/port/lwipopts.h:411:[m[K [01;35m[Kwarning: [m[K"TCPIP_THREAD_STACKSIZE" redefined
  411 | #define TCPIP_THREAD_STACKSIZE      RT_LWIP_TCPTHREAD_STACKSIZE
      | 
In file included from [01m[K/home/yfblock/Code/hyper-rtos/tgoskits/tmp/rt-thread-5.2.2-full/components/libc/compilers/common/include/sys/time.h:15[m[K,
                 from [01m[K/home/yfblock/Code/hyper-rtos/tgoskits/tmp/rt-thread-5.2.2-full/components/net/lwip/port/lwipopts.h:22[m[K,
                 from [01m[K/home/yfblock/Code/hyper-rtos/tgoskits/tmp/rt-thread-5.2.2-full/components/net/lwip/lwip-2.1.2/src/include/lwip/opt.h:51[m[K,
                 from [01m[K/home/yfblock/Code/hyper-rtos/tgoskits/tmp/rt-thread-5.2.2-full/components/net/lwip/lwip-2.1.2/src/core/init.c:38[m[K:
[01m[K./rtconfig.h:201:[m[K [01;36m[Knote: [m[Kthis is the location of the previous definition
  201 | #define TCPIP_THREAD_STACKSIZE 8192
      | 
In file included from [01m[K/home/yfblock/Code/hyper-rtos/tgoskits/tmp/rt-thread-5.2.2-full/include/rttypes.h:14[m[K,
                 from [01m[K/home/yfblock/Code/hyper-rtos/tgoskits/tmp/rt-thread-5.2.2-full/include/rtsched.h:14[m[K,
                 from [01m[K/home/yfblock/Code/hyper-rtos/tgoskits/tmp/rt-thread-5.2.2-full/include/rtdef.h:68[m[K,
                 from [01m[K/home/yfblock/Code/hyper-rtos/tgoskits/tmp/rt-thread-5.2.2-full/include/rthw.h:23[m[K,
                 from [01m[K/home/yfblock/Code/hyper-rtos/tgoskits/tmp/rt-thread-5.2.2-full/components/net/lwip/port/arch/cc.h:48[m[K,
                 from [01m[K/home/yfblock/Code/hyper-rtos/tgoskits/tmp/rt-thread-5.2.2-full/components/net/lwip/lwip-2.1.2/src/include/lwip/arch.h:48[m[K,
                 from [01m[K/home/yfblock/Code/hyper-rtos/tgoskits/tmp/rt-thread-5.2.2-full/components/net/lwip/lwip-2.1.2/src/include/lwip/debug.h:40[m[K,
                 from [01m[K/home/yfblock/Code/hyper-rtos/tgoskits/tmp/rt-thread-5.2.2-full/components/net/lwip/lwip-2.1.2/src/include/lwip/opt.h:52[m[K,
                 from [01m[K/home/yfblock/Code/hyper-rtos/tgoskits/tmp/rt-thread-5.2.2-full/components/net/lwip/lwip-2.1.2/src/core/init.c:38[m[K:
[01m[K./rtconfig.h:201:[m[K [01;35m[Kwarning: [m[K"TCPIP_THREAD_STACKSIZE" redefined
  201 | #define TCPIP_THREAD_STACKSIZE 8192
      | 
In file included from [01m[K/home/yfblock/Code/hyper-rtos/tgoskits/tmp/rt-thread-5.2.2-full/components/net/lwip/lwip-2.1.2/src/include/lwip/opt.h:51[m[K,
                 from [01m[K/home/yfblock/Code/hyper-rtos/tgoskits/tmp/rt-thread-5.2.2-full/components/net/lwip/lwip-2.1.2/src/core/init.c:38[m[K:
[01m[K/home/yfblock/Code/hyper-rtos/tgoskits/tmp/rt-thread-5.2.2-full/components/net/lwip/port/lwipopts.h:411:[m[K [01;36m[Knote: [m[Kthis is the location of the previous definition
  411 | #define TCPIP_THREAD_STACKSIZE      RT_LWIP_TCPTHREAD_STACKSIZE
      | 
In file included from [01m[K/home/yfblock/Code/hyper-rtos/tgoskits/tmp/rt-thread-5.2.2-full/include/rttypes.h:14[m[K,
                 from [01m[K/home/yfblock/Code/hyper-rtos/tgoskits/tmp/rt-thread-5.2.2-full/include/rtsched.h:14[m[K,
                 from [01m[K/home/yfblock/Code/hyper-rtos/tgoskits/tmp/rt-thread-5.2.2-full/include/rtdef.h:68[m[K,
                 from [01m[K/home/yfblock/Code/hyper-rtos/tgoskits/tmp/rt-thread-5.2.2-full/include/rthw.h:23[m[K,
                 from [01m[K/home/yfblock/Code/hyper-rtos/tgoskits/tmp/rt-thread-5.2.2-full/components/net/lwip/port/arch/cc.h:48[m[K,
                 from [01m[K/home/yfblock/Code/hyper-rtos/tgoskits/tmp/rt-thread-5.2.2-full/components/net/lwip/lwip-2.1.2/src/include/lwip/arch.h:48[m[K,
                 from [01m[K/home/yfblock/Code/hyper-rtos/tgoskits/tmp/rt-thread-5.2.2-full/components/net/lwip/lwip-2.1.2/src/include/lwip/debug.h:40[m[K,
                 from [01m[K/home/yfblock/Code/hyper-rtos/tgoskits/tmp/rt-thread-5.2.2-full/components/net/lwip/lwip-2.1.2/src/include/lwip/opt.h:52[m[K,
                 from [01m[K/home/yfblock/Code/hyper-rtos/tgoskits/tmp/rt-thread-5.2.2-full/components/net/lwip/lwip-2.1.2/src/core/init.c:38[m[K:
[01m[K./rtconfig.h:202:[m[K [01;35m[Kwarning: [m[K"TCPIP_THREAD_PRIO" redefined
  202 | #define TCPIP_THREAD_PRIO 10
      | 
In file included from [01m[K/home/yfblock/Code/hyper-rtos/tgoskits/tmp/rt-thread-5.2.2-full/components/net/lwip/lwip-2.1.2/src/include/lwip/opt.h:51[m[K,
                 from [01m[K/home/yfblock/Code/hyper-rtos/tgoskits/tmp/rt-thread-5.2.2-full/components/net/lwip/lwip-2.1.2/src/core/init.c:38[m[K:
[01m[K/home/yfblock/Code/hyper-rtos/tgoskits/tmp/rt-thread-5.2.2-full/components/net/lwip/port/lwipopts.h:410:[m[K [01;36m[Knote: [m[Kthis is the location of the previous definition
  410 | #define TCPIP_THREAD_PRIO           RT_LWIP_TCPTHREAD_PRIORITY
      | 
CC build/kernel/components/net/lwip/lwip-2.1.2/src/core/ip.o
In file included from [01m[K/home/yfblock/Code/hyper-rtos/tgoskits/tmp/rt-thread-5.2.2-full/components/net/lwip/port/lwipopts.h:15[m[K,
                 from [01m[K/home/yfblock/Code/hyper-rtos/tgoskits/tmp/rt-thread-5.2.2-full/components/net/lwip/lwip-2.1.2/src/include/lwip/opt.h:51[m[K,
                 from [01m[K/home/yfblock/Code/hyper-rtos/tgoskits/tmp/rt-thread-5.2.2-full/components/net/lwip/lwip-2.1.2/src/core/ip.c:56[m[K:
[01m[K./rtconfig.h:193:[m[K [01;35m[Kwarning: [m[K"RT_CONSOLE_DEVICE_NAME" redefined
  193 | #define RT_CONSOLE_DEVICE_NAME "uart0"
      | 
[01m[K./rtconfig.h:52:[m[K [01;36m[Knote: [m[Kthis is the location of the previous definition
   52 | #define RT_CONSOLE_DEVICE_NAME uart1
      | 
[01m[K./rtconfig.h:194:[m[K [01;35m[Kwarning: [m[K"FINSH_THREAD_NAME" redefined
  194 | #define FINSH_THREAD_NAME "tshell"
      | 
[01m[K./rtconfig.h:59:[m[K [01;36m[Knote: [m[Kthis is the location of the previous definition
   59 | #define FINSH_THREAD_NAME tshell
      | 
CC build/kernel/components/net/lwip/lwip-2.1.2/src/core/ipv4/autoip.o
In file included from [01m[K/home/yfblock/Code/hyper-rtos/tgoskits/tmp/rt-thread-5.2.2-full/components/net/lwip/lwip-2.1.2/src/include/lwip/opt.h:51[m[K,
                 from [01m[K/home/yfblock/Code/hyper-rtos/tgoskits/tmp/rt-thread-5.2.2-full/components/net/lwip/lwip-2.1.2/src/core/ip.c:56[m[K:
[01m[K/home/yfblock/Code/hyper-rtos/tgoskits/tmp/rt-thread-5.2.2-full/components/net/lwip/port/lwipopts.h:410:[m[K [01;35m[Kwarning: [m[K"TCPIP_THREAD_PRIO" redefined
  410 | #define TCPIP_THREAD_PRIO           RT_LWIP_TCPTHREAD_PRIORITY
      | 
In file included from [01m[K/home/yfblock/Code/hyper-rtos/tgoskits/tmp/rt-thread-5.2.2-full/components/libc/compilers/common/include/sys/time.h:15[m[K,
                 from [01m[K/home/yfblock/Code/hyper-rtos/tgoskits/tmp/rt-thread-5.2.2-full/components/net/lwip/port/lwipopts.h:22[m[K,
                 from [01m[K/home/yfblock/Code/hyper-rtos/tgoskits/tmp/rt-thread-5.2.2-full/components/net/lwip/lwip-2.1.2/src/include/lwip/opt.h:51[m[K,
                 from [01m[K/home/yfblock/Code/hyper-rtos/tgoskits/tmp/rt-thread-5.2.2-full/components/net/lwip/lwip-2.1.2/src/core/ip.c:56[m[K:
[01m[K./rtconfig.h:202:[m[K [01;36m[Knote: [m[Kthis is the location of the previous definition
  202 | #define TCPIP_THREAD_PRIO 10
      | 
In file included from [01m[K/home/yfblock/Code/hyper-rtos/tgoskits/tmp/rt-thread-5.2.2-full/components/net/lwip/lwip-2.1.2/src/include/lwip/opt.h:51[m[K,
                 from [01m[K/home/yfblock/Code/hyper-rtos/tgoskits/tmp/rt-thread-5.2.2-full/components/net/lwip/lwip-2.1.2/src/core/ip.c:56[m[K:
[01m[K/home/yfblock/Code/hyper-rtos/tgoskits/tmp/rt-thread-5.2.2-full/components/net/lwip/port/lwipopts.h:411:[m[K [01;35m[Kwarning: [m[K"TCPIP_THREAD_STACKSIZE" redefined
  411 | #define TCPIP_THREAD_STACKSIZE      RT_LWIP_TCPTHREAD_STACKSIZE
      | 
In file included from [01m[K/home/yfblock/Code/hyper-rtos/tgoskits/tmp/rt-thread-5.2.2-full/components/libc/compilers/common/include/sys/time.h:15[m[K,
                 from [01m[K/home/yfblock/Code/hyper-rtos/tgoskits/tmp/rt-thread-5.2.2-full/components/net/lwip/port/lwipopts.h:22[m[K,
                 from [01m[K/home/yfblock/Code/hyper-rtos/tgoskits/tmp/rt-thread-5.2.2-full/components/net/lwip/lwip-2.1.2/src/include/lwip/opt.h:51[m[K,
                 from [01m[K/home/yfblock/Code/hyper-rtos/tgoskits/tmp/rt-thread-5.2.2-full/components/net/lwip/lwip-2.1.2/src/core/ip.c:56[m[K:
[01m[K./rtconfig.h:201:[m[K [01;36m[Knote: [m[Kthis is the location of the previous definition
  201 | #define TCPIP_THREAD_STACKSIZE 8192
      | 
In file included from [01m[K/home/yfblock/Code/hyper-rtos/tgoskits/tmp/rt-thread-5.2.2-full/include/rttypes.h:14[m[K,
                 from [01m[K/home/yfblock/Code/hyper-rtos/tgoskits/tmp/rt-thread-5.2.2-full/include/rtsched.h:14[m[K,
                 from [01m[K/home/yfblock/Code/hyper-rtos/tgoskits/tmp/rt-thread-5.2.2-full/include/rtdef.h:68[m[K,
                 from [01m[K/home/yfblock/Code/hyper-rtos/tgoskits/tmp/rt-thread-5.2.2-full/include/rthw.h:23[m[K,
                 from [01m[K/home/yfblock/Code/hyper-rtos/tgoskits/tmp/rt-thread-5.2.2-full/components/net/lwip/port/arch/cc.h:48[m[K,
                 from [01m[K/home/yfblock/Code/hyper-rtos/tgoskits/tmp/rt-thread-5.2.2-full/components/net/lwip/lwip-2.1.2/src/include/lwip/arch.h:48[m[K,
                 from [01m[K/home/yfblock/Code/hyper-rtos/tgoskits/tmp/rt-thread-5.2.2-full/components/net/lwip/lwip-2.1.2/src/include/lwip/debug.h:40[m[K,
                 from [01m[K/home/yfblock/Code/hyper-rtos/tgoskits/tmp/rt-thread-5.2.2-full/components/net/lwip/lwip-2.1.2/src/include/lwip/opt.h:52[m[K,
                 from [01m[K/home/yfblock/Code/hyper-rtos/tgoskits/tmp/rt-thread-5.2.2-full/components/net/lwip/lwip-2.1.2/src/core/ip.c:56[m[K:
[01m[K./rtconfig.h:201:[m[K [01;35m[Kwarning: [m[K"TCPIP_THREAD_STACKSIZE" redefined
  201 | #define TCPIP_THREAD_STACKSIZE 8192
      | 
In file included from [01m[K/home/yfblock/Code/hyper-rtos/tgoskits/tmp/rt-thread-5.2.2-full/components/net/lwip/lwip-2.1.2/src/include/lwip/opt.h:51[m[K,
                 from [01m[K/home/yfblock/Code/hyper-rtos/tgoskits/tmp/rt-thread-5.2.2-full/components/net/lwip/lwip-2.1.2/src/core/ip.c:56[m[K:
[01m[K/home/yfblock/Code/hyper-rtos/tgoskits/tmp/rt-thread-5.2.2-full/components/net/lwip/port/lwipopts.h:411:[m[K [01;36m[Knote: [m[Kthis is the location of the previous definition
  411 | #define TCPIP_THREAD_STACKSIZE      RT_LWIP_TCPTHREAD_STACKSIZE
      | 
In file included from [01m[K/home/yfblock/Code/hyper-rtos/tgoskits/tmp/rt-thread-5.2.2-full/include/rttypes.h:14[m[K,
                 from [01m[K/home/yfblock/Code/hyper-rtos/tgoskits/tmp/rt-thread-5.2.2-full/include/rtsched.h:14[m[K,
                 from [01m[K/home/yfblock/Code/hyper-rtos/tgoskits/tmp/rt-thread-5.2.2-full/include/rtdef.h:68[m[K,
                 from [01m[K/home/yfblock/Code/hyper-rtos/tgoskits/tmp/rt-thread-5.2.2-full/include/rthw.h:23[m[K,
                 from [01m[K/home/yfblock/Code/hyper-rtos/tgoskits/tmp/rt-thread-5.2.2-full/components/net/lwip/port/arch/cc.h:48[m[K,
                 from [01m[K/home/yfblock/Code/hyper-rtos/tgoskits/tmp/rt-thread-5.2.2-full/components/net/lwip/lwip-2.1.2/src/include/lwip/arch.h:48[m[K,
                 from [01m[K/home/yfblock/Code/hyper-rtos/tgoskits/tmp/rt-thread-5.2.2-full/components/net/lwip/lwip-2.1.2/src/include/lwip/debug.h:40[m[K,
                 from [01m[K/home/yfblock/Code/hyper-rtos/tgoskits/tmp/rt-thread-5.2.2-full/components/net/lwip/lwip-2.1.2/src/include/lwip/opt.h:52[m[K,
                 from [01m[K/home/yfblock/Code/hyper-rtos/tgoskits/tmp/rt-thread-5.2.2-full/components/net/lwip/lwip-2.1.2/src/core/ip.c:56[m[K:
[01m[K./rtconfig.h:202:[m[K [01;35m[Kwarning: [m[K"TCPIP_THREAD_PRIO" redefined
  202 | #define TCPIP_THREAD_PRIO 10
      | 
In file included from [01m[K/home/yfblock/Code/hyper-rtos/tgoskits/tmp/rt-thread-5.2.2-full/components/net/lwip/lwip-2.1.2/src/include/lwip/opt.h:51[m[K,
                 from [01m[K/home/yfblock/Code/hyper-rtos/tgoskits/tmp/rt-thread-5.2.2-full/components/net/lwip/lwip-2.1.2/src/core/ip.c:56[m[K:
[01m[K/home/yfblock/Code/hyper-rtos/tgoskits/tmp/rt-thread-5.2.2-full/components/net/lwip/port/lwipopts.h:410:[m[K [01;36m[Knote: [m[Kthis is the location of the previous definition
  410 | #define TCPIP_THREAD_PRIO           RT_LWIP_TCPTHREAD_PRIORITY
      | 
In file included from [01m[K/home/yfblock/Code/hyper-rtos/tgoskits/tmp/rt-thread-5.2.2-full/components/net/lwip/port/lwipopts.h:15[m[K,
                 from [01m[K/home/yfblock/Code/hyper-rtos/tgoskits/tmp/rt-thread-5.2.2-full/components/net/lwip/lwip-2.1.2/src/include/lwip/opt.h:51[m[K,
                 from [01m[K/home/yfblock/Code/hyper-rtos/tgoskits/tmp/rt-thread-5.2.2-full/components/net/lwip/lwip-2.1.2/src/core/ipv4/autoip.c:59[m[K:
[01m[K./rtconfig.h:193:[m[K [01;35m[Kwarning: [m[K"RT_CONSOLE_DEVICE_NAME" redefined
  193 | #define RT_CONSOLE_DEVICE_NAME "uart0"
      | 
[01m[K./rtconfig.h:52:[m[K [01;36m[Knote: [m[Kthis is the location of the previous definition
   52 | #define RT_CONSOLE_DEVICE_NAME uart1
      | 
[01m[K./rtconfig.h:194:[m[K [01;35m[Kwarning: [m[K"FINSH_THREAD_NAME" redefined
  194 | #define FINSH_THREAD_NAME "tshell"
      | 
[01m[K./rtconfig.h:59:[m[K [01;36m[Knote: [m[Kthis is the location of the previous definition
   59 | #define FINSH_THREAD_NAME tshell
      | 
In file included from [01m[K/home/yfblock/Code/hyper-rtos/tgoskits/tmp/rt-thread-5.2.2-full/components/net/lwip/lwip-2.1.2/src/include/lwip/opt.h:51[m[K,
                 from [01m[K/home/yfblock/Code/hyper-rtos/tgoskits/tmp/rt-thread-5.2.2-full/components/net/lwip/lwip-2.1.2/src/core/ipv4/autoip.c:59[m[K:
[01m[K/home/yfblock/Code/hyper-rtos/tgoskits/tmp/rt-thread-5.2.2-full/components/net/lwip/port/lwipopts.h:410:[m[K [01;35m[Kwarning: [m[K"TCPIP_THREAD_PRIO" redefined
  410 | #define TCPIP_THREAD_PRIO           RT_LWIP_TCPTHREAD_PRIORITY
      | 
In file included from [01m[K/home/yfblock/Code/hyper-rtos/tgoskits/tmp/rt-thread-5.2.2-full/components/libc/compilers/common/include/sys/time.h:15[m[K,
                 from [01m[K/home/yfblock/Code/hyper-rtos/tgoskits/tmp/rt-thread-5.2.2-full/components/net/lwip/port/lwipopts.h:22[m[K,
                 from [01m[K/home/yfblock/Code/hyper-rtos/tgoskits/tmp/rt-thread-5.2.2-full/components/net/lwip/lwip-2.1.2/src/include/lwip/opt.h:51[m[K,
                 from [01m[K/home/yfblock/Code/hyper-rtos/tgoskits/tmp/rt-thread-5.2.2-full/components/net/lwip/lwip-2.1.2/src/core/ipv4/autoip.c:59[m[K:
[01m[K./rtconfig.h:202:[m[K [01;36m[Knote: [m[Kthis is the location of the previous definition
  202 | #define TCPIP_THREAD_PRIO 10
      | 
In file included from [01m[K/home/yfblock/Code/hyper-rtos/tgoskits/tmp/rt-thread-5.2.2-full/components/net/lwip/lwip-2.1.2/src/include/lwip/opt.h:51[m[K,
                 from [01m[K/home/yfblock/Code/hyper-rtos/tgoskits/tmp/rt-thread-5.2.2-full/components/net/lwip/lwip-2.1.2/src/core/ipv4/autoip.c:59[m[K:
[01m[K/home/yfblock/Code/hyper-rtos/tgoskits/tmp/rt-thread-5.2.2-full/components/net/lwip/port/lwipopts.h:411:[m[K [01;35m[Kwarning: [m[K"TCPIP_THREAD_STACKSIZE" redefined
  411 | #define TCPIP_THREAD_STACKSIZE      RT_LWIP_TCPTHREAD_STACKSIZE
      | 
In file included from [01m[K/home/yfblock/Code/hyper-rtos/tgoskits/tmp/rt-thread-5.2.2-full/components/libc/compilers/common/include/sys/time.h:15[m[K,
                 from [01m[K/home/yfblock/Code/hyper-rtos/tgoskits/tmp/rt-thread-5.2.2-full/components/net/lwip/port/lwipopts.h:22[m[K,
                 from [01m[K/home/yfblock/Code/hyper-rtos/tgoskits/tmp/rt-thread-5.2.2-full/components/net/lwip/lwip-2.1.2/src/include/lwip/opt.h:51[m[K,
                 from [01m[K/home/yfblock/Code/hyper-rtos/tgoskits/tmp/rt-thread-5.2.2-full/components/net/lwip/lwip-2.1.2/src/core/ipv4/autoip.c:59[m[K:
[01m[K./rtconfig.h:201:[m[K [01;36m[Knote: [m[Kthis is the location of the previous definition
  201 | #define TCPIP_THREAD_STACKSIZE 8192
      | 
In file included from [01m[K/home/yfblock/Code/hyper-rtos/tgoskits/tmp/rt-thread-5.2.2-full/include/rttypes.h:14[m[K,
                 from [01m[K/home/yfblock/Code/hyper-rtos/tgoskits/tmp/rt-thread-5.2.2-full/include/rtsched.h:14[m[K,
                 from [01m[K/home/yfblock/Code/hyper-rtos/tgoskits/tmp/rt-thread-5.2.2-full/include/rtdef.h:68[m[K,
                 from [01m[K/home/yfblock/Code/hyper-rtos/tgoskits/tmp/rt-thread-5.2.2-full/include/rthw.h:23[m[K,
                 from [01m[K/home/yfblock/Code/hyper-rtos/tgoskits/tmp/rt-thread-5.2.2-full/components/net/lwip/port/arch/cc.h:48[m[K,
                 from [01m[K/home/yfblock/Code/hyper-rtos/tgoskits/tmp/rt-thread-5.2.2-full/components/net/lwip/lwip-2.1.2/src/include/lwip/arch.h:48[m[K,
                 from [01m[K/home/yfblock/Code/hyper-rtos/tgoskits/tmp/rt-thread-5.2.2-full/components/net/lwip/lwip-2.1.2/src/include/lwip/debug.h:40[m[K,
                 from [01m[K/home/yfblock/Code/hyper-rtos/tgoskits/tmp/rt-thread-5.2.2-full/components/net/lwip/lwip-2.1.2/src/include/lwip/opt.h:52[m[K,
                 from [01m[K/home/yfblock/Code/hyper-rtos/tgoskits/tmp/rt-thread-5.2.2-full/components/net/lwip/lwip-2.1.2/src/core/ipv4/autoip.c:59[m[K:
[01m[K./rtconfig.h:201:[m[K [01;35m[Kwarning: [m[K"TCPIP_THREAD_STACKSIZE" redefined
  201 | #define TCPIP_THREAD_STACKSIZE 8192
      | 
In file included from [01m[K/home/yfblock/Code/hyper-rtos/tgoskits/tmp/rt-thread-5.2.2-full/components/net/lwip/lwip-2.1.2/src/include/lwip/opt.h:51[m[K,
                 from [01m[K/home/yfblock/Code/hyper-rtos/tgoskits/tmp/rt-thread-5.2.2-full/components/net/lwip/lwip-2.1.2/src/core/ipv4/autoip.c:59[m[K:
[01m[K/home/yfblock/Code/hyper-rtos/tgoskits/tmp/rt-thread-5.2.2-full/components/net/lwip/port/lwipopts.h:411:[m[K [01;36m[Knote: [m[Kthis is the location of the previous definition
  411 | #define TCPIP_THREAD_STACKSIZE      RT_LWIP_TCPTHREAD_STACKSIZE
      | 
In file included from [01m[K/home/yfblock/Code/hyper-rtos/tgoskits/tmp/rt-thread-5.2.2-full/include/rttypes.h:14[m[K,
                 from [01m[K/home/yfblock/Code/hyper-rtos/tgoskits/tmp/rt-thread-5.2.2-full/include/rtsched.h:14[m[K,
                 from [01m[K/home/yfblock/Code/hyper-rtos/tgoskits/tmp/rt-thread-5.2.2-full/include/rtdef.h:68[m[K,
                 from [01m[K/home/yfblock/Code/hyper-rtos/tgoskits/tmp/rt-thread-5.2.2-full/include/rthw.h:23[m[K,
                 from [01m[K/home/yfblock/Code/hyper-rtos/tgoskits/tmp/rt-thread-5.2.2-full/components/net/lwip/port/arch/cc.h:48[m[K,
                 from [01m[K/home/yfblock/Code/hyper-rtos/tgoskits/tmp/rt-thread-5.2.2-full/components/net/lwip/lwip-2.1.2/src/include/lwip/arch.h:48[m[K,
                 from [01m[K/home/yfblock/Code/hyper-rtos/tgoskits/tmp/rt-thread-5.2.2-full/components/net/lwip/lwip-2.1.2/src/include/lwip/debug.h:40[m[K,
                 from [01m[K/home/yfblock/Code/hyper-rtos/tgoskits/tmp/rt-thread-5.2.2-full/components/net/lwip/lwip-2.1.2/src/include/lwip/opt.h:52[m[K,
                 from [01m[K/home/yfblock/Code/hyper-rtos/tgoskits/tmp/rt-thread-5.2.2-full/components/net/lwip/lwip-2.1.2/src/core/ipv4/autoip.c:59[m[K:
[01m[K./rtconfig.h:202:[m[K [01;35m[Kwarning: [m[K"TCPIP_THREAD_PRIO" redefined
  202 | #define TCPIP_THREAD_PRIO 10
      | 
In file included from [01m[K/home/yfblock/Code/hyper-rtos/tgoskits/tmp/rt-thread-5.2.2-full/components/net/lwip/lwip-2.1.2/src/include/lwip/opt.h:51[m[K,
                 from [01m[K/home/yfblock/Code/hyper-rtos/tgoskits/tmp/rt-thread-5.2.2-full/components/net/lwip/lwip-2.1.2/src/core/ipv4/autoip.c:59[m[K:
[01m[K/home/yfblock/Code/hyper-rtos/tgoskits/tmp/rt-thread-5.2.2-full/components/net/lwip/port/lwipopts.h:410:[m[K [01;36m[Knote: [m[Kthis is the location of the previous definition
  410 | #define TCPIP_THREAD_PRIO           RT_LWIP_TCPTHREAD_PRIORITY
      | 
CC build/kernel/components/net/lwip/lwip-2.1.2/src/core/ipv4/dhcp.o
CC build/kernel/components/net/lwip/lwip-2.1.2/src/core/ipv4/etharp.o
In file included from [01m[K/home/yfblock/Code/hyper-rtos/tgoskits/tmp/rt-thread-5.2.2-full/components/net/lwip/port/lwipopts.h:15[m[K,
                 from [01m[K/home/yfblock/Code/hyper-rtos/tgoskits/tmp/rt-thread-5.2.2-full/components/net/lwip/lwip-2.1.2/src/include/lwip/opt.h:51[m[K,
                 from [01m[K/home/yfblock/Code/hyper-rtos/tgoskits/tmp/rt-thread-5.2.2-full/components/net/lwip/lwip-2.1.2/src/core/ipv4/dhcp.c:66[m[K:
[01m[K./rtconfig.h:193:[m[K [01;35m[Kwarning: [m[K"RT_CONSOLE_DEVICE_NAME" redefined
  193 | #define RT_CONSOLE_DEVICE_NAME "uart0"
      | 
[01m[K./rtconfig.h:52:[m[K [01;36m[Knote: [m[Kthis is the location of the previous definition
   52 | #define RT_CONSOLE_DEVICE_NAME uart1
      | 
[01m[K./rtconfig.h:194:[m[K [01;35m[Kwarning: [m[K"FINSH_THREAD_NAME" redefined
  194 | #define FINSH_THREAD_NAME "tshell"
      | 
[01m[K./rtconfig.h:59:[m[K [01;36m[Knote: [m[Kthis is the location of the previous definition
   59 | #define FINSH_THREAD_NAME tshell
      | 
In file included from [01m[K/home/yfblock/Code/hyper-rtos/tgoskits/tmp/rt-thread-5.2.2-full/components/net/lwip/port/lwipopts.h:15[m[K,
                 from [01m[K/home/yfblock/Code/hyper-rtos/tgoskits/tmp/rt-thread-5.2.2-full/components/net/lwip/lwip-2.1.2/src/include/lwip/opt.h:51[m[K,
                 from [01m[K/home/yfblock/Code/hyper-rtos/tgoskits/tmp/rt-thread-5.2.2-full/components/net/lwip/lwip-2.1.2/src/core/ipv4/etharp.c:46[m[K:
[01m[K./rtconfig.h:193:[m[K [01;35m[Kwarning: [m[K"RT_CONSOLE_DEVICE_NAME" redefined
  193 | #define RT_CONSOLE_DEVICE_NAME "uart0"
      | 
[01m[K./rtconfig.h:52:[m[K [01;36m[Knote: [m[Kthis is the location of the previous definition
   52 | #define RT_CONSOLE_DEVICE_NAME uart1
      | 
[01m[K./rtconfig.h:194:[m[K [01;35m[Kwarning: [m[K"FINSH_THREAD_NAME" redefined
  194 | #define FINSH_THREAD_NAME "tshell"
      | 
[01m[K./rtconfig.h:59:[m[K [01;36m[Knote: [m[Kthis is the location of the previous definition
   59 | #define FINSH_THREAD_NAME tshell
      | 
In file included from [01m[K/home/yfblock/Code/hyper-rtos/tgoskits/tmp/rt-thread-5.2.2-full/components/net/lwip/lwip-2.1.2/src/include/lwip/opt.h:51[m[K,
                 from [01m[K/home/yfblock/Code/hyper-rtos/tgoskits/tmp/rt-thread-5.2.2-full/components/net/lwip/lwip-2.1.2/src/core/ipv4/dhcp.c:66[m[K:
[01m[K/home/yfblock/Code/hyper-rtos/tgoskits/tmp/rt-thread-5.2.2-full/components/net/lwip/port/lwipopts.h:410:[m[K [01;35m[Kwarning: [m[K"TCPIP_THREAD_PRIO" redefined
  410 | #define TCPIP_THREAD_PRIO           RT_LWIP_TCPTHREAD_PRIORITY
      | 
In file included from [01m[K/home/yfblock/Code/hyper-rtos/tgoskits/tmp/rt-thread-5.2.2-full/components/libc/compilers/common/include/sys/time.h:15[m[K,
                 from [01m[K/home/yfblock/Code/hyper-rtos/tgoskits/tmp/rt-thread-5.2.2-full/components/net/lwip/port/lwipopts.h:22[m[K,
                 from [01m[K/home/yfblock/Code/hyper-rtos/tgoskits/tmp/rt-thread-5.2.2-full/components/net/lwip/lwip-2.1.2/src/include/lwip/opt.h:51[m[K,
                 from [01m[K/home/yfblock/Code/hyper-rtos/tgoskits/tmp/rt-thread-5.2.2-full/components/net/lwip/lwip-2.1.2/src/core/ipv4/dhcp.c:66[m[K:
[01m[K./rtconfig.h:202:[m[K [01;36m[Knote: [m[Kthis is the location of the previous definition
  202 | #define TCPIP_THREAD_PRIO 10
      | 
In file included from [01m[K/home/yfblock/Code/hyper-rtos/tgoskits/tmp/rt-thread-5.2.2-full/components/net/lwip/lwip-2.1.2/src/include/lwip/opt.h:51[m[K,
                 from [01m[K/home/yfblock/Code/hyper-rtos/tgoskits/tmp/rt-thread-5.2.2-full/components/net/lwip/lwip-2.1.2/src/core/ipv4/dhcp.c:66[m[K:
[01m[K/home/yfblock/Code/hyper-rtos/tgoskits/tmp/rt-thread-5.2.2-full/components/net/lwip/port/lwipopts.h:411:[m[K [01;35m[Kwarning: [m[K"TCPIP_THREAD_STACKSIZE" redefined
  411 | #define TCPIP_THREAD_STACKSIZE      RT_LWIP_TCPTHREAD_STACKSIZE
      | 
In file included from [01m[K/home/yfblock/Code/hyper-rtos/tgoskits/tmp/rt-thread-5.2.2-full/components/libc/compilers/common/include/sys/time.h:15[m[K,
                 from [01m[K/home/yfblock/Code/hyper-rtos/tgoskits/tmp/rt-thread-5.2.2-full/components/net/lwip/port/lwipopts.h:22[m[K,
                 from [01m[K/home/yfblock/Code/hyper-rtos/tgoskits/tmp/rt-thread-5.2.2-full/components/net/lwip/lwip-2.1.2/src/include/lwip/opt.h:51[m[K,
                 from [01m[K/home/yfblock/Code/hyper-rtos/tgoskits/tmp/rt-thread-5.2.2-full/components/net/lwip/lwip-2.1.2/src/core/ipv4/dhcp.c:66[m[K:
[01m[K./rtconfig.h:201:[m[K [01;36m[Knote: [m[Kthis is the location of the previous definition
  201 | #define TCPIP_THREAD_STACKSIZE 8192
      | 
In file included from [01m[K/home/yfblock/Code/hyper-rtos/tgoskits/tmp/rt-thread-5.2.2-full/include/rttypes.h:14[m[K,
                 from [01m[K/home/yfblock/Code/hyper-rtos/tgoskits/tmp/rt-thread-5.2.2-full/include/rtsched.h:14[m[K,
                 from [01m[K/home/yfblock/Code/hyper-rtos/tgoskits/tmp/rt-thread-5.2.2-full/include/rtdef.h:68[m[K,
                 from [01m[K/home/yfblock/Code/hyper-rtos/tgoskits/tmp/rt-thread-5.2.2-full/include/rthw.h:23[m[K,
                 from [01m[K/home/yfblock/Code/hyper-rtos/tgoskits/tmp/rt-thread-5.2.2-full/components/net/lwip/port/arch/cc.h:48[m[K,
                 from [01m[K/home/yfblock/Code/hyper-rtos/tgoskits/tmp/rt-thread-5.2.2-full/components/net/lwip/lwip-2.1.2/src/include/lwip/arch.h:48[m[K,
                 from [01m[K/home/yfblock/Code/hyper-rtos/tgoskits/tmp/rt-thread-5.2.2-full/components/net/lwip/lwip-2.1.2/src/include/lwip/debug.h:40[m[K,
                 from [01m[K/home/yfblock/Code/hyper-rtos/tgoskits/tmp/rt-thread-5.2.2-full/components/net/lwip/lwip-2.1.2/src/include/lwip/opt.h:52[m[K,
                 from [01m[K/home/yfblock/Code/hyper-rtos/tgoskits/tmp/rt-thread-5.2.2-full/components/net/lwip/lwip-2.1.2/src/core/ipv4/dhcp.c:66[m[K:
[01m[K./rtconfig.h:201:[m[K [01;35m[Kwarning: [m[K"TCPIP_THREAD_STACKSIZE" redefined
  201 | #define TCPIP_THREAD_STACKSIZE 8192
      | 
In file included from [01m[K/home/yfblock/Code/hyper-rtos/tgoskits/tmp/rt-thread-5.2.2-full/components/net/lwip/lwip-2.1.2/src/include/lwip/opt.h:51[m[K,
                 from [01m[K/home/yfblock/Code/hyper-rtos/tgoskits/tmp/rt-thread-5.2.2-full/components/net/lwip/lwip-2.1.2/src/core/ipv4/dhcp.c:66[m[K:
[01m[K/home/yfblock/Code/hyper-rtos/tgoskits/tmp/rt-thread-5.2.2-full/components/net/lwip/port/lwipopts.h:411:[m[K [01;36m[Knote: [m[Kthis is the location of the previous definition
  411 | #define TCPIP_THREAD_STACKSIZE      RT_LWIP_TCPTHREAD_STACKSIZE
      | 
In file included from [01m[K/home/yfblock/Code/hyper-rtos/tgoskits/tmp/rt-thread-5.2.2-full/include/rttypes.h:14[m[K,
                 from [01m[K/home/yfblock/Code/hyper-rtos/tgoskits/tmp/rt-thread-5.2.2-full/include/rtsched.h:14[m[K,
                 from [01m[K/home/yfblock/Code/hyper-rtos/tgoskits/tmp/rt-thread-5.2.2-full/include/rtdef.h:68[m[K,
                 from [01m[K/home/yfblock/Code/hyper-rtos/tgoskits/tmp/rt-thread-5.2.2-full/include/rthw.h:23[m[K,
                 from [01m[K/home/yfblock/Code/hyper-rtos/tgoskits/tmp/rt-thread-5.2.2-full/components/net/lwip/port/arch/cc.h:48[m[K,
                 from [01m[K/home/yfblock/Code/hyper-rtos/tgoskits/tmp/rt-thread-5.2.2-full/components/net/lwip/lwip-2.1.2/src/include/lwip/arch.h:48[m[K,
                 from [01m[K/home/yfblock/Code/hyper-rtos/tgoskits/tmp/rt-thread-5.2.2-full/components/net/lwip/lwip-2.1.2/src/include/lwip/debug.h:40[m[K,
                 from [01m[K/home/yfblock/Code/hyper-rtos/tgoskits/tmp/rt-thread-5.2.2-full/components/net/lwip/lwip-2.1.2/src/include/lwip/opt.h:52[m[K,
                 from [01m[K/home/yfblock/Code/hyper-rtos/tgoskits/tmp/rt-thread-5.2.2-full/components/net/lwip/lwip-2.1.2/src/core/ipv4/dhcp.c:66[m[K:
[01m[K./rtconfig.h:202:[m[K [01;35m[Kwarning: [m[K"TCPIP_THREAD_PRIO" redefined
  202 | #define TCPIP_THREAD_PRIO 10
      | 
In file included from [01m[K/home/yfblock/Code/hyper-rtos/tgoskits/tmp/rt-thread-5.2.2-full/components/net/lwip/lwip-2.1.2/src/include/lwip/opt.h:51[m[K,
                 from [01m[K/home/yfblock/Code/hyper-rtos/tgoskits/tmp/rt-thread-5.2.2-full/components/net/lwip/lwip-2.1.2/src/core/ipv4/dhcp.c:66[m[K:
[01m[K/home/yfblock/Code/hyper-rtos/tgoskits/tmp/rt-thread-5.2.2-full/components/net/lwip/port/lwipopts.h:410:[m[K [01;36m[Knote: [m[Kthis is the location of the previous definition
  410 | #define TCPIP_THREAD_PRIO           RT_LWIP_TCPTHREAD_PRIORITY
      | 
In file included from [01m[K/home/yfblock/Code/hyper-rtos/tgoskits/tmp/rt-thread-5.2.2-full/components/net/lwip/lwip-2.1.2/src/include/lwip/opt.h:51[m[K,
                 from [01m[K/home/yfblock/Code/hyper-rtos/tgoskits/tmp/rt-thread-5.2.2-full/components/net/lwip/lwip-2.1.2/src/core/ipv4/etharp.c:46[m[K:
[01m[K/home/yfblock/Code/hyper-rtos/tgoskits/tmp/rt-thread-5.2.2-full/components/net/lwip/port/lwipopts.h:410:[m[K [01;35m[Kwarning: [m[K"TCPIP_THREAD_PRIO" redefined
  410 | #define TCPIP_THREAD_PRIO           RT_LWIP_TCPTHREAD_PRIORITY
      | 
In file included from [01m[K/home/yfblock/Code/hyper-rtos/tgoskits/tmp/rt-thread-5.2.2-full/components/libc/compilers/common/include/sys/time.h:15[m[K,
                 from [01m[K/home/yfblock/Code/hyper-rtos/tgoskits/tmp/rt-thread-5.2.2-full/components/net/lwip/port/lwipopts.h:22[m[K,
                 from [01m[K/home/yfblock/Code/hyper-rtos/tgoskits/tmp/rt-thread-5.2.2-full/components/net/lwip/lwip-2.1.2/src/include/lwip/opt.h:51[m[K,
                 from [01m[K/home/yfblock/Code/hyper-rtos/tgoskits/tmp/rt-thread-5.2.2-full/components/net/lwip/lwip-2.1.2/src/core/ipv4/etharp.c:46[m[K:
[01m[K./rtconfig.h:202:[m[K [01;36m[Knote: [m[Kthis is the location of the previous definition
  202 | #define TCPIP_THREAD_PRIO 10
      | 
In file included from [01m[K/home/yfblock/Code/hyper-rtos/tgoskits/tmp/rt-thread-5.2.2-full/components/net/lwip/lwip-2.1.2/src/include/lwip/opt.h:51[m[K,
                 from [01m[K/home/yfblock/Code/hyper-rtos/tgoskits/tmp/rt-thread-5.2.2-full/components/net/lwip/lwip-2.1.2/src/core/ipv4/etharp.c:46[m[K:
[01m[K/home/yfblock/Code/hyper-rtos/tgoskits/tmp/rt-thread-5.2.2-full/components/net/lwip/port/lwipopts.h:411:[m[K [01;35m[Kwarning: [m[K"TCPIP_THREAD_STACKSIZE" redefined
  411 | #define TCPIP_THREAD_STACKSIZE      RT_LWIP_TCPTHREAD_STACKSIZE
      | 
In file included from [01m[K/home/yfblock/Code/hyper-rtos/tgoskits/tmp/rt-thread-5.2.2-full/components/libc/compilers/common/include/sys/time.h:15[m[K,
                 from [01m[K/home/yfblock/Code/hyper-rtos/tgoskits/tmp/rt-thread-5.2.2-full/components/net/lwip/port/lwipopts.h:22[m[K,
                 from [01m[K/home/yfblock/Code/hyper-rtos/tgoskits/tmp/rt-thread-5.2.2-full/components/net/lwip/lwip-2.1.2/src/include/lwip/opt.h:51[m[K,
                 from [01m[K/home/yfblock/Code/hyper-rtos/tgoskits/tmp/rt-thread-5.2.2-full/components/net/lwip/lwip-2.1.2/src/core/ipv4/etharp.c:46[m[K:
[01m[K./rtconfig.h:201:[m[K [01;36m[Knote: [m[Kthis is the location of the previous definition
  201 | #define TCPIP_THREAD_STACKSIZE 8192
      | 
In file included from [01m[K/home/yfblock/Code/hyper-rtos/tgoskits/tmp/rt-thread-5.2.2-full/include/rttypes.h:14[m[K,
                 from [01m[K/home/yfblock/Code/hyper-rtos/tgoskits/tmp/rt-thread-5.2.2-full/include/rtsched.h:14[m[K,
                 from [01m[K/home/yfblock/Code/hyper-rtos/tgoskits/tmp/rt-thread-5.2.2-full/include/rtdef.h:68[m[K,
                 from [01m[K/home/yfblock/Code/hyper-rtos/tgoskits/tmp/rt-thread-5.2.2-full/include/rthw.h:23[m[K,
                 from [01m[K/home/yfblock/Code/hyper-rtos/tgoskits/tmp/rt-thread-5.2.2-full/components/net/lwip/port/arch/cc.h:48[m[K,
                 from [01m[K/home/yfblock/Code/hyper-rtos/tgoskits/tmp/rt-thread-5.2.2-full/components/net/lwip/lwip-2.1.2/src/include/lwip/arch.h:48[m[K,
                 from [01m[K/home/yfblock/Code/hyper-rtos/tgoskits/tmp/rt-thread-5.2.2-full/components/net/lwip/lwip-2.1.2/src/include/lwip/debug.h:40[m[K,
                 from [01m[K/home/yfblock/Code/hyper-rtos/tgoskits/tmp/rt-thread-5.2.2-full/components/net/lwip/lwip-2.1.2/src/include/lwip/opt.h:52[m[K,
                 from [01m[K/home/yfblock/Code/hyper-rtos/tgoskits/tmp/rt-thread-5.2.2-full/components/net/lwip/lwip-2.1.2/src/core/ipv4/etharp.c:46[m[K:
[01m[K./rtconfig.h:201:[m[K [01;35m[Kwarning: [m[K"TCPIP_THREAD_STACKSIZE" redefined
  201 | #define TCPIP_THREAD_STACKSIZE 8192
      | 
In file included from [01m[K/home/yfblock/Code/hyper-rtos/tgoskits/tmp/rt-thread-5.2.2-full/components/net/lwip/lwip-2.1.2/src/include/lwip/opt.h:51[m[K,
                 from [01m[K/home/yfblock/Code/hyper-rtos/tgoskits/tmp/rt-thread-5.2.2-full/components/net/lwip/lwip-2.1.2/src/core/ipv4/etharp.c:46[m[K:
[01m[K/home/yfblock/Code/hyper-rtos/tgoskits/tmp/rt-thread-5.2.2-full/components/net/lwip/port/lwipopts.h:411:[m[K [01;36m[Knote: [m[Kthis is the location of the previous definition
  411 | #define TCPIP_THREAD_STACKSIZE      RT_LWIP_TCPTHREAD_STACKSIZE
      | 
In file included from [01m[K/home/yfblock/Code/hyper-rtos/tgoskits/tmp/rt-thread-5.2.2-full/include/rttypes.h:14[m[K,
                 from [01m[K/home/yfblock/Code/hyper-rtos/tgoskits/tmp/rt-thread-5.2.2-full/include/rtsched.h:14[m[K,
                 from [01m[K/home/yfblock/Code/hyper-rtos/tgoskits/tmp/rt-thread-5.2.2-full/include/rtdef.h:68[m[K,
                 from [01m[K/home/yfblock/Code/hyper-rtos/tgoskits/tmp/rt-thread-5.2.2-full/include/rthw.h:23[m[K,
                 from [01m[K/home/yfblock/Code/hyper-rtos/tgoskits/tmp/rt-thread-5.2.2-full/components/net/lwip/port/arch/cc.h:48[m[K,
                 from [01m[K/home/yfblock/Code/hyper-rtos/tgoskits/tmp/rt-thread-5.2.2-full/components/net/lwip/lwip-2.1.2/src/include/lwip/arch.h:48[m[K,
                 from [01m[K/home/yfblock/Code/hyper-rtos/tgoskits/tmp/rt-thread-5.2.2-full/components/net/lwip/lwip-2.1.2/src/include/lwip/debug.h:40[m[K,
                 from [01m[K/home/yfblock/Code/hyper-rtos/tgoskits/tmp/rt-thread-5.2.2-full/components/net/lwip/lwip-2.1.2/src/include/lwip/opt.h:52[m[K,
                 from [01m[K/home/yfblock/Code/hyper-rtos/tgoskits/tmp/rt-thread-5.2.2-full/components/net/lwip/lwip-2.1.2/src/core/ipv4/etharp.c:46[m[K:
[01m[K./rtconfig.h:202:[m[K [01;35m[Kwarning: [m[K"TCPIP_THREAD_PRIO" redefined
  202 | #define TCPIP_THREAD_PRIO 10
      | 
In file included from [01m[K/home/yfblock/Code/hyper-rtos/tgoskits/tmp/rt-thread-5.2.2-full/components/net/lwip/lwip-2.1.2/src/include/lwip/opt.h:51[m[K,
                 from [01m[K/home/yfblock/Code/hyper-rtos/tgoskits/tmp/rt-thread-5.2.2-full/components/net/lwip/lwip-2.1.2/src/core/ipv4/etharp.c:46[m[K:
[01m[K/home/yfblock/Code/hyper-rtos/tgoskits/tmp/rt-thread-5.2.2-full/components/net/lwip/port/lwipopts.h:410:[m[K [01;36m[Knote: [m[Kthis is the location of the previous definition
  410 | #define TCPIP_THREAD_PRIO           RT_LWIP_TCPTHREAD_PRIORITY
      | 
CC build/kernel/components/net/lwip/lwip-2.1.2/src/core/ipv4/icmp.o
In file included from [01m[K/home/yfblock/Code/hyper-rtos/tgoskits/tmp/rt-thread-5.2.2-full/components/net/lwip/port/lwipopts.h:15[m[K,
                 from [01m[K/home/yfblock/Code/hyper-rtos/tgoskits/tmp/rt-thread-5.2.2-full/components/net/lwip/lwip-2.1.2/src/include/lwip/opt.h:51[m[K,
                 from [01m[K/home/yfblock/Code/hyper-rtos/tgoskits/tmp/rt-thread-5.2.2-full/components/net/lwip/lwip-2.1.2/src/core/ipv4/icmp.c:42[m[K:
[01m[K./rtconfig.h:193:[m[K [01;35m[Kwarning: [m[K"RT_CONSOLE_DEVICE_NAME" redefined
  193 | #define RT_CONSOLE_DEVICE_NAME "uart0"
      | 
[01m[K./rtconfig.h:52:[m[K [01;36m[Knote: [m[Kthis is the location of the previous definition
   52 | #define RT_CONSOLE_DEVICE_NAME uart1
      | 
[01m[K./rtconfig.h:194:[m[K [01;35m[Kwarning: [m[K"FINSH_THREAD_NAME" redefined
  194 | #define FINSH_THREAD_NAME "tshell"
      | 
[01m[K./rtconfig.h:59:[m[K [01;36m[Knote: [m[Kthis is the location of the previous definition
   59 | #define FINSH_THREAD_NAME tshell
      | 
In file included from [01m[K/home/yfblock/Code/hyper-rtos/tgoskits/tmp/rt-thread-5.2.2-full/components/net/lwip/lwip-2.1.2/src/include/lwip/opt.h:51[m[K,
                 from [01m[K/home/yfblock/Code/hyper-rtos/tgoskits/tmp/rt-thread-5.2.2-full/components/net/lwip/lwip-2.1.2/src/core/ipv4/icmp.c:42[m[K:
[01m[K/home/yfblock/Code/hyper-rtos/tgoskits/tmp/rt-thread-5.2.2-full/components/net/lwip/port/lwipopts.h:410:[m[K [01;35m[Kwarning: [m[K"TCPIP_THREAD_PRIO" redefined
  410 | #define TCPIP_THREAD_PRIO           RT_LWIP_TCPTHREAD_PRIORITY
      | 
In file included from [01m[K/home/yfblock/Code/hyper-rtos/tgoskits/tmp/rt-thread-5.2.2-full/components/libc/compilers/common/include/sys/time.h:15[m[K,
                 from [01m[K/home/yfblock/Code/hyper-rtos/tgoskits/tmp/rt-thread-5.2.2-full/components/net/lwip/port/lwipopts.h:22[m[K,
                 from [01m[K/home/yfblock/Code/hyper-rtos/tgoskits/tmp/rt-thread-5.2.2-full/components/net/lwip/lwip-2.1.2/src/include/lwip/opt.h:51[m[K,
                 from [01m[K/home/yfblock/Code/hyper-rtos/tgoskits/tmp/rt-thread-5.2.2-full/components/net/lwip/lwip-2.1.2/src/core/ipv4/icmp.c:42[m[K:
[01m[K./rtconfig.h:202:[m[K [01;36m[Knote: [m[Kthis is the location of the previous definition
  202 | #define TCPIP_THREAD_PRIO 10
      | 
In file included from [01m[K/home/yfblock/Code/hyper-rtos/tgoskits/tmp/rt-thread-5.2.2-full/components/net/lwip/lwip-2.1.2/src/include/lwip/opt.h:51[m[K,
                 from [01m[K/home/yfblock/Code/hyper-rtos/tgoskits/tmp/rt-thread-5.2.2-full/components/net/lwip/lwip-2.1.2/src/core/ipv4/icmp.c:42[m[K:
[01m[K/home/yfblock/Code/hyper-rtos/tgoskits/tmp/rt-thread-5.2.2-full/components/net/lwip/port/lwipopts.h:411:[m[K [01;35m[Kwarning: [m[K"TCPIP_THREAD_STACKSIZE" redefined
  411 | #define TCPIP_THREAD_STACKSIZE      RT_LWIP_TCPTHREAD_STACKSIZE
      | 
In file included from [01m[K/home/yfblock/Code/hyper-rtos/tgoskits/tmp/rt-thread-5.2.2-full/components/libc/compilers/common/include/sys/time.h:15[m[K,
                 from [01m[K/home/yfblock/Code/hyper-rtos/tgoskits/tmp/rt-thread-5.2.2-full/components/net/lwip/port/lwipopts.h:22[m[K,
                 from [01m[K/home/yfblock/Code/hyper-rtos/tgoskits/tmp/rt-thread-5.2.2-full/components/net/lwip/lwip-2.1.2/src/include/lwip/opt.h:51[m[K,
                 from [01m[K/home/yfblock/Code/hyper-rtos/tgoskits/tmp/rt-thread-5.2.2-full/components/net/lwip/lwip-2.1.2/src/core/ipv4/icmp.c:42[m[K:
[01m[K./rtconfig.h:201:[m[K [01;36m[Knote: [m[Kthis is the location of the previous definition
  201 | #define TCPIP_THREAD_STACKSIZE 8192
      | 
In file included from [01m[K/home/yfblock/Code/hyper-rtos/tgoskits/tmp/rt-thread-5.2.2-full/include/rttypes.h:14[m[K,
                 from [01m[K/home/yfblock/Code/hyper-rtos/tgoskits/tmp/rt-thread-5.2.2-full/include/rtsched.h:14[m[K,
                 from [01m[K/home/yfblock/Code/hyper-rtos/tgoskits/tmp/rt-thread-5.2.2-full/include/rtdef.h:68[m[K,
                 from [01m[K/home/yfblock/Code/hyper-rtos/tgoskits/tmp/rt-thread-5.2.2-full/include/rthw.h:23[m[K,
                 from [01m[K/home/yfblock/Code/hyper-rtos/tgoskits/tmp/rt-thread-5.2.2-full/components/net/lwip/port/arch/cc.h:48[m[K,
                 from [01m[K/home/yfblock/Code/hyper-rtos/tgoskits/tmp/rt-thread-5.2.2-full/components/net/lwip/lwip-2.1.2/src/include/lwip/arch.h:48[m[K,
                 from [01m[K/home/yfblock/Code/hyper-rtos/tgoskits/tmp/rt-thread-5.2.2-full/components/net/lwip/lwip-2.1.2/src/include/lwip/debug.h:40[m[K,
                 from [01m[K/home/yfblock/Code/hyper-rtos/tgoskits/tmp/rt-thread-5.2.2-full/components/net/lwip/lwip-2.1.2/src/include/lwip/opt.h:52[m[K,
                 from [01m[K/home/yfblock/Code/hyper-rtos/tgoskits/tmp/rt-thread-5.2.2-full/components/net/lwip/lwip-2.1.2/src/core/ipv4/icmp.c:42[m[K:
[01m[K./rtconfig.h:201:[m[K [01;35m[Kwarning: [m[K"TCPIP_THREAD_STACKSIZE" redefined
  201 | #define TCPIP_THREAD_STACKSIZE 8192
      | 
In file included from [01m[K/home/yfblock/Code/hyper-rtos/tgoskits/tmp/rt-thread-5.2.2-full/components/net/lwip/lwip-2.1.2/src/include/lwip/opt.h:51[m[K,
                 from [01m[K/home/yfblock/Code/hyper-rtos/tgoskits/tmp/rt-thread-5.2.2-full/components/net/lwip/lwip-2.1.2/src/core/ipv4/icmp.c:42[m[K:
[01m[K/home/yfblock/Code/hyper-rtos/tgoskits/tmp/rt-thread-5.2.2-full/components/net/lwip/port/lwipopts.h:411:[m[K [01;36m[Knote: [m[Kthis is the location of the previous definition
  411 | #define TCPIP_THREAD_STACKSIZE      RT_LWIP_TCPTHREAD_STACKSIZE
      | 
In file included from [01m[K/home/yfblock/Code/hyper-rtos/tgoskits/tmp/rt-thread-5.2.2-full/include/rttypes.h:14[m[K,
                 from [01m[K/home/yfblock/Code/hyper-rtos/tgoskits/tmp/rt-thread-5.2.2-full/include/rtsched.h:14[m[K,
                 from [01m[K/home/yfblock/Code/hyper-rtos/tgoskits/tmp/rt-thread-5.2.2-full/include/rtdef.h:68[m[K,
                 from [01m[K/home/yfblock/Code/hyper-rtos/tgoskits/tmp/rt-thread-5.2.2-full/include/rthw.h:23[m[K,
                 from [01m[K/home/yfblock/Code/hyper-rtos/tgoskits/tmp/rt-thread-5.2.2-full/components/net/lwip/port/arch/cc.h:48[m[K,
                 from [01m[K/home/yfblock/Code/hyper-rtos/tgoskits/tmp/rt-thread-5.2.2-full/components/net/lwip/lwip-2.1.2/src/include/lwip/arch.h:48[m[K,
                 from [01m[K/home/yfblock/Code/hyper-rtos/tgoskits/tmp/rt-thread-5.2.2-full/components/net/lwip/lwip-2.1.2/src/include/lwip/debug.h:40[m[K,
                 from [01m[K/home/yfblock/Code/hyper-rtos/tgoskits/tmp/rt-thread-5.2.2-full/components/net/lwip/lwip-2.1.2/src/include/lwip/opt.h:52[m[K,
                 from [01m[K/home/yfblock/Code/hyper-rtos/tgoskits/tmp/rt-thread-5.2.2-full/components/net/lwip/lwip-2.1.2/src/core/ipv4/icmp.c:42[m[K:
[01m[K./rtconfig.h:202:[m[K [01;35m[Kwarning: [m[K"TCPIP_THREAD_PRIO" redefined
  202 | #define TCPIP_THREAD_PRIO 10
      | 
In file included from [01m[K/home/yfblock/Code/hyper-rtos/tgoskits/tmp/rt-thread-5.2.2-full/components/net/lwip/lwip-2.1.2/src/include/lwip/opt.h:51[m[K,
                 from [01m[K/home/yfblock/Code/hyper-rtos/tgoskits/tmp/rt-thread-5.2.2-full/components/net/lwip/lwip-2.1.2/src/core/ipv4/icmp.c:42[m[K:
[01m[K/home/yfblock/Code/hyper-rtos/tgoskits/tmp/rt-thread-5.2.2-full/components/net/lwip/port/lwipopts.h:410:[m[K [01;36m[Knote: [m[Kthis is the location of the previous definition
  410 | #define TCPIP_THREAD_PRIO           RT_LWIP_TCPTHREAD_PRIORITY
      | 
CC build/kernel/components/net/lwip/lwip-2.1.2/src/core/ipv4/igmp.o
In file included from [01m[K/home/yfblock/Code/hyper-rtos/tgoskits/tmp/rt-thread-5.2.2-full/components/net/lwip/port/lwipopts.h:15[m[K,
                 from [01m[K/home/yfblock/Code/hyper-rtos/tgoskits/tmp/rt-thread-5.2.2-full/components/net/lwip/lwip-2.1.2/src/include/lwip/opt.h:51[m[K,
                 from [01m[K/home/yfblock/Code/hyper-rtos/tgoskits/tmp/rt-thread-5.2.2-full/components/net/lwip/lwip-2.1.2/src/core/ipv4/igmp.c:83[m[K:
[01m[K./rtconfig.h:193:[m[K [01;35m[Kwarning: [m[K"RT_CONSOLE_DEVICE_NAME" redefined
  193 | #define RT_CONSOLE_DEVICE_NAME "uart0"
      | 
[01m[K./rtconfig.h:52:[m[K [01;36m[Knote: [m[Kthis is the location of the previous definition
   52 | #define RT_CONSOLE_DEVICE_NAME uart1
      | 
[01m[K./rtconfig.h:194:[m[K [01;35m[Kwarning: [m[K"FINSH_THREAD_NAME" redefined
  194 | #define FINSH_THREAD_NAME "tshell"
      | 
[01m[K./rtconfig.h:59:[m[K [01;36m[Knote: [m[Kthis is the location of the previous definition
   59 | #define FINSH_THREAD_NAME tshell
      | 
In file included from [01m[K/home/yfblock/Code/hyper-rtos/tgoskits/tmp/rt-thread-5.2.2-full/components/net/lwip/lwip-2.1.2/src/include/lwip/opt.h:51[m[K,
                 from [01m[K/home/yfblock/Code/hyper-rtos/tgoskits/tmp/rt-thread-5.2.2-full/components/net/lwip/lwip-2.1.2/src/core/ipv4/igmp.c:83[m[K:
[01m[K/home/yfblock/Code/hyper-rtos/tgoskits/tmp/rt-thread-5.2.2-full/components/net/lwip/port/lwipopts.h:410:[m[K [01;35m[Kwarning: [m[K"TCPIP_THREAD_PRIO" redefined
  410 | #define TCPIP_THREAD_PRIO           RT_LWIP_TCPTHREAD_PRIORITY
      | 
In file included from [01m[K/home/yfblock/Code/hyper-rtos/tgoskits/tmp/rt-thread-5.2.2-full/components/libc/compilers/common/include/sys/time.h:15[m[K,
                 from [01m[K/home/yfblock/Code/hyper-rtos/tgoskits/tmp/rt-thread-5.2.2-full/components/net/lwip/port/lwipopts.h:22[m[K,
                 from [01m[K/home/yfblock/Code/hyper-rtos/tgoskits/tmp/rt-thread-5.2.2-full/components/net/lwip/lwip-2.1.2/src/include/lwip/opt.h:51[m[K,
                 from [01m[K/home/yfblock/Code/hyper-rtos/tgoskits/tmp/rt-thread-5.2.2-full/components/net/lwip/lwip-2.1.2/src/core/ipv4/igmp.c:83[m[K:
[01m[K./rtconfig.h:202:[m[K [01;36m[Knote: [m[Kthis is the location of the previous definition
  202 | #define TCPIP_THREAD_PRIO 10
      | 
In file included from [01m[K/home/yfblock/Code/hyper-rtos/tgoskits/tmp/rt-thread-5.2.2-full/components/net/lwip/lwip-2.1.2/src/include/lwip/opt.h:51[m[K,
                 from [01m[K/home/yfblock/Code/hyper-rtos/tgoskits/tmp/rt-thread-5.2.2-full/components/net/lwip/lwip-2.1.2/src/core/ipv4/igmp.c:83[m[K:
[01m[K/home/yfblock/Code/hyper-rtos/tgoskits/tmp/rt-thread-5.2.2-full/components/net/lwip/port/lwipopts.h:411:[m[K [01;35m[Kwarning: [m[K"TCPIP_THREAD_STACKSIZE" redefined
  411 | #define TCPIP_THREAD_STACKSIZE      RT_LWIP_TCPTHREAD_STACKSIZE
      | 
In file included from [01m[K/home/yfblock/Code/hyper-rtos/tgoskits/tmp/rt-thread-5.2.2-full/components/libc/compilers/common/include/sys/time.h:15[m[K,
                 from [01m[K/home/yfblock/Code/hyper-rtos/tgoskits/tmp/rt-thread-5.2.2-full/components/net/lwip/port/lwipopts.h:22[m[K,
                 from [01m[K/home/yfblock/Code/hyper-rtos/tgoskits/tmp/rt-thread-5.2.2-full/components/net/lwip/lwip-2.1.2/src/include/lwip/opt.h:51[m[K,
                 from [01m[K/home/yfblock/Code/hyper-rtos/tgoskits/tmp/rt-thread-5.2.2-full/components/net/lwip/lwip-2.1.2/src/core/ipv4/igmp.c:83[m[K:
[01m[K./rtconfig.h:201:[m[K [01;36m[Knote: [m[Kthis is the location of the previous definition
  201 | #define TCPIP_THREAD_STACKSIZE 8192
      | 
In file included from [01m[K/home/yfblock/Code/hyper-rtos/tgoskits/tmp/rt-thread-5.2.2-full/include/rttypes.h:14[m[K,
                 from [01m[K/home/yfblock/Code/hyper-rtos/tgoskits/tmp/rt-thread-5.2.2-full/include/rtsched.h:14[m[K,
                 from [01m[K/home/yfblock/Code/hyper-rtos/tgoskits/tmp/rt-thread-5.2.2-full/include/rtdef.h:68[m[K,
                 from [01m[K/home/yfblock/Code/hyper-rtos/tgoskits/tmp/rt-thread-5.2.2-full/include/rthw.h:23[m[K,
                 from [01m[K/home/yfblock/Code/hyper-rtos/tgoskits/tmp/rt-thread-5.2.2-full/components/net/lwip/port/arch/cc.h:48[m[K,
                 from [01m[K/home/yfblock/Code/hyper-rtos/tgoskits/tmp/rt-thread-5.2.2-full/components/net/lwip/lwip-2.1.2/src/include/lwip/arch.h:48[m[K,
                 from [01m[K/home/yfblock/Code/hyper-rtos/tgoskits/tmp/rt-thread-5.2.2-full/components/net/lwip/lwip-2.1.2/src/include/lwip/debug.h:40[m[K,
                 from [01m[K/home/yfblock/Code/hyper-rtos/tgoskits/tmp/rt-thread-5.2.2-full/components/net/lwip/lwip-2.1.2/src/include/lwip/opt.h:52[m[K,
                 from [01m[K/home/yfblock/Code/hyper-rtos/tgoskits/tmp/rt-thread-5.2.2-full/components/net/lwip/lwip-2.1.2/src/core/ipv4/igmp.c:83[m[K:
[01m[K./rtconfig.h:201:[m[K [01;35m[Kwarning: [m[K"TCPIP_THREAD_STACKSIZE" redefined
  201 | #define TCPIP_THREAD_STACKSIZE 8192
      | 
In file included from [01m[K/home/yfblock/Code/hyper-rtos/tgoskits/tmp/rt-thread-5.2.2-full/components/net/lwip/lwip-2.1.2/src/include/lwip/opt.h:51[m[K,
                 from [01m[K/home/yfblock/Code/hyper-rtos/tgoskits/tmp/rt-thread-5.2.2-full/components/net/lwip/lwip-2.1.2/src/core/ipv4/igmp.c:83[m[K:
[01m[K/home/yfblock/Code/hyper-rtos/tgoskits/tmp/rt-thread-5.2.2-full/components/net/lwip/port/lwipopts.h:411:[m[K [01;36m[Knote: [m[Kthis is the location of the previous definition
  411 | #define TCPIP_THREAD_STACKSIZE      RT_LWIP_TCPTHREAD_STACKSIZE
      | 
In file included from [01m[K/home/yfblock/Code/hyper-rtos/tgoskits/tmp/rt-thread-5.2.2-full/include/rttypes.h:14[m[K,
                 from [01m[K/home/yfblock/Code/hyper-rtos/tgoskits/tmp/rt-thread-5.2.2-full/include/rtsched.h:14[m[K,
                 from [01m[K/home/yfblock/Code/hyper-rtos/tgoskits/tmp/rt-thread-5.2.2-full/include/rtdef.h:68[m[K,
                 from [01m[K/home/yfblock/Code/hyper-rtos/tgoskits/tmp/rt-thread-5.2.2-full/include/rthw.h:23[m[K,
                 from [01m[K/home/yfblock/Code/hyper-rtos/tgoskits/tmp/rt-thread-5.2.2-full/components/net/lwip/port/arch/cc.h:48[m[K,
                 from [01m[K/home/yfblock/Code/hyper-rtos/tgoskits/tmp/rt-thread-5.2.2-full/components/net/lwip/lwip-2.1.2/src/include/lwip/arch.h:48[m[K,
                 from [01m[K/home/yfblock/Code/hyper-rtos/tgoskits/tmp/rt-thread-5.2.2-full/components/net/lwip/lwip-2.1.2/src/include/lwip/debug.h:40[m[K,
                 from [01m[K/home/yfblock/Code/hyper-rtos/tgoskits/tmp/rt-thread-5.2.2-full/components/net/lwip/lwip-2.1.2/src/include/lwip/opt.h:52[m[K,
                 from [01m[K/home/yfblock/Code/hyper-rtos/tgoskits/tmp/rt-thread-5.2.2-full/components/net/lwip/lwip-2.1.2/src/core/ipv4/igmp.c:83[m[K:
[01m[K./rtconfig.h:202:[m[K [01;35m[Kwarning: [m[K"TCPIP_THREAD_PRIO" redefined
  202 | #define TCPIP_THREAD_PRIO 10
      | 
In file included from [01m[K/home/yfblock/Code/hyper-rtos/tgoskits/tmp/rt-thread-5.2.2-full/components/net/lwip/lwip-2.1.2/src/include/lwip/opt.h:51[m[K,
                 from [01m[K/home/yfblock/Code/hyper-rtos/tgoskits/tmp/rt-thread-5.2.2-full/components/net/lwip/lwip-2.1.2/src/core/ipv4/igmp.c:83[m[K:
[01m[K/home/yfblock/Code/hyper-rtos/tgoskits/tmp/rt-thread-5.2.2-full/components/net/lwip/port/lwipopts.h:410:[m[K [01;36m[Knote: [m[Kthis is the location of the previous definition
  410 | #define TCPIP_THREAD_PRIO           RT_LWIP_TCPTHREAD_PRIORITY
      | 
CC build/kernel/components/net/lwip/lwip-2.1.2/src/core/ipv4/ip4.o
In file included from [01m[K/home/yfblock/Code/hyper-rtos/tgoskits/tmp/rt-thread-5.2.2-full/components/net/lwip/port/lwipopts.h:15[m[K,
                 from [01m[K/home/yfblock/Code/hyper-rtos/tgoskits/tmp/rt-thread-5.2.2-full/components/net/lwip/lwip-2.1.2/src/include/lwip/opt.h:51[m[K,
                 from [01m[K/home/yfblock/Code/hyper-rtos/tgoskits/tmp/rt-thread-5.2.2-full/components/net/lwip/lwip-2.1.2/src/core/ipv4/ip4.c:41[m[K:
[01m[K./rtconfig.h:193:[m[K [01;35m[Kwarning: [m[K"RT_CONSOLE_DEVICE_NAME" redefined
  193 | #define RT_CONSOLE_DEVICE_NAME "uart0"
      | 
[01m[K./rtconfig.h:52:[m[K [01;36m[Knote: [m[Kthis is the location of the previous definition
   52 | #define RT_CONSOLE_DEVICE_NAME uart1
      | 
[01m[K./rtconfig.h:194:[m[K [01;35m[Kwarning: [m[K"FINSH_THREAD_NAME" redefined
  194 | #define FINSH_THREAD_NAME "tshell"
      | 
[01m[K./rtconfig.h:59:[m[K [01;36m[Knote: [m[Kthis is the location of the previous definition
   59 | #define FINSH_THREAD_NAME tshell
      | 
In file included from [01m[K/home/yfblock/Code/hyper-rtos/tgoskits/tmp/rt-thread-5.2.2-full/components/net/lwip/lwip-2.1.2/src/include/lwip/opt.h:51[m[K,
                 from [01m[K/home/yfblock/Code/hyper-rtos/tgoskits/tmp/rt-thread-5.2.2-full/components/net/lwip/lwip-2.1.2/src/core/ipv4/ip4.c:41[m[K:
[01m[K/home/yfblock/Code/hyper-rtos/tgoskits/tmp/rt-thread-5.2.2-full/components/net/lwip/port/lwipopts.h:410:[m[K [01;35m[Kwarning: [m[K"TCPIP_THREAD_PRIO" redefined
  410 | #define TCPIP_THREAD_PRIO           RT_LWIP_TCPTHREAD_PRIORITY
      | 
In file included from [01m[K/home/yfblock/Code/hyper-rtos/tgoskits/tmp/rt-thread-5.2.2-full/components/libc/compilers/common/include/sys/time.h:15[m[K,
                 from [01m[K/home/yfblock/Code/hyper-rtos/tgoskits/tmp/rt-thread-5.2.2-full/components/net/lwip/port/lwipopts.h:22[m[K,
                 from [01m[K/home/yfblock/Code/hyper-rtos/tgoskits/tmp/rt-thread-5.2.2-full/components/net/lwip/lwip-2.1.2/src/include/lwip/opt.h:51[m[K,
                 from [01m[K/home/yfblock/Code/hyper-rtos/tgoskits/tmp/rt-thread-5.2.2-full/components/net/lwip/lwip-2.1.2/src/core/ipv4/ip4.c:41[m[K:
[01m[K./rtconfig.h:202:[m[K [01;36m[Knote: [m[Kthis is the location of the previous definition
  202 | #define TCPIP_THREAD_PRIO 10
      | 
In file included from [01m[K/home/yfblock/Code/hyper-rtos/tgoskits/tmp/rt-thread-5.2.2-full/components/net/lwip/lwip-2.1.2/src/include/lwip/opt.h:51[m[K,
                 from [01m[K/home/yfblock/Code/hyper-rtos/tgoskits/tmp/rt-thread-5.2.2-full/components/net/lwip/lwip-2.1.2/src/core/ipv4/ip4.c:41[m[K:
[01m[K/home/yfblock/Code/hyper-rtos/tgoskits/tmp/rt-thread-5.2.2-full/components/net/lwip/port/lwipopts.h:411:[m[K [01;35m[Kwarning: [m[K"TCPIP_THREAD_STACKSIZE" redefined
  411 | #define TCPIP_THREAD_STACKSIZE      RT_LWIP_TCPTHREAD_STACKSIZE
      | 
In file included from [01m[K/home/yfblock/Code/hyper-rtos/tgoskits/tmp/rt-thread-5.2.2-full/components/libc/compilers/common/include/sys/time.h:15[m[K,
                 from [01m[K/home/yfblock/Code/hyper-rtos/tgoskits/tmp/rt-thread-5.2.2-full/components/net/lwip/port/lwipopts.h:22[m[K,
                 from [01m[K/home/yfblock/Code/hyper-rtos/tgoskits/tmp/rt-thread-5.2.2-full/components/net/lwip/lwip-2.1.2/src/include/lwip/opt.h:51[m[K,
                 from [01m[K/home/yfblock/Code/hyper-rtos/tgoskits/tmp/rt-thread-5.2.2-full/components/net/lwip/lwip-2.1.2/src/core/ipv4/ip4.c:41[m[K:
[01m[K./rtconfig.h:201:[m[K [01;36m[Knote: [m[Kthis is the location of the previous definition
  201 | #define TCPIP_THREAD_STACKSIZE 8192
      | 
In file included from [01m[K/home/yfblock/Code/hyper-rtos/tgoskits/tmp/rt-thread-5.2.2-full/include/rttypes.h:14[m[K,
                 from [01m[K/home/yfblock/Code/hyper-rtos/tgoskits/tmp/rt-thread-5.2.2-full/include/rtsched.h:14[m[K,
                 from [01m[K/home/yfblock/Code/hyper-rtos/tgoskits/tmp/rt-thread-5.2.2-full/include/rtdef.h:68[m[K,
                 from [01m[K/home/yfblock/Code/hyper-rtos/tgoskits/tmp/rt-thread-5.2.2-full/include/rthw.h:23[m[K,
                 from [01m[K/home/yfblock/Code/hyper-rtos/tgoskits/tmp/rt-thread-5.2.2-full/components/net/lwip/port/arch/cc.h:48[m[K,
                 from [01m[K/home/yfblock/Code/hyper-rtos/tgoskits/tmp/rt-thread-5.2.2-full/components/net/lwip/lwip-2.1.2/src/include/lwip/arch.h:48[m[K,
                 from [01m[K/home/yfblock/Code/hyper-rtos/tgoskits/tmp/rt-thread-5.2.2-full/components/net/lwip/lwip-2.1.2/src/include/lwip/debug.h:40[m[K,
                 from [01m[K/home/yfblock/Code/hyper-rtos/tgoskits/tmp/rt-thread-5.2.2-full/components/net/lwip/lwip-2.1.2/src/include/lwip/opt.h:52[m[K,
                 from [01m[K/home/yfblock/Code/hyper-rtos/tgoskits/tmp/rt-thread-5.2.2-full/components/net/lwip/lwip-2.1.2/src/core/ipv4/ip4.c:41[m[K:
[01m[K./rtconfig.h:201:[m[K [01;35m[Kwarning: [m[K"TCPIP_THREAD_STACKSIZE" redefined
  201 | #define TCPIP_THREAD_STACKSIZE 8192
      | 
In file included from [01m[K/home/yfblock/Code/hyper-rtos/tgoskits/tmp/rt-thread-5.2.2-full/components/net/lwip/lwip-2.1.2/src/include/lwip/opt.h:51[m[K,
                 from [01m[K/home/yfblock/Code/hyper-rtos/tgoskits/tmp/rt-thread-5.2.2-full/components/net/lwip/lwip-2.1.2/src/core/ipv4/ip4.c:41[m[K:
[01m[K/home/yfblock/Code/hyper-rtos/tgoskits/tmp/rt-thread-5.2.2-full/components/net/lwip/port/lwipopts.h:411:[m[K [01;36m[Knote: [m[Kthis is the location of the previous definition
  411 | #define TCPIP_THREAD_STACKSIZE      RT_LWIP_TCPTHREAD_STACKSIZE
      | 
In file included from [01m[K/home/yfblock/Code/hyper-rtos/tgoskits/tmp/rt-thread-5.2.2-full/include/rttypes.h:14[m[K,
                 from [01m[K/home/yfblock/Code/hyper-rtos/tgoskits/tmp/rt-thread-5.2.2-full/include/rtsched.h:14[m[K,
                 from [01m[K/home/yfblock/Code/hyper-rtos/tgoskits/tmp/rt-thread-5.2.2-full/include/rtdef.h:68[m[K,
                 from [01m[K/home/yfblock/Code/hyper-rtos/tgoskits/tmp/rt-thread-5.2.2-full/include/rthw.h:23[m[K,
                 from [01m[K/home/yfblock/Code/hyper-rtos/tgoskits/tmp/rt-thread-5.2.2-full/components/net/lwip/port/arch/cc.h:48[m[K,
                 from [01m[K/home/yfblock/Code/hyper-rtos/tgoskits/tmp/rt-thread-5.2.2-full/components/net/lwip/lwip-2.1.2/src/include/lwip/arch.h:48[m[K,
                 from [01m[K/home/yfblock/Code/hyper-rtos/tgoskits/tmp/rt-thread-5.2.2-full/components/net/lwip/lwip-2.1.2/src/include/lwip/debug.h:40[m[K,
                 from [01m[K/home/yfblock/Code/hyper-rtos/tgoskits/tmp/rt-thread-5.2.2-full/components/net/lwip/lwip-2.1.2/src/include/lwip/opt.h:52[m[K,
                 from [01m[K/home/yfblock/Code/hyper-rtos/tgoskits/tmp/rt-thread-5.2.2-full/components/net/lwip/lwip-2.1.2/src/core/ipv4/ip4.c:41[m[K:
[01m[K./rtconfig.h:202:[m[K [01;35m[Kwarning: [m[K"TCPIP_THREAD_PRIO" redefined
  202 | #define TCPIP_THREAD_PRIO 10
      | 
In file included from [01m[K/home/yfblock/Code/hyper-rtos/tgoskits/tmp/rt-thread-5.2.2-full/components/net/lwip/lwip-2.1.2/src/include/lwip/opt.h:51[m[K,
                 from [01m[K/home/yfblock/Code/hyper-rtos/tgoskits/tmp/rt-thread-5.2.2-full/components/net/lwip/lwip-2.1.2/src/core/ipv4/ip4.c:41[m[K:
[01m[K/home/yfblock/Code/hyper-rtos/tgoskits/tmp/rt-thread-5.2.2-full/components/net/lwip/port/lwipopts.h:410:[m[K [01;36m[Knote: [m[Kthis is the location of the previous definition
  410 | #define TCPIP_THREAD_PRIO           RT_LWIP_TCPTHREAD_PRIORITY
      | 
CC build/kernel/components/net/lwip/lwip-2.1.2/src/core/ipv4/ip4_addr.o
In file included from [01m[K/home/yfblock/Code/hyper-rtos/tgoskits/tmp/rt-thread-5.2.2-full/components/net/lwip/port/lwipopts.h:15[m[K,
                 from [01m[K/home/yfblock/Code/hyper-rtos/tgoskits/tmp/rt-thread-5.2.2-full/components/net/lwip/lwip-2.1.2/src/include/lwip/opt.h:51[m[K,
                 from [01m[K/home/yfblock/Code/hyper-rtos/tgoskits/tmp/rt-thread-5.2.2-full/components/net/lwip/lwip-2.1.2/src/core/ipv4/ip4_addr.c:39[m[K:
[01m[K./rtconfig.h:193:[m[K [01;35m[Kwarning: [m[K"RT_CONSOLE_DEVICE_NAME" redefined
  193 | #define RT_CONSOLE_DEVICE_NAME "uart0"
      | 
[01m[K./rtconfig.h:52:[m[K [01;36m[Knote: [m[Kthis is the location of the previous definition
   52 | #define RT_CONSOLE_DEVICE_NAME uart1
      | 
[01m[K./rtconfig.h:194:[m[K [01;35m[Kwarning: [m[K"FINSH_THREAD_NAME" redefined
  194 | #define FINSH_THREAD_NAME "tshell"
      | 
[01m[K./rtconfig.h:59:[m[K [01;36m[Knote: [m[Kthis is the location of the previous definition
   59 | #define FINSH_THREAD_NAME tshell
      | 
In file included from [01m[K/home/yfblock/Code/hyper-rtos/tgoskits/tmp/rt-thread-5.2.2-full/components/net/lwip/lwip-2.1.2/src/include/lwip/opt.h:51[m[K,
                 from [01m[K/home/yfblock/Code/hyper-rtos/tgoskits/tmp/rt-thread-5.2.2-full/components/net/lwip/lwip-2.1.2/src/core/ipv4/ip4_addr.c:39[m[K:
[01m[K/home/yfblock/Code/hyper-rtos/tgoskits/tmp/rt-thread-5.2.2-full/components/net/lwip/port/lwipopts.h:410:[m[K [01;35m[Kwarning: [m[K"TCPIP_THREAD_PRIO" redefined
  410 | #define TCPIP_THREAD_PRIO           RT_LWIP_TCPTHREAD_PRIORITY
      | 
In file included from [01m[K/home/yfblock/Code/hyper-rtos/tgoskits/tmp/rt-thread-5.2.2-full/components/libc/compilers/common/include/sys/time.h:15[m[K,
                 from [01m[K/home/yfblock/Code/hyper-rtos/tgoskits/tmp/rt-thread-5.2.2-full/components/net/lwip/port/lwipopts.h:22[m[K,
                 from [01m[K/home/yfblock/Code/hyper-rtos/tgoskits/tmp/rt-thread-5.2.2-full/components/net/lwip/lwip-2.1.2/src/include/lwip/opt.h:51[m[K,
                 from [01m[K/home/yfblock/Code/hyper-rtos/tgoskits/tmp/rt-thread-5.2.2-full/components/net/lwip/lwip-2.1.2/src/core/ipv4/ip4_addr.c:39[m[K:
[01m[K./rtconfig.h:202:[m[K [01;36m[Knote: [m[Kthis is the location of the previous definition
  202 | #define TCPIP_THREAD_PRIO 10
      | 
In file included from [01m[K/home/yfblock/Code/hyper-rtos/tgoskits/tmp/rt-thread-5.2.2-full/components/net/lwip/lwip-2.1.2/src/include/lwip/opt.h:51[m[K,
                 from [01m[K/home/yfblock/Code/hyper-rtos/tgoskits/tmp/rt-thread-5.2.2-full/components/net/lwip/lwip-2.1.2/src/core/ipv4/ip4_addr.c:39[m[K:
[01m[K/home/yfblock/Code/hyper-rtos/tgoskits/tmp/rt-thread-5.2.2-full/components/net/lwip/port/lwipopts.h:411:[m[K [01;35m[Kwarning: [m[K"TCPIP_THREAD_STACKSIZE" redefined
  411 | #define TCPIP_THREAD_STACKSIZE      RT_LWIP_TCPTHREAD_STACKSIZE
      | 
In file included from [01m[K/home/yfblock/Code/hyper-rtos/tgoskits/tmp/rt-thread-5.2.2-full/components/libc/compilers/common/include/sys/time.h:15[m[K,
                 from [01m[K/home/yfblock/Code/hyper-rtos/tgoskits/tmp/rt-thread-5.2.2-full/components/net/lwip/port/lwipopts.h:22[m[K,
                 from [01m[K/home/yfblock/Code/hyper-rtos/tgoskits/tmp/rt-thread-5.2.2-full/components/net/lwip/lwip-2.1.2/src/include/lwip/opt.h:51[m[K,
                 from [01m[K/home/yfblock/Code/hyper-rtos/tgoskits/tmp/rt-thread-5.2.2-full/components/net/lwip/lwip-2.1.2/src/core/ipv4/ip4_addr.c:39[m[K:
[01m[K./rtconfig.h:201:[m[K [01;36m[Knote: [m[Kthis is the location of the previous definition
  201 | #define TCPIP_THREAD_STACKSIZE 8192
      | 
In file included from [01m[K/home/yfblock/Code/hyper-rtos/tgoskits/tmp/rt-thread-5.2.2-full/include/rttypes.h:14[m[K,
                 from [01m[K/home/yfblock/Code/hyper-rtos/tgoskits/tmp/rt-thread-5.2.2-full/include/rtsched.h:14[m[K,
                 from [01m[K/home/yfblock/Code/hyper-rtos/tgoskits/tmp/rt-thread-5.2.2-full/include/rtdef.h:68[m[K,
                 from [01m[K/home/yfblock/Code/hyper-rtos/tgoskits/tmp/rt-thread-5.2.2-full/include/rthw.h:23[m[K,
                 from [01m[K/home/yfblock/Code/hyper-rtos/tgoskits/tmp/rt-thread-5.2.2-full/components/net/lwip/port/arch/cc.h:48[m[K,
                 from [01m[K/home/yfblock/Code/hyper-rtos/tgoskits/tmp/rt-thread-5.2.2-full/components/net/lwip/lwip-2.1.2/src/include/lwip/arch.h:48[m[K,
                 from [01m[K/home/yfblock/Code/hyper-rtos/tgoskits/tmp/rt-thread-5.2.2-full/components/net/lwip/lwip-2.1.2/src/include/lwip/debug.h:40[m[K,
                 from [01m[K/home/yfblock/Code/hyper-rtos/tgoskits/tmp/rt-thread-5.2.2-full/components/net/lwip/lwip-2.1.2/src/include/lwip/opt.h:52[m[K,
                 from [01m[K/home/yfblock/Code/hyper-rtos/tgoskits/tmp/rt-thread-5.2.2-full/components/net/lwip/lwip-2.1.2/src/core/ipv4/ip4_addr.c:39[m[K:
[01m[K./rtconfig.h:201:[m[K [01;35m[Kwarning: [m[K"TCPIP_THREAD_STACKSIZE" redefined
  201 | #define TCPIP_THREAD_STACKSIZE 8192
      | 
In file included from [01m[K/home/yfblock/Code/hyper-rtos/tgoskits/tmp/rt-thread-5.2.2-full/components/net/lwip/lwip-2.1.2/src/include/lwip/opt.h:51[m[K,
                 from [01m[K/home/yfblock/Code/hyper-rtos/tgoskits/tmp/rt-thread-5.2.2-full/components/net/lwip/lwip-2.1.2/src/core/ipv4/ip4_addr.c:39[m[K:
[01m[K/home/yfblock/Code/hyper-rtos/tgoskits/tmp/rt-thread-5.2.2-full/components/net/lwip/port/lwipopts.h:411:[m[K [01;36m[Knote: [m[Kthis is the location of the previous definition
  411 | #define TCPIP_THREAD_STACKSIZE      RT_LWIP_TCPTHREAD_STACKSIZE
      | 
In file included from [01m[K/home/yfblock/Code/hyper-rtos/tgoskits/tmp/rt-thread-5.2.2-full/include/rttypes.h:14[m[K,
                 from [01m[K/home/yfblock/Code/hyper-rtos/tgoskits/tmp/rt-thread-5.2.2-full/include/rtsched.h:14[m[K,
                 from [01m[K/home/yfblock/Code/hyper-rtos/tgoskits/tmp/rt-thread-5.2.2-full/include/rtdef.h:68[m[K,
                 from [01m[K/home/yfblock/Code/hyper-rtos/tgoskits/tmp/rt-thread-5.2.2-full/include/rthw.h:23[m[K,
                 from [01m[K/home/yfblock/Code/hyper-rtos/tgoskits/tmp/rt-thread-5.2.2-full/components/net/lwip/port/arch/cc.h:48[m[K,
                 from [01m[K/home/yfblock/Code/hyper-rtos/tgoskits/tmp/rt-thread-5.2.2-full/components/net/lwip/lwip-2.1.2/src/include/lwip/arch.h:48[m[K,
                 from [01m[K/home/yfblock/Code/hyper-rtos/tgoskits/tmp/rt-thread-5.2.2-full/components/net/lwip/lwip-2.1.2/src/include/lwip/debug.h:40[m[K,
                 from [01m[K/home/yfblock/Code/hyper-rtos/tgoskits/tmp/rt-thread-5.2.2-full/components/net/lwip/lwip-2.1.2/src/include/lwip/opt.h:52[m[K,
                 from [01m[K/home/yfblock/Code/hyper-rtos/tgoskits/tmp/rt-thread-5.2.2-full/components/net/lwip/lwip-2.1.2/src/core/ipv4/ip4_addr.c:39[m[K:
[01m[K./rtconfig.h:202:[m[K [01;35m[Kwarning: [m[K"TCPIP_THREAD_PRIO" redefined
  202 | #define TCPIP_THREAD_PRIO 10
      | 
In file included from [01m[K/home/yfblock/Code/hyper-rtos/tgoskits/tmp/rt-thread-5.2.2-full/components/net/lwip/lwip-2.1.2/src/include/lwip/opt.h:51[m[K,
                 from [01m[K/home/yfblock/Code/hyper-rtos/tgoskits/tmp/rt-thread-5.2.2-full/components/net/lwip/lwip-2.1.2/src/core/ipv4/ip4_addr.c:39[m[K:
[01m[K/home/yfblock/Code/hyper-rtos/tgoskits/tmp/rt-thread-5.2.2-full/components/net/lwip/port/lwipopts.h:410:[m[K [01;36m[Knote: [m[Kthis is the location of the previous definition
  410 | #define TCPIP_THREAD_PRIO           RT_LWIP_TCPTHREAD_PRIORITY
      | 
CC build/kernel/components/net/lwip/lwip-2.1.2/src/core/ipv4/ip4_frag.o
CC build/kernel/components/net/lwip/lwip-2.1.2/src/core/memp.o
In file included from [01m[K/home/yfblock/Code/hyper-rtos/tgoskits/tmp/rt-thread-5.2.2-full/components/net/lwip/port/lwipopts.h:15[m[K,
                 from [01m[K/home/yfblock/Code/hyper-rtos/tgoskits/tmp/rt-thread-5.2.2-full/components/net/lwip/lwip-2.1.2/src/include/lwip/opt.h:51[m[K,
                 from [01m[K/home/yfblock/Code/hyper-rtos/tgoskits/tmp/rt-thread-5.2.2-full/components/net/lwip/lwip-2.1.2/src/core/ipv4/ip4_frag.c:41[m[K:
[01m[K./rtconfig.h:193:[m[K [01;35m[Kwarning: [m[K"RT_CONSOLE_DEVICE_NAME" redefined
  193 | #define RT_CONSOLE_DEVICE_NAME "uart0"
      | 
[01m[K./rtconfig.h:52:[m[K [01;36m[Knote: [m[Kthis is the location of the previous definition
   52 | #define RT_CONSOLE_DEVICE_NAME uart1
      | 
[01m[K./rtconfig.h:194:[m[K [01;35m[Kwarning: [m[K"FINSH_THREAD_NAME" redefined
  194 | #define FINSH_THREAD_NAME "tshell"
      | 
[01m[K./rtconfig.h:59:[m[K [01;36m[Knote: [m[Kthis is the location of the previous definition
   59 | #define FINSH_THREAD_NAME tshell
      | 
In file included from [01m[K/home/yfblock/Code/hyper-rtos/tgoskits/tmp/rt-thread-5.2.2-full/components/net/lwip/lwip-2.1.2/src/include/lwip/opt.h:51[m[K,
                 from [01m[K/home/yfblock/Code/hyper-rtos/tgoskits/tmp/rt-thread-5.2.2-full/components/net/lwip/lwip-2.1.2/src/core/ipv4/ip4_frag.c:41[m[K:
[01m[K/home/yfblock/Code/hyper-rtos/tgoskits/tmp/rt-thread-5.2.2-full/components/net/lwip/port/lwipopts.h:410:[m[K [01;35m[Kwarning: [m[K"TCPIP_THREAD_PRIO" redefined
  410 | #define TCPIP_THREAD_PRIO           RT_LWIP_TCPTHREAD_PRIORITY
      | 
In file included from [01m[K/home/yfblock/Code/hyper-rtos/tgoskits/tmp/rt-thread-5.2.2-full/components/libc/compilers/common/include/sys/time.h:15[m[K,
                 from [01m[K/home/yfblock/Code/hyper-rtos/tgoskits/tmp/rt-thread-5.2.2-full/components/net/lwip/port/lwipopts.h:22[m[K,
                 from [01m[K/home/yfblock/Code/hyper-rtos/tgoskits/tmp/rt-thread-5.2.2-full/components/net/lwip/lwip-2.1.2/src/include/lwip/opt.h:51[m[K,
                 from [01m[K/home/yfblock/Code/hyper-rtos/tgoskits/tmp/rt-thread-5.2.2-full/components/net/lwip/lwip-2.1.2/src/core/ipv4/ip4_frag.c:41[m[K:
[01m[K./rtconfig.h:202:[m[K [01;36m[Knote: [m[Kthis is the location of the previous definition
  202 | #define TCPIP_THREAD_PRIO 10
      | 
In file included from [01m[K/home/yfblock/Code/hyper-rtos/tgoskits/tmp/rt-thread-5.2.2-full/components/net/lwip/lwip-2.1.2/src/include/lwip/opt.h:51[m[K,
                 from [01m[K/home/yfblock/Code/hyper-rtos/tgoskits/tmp/rt-thread-5.2.2-full/components/net/lwip/lwip-2.1.2/src/core/ipv4/ip4_frag.c:41[m[K:
[01m[K/home/yfblock/Code/hyper-rtos/tgoskits/tmp/rt-thread-5.2.2-full/components/net/lwip/port/lwipopts.h:411:[m[K [01;35m[Kwarning: [m[K"TCPIP_THREAD_STACKSIZE" redefined
  411 | #define TCPIP_THREAD_STACKSIZE      RT_LWIP_TCPTHREAD_STACKSIZE
      | 
In file included from [01m[K/home/yfblock/Code/hyper-rtos/tgoskits/tmp/rt-thread-5.2.2-full/components/libc/compilers/common/include/sys/time.h:15[m[K,
                 from [01m[K/home/yfblock/Code/hyper-rtos/tgoskits/tmp/rt-thread-5.2.2-full/components/net/lwip/port/lwipopts.h:22[m[K,
                 from [01m[K/home/yfblock/Code/hyper-rtos/tgoskits/tmp/rt-thread-5.2.2-full/components/net/lwip/lwip-2.1.2/src/include/lwip/opt.h:51[m[K,
                 from [01m[K/home/yfblock/Code/hyper-rtos/tgoskits/tmp/rt-thread-5.2.2-full/components/net/lwip/lwip-2.1.2/src/core/ipv4/ip4_frag.c:41[m[K:
[01m[K./rtconfig.h:201:[m[K [01;36m[Knote: [m[Kthis is the location of the previous definition
  201 | #define TCPIP_THREAD_STACKSIZE 8192
      | 
In file included from [01m[K/home/yfblock/Code/hyper-rtos/tgoskits/tmp/rt-thread-5.2.2-full/include/rttypes.h:14[m[K,
                 from [01m[K/home/yfblock/Code/hyper-rtos/tgoskits/tmp/rt-thread-5.2.2-full/include/rtsched.h:14[m[K,
                 from [01m[K/home/yfblock/Code/hyper-rtos/tgoskits/tmp/rt-thread-5.2.2-full/include/rtdef.h:68[m[K,
                 from [01m[K/home/yfblock/Code/hyper-rtos/tgoskits/tmp/rt-thread-5.2.2-full/include/rthw.h:23[m[K,
                 from [01m[K/home/yfblock/Code/hyper-rtos/tgoskits/tmp/rt-thread-5.2.2-full/components/net/lwip/port/arch/cc.h:48[m[K,
                 from [01m[K/home/yfblock/Code/hyper-rtos/tgoskits/tmp/rt-thread-5.2.2-full/components/net/lwip/lwip-2.1.2/src/include/lwip/arch.h:48[m[K,
                 from [01m[K/home/yfblock/Code/hyper-rtos/tgoskits/tmp/rt-thread-5.2.2-full/components/net/lwip/lwip-2.1.2/src/include/lwip/debug.h:40[m[K,
                 from [01m[K/home/yfblock/Code/hyper-rtos/tgoskits/tmp/rt-thread-5.2.2-full/components/net/lwip/lwip-2.1.2/src/include/lwip/opt.h:52[m[K,
                 from [01m[K/home/yfblock/Code/hyper-rtos/tgoskits/tmp/rt-thread-5.2.2-full/components/net/lwip/lwip-2.1.2/src/core/ipv4/ip4_frag.c:41[m[K:
[01m[K./rtconfig.h:201:[m[K [01;35m[Kwarning: [m[K"TCPIP_THREAD_STACKSIZE" redefined
  201 | #define TCPIP_THREAD_STACKSIZE 8192
      | 
In file included from [01m[K/home/yfblock/Code/hyper-rtos/tgoskits/tmp/rt-thread-5.2.2-full/components/net/lwip/lwip-2.1.2/src/include/lwip/opt.h:51[m[K,
                 from [01m[K/home/yfblock/Code/hyper-rtos/tgoskits/tmp/rt-thread-5.2.2-full/components/net/lwip/lwip-2.1.2/src/core/ipv4/ip4_frag.c:41[m[K:
[01m[K/home/yfblock/Code/hyper-rtos/tgoskits/tmp/rt-thread-5.2.2-full/components/net/lwip/port/lwipopts.h:411:[m[K [01;36m[Knote: [m[Kthis is the location of the previous definition
  411 | #define TCPIP_THREAD_STACKSIZE      RT_LWIP_TCPTHREAD_STACKSIZE
      | 
In file included from [01m[K/home/yfblock/Code/hyper-rtos/tgoskits/tmp/rt-thread-5.2.2-full/include/rttypes.h:14[m[K,
                 from [01m[K/home/yfblock/Code/hyper-rtos/tgoskits/tmp/rt-thread-5.2.2-full/include/rtsched.h:14[m[K,
                 from [01m[K/home/yfblock/Code/hyper-rtos/tgoskits/tmp/rt-thread-5.2.2-full/include/rtdef.h:68[m[K,
                 from [01m[K/home/yfblock/Code/hyper-rtos/tgoskits/tmp/rt-thread-5.2.2-full/include/rthw.h:23[m[K,
                 from [01m[K/home/yfblock/Code/hyper-rtos/tgoskits/tmp/rt-thread-5.2.2-full/components/net/lwip/port/arch/cc.h:48[m[K,
                 from [01m[K/home/yfblock/Code/hyper-rtos/tgoskits/tmp/rt-thread-5.2.2-full/components/net/lwip/lwip-2.1.2/src/include/lwip/arch.h:48[m[K,
                 from [01m[K/home/yfblock/Code/hyper-rtos/tgoskits/tmp/rt-thread-5.2.2-full/components/net/lwip/lwip-2.1.2/src/include/lwip/debug.h:40[m[K,
                 from [01m[K/home/yfblock/Code/hyper-rtos/tgoskits/tmp/rt-thread-5.2.2-full/components/net/lwip/lwip-2.1.2/src/include/lwip/opt.h:52[m[K,
                 from [01m[K/home/yfblock/Code/hyper-rtos/tgoskits/tmp/rt-thread-5.2.2-full/components/net/lwip/lwip-2.1.2/src/core/ipv4/ip4_frag.c:41[m[K:
[01m[K./rtconfig.h:202:[m[K [01;35m[Kwarning: [m[K"TCPIP_THREAD_PRIO" redefined
  202 | #define TCPIP_THREAD_PRIO 10
      | 
In file included from [01m[K/home/yfblock/Code/hyper-rtos/tgoskits/tmp/rt-thread-5.2.2-full/components/net/lwip/lwip-2.1.2/src/include/lwip/opt.h:51[m[K,
                 from [01m[K/home/yfblock/Code/hyper-rtos/tgoskits/tmp/rt-thread-5.2.2-full/components/net/lwip/lwip-2.1.2/src/core/ipv4/ip4_frag.c:41[m[K:
[01m[K/home/yfblock/Code/hyper-rtos/tgoskits/tmp/rt-thread-5.2.2-full/components/net/lwip/port/lwipopts.h:410:[m[K [01;36m[Knote: [m[Kthis is the location of the previous definition
  410 | #define TCPIP_THREAD_PRIO           RT_LWIP_TCPTHREAD_PRIORITY
      | 
In file included from [01m[K/home/yfblock/Code/hyper-rtos/tgoskits/tmp/rt-thread-5.2.2-full/components/net/lwip/port/lwipopts.h:15[m[K,
                 from [01m[K/home/yfblock/Code/hyper-rtos/tgoskits/tmp/rt-thread-5.2.2-full/components/net/lwip/lwip-2.1.2/src/include/lwip/opt.h:51[m[K,
                 from [01m[K/home/yfblock/Code/hyper-rtos/tgoskits/tmp/rt-thread-5.2.2-full/components/net/lwip/lwip-2.1.2/src/core/memp.c:46[m[K:
[01m[K./rtconfig.h:193:[m[K [01;35m[Kwarning: [m[K"RT_CONSOLE_DEVICE_NAME" redefined
  193 | #define RT_CONSOLE_DEVICE_NAME "uart0"
      | 
[01m[K./rtconfig.h:52:[m[K [01;36m[Knote: [m[Kthis is the location of the previous definition
   52 | #define RT_CONSOLE_DEVICE_NAME uart1
      | 
[01m[K./rtconfig.h:194:[m[K [01;35m[Kwarning: [m[K"FINSH_THREAD_NAME" redefined
  194 | #define FINSH_THREAD_NAME "tshell"
      | 
[01m[K./rtconfig.h:59:[m[K [01;36m[Knote: [m[Kthis is the location of the previous definition
   59 | #define FINSH_THREAD_NAME tshell
      | 
In file included from [01m[K/home/yfblock/Code/hyper-rtos/tgoskits/tmp/rt-thread-5.2.2-full/components/net/lwip/lwip-2.1.2/src/include/lwip/opt.h:51[m[K,
                 from [01m[K/home/yfblock/Code/hyper-rtos/tgoskits/tmp/rt-thread-5.2.2-full/components/net/lwip/lwip-2.1.2/src/core/memp.c:46[m[K:
[01m[K/home/yfblock/Code/hyper-rtos/tgoskits/tmp/rt-thread-5.2.2-full/components/net/lwip/port/lwipopts.h:410:[m[K [01;35m[Kwarning: [m[K"TCPIP_THREAD_PRIO" redefined
  410 | #define TCPIP_THREAD_PRIO           RT_LWIP_TCPTHREAD_PRIORITY
      | 
In file included from [01m[K/home/yfblock/Code/hyper-rtos/tgoskits/tmp/rt-thread-5.2.2-full/components/libc/compilers/common/include/sys/time.h:15[m[K,
                 from [01m[K/home/yfblock/Code/hyper-rtos/tgoskits/tmp/rt-thread-5.2.2-full/components/net/lwip/port/lwipopts.h:22[m[K,
                 from [01m[K/home/yfblock/Code/hyper-rtos/tgoskits/tmp/rt-thread-5.2.2-full/components/net/lwip/lwip-2.1.2/src/include/lwip/opt.h:51[m[K,
                 from [01m[K/home/yfblock/Code/hyper-rtos/tgoskits/tmp/rt-thread-5.2.2-full/components/net/lwip/lwip-2.1.2/src/core/memp.c:46[m[K:
[01m[K./rtconfig.h:202:[m[K [01;36m[Knote: [m[Kthis is the location of the previous definition
  202 | #define TCPIP_THREAD_PRIO 10
      | 
In file included from [01m[K/home/yfblock/Code/hyper-rtos/tgoskits/tmp/rt-thread-5.2.2-full/components/net/lwip/lwip-2.1.2/src/include/lwip/opt.h:51[m[K,
                 from [01m[K/home/yfblock/Code/hyper-rtos/tgoskits/tmp/rt-thread-5.2.2-full/components/net/lwip/lwip-2.1.2/src/core/memp.c:46[m[K:
[01m[K/home/yfblock/Code/hyper-rtos/tgoskits/tmp/rt-thread-5.2.2-full/components/net/lwip/port/lwipopts.h:411:[m[K [01;35m[Kwarning: [m[K"TCPIP_THREAD_STACKSIZE" redefined
  411 | #define TCPIP_THREAD_STACKSIZE      RT_LWIP_TCPTHREAD_STACKSIZE
      | 
In file included from [01m[K/home/yfblock/Code/hyper-rtos/tgoskits/tmp/rt-thread-5.2.2-full/components/libc/compilers/common/include/sys/time.h:15[m[K,
                 from [01m[K/home/yfblock/Code/hyper-rtos/tgoskits/tmp/rt-thread-5.2.2-full/components/net/lwip/port/lwipopts.h:22[m[K,
                 from [01m[K/home/yfblock/Code/hyper-rtos/tgoskits/tmp/rt-thread-5.2.2-full/components/net/lwip/lwip-2.1.2/src/include/lwip/opt.h:51[m[K,
                 from [01m[K/home/yfblock/Code/hyper-rtos/tgoskits/tmp/rt-thread-5.2.2-full/components/net/lwip/lwip-2.1.2/src/core/memp.c:46[m[K:
[01m[K./rtconfig.h:201:[m[K [01;36m[Knote: [m[Kthis is the location of the previous definition
  201 | #define TCPIP_THREAD_STACKSIZE 8192
      | 
In file included from [01m[K/home/yfblock/Code/hyper-rtos/tgoskits/tmp/rt-thread-5.2.2-full/include/rttypes.h:14[m[K,
                 from [01m[K/home/yfblock/Code/hyper-rtos/tgoskits/tmp/rt-thread-5.2.2-full/include/rtsched.h:14[m[K,
                 from [01m[K/home/yfblock/Code/hyper-rtos/tgoskits/tmp/rt-thread-5.2.2-full/include/rtdef.h:68[m[K,
                 from [01m[K/home/yfblock/Code/hyper-rtos/tgoskits/tmp/rt-thread-5.2.2-full/include/rthw.h:23[m[K,
                 from [01m[K/home/yfblock/Code/hyper-rtos/tgoskits/tmp/rt-thread-5.2.2-full/components/net/lwip/port/arch/cc.h:48[m[K,
                 from [01m[K/home/yfblock/Code/hyper-rtos/tgoskits/tmp/rt-thread-5.2.2-full/components/net/lwip/lwip-2.1.2/src/include/lwip/arch.h:48[m[K,
                 from [01m[K/home/yfblock/Code/hyper-rtos/tgoskits/tmp/rt-thread-5.2.2-full/components/net/lwip/lwip-2.1.2/src/include/lwip/debug.h:40[m[K,
                 from [01m[K/home/yfblock/Code/hyper-rtos/tgoskits/tmp/rt-thread-5.2.2-full/components/net/lwip/lwip-2.1.2/src/include/lwip/opt.h:52[m[K,
                 from [01m[K/home/yfblock/Code/hyper-rtos/tgoskits/tmp/rt-thread-5.2.2-full/components/net/lwip/lwip-2.1.2/src/core/memp.c:46[m[K:
[01m[K./rtconfig.h:201:[m[K [01;35m[Kwarning: [m[K"TCPIP_THREAD_STACKSIZE" redefined
  201 | #define TCPIP_THREAD_STACKSIZE 8192
      | 
In file included from [01m[K/home/yfblock/Code/hyper-rtos/tgoskits/tmp/rt-thread-5.2.2-full/components/net/lwip/lwip-2.1.2/src/include/lwip/opt.h:51[m[K,
                 from [01m[K/home/yfblock/Code/hyper-rtos/tgoskits/tmp/rt-thread-5.2.2-full/components/net/lwip/lwip-2.1.2/src/core/memp.c:46[m[K:
[01m[K/home/yfblock/Code/hyper-rtos/tgoskits/tmp/rt-thread-5.2.2-full/components/net/lwip/port/lwipopts.h:411:[m[K [01;36m[Knote: [m[Kthis is the location of the previous definition
  411 | #define TCPIP_THREAD_STACKSIZE      RT_LWIP_TCPTHREAD_STACKSIZE
      | 
In file included from [01m[K/home/yfblock/Code/hyper-rtos/tgoskits/tmp/rt-thread-5.2.2-full/include/rttypes.h:14[m[K,
                 from [01m[K/home/yfblock/Code/hyper-rtos/tgoskits/tmp/rt-thread-5.2.2-full/include/rtsched.h:14[m[K,
                 from [01m[K/home/yfblock/Code/hyper-rtos/tgoskits/tmp/rt-thread-5.2.2-full/include/rtdef.h:68[m[K,
                 from [01m[K/home/yfblock/Code/hyper-rtos/tgoskits/tmp/rt-thread-5.2.2-full/include/rthw.h:23[m[K,
                 from [01m[K/home/yfblock/Code/hyper-rtos/tgoskits/tmp/rt-thread-5.2.2-full/components/net/lwip/port/arch/cc.h:48[m[K,
                 from [01m[K/home/yfblock/Code/hyper-rtos/tgoskits/tmp/rt-thread-5.2.2-full/components/net/lwip/lwip-2.1.2/src/include/lwip/arch.h:48[m[K,
                 from [01m[K/home/yfblock/Code/hyper-rtos/tgoskits/tmp/rt-thread-5.2.2-full/components/net/lwip/lwip-2.1.2/src/include/lwip/debug.h:40[m[K,
                 from [01m[K/home/yfblock/Code/hyper-rtos/tgoskits/tmp/rt-thread-5.2.2-full/components/net/lwip/lwip-2.1.2/src/include/lwip/opt.h:52[m[K,
                 from [01m[K/home/yfblock/Code/hyper-rtos/tgoskits/tmp/rt-thread-5.2.2-full/components/net/lwip/lwip-2.1.2/src/core/memp.c:46[m[K:
[01m[K./rtconfig.h:202:[m[K [01;35m[Kwarning: [m[K"TCPIP_THREAD_PRIO" redefined
  202 | #define TCPIP_THREAD_PRIO 10
      | 
In file included from [01m[K/home/yfblock/Code/hyper-rtos/tgoskits/tmp/rt-thread-5.2.2-full/components/net/lwip/lwip-2.1.2/src/include/lwip/opt.h:51[m[K,
                 from [01m[K/home/yfblock/Code/hyper-rtos/tgoskits/tmp/rt-thread-5.2.2-full/components/net/lwip/lwip-2.1.2/src/core/memp.c:46[m[K:
[01m[K/home/yfblock/Code/hyper-rtos/tgoskits/tmp/rt-thread-5.2.2-full/components/net/lwip/port/lwipopts.h:410:[m[K [01;36m[Knote: [m[Kthis is the location of the previous definition
  410 | #define TCPIP_THREAD_PRIO           RT_LWIP_TCPTHREAD_PRIORITY
      | 
CC build/kernel/components/net/lwip/lwip-2.1.2/src/core/netif.o
In file included from [01m[K/home/yfblock/Code/hyper-rtos/tgoskits/tmp/rt-thread-5.2.2-full/components/net/lwip/port/lwipopts.h:15[m[K,
                 from [01m[K/home/yfblock/Code/hyper-rtos/tgoskits/tmp/rt-thread-5.2.2-full/components/net/lwip/lwip-2.1.2/src/include/lwip/opt.h:51[m[K,
                 from [01m[K/home/yfblock/Code/hyper-rtos/tgoskits/tmp/rt-thread-5.2.2-full/components/net/lwip/lwip-2.1.2/src/core/netif.c:51[m[K:
[01m[K./rtconfig.h:193:[m[K [01;35m[Kwarning: [m[K"RT_CONSOLE_DEVICE_NAME" redefined
  193 | #define RT_CONSOLE_DEVICE_NAME "uart0"
      | 
[01m[K./rtconfig.h:52:[m[K [01;36m[Knote: [m[Kthis is the location of the previous definition
   52 | #define RT_CONSOLE_DEVICE_NAME uart1
      | 
[01m[K./rtconfig.h:194:[m[K [01;35m[Kwarning: [m[K"FINSH_THREAD_NAME" redefined
  194 | #define FINSH_THREAD_NAME "tshell"
      | 
[01m[K./rtconfig.h:59:[m[K [01;36m[Knote: [m[Kthis is the location of the previous definition
   59 | #define FINSH_THREAD_NAME tshell
      | 
CC build/kernel/components/net/lwip/lwip-2.1.2/src/core/pbuf.o
In file included from [01m[K/home/yfblock/Code/hyper-rtos/tgoskits/tmp/rt-thread-5.2.2-full/components/net/lwip/lwip-2.1.2/src/include/lwip/opt.h:51[m[K,
                 from [01m[K/home/yfblock/Code/hyper-rtos/tgoskits/tmp/rt-thread-5.2.2-full/components/net/lwip/lwip-2.1.2/src/core/netif.c:51[m[K:
[01m[K/home/yfblock/Code/hyper-rtos/tgoskits/tmp/rt-thread-5.2.2-full/components/net/lwip/port/lwipopts.h:410:[m[K [01;35m[Kwarning: [m[K"TCPIP_THREAD_PRIO" redefined
  410 | #define TCPIP_THREAD_PRIO           RT_LWIP_TCPTHREAD_PRIORITY
      | 
In file included from [01m[K/home/yfblock/Code/hyper-rtos/tgoskits/tmp/rt-thread-5.2.2-full/components/libc/compilers/common/include/sys/time.h:15[m[K,
                 from [01m[K/home/yfblock/Code/hyper-rtos/tgoskits/tmp/rt-thread-5.2.2-full/components/net/lwip/port/lwipopts.h:22[m[K,
                 from [01m[K/home/yfblock/Code/hyper-rtos/tgoskits/tmp/rt-thread-5.2.2-full/components/net/lwip/lwip-2.1.2/src/include/lwip/opt.h:51[m[K,
                 from [01m[K/home/yfblock/Code/hyper-rtos/tgoskits/tmp/rt-thread-5.2.2-full/components/net/lwip/lwip-2.1.2/src/core/netif.c:51[m[K:
[01m[K./rtconfig.h:202:[m[K [01;36m[Knote: [m[Kthis is the location of the previous definition
  202 | #define TCPIP_THREAD_PRIO 10
      | 
In file included from [01m[K/home/yfblock/Code/hyper-rtos/tgoskits/tmp/rt-thread-5.2.2-full/components/net/lwip/lwip-2.1.2/src/include/lwip/opt.h:51[m[K,
                 from [01m[K/home/yfblock/Code/hyper-rtos/tgoskits/tmp/rt-thread-5.2.2-full/components/net/lwip/lwip-2.1.2/src/core/netif.c:51[m[K:
[01m[K/home/yfblock/Code/hyper-rtos/tgoskits/tmp/rt-thread-5.2.2-full/components/net/lwip/port/lwipopts.h:411:[m[K [01;35m[Kwarning: [m[K"TCPIP_THREAD_STACKSIZE" redefined
  411 | #define TCPIP_THREAD_STACKSIZE      RT_LWIP_TCPTHREAD_STACKSIZE
      | 
In file included from [01m[K/home/yfblock/Code/hyper-rtos/tgoskits/tmp/rt-thread-5.2.2-full/components/libc/compilers/common/include/sys/time.h:15[m[K,
                 from [01m[K/home/yfblock/Code/hyper-rtos/tgoskits/tmp/rt-thread-5.2.2-full/components/net/lwip/port/lwipopts.h:22[m[K,
                 from [01m[K/home/yfblock/Code/hyper-rtos/tgoskits/tmp/rt-thread-5.2.2-full/components/net/lwip/lwip-2.1.2/src/include/lwip/opt.h:51[m[K,
                 from [01m[K/home/yfblock/Code/hyper-rtos/tgoskits/tmp/rt-thread-5.2.2-full/components/net/lwip/lwip-2.1.2/src/core/netif.c:51[m[K:
[01m[K./rtconfig.h:201:[m[K [01;36m[Knote: [m[Kthis is the location of the previous definition
  201 | #define TCPIP_THREAD_STACKSIZE 8192
      | 
In file included from [01m[K/home/yfblock/Code/hyper-rtos/tgoskits/tmp/rt-thread-5.2.2-full/include/rttypes.h:14[m[K,
                 from [01m[K/home/yfblock/Code/hyper-rtos/tgoskits/tmp/rt-thread-5.2.2-full/include/rtsched.h:14[m[K,
                 from [01m[K/home/yfblock/Code/hyper-rtos/tgoskits/tmp/rt-thread-5.2.2-full/include/rtdef.h:68[m[K,
                 from [01m[K/home/yfblock/Code/hyper-rtos/tgoskits/tmp/rt-thread-5.2.2-full/include/rthw.h:23[m[K,
                 from [01m[K/home/yfblock/Code/hyper-rtos/tgoskits/tmp/rt-thread-5.2.2-full/components/net/lwip/port/arch/cc.h:48[m[K,
                 from [01m[K/home/yfblock/Code/hyper-rtos/tgoskits/tmp/rt-thread-5.2.2-full/components/net/lwip/lwip-2.1.2/src/include/lwip/arch.h:48[m[K,
                 from [01m[K/home/yfblock/Code/hyper-rtos/tgoskits/tmp/rt-thread-5.2.2-full/components/net/lwip/lwip-2.1.2/src/include/lwip/debug.h:40[m[K,
                 from [01m[K/home/yfblock/Code/hyper-rtos/tgoskits/tmp/rt-thread-5.2.2-full/components/net/lwip/lwip-2.1.2/src/include/lwip/opt.h:52[m[K,
                 from [01m[K/home/yfblock/Code/hyper-rtos/tgoskits/tmp/rt-thread-5.2.2-full/components/net/lwip/lwip-2.1.2/src/core/netif.c:51[m[K:
[01m[K./rtconfig.h:201:[m[K [01;35m[Kwarning: [m[K"TCPIP_THREAD_STACKSIZE" redefined
  201 | #define TCPIP_THREAD_STACKSIZE 8192
      | 
In file included from [01m[K/home/yfblock/Code/hyper-rtos/tgoskits/tmp/rt-thread-5.2.2-full/components/net/lwip/lwip-2.1.2/src/include/lwip/opt.h:51[m[K,
                 from [01m[K/home/yfblock/Code/hyper-rtos/tgoskits/tmp/rt-thread-5.2.2-full/components/net/lwip/lwip-2.1.2/src/core/netif.c:51[m[K:
[01m[K/home/yfblock/Code/hyper-rtos/tgoskits/tmp/rt-thread-5.2.2-full/components/net/lwip/port/lwipopts.h:411:[m[K [01;36m[Knote: [m[Kthis is the location of the previous definition
  411 | #define TCPIP_THREAD_STACKSIZE      RT_LWIP_TCPTHREAD_STACKSIZE
      | 
In file included from [01m[K/home/yfblock/Code/hyper-rtos/tgoskits/tmp/rt-thread-5.2.2-full/include/rttypes.h:14[m[K,
                 from [01m[K/home/yfblock/Code/hyper-rtos/tgoskits/tmp/rt-thread-5.2.2-full/include/rtsched.h:14[m[K,
                 from [01m[K/home/yfblock/Code/hyper-rtos/tgoskits/tmp/rt-thread-5.2.2-full/include/rtdef.h:68[m[K,
                 from [01m[K/home/yfblock/Code/hyper-rtos/tgoskits/tmp/rt-thread-5.2.2-full/include/rthw.h:23[m[K,
                 from [01m[K/home/yfblock/Code/hyper-rtos/tgoskits/tmp/rt-thread-5.2.2-full/components/net/lwip/port/arch/cc.h:48[m[K,
                 from [01m[K/home/yfblock/Code/hyper-rtos/tgoskits/tmp/rt-thread-5.2.2-full/components/net/lwip/lwip-2.1.2/src/include/lwip/arch.h:48[m[K,
                 from [01m[K/home/yfblock/Code/hyper-rtos/tgoskits/tmp/rt-thread-5.2.2-full/components/net/lwip/lwip-2.1.2/src/include/lwip/debug.h:40[m[K,
                 from [01m[K/home/yfblock/Code/hyper-rtos/tgoskits/tmp/rt-thread-5.2.2-full/components/net/lwip/lwip-2.1.2/src/include/lwip/opt.h:52[m[K,
                 from [01m[K/home/yfblock/Code/hyper-rtos/tgoskits/tmp/rt-thread-5.2.2-full/components/net/lwip/lwip-2.1.2/src/core/netif.c:51[m[K:
[01m[K./rtconfig.h:202:[m[K [01;35m[Kwarning: [m[K"TCPIP_THREAD_PRIO" redefined
  202 | #define TCPIP_THREAD_PRIO 10
      | 
In file included from [01m[K/home/yfblock/Code/hyper-rtos/tgoskits/tmp/rt-thread-5.2.2-full/components/net/lwip/lwip-2.1.2/src/include/lwip/opt.h:51[m[K,
                 from [01m[K/home/yfblock/Code/hyper-rtos/tgoskits/tmp/rt-thread-5.2.2-full/components/net/lwip/lwip-2.1.2/src/core/netif.c:51[m[K:
[01m[K/home/yfblock/Code/hyper-rtos/tgoskits/tmp/rt-thread-5.2.2-full/components/net/lwip/port/lwipopts.h:410:[m[K [01;36m[Knote: [m[Kthis is the location of the previous definition
  410 | #define TCPIP_THREAD_PRIO           RT_LWIP_TCPTHREAD_PRIORITY
      | 
In file included from [01m[K/home/yfblock/Code/hyper-rtos/tgoskits/tmp/rt-thread-5.2.2-full/components/net/lwip/port/lwipopts.h:15[m[K,
                 from [01m[K/home/yfblock/Code/hyper-rtos/tgoskits/tmp/rt-thread-5.2.2-full/components/net/lwip/lwip-2.1.2/src/include/lwip/opt.h:51[m[K,
                 from [01m[K/home/yfblock/Code/hyper-rtos/tgoskits/tmp/rt-thread-5.2.2-full/components/net/lwip/lwip-2.1.2/src/core/pbuf.c:71[m[K:
[01m[K./rtconfig.h:193:[m[K [01;35m[Kwarning: [m[K"RT_CONSOLE_DEVICE_NAME" redefined
  193 | #define RT_CONSOLE_DEVICE_NAME "uart0"
      | 
[01m[K./rtconfig.h:52:[m[K [01;36m[Knote: [m[Kthis is the location of the previous definition
   52 | #define RT_CONSOLE_DEVICE_NAME uart1
      | 
[01m[K./rtconfig.h:194:[m[K [01;35m[Kwarning: [m[K"FINSH_THREAD_NAME" redefined
  194 | #define FINSH_THREAD_NAME "tshell"
      | 
[01m[K./rtconfig.h:59:[m[K [01;36m[Knote: [m[Kthis is the location of the previous definition
   59 | #define FINSH_THREAD_NAME tshell
      | 
In file included from [01m[K/home/yfblock/Code/hyper-rtos/tgoskits/tmp/rt-thread-5.2.2-full/components/net/lwip/lwip-2.1.2/src/include/lwip/opt.h:51[m[K,
                 from [01m[K/home/yfblock/Code/hyper-rtos/tgoskits/tmp/rt-thread-5.2.2-full/components/net/lwip/lwip-2.1.2/src/core/pbuf.c:71[m[K:
[01m[K/home/yfblock/Code/hyper-rtos/tgoskits/tmp/rt-thread-5.2.2-full/components/net/lwip/port/lwipopts.h:410:[m[K [01;35m[Kwarning: [m[K"TCPIP_THREAD_PRIO" redefined
  410 | #define TCPIP_THREAD_PRIO           RT_LWIP_TCPTHREAD_PRIORITY
      | 
In file included from [01m[K/home/yfblock/Code/hyper-rtos/tgoskits/tmp/rt-thread-5.2.2-full/components/libc/compilers/common/include/sys/time.h:15[m[K,
                 from [01m[K/home/yfblock/Code/hyper-rtos/tgoskits/tmp/rt-thread-5.2.2-full/components/net/lwip/port/lwipopts.h:22[m[K,
                 from [01m[K/home/yfblock/Code/hyper-rtos/tgoskits/tmp/rt-thread-5.2.2-full/components/net/lwip/lwip-2.1.2/src/include/lwip/opt.h:51[m[K,
                 from [01m[K/home/yfblock/Code/hyper-rtos/tgoskits/tmp/rt-thread-5.2.2-full/components/net/lwip/lwip-2.1.2/src/core/pbuf.c:71[m[K:
[01m[K./rtconfig.h:202:[m[K [01;36m[Knote: [m[Kthis is the location of the previous definition
  202 | #define TCPIP_THREAD_PRIO 10
      | 
In file included from [01m[K/home/yfblock/Code/hyper-rtos/tgoskits/tmp/rt-thread-5.2.2-full/components/net/lwip/lwip-2.1.2/src/include/lwip/opt.h:51[m[K,
                 from [01m[K/home/yfblock/Code/hyper-rtos/tgoskits/tmp/rt-thread-5.2.2-full/components/net/lwip/lwip-2.1.2/src/core/pbuf.c:71[m[K:
[01m[K/home/yfblock/Code/hyper-rtos/tgoskits/tmp/rt-thread-5.2.2-full/components/net/lwip/port/lwipopts.h:411:[m[K [01;35m[Kwarning: [m[K"TCPIP_THREAD_STACKSIZE" redefined
  411 | #define TCPIP_THREAD_STACKSIZE      RT_LWIP_TCPTHREAD_STACKSIZE
      | 
In file included from [01m[K/home/yfblock/Code/hyper-rtos/tgoskits/tmp/rt-thread-5.2.2-full/components/libc/compilers/common/include/sys/time.h:15[m[K,
                 from [01m[K/home/yfblock/Code/hyper-rtos/tgoskits/tmp/rt-thread-5.2.2-full/components/net/lwip/port/lwipopts.h:22[m[K,
                 from [01m[K/home/yfblock/Code/hyper-rtos/tgoskits/tmp/rt-thread-5.2.2-full/components/net/lwip/lwip-2.1.2/src/include/lwip/opt.h:51[m[K,
                 from [01m[K/home/yfblock/Code/hyper-rtos/tgoskits/tmp/rt-thread-5.2.2-full/components/net/lwip/lwip-2.1.2/src/core/pbuf.c:71[m[K:
[01m[K./rtconfig.h:201:[m[K [01;36m[Knote: [m[Kthis is the location of the previous definition
  201 | #define TCPIP_THREAD_STACKSIZE 8192
      | 
In file included from [01m[K/home/yfblock/Code/hyper-rtos/tgoskits/tmp/rt-thread-5.2.2-full/include/rttypes.h:14[m[K,
                 from [01m[K/home/yfblock/Code/hyper-rtos/tgoskits/tmp/rt-thread-5.2.2-full/include/rtsched.h:14[m[K,
                 from [01m[K/home/yfblock/Code/hyper-rtos/tgoskits/tmp/rt-thread-5.2.2-full/include/rtdef.h:68[m[K,
                 from [01m[K/home/yfblock/Code/hyper-rtos/tgoskits/tmp/rt-thread-5.2.2-full/include/rthw.h:23[m[K,
                 from [01m[K/home/yfblock/Code/hyper-rtos/tgoskits/tmp/rt-thread-5.2.2-full/components/net/lwip/port/arch/cc.h:48[m[K,
                 from [01m[K/home/yfblock/Code/hyper-rtos/tgoskits/tmp/rt-thread-5.2.2-full/components/net/lwip/lwip-2.1.2/src/include/lwip/arch.h:48[m[K,
                 from [01m[K/home/yfblock/Code/hyper-rtos/tgoskits/tmp/rt-thread-5.2.2-full/components/net/lwip/lwip-2.1.2/src/include/lwip/debug.h:40[m[K,
                 from [01m[K/home/yfblock/Code/hyper-rtos/tgoskits/tmp/rt-thread-5.2.2-full/components/net/lwip/lwip-2.1.2/src/include/lwip/opt.h:52[m[K,
                 from [01m[K/home/yfblock/Code/hyper-rtos/tgoskits/tmp/rt-thread-5.2.2-full/components/net/lwip/lwip-2.1.2/src/core/pbuf.c:71[m[K:
[01m[K./rtconfig.h:201:[m[K [01;35m[Kwarning: [m[K"TCPIP_THREAD_STACKSIZE" redefined
  201 | #define TCPIP_THREAD_STACKSIZE 8192
      | 
In file included from [01m[K/home/yfblock/Code/hyper-rtos/tgoskits/tmp/rt-thread-5.2.2-full/components/net/lwip/lwip-2.1.2/src/include/lwip/opt.h:51[m[K,
                 from [01m[K/home/yfblock/Code/hyper-rtos/tgoskits/tmp/rt-thread-5.2.2-full/components/net/lwip/lwip-2.1.2/src/core/pbuf.c:71[m[K:
[01m[K/home/yfblock/Code/hyper-rtos/tgoskits/tmp/rt-thread-5.2.2-full/components/net/lwip/port/lwipopts.h:411:[m[K [01;36m[Knote: [m[Kthis is the location of the previous definition
  411 | #define TCPIP_THREAD_STACKSIZE      RT_LWIP_TCPTHREAD_STACKSIZE
      | 
In file included from [01m[K/home/yfblock/Code/hyper-rtos/tgoskits/tmp/rt-thread-5.2.2-full/include/rttypes.h:14[m[K,
                 from [01m[K/home/yfblock/Code/hyper-rtos/tgoskits/tmp/rt-thread-5.2.2-full/include/rtsched.h:14[m[K,
                 from [01m[K/home/yfblock/Code/hyper-rtos/tgoskits/tmp/rt-thread-5.2.2-full/include/rtdef.h:68[m[K,
                 from [01m[K/home/yfblock/Code/hyper-rtos/tgoskits/tmp/rt-thread-5.2.2-full/include/rthw.h:23[m[K,
                 from [01m[K/home/yfblock/Code/hyper-rtos/tgoskits/tmp/rt-thread-5.2.2-full/components/net/lwip/port/arch/cc.h:48[m[K,
                 from [01m[K/home/yfblock/Code/hyper-rtos/tgoskits/tmp/rt-thread-5.2.2-full/components/net/lwip/lwip-2.1.2/src/include/lwip/arch.h:48[m[K,
                 from [01m[K/home/yfblock/Code/hyper-rtos/tgoskits/tmp/rt-thread-5.2.2-full/components/net/lwip/lwip-2.1.2/src/include/lwip/debug.h:40[m[K,
                 from [01m[K/home/yfblock/Code/hyper-rtos/tgoskits/tmp/rt-thread-5.2.2-full/components/net/lwip/lwip-2.1.2/src/include/lwip/opt.h:52[m[K,
                 from [01m[K/home/yfblock/Code/hyper-rtos/tgoskits/tmp/rt-thread-5.2.2-full/components/net/lwip/lwip-2.1.2/src/core/pbuf.c:71[m[K:
[01m[K./rtconfig.h:202:[m[K [01;35m[Kwarning: [m[K"TCPIP_THREAD_PRIO" redefined
  202 | #define TCPIP_THREAD_PRIO 10
      | 
In file included from [01m[K/home/yfblock/Code/hyper-rtos/tgoskits/tmp/rt-thread-5.2.2-full/components/net/lwip/lwip-2.1.2/src/include/lwip/opt.h:51[m[K,
                 from [01m[K/home/yfblock/Code/hyper-rtos/tgoskits/tmp/rt-thread-5.2.2-full/components/net/lwip/lwip-2.1.2/src/core/pbuf.c:71[m[K:
[01m[K/home/yfblock/Code/hyper-rtos/tgoskits/tmp/rt-thread-5.2.2-full/components/net/lwip/port/lwipopts.h:410:[m[K [01;36m[Knote: [m[Kthis is the location of the previous definition
  410 | #define TCPIP_THREAD_PRIO           RT_LWIP_TCPTHREAD_PRIORITY
      | 
CC build/kernel/components/net/lwip/lwip-2.1.2/src/core/raw.o
In file included from [01m[K/home/yfblock/Code/hyper-rtos/tgoskits/tmp/rt-thread-5.2.2-full/components/net/lwip/port/lwipopts.h:15[m[K,
                 from [01m[K/home/yfblock/Code/hyper-rtos/tgoskits/tmp/rt-thread-5.2.2-full/components/net/lwip/lwip-2.1.2/src/include/lwip/opt.h:51[m[K,
                 from [01m[K/home/yfblock/Code/hyper-rtos/tgoskits/tmp/rt-thread-5.2.2-full/components/net/lwip/lwip-2.1.2/src/core/raw.c:48[m[K:
[01m[K./rtconfig.h:193:[m[K [01;35m[Kwarning: [m[K"RT_CONSOLE_DEVICE_NAME" redefined
  193 | #define RT_CONSOLE_DEVICE_NAME "uart0"
      | 
[01m[K./rtconfig.h:52:[m[K [01;36m[Knote: [m[Kthis is the location of the previous definition
   52 | #define RT_CONSOLE_DEVICE_NAME uart1
      | 
[01m[K./rtconfig.h:194:[m[K [01;35m[Kwarning: [m[K"FINSH_THREAD_NAME" redefined
  194 | #define FINSH_THREAD_NAME "tshell"
      | 
[01m[K./rtconfig.h:59:[m[K [01;36m[Knote: [m[Kthis is the location of the previous definition
   59 | #define FINSH_THREAD_NAME tshell
      | 
In file included from [01m[K/home/yfblock/Code/hyper-rtos/tgoskits/tmp/rt-thread-5.2.2-full/components/net/lwip/lwip-2.1.2/src/include/lwip/opt.h:51[m[K,
                 from [01m[K/home/yfblock/Code/hyper-rtos/tgoskits/tmp/rt-thread-5.2.2-full/components/net/lwip/lwip-2.1.2/src/core/raw.c:48[m[K:
[01m[K/home/yfblock/Code/hyper-rtos/tgoskits/tmp/rt-thread-5.2.2-full/components/net/lwip/port/lwipopts.h:410:[m[K [01;35m[Kwarning: [m[K"TCPIP_THREAD_PRIO" redefined
  410 | #define TCPIP_THREAD_PRIO           RT_LWIP_TCPTHREAD_PRIORITY
      | 
In file included from [01m[K/home/yfblock/Code/hyper-rtos/tgoskits/tmp/rt-thread-5.2.2-full/components/libc/compilers/common/include/sys/time.h:15[m[K,
                 from [01m[K/home/yfblock/Code/hyper-rtos/tgoskits/tmp/rt-thread-5.2.2-full/components/net/lwip/port/lwipopts.h:22[m[K,
                 from [01m[K/home/yfblock/Code/hyper-rtos/tgoskits/tmp/rt-thread-5.2.2-full/components/net/lwip/lwip-2.1.2/src/include/lwip/opt.h:51[m[K,
                 from [01m[K/home/yfblock/Code/hyper-rtos/tgoskits/tmp/rt-thread-5.2.2-full/components/net/lwip/lwip-2.1.2/src/core/raw.c:48[m[K:
[01m[K./rtconfig.h:202:[m[K [01;36m[Knote: [m[Kthis is the location of the previous definition
  202 | #define TCPIP_THREAD_PRIO 10
      | 
In file included from [01m[K/home/yfblock/Code/hyper-rtos/tgoskits/tmp/rt-thread-5.2.2-full/components/net/lwip/lwip-2.1.2/src/include/lwip/opt.h:51[m[K,
                 from [01m[K/home/yfblock/Code/hyper-rtos/tgoskits/tmp/rt-thread-5.2.2-full/components/net/lwip/lwip-2.1.2/src/core/raw.c:48[m[K:
[01m[K/home/yfblock/Code/hyper-rtos/tgoskits/tmp/rt-thread-5.2.2-full/components/net/lwip/port/lwipopts.h:411:[m[K [01;35m[Kwarning: [m[K"TCPIP_THREAD_STACKSIZE" redefined
  411 | #define TCPIP_THREAD_STACKSIZE      RT_LWIP_TCPTHREAD_STACKSIZE
      | 
In file included from [01m[K/home/yfblock/Code/hyper-rtos/tgoskits/tmp/rt-thread-5.2.2-full/components/libc/compilers/common/include/sys/time.h:15[m[K,
                 from [01m[K/home/yfblock/Code/hyper-rtos/tgoskits/tmp/rt-thread-5.2.2-full/components/net/lwip/port/lwipopts.h:22[m[K,
                 from [01m[K/home/yfblock/Code/hyper-rtos/tgoskits/tmp/rt-thread-5.2.2-full/components/net/lwip/lwip-2.1.2/src/include/lwip/opt.h:51[m[K,
                 from [01m[K/home/yfblock/Code/hyper-rtos/tgoskits/tmp/rt-thread-5.2.2-full/components/net/lwip/lwip-2.1.2/src/core/raw.c:48[m[K:
[01m[K./rtconfig.h:201:[m[K [01;36m[Knote: [m[Kthis is the location of the previous definition
  201 | #define TCPIP_THREAD_STACKSIZE 8192
      | 
In file included from [01m[K/home/yfblock/Code/hyper-rtos/tgoskits/tmp/rt-thread-5.2.2-full/include/rttypes.h:14[m[K,
                 from [01m[K/home/yfblock/Code/hyper-rtos/tgoskits/tmp/rt-thread-5.2.2-full/include/rtsched.h:14[m[K,
                 from [01m[K/home/yfblock/Code/hyper-rtos/tgoskits/tmp/rt-thread-5.2.2-full/include/rtdef.h:68[m[K,
                 from [01m[K/home/yfblock/Code/hyper-rtos/tgoskits/tmp/rt-thread-5.2.2-full/include/rthw.h:23[m[K,
                 from [01m[K/home/yfblock/Code/hyper-rtos/tgoskits/tmp/rt-thread-5.2.2-full/components/net/lwip/port/arch/cc.h:48[m[K,
                 from [01m[K/home/yfblock/Code/hyper-rtos/tgoskits/tmp/rt-thread-5.2.2-full/components/net/lwip/lwip-2.1.2/src/include/lwip/arch.h:48[m[K,
                 from [01m[K/home/yfblock/Code/hyper-rtos/tgoskits/tmp/rt-thread-5.2.2-full/components/net/lwip/lwip-2.1.2/src/include/lwip/debug.h:40[m[K,
                 from [01m[K/home/yfblock/Code/hyper-rtos/tgoskits/tmp/rt-thread-5.2.2-full/components/net/lwip/lwip-2.1.2/src/include/lwip/opt.h:52[m[K,
                 from [01m[K/home/yfblock/Code/hyper-rtos/tgoskits/tmp/rt-thread-5.2.2-full/components/net/lwip/lwip-2.1.2/src/core/raw.c:48[m[K:
[01m[K./rtconfig.h:201:[m[K [01;35m[Kwarning: [m[K"TCPIP_THREAD_STACKSIZE" redefined
  201 | #define TCPIP_THREAD_STACKSIZE 8192
      | 
In file included from [01m[K/home/yfblock/Code/hyper-rtos/tgoskits/tmp/rt-thread-5.2.2-full/components/net/lwip/lwip-2.1.2/src/include/lwip/opt.h:51[m[K,
                 from [01m[K/home/yfblock/Code/hyper-rtos/tgoskits/tmp/rt-thread-5.2.2-full/components/net/lwip/lwip-2.1.2/src/core/raw.c:48[m[K:
[01m[K/home/yfblock/Code/hyper-rtos/tgoskits/tmp/rt-thread-5.2.2-full/components/net/lwip/port/lwipopts.h:411:[m[K [01;36m[Knote: [m[Kthis is the location of the previous definition
  411 | #define TCPIP_THREAD_STACKSIZE      RT_LWIP_TCPTHREAD_STACKSIZE
      | 
In file included from [01m[K/home/yfblock/Code/hyper-rtos/tgoskits/tmp/rt-thread-5.2.2-full/include/rttypes.h:14[m[K,
                 from [01m[K/home/yfblock/Code/hyper-rtos/tgoskits/tmp/rt-thread-5.2.2-full/include/rtsched.h:14[m[K,
                 from [01m[K/home/yfblock/Code/hyper-rtos/tgoskits/tmp/rt-thread-5.2.2-full/include/rtdef.h:68[m[K,
                 from [01m[K/home/yfblock/Code/hyper-rtos/tgoskits/tmp/rt-thread-5.2.2-full/include/rthw.h:23[m[K,
                 from [01m[K/home/yfblock/Code/hyper-rtos/tgoskits/tmp/rt-thread-5.2.2-full/components/net/lwip/port/arch/cc.h:48[m[K,
                 from [01m[K/home/yfblock/Code/hyper-rtos/tgoskits/tmp/rt-thread-5.2.2-full/components/net/lwip/lwip-2.1.2/src/include/lwip/arch.h:48[m[K,
                 from [01m[K/home/yfblock/Code/hyper-rtos/tgoskits/tmp/rt-thread-5.2.2-full/components/net/lwip/lwip-2.1.2/src/include/lwip/debug.h:40[m[K,
                 from [01m[K/home/yfblock/Code/hyper-rtos/tgoskits/tmp/rt-thread-5.2.2-full/components/net/lwip/lwip-2.1.2/src/include/lwip/opt.h:52[m[K,
                 from [01m[K/home/yfblock/Code/hyper-rtos/tgoskits/tmp/rt-thread-5.2.2-full/components/net/lwip/lwip-2.1.2/src/core/raw.c:48[m[K:
[01m[K./rtconfig.h:202:[m[K [01;35m[Kwarning: [m[K"TCPIP_THREAD_PRIO" redefined
  202 | #define TCPIP_THREAD_PRIO 10
      | 
In file included from [01m[K/home/yfblock/Code/hyper-rtos/tgoskits/tmp/rt-thread-5.2.2-full/components/net/lwip/lwip-2.1.2/src/include/lwip/opt.h:51[m[K,
                 from [01m[K/home/yfblock/Code/hyper-rtos/tgoskits/tmp/rt-thread-5.2.2-full/components/net/lwip/lwip-2.1.2/src/core/raw.c:48[m[K:
[01m[K/home/yfblock/Code/hyper-rtos/tgoskits/tmp/rt-thread-5.2.2-full/components/net/lwip/port/lwipopts.h:410:[m[K [01;36m[Knote: [m[Kthis is the location of the previous definition
  410 | #define TCPIP_THREAD_PRIO           RT_LWIP_TCPTHREAD_PRIORITY
      | 
CC build/kernel/components/net/lwip/lwip-2.1.2/src/core/stats.o
In file included from [01m[K/home/yfblock/Code/hyper-rtos/tgoskits/tmp/rt-thread-5.2.2-full/components/net/lwip/port/lwipopts.h:15[m[K,
                 from [01m[K/home/yfblock/Code/hyper-rtos/tgoskits/tmp/rt-thread-5.2.2-full/components/net/lwip/lwip-2.1.2/src/include/lwip/opt.h:51[m[K,
                 from [01m[K/home/yfblock/Code/hyper-rtos/tgoskits/tmp/rt-thread-5.2.2-full/components/net/lwip/lwip-2.1.2/src/core/stats.c:39[m[K:
[01m[K./rtconfig.h:193:[m[K [01;35m[Kwarning: [m[K"RT_CONSOLE_DEVICE_NAME" redefined
  193 | #define RT_CONSOLE_DEVICE_NAME "uart0"
      | 
[01m[K./rtconfig.h:52:[m[K [01;36m[Knote: [m[Kthis is the location of the previous definition
   52 | #define RT_CONSOLE_DEVICE_NAME uart1
      | 
[01m[K./rtconfig.h:194:[m[K [01;35m[Kwarning: [m[K"FINSH_THREAD_NAME" redefined
  194 | #define FINSH_THREAD_NAME "tshell"
      | 
[01m[K./rtconfig.h:59:[m[K [01;36m[Knote: [m[Kthis is the location of the previous definition
   59 | #define FINSH_THREAD_NAME tshell
      | 
In file included from [01m[K/home/yfblock/Code/hyper-rtos/tgoskits/tmp/rt-thread-5.2.2-full/components/net/lwip/lwip-2.1.2/src/include/lwip/opt.h:51[m[K,
                 from [01m[K/home/yfblock/Code/hyper-rtos/tgoskits/tmp/rt-thread-5.2.2-full/components/net/lwip/lwip-2.1.2/src/core/stats.c:39[m[K:
[01m[K/home/yfblock/Code/hyper-rtos/tgoskits/tmp/rt-thread-5.2.2-full/components/net/lwip/port/lwipopts.h:410:[m[K [01;35m[Kwarning: [m[K"TCPIP_THREAD_PRIO" redefined
  410 | #define TCPIP_THREAD_PRIO           RT_LWIP_TCPTHREAD_PRIORITY
      | 
In file included from [01m[K/home/yfblock/Code/hyper-rtos/tgoskits/tmp/rt-thread-5.2.2-full/components/libc/compilers/common/include/sys/time.h:15[m[K,
                 from [01m[K/home/yfblock/Code/hyper-rtos/tgoskits/tmp/rt-thread-5.2.2-full/components/net/lwip/port/lwipopts.h:22[m[K,
                 from [01m[K/home/yfblock/Code/hyper-rtos/tgoskits/tmp/rt-thread-5.2.2-full/components/net/lwip/lwip-2.1.2/src/include/lwip/opt.h:51[m[K,
                 from [01m[K/home/yfblock/Code/hyper-rtos/tgoskits/tmp/rt-thread-5.2.2-full/components/net/lwip/lwip-2.1.2/src/core/stats.c:39[m[K:
[01m[K./rtconfig.h:202:[m[K [01;36m[Knote: [m[Kthis is the location of the previous definition
  202 | #define TCPIP_THREAD_PRIO 10
      | 
In file included from [01m[K/home/yfblock/Code/hyper-rtos/tgoskits/tmp/rt-thread-5.2.2-full/components/net/lwip/lwip-2.1.2/src/include/lwip/opt.h:51[m[K,
                 from [01m[K/home/yfblock/Code/hyper-rtos/tgoskits/tmp/rt-thread-5.2.2-full/components/net/lwip/lwip-2.1.2/src/core/stats.c:39[m[K:
[01m[K/home/yfblock/Code/hyper-rtos/tgoskits/tmp/rt-thread-5.2.2-full/components/net/lwip/port/lwipopts.h:411:[m[K [01;35m[Kwarning: [m[K"TCPIP_THREAD_STACKSIZE" redefined
  411 | #define TCPIP_THREAD_STACKSIZE      RT_LWIP_TCPTHREAD_STACKSIZE
      | 
In file included from [01m[K/home/yfblock/Code/hyper-rtos/tgoskits/tmp/rt-thread-5.2.2-full/components/libc/compilers/common/include/sys/time.h:15[m[K,
                 from [01m[K/home/yfblock/Code/hyper-rtos/tgoskits/tmp/rt-thread-5.2.2-full/components/net/lwip/port/lwipopts.h:22[m[K,
                 from [01m[K/home/yfblock/Code/hyper-rtos/tgoskits/tmp/rt-thread-5.2.2-full/components/net/lwip/lwip-2.1.2/src/include/lwip/opt.h:51[m[K,
                 from [01m[K/home/yfblock/Code/hyper-rtos/tgoskits/tmp/rt-thread-5.2.2-full/components/net/lwip/lwip-2.1.2/src/core/stats.c:39[m[K:
[01m[K./rtconfig.h:201:[m[K [01;36m[Knote: [m[Kthis is the location of the previous definition
  201 | #define TCPIP_THREAD_STACKSIZE 8192
      | 
In file included from [01m[K/home/yfblock/Code/hyper-rtos/tgoskits/tmp/rt-thread-5.2.2-full/include/rttypes.h:14[m[K,
                 from [01m[K/home/yfblock/Code/hyper-rtos/tgoskits/tmp/rt-thread-5.2.2-full/include/rtsched.h:14[m[K,
                 from [01m[K/home/yfblock/Code/hyper-rtos/tgoskits/tmp/rt-thread-5.2.2-full/include/rtdef.h:68[m[K,
                 from [01m[K/home/yfblock/Code/hyper-rtos/tgoskits/tmp/rt-thread-5.2.2-full/include/rthw.h:23[m[K,
                 from [01m[K/home/yfblock/Code/hyper-rtos/tgoskits/tmp/rt-thread-5.2.2-full/components/net/lwip/port/arch/cc.h:48[m[K,
                 from [01m[K/home/yfblock/Code/hyper-rtos/tgoskits/tmp/rt-thread-5.2.2-full/components/net/lwip/lwip-2.1.2/src/include/lwip/arch.h:48[m[K,
                 from [01m[K/home/yfblock/Code/hyper-rtos/tgoskits/tmp/rt-thread-5.2.2-full/components/net/lwip/lwip-2.1.2/src/include/lwip/debug.h:40[m[K,
                 from [01m[K/home/yfblock/Code/hyper-rtos/tgoskits/tmp/rt-thread-5.2.2-full/components/net/lwip/lwip-2.1.2/src/include/lwip/opt.h:52[m[K,
                 from [01m[K/home/yfblock/Code/hyper-rtos/tgoskits/tmp/rt-thread-5.2.2-full/components/net/lwip/lwip-2.1.2/src/core/stats.c:39[m[K:
[01m[K./rtconfig.h:201:[m[K [01;35m[Kwarning: [m[K"TCPIP_THREAD_STACKSIZE" redefined
  201 | #define TCPIP_THREAD_STACKSIZE 8192
      | 
In file included from [01m[K/home/yfblock/Code/hyper-rtos/tgoskits/tmp/rt-thread-5.2.2-full/components/net/lwip/lwip-2.1.2/src/include/lwip/opt.h:51[m[K,
                 from [01m[K/home/yfblock/Code/hyper-rtos/tgoskits/tmp/rt-thread-5.2.2-full/components/net/lwip/lwip-2.1.2/src/core/stats.c:39[m[K:
[01m[K/home/yfblock/Code/hyper-rtos/tgoskits/tmp/rt-thread-5.2.2-full/components/net/lwip/port/lwipopts.h:411:[m[K [01;36m[Knote: [m[Kthis is the location of the previous definition
  411 | #define TCPIP_THREAD_STACKSIZE      RT_LWIP_TCPTHREAD_STACKSIZE
      | 
In file included from [01m[K/home/yfblock/Code/hyper-rtos/tgoskits/tmp/rt-thread-5.2.2-full/include/rttypes.h:14[m[K,
                 from [01m[K/home/yfblock/Code/hyper-rtos/tgoskits/tmp/rt-thread-5.2.2-full/include/rtsched.h:14[m[K,
                 from [01m[K/home/yfblock/Code/hyper-rtos/tgoskits/tmp/rt-thread-5.2.2-full/include/rtdef.h:68[m[K,
                 from [01m[K/home/yfblock/Code/hyper-rtos/tgoskits/tmp/rt-thread-5.2.2-full/include/rthw.h:23[m[K,
                 from [01m[K/home/yfblock/Code/hyper-rtos/tgoskits/tmp/rt-thread-5.2.2-full/components/net/lwip/port/arch/cc.h:48[m[K,
                 from [01m[K/home/yfblock/Code/hyper-rtos/tgoskits/tmp/rt-thread-5.2.2-full/components/net/lwip/lwip-2.1.2/src/include/lwip/arch.h:48[m[K,
                 from [01m[K/home/yfblock/Code/hyper-rtos/tgoskits/tmp/rt-thread-5.2.2-full/components/net/lwip/lwip-2.1.2/src/include/lwip/debug.h:40[m[K,
                 from [01m[K/home/yfblock/Code/hyper-rtos/tgoskits/tmp/rt-thread-5.2.2-full/components/net/lwip/lwip-2.1.2/src/include/lwip/opt.h:52[m[K,
                 from [01m[K/home/yfblock/Code/hyper-rtos/tgoskits/tmp/rt-thread-5.2.2-full/components/net/lwip/lwip-2.1.2/src/core/stats.c:39[m[K:
[01m[K./rtconfig.h:202:[m[K [01;35m[Kwarning: [m[K"TCPIP_THREAD_PRIO" redefined
  202 | #define TCPIP_THREAD_PRIO 10
      | 
In file included from [01m[K/home/yfblock/Code/hyper-rtos/tgoskits/tmp/rt-thread-5.2.2-full/components/net/lwip/lwip-2.1.2/src/include/lwip/opt.h:51[m[K,
                 from [01m[K/home/yfblock/Code/hyper-rtos/tgoskits/tmp/rt-thread-5.2.2-full/components/net/lwip/lwip-2.1.2/src/core/stats.c:39[m[K:
[01m[K/home/yfblock/Code/hyper-rtos/tgoskits/tmp/rt-thread-5.2.2-full/components/net/lwip/port/lwipopts.h:410:[m[K [01;36m[Knote: [m[Kthis is the location of the previous definition
  410 | #define TCPIP_THREAD_PRIO           RT_LWIP_TCPTHREAD_PRIORITY
      | 
CC build/kernel/components/net/lwip/lwip-2.1.2/src/core/sys.o
In file included from [01m[K/home/yfblock/Code/hyper-rtos/tgoskits/tmp/rt-thread-5.2.2-full/components/net/lwip/port/lwipopts.h:15[m[K,
                 from [01m[K/home/yfblock/Code/hyper-rtos/tgoskits/tmp/rt-thread-5.2.2-full/components/net/lwip/lwip-2.1.2/src/include/lwip/opt.h:51[m[K,
                 from [01m[K/home/yfblock/Code/hyper-rtos/tgoskits/tmp/rt-thread-5.2.2-full/components/net/lwip/lwip-2.1.2/src/core/sys.c:119[m[K:
[01m[K./rtconfig.h:193:[m[K [01;35m[Kwarning: [m[K"RT_CONSOLE_DEVICE_NAME" redefined
  193 | #define RT_CONSOLE_DEVICE_NAME "uart0"
      | 
[01m[K./rtconfig.h:52:[m[K [01;36m[Knote: [m[Kthis is the location of the previous definition
   52 | #define RT_CONSOLE_DEVICE_NAME uart1
      | 
[01m[K./rtconfig.h:194:[m[K [01;35m[Kwarning: [m[K"FINSH_THREAD_NAME" redefined
  194 | #define FINSH_THREAD_NAME "tshell"
      | 
[01m[K./rtconfig.h:59:[m[K [01;36m[Knote: [m[Kthis is the location of the previous definition
   59 | #define FINSH_THREAD_NAME tshell
      | 
In file included from [01m[K/home/yfblock/Code/hyper-rtos/tgoskits/tmp/rt-thread-5.2.2-full/components/net/lwip/lwip-2.1.2/src/include/lwip/opt.h:51[m[K,
                 from [01m[K/home/yfblock/Code/hyper-rtos/tgoskits/tmp/rt-thread-5.2.2-full/components/net/lwip/lwip-2.1.2/src/core/sys.c:119[m[K:
[01m[K/home/yfblock/Code/hyper-rtos/tgoskits/tmp/rt-thread-5.2.2-full/components/net/lwip/port/lwipopts.h:410:[m[K [01;35m[Kwarning: [m[K"TCPIP_THREAD_PRIO" redefined
  410 | #define TCPIP_THREAD_PRIO           RT_LWIP_TCPTHREAD_PRIORITY
      | 
In file included from [01m[K/home/yfblock/Code/hyper-rtos/tgoskits/tmp/rt-thread-5.2.2-full/components/libc/compilers/common/include/sys/time.h:15[m[K,
                 from [01m[K/home/yfblock/Code/hyper-rtos/tgoskits/tmp/rt-thread-5.2.2-full/components/net/lwip/port/lwipopts.h:22[m[K,
                 from [01m[K/home/yfblock/Code/hyper-rtos/tgoskits/tmp/rt-thread-5.2.2-full/components/net/lwip/lwip-2.1.2/src/include/lwip/opt.h:51[m[K,
                 from [01m[K/home/yfblock/Code/hyper-rtos/tgoskits/tmp/rt-thread-5.2.2-full/components/net/lwip/lwip-2.1.2/src/core/sys.c:119[m[K:
[01m[K./rtconfig.h:202:[m[K [01;36m[Knote: [m[Kthis is the location of the previous definition
  202 | #define TCPIP_THREAD_PRIO 10
      | 
In file included from [01m[K/home/yfblock/Code/hyper-rtos/tgoskits/tmp/rt-thread-5.2.2-full/components/net/lwip/lwip-2.1.2/src/include/lwip/opt.h:51[m[K,
                 from [01m[K/home/yfblock/Code/hyper-rtos/tgoskits/tmp/rt-thread-5.2.2-full/components/net/lwip/lwip-2.1.2/src/core/sys.c:119[m[K:
[01m[K/home/yfblock/Code/hyper-rtos/tgoskits/tmp/rt-thread-5.2.2-full/components/net/lwip/port/lwipopts.h:411:[m[K [01;35m[Kwarning: [m[K"TCPIP_THREAD_STACKSIZE" redefined
  411 | #define TCPIP_THREAD_STACKSIZE      RT_LWIP_TCPTHREAD_STACKSIZE
      | 
In file included from [01m[K/home/yfblock/Code/hyper-rtos/tgoskits/tmp/rt-thread-5.2.2-full/components/libc/compilers/common/include/sys/time.h:15[m[K,
                 from [01m[K/home/yfblock/Code/hyper-rtos/tgoskits/tmp/rt-thread-5.2.2-full/components/net/lwip/port/lwipopts.h:22[m[K,
                 from [01m[K/home/yfblock/Code/hyper-rtos/tgoskits/tmp/rt-thread-5.2.2-full/components/net/lwip/lwip-2.1.2/src/include/lwip/opt.h:51[m[K,
                 from [01m[K/home/yfblock/Code/hyper-rtos/tgoskits/tmp/rt-thread-5.2.2-full/components/net/lwip/lwip-2.1.2/src/core/sys.c:119[m[K:
[01m[K./rtconfig.h:201:[m[K [01;36m[Knote: [m[Kthis is the location of the previous definition
  201 | #define TCPIP_THREAD_STACKSIZE 8192
      | 
In file included from [01m[K/home/yfblock/Code/hyper-rtos/tgoskits/tmp/rt-thread-5.2.2-full/include/rttypes.h:14[m[K,
                 from [01m[K/home/yfblock/Code/hyper-rtos/tgoskits/tmp/rt-thread-5.2.2-full/include/rtsched.h:14[m[K,
                 from [01m[K/home/yfblock/Code/hyper-rtos/tgoskits/tmp/rt-thread-5.2.2-full/include/rtdef.h:68[m[K,
                 from [01m[K/home/yfblock/Code/hyper-rtos/tgoskits/tmp/rt-thread-5.2.2-full/include/rthw.h:23[m[K,
                 from [01m[K/home/yfblock/Code/hyper-rtos/tgoskits/tmp/rt-thread-5.2.2-full/components/net/lwip/port/arch/cc.h:48[m[K,
                 from [01m[K/home/yfblock/Code/hyper-rtos/tgoskits/tmp/rt-thread-5.2.2-full/components/net/lwip/lwip-2.1.2/src/include/lwip/arch.h:48[m[K,
                 from [01m[K/home/yfblock/Code/hyper-rtos/tgoskits/tmp/rt-thread-5.2.2-full/components/net/lwip/lwip-2.1.2/src/include/lwip/debug.h:40[m[K,
                 from [01m[K/home/yfblock/Code/hyper-rtos/tgoskits/tmp/rt-thread-5.2.2-full/components/net/lwip/lwip-2.1.2/src/include/lwip/opt.h:52[m[K,
                 from [01m[K/home/yfblock/Code/hyper-rtos/tgoskits/tmp/rt-thread-5.2.2-full/components/net/lwip/lwip-2.1.2/src/core/sys.c:119[m[K:
[01m[K./rtconfig.h:201:[m[K [01;35m[Kwarning: [m[K"TCPIP_THREAD_STACKSIZE" redefined
  201 | #define TCPIP_THREAD_STACKSIZE 8192
      | 
In file included from [01m[K/home/yfblock/Code/hyper-rtos/tgoskits/tmp/rt-thread-5.2.2-full/components/net/lwip/lwip-2.1.2/src/include/lwip/opt.h:51[m[K,
                 from [01m[K/home/yfblock/Code/hyper-rtos/tgoskits/tmp/rt-thread-5.2.2-full/components/net/lwip/lwip-2.1.2/src/core/sys.c:119[m[K:
[01m[K/home/yfblock/Code/hyper-rtos/tgoskits/tmp/rt-thread-5.2.2-full/components/net/lwip/port/lwipopts.h:411:[m[K [01;36m[Knote: [m[Kthis is the location of the previous definition
  411 | #define TCPIP_THREAD_STACKSIZE      RT_LWIP_TCPTHREAD_STACKSIZE
      | 
In file included from [01m[K/home/yfblock/Code/hyper-rtos/tgoskits/tmp/rt-thread-5.2.2-full/include/rttypes.h:14[m[K,
                 from [01m[K/home/yfblock/Code/hyper-rtos/tgoskits/tmp/rt-thread-5.2.2-full/include/rtsched.h:14[m[K,
                 from [01m[K/home/yfblock/Code/hyper-rtos/tgoskits/tmp/rt-thread-5.2.2-full/include/rtdef.h:68[m[K,
                 from [01m[K/home/yfblock/Code/hyper-rtos/tgoskits/tmp/rt-thread-5.2.2-full/include/rthw.h:23[m[K,
                 from [01m[K/home/yfblock/Code/hyper-rtos/tgoskits/tmp/rt-thread-5.2.2-full/components/net/lwip/port/arch/cc.h:48[m[K,
                 from [01m[K/home/yfblock/Code/hyper-rtos/tgoskits/tmp/rt-thread-5.2.2-full/components/net/lwip/lwip-2.1.2/src/include/lwip/arch.h:48[m[K,
                 from [01m[K/home/yfblock/Code/hyper-rtos/tgoskits/tmp/rt-thread-5.2.2-full/components/net/lwip/lwip-2.1.2/src/include/lwip/debug.h:40[m[K,
                 from [01m[K/home/yfblock/Code/hyper-rtos/tgoskits/tmp/rt-thread-5.2.2-full/components/net/lwip/lwip-2.1.2/src/include/lwip/opt.h:52[m[K,
                 from [01m[K/home/yfblock/Code/hyper-rtos/tgoskits/tmp/rt-thread-5.2.2-full/components/net/lwip/lwip-2.1.2/src/core/sys.c:119[m[K:
[01m[K./rtconfig.h:202:[m[K [01;35m[Kwarning: [m[K"TCPIP_THREAD_PRIO" redefined
  202 | #define TCPIP_THREAD_PRIO 10
      | 
In file included from [01m[K/home/yfblock/Code/hyper-rtos/tgoskits/tmp/rt-thread-5.2.2-full/components/net/lwip/lwip-2.1.2/src/include/lwip/opt.h:51[m[K,
                 from [01m[K/home/yfblock/Code/hyper-rtos/tgoskits/tmp/rt-thread-5.2.2-full/components/net/lwip/lwip-2.1.2/src/core/sys.c:119[m[K:
[01m[K/home/yfblock/Code/hyper-rtos/tgoskits/tmp/rt-thread-5.2.2-full/components/net/lwip/port/lwipopts.h:410:[m[K [01;36m[Knote: [m[Kthis is the location of the previous definition
  410 | #define TCPIP_THREAD_PRIO           RT_LWIP_TCPTHREAD_PRIORITY
      | 
CC build/kernel/components/net/lwip/lwip-2.1.2/src/core/tcp.o
In file included from [01m[K/home/yfblock/Code/hyper-rtos/tgoskits/tmp/rt-thread-5.2.2-full/components/net/lwip/port/lwipopts.h:15[m[K,
                 from [01m[K/home/yfblock/Code/hyper-rtos/tgoskits/tmp/rt-thread-5.2.2-full/components/net/lwip/lwip-2.1.2/src/include/lwip/opt.h:51[m[K,
                 from [01m[K/home/yfblock/Code/hyper-rtos/tgoskits/tmp/rt-thread-5.2.2-full/components/net/lwip/lwip-2.1.2/src/core/tcp.c:100[m[K:
[01m[K./rtconfig.h:193:[m[K [01;35m[Kwarning: [m[K"RT_CONSOLE_DEVICE_NAME" redefined
  193 | #define RT_CONSOLE_DEVICE_NAME "uart0"
      | 
[01m[K./rtconfig.h:52:[m[K [01;36m[Knote: [m[Kthis is the location of the previous definition
   52 | #define RT_CONSOLE_DEVICE_NAME uart1
      | 
[01m[K./rtconfig.h:194:[m[K [01;35m[Kwarning: [m[K"FINSH_THREAD_NAME" redefined
  194 | #define FINSH_THREAD_NAME "tshell"
      | 
[01m[K./rtconfig.h:59:[m[K [01;36m[Knote: [m[Kthis is the location of the previous definition
   59 | #define FINSH_THREAD_NAME tshell
      | 
In file included from [01m[K/home/yfblock/Code/hyper-rtos/tgoskits/tmp/rt-thread-5.2.2-full/components/net/lwip/lwip-2.1.2/src/include/lwip/opt.h:51[m[K,
                 from [01m[K/home/yfblock/Code/hyper-rtos/tgoskits/tmp/rt-thread-5.2.2-full/components/net/lwip/lwip-2.1.2/src/core/tcp.c:100[m[K:
[01m[K/home/yfblock/Code/hyper-rtos/tgoskits/tmp/rt-thread-5.2.2-full/components/net/lwip/port/lwipopts.h:410:[m[K [01;35m[Kwarning: [m[K"TCPIP_THREAD_PRIO" redefined
  410 | #define TCPIP_THREAD_PRIO           RT_LWIP_TCPTHREAD_PRIORITY
      | 
In file included from [01m[K/home/yfblock/Code/hyper-rtos/tgoskits/tmp/rt-thread-5.2.2-full/components/libc/compilers/common/include/sys/time.h:15[m[K,
                 from [01m[K/home/yfblock/Code/hyper-rtos/tgoskits/tmp/rt-thread-5.2.2-full/components/net/lwip/port/lwipopts.h:22[m[K,
                 from [01m[K/home/yfblock/Code/hyper-rtos/tgoskits/tmp/rt-thread-5.2.2-full/components/net/lwip/lwip-2.1.2/src/include/lwip/opt.h:51[m[K,
                 from [01m[K/home/yfblock/Code/hyper-rtos/tgoskits/tmp/rt-thread-5.2.2-full/components/net/lwip/lwip-2.1.2/src/core/tcp.c:100[m[K:
[01m[K./rtconfig.h:202:[m[K [01;36m[Knote: [m[Kthis is the location of the previous definition
  202 | #define TCPIP_THREAD_PRIO 10
      | 
In file included from [01m[K/home/yfblock/Code/hyper-rtos/tgoskits/tmp/rt-thread-5.2.2-full/components/net/lwip/lwip-2.1.2/src/include/lwip/opt.h:51[m[K,
                 from [01m[K/home/yfblock/Code/hyper-rtos/tgoskits/tmp/rt-thread-5.2.2-full/components/net/lwip/lwip-2.1.2/src/core/tcp.c:100[m[K:
[01m[K/home/yfblock/Code/hyper-rtos/tgoskits/tmp/rt-thread-5.2.2-full/components/net/lwip/port/lwipopts.h:411:[m[K [01;35m[Kwarning: [m[K"TCPIP_THREAD_STACKSIZE" redefined
  411 | #define TCPIP_THREAD_STACKSIZE      RT_LWIP_TCPTHREAD_STACKSIZE
      | 
In file included from [01m[K/home/yfblock/Code/hyper-rtos/tgoskits/tmp/rt-thread-5.2.2-full/components/libc/compilers/common/include/sys/time.h:15[m[K,
                 from [01m[K/home/yfblock/Code/hyper-rtos/tgoskits/tmp/rt-thread-5.2.2-full/components/net/lwip/port/lwipopts.h:22[m[K,
                 from [01m[K/home/yfblock/Code/hyper-rtos/tgoskits/tmp/rt-thread-5.2.2-full/components/net/lwip/lwip-2.1.2/src/include/lwip/opt.h:51[m[K,
                 from [01m[K/home/yfblock/Code/hyper-rtos/tgoskits/tmp/rt-thread-5.2.2-full/components/net/lwip/lwip-2.1.2/src/core/tcp.c:100[m[K:
[01m[K./rtconfig.h:201:[m[K [01;36m[Knote: [m[Kthis is the location of the previous definition
  201 | #define TCPIP_THREAD_STACKSIZE 8192
      | 
In file included from [01m[K/home/yfblock/Code/hyper-rtos/tgoskits/tmp/rt-thread-5.2.2-full/include/rttypes.h:14[m[K,
                 from [01m[K/home/yfblock/Code/hyper-rtos/tgoskits/tmp/rt-thread-5.2.2-full/include/rtsched.h:14[m[K,
                 from [01m[K/home/yfblock/Code/hyper-rtos/tgoskits/tmp/rt-thread-5.2.2-full/include/rtdef.h:68[m[K,
                 from [01m[K/home/yfblock/Code/hyper-rtos/tgoskits/tmp/rt-thread-5.2.2-full/include/rthw.h:23[m[K,
                 from [01m[K/home/yfblock/Code/hyper-rtos/tgoskits/tmp/rt-thread-5.2.2-full/components/net/lwip/port/arch/cc.h:48[m[K,
                 from [01m[K/home/yfblock/Code/hyper-rtos/tgoskits/tmp/rt-thread-5.2.2-full/components/net/lwip/lwip-2.1.2/src/include/lwip/arch.h:48[m[K,
                 from [01m[K/home/yfblock/Code/hyper-rtos/tgoskits/tmp/rt-thread-5.2.2-full/components/net/lwip/lwip-2.1.2/src/include/lwip/debug.h:40[m[K,
                 from [01m[K/home/yfblock/Code/hyper-rtos/tgoskits/tmp/rt-thread-5.2.2-full/components/net/lwip/lwip-2.1.2/src/include/lwip/opt.h:52[m[K,
                 from [01m[K/home/yfblock/Code/hyper-rtos/tgoskits/tmp/rt-thread-5.2.2-full/components/net/lwip/lwip-2.1.2/src/core/tcp.c:100[m[K:
[01m[K./rtconfig.h:201:[m[K [01;35m[Kwarning: [m[K"TCPIP_THREAD_STACKSIZE" redefined
  201 | #define TCPIP_THREAD_STACKSIZE 8192
      | 
In file included from [01m[K/home/yfblock/Code/hyper-rtos/tgoskits/tmp/rt-thread-5.2.2-full/components/net/lwip/lwip-2.1.2/src/include/lwip/opt.h:51[m[K,
                 from [01m[K/home/yfblock/Code/hyper-rtos/tgoskits/tmp/rt-thread-5.2.2-full/components/net/lwip/lwip-2.1.2/src/core/tcp.c:100[m[K:
[01m[K/home/yfblock/Code/hyper-rtos/tgoskits/tmp/rt-thread-5.2.2-full/components/net/lwip/port/lwipopts.h:411:[m[K [01;36m[Knote: [m[Kthis is the location of the previous definition
  411 | #define TCPIP_THREAD_STACKSIZE      RT_LWIP_TCPTHREAD_STACKSIZE
      | 
In file included from [01m[K/home/yfblock/Code/hyper-rtos/tgoskits/tmp/rt-thread-5.2.2-full/include/rttypes.h:14[m[K,
                 from [01m[K/home/yfblock/Code/hyper-rtos/tgoskits/tmp/rt-thread-5.2.2-full/include/rtsched.h:14[m[K,
                 from [01m[K/home/yfblock/Code/hyper-rtos/tgoskits/tmp/rt-thread-5.2.2-full/include/rtdef.h:68[m[K,
                 from [01m[K/home/yfblock/Code/hyper-rtos/tgoskits/tmp/rt-thread-5.2.2-full/include/rthw.h:23[m[K,
                 from [01m[K/home/yfblock/Code/hyper-rtos/tgoskits/tmp/rt-thread-5.2.2-full/components/net/lwip/port/arch/cc.h:48[m[K,
                 from [01m[K/home/yfblock/Code/hyper-rtos/tgoskits/tmp/rt-thread-5.2.2-full/components/net/lwip/lwip-2.1.2/src/include/lwip/arch.h:48[m[K,
                 from [01m[K/home/yfblock/Code/hyper-rtos/tgoskits/tmp/rt-thread-5.2.2-full/components/net/lwip/lwip-2.1.2/src/include/lwip/debug.h:40[m[K,
                 from [01m[K/home/yfblock/Code/hyper-rtos/tgoskits/tmp/rt-thread-5.2.2-full/components/net/lwip/lwip-2.1.2/src/include/lwip/opt.h:52[m[K,
                 from [01m[K/home/yfblock/Code/hyper-rtos/tgoskits/tmp/rt-thread-5.2.2-full/components/net/lwip/lwip-2.1.2/src/core/tcp.c:100[m[K:
[01m[K./rtconfig.h:202:[m[K [01;35m[Kwarning: [m[K"TCPIP_THREAD_PRIO" redefined
  202 | #define TCPIP_THREAD_PRIO 10
      | 
In file included from [01m[K/home/yfblock/Code/hyper-rtos/tgoskits/tmp/rt-thread-5.2.2-full/components/net/lwip/lwip-2.1.2/src/include/lwip/opt.h:51[m[K,
                 from [01m[K/home/yfblock/Code/hyper-rtos/tgoskits/tmp/rt-thread-5.2.2-full/components/net/lwip/lwip-2.1.2/src/core/tcp.c:100[m[K:
[01m[K/home/yfblock/Code/hyper-rtos/tgoskits/tmp/rt-thread-5.2.2-full/components/net/lwip/port/lwipopts.h:410:[m[K [01;36m[Knote: [m[Kthis is the location of the previous definition
  410 | #define TCPIP_THREAD_PRIO           RT_LWIP_TCPTHREAD_PRIORITY
      | 
CC build/kernel/components/net/lwip/lwip-2.1.2/src/core/tcp_in.o
CC build/kernel/components/net/lwip/lwip-2.1.2/src/core/tcp_out.o
In file included from [01m[K/home/yfblock/Code/hyper-rtos/tgoskits/tmp/rt-thread-5.2.2-full/components/net/lwip/port/lwipopts.h:15[m[K,
                 from [01m[K/home/yfblock/Code/hyper-rtos/tgoskits/tmp/rt-thread-5.2.2-full/components/net/lwip/lwip-2.1.2/src/include/lwip/opt.h:51[m[K,
                 from [01m[K/home/yfblock/Code/hyper-rtos/tgoskits/tmp/rt-thread-5.2.2-full/components/net/lwip/lwip-2.1.2/src/core/tcp_in.c:44[m[K:
[01m[K./rtconfig.h:193:[m[K [01;35m[Kwarning: [m[K"RT_CONSOLE_DEVICE_NAME" redefined
  193 | #define RT_CONSOLE_DEVICE_NAME "uart0"
      | 
[01m[K./rtconfig.h:52:[m[K [01;36m[Knote: [m[Kthis is the location of the previous definition
   52 | #define RT_CONSOLE_DEVICE_NAME uart1
      | 
[01m[K./rtconfig.h:194:[m[K [01;35m[Kwarning: [m[K"FINSH_THREAD_NAME" redefined
  194 | #define FINSH_THREAD_NAME "tshell"
      | 
[01m[K./rtconfig.h:59:[m[K [01;36m[Knote: [m[Kthis is the location of the previous definition
   59 | #define FINSH_THREAD_NAME tshell
      | 
In file included from [01m[K/home/yfblock/Code/hyper-rtos/tgoskits/tmp/rt-thread-5.2.2-full/components/net/lwip/lwip-2.1.2/src/include/lwip/opt.h:51[m[K,
                 from [01m[K/home/yfblock/Code/hyper-rtos/tgoskits/tmp/rt-thread-5.2.2-full/components/net/lwip/lwip-2.1.2/src/core/tcp_in.c:44[m[K:
[01m[K/home/yfblock/Code/hyper-rtos/tgoskits/tmp/rt-thread-5.2.2-full/components/net/lwip/port/lwipopts.h:410:[m[K [01;35m[Kwarning: [m[K"TCPIP_THREAD_PRIO" redefined
  410 | #define TCPIP_THREAD_PRIO           RT_LWIP_TCPTHREAD_PRIORITY
      | 
In file included from [01m[K/home/yfblock/Code/hyper-rtos/tgoskits/tmp/rt-thread-5.2.2-full/components/libc/compilers/common/include/sys/time.h:15[m[K,
                 from [01m[K/home/yfblock/Code/hyper-rtos/tgoskits/tmp/rt-thread-5.2.2-full/components/net/lwip/port/lwipopts.h:22[m[K,
                 from [01m[K/home/yfblock/Code/hyper-rtos/tgoskits/tmp/rt-thread-5.2.2-full/components/net/lwip/lwip-2.1.2/src/include/lwip/opt.h:51[m[K,
                 from [01m[K/home/yfblock/Code/hyper-rtos/tgoskits/tmp/rt-thread-5.2.2-full/components/net/lwip/lwip-2.1.2/src/core/tcp_in.c:44[m[K:
[01m[K./rtconfig.h:202:[m[K [01;36m[Knote: [m[Kthis is the location of the previous definition
  202 | #define TCPIP_THREAD_PRIO 10
      | 
In file included from [01m[K/home/yfblock/Code/hyper-rtos/tgoskits/tmp/rt-thread-5.2.2-full/components/net/lwip/lwip-2.1.2/src/include/lwip/opt.h:51[m[K,
                 from [01m[K/home/yfblock/Code/hyper-rtos/tgoskits/tmp/rt-thread-5.2.2-full/components/net/lwip/lwip-2.1.2/src/core/tcp_in.c:44[m[K:
[01m[K/home/yfblock/Code/hyper-rtos/tgoskits/tmp/rt-thread-5.2.2-full/components/net/lwip/port/lwipopts.h:411:[m[K [01;35m[Kwarning: [m[K"TCPIP_THREAD_STACKSIZE" redefined
  411 | #define TCPIP_THREAD_STACKSIZE      RT_LWIP_TCPTHREAD_STACKSIZE
      | 
In file included from [01m[K/home/yfblock/Code/hyper-rtos/tgoskits/tmp/rt-thread-5.2.2-full/components/libc/compilers/common/include/sys/time.h:15[m[K,
                 from [01m[K/home/yfblock/Code/hyper-rtos/tgoskits/tmp/rt-thread-5.2.2-full/components/net/lwip/port/lwipopts.h:22[m[K,
                 from [01m[K/home/yfblock/Code/hyper-rtos/tgoskits/tmp/rt-thread-5.2.2-full/components/net/lwip/lwip-2.1.2/src/include/lwip/opt.h:51[m[K,
                 from [01m[K/home/yfblock/Code/hyper-rtos/tgoskits/tmp/rt-thread-5.2.2-full/components/net/lwip/lwip-2.1.2/src/core/tcp_in.c:44[m[K:
[01m[K./rtconfig.h:201:[m[K [01;36m[Knote: [m[Kthis is the location of the previous definition
  201 | #define TCPIP_THREAD_STACKSIZE 8192
      | 
In file included from [01m[K/home/yfblock/Code/hyper-rtos/tgoskits/tmp/rt-thread-5.2.2-full/include/rttypes.h:14[m[K,
                 from [01m[K/home/yfblock/Code/hyper-rtos/tgoskits/tmp/rt-thread-5.2.2-full/include/rtsched.h:14[m[K,
                 from [01m[K/home/yfblock/Code/hyper-rtos/tgoskits/tmp/rt-thread-5.2.2-full/include/rtdef.h:68[m[K,
                 from [01m[K/home/yfblock/Code/hyper-rtos/tgoskits/tmp/rt-thread-5.2.2-full/include/rthw.h:23[m[K,
                 from [01m[K/home/yfblock/Code/hyper-rtos/tgoskits/tmp/rt-thread-5.2.2-full/components/net/lwip/port/arch/cc.h:48[m[K,
                 from [01m[K/home/yfblock/Code/hyper-rtos/tgoskits/tmp/rt-thread-5.2.2-full/components/net/lwip/lwip-2.1.2/src/include/lwip/arch.h:48[m[K,
                 from [01m[K/home/yfblock/Code/hyper-rtos/tgoskits/tmp/rt-thread-5.2.2-full/components/net/lwip/lwip-2.1.2/src/include/lwip/debug.h:40[m[K,
                 from [01m[K/home/yfblock/Code/hyper-rtos/tgoskits/tmp/rt-thread-5.2.2-full/components/net/lwip/lwip-2.1.2/src/include/lwip/opt.h:52[m[K,
                 from [01m[K/home/yfblock/Code/hyper-rtos/tgoskits/tmp/rt-thread-5.2.2-full/components/net/lwip/lwip-2.1.2/src/core/tcp_in.c:44[m[K:
[01m[K./rtconfig.h:201:[m[K [01;35m[Kwarning: [m[K"TCPIP_THREAD_STACKSIZE" redefined
  201 | #define TCPIP_THREAD_STACKSIZE 8192
      | 
In file included from [01m[K/home/yfblock/Code/hyper-rtos/tgoskits/tmp/rt-thread-5.2.2-full/components/net/lwip/lwip-2.1.2/src/include/lwip/opt.h:51[m[K,
                 from [01m[K/home/yfblock/Code/hyper-rtos/tgoskits/tmp/rt-thread-5.2.2-full/components/net/lwip/lwip-2.1.2/src/core/tcp_in.c:44[m[K:
[01m[K/home/yfblock/Code/hyper-rtos/tgoskits/tmp/rt-thread-5.2.2-full/components/net/lwip/port/lwipopts.h:411:[m[K [01;36m[Knote: [m[Kthis is the location of the previous definition
  411 | #define TCPIP_THREAD_STACKSIZE      RT_LWIP_TCPTHREAD_STACKSIZE
      | 
In file included from [01m[K/home/yfblock/Code/hyper-rtos/tgoskits/tmp/rt-thread-5.2.2-full/include/rttypes.h:14[m[K,
                 from [01m[K/home/yfblock/Code/hyper-rtos/tgoskits/tmp/rt-thread-5.2.2-full/include/rtsched.h:14[m[K,
                 from [01m[K/home/yfblock/Code/hyper-rtos/tgoskits/tmp/rt-thread-5.2.2-full/include/rtdef.h:68[m[K,
                 from [01m[K/home/yfblock/Code/hyper-rtos/tgoskits/tmp/rt-thread-5.2.2-full/include/rthw.h:23[m[K,
                 from [01m[K/home/yfblock/Code/hyper-rtos/tgoskits/tmp/rt-thread-5.2.2-full/components/net/lwip/port/arch/cc.h:48[m[K,
                 from [01m[K/home/yfblock/Code/hyper-rtos/tgoskits/tmp/rt-thread-5.2.2-full/components/net/lwip/lwip-2.1.2/src/include/lwip/arch.h:48[m[K,
                 from [01m[K/home/yfblock/Code/hyper-rtos/tgoskits/tmp/rt-thread-5.2.2-full/components/net/lwip/lwip-2.1.2/src/include/lwip/debug.h:40[m[K,
                 from [01m[K/home/yfblock/Code/hyper-rtos/tgoskits/tmp/rt-thread-5.2.2-full/components/net/lwip/lwip-2.1.2/src/include/lwip/opt.h:52[m[K,
                 from [01m[K/home/yfblock/Code/hyper-rtos/tgoskits/tmp/rt-thread-5.2.2-full/components/net/lwip/lwip-2.1.2/src/core/tcp_in.c:44[m[K:
[01m[K./rtconfig.h:202:[m[K [01;35m[Kwarning: [m[K"TCPIP_THREAD_PRIO" redefined
  202 | #define TCPIP_THREAD_PRIO 10
      | 
In file included from [01m[K/home/yfblock/Code/hyper-rtos/tgoskits/tmp/rt-thread-5.2.2-full/components/net/lwip/lwip-2.1.2/src/include/lwip/opt.h:51[m[K,
                 from [01m[K/home/yfblock/Code/hyper-rtos/tgoskits/tmp/rt-thread-5.2.2-full/components/net/lwip/lwip-2.1.2/src/core/tcp_in.c:44[m[K:
[01m[K/home/yfblock/Code/hyper-rtos/tgoskits/tmp/rt-thread-5.2.2-full/components/net/lwip/port/lwipopts.h:410:[m[K [01;36m[Knote: [m[Kthis is the location of the previous definition
  410 | #define TCPIP_THREAD_PRIO           RT_LWIP_TCPTHREAD_PRIORITY
      | 
In file included from [01m[K/home/yfblock/Code/hyper-rtos/tgoskits/tmp/rt-thread-5.2.2-full/components/net/lwip/port/lwipopts.h:15[m[K,
                 from [01m[K/home/yfblock/Code/hyper-rtos/tgoskits/tmp/rt-thread-5.2.2-full/components/net/lwip/lwip-2.1.2/src/include/lwip/opt.h:51[m[K,
                 from [01m[K/home/yfblock/Code/hyper-rtos/tgoskits/tmp/rt-thread-5.2.2-full/components/net/lwip/lwip-2.1.2/src/core/tcp_out.c:63[m[K:
[01m[K./rtconfig.h:193:[m[K [01;35m[Kwarning: [m[K"RT_CONSOLE_DEVICE_NAME" redefined
  193 | #define RT_CONSOLE_DEVICE_NAME "uart0"
      | 
[01m[K./rtconfig.h:52:[m[K [01;36m[Knote: [m[Kthis is the location of the previous definition
   52 | #define RT_CONSOLE_DEVICE_NAME uart1
      | 
[01m[K./rtconfig.h:194:[m[K [01;35m[Kwarning: [m[K"FINSH_THREAD_NAME" redefined
  194 | #define FINSH_THREAD_NAME "tshell"
      | 
[01m[K./rtconfig.h:59:[m[K [01;36m[Knote: [m[Kthis is the location of the previous definition
   59 | #define FINSH_THREAD_NAME tshell
      | 
In file included from [01m[K/home/yfblock/Code/hyper-rtos/tgoskits/tmp/rt-thread-5.2.2-full/components/net/lwip/lwip-2.1.2/src/include/lwip/opt.h:51[m[K,
                 from [01m[K/home/yfblock/Code/hyper-rtos/tgoskits/tmp/rt-thread-5.2.2-full/components/net/lwip/lwip-2.1.2/src/core/tcp_out.c:63[m[K:
[01m[K/home/yfblock/Code/hyper-rtos/tgoskits/tmp/rt-thread-5.2.2-full/components/net/lwip/port/lwipopts.h:410:[m[K [01;35m[Kwarning: [m[K"TCPIP_THREAD_PRIO" redefined
  410 | #define TCPIP_THREAD_PRIO           RT_LWIP_TCPTHREAD_PRIORITY
      | 
In file included from [01m[K/home/yfblock/Code/hyper-rtos/tgoskits/tmp/rt-thread-5.2.2-full/components/libc/compilers/common/include/sys/time.h:15[m[K,
                 from [01m[K/home/yfblock/Code/hyper-rtos/tgoskits/tmp/rt-thread-5.2.2-full/components/net/lwip/port/lwipopts.h:22[m[K,
                 from [01m[K/home/yfblock/Code/hyper-rtos/tgoskits/tmp/rt-thread-5.2.2-full/components/net/lwip/lwip-2.1.2/src/include/lwip/opt.h:51[m[K,
                 from [01m[K/home/yfblock/Code/hyper-rtos/tgoskits/tmp/rt-thread-5.2.2-full/components/net/lwip/lwip-2.1.2/src/core/tcp_out.c:63[m[K:
[01m[K./rtconfig.h:202:[m[K [01;36m[Knote: [m[Kthis is the location of the previous definition
  202 | #define TCPIP_THREAD_PRIO 10
      | 
In file included from [01m[K/home/yfblock/Code/hyper-rtos/tgoskits/tmp/rt-thread-5.2.2-full/components/net/lwip/lwip-2.1.2/src/include/lwip/opt.h:51[m[K,
                 from [01m[K/home/yfblock/Code/hyper-rtos/tgoskits/tmp/rt-thread-5.2.2-full/components/net/lwip/lwip-2.1.2/src/core/tcp_out.c:63[m[K:
[01m[K/home/yfblock/Code/hyper-rtos/tgoskits/tmp/rt-thread-5.2.2-full/components/net/lwip/port/lwipopts.h:411:[m[K [01;35m[Kwarning: [m[K"TCPIP_THREAD_STACKSIZE" redefined
  411 | #define TCPIP_THREAD_STACKSIZE      RT_LWIP_TCPTHREAD_STACKSIZE
      | 
In file included from [01m[K/home/yfblock/Code/hyper-rtos/tgoskits/tmp/rt-thread-5.2.2-full/components/libc/compilers/common/include/sys/time.h:15[m[K,
                 from [01m[K/home/yfblock/Code/hyper-rtos/tgoskits/tmp/rt-thread-5.2.2-full/components/net/lwip/port/lwipopts.h:22[m[K,
                 from [01m[K/home/yfblock/Code/hyper-rtos/tgoskits/tmp/rt-thread-5.2.2-full/components/net/lwip/lwip-2.1.2/src/include/lwip/opt.h:51[m[K,
                 from [01m[K/home/yfblock/Code/hyper-rtos/tgoskits/tmp/rt-thread-5.2.2-full/components/net/lwip/lwip-2.1.2/src/core/tcp_out.c:63[m[K:
[01m[K./rtconfig.h:201:[m[K [01;36m[Knote: [m[Kthis is the location of the previous definition
  201 | #define TCPIP_THREAD_STACKSIZE 8192
      | 
In file included from [01m[K/home/yfblock/Code/hyper-rtos/tgoskits/tmp/rt-thread-5.2.2-full/include/rttypes.h:14[m[K,
                 from [01m[K/home/yfblock/Code/hyper-rtos/tgoskits/tmp/rt-thread-5.2.2-full/include/rtsched.h:14[m[K,
                 from [01m[K/home/yfblock/Code/hyper-rtos/tgoskits/tmp/rt-thread-5.2.2-full/include/rtdef.h:68[m[K,
                 from [01m[K/home/yfblock/Code/hyper-rtos/tgoskits/tmp/rt-thread-5.2.2-full/include/rthw.h:23[m[K,
                 from [01m[K/home/yfblock/Code/hyper-rtos/tgoskits/tmp/rt-thread-5.2.2-full/components/net/lwip/port/arch/cc.h:48[m[K,
                 from [01m[K/home/yfblock/Code/hyper-rtos/tgoskits/tmp/rt-thread-5.2.2-full/components/net/lwip/lwip-2.1.2/src/include/lwip/arch.h:48[m[K,
                 from [01m[K/home/yfblock/Code/hyper-rtos/tgoskits/tmp/rt-thread-5.2.2-full/components/net/lwip/lwip-2.1.2/src/include/lwip/debug.h:40[m[K,
                 from [01m[K/home/yfblock/Code/hyper-rtos/tgoskits/tmp/rt-thread-5.2.2-full/components/net/lwip/lwip-2.1.2/src/include/lwip/opt.h:52[m[K,
                 from [01m[K/home/yfblock/Code/hyper-rtos/tgoskits/tmp/rt-thread-5.2.2-full/components/net/lwip/lwip-2.1.2/src/core/tcp_out.c:63[m[K:
[01m[K./rtconfig.h:201:[m[K [01;35m[Kwarning: [m[K"TCPIP_THREAD_STACKSIZE" redefined
  201 | #define TCPIP_THREAD_STACKSIZE 8192
      | 
In file included from [01m[K/home/yfblock/Code/hyper-rtos/tgoskits/tmp/rt-thread-5.2.2-full/components/net/lwip/lwip-2.1.2/src/include/lwip/opt.h:51[m[K,
                 from [01m[K/home/yfblock/Code/hyper-rtos/tgoskits/tmp/rt-thread-5.2.2-full/components/net/lwip/lwip-2.1.2/src/core/tcp_out.c:63[m[K:
[01m[K/home/yfblock/Code/hyper-rtos/tgoskits/tmp/rt-thread-5.2.2-full/components/net/lwip/port/lwipopts.h:411:[m[K [01;36m[Knote: [m[Kthis is the location of the previous definition
  411 | #define TCPIP_THREAD_STACKSIZE      RT_LWIP_TCPTHREAD_STACKSIZE
      | 
In file included from [01m[K/home/yfblock/Code/hyper-rtos/tgoskits/tmp/rt-thread-5.2.2-full/include/rttypes.h:14[m[K,
                 from [01m[K/home/yfblock/Code/hyper-rtos/tgoskits/tmp/rt-thread-5.2.2-full/include/rtsched.h:14[m[K,
                 from [01m[K/home/yfblock/Code/hyper-rtos/tgoskits/tmp/rt-thread-5.2.2-full/include/rtdef.h:68[m[K,
                 from [01m[K/home/yfblock/Code/hyper-rtos/tgoskits/tmp/rt-thread-5.2.2-full/include/rthw.h:23[m[K,
                 from [01m[K/home/yfblock/Code/hyper-rtos/tgoskits/tmp/rt-thread-5.2.2-full/components/net/lwip/port/arch/cc.h:48[m[K,
                 from [01m[K/home/yfblock/Code/hyper-rtos/tgoskits/tmp/rt-thread-5.2.2-full/components/net/lwip/lwip-2.1.2/src/include/lwip/arch.h:48[m[K,
                 from [01m[K/home/yfblock/Code/hyper-rtos/tgoskits/tmp/rt-thread-5.2.2-full/components/net/lwip/lwip-2.1.2/src/include/lwip/debug.h:40[m[K,
                 from [01m[K/home/yfblock/Code/hyper-rtos/tgoskits/tmp/rt-thread-5.2.2-full/components/net/lwip/lwip-2.1.2/src/include/lwip/opt.h:52[m[K,
                 from [01m[K/home/yfblock/Code/hyper-rtos/tgoskits/tmp/rt-thread-5.2.2-full/components/net/lwip/lwip-2.1.2/src/core/tcp_out.c:63[m[K:
[01m[K./rtconfig.h:202:[m[K [01;35m[Kwarning: [m[K"TCPIP_THREAD_PRIO" redefined
  202 | #define TCPIP_THREAD_PRIO 10
      | 
In file included from [01m[K/home/yfblock/Code/hyper-rtos/tgoskits/tmp/rt-thread-5.2.2-full/components/net/lwip/lwip-2.1.2/src/include/lwip/opt.h:51[m[K,
                 from [01m[K/home/yfblock/Code/hyper-rtos/tgoskits/tmp/rt-thread-5.2.2-full/components/net/lwip/lwip-2.1.2/src/core/tcp_out.c:63[m[K:
[01m[K/home/yfblock/Code/hyper-rtos/tgoskits/tmp/rt-thread-5.2.2-full/components/net/lwip/port/lwipopts.h:410:[m[K [01;36m[Knote: [m[Kthis is the location of the previous definition
  410 | #define TCPIP_THREAD_PRIO           RT_LWIP_TCPTHREAD_PRIORITY
      | 
CC build/kernel/components/net/lwip/lwip-2.1.2/src/core/timeouts.o
In file included from [01m[K/home/yfblock/Code/hyper-rtos/tgoskits/tmp/rt-thread-5.2.2-full/components/net/lwip/port/lwipopts.h:15[m[K,
                 from [01m[K/home/yfblock/Code/hyper-rtos/tgoskits/tmp/rt-thread-5.2.2-full/components/net/lwip/lwip-2.1.2/src/include/lwip/opt.h:51[m[K,
                 from [01m[K/home/yfblock/Code/hyper-rtos/tgoskits/tmp/rt-thread-5.2.2-full/components/net/lwip/lwip-2.1.2/src/core/timeouts.c:42[m[K:
[01m[K./rtconfig.h:193:[m[K [01;35m[Kwarning: [m[K"RT_CONSOLE_DEVICE_NAME" redefined
  193 | #define RT_CONSOLE_DEVICE_NAME "uart0"
      | 
[01m[K./rtconfig.h:52:[m[K [01;36m[Knote: [m[Kthis is the location of the previous definition
   52 | #define RT_CONSOLE_DEVICE_NAME uart1
      | 
[01m[K./rtconfig.h:194:[m[K [01;35m[Kwarning: [m[K"FINSH_THREAD_NAME" redefined
  194 | #define FINSH_THREAD_NAME "tshell"
      | 
[01m[K./rtconfig.h:59:[m[K [01;36m[Knote: [m[Kthis is the location of the previous definition
   59 | #define FINSH_THREAD_NAME tshell
      | 
In file included from [01m[K/home/yfblock/Code/hyper-rtos/tgoskits/tmp/rt-thread-5.2.2-full/components/net/lwip/lwip-2.1.2/src/include/lwip/opt.h:51[m[K,
                 from [01m[K/home/yfblock/Code/hyper-rtos/tgoskits/tmp/rt-thread-5.2.2-full/components/net/lwip/lwip-2.1.2/src/core/timeouts.c:42[m[K:
[01m[K/home/yfblock/Code/hyper-rtos/tgoskits/tmp/rt-thread-5.2.2-full/components/net/lwip/port/lwipopts.h:410:[m[K [01;35m[Kwarning: [m[K"TCPIP_THREAD_PRIO" redefined
  410 | #define TCPIP_THREAD_PRIO           RT_LWIP_TCPTHREAD_PRIORITY
      | 
In file included from [01m[K/home/yfblock/Code/hyper-rtos/tgoskits/tmp/rt-thread-5.2.2-full/components/libc/compilers/common/include/sys/time.h:15[m[K,
                 from [01m[K/home/yfblock/Code/hyper-rtos/tgoskits/tmp/rt-thread-5.2.2-full/components/net/lwip/port/lwipopts.h:22[m[K,
                 from [01m[K/home/yfblock/Code/hyper-rtos/tgoskits/tmp/rt-thread-5.2.2-full/components/net/lwip/lwip-2.1.2/src/include/lwip/opt.h:51[m[K,
                 from [01m[K/home/yfblock/Code/hyper-rtos/tgoskits/tmp/rt-thread-5.2.2-full/components/net/lwip/lwip-2.1.2/src/core/timeouts.c:42[m[K:
[01m[K./rtconfig.h:202:[m[K [01;36m[Knote: [m[Kthis is the location of the previous definition
  202 | #define TCPIP_THREAD_PRIO 10
      | 
In file included from [01m[K/home/yfblock/Code/hyper-rtos/tgoskits/tmp/rt-thread-5.2.2-full/components/net/lwip/lwip-2.1.2/src/include/lwip/opt.h:51[m[K,
                 from [01m[K/home/yfblock/Code/hyper-rtos/tgoskits/tmp/rt-thread-5.2.2-full/components/net/lwip/lwip-2.1.2/src/core/timeouts.c:42[m[K:
[01m[K/home/yfblock/Code/hyper-rtos/tgoskits/tmp/rt-thread-5.2.2-full/components/net/lwip/port/lwipopts.h:411:[m[K [01;35m[Kwarning: [m[K"TCPIP_THREAD_STACKSIZE" redefined
  411 | #define TCPIP_THREAD_STACKSIZE      RT_LWIP_TCPTHREAD_STACKSIZE
      | 
In file included from [01m[K/home/yfblock/Code/hyper-rtos/tgoskits/tmp/rt-thread-5.2.2-full/components/libc/compilers/common/include/sys/time.h:15[m[K,
                 from [01m[K/home/yfblock/Code/hyper-rtos/tgoskits/tmp/rt-thread-5.2.2-full/components/net/lwip/port/lwipopts.h:22[m[K,
                 from [01m[K/home/yfblock/Code/hyper-rtos/tgoskits/tmp/rt-thread-5.2.2-full/components/net/lwip/lwip-2.1.2/src/include/lwip/opt.h:51[m[K,
                 from [01m[K/home/yfblock/Code/hyper-rtos/tgoskits/tmp/rt-thread-5.2.2-full/components/net/lwip/lwip-2.1.2/src/core/timeouts.c:42[m[K:
[01m[K./rtconfig.h:201:[m[K [01;36m[Knote: [m[Kthis is the location of the previous definition
  201 | #define TCPIP_THREAD_STACKSIZE 8192
      | 
In file included from [01m[K/home/yfblock/Code/hyper-rtos/tgoskits/tmp/rt-thread-5.2.2-full/include/rttypes.h:14[m[K,
                 from [01m[K/home/yfblock/Code/hyper-rtos/tgoskits/tmp/rt-thread-5.2.2-full/include/rtsched.h:14[m[K,
                 from [01m[K/home/yfblock/Code/hyper-rtos/tgoskits/tmp/rt-thread-5.2.2-full/include/rtdef.h:68[m[K,
                 from [01m[K/home/yfblock/Code/hyper-rtos/tgoskits/tmp/rt-thread-5.2.2-full/include/rthw.h:23[m[K,
                 from [01m[K/home/yfblock/Code/hyper-rtos/tgoskits/tmp/rt-thread-5.2.2-full/components/net/lwip/port/arch/cc.h:48[m[K,
                 from [01m[K/home/yfblock/Code/hyper-rtos/tgoskits/tmp/rt-thread-5.2.2-full/components/net/lwip/lwip-2.1.2/src/include/lwip/arch.h:48[m[K,
                 from [01m[K/home/yfblock/Code/hyper-rtos/tgoskits/tmp/rt-thread-5.2.2-full/components/net/lwip/lwip-2.1.2/src/include/lwip/debug.h:40[m[K,
                 from [01m[K/home/yfblock/Code/hyper-rtos/tgoskits/tmp/rt-thread-5.2.2-full/components/net/lwip/lwip-2.1.2/src/include/lwip/opt.h:52[m[K,
                 from [01m[K/home/yfblock/Code/hyper-rtos/tgoskits/tmp/rt-thread-5.2.2-full/components/net/lwip/lwip-2.1.2/src/core/timeouts.c:42[m[K:
[01m[K./rtconfig.h:201:[m[K [01;35m[Kwarning: [m[K"TCPIP_THREAD_STACKSIZE" redefined
  201 | #define TCPIP_THREAD_STACKSIZE 8192
      | 
In file included from [01m[K/home/yfblock/Code/hyper-rtos/tgoskits/tmp/rt-thread-5.2.2-full/components/net/lwip/lwip-2.1.2/src/include/lwip/opt.h:51[m[K,
                 from [01m[K/home/yfblock/Code/hyper-rtos/tgoskits/tmp/rt-thread-5.2.2-full/components/net/lwip/lwip-2.1.2/src/core/timeouts.c:42[m[K:
[01m[K/home/yfblock/Code/hyper-rtos/tgoskits/tmp/rt-thread-5.2.2-full/components/net/lwip/port/lwipopts.h:411:[m[K [01;36m[Knote: [m[Kthis is the location of the previous definition
  411 | #define TCPIP_THREAD_STACKSIZE      RT_LWIP_TCPTHREAD_STACKSIZE
      | 
In file included from [01m[K/home/yfblock/Code/hyper-rtos/tgoskits/tmp/rt-thread-5.2.2-full/include/rttypes.h:14[m[K,
                 from [01m[K/home/yfblock/Code/hyper-rtos/tgoskits/tmp/rt-thread-5.2.2-full/include/rtsched.h:14[m[K,
                 from [01m[K/home/yfblock/Code/hyper-rtos/tgoskits/tmp/rt-thread-5.2.2-full/include/rtdef.h:68[m[K,
                 from [01m[K/home/yfblock/Code/hyper-rtos/tgoskits/tmp/rt-thread-5.2.2-full/include/rthw.h:23[m[K,
                 from [01m[K/home/yfblock/Code/hyper-rtos/tgoskits/tmp/rt-thread-5.2.2-full/components/net/lwip/port/arch/cc.h:48[m[K,
                 from [01m[K/home/yfblock/Code/hyper-rtos/tgoskits/tmp/rt-thread-5.2.2-full/components/net/lwip/lwip-2.1.2/src/include/lwip/arch.h:48[m[K,
                 from [01m[K/home/yfblock/Code/hyper-rtos/tgoskits/tmp/rt-thread-5.2.2-full/components/net/lwip/lwip-2.1.2/src/include/lwip/debug.h:40[m[K,
                 from [01m[K/home/yfblock/Code/hyper-rtos/tgoskits/tmp/rt-thread-5.2.2-full/components/net/lwip/lwip-2.1.2/src/include/lwip/opt.h:52[m[K,
                 from [01m[K/home/yfblock/Code/hyper-rtos/tgoskits/tmp/rt-thread-5.2.2-full/components/net/lwip/lwip-2.1.2/src/core/timeouts.c:42[m[K:
[01m[K./rtconfig.h:202:[m[K [01;35m[Kwarning: [m[K"TCPIP_THREAD_PRIO" redefined
  202 | #define TCPIP_THREAD_PRIO 10
      | 
In file included from [01m[K/home/yfblock/Code/hyper-rtos/tgoskits/tmp/rt-thread-5.2.2-full/components/net/lwip/lwip-2.1.2/src/include/lwip/opt.h:51[m[K,
                 from [01m[K/home/yfblock/Code/hyper-rtos/tgoskits/tmp/rt-thread-5.2.2-full/components/net/lwip/lwip-2.1.2/src/core/timeouts.c:42[m[K:
[01m[K/home/yfblock/Code/hyper-rtos/tgoskits/tmp/rt-thread-5.2.2-full/components/net/lwip/port/lwipopts.h:410:[m[K [01;36m[Knote: [m[Kthis is the location of the previous definition
  410 | #define TCPIP_THREAD_PRIO           RT_LWIP_TCPTHREAD_PRIORITY
      | 
CC build/kernel/components/net/lwip/lwip-2.1.2/src/core/udp.o
In file included from [01m[K/home/yfblock/Code/hyper-rtos/tgoskits/tmp/rt-thread-5.2.2-full/components/net/lwip/port/lwipopts.h:15[m[K,
                 from [01m[K/home/yfblock/Code/hyper-rtos/tgoskits/tmp/rt-thread-5.2.2-full/components/net/lwip/lwip-2.1.2/src/include/lwip/opt.h:51[m[K,
                 from [01m[K/home/yfblock/Code/hyper-rtos/tgoskits/tmp/rt-thread-5.2.2-full/components/net/lwip/lwip-2.1.2/src/core/udp.c:48[m[K:
[01m[K./rtconfig.h:193:[m[K [01;35m[Kwarning: [m[K"RT_CONSOLE_DEVICE_NAME" redefined
  193 | #define RT_CONSOLE_DEVICE_NAME "uart0"
      | 
[01m[K./rtconfig.h:52:[m[K [01;36m[Knote: [m[Kthis is the location of the previous definition
   52 | #define RT_CONSOLE_DEVICE_NAME uart1
      | 
[01m[K./rtconfig.h:194:[m[K [01;35m[Kwarning: [m[K"FINSH_THREAD_NAME" redefined
  194 | #define FINSH_THREAD_NAME "tshell"
      | 
[01m[K./rtconfig.h:59:[m[K [01;36m[Knote: [m[Kthis is the location of the previous definition
   59 | #define FINSH_THREAD_NAME tshell
      | 
In file included from [01m[K/home/yfblock/Code/hyper-rtos/tgoskits/tmp/rt-thread-5.2.2-full/components/net/lwip/lwip-2.1.2/src/include/lwip/opt.h:51[m[K,
                 from [01m[K/home/yfblock/Code/hyper-rtos/tgoskits/tmp/rt-thread-5.2.2-full/components/net/lwip/lwip-2.1.2/src/core/udp.c:48[m[K:
[01m[K/home/yfblock/Code/hyper-rtos/tgoskits/tmp/rt-thread-5.2.2-full/components/net/lwip/port/lwipopts.h:410:[m[K [01;35m[Kwarning: [m[K"TCPIP_THREAD_PRIO" redefined
  410 | #define TCPIP_THREAD_PRIO           RT_LWIP_TCPTHREAD_PRIORITY
      | 
In file included from [01m[K/home/yfblock/Code/hyper-rtos/tgoskits/tmp/rt-thread-5.2.2-full/components/libc/compilers/common/include/sys/time.h:15[m[K,
                 from [01m[K/home/yfblock/Code/hyper-rtos/tgoskits/tmp/rt-thread-5.2.2-full/components/net/lwip/port/lwipopts.h:22[m[K,
                 from [01m[K/home/yfblock/Code/hyper-rtos/tgoskits/tmp/rt-thread-5.2.2-full/components/net/lwip/lwip-2.1.2/src/include/lwip/opt.h:51[m[K,
                 from [01m[K/home/yfblock/Code/hyper-rtos/tgoskits/tmp/rt-thread-5.2.2-full/components/net/lwip/lwip-2.1.2/src/core/udp.c:48[m[K:
[01m[K./rtconfig.h:202:[m[K [01;36m[Knote: [m[Kthis is the location of the previous definition
  202 | #define TCPIP_THREAD_PRIO 10
      | 
In file included from [01m[K/home/yfblock/Code/hyper-rtos/tgoskits/tmp/rt-thread-5.2.2-full/components/net/lwip/lwip-2.1.2/src/include/lwip/opt.h:51[m[K,
                 from [01m[K/home/yfblock/Code/hyper-rtos/tgoskits/tmp/rt-thread-5.2.2-full/components/net/lwip/lwip-2.1.2/src/core/udp.c:48[m[K:
[01m[K/home/yfblock/Code/hyper-rtos/tgoskits/tmp/rt-thread-5.2.2-full/components/net/lwip/port/lwipopts.h:411:[m[K [01;35m[Kwarning: [m[K"TCPIP_THREAD_STACKSIZE" redefined
  411 | #define TCPIP_THREAD_STACKSIZE      RT_LWIP_TCPTHREAD_STACKSIZE
      | 
In file included from [01m[K/home/yfblock/Code/hyper-rtos/tgoskits/tmp/rt-thread-5.2.2-full/components/libc/compilers/common/include/sys/time.h:15[m[K,
                 from [01m[K/home/yfblock/Code/hyper-rtos/tgoskits/tmp/rt-thread-5.2.2-full/components/net/lwip/port/lwipopts.h:22[m[K,
                 from [01m[K/home/yfblock/Code/hyper-rtos/tgoskits/tmp/rt-thread-5.2.2-full/components/net/lwip/lwip-2.1.2/src/include/lwip/opt.h:51[m[K,
                 from [01m[K/home/yfblock/Code/hyper-rtos/tgoskits/tmp/rt-thread-5.2.2-full/components/net/lwip/lwip-2.1.2/src/core/udp.c:48[m[K:
[01m[K./rtconfig.h:201:[m[K [01;36m[Knote: [m[Kthis is the location of the previous definition
  201 | #define TCPIP_THREAD_STACKSIZE 8192
      | 
In file included from [01m[K/home/yfblock/Code/hyper-rtos/tgoskits/tmp/rt-thread-5.2.2-full/include/rttypes.h:14[m[K,
                 from [01m[K/home/yfblock/Code/hyper-rtos/tgoskits/tmp/rt-thread-5.2.2-full/include/rtsched.h:14[m[K,
                 from [01m[K/home/yfblock/Code/hyper-rtos/tgoskits/tmp/rt-thread-5.2.2-full/include/rtdef.h:68[m[K,
                 from [01m[K/home/yfblock/Code/hyper-rtos/tgoskits/tmp/rt-thread-5.2.2-full/include/rthw.h:23[m[K,
                 from [01m[K/home/yfblock/Code/hyper-rtos/tgoskits/tmp/rt-thread-5.2.2-full/components/net/lwip/port/arch/cc.h:48[m[K,
                 from [01m[K/home/yfblock/Code/hyper-rtos/tgoskits/tmp/rt-thread-5.2.2-full/components/net/lwip/lwip-2.1.2/src/include/lwip/arch.h:48[m[K,
                 from [01m[K/home/yfblock/Code/hyper-rtos/tgoskits/tmp/rt-thread-5.2.2-full/components/net/lwip/lwip-2.1.2/src/include/lwip/debug.h:40[m[K,
                 from [01m[K/home/yfblock/Code/hyper-rtos/tgoskits/tmp/rt-thread-5.2.2-full/components/net/lwip/lwip-2.1.2/src/include/lwip/opt.h:52[m[K,
                 from [01m[K/home/yfblock/Code/hyper-rtos/tgoskits/tmp/rt-thread-5.2.2-full/components/net/lwip/lwip-2.1.2/src/core/udp.c:48[m[K:
[01m[K./rtconfig.h:201:[m[K [01;35m[Kwarning: [m[K"TCPIP_THREAD_STACKSIZE" redefined
  201 | #define TCPIP_THREAD_STACKSIZE 8192
      | 
In file included from [01m[K/home/yfblock/Code/hyper-rtos/tgoskits/tmp/rt-thread-5.2.2-full/components/net/lwip/lwip-2.1.2/src/include/lwip/opt.h:51[m[K,
                 from [01m[K/home/yfblock/Code/hyper-rtos/tgoskits/tmp/rt-thread-5.2.2-full/components/net/lwip/lwip-2.1.2/src/core/udp.c:48[m[K:
[01m[K/home/yfblock/Code/hyper-rtos/tgoskits/tmp/rt-thread-5.2.2-full/components/net/lwip/port/lwipopts.h:411:[m[K [01;36m[Knote: [m[Kthis is the location of the previous definition
  411 | #define TCPIP_THREAD_STACKSIZE      RT_LWIP_TCPTHREAD_STACKSIZE
      | 
In file included from [01m[K/home/yfblock/Code/hyper-rtos/tgoskits/tmp/rt-thread-5.2.2-full/include/rttypes.h:14[m[K,
                 from [01m[K/home/yfblock/Code/hyper-rtos/tgoskits/tmp/rt-thread-5.2.2-full/include/rtsched.h:14[m[K,
                 from [01m[K/home/yfblock/Code/hyper-rtos/tgoskits/tmp/rt-thread-5.2.2-full/include/rtdef.h:68[m[K,
                 from [01m[K/home/yfblock/Code/hyper-rtos/tgoskits/tmp/rt-thread-5.2.2-full/include/rthw.h:23[m[K,
                 from [01m[K/home/yfblock/Code/hyper-rtos/tgoskits/tmp/rt-thread-5.2.2-full/components/net/lwip/port/arch/cc.h:48[m[K,
                 from [01m[K/home/yfblock/Code/hyper-rtos/tgoskits/tmp/rt-thread-5.2.2-full/components/net/lwip/lwip-2.1.2/src/include/lwip/arch.h:48[m[K,
                 from [01m[K/home/yfblock/Code/hyper-rtos/tgoskits/tmp/rt-thread-5.2.2-full/components/net/lwip/lwip-2.1.2/src/include/lwip/debug.h:40[m[K,
                 from [01m[K/home/yfblock/Code/hyper-rtos/tgoskits/tmp/rt-thread-5.2.2-full/components/net/lwip/lwip-2.1.2/src/include/lwip/opt.h:52[m[K,
                 from [01m[K/home/yfblock/Code/hyper-rtos/tgoskits/tmp/rt-thread-5.2.2-full/components/net/lwip/lwip-2.1.2/src/core/udp.c:48[m[K:
[01m[K./rtconfig.h:202:[m[K [01;35m[Kwarning: [m[K"TCPIP_THREAD_PRIO" redefined
  202 | #define TCPIP_THREAD_PRIO 10
      | 
In file included from [01m[K/home/yfblock/Code/hyper-rtos/tgoskits/tmp/rt-thread-5.2.2-full/components/net/lwip/lwip-2.1.2/src/include/lwip/opt.h:51[m[K,
                 from [01m[K/home/yfblock/Code/hyper-rtos/tgoskits/tmp/rt-thread-5.2.2-full/components/net/lwip/lwip-2.1.2/src/core/udp.c:48[m[K:
[01m[K/home/yfblock/Code/hyper-rtos/tgoskits/tmp/rt-thread-5.2.2-full/components/net/lwip/port/lwipopts.h:410:[m[K [01;36m[Knote: [m[Kthis is the location of the previous definition
  410 | #define TCPIP_THREAD_PRIO           RT_LWIP_TCPTHREAD_PRIORITY
      | 
CC build/kernel/components/net/lwip/lwip-2.1.2/src/netif/ethernet.o
In file included from [01m[K/home/yfblock/Code/hyper-rtos/tgoskits/tmp/rt-thread-5.2.2-full/components/net/lwip/port/lwipopts.h:15[m[K,
                 from [01m[K/home/yfblock/Code/hyper-rtos/tgoskits/tmp/rt-thread-5.2.2-full/components/net/lwip/lwip-2.1.2/src/include/lwip/opt.h:51[m[K,
                 from [01m[K/home/yfblock/Code/hyper-rtos/tgoskits/tmp/rt-thread-5.2.2-full/components/net/lwip/lwip-2.1.2/src/netif/ethernet.c:41[m[K:
[01m[K./rtconfig.h:193:[m[K [01;35m[Kwarning: [m[K"RT_CONSOLE_DEVICE_NAME" redefined
  193 | #define RT_CONSOLE_DEVICE_NAME "uart0"
      | 
[01m[K./rtconfig.h:52:[m[K [01;36m[Knote: [m[Kthis is the location of the previous definition
   52 | #define RT_CONSOLE_DEVICE_NAME uart1
      | 
[01m[K./rtconfig.h:194:[m[K [01;35m[Kwarning: [m[K"FINSH_THREAD_NAME" redefined
  194 | #define FINSH_THREAD_NAME "tshell"
      | 
[01m[K./rtconfig.h:59:[m[K [01;36m[Knote: [m[Kthis is the location of the previous definition
   59 | #define FINSH_THREAD_NAME tshell
      | 
In file included from [01m[K/home/yfblock/Code/hyper-rtos/tgoskits/tmp/rt-thread-5.2.2-full/components/net/lwip/lwip-2.1.2/src/include/lwip/opt.h:51[m[K,
                 from [01m[K/home/yfblock/Code/hyper-rtos/tgoskits/tmp/rt-thread-5.2.2-full/components/net/lwip/lwip-2.1.2/src/netif/ethernet.c:41[m[K:
[01m[K/home/yfblock/Code/hyper-rtos/tgoskits/tmp/rt-thread-5.2.2-full/components/net/lwip/port/lwipopts.h:410:[m[K [01;35m[Kwarning: [m[K"TCPIP_THREAD_PRIO" redefined
  410 | #define TCPIP_THREAD_PRIO           RT_LWIP_TCPTHREAD_PRIORITY
      | 
In file included from [01m[K/home/yfblock/Code/hyper-rtos/tgoskits/tmp/rt-thread-5.2.2-full/components/libc/compilers/common/include/sys/time.h:15[m[K,
                 from [01m[K/home/yfblock/Code/hyper-rtos/tgoskits/tmp/rt-thread-5.2.2-full/components/net/lwip/port/lwipopts.h:22[m[K,
                 from [01m[K/home/yfblock/Code/hyper-rtos/tgoskits/tmp/rt-thread-5.2.2-full/components/net/lwip/lwip-2.1.2/src/include/lwip/opt.h:51[m[K,
                 from [01m[K/home/yfblock/Code/hyper-rtos/tgoskits/tmp/rt-thread-5.2.2-full/components/net/lwip/lwip-2.1.2/src/netif/ethernet.c:41[m[K:
[01m[K./rtconfig.h:202:[m[K [01;36m[Knote: [m[Kthis is the location of the previous definition
  202 | #define TCPIP_THREAD_PRIO 10
      | 
In file included from [01m[K/home/yfblock/Code/hyper-rtos/tgoskits/tmp/rt-thread-5.2.2-full/components/net/lwip/lwip-2.1.2/src/include/lwip/opt.h:51[m[K,
                 from [01m[K/home/yfblock/Code/hyper-rtos/tgoskits/tmp/rt-thread-5.2.2-full/components/net/lwip/lwip-2.1.2/src/netif/ethernet.c:41[m[K:
[01m[K/home/yfblock/Code/hyper-rtos/tgoskits/tmp/rt-thread-5.2.2-full/components/net/lwip/port/lwipopts.h:411:[m[K [01;35m[Kwarning: [m[K"TCPIP_THREAD_STACKSIZE" redefined
  411 | #define TCPIP_THREAD_STACKSIZE      RT_LWIP_TCPTHREAD_STACKSIZE
      | 
In file included from [01m[K/home/yfblock/Code/hyper-rtos/tgoskits/tmp/rt-thread-5.2.2-full/components/libc/compilers/common/include/sys/time.h:15[m[K,
                 from [01m[K/home/yfblock/Code/hyper-rtos/tgoskits/tmp/rt-thread-5.2.2-full/components/net/lwip/port/lwipopts.h:22[m[K,
                 from [01m[K/home/yfblock/Code/hyper-rtos/tgoskits/tmp/rt-thread-5.2.2-full/components/net/lwip/lwip-2.1.2/src/include/lwip/opt.h:51[m[K,
                 from [01m[K/home/yfblock/Code/hyper-rtos/tgoskits/tmp/rt-thread-5.2.2-full/components/net/lwip/lwip-2.1.2/src/netif/ethernet.c:41[m[K:
[01m[K./rtconfig.h:201:[m[K [01;36m[Knote: [m[Kthis is the location of the previous definition
  201 | #define TCPIP_THREAD_STACKSIZE 8192
      | 
In file included from [01m[K/home/yfblock/Code/hyper-rtos/tgoskits/tmp/rt-thread-5.2.2-full/include/rttypes.h:14[m[K,
                 from [01m[K/home/yfblock/Code/hyper-rtos/tgoskits/tmp/rt-thread-5.2.2-full/include/rtsched.h:14[m[K,
                 from [01m[K/home/yfblock/Code/hyper-rtos/tgoskits/tmp/rt-thread-5.2.2-full/include/rtdef.h:68[m[K,
                 from [01m[K/home/yfblock/Code/hyper-rtos/tgoskits/tmp/rt-thread-5.2.2-full/include/rthw.h:23[m[K,
                 from [01m[K/home/yfblock/Code/hyper-rtos/tgoskits/tmp/rt-thread-5.2.2-full/components/net/lwip/port/arch/cc.h:48[m[K,
                 from [01m[K/home/yfblock/Code/hyper-rtos/tgoskits/tmp/rt-thread-5.2.2-full/components/net/lwip/lwip-2.1.2/src/include/lwip/arch.h:48[m[K,
                 from [01m[K/home/yfblock/Code/hyper-rtos/tgoskits/tmp/rt-thread-5.2.2-full/components/net/lwip/lwip-2.1.2/src/include/lwip/debug.h:40[m[K,
                 from [01m[K/home/yfblock/Code/hyper-rtos/tgoskits/tmp/rt-thread-5.2.2-full/components/net/lwip/lwip-2.1.2/src/include/lwip/opt.h:52[m[K,
                 from [01m[K/home/yfblock/Code/hyper-rtos/tgoskits/tmp/rt-thread-5.2.2-full/components/net/lwip/lwip-2.1.2/src/netif/ethernet.c:41[m[K:
[01m[K./rtconfig.h:201:[m[K [01;35m[Kwarning: [m[K"TCPIP_THREAD_STACKSIZE" redefined
  201 | #define TCPIP_THREAD_STACKSIZE 8192
      | 
In file included from [01m[K/home/yfblock/Code/hyper-rtos/tgoskits/tmp/rt-thread-5.2.2-full/components/net/lwip/lwip-2.1.2/src/include/lwip/opt.h:51[m[K,
                 from [01m[K/home/yfblock/Code/hyper-rtos/tgoskits/tmp/rt-thread-5.2.2-full/components/net/lwip/lwip-2.1.2/src/netif/ethernet.c:41[m[K:
[01m[K/home/yfblock/Code/hyper-rtos/tgoskits/tmp/rt-thread-5.2.2-full/components/net/lwip/port/lwipopts.h:411:[m[K [01;36m[Knote: [m[Kthis is the location of the previous definition
  411 | #define TCPIP_THREAD_STACKSIZE      RT_LWIP_TCPTHREAD_STACKSIZE
      | 
In file included from [01m[K/home/yfblock/Code/hyper-rtos/tgoskits/tmp/rt-thread-5.2.2-full/include/rttypes.h:14[m[K,
                 from [01m[K/home/yfblock/Code/hyper-rtos/tgoskits/tmp/rt-thread-5.2.2-full/include/rtsched.h:14[m[K,
                 from [01m[K/home/yfblock/Code/hyper-rtos/tgoskits/tmp/rt-thread-5.2.2-full/include/rtdef.h:68[m[K,
                 from [01m[K/home/yfblock/Code/hyper-rtos/tgoskits/tmp/rt-thread-5.2.2-full/include/rthw.h:23[m[K,
                 from [01m[K/home/yfblock/Code/hyper-rtos/tgoskits/tmp/rt-thread-5.2.2-full/components/net/lwip/port/arch/cc.h:48[m[K,
                 from [01m[K/home/yfblock/Code/hyper-rtos/tgoskits/tmp/rt-thread-5.2.2-full/components/net/lwip/lwip-2.1.2/src/include/lwip/arch.h:48[m[K,
                 from [01m[K/home/yfblock/Code/hyper-rtos/tgoskits/tmp/rt-thread-5.2.2-full/components/net/lwip/lwip-2.1.2/src/include/lwip/debug.h:40[m[K,
                 from [01m[K/home/yfblock/Code/hyper-rtos/tgoskits/tmp/rt-thread-5.2.2-full/components/net/lwip/lwip-2.1.2/src/include/lwip/opt.h:52[m[K,
                 from [01m[K/home/yfblock/Code/hyper-rtos/tgoskits/tmp/rt-thread-5.2.2-full/components/net/lwip/lwip-2.1.2/src/netif/ethernet.c:41[m[K:
[01m[K./rtconfig.h:202:[m[K [01;35m[Kwarning: [m[K"TCPIP_THREAD_PRIO" redefined
  202 | #define TCPIP_THREAD_PRIO 10
      | 
In file included from [01m[K/home/yfblock/Code/hyper-rtos/tgoskits/tmp/rt-thread-5.2.2-full/components/net/lwip/lwip-2.1.2/src/include/lwip/opt.h:51[m[K,
                 from [01m[K/home/yfblock/Code/hyper-rtos/tgoskits/tmp/rt-thread-5.2.2-full/components/net/lwip/lwip-2.1.2/src/netif/ethernet.c:41[m[K:
[01m[K/home/yfblock/Code/hyper-rtos/tgoskits/tmp/rt-thread-5.2.2-full/components/net/lwip/port/lwipopts.h:410:[m[K [01;36m[Knote: [m[Kthis is the location of the previous definition
  410 | #define TCPIP_THREAD_PRIO           RT_LWIP_TCPTHREAD_PRIORITY
      | 
CC build/kernel/components/net/lwip/lwip-2.1.2/src/netif/lowpan6.o
CC build/kernel/components/net/lwip/port/ethernetif.o
In file included from [01m[K/home/yfblock/Code/hyper-rtos/tgoskits/tmp/rt-thread-5.2.2-full/components/net/lwip/port/lwipopts.h:15[m[K,
                 from [01m[K/home/yfblock/Code/hyper-rtos/tgoskits/tmp/rt-thread-5.2.2-full/components/net/lwip/lwip-2.1.2/src/include/lwip/opt.h:51[m[K,
                 from [01m[K/home/yfblock/Code/hyper-rtos/tgoskits/tmp/rt-thread-5.2.2-full/components/net/lwip/lwip-2.1.2/src/include/netif/lowpan6_opts.h:44[m[K,
                 from [01m[K/home/yfblock/Code/hyper-rtos/tgoskits/tmp/rt-thread-5.2.2-full/components/net/lwip/lwip-2.1.2/src/include/netif/lowpan6.h:45[m[K,
                 from [01m[K/home/yfblock/Code/hyper-rtos/tgoskits/tmp/rt-thread-5.2.2-full/components/net/lwip/lwip-2.1.2/src/netif/lowpan6.c:51[m[K:
[01m[K./rtconfig.h:193:[m[K [01;35m[Kwarning: [m[K"RT_CONSOLE_DEVICE_NAME" redefined
  193 | #define RT_CONSOLE_DEVICE_NAME "uart0"
      | 
[01m[K./rtconfig.h:52:[m[K [01;36m[Knote: [m[Kthis is the location of the previous definition
   52 | #define RT_CONSOLE_DEVICE_NAME uart1
      | 
[01m[K./rtconfig.h:194:[m[K [01;35m[Kwarning: [m[K"FINSH_THREAD_NAME" redefined
  194 | #define FINSH_THREAD_NAME "tshell"
      | 
[01m[K./rtconfig.h:59:[m[K [01;36m[Knote: [m[Kthis is the location of the previous definition
   59 | #define FINSH_THREAD_NAME tshell
      | 
CC build/kernel/components/net/lwip/port/sys_arch.o
In file included from [01m[K/home/yfblock/Code/hyper-rtos/tgoskits/tmp/rt-thread-5.2.2-full/components/net/lwip/lwip-2.1.2/src/include/lwip/opt.h:51[m[K,
                 from [01m[K/home/yfblock/Code/hyper-rtos/tgoskits/tmp/rt-thread-5.2.2-full/components/net/lwip/lwip-2.1.2/src/include/netif/lowpan6_opts.h:44[m[K,
                 from [01m[K/home/yfblock/Code/hyper-rtos/tgoskits/tmp/rt-thread-5.2.2-full/components/net/lwip/lwip-2.1.2/src/include/netif/lowpan6.h:45[m[K,
                 from [01m[K/home/yfblock/Code/hyper-rtos/tgoskits/tmp/rt-thread-5.2.2-full/components/net/lwip/lwip-2.1.2/src/netif/lowpan6.c:51[m[K:
[01m[K/home/yfblock/Code/hyper-rtos/tgoskits/tmp/rt-thread-5.2.2-full/components/net/lwip/port/lwipopts.h:410:[m[K [01;35m[Kwarning: [m[K"TCPIP_THREAD_PRIO" redefined
  410 | #define TCPIP_THREAD_PRIO           RT_LWIP_TCPTHREAD_PRIORITY
      | 
In file included from [01m[K/home/yfblock/Code/hyper-rtos/tgoskits/tmp/rt-thread-5.2.2-full/components/libc/compilers/common/include/sys/time.h:15[m[K,
                 from [01m[K/home/yfblock/Code/hyper-rtos/tgoskits/tmp/rt-thread-5.2.2-full/components/net/lwip/port/lwipopts.h:22[m[K,
                 from [01m[K/home/yfblock/Code/hyper-rtos/tgoskits/tmp/rt-thread-5.2.2-full/components/net/lwip/lwip-2.1.2/src/include/lwip/opt.h:51[m[K,
                 from [01m[K/home/yfblock/Code/hyper-rtos/tgoskits/tmp/rt-thread-5.2.2-full/components/net/lwip/lwip-2.1.2/src/include/netif/lowpan6_opts.h:44[m[K,
                 from [01m[K/home/yfblock/Code/hyper-rtos/tgoskits/tmp/rt-thread-5.2.2-full/components/net/lwip/lwip-2.1.2/src/include/netif/lowpan6.h:45[m[K,
                 from [01m[K/home/yfblock/Code/hyper-rtos/tgoskits/tmp/rt-thread-5.2.2-full/components/net/lwip/lwip-2.1.2/src/netif/lowpan6.c:51[m[K:
[01m[K./rtconfig.h:202:[m[K [01;36m[Knote: [m[Kthis is the location of the previous definition
  202 | #define TCPIP_THREAD_PRIO 10
      | 
In file included from [01m[K/home/yfblock/Code/hyper-rtos/tgoskits/tmp/rt-thread-5.2.2-full/components/net/lwip/lwip-2.1.2/src/include/lwip/opt.h:51[m[K,
                 from [01m[K/home/yfblock/Code/hyper-rtos/tgoskits/tmp/rt-thread-5.2.2-full/components/net/lwip/lwip-2.1.2/src/include/netif/lowpan6_opts.h:44[m[K,
                 from [01m[K/home/yfblock/Code/hyper-rtos/tgoskits/tmp/rt-thread-5.2.2-full/components/net/lwip/lwip-2.1.2/src/include/netif/lowpan6.h:45[m[K,
                 from [01m[K/home/yfblock/Code/hyper-rtos/tgoskits/tmp/rt-thread-5.2.2-full/components/net/lwip/lwip-2.1.2/src/netif/lowpan6.c:51[m[K:
[01m[K/home/yfblock/Code/hyper-rtos/tgoskits/tmp/rt-thread-5.2.2-full/components/net/lwip/port/lwipopts.h:411:[m[K [01;35m[Kwarning: [m[K"TCPIP_THREAD_STACKSIZE" redefined
  411 | #define TCPIP_THREAD_STACKSIZE      RT_LWIP_TCPTHREAD_STACKSIZE
      | 
In file included from [01m[K/home/yfblock/Code/hyper-rtos/tgoskits/tmp/rt-thread-5.2.2-full/components/libc/compilers/common/include/sys/time.h:15[m[K,
                 from [01m[K/home/yfblock/Code/hyper-rtos/tgoskits/tmp/rt-thread-5.2.2-full/components/net/lwip/port/lwipopts.h:22[m[K,
                 from [01m[K/home/yfblock/Code/hyper-rtos/tgoskits/tmp/rt-thread-5.2.2-full/components/net/lwip/lwip-2.1.2/src/include/lwip/opt.h:51[m[K,
                 from [01m[K/home/yfblock/Code/hyper-rtos/tgoskits/tmp/rt-thread-5.2.2-full/components/net/lwip/lwip-2.1.2/src/include/netif/lowpan6_opts.h:44[m[K,
                 from [01m[K/home/yfblock/Code/hyper-rtos/tgoskits/tmp/rt-thread-5.2.2-full/components/net/lwip/lwip-2.1.2/src/include/netif/lowpan6.h:45[m[K,
                 from [01m[K/home/yfblock/Code/hyper-rtos/tgoskits/tmp/rt-thread-5.2.2-full/components/net/lwip/lwip-2.1.2/src/netif/lowpan6.c:51[m[K:
[01m[K./rtconfig.h:201:[m[K [01;36m[Knote: [m[Kthis is the location of the previous definition
  201 | #define TCPIP_THREAD_STACKSIZE 8192
      | 
In file included from [01m[K/home/yfblock/Code/hyper-rtos/tgoskits/tmp/rt-thread-5.2.2-full/include/rttypes.h:14[m[K,
                 from [01m[K/home/yfblock/Code/hyper-rtos/tgoskits/tmp/rt-thread-5.2.2-full/include/rtsched.h:14[m[K,
                 from [01m[K/home/yfblock/Code/hyper-rtos/tgoskits/tmp/rt-thread-5.2.2-full/include/rtdef.h:68[m[K,
                 from [01m[K/home/yfblock/Code/hyper-rtos/tgoskits/tmp/rt-thread-5.2.2-full/include/rthw.h:23[m[K,
                 from [01m[K/home/yfblock/Code/hyper-rtos/tgoskits/tmp/rt-thread-5.2.2-full/components/net/lwip/port/arch/cc.h:48[m[K,
                 from [01m[K/home/yfblock/Code/hyper-rtos/tgoskits/tmp/rt-thread-5.2.2-full/components/net/lwip/lwip-2.1.2/src/include/lwip/arch.h:48[m[K,
                 from [01m[K/home/yfblock/Code/hyper-rtos/tgoskits/tmp/rt-thread-5.2.2-full/components/net/lwip/lwip-2.1.2/src/include/lwip/debug.h:40[m[K,
                 from [01m[K/home/yfblock/Code/hyper-rtos/tgoskits/tmp/rt-thread-5.2.2-full/components/net/lwip/lwip-2.1.2/src/include/lwip/opt.h:52[m[K,
                 from [01m[K/home/yfblock/Code/hyper-rtos/tgoskits/tmp/rt-thread-5.2.2-full/components/net/lwip/lwip-2.1.2/src/include/netif/lowpan6_opts.h:44[m[K,
                 from [01m[K/home/yfblock/Code/hyper-rtos/tgoskits/tmp/rt-thread-5.2.2-full/components/net/lwip/lwip-2.1.2/src/include/netif/lowpan6.h:45[m[K,
                 from [01m[K/home/yfblock/Code/hyper-rtos/tgoskits/tmp/rt-thread-5.2.2-full/components/net/lwip/lwip-2.1.2/src/netif/lowpan6.c:51[m[K:
[01m[K./rtconfig.h:201:[m[K [01;35m[Kwarning: [m[K"TCPIP_THREAD_STACKSIZE" redefined
  201 | #define TCPIP_THREAD_STACKSIZE 8192
      | 
In file included from [01m[K/home/yfblock/Code/hyper-rtos/tgoskits/tmp/rt-thread-5.2.2-full/components/net/lwip/lwip-2.1.2/src/include/lwip/opt.h:51[m[K,
                 from [01m[K/home/yfblock/Code/hyper-rtos/tgoskits/tmp/rt-thread-5.2.2-full/components/net/lwip/lwip-2.1.2/src/include/netif/lowpan6_opts.h:44[m[K,
                 from [01m[K/home/yfblock/Code/hyper-rtos/tgoskits/tmp/rt-thread-5.2.2-full/components/net/lwip/lwip-2.1.2/src/include/netif/lowpan6.h:45[m[K,
                 from [01m[K/home/yfblock/Code/hyper-rtos/tgoskits/tmp/rt-thread-5.2.2-full/components/net/lwip/lwip-2.1.2/src/netif/lowpan6.c:51[m[K:
[01m[K/home/yfblock/Code/hyper-rtos/tgoskits/tmp/rt-thread-5.2.2-full/components/net/lwip/port/lwipopts.h:411:[m[K [01;36m[Knote: [m[Kthis is the location of the previous definition
  411 | #define TCPIP_THREAD_STACKSIZE      RT_LWIP_TCPTHREAD_STACKSIZE
      | 
In file included from [01m[K/home/yfblock/Code/hyper-rtos/tgoskits/tmp/rt-thread-5.2.2-full/include/rttypes.h:14[m[K,
                 from [01m[K/home/yfblock/Code/hyper-rtos/tgoskits/tmp/rt-thread-5.2.2-full/include/rtsched.h:14[m[K,
                 from [01m[K/home/yfblock/Code/hyper-rtos/tgoskits/tmp/rt-thread-5.2.2-full/include/rtdef.h:68[m[K,
                 from [01m[K/home/yfblock/Code/hyper-rtos/tgoskits/tmp/rt-thread-5.2.2-full/include/rthw.h:23[m[K,
                 from [01m[K/home/yfblock/Code/hyper-rtos/tgoskits/tmp/rt-thread-5.2.2-full/components/net/lwip/port/arch/cc.h:48[m[K,
                 from [01m[K/home/yfblock/Code/hyper-rtos/tgoskits/tmp/rt-thread-5.2.2-full/components/net/lwip/lwip-2.1.2/src/include/lwip/arch.h:48[m[K,
                 from [01m[K/home/yfblock/Code/hyper-rtos/tgoskits/tmp/rt-thread-5.2.2-full/components/net/lwip/lwip-2.1.2/src/include/lwip/debug.h:40[m[K,
                 from [01m[K/home/yfblock/Code/hyper-rtos/tgoskits/tmp/rt-thread-5.2.2-full/components/net/lwip/lwip-2.1.2/src/include/lwip/opt.h:52[m[K,
                 from [01m[K/home/yfblock/Code/hyper-rtos/tgoskits/tmp/rt-thread-5.2.2-full/components/net/lwip/lwip-2.1.2/src/include/netif/lowpan6_opts.h:44[m[K,
                 from [01m[K/home/yfblock/Code/hyper-rtos/tgoskits/tmp/rt-thread-5.2.2-full/components/net/lwip/lwip-2.1.2/src/include/netif/lowpan6.h:45[m[K,
                 from [01m[K/home/yfblock/Code/hyper-rtos/tgoskits/tmp/rt-thread-5.2.2-full/components/net/lwip/lwip-2.1.2/src/netif/lowpan6.c:51[m[K:
[01m[K./rtconfig.h:202:[m[K [01;35m[Kwarning: [m[K"TCPIP_THREAD_PRIO" redefined
  202 | #define TCPIP_THREAD_PRIO 10
      | 
In file included from [01m[K/home/yfblock/Code/hyper-rtos/tgoskits/tmp/rt-thread-5.2.2-full/components/net/lwip/lwip-2.1.2/src/include/lwip/opt.h:51[m[K,
                 from [01m[K/home/yfblock/Code/hyper-rtos/tgoskits/tmp/rt-thread-5.2.2-full/components/net/lwip/lwip-2.1.2/src/include/netif/lowpan6_opts.h:44[m[K,
                 from [01m[K/home/yfblock/Code/hyper-rtos/tgoskits/tmp/rt-thread-5.2.2-full/components/net/lwip/lwip-2.1.2/src/include/netif/lowpan6.h:45[m[K,
                 from [01m[K/home/yfblock/Code/hyper-rtos/tgoskits/tmp/rt-thread-5.2.2-full/components/net/lwip/lwip-2.1.2/src/netif/lowpan6.c:51[m[K:
[01m[K/home/yfblock/Code/hyper-rtos/tgoskits/tmp/rt-thread-5.2.2-full/components/net/lwip/port/lwipopts.h:410:[m[K [01;36m[Knote: [m[Kthis is the location of the previous definition
  410 | #define TCPIP_THREAD_PRIO           RT_LWIP_TCPTHREAD_PRIORITY
      | 
In file included from [01m[K/home/yfblock/Code/hyper-rtos/tgoskits/tmp/rt-thread-5.2.2-full/components/net/lwip/port/lwipopts.h:15[m[K,
                 from [01m[K/home/yfblock/Code/hyper-rtos/tgoskits/tmp/rt-thread-5.2.2-full/components/net/lwip/lwip-2.1.2/src/include/lwip/opt.h:51[m[K,
                 from [01m[K/home/yfblock/Code/hyper-rtos/tgoskits/tmp/rt-thread-5.2.2-full/components/net/lwip/lwip-2.1.2/src/include/lwip/init.h:40[m[K,
                 from [01m[K/home/yfblock/Code/hyper-rtos/tgoskits/tmp/rt-thread-5.2.2-full/components/net/lwip/port/ethernetif.c:54[m[K:
[01m[K./rtconfig.h:193:[m[K [01;35m[Kwarning: [m[K"RT_CONSOLE_DEVICE_NAME" redefined
  193 | #define RT_CONSOLE_DEVICE_NAME "uart0"
      | 
[01m[K./rtconfig.h:52:[m[K [01;36m[Knote: [m[Kthis is the location of the previous definition
   52 | #define RT_CONSOLE_DEVICE_NAME uart1
      | 
[01m[K./rtconfig.h:194:[m[K [01;35m[Kwarning: [m[K"FINSH_THREAD_NAME" redefined
  194 | #define FINSH_THREAD_NAME "tshell"
      | 
[01m[K./rtconfig.h:59:[m[K [01;36m[Knote: [m[Kthis is the location of the previous definition
   59 | #define FINSH_THREAD_NAME tshell
      | 
In file included from [01m[K/home/yfblock/Code/hyper-rtos/tgoskits/tmp/rt-thread-5.2.2-full/include/rtthread.h:31[m[K,
                 from [01m[K/home/yfblock/Code/hyper-rtos/tgoskits/tmp/rt-thread-5.2.2-full/components/net/lwip/port/sys_arch.c:21[m[K:
[01m[K./rtconfig.h:193:[m[K [01;35m[Kwarning: [m[K"RT_CONSOLE_DEVICE_NAME" redefined
  193 | #define RT_CONSOLE_DEVICE_NAME "uart0"
      | 
[01m[K./rtconfig.h:52:[m[K [01;36m[Knote: [m[Kthis is the location of the previous definition
   52 | #define RT_CONSOLE_DEVICE_NAME uart1
      | 
[01m[K./rtconfig.h:194:[m[K [01;35m[Kwarning: [m[K"FINSH_THREAD_NAME" redefined
  194 | #define FINSH_THREAD_NAME "tshell"
      | 
[01m[K./rtconfig.h:59:[m[K [01;36m[Knote: [m[Kthis is the location of the previous definition
   59 | #define FINSH_THREAD_NAME tshell
      | 
In file included from [01m[K/home/yfblock/Code/hyper-rtos/tgoskits/tmp/rt-thread-5.2.2-full/components/net/lwip/lwip-2.1.2/src/include/lwip/opt.h:51[m[K,
                 from [01m[K/home/yfblock/Code/hyper-rtos/tgoskits/tmp/rt-thread-5.2.2-full/components/net/lwip/lwip-2.1.2/src/include/lwip/init.h:40[m[K,
                 from [01m[K/home/yfblock/Code/hyper-rtos/tgoskits/tmp/rt-thread-5.2.2-full/components/net/lwip/port/ethernetif.c:54[m[K:
[01m[K/home/yfblock/Code/hyper-rtos/tgoskits/tmp/rt-thread-5.2.2-full/components/net/lwip/port/lwipopts.h:410:[m[K [01;35m[Kwarning: [m[K"TCPIP_THREAD_PRIO" redefined
  410 | #define TCPIP_THREAD_PRIO           RT_LWIP_TCPTHREAD_PRIORITY
      | 
In file included from [01m[K/home/yfblock/Code/hyper-rtos/tgoskits/tmp/rt-thread-5.2.2-full/components/libc/compilers/common/include/sys/time.h:15[m[K,
                 from [01m[K/home/yfblock/Code/hyper-rtos/tgoskits/tmp/rt-thread-5.2.2-full/components/net/lwip/port/lwipopts.h:22[m[K,
                 from [01m[K/home/yfblock/Code/hyper-rtos/tgoskits/tmp/rt-thread-5.2.2-full/components/net/lwip/lwip-2.1.2/src/include/lwip/opt.h:51[m[K,
                 from [01m[K/home/yfblock/Code/hyper-rtos/tgoskits/tmp/rt-thread-5.2.2-full/components/net/lwip/lwip-2.1.2/src/include/lwip/init.h:40[m[K,
                 from [01m[K/home/yfblock/Code/hyper-rtos/tgoskits/tmp/rt-thread-5.2.2-full/components/net/lwip/port/ethernetif.c:54[m[K:
[01m[K./rtconfig.h:202:[m[K [01;36m[Knote: [m[Kthis is the location of the previous definition
  202 | #define TCPIP_THREAD_PRIO 10
      | 
In file included from [01m[K/home/yfblock/Code/hyper-rtos/tgoskits/tmp/rt-thread-5.2.2-full/components/net/lwip/lwip-2.1.2/src/include/lwip/opt.h:51[m[K,
                 from [01m[K/home/yfblock/Code/hyper-rtos/tgoskits/tmp/rt-thread-5.2.2-full/components/net/lwip/lwip-2.1.2/src/include/lwip/init.h:40[m[K,
                 from [01m[K/home/yfblock/Code/hyper-rtos/tgoskits/tmp/rt-thread-5.2.2-full/components/net/lwip/port/ethernetif.c:54[m[K:
[01m[K/home/yfblock/Code/hyper-rtos/tgoskits/tmp/rt-thread-5.2.2-full/components/net/lwip/port/lwipopts.h:411:[m[K [01;35m[Kwarning: [m[K"TCPIP_THREAD_STACKSIZE" redefined
  411 | #define TCPIP_THREAD_STACKSIZE      RT_LWIP_TCPTHREAD_STACKSIZE
      | 
In file included from [01m[K/home/yfblock/Code/hyper-rtos/tgoskits/tmp/rt-thread-5.2.2-full/components/libc/compilers/common/include/sys/time.h:15[m[K,
                 from [01m[K/home/yfblock/Code/hyper-rtos/tgoskits/tmp/rt-thread-5.2.2-full/components/net/lwip/port/lwipopts.h:22[m[K,
                 from [01m[K/home/yfblock/Code/hyper-rtos/tgoskits/tmp/rt-thread-5.2.2-full/components/net/lwip/lwip-2.1.2/src/include/lwip/opt.h:51[m[K,
                 from [01m[K/home/yfblock/Code/hyper-rtos/tgoskits/tmp/rt-thread-5.2.2-full/components/net/lwip/lwip-2.1.2/src/include/lwip/init.h:40[m[K,
                 from [01m[K/home/yfblock/Code/hyper-rtos/tgoskits/tmp/rt-thread-5.2.2-full/components/net/lwip/port/ethernetif.c:54[m[K:
[01m[K./rtconfig.h:201:[m[K [01;36m[Knote: [m[Kthis is the location of the previous definition
  201 | #define TCPIP_THREAD_STACKSIZE 8192
      | 
In file included from [01m[K/home/yfblock/Code/hyper-rtos/tgoskits/tmp/rt-thread-5.2.2-full/include/rttypes.h:14[m[K,
                 from [01m[K/home/yfblock/Code/hyper-rtos/tgoskits/tmp/rt-thread-5.2.2-full/include/rtsched.h:14[m[K,
                 from [01m[K/home/yfblock/Code/hyper-rtos/tgoskits/tmp/rt-thread-5.2.2-full/include/rtdef.h:68[m[K,
                 from [01m[K/home/yfblock/Code/hyper-rtos/tgoskits/tmp/rt-thread-5.2.2-full/include/rthw.h:23[m[K,
                 from [01m[K/home/yfblock/Code/hyper-rtos/tgoskits/tmp/rt-thread-5.2.2-full/components/net/lwip/port/arch/cc.h:48[m[K,
                 from [01m[K/home/yfblock/Code/hyper-rtos/tgoskits/tmp/rt-thread-5.2.2-full/components/net/lwip/lwip-2.1.2/src/include/lwip/arch.h:48[m[K,
                 from [01m[K/home/yfblock/Code/hyper-rtos/tgoskits/tmp/rt-thread-5.2.2-full/components/net/lwip/lwip-2.1.2/src/include/lwip/debug.h:40[m[K,
                 from [01m[K/home/yfblock/Code/hyper-rtos/tgoskits/tmp/rt-thread-5.2.2-full/components/net/lwip/lwip-2.1.2/src/include/lwip/opt.h:52[m[K,
                 from [01m[K/home/yfblock/Code/hyper-rtos/tgoskits/tmp/rt-thread-5.2.2-full/components/net/lwip/lwip-2.1.2/src/include/lwip/init.h:40[m[K,
                 from [01m[K/home/yfblock/Code/hyper-rtos/tgoskits/tmp/rt-thread-5.2.2-full/components/net/lwip/port/ethernetif.c:54[m[K:
[01m[K./rtconfig.h:201:[m[K [01;35m[Kwarning: [m[K"TCPIP_THREAD_STACKSIZE" redefined
  201 | #define TCPIP_THREAD_STACKSIZE 8192
      | 
In file included from [01m[K/home/yfblock/Code/hyper-rtos/tgoskits/tmp/rt-thread-5.2.2-full/components/net/lwip/lwip-2.1.2/src/include/lwip/opt.h:51[m[K,
                 from [01m[K/home/yfblock/Code/hyper-rtos/tgoskits/tmp/rt-thread-5.2.2-full/components/net/lwip/lwip-2.1.2/src/include/lwip/init.h:40[m[K,
                 from [01m[K/home/yfblock/Code/hyper-rtos/tgoskits/tmp/rt-thread-5.2.2-full/components/net/lwip/port/ethernetif.c:54[m[K:
[01m[K/home/yfblock/Code/hyper-rtos/tgoskits/tmp/rt-thread-5.2.2-full/components/net/lwip/port/lwipopts.h:411:[m[K [01;36m[Knote: [m[Kthis is the location of the previous definition
  411 | #define TCPIP_THREAD_STACKSIZE      RT_LWIP_TCPTHREAD_STACKSIZE
      | 
In file included from [01m[K/home/yfblock/Code/hyper-rtos/tgoskits/tmp/rt-thread-5.2.2-full/include/rttypes.h:14[m[K,
                 from [01m[K/home/yfblock/Code/hyper-rtos/tgoskits/tmp/rt-thread-5.2.2-full/include/rtsched.h:14[m[K,
                 from [01m[K/home/yfblock/Code/hyper-rtos/tgoskits/tmp/rt-thread-5.2.2-full/include/rtdef.h:68[m[K,
                 from [01m[K/home/yfblock/Code/hyper-rtos/tgoskits/tmp/rt-thread-5.2.2-full/include/rthw.h:23[m[K,
                 from [01m[K/home/yfblock/Code/hyper-rtos/tgoskits/tmp/rt-thread-5.2.2-full/components/net/lwip/port/arch/cc.h:48[m[K,
                 from [01m[K/home/yfblock/Code/hyper-rtos/tgoskits/tmp/rt-thread-5.2.2-full/components/net/lwip/lwip-2.1.2/src/include/lwip/arch.h:48[m[K,
                 from [01m[K/home/yfblock/Code/hyper-rtos/tgoskits/tmp/rt-thread-5.2.2-full/components/net/lwip/lwip-2.1.2/src/include/lwip/debug.h:40[m[K,
                 from [01m[K/home/yfblock/Code/hyper-rtos/tgoskits/tmp/rt-thread-5.2.2-full/components/net/lwip/lwip-2.1.2/src/include/lwip/opt.h:52[m[K,
                 from [01m[K/home/yfblock/Code/hyper-rtos/tgoskits/tmp/rt-thread-5.2.2-full/components/net/lwip/lwip-2.1.2/src/include/lwip/init.h:40[m[K,
                 from [01m[K/home/yfblock/Code/hyper-rtos/tgoskits/tmp/rt-thread-5.2.2-full/components/net/lwip/port/ethernetif.c:54[m[K:
[01m[K./rtconfig.h:202:[m[K [01;35m[Kwarning: [m[K"TCPIP_THREAD_PRIO" redefined
  202 | #define TCPIP_THREAD_PRIO 10
      | 
In file included from [01m[K/home/yfblock/Code/hyper-rtos/tgoskits/tmp/rt-thread-5.2.2-full/components/net/lwip/lwip-2.1.2/src/include/lwip/opt.h:51[m[K,
                 from [01m[K/home/yfblock/Code/hyper-rtos/tgoskits/tmp/rt-thread-5.2.2-full/components/net/lwip/lwip-2.1.2/src/include/lwip/init.h:40[m[K,
                 from [01m[K/home/yfblock/Code/hyper-rtos/tgoskits/tmp/rt-thread-5.2.2-full/components/net/lwip/port/ethernetif.c:54[m[K:
[01m[K/home/yfblock/Code/hyper-rtos/tgoskits/tmp/rt-thread-5.2.2-full/components/net/lwip/port/lwipopts.h:410:[m[K [01;36m[Knote: [m[Kthis is the location of the previous definition
  410 | #define TCPIP_THREAD_PRIO           RT_LWIP_TCPTHREAD_PRIORITY
      | 
CC build/kernel/components/net/netdev/src/netdev.o
In file included from [01m[K/home/yfblock/Code/hyper-rtos/tgoskits/tmp/rt-thread-5.2.2-full/components/net/lwip/lwip-2.1.2/src/include/lwip/opt.h:51[m[K,
                 from [01m[K/home/yfblock/Code/hyper-rtos/tgoskits/tmp/rt-thread-5.2.2-full/components/net/lwip/lwip-2.1.2/src/include/lwip/sys.h:40[m[K,
                 from [01m[K/home/yfblock/Code/hyper-rtos/tgoskits/tmp/rt-thread-5.2.2-full/components/net/lwip/port/sys_arch.c:25[m[K:
[01m[K/home/yfblock/Code/hyper-rtos/tgoskits/tmp/rt-thread-5.2.2-full/components/net/lwip/port/lwipopts.h:410:[m[K [01;35m[Kwarning: [m[K"TCPIP_THREAD_PRIO" redefined
  410 | #define TCPIP_THREAD_PRIO           RT_LWIP_TCPTHREAD_PRIORITY
      | 
In file included from [01m[K/home/yfblock/Code/hyper-rtos/tgoskits/tmp/rt-thread-5.2.2-full/components/libc/compilers/common/include/sys/time.h:15[m[K,
                 from [01m[K/home/yfblock/Code/hyper-rtos/tgoskits/tmp/rt-thread-5.2.2-full/components/net/lwip/port/lwipopts.h:22[m[K,
                 from [01m[K/home/yfblock/Code/hyper-rtos/tgoskits/tmp/rt-thread-5.2.2-full/components/net/lwip/lwip-2.1.2/src/include/lwip/opt.h:51[m[K,
                 from [01m[K/home/yfblock/Code/hyper-rtos/tgoskits/tmp/rt-thread-5.2.2-full/components/net/lwip/lwip-2.1.2/src/include/lwip/sys.h:40[m[K,
                 from [01m[K/home/yfblock/Code/hyper-rtos/tgoskits/tmp/rt-thread-5.2.2-full/components/net/lwip/port/sys_arch.c:25[m[K:
[01m[K./rtconfig.h:202:[m[K [01;36m[Knote: [m[Kthis is the location of the previous definition
  202 | #define TCPIP_THREAD_PRIO 10
      | 
In file included from [01m[K/home/yfblock/Code/hyper-rtos/tgoskits/tmp/rt-thread-5.2.2-full/components/net/lwip/lwip-2.1.2/src/include/lwip/opt.h:51[m[K,
                 from [01m[K/home/yfblock/Code/hyper-rtos/tgoskits/tmp/rt-thread-5.2.2-full/components/net/lwip/lwip-2.1.2/src/include/lwip/sys.h:40[m[K,
                 from [01m[K/home/yfblock/Code/hyper-rtos/tgoskits/tmp/rt-thread-5.2.2-full/components/net/lwip/port/sys_arch.c:25[m[K:
[01m[K/home/yfblock/Code/hyper-rtos/tgoskits/tmp/rt-thread-5.2.2-full/components/net/lwip/port/lwipopts.h:411:[m[K [01;35m[Kwarning: [m[K"TCPIP_THREAD_STACKSIZE" redefined
  411 | #define TCPIP_THREAD_STACKSIZE      RT_LWIP_TCPTHREAD_STACKSIZE
      | 
In file included from [01m[K/home/yfblock/Code/hyper-rtos/tgoskits/tmp/rt-thread-5.2.2-full/components/libc/compilers/common/include/sys/time.h:15[m[K,
                 from [01m[K/home/yfblock/Code/hyper-rtos/tgoskits/tmp/rt-thread-5.2.2-full/components/net/lwip/port/lwipopts.h:22[m[K,
                 from [01m[K/home/yfblock/Code/hyper-rtos/tgoskits/tmp/rt-thread-5.2.2-full/components/net/lwip/lwip-2.1.2/src/include/lwip/opt.h:51[m[K,
                 from [01m[K/home/yfblock/Code/hyper-rtos/tgoskits/tmp/rt-thread-5.2.2-full/components/net/lwip/lwip-2.1.2/src/include/lwip/sys.h:40[m[K,
                 from [01m[K/home/yfblock/Code/hyper-rtos/tgoskits/tmp/rt-thread-5.2.2-full/components/net/lwip/port/sys_arch.c:25[m[K:
[01m[K./rtconfig.h:201:[m[K [01;36m[Knote: [m[Kthis is the location of the previous definition
  201 | #define TCPIP_THREAD_STACKSIZE 8192
      | 
CC build/kernel/components/net/netdev/src/netdev_ipaddr.o
In file included from [01m[K/home/yfblock/Code/hyper-rtos/tgoskits/tmp/rt-thread-5.2.2-full/include/rtthread.h:31[m[K,
                 from [01m[K/home/yfblock/Code/hyper-rtos/tgoskits/tmp/rt-thread-5.2.2-full/components/net/netdev/src/netdev.c:16[m[K:
[01m[K./rtconfig.h:193:[m[K [01;35m[Kwarning: [m[K"RT_CONSOLE_DEVICE_NAME" redefined
  193 | #define RT_CONSOLE_DEVICE_NAME "uart0"
      | 
[01m[K./rtconfig.h:52:[m[K [01;36m[Knote: [m[Kthis is the location of the previous definition
   52 | #define RT_CONSOLE_DEVICE_NAME uart1
      | 
[01m[K./rtconfig.h:194:[m[K [01;35m[Kwarning: [m[K"FINSH_THREAD_NAME" redefined
  194 | #define FINSH_THREAD_NAME "tshell"
      | 
[01m[K./rtconfig.h:59:[m[K [01;36m[Knote: [m[Kthis is the location of the previous definition
   59 | #define FINSH_THREAD_NAME tshell
      | 
In file included from [01m[K/home/yfblock/Code/hyper-rtos/tgoskits/tmp/rt-thread-5.2.2-full/include/rtthread.h:31[m[K,
                 from [01m[K/home/yfblock/Code/hyper-rtos/tgoskits/tmp/rt-thread-5.2.2-full/components/net/netdev/src/netdev_ipaddr.c:11[m[K:
[01m[K./rtconfig.h:193:[m[K [01;35m[Kwarning: [m[K"RT_CONSOLE_DEVICE_NAME" redefined
  193 | #define RT_CONSOLE_DEVICE_NAME "uart0"
      | 
[01m[K./rtconfig.h:52:[m[K [01;36m[Knote: [m[Kthis is the location of the previous definition
   52 | #define RT_CONSOLE_DEVICE_NAME uart1
      | 
[01m[K./rtconfig.h:194:[m[K [01;35m[Kwarning: [m[K"FINSH_THREAD_NAME" redefined
  194 | #define FINSH_THREAD_NAME "tshell"
      | 
[01m[K./rtconfig.h:59:[m[K [01;36m[Knote: [m[Kthis is the location of the previous definition
   59 | #define FINSH_THREAD_NAME tshell
      | 
CC build/kernel/components/net/sal/dfs_net/dfs_net.o
In file included from [01m[K/home/yfblock/Code/hyper-rtos/tgoskits/tmp/rt-thread-5.2.2-full/include/rtthread.h:31[m[K,
                 from [01m[K/home/yfblock/Code/hyper-rtos/tgoskits/tmp/rt-thread-5.2.2-full/components/net/sal/dfs_net/dfs_net.c:14[m[K:
[01m[K./rtconfig.h:193:[m[K [01;35m[Kwarning: [m[K"RT_CONSOLE_DEVICE_NAME" redefined
  193 | #define RT_CONSOLE_DEVICE_NAME "uart0"
      | 
[01m[K./rtconfig.h:52:[m[K [01;36m[Knote: [m[Kthis is the location of the previous definition
   52 | #define RT_CONSOLE_DEVICE_NAME uart1
      | 
[01m[K./rtconfig.h:194:[m[K [01;35m[Kwarning: [m[K"FINSH_THREAD_NAME" redefined
  194 | #define FINSH_THREAD_NAME "tshell"
      | 
[01m[K./rtconfig.h:59:[m[K [01;36m[Knote: [m[Kthis is the location of the previous definition
   59 | #define FINSH_THREAD_NAME tshell
      | 
CC build/kernel/components/net/sal/impl/af_inet_lwip.o
In file included from [01m[K/home/yfblock/Code/hyper-rtos/tgoskits/tmp/rt-thread-5.2.2-full/include/rtthread.h:31[m[K,
                 from [01m[K/home/yfblock/Code/hyper-rtos/tgoskits/tmp/rt-thread-5.2.2-full/components/net/sal/impl/af_inet_lwip.c:11[m[K:
[01m[K./rtconfig.h:193:[m[K [01;35m[Kwarning: [m[K"RT_CONSOLE_DEVICE_NAME" redefined
  193 | #define RT_CONSOLE_DEVICE_NAME "uart0"
      | 
[01m[K./rtconfig.h:52:[m[K [01;36m[Knote: [m[Kthis is the location of the previous definition
   52 | #define RT_CONSOLE_DEVICE_NAME uart1
      | 
[01m[K./rtconfig.h:194:[m[K [01;35m[Kwarning: [m[K"FINSH_THREAD_NAME" redefined
  194 | #define FINSH_THREAD_NAME "tshell"
      | 
[01m[K./rtconfig.h:59:[m[K [01;36m[Knote: [m[Kthis is the location of the previous definition
   59 | #define FINSH_THREAD_NAME tshell
      | 
CC build/kernel/components/net/sal/socket/net_netdb.o
In file included from [01m[K/home/yfblock/Code/hyper-rtos/tgoskits/tmp/rt-thread-5.2.2-full/include/rtthread.h:31[m[K,
                 from [01m[K/home/yfblock/Code/hyper-rtos/tgoskits/tmp/rt-thread-5.2.2-full/components/net/sal/socket/net_netdb.c:13[m[K:
[01m[K./rtconfig.h:193:[m[K [01;35m[Kwarning: [m[K"RT_CONSOLE_DEVICE_NAME" redefined
  193 | #define RT_CONSOLE_DEVICE_NAME "uart0"
      | 
[01m[K./rtconfig.h:52:[m[K [01;36m[Knote: [m[Kthis is the location of the previous definition
   52 | #define RT_CONSOLE_DEVICE_NAME uart1
      | 
[01m[K./rtconfig.h:194:[m[K [01;35m[Kwarning: [m[K"FINSH_THREAD_NAME" redefined
  194 | #define FINSH_THREAD_NAME "tshell"
      | 
[01m[K./rtconfig.h:59:[m[K [01;36m[Knote: [m[Kthis is the location of the previous definition
   59 | #define FINSH_THREAD_NAME tshell
      | 
In file included from [01m[K/home/yfblock/Code/hyper-rtos/tgoskits/tmp/rt-thread-5.2.2-full/components/net/lwip/lwip-2.1.2/src/include/lwip/opt.h:51[m[K,
                 from [01m[K/home/yfblock/Code/hyper-rtos/tgoskits/tmp/rt-thread-5.2.2-full/components/net/lwip/lwip-2.1.2/src/include/lwip/sockets.h:42[m[K,
                 from [01m[K/home/yfblock/Code/hyper-rtos/tgoskits/tmp/rt-thread-5.2.2-full/components/net/sal/impl/af_inet_lwip.c:17[m[K:
[01m[K/home/yfblock/Code/hyper-rtos/tgoskits/tmp/rt-thread-5.2.2-full/components/net/lwip/port/lwipopts.h:410:[m[K [01;35m[Kwarning: [m[K"TCPIP_THREAD_PRIO" redefined
  410 | #define TCPIP_THREAD_PRIO           RT_LWIP_TCPTHREAD_PRIORITY
      | 
In file included from [01m[K/home/yfblock/Code/hyper-rtos/tgoskits/tmp/rt-thread-5.2.2-full/components/libc/compilers/common/include/sys/time.h:15[m[K,
                 from [01m[K/home/yfblock/Code/hyper-rtos/tgoskits/tmp/rt-thread-5.2.2-full/components/net/lwip/port/lwipopts.h:22[m[K,
                 from [01m[K/home/yfblock/Code/hyper-rtos/tgoskits/tmp/rt-thread-5.2.2-full/components/net/lwip/lwip-2.1.2/src/include/lwip/opt.h:51[m[K,
                 from [01m[K/home/yfblock/Code/hyper-rtos/tgoskits/tmp/rt-thread-5.2.2-full/components/net/lwip/lwip-2.1.2/src/include/lwip/sockets.h:42[m[K,
                 from [01m[K/home/yfblock/Code/hyper-rtos/tgoskits/tmp/rt-thread-5.2.2-full/components/net/sal/impl/af_inet_lwip.c:17[m[K:
[01m[K./rtconfig.h:202:[m[K [01;36m[Knote: [m[Kthis is the location of the previous definition
  202 | #define TCPIP_THREAD_PRIO 10
      | 
In file included from [01m[K/home/yfblock/Code/hyper-rtos/tgoskits/tmp/rt-thread-5.2.2-full/components/net/lwip/lwip-2.1.2/src/include/lwip/opt.h:51[m[K,
                 from [01m[K/home/yfblock/Code/hyper-rtos/tgoskits/tmp/rt-thread-5.2.2-full/components/net/lwip/lwip-2.1.2/src/include/lwip/sockets.h:42[m[K,
                 from [01m[K/home/yfblock/Code/hyper-rtos/tgoskits/tmp/rt-thread-5.2.2-full/components/net/sal/impl/af_inet_lwip.c:17[m[K:
[01m[K/home/yfblock/Code/hyper-rtos/tgoskits/tmp/rt-thread-5.2.2-full/components/net/lwip/port/lwipopts.h:411:[m[K [01;35m[Kwarning: [m[K"TCPIP_THREAD_STACKSIZE" redefined
  411 | #define TCPIP_THREAD_STACKSIZE      RT_LWIP_TCPTHREAD_STACKSIZE
      | 
In file included from [01m[K/home/yfblock/Code/hyper-rtos/tgoskits/tmp/rt-thread-5.2.2-full/components/libc/compilers/common/include/sys/time.h:15[m[K,
                 from [01m[K/home/yfblock/Code/hyper-rtos/tgoskits/tmp/rt-thread-5.2.2-full/components/net/lwip/port/lwipopts.h:22[m[K,
                 from [01m[K/home/yfblock/Code/hyper-rtos/tgoskits/tmp/rt-thread-5.2.2-full/components/net/lwip/lwip-2.1.2/src/include/lwip/opt.h:51[m[K,
                 from [01m[K/home/yfblock/Code/hyper-rtos/tgoskits/tmp/rt-thread-5.2.2-full/components/net/lwip/lwip-2.1.2/src/include/lwip/sockets.h:42[m[K,
                 from [01m[K/home/yfblock/Code/hyper-rtos/tgoskits/tmp/rt-thread-5.2.2-full/components/net/sal/impl/af_inet_lwip.c:17[m[K:
[01m[K./rtconfig.h:201:[m[K [01;36m[Knote: [m[Kthis is the location of the previous definition
  201 | #define TCPIP_THREAD_STACKSIZE 8192
      | 
In file included from [01m[K/home/yfblock/Code/hyper-rtos/tgoskits/tmp/rt-thread-5.2.2-full/components/drivers/include/ipc/ringbuffer.h:14[m[K,
                 from [01m[K/home/yfblock/Code/hyper-rtos/tgoskits/tmp/rt-thread-5.2.2-full/components/drivers/include/rtdevice.h:26[m[K,
                 from [01m[K/home/yfblock/Code/hyper-rtos/tgoskits/tmp/rt-thread-5.2.2-full/components/net/sal/include/sal_low_lvl.h:16[m[K,
                 from [01m[K/home/yfblock/Code/hyper-rtos/tgoskits/tmp/rt-thread-5.2.2-full/components/net/sal/impl/af_inet_lwip.c:23[m[K:
[01m[K./rtconfig.h:201:[m[K [01;35m[Kwarning: [m[K"TCPIP_THREAD_STACKSIZE" redefined
  201 | #define TCPIP_THREAD_STACKSIZE 8192
      | 
In file included from [01m[K/home/yfblock/Code/hyper-rtos/tgoskits/tmp/rt-thread-5.2.2-full/components/net/lwip/lwip-2.1.2/src/include/lwip/opt.h:51[m[K,
                 from [01m[K/home/yfblock/Code/hyper-rtos/tgoskits/tmp/rt-thread-5.2.2-full/components/net/lwip/lwip-2.1.2/src/include/lwip/sockets.h:42[m[K,
                 from [01m[K/home/yfblock/Code/hyper-rtos/tgoskits/tmp/rt-thread-5.2.2-full/components/net/sal/impl/af_inet_lwip.c:17[m[K:
[01m[K/home/yfblock/Code/hyper-rtos/tgoskits/tmp/rt-thread-5.2.2-full/components/net/lwip/port/lwipopts.h:411:[m[K [01;36m[Knote: [m[Kthis is the location of the previous definition
  411 | #define TCPIP_THREAD_STACKSIZE      RT_LWIP_TCPTHREAD_STACKSIZE
      | 
In file included from [01m[K/home/yfblock/Code/hyper-rtos/tgoskits/tmp/rt-thread-5.2.2-full/components/drivers/include/ipc/ringbuffer.h:14[m[K,
                 from [01m[K/home/yfblock/Code/hyper-rtos/tgoskits/tmp/rt-thread-5.2.2-full/components/drivers/include/rtdevice.h:26[m[K,
                 from [01m[K/home/yfblock/Code/hyper-rtos/tgoskits/tmp/rt-thread-5.2.2-full/components/net/sal/include/sal_low_lvl.h:16[m[K,
                 from [01m[K/home/yfblock/Code/hyper-rtos/tgoskits/tmp/rt-thread-5.2.2-full/components/net/sal/impl/af_inet_lwip.c:23[m[K:
[01m[K./rtconfig.h:202:[m[K [01;35m[Kwarning: [m[K"TCPIP_THREAD_PRIO" redefined
  202 | #define TCPIP_THREAD_PRIO 10
      | 
In file included from [01m[K/home/yfblock/Code/hyper-rtos/tgoskits/tmp/rt-thread-5.2.2-full/components/net/lwip/lwip-2.1.2/src/include/lwip/opt.h:51[m[K,
                 from [01m[K/home/yfblock/Code/hyper-rtos/tgoskits/tmp/rt-thread-5.2.2-full/components/net/lwip/lwip-2.1.2/src/include/lwip/sockets.h:42[m[K,
                 from [01m[K/home/yfblock/Code/hyper-rtos/tgoskits/tmp/rt-thread-5.2.2-full/components/net/sal/impl/af_inet_lwip.c:17[m[K:
[01m[K/home/yfblock/Code/hyper-rtos/tgoskits/tmp/rt-thread-5.2.2-full/components/net/lwip/port/lwipopts.h:410:[m[K [01;36m[Knote: [m[Kthis is the location of the previous definition
  410 | #define TCPIP_THREAD_PRIO           RT_LWIP_TCPTHREAD_PRIORITY
      | 
CC build/kernel/components/net/sal/socket/net_sockets.o
CC build/kernel/components/net/sal/src/sal_socket.o
In file included from [01m[K/home/yfblock/Code/hyper-rtos/tgoskits/tmp/rt-thread-5.2.2-full/include/rttypes.h:14[m[K,
                 from [01m[K/home/yfblock/Code/hyper-rtos/tgoskits/tmp/rt-thread-5.2.2-full/include/rtsched.h:14[m[K,
                 from [01m[K/home/yfblock/Code/hyper-rtos/tgoskits/tmp/rt-thread-5.2.2-full/include/rtdef.h:68[m[K,
                 from [01m[K/home/yfblock/Code/hyper-rtos/tgoskits/tmp/rt-thread-5.2.2-full/components/libc/compilers/common/include/dirent.h:13[m[K,
                 from [01m[K/home/yfblock/Code/hyper-rtos/tgoskits/tmp/rt-thread-5.2.2-full/components/dfs/dfs_v1/include/dfs.h:18[m[K,
                 from [01m[K/home/yfblock/Code/hyper-rtos/tgoskits/tmp/rt-thread-5.2.2-full/components/net/sal/socket/net_sockets.c:12[m[K:
[01m[K./rtconfig.h:193:[m[K [01;35m[Kwarning: [m[K"RT_CONSOLE_DEVICE_NAME" redefined
  193 | #define RT_CONSOLE_DEVICE_NAME "uart0"
      | 
[01m[K./rtconfig.h:52:[m[K [01;36m[Knote: [m[Kthis is the location of the previous definition
   52 | #define RT_CONSOLE_DEVICE_NAME uart1
      | 
[01m[K./rtconfig.h:194:[m[K [01;35m[Kwarning: [m[K"FINSH_THREAD_NAME" redefined
  194 | #define FINSH_THREAD_NAME "tshell"
      | 
[01m[K./rtconfig.h:59:[m[K [01;36m[Knote: [m[Kthis is the location of the previous definition
   59 | #define FINSH_THREAD_NAME tshell
      | 
In file included from [01m[K/home/yfblock/Code/hyper-rtos/tgoskits/tmp/rt-thread-5.2.2-full/include/rtthread.h:31[m[K,
                 from [01m[K/home/yfblock/Code/hyper-rtos/tgoskits/tmp/rt-thread-5.2.2-full/components/net/sal/src/sal_socket.c:12[m[K:
[01m[K./rtconfig.h:193:[m[K [01;35m[Kwarning: [m[K"RT_CONSOLE_DEVICE_NAME" redefined
  193 | #define RT_CONSOLE_DEVICE_NAME "uart0"
      | 
[01m[K./rtconfig.h:52:[m[K [01;36m[Knote: [m[Kthis is the location of the previous definition
   52 | #define RT_CONSOLE_DEVICE_NAME uart1
      | 
[01m[K./rtconfig.h:194:[m[K [01;35m[Kwarning: [m[K"FINSH_THREAD_NAME" redefined
  194 | #define FINSH_THREAD_NAME "tshell"
      | 
[01m[K./rtconfig.h:59:[m[K [01;36m[Knote: [m[Kthis is the location of the previous definition
   59 | #define FINSH_THREAD_NAME tshell
      | 
CC build/kernel/components/utilities/libadt/avl/avl.o
In file included from [01m[K/home/yfblock/Code/hyper-rtos/tgoskits/tmp/rt-thread-5.2.2-full/include/rttypes.h:14[m[K,
                 from [01m[K/home/yfblock/Code/hyper-rtos/tgoskits/tmp/rt-thread-5.2.2-full/include/rtsched.h:14[m[K,
                 from [01m[K/home/yfblock/Code/hyper-rtos/tgoskits/tmp/rt-thread-5.2.2-full/include/rtdef.h:68[m[K,
                 from [01m[K/home/yfblock/Code/hyper-rtos/tgoskits/tmp/rt-thread-5.2.2-full/components/utilities/libadt/avl/avl.h:15[m[K,
                 from [01m[K/home/yfblock/Code/hyper-rtos/tgoskits/tmp/rt-thread-5.2.2-full/components/utilities/libadt/avl/avl.c:15[m[K:
[01m[K./rtconfig.h:193:[m[K [01;35m[Kwarning: [m[K"RT_CONSOLE_DEVICE_NAME" redefined
  193 | #define RT_CONSOLE_DEVICE_NAME "uart0"
      | 
[01m[K./rtconfig.h:52:[m[K [01;36m[Knote: [m[Kthis is the location of the previous definition
   52 | #define RT_CONSOLE_DEVICE_NAME uart1
      | 
[01m[K./rtconfig.h:194:[m[K [01;35m[Kwarning: [m[K"FINSH_THREAD_NAME" redefined
  194 | #define FINSH_THREAD_NAME "tshell"
      | 
[01m[K./rtconfig.h:59:[m[K [01;36m[Knote: [m[Kthis is the location of the previous definition
   59 | #define FINSH_THREAD_NAME tshell
      | 
CC build/kernel/components/utilities/resource/resource_id.o
In file included from [01m[K/home/yfblock/Code/hyper-rtos/tgoskits/tmp/rt-thread-5.2.2-full/include/rttypes.h:14[m[K,
                 from [01m[K/home/yfblock/Code/hyper-rtos/tgoskits/tmp/rt-thread-5.2.2-full/include/rtsched.h:14[m[K,
                 from [01m[K/home/yfblock/Code/hyper-rtos/tgoskits/tmp/rt-thread-5.2.2-full/include/rtdef.h:68[m[K,
                 from [01m[K/home/yfblock/Code/hyper-rtos/tgoskits/tmp/rt-thread-5.2.2-full/include/rthw.h:23[m[K,
                 from [01m[K/home/yfblock/Code/hyper-rtos/tgoskits/tmp/rt-thread-5.2.2-full/components/utilities/resource/resource_id.c:11[m[K:
[01m[K./rtconfig.h:193:[m[K [01;35m[Kwarning: [m[K"RT_CONSOLE_DEVICE_NAME" redefined
  193 | #define RT_CONSOLE_DEVICE_NAME "uart0"
      | 
[01m[K./rtconfig.h:52:[m[K [01;36m[Knote: [m[Kthis is the location of the previous definition
   52 | #define RT_CONSOLE_DEVICE_NAME uart1
      | 
[01m[K./rtconfig.h:194:[m[K [01;35m[Kwarning: [m[K"FINSH_THREAD_NAME" redefined
  194 | #define FINSH_THREAD_NAME "tshell"
      | 
[01m[K./rtconfig.h:59:[m[K [01;36m[Knote: [m[Kthis is the location of the previous definition
   59 | #define FINSH_THREAD_NAME tshell
      | 
CC build/kernel/components/utilities/resource/rid_bitmap.o
CC build/kernel/libcpu/aarch64/common/atomic_aarch64.o
In file included from [01m[K/home/yfblock/Code/hyper-rtos/tgoskits/tmp/rt-thread-5.2.2-full/include/rttypes.h:14[m[K,
                 from [01m[K/home/yfblock/Code/hyper-rtos/tgoskits/tmp/rt-thread-5.2.2-full/include/rtsched.h:14[m[K,
                 from [01m[K/home/yfblock/Code/hyper-rtos/tgoskits/tmp/rt-thread-5.2.2-full/include/rtdef.h:68[m[K,
                 from [01m[K/home/yfblock/Code/hyper-rtos/tgoskits/tmp/rt-thread-5.2.2-full/include/rthw.h:23[m[K,
                 from [01m[K/home/yfblock/Code/hyper-rtos/tgoskits/tmp/rt-thread-5.2.2-full/components/utilities/resource/rid_bitmap.h:14[m[K,
                 from [01m[K/home/yfblock/Code/hyper-rtos/tgoskits/tmp/rt-thread-5.2.2-full/components/utilities/resource/rid_bitmap.c:11[m[K:
[01m[K./rtconfig.h:193:[m[K [01;35m[Kwarning: [m[K"RT_CONSOLE_DEVICE_NAME" redefined
  193 | #define RT_CONSOLE_DEVICE_NAME "uart0"
      | 
[01m[K./rtconfig.h:52:[m[K [01;36m[Knote: [m[Kthis is the location of the previous definition
   52 | #define RT_CONSOLE_DEVICE_NAME uart1
      | 
[01m[K./rtconfig.h:194:[m[K [01;35m[Kwarning: [m[K"FINSH_THREAD_NAME" redefined
  194 | #define FINSH_THREAD_NAME "tshell"
      | 
[01m[K./rtconfig.h:59:[m[K [01;36m[Knote: [m[Kthis is the location of the previous definition
   59 | #define FINSH_THREAD_NAME tshell
      | 
CC build/kernel/libcpu/aarch64/common/backtrace.o
In file included from [01m[K/home/yfblock/Code/hyper-rtos/tgoskits/tmp/rt-thread-5.2.2-full/include/rttypes.h:14[m[K,
                 from [01m[K/home/yfblock/Code/hyper-rtos/tgoskits/tmp/rt-thread-5.2.2-full/include/rtsched.h:14[m[K,
                 from [01m[K/home/yfblock/Code/hyper-rtos/tgoskits/tmp/rt-thread-5.2.2-full/include/rtdef.h:68[m[K,
                 from [01m[K/home/yfblock/Code/hyper-rtos/tgoskits/tmp/rt-thread-5.2.2-full/include/rthw.h:23[m[K,
                 from [01m[K/home/yfblock/Code/hyper-rtos/tgoskits/tmp/rt-thread-5.2.2-full/libcpu/aarch64/common/atomic_aarch64.c:11[m[K:
[01m[K./rtconfig.h:193:[m[K [01;35m[Kwarning: [m[K"RT_CONSOLE_DEVICE_NAME" redefined
  193 | #define RT_CONSOLE_DEVICE_NAME "uart0"
      | 
[01m[K./rtconfig.h:52:[m[K [01;36m[Knote: [m[Kthis is the location of the previous definition
   52 | #define RT_CONSOLE_DEVICE_NAME uart1
      | 
[01m[K./rtconfig.h:194:[m[K [01;35m[Kwarning: [m[K"FINSH_THREAD_NAME" redefined
  194 | #define FINSH_THREAD_NAME "tshell"
      | 
[01m[K./rtconfig.h:59:[m[K [01;36m[Knote: [m[Kthis is the location of the previous definition
   59 | #define FINSH_THREAD_NAME tshell
      | 
In file included from [01m[K/home/yfblock/Code/hyper-rtos/tgoskits/tmp/rt-thread-5.2.2-full/include/rtthread.h:31[m[K,
                 from [01m[K/home/yfblock/Code/hyper-rtos/tgoskits/tmp/rt-thread-5.2.2-full/libcpu/aarch64/common/backtrace.c:14[m[K:
[01m[K./rtconfig.h:193:[m[K [01;35m[Kwarning: [m[K"RT_CONSOLE_DEVICE_NAME" redefined
  193 | #define RT_CONSOLE_DEVICE_NAME "uart0"
      | 
[01m[K./rtconfig.h:52:[m[K [01;36m[Knote: [m[Kthis is the location of the previous definition
   52 | #define RT_CONSOLE_DEVICE_NAME uart1
      | 
[01m[K./rtconfig.h:194:[m[K [01;35m[Kwarning: [m[K"FINSH_THREAD_NAME" redefined
  194 | #define FINSH_THREAD_NAME "tshell"
      | 
[01m[K./rtconfig.h:59:[m[K [01;36m[Knote: [m[Kthis is the location of the previous definition
   59 | #define FINSH_THREAD_NAME tshell
      | 
AS build/kernel/libcpu/aarch64/common/cache.o
CC build/kernel/libcpu/aarch64/common/cache_ops.o
CC build/kernel/libcpu/aarch64/common/cpu.o
AS build/kernel/libcpu/aarch64/common/cpu_gcc.o
In file included from [01m[K/home/yfblock/Code/hyper-rtos/tgoskits/tmp/rt-thread-5.2.2-full/include/rttypes.h:14[m[K,
                 from [01m[K/home/yfblock/Code/hyper-rtos/tgoskits/tmp/rt-thread-5.2.2-full/include/rtsched.h:14[m[K,
                 from [01m[K/home/yfblock/Code/hyper-rtos/tgoskits/tmp/rt-thread-5.2.2-full/include/rtdef.h:68[m[K,
                 from [01m[K/home/yfblock/Code/hyper-rtos/tgoskits/tmp/rt-thread-5.2.2-full/include/rthw.h:23[m[K,
                 from [01m[K/home/yfblock/Code/hyper-rtos/tgoskits/tmp/rt-thread-5.2.2-full/libcpu/aarch64/common/cache_ops.c:10[m[K:
[01m[K./rtconfig.h:193:[m[K [01;35m[Kwarning: [m[K"RT_CONSOLE_DEVICE_NAME" redefined
  193 | #define RT_CONSOLE_DEVICE_NAME "uart0"
      | 
[01m[K./rtconfig.h:52:[m[K [01;36m[Knote: [m[Kthis is the location of the previous definition
   52 | #define RT_CONSOLE_DEVICE_NAME uart1
      | 
[01m[K./rtconfig.h:194:[m[K [01;35m[Kwarning: [m[K"FINSH_THREAD_NAME" redefined
  194 | #define FINSH_THREAD_NAME "tshell"
      | 
[01m[K./rtconfig.h:59:[m[K [01;36m[Knote: [m[Kthis is the location of the previous definition
   59 | #define FINSH_THREAD_NAME tshell
      | 
In file included from [01m[K/home/yfblock/Code/hyper-rtos/tgoskits/tmp/rt-thread-5.2.2-full/include/rttypes.h:14[m[K,
                 from [01m[K/home/yfblock/Code/hyper-rtos/tgoskits/tmp/rt-thread-5.2.2-full/include/rtsched.h:14[m[K,
                 from [01m[K/home/yfblock/Code/hyper-rtos/tgoskits/tmp/rt-thread-5.2.2-full/include/rtdef.h:68[m[K,
                 from [01m[K/home/yfblock/Code/hyper-rtos/tgoskits/tmp/rt-thread-5.2.2-full/include/rthw.h:23[m[K,
                 from [01m[K/home/yfblock/Code/hyper-rtos/tgoskits/tmp/rt-thread-5.2.2-full/libcpu/aarch64/common/cpu.c:14[m[K:
[01m[K./rtconfig.h:193:[m[K [01;35m[Kwarning: [m[K"RT_CONSOLE_DEVICE_NAME" redefined
  193 | #define RT_CONSOLE_DEVICE_NAME "uart0"
      | 
[01m[K./rtconfig.h:52:[m[K [01;36m[Knote: [m[Kthis is the location of the previous definition
   52 | #define RT_CONSOLE_DEVICE_NAME uart1
      | 
[01m[K./rtconfig.h:194:[m[K [01;35m[Kwarning: [m[K"FINSH_THREAD_NAME" redefined
  194 | #define FINSH_THREAD_NAME "tshell"
      | 
[01m[K./rtconfig.h:59:[m[K [01;36m[Knote: [m[Kthis is the location of the previous definition
   59 | #define FINSH_THREAD_NAME tshell
      | 
In file included from /home/yfblock/Code/hyper-rtos/tgoskits/tmp/rt-thread-5.2.2-full/libcpu/aarch64/common/cpu_gcc.S:18:
./rtconfig.h:193: warning: "RT_CONSOLE_DEVICE_NAME" redefined
  193 | #define RT_CONSOLE_DEVICE_NAME "uart0"
      | 
./rtconfig.h:52: note: this is the location of the previous definition
   52 | #define RT_CONSOLE_DEVICE_NAME uart1
      | 
./rtconfig.h:194: warning: "FINSH_THREAD_NAME" redefined
  194 | #define FINSH_THREAD_NAME "tshell"
      | 
./rtconfig.h:59: note: this is the location of the previous definition
   59 | #define FINSH_THREAD_NAME tshell
      | 
CC build/kernel/libcpu/aarch64/common/cpu_psci.o
In file included from [01m[K/home/yfblock/Code/hyper-rtos/tgoskits/tmp/rt-thread-5.2.2-full/include/rttypes.h:14[m[K,
                 from [01m[K/home/yfblock/Code/hyper-rtos/tgoskits/tmp/rt-thread-5.2.2-full/include/rtsched.h:14[m[K,
                 from [01m[K/home/yfblock/Code/hyper-rtos/tgoskits/tmp/rt-thread-5.2.2-full/include/rtdef.h:68[m[K,
                 from [01m[K/home/yfblock/Code/hyper-rtos/tgoskits/tmp/rt-thread-5.2.2-full/include/rthw.h:23[m[K,
                 from [01m[K/home/yfblock/Code/hyper-rtos/tgoskits/tmp/rt-thread-5.2.2-full/libcpu/aarch64/common/cpu_psci.c:10[m[K:
[01m[K./rtconfig.h:193:[m[K [01;35m[Kwarning: [m[K"RT_CONSOLE_DEVICE_NAME" redefined
  193 | #define RT_CONSOLE_DEVICE_NAME "uart0"
      | 
[01m[K./rtconfig.h:52:[m[K [01;36m[Knote: [m[Kthis is the location of the previous definition
   52 | #define RT_CONSOLE_DEVICE_NAME uart1
      | 
[01m[K./rtconfig.h:194:[m[K [01;35m[Kwarning: [m[K"FINSH_THREAD_NAME" redefined
  194 | #define FINSH_THREAD_NAME "tshell"
      | 
[01m[K./rtconfig.h:59:[m[K [01;36m[Knote: [m[Kthis is the location of the previous definition
   59 | #define FINSH_THREAD_NAME tshell
      | 
CC build/kernel/libcpu/aarch64/common/cpu_spin_table.o
In file included from [01m[K/home/yfblock/Code/hyper-rtos/tgoskits/tmp/rt-thread-5.2.2-full/include/rttypes.h:14[m[K,
                 from [01m[K/home/yfblock/Code/hyper-rtos/tgoskits/tmp/rt-thread-5.2.2-full/include/rtsched.h:14[m[K,
                 from [01m[K/home/yfblock/Code/hyper-rtos/tgoskits/tmp/rt-thread-5.2.2-full/include/rtdef.h:68[m[K,
                 from [01m[K/home/yfblock/Code/hyper-rtos/tgoskits/tmp/rt-thread-5.2.2-full/include/rthw.h:23[m[K,
                 from [01m[K/home/yfblock/Code/hyper-rtos/tgoskits/tmp/rt-thread-5.2.2-full/libcpu/aarch64/common/cpu_spin_table.c:10[m[K:
[01m[K./rtconfig.h:193:[m[K [01;35m[Kwarning: [m[K"RT_CONSOLE_DEVICE_NAME" redefined
  193 | #define RT_CONSOLE_DEVICE_NAME "uart0"
      | 
[01m[K./rtconfig.h:52:[m[K [01;36m[Knote: [m[Kthis is the location of the previous definition
   52 | #define RT_CONSOLE_DEVICE_NAME uart1
      | 
[01m[K./rtconfig.h:194:[m[K [01;35m[Kwarning: [m[K"FINSH_THREAD_NAME" redefined
  194 | #define FINSH_THREAD_NAME "tshell"
      | 
[01m[K./rtconfig.h:59:[m[K [01;36m[Knote: [m[Kthis is the location of the previous definition
   59 | #define FINSH_THREAD_NAME tshell
      | 
CC build/kernel/libcpu/aarch64/common/cpuport.o
In file included from [01m[K/home/yfblock/Code/hyper-rtos/tgoskits/tmp/rt-thread-5.2.2-full/include/rttypes.h:14[m[K,
                 from [01m[K/home/yfblock/Code/hyper-rtos/tgoskits/tmp/rt-thread-5.2.2-full/include/rtsched.h:14[m[K,
                 from [01m[K/home/yfblock/Code/hyper-rtos/tgoskits/tmp/rt-thread-5.2.2-full/include/rtdef.h:68[m[K,
                 from [01m[K/home/yfblock/Code/hyper-rtos/tgoskits/tmp/rt-thread-5.2.2-full/include/rthw.h:23[m[K,
                 from [01m[K/home/yfblock/Code/hyper-rtos/tgoskits/tmp/rt-thread-5.2.2-full/libcpu/aarch64/common/cpuport.c:11[m[K:
[01m[K./rtconfig.h:193:[m[K [01;35m[Kwarning: [m[K"RT_CONSOLE_DEVICE_NAME" redefined
  193 | #define RT_CONSOLE_DEVICE_NAME "uart0"
      | 
[01m[K./rtconfig.h:52:[m[K [01;36m[Knote: [m[Kthis is the location of the previous definition
   52 | #define RT_CONSOLE_DEVICE_NAME uart1
      | 
[01m[K./rtconfig.h:194:[m[K [01;35m[Kwarning: [m[K"FINSH_THREAD_NAME" redefined
  194 | #define FINSH_THREAD_NAME "tshell"
      | 
[01m[K./rtconfig.h:59:[m[K [01;36m[Knote: [m[Kthis is the location of the previous definition
   59 | #define FINSH_THREAD_NAME tshell
      | 
CC build/kernel/libcpu/aarch64/common/exception.o
In file included from [01m[K/home/yfblock/Code/hyper-rtos/tgoskits/tmp/rt-thread-5.2.2-full/include/rtthread.h:31[m[K,
                 from [01m[K/home/yfblock/Code/hyper-rtos/tgoskits/tmp/rt-thread-5.2.2-full/libcpu/aarch64/common/exception.c:10[m[K:
[01m[K./rtconfig.h:193:[m[K [01;35m[Kwarning: [m[K"RT_CONSOLE_DEVICE_NAME" redefined
  193 | #define RT_CONSOLE_DEVICE_NAME "uart0"
      | 
[01m[K./rtconfig.h:52:[m[K [01;36m[Knote: [m[Kthis is the location of the previous definition
   52 | #define RT_CONSOLE_DEVICE_NAME uart1
      | 
[01m[K./rtconfig.h:194:[m[K [01;35m[Kwarning: [m[K"FINSH_THREAD_NAME" redefined
  194 | #define FINSH_THREAD_NAME "tshell"
      | 
[01m[K./rtconfig.h:59:[m[K [01;36m[Knote: [m[Kthis is the location of the previous definition
   59 | #define FINSH_THREAD_NAME tshell
      | 
CC build/kernel/libcpu/aarch64/common/gic.o
CC build/kernel/libcpu/aarch64/common/gicv3.o
In file included from [01m[K/home/yfblock/Code/hyper-rtos/tgoskits/tmp/rt-thread-5.2.2-full/include/rttypes.h:14[m[K,
                 from [01m[K/home/yfblock/Code/hyper-rtos/tgoskits/tmp/rt-thread-5.2.2-full/include/rtsched.h:14[m[K,
                 from [01m[K/home/yfblock/Code/hyper-rtos/tgoskits/tmp/rt-thread-5.2.2-full/include/rtdef.h:68[m[K,
                 from [01m[K/home/yfblock/Code/hyper-rtos/tgoskits/tmp/rt-thread-5.2.2-full/include/rthw.h:23[m[K,
                 from [01m[K/home/yfblock/Code/hyper-rtos/tgoskits/tmp/rt-thread-5.2.2-full/libcpu/aarch64/common/gic.c:14[m[K:
[01m[K./rtconfig.h:193:[m[K [01;35m[Kwarning: [m[K"RT_CONSOLE_DEVICE_NAME" redefined
  193 | #define RT_CONSOLE_DEVICE_NAME "uart0"
      | 
[01m[K./rtconfig.h:52:[m[K [01;36m[Knote: [m[Kthis is the location of the previous definition
   52 | #define RT_CONSOLE_DEVICE_NAME uart1
      | 
[01m[K./rtconfig.h:194:[m[K [01;35m[Kwarning: [m[K"FINSH_THREAD_NAME" redefined
  194 | #define FINSH_THREAD_NAME "tshell"
      | 
[01m[K./rtconfig.h:59:[m[K [01;36m[Knote: [m[Kthis is the location of the previous definition
   59 | #define FINSH_THREAD_NAME tshell
      | 
In file included from [01m[K/home/yfblock/Code/hyper-rtos/tgoskits/tmp/rt-thread-5.2.2-full/include/rttypes.h:14[m[K,
                 from [01m[K/home/yfblock/Code/hyper-rtos/tgoskits/tmp/rt-thread-5.2.2-full/include/rtsched.h:14[m[K,
                 from [01m[K/home/yfblock/Code/hyper-rtos/tgoskits/tmp/rt-thread-5.2.2-full/include/rtdef.h:68[m[K,
                 from [01m[K/home/yfblock/Code/hyper-rtos/tgoskits/tmp/rt-thread-5.2.2-full/include/rthw.h:23[m[K,
                 from [01m[K/home/yfblock/Code/hyper-rtos/tgoskits/tmp/rt-thread-5.2.2-full/libcpu/aarch64/common/gicv3.c:24[m[K:
[01m[K./rtconfig.h:193:[m[K [01;35m[Kwarning: [m[K"RT_CONSOLE_DEVICE_NAME" redefined
  193 | #define RT_CONSOLE_DEVICE_NAME "uart0"
      | 
[01m[K./rtconfig.h:52:[m[K [01;36m[Knote: [m[Kthis is the location of the previous definition
   52 | #define RT_CONSOLE_DEVICE_NAME uart1
      | 
[01m[K./rtconfig.h:194:[m[K [01;35m[Kwarning: [m[K"FINSH_THREAD_NAME" redefined
  194 | #define FINSH_THREAD_NAME "tshell"
      | 
[01m[K./rtconfig.h:59:[m[K [01;36m[Knote: [m[Kthis is the location of the previous definition
   59 | #define FINSH_THREAD_NAME tshell
      | 
CC build/kernel/libcpu/aarch64/common/gtimer.o
[01m[K/home/yfblock/Code/hyper-rtos/tgoskits/tmp/rt-thread-5.2.2-full/libcpu/aarch64/common/gicv3.c:[m[K In function ‘[01m[Karm_gic_redist_init[m[K’:
[01m[K/home/yfblock/Code/hyper-rtos/tgoskits/tmp/rt-thread-5.2.2-full/libcpu/aarch64/common/gicv3.c:708:9:[m[K [01;35m[Kwarning: [m[Kunused variable ‘[01m[Ki[m[K’ [[01;35m[K-Wunused-variable[m[K]
  708 |     int [01;35m[Ki[m[K;
      |         [01;35m[K^[m[K
CC build/kernel/libcpu/aarch64/common/hypercall.o
In file included from [01m[K/home/yfblock/Code/hyper-rtos/tgoskits/tmp/rt-thread-5.2.2-full/include/rtthread.h:31[m[K,
                 from [01m[K/home/yfblock/Code/hyper-rtos/tgoskits/tmp/rt-thread-5.2.2-full/libcpu/aarch64/common/gtimer.c:11[m[K:
[01m[K./rtconfig.h:193:[m[K [01;35m[Kwarning: [m[K"RT_CONSOLE_DEVICE_NAME" redefined
  193 | #define RT_CONSOLE_DEVICE_NAME "uart0"
      | 
[01m[K./rtconfig.h:52:[m[K [01;36m[Knote: [m[Kthis is the location of the previous definition
   52 | #define RT_CONSOLE_DEVICE_NAME uart1
      | 
[01m[K./rtconfig.h:194:[m[K [01;35m[Kwarning: [m[K"FINSH_THREAD_NAME" redefined
  194 | #define FINSH_THREAD_NAME "tshell"
      | 
[01m[K./rtconfig.h:59:[m[K [01;36m[Knote: [m[Kthis is the location of the previous definition
   59 | #define FINSH_THREAD_NAME tshell
      | 
CC build/kernel/libcpu/aarch64/common/interrupt.o
In file included from [01m[K/home/yfblock/Code/hyper-rtos/tgoskits/tmp/rt-thread-5.2.2-full/include/rttypes.h:14[m[K,
                 from [01m[K/home/yfblock/Code/hyper-rtos/tgoskits/tmp/rt-thread-5.2.2-full/include/rtsched.h:14[m[K,
                 from [01m[K/home/yfblock/Code/hyper-rtos/tgoskits/tmp/rt-thread-5.2.2-full/include/rtdef.h:68[m[K,
                 from [01m[K/home/yfblock/Code/hyper-rtos/tgoskits/tmp/rt-thread-5.2.2-full/libcpu/aarch64/common/include/hypercall.h:15[m[K,
                 from [01m[K/home/yfblock/Code/hyper-rtos/tgoskits/tmp/rt-thread-5.2.2-full/libcpu/aarch64/common/hypercall.c:12[m[K:
[01m[K./rtconfig.h:193:[m[K [01;35m[Kwarning: [m[K"RT_CONSOLE_DEVICE_NAME" redefined
  193 | #define RT_CONSOLE_DEVICE_NAME "uart0"
      | 
[01m[K./rtconfig.h:52:[m[K [01;36m[Knote: [m[Kthis is the location of the previous definition
   52 | #define RT_CONSOLE_DEVICE_NAME uart1
      | 
[01m[K./rtconfig.h:194:[m[K [01;35m[Kwarning: [m[K"FINSH_THREAD_NAME" redefined
  194 | #define FINSH_THREAD_NAME "tshell"
      | 
[01m[K./rtconfig.h:59:[m[K [01;36m[Knote: [m[Kthis is the location of the previous definition
   59 | #define FINSH_THREAD_NAME tshell
      | 
In file included from [01m[K/home/yfblock/Code/hyper-rtos/tgoskits/tmp/rt-thread-5.2.2-full/include/rttypes.h:14[m[K,
                 from [01m[K/home/yfblock/Code/hyper-rtos/tgoskits/tmp/rt-thread-5.2.2-full/include/rtsched.h:14[m[K,
                 from [01m[K/home/yfblock/Code/hyper-rtos/tgoskits/tmp/rt-thread-5.2.2-full/include/rtdef.h:68[m[K,
                 from [01m[K/home/yfblock/Code/hyper-rtos/tgoskits/tmp/rt-thread-5.2.2-full/include/rthw.h:23[m[K,
                 from [01m[K/home/yfblock/Code/hyper-rtos/tgoskits/tmp/rt-thread-5.2.2-full/libcpu/aarch64/common/interrupt.c:12[m[K:
[01m[K./rtconfig.h:193:[m[K [01;35m[Kwarning: [m[K"RT_CONSOLE_DEVICE_NAME" redefined
  193 | #define RT_CONSOLE_DEVICE_NAME "uart0"
      | 
[01m[K./rtconfig.h:52:[m[K [01;36m[Knote: [m[Kthis is the location of the previous definition
   52 | #define RT_CONSOLE_DEVICE_NAME uart1
      | 
[01m[K./rtconfig.h:194:[m[K [01;35m[Kwarning: [m[K"FINSH_THREAD_NAME" redefined
  194 | #define FINSH_THREAD_NAME "tshell"
      | 
[01m[K./rtconfig.h:59:[m[K [01;36m[Knote: [m[Kthis is the location of the previous definition
   59 | #define FINSH_THREAD_NAME tshell
      | 
CC build/kernel/libcpu/aarch64/common/mmu.o
CC build/kernel/libcpu/aarch64/common/psci.o
In file included from [01m[K/home/yfblock/Code/hyper-rtos/tgoskits/tmp/rt-thread-5.2.2-full/include/rtdbg.h:33[m[K,
                 from [01m[K/home/yfblock/Code/hyper-rtos/tgoskits/tmp/rt-thread-5.2.2-full/libcpu/aarch64/common/mmu.c:16[m[K:
[01m[K./rtconfig.h:193:[m[K [01;35m[Kwarning: [m[K"RT_CONSOLE_DEVICE_NAME" redefined
  193 | #define RT_CONSOLE_DEVICE_NAME "uart0"
      | 
[01m[K./rtconfig.h:52:[m[K [01;36m[Knote: [m[Kthis is the location of the previous definition
   52 | #define RT_CONSOLE_DEVICE_NAME uart1
      | 
[01m[K./rtconfig.h:194:[m[K [01;35m[Kwarning: [m[K"FINSH_THREAD_NAME" redefined
  194 | #define FINSH_THREAD_NAME "tshell"
      | 
[01m[K./rtconfig.h:59:[m[K [01;36m[Knote: [m[Kthis is the location of the previous definition
   59 | #define FINSH_THREAD_NAME tshell
      | 
In file included from [01m[K/home/yfblock/Code/hyper-rtos/tgoskits/tmp/rt-thread-5.2.2-full/include/rtthread.h:31[m[K,
                 from [01m[K/home/yfblock/Code/hyper-rtos/tgoskits/tmp/rt-thread-5.2.2-full/libcpu/aarch64/common/psci.c:12[m[K:
[01m[K./rtconfig.h:193:[m[K [01;35m[Kwarning: [m[K"RT_CONSOLE_DEVICE_NAME" redefined
  193 | #define RT_CONSOLE_DEVICE_NAME "uart0"
      | 
[01m[K./rtconfig.h:52:[m[K [01;36m[Knote: [m[Kthis is the location of the previous definition
   52 | #define RT_CONSOLE_DEVICE_NAME uart1
      | 
[01m[K./rtconfig.h:194:[m[K [01;35m[Kwarning: [m[K"FINSH_THREAD_NAME" redefined
  194 | #define FINSH_THREAD_NAME "tshell"
      | 
[01m[K./rtconfig.h:59:[m[K [01;36m[Knote: [m[Kthis is the location of the previous definition
   59 | #define FINSH_THREAD_NAME tshell
      | 
CC build/kernel/libcpu/aarch64/common/setup.o
In file included from [01m[K/home/yfblock/Code/hyper-rtos/tgoskits/tmp/rt-thread-5.2.2-full/include/rtthread.h:31[m[K,
                 from [01m[K/home/yfblock/Code/hyper-rtos/tgoskits/tmp/rt-thread-5.2.2-full/libcpu/aarch64/common/setup.c:11[m[K:
[01m[K./rtconfig.h:193:[m[K [01;35m[Kwarning: [m[K"RT_CONSOLE_DEVICE_NAME" redefined
  193 | #define RT_CONSOLE_DEVICE_NAME "uart0"
      | 
[01m[K./rtconfig.h:52:[m[K [01;36m[Knote: [m[Kthis is the location of the previous definition
   52 | #define RT_CONSOLE_DEVICE_NAME uart1
      | 
[01m[K./rtconfig.h:194:[m[K [01;35m[Kwarning: [m[K"FINSH_THREAD_NAME" redefined
  194 | #define FINSH_THREAD_NAME "tshell"
      | 
[01m[K./rtconfig.h:59:[m[K [01;36m[Knote: [m[Kthis is the location of the previous definition
   59 | #define FINSH_THREAD_NAME tshell
      | 
AS build/kernel/libcpu/aarch64/common/smccc.o
CC build/kernel/libcpu/aarch64/common/stack.o
AS build/kernel/libcpu/aarch64/common/stack_gcc.o
In file included from [01m[K/home/yfblock/Code/hyper-rtos/tgoskits/tmp/rt-thread-5.2.2-full/include/rttypes.h:14[m[K,
                 from [01m[K/home/yfblock/Code/hyper-rtos/tgoskits/tmp/rt-thread-5.2.2-full/include/rtsched.h:14[m[K,
                 from [01m[K/home/yfblock/Code/hyper-rtos/tgoskits/tmp/rt-thread-5.2.2-full/include/rtdef.h:68[m[K,
                 from [01m[Kdrivers/virt.h:14[m[K,
                 from [01m[Kdrivers/board.h:15[m[K,
                 from [01m[K/home/yfblock/Code/hyper-rtos/tgoskits/tmp/rt-thread-5.2.2-full/libcpu/aarch64/common/stack.c:11[m[K:
[01m[K./rtconfig.h:193:[m[K [01;35m[Kwarning: [m[K"RT_CONSOLE_DEVICE_NAME" redefined
  193 | #define RT_CONSOLE_DEVICE_NAME "uart0"
      | 
[01m[K./rtconfig.h:52:[m[K [01;36m[Knote: [m[Kthis is the location of the previous definition
   52 | #define RT_CONSOLE_DEVICE_NAME uart1
      | 
[01m[K./rtconfig.h:194:[m[K [01;35m[Kwarning: [m[K"FINSH_THREAD_NAME" redefined
  194 | #define FINSH_THREAD_NAME "tshell"
      | 
[01m[K./rtconfig.h:59:[m[K [01;36m[Knote: [m[Kthis is the location of the previous definition
   59 | #define FINSH_THREAD_NAME tshell
      | 
In file included from /home/yfblock/Code/hyper-rtos/tgoskits/tmp/rt-thread-5.2.2-full/libcpu/aarch64/common/stack_gcc.S:16:
./rtconfig.h:193: warning: "RT_CONSOLE_DEVICE_NAME" redefined
  193 | #define RT_CONSOLE_DEVICE_NAME "uart0"
      | 
./rtconfig.h:52: note: this is the location of the previous definition
   52 | #define RT_CONSOLE_DEVICE_NAME uart1
      | 
./rtconfig.h:194: warning: "FINSH_THREAD_NAME" redefined
  194 | #define FINSH_THREAD_NAME "tshell"
      | 
./rtconfig.h:59: note: this is the location of the previous definition
   59 | #define FINSH_THREAD_NAME tshell
      | 
AS build/kernel/libcpu/aarch64/common/startup_gcc.o
CC build/kernel/libcpu/aarch64/common/trap.o
In file included from [01m[K/home/yfblock/Code/hyper-rtos/tgoskits/tmp/rt-thread-5.2.2-full/include/rtthread.h:31[m[K,
                 from [01m[K/home/yfblock/Code/hyper-rtos/tgoskits/tmp/rt-thread-5.2.2-full/libcpu/aarch64/common/trap.c:11[m[K:
[01m[K./rtconfig.h:193:[m[K [01;35m[Kwarning: [m[K"RT_CONSOLE_DEVICE_NAME" redefined
  193 | #define RT_CONSOLE_DEVICE_NAME "uart0"
      | 
[01m[K./rtconfig.h:52:[m[K [01;36m[Knote: [m[Kthis is the location of the previous definition
   52 | #define RT_CONSOLE_DEVICE_NAME uart1
      | 
[01m[K./rtconfig.h:194:[m[K [01;35m[Kwarning: [m[K"FINSH_THREAD_NAME" redefined
  194 | #define FINSH_THREAD_NAME "tshell"
      | 
[01m[K./rtconfig.h:59:[m[K [01;36m[Knote: [m[Kthis is the location of the previous definition
   59 | #define FINSH_THREAD_NAME tshell
      | 
AS build/kernel/libcpu/aarch64/common/up/context_gcc.o
In file included from /home/yfblock/Code/hyper-rtos/tgoskits/tmp/rt-thread-5.2.2-full/libcpu/aarch64/common/up/../include/armv8.h:14,
                 from /home/yfblock/Code/hyper-rtos/tgoskits/tmp/rt-thread-5.2.2-full/libcpu/aarch64/common/up/../include/context_gcc.h:13,
                 from /home/yfblock/Code/hyper-rtos/tgoskits/tmp/rt-thread-5.2.2-full/libcpu/aarch64/common/up/context_gcc.h:15,
                 from /home/yfblock/Code/hyper-rtos/tgoskits/tmp/rt-thread-5.2.2-full/libcpu/aarch64/common/up/context_gcc.S:18:
./rtconfig.h:193: warning: "RT_CONSOLE_DEVICE_NAME" redefined
  193 | #define RT_CONSOLE_DEVICE_NAME "uart0"
      | 
./rtconfig.h:52: note: this is the location of the previous definition
   52 | #define RT_CONSOLE_DEVICE_NAME uart1
      | 
./rtconfig.h:194: warning: "FINSH_THREAD_NAME" redefined
  194 | #define FINSH_THREAD_NAME "tshell"
      | 
./rtconfig.h:59: note: this is the location of the previous definition
   59 | #define FINSH_THREAD_NAME tshell
      | 
AS build/kernel/libcpu/aarch64/common/up/vector_gcc.o
In file included from /home/yfblock/Code/hyper-rtos/tgoskits/tmp/rt-thread-5.2.2-full/libcpu/aarch64/common/up/../include/vector_gcc.h:17,
                 from /home/yfblock/Code/hyper-rtos/tgoskits/tmp/rt-thread-5.2.2-full/libcpu/aarch64/common/up/vector_gcc.S:15:
./rtconfig.h:193: warning: "RT_CONSOLE_DEVICE_NAME" redefined
  193 | #define RT_CONSOLE_DEVICE_NAME "uart0"
      | 
./rtconfig.h:52: note: this is the location of the previous definition
   52 | #define RT_CONSOLE_DEVICE_NAME uart1
      | 
./rtconfig.h:194: warning: "FINSH_THREAD_NAME" redefined
  194 | #define FINSH_THREAD_NAME "tshell"
      | 
./rtconfig.h:59: note: this is the location of the previous definition
   59 | #define FINSH_THREAD_NAME tshell
      | 
AS build/kernel/libcpu/aarch64/common/vector_gcc.o
AS build/kernel/libcpu/aarch64/cortex-a/entry_point.o
CC build/kernel/src/clock.o
In file included from /home/yfblock/Code/hyper-rtos/tgoskits/tmp/rt-thread-5.2.2-full/libcpu/aarch64/common/vector_gcc.S:16:
./rtconfig.h:193: warning: "RT_CONSOLE_DEVICE_NAME" redefined
  193 | #define RT_CONSOLE_DEVICE_NAME "uart0"
      | 
./rtconfig.h:52: note: this is the location of the previous definition
   52 | #define RT_CONSOLE_DEVICE_NAME uart1
      | 
./rtconfig.h:194: warning: "FINSH_THREAD_NAME" redefined
  194 | #define FINSH_THREAD_NAME "tshell"
      | 
./rtconfig.h:59: note: this is the location of the previous definition
   59 | #define FINSH_THREAD_NAME tshell
      | 
In file included from /home/yfblock/Code/hyper-rtos/tgoskits/tmp/rt-thread-5.2.2-full/libcpu/aarch64/cortex-a/entry_point.S:18:
./rtconfig.h:193: warning: "RT_CONSOLE_DEVICE_NAME" redefined
  193 | #define RT_CONSOLE_DEVICE_NAME "uart0"
      | 
./rtconfig.h:52: note: this is the location of the previous definition
   52 | #define RT_CONSOLE_DEVICE_NAME uart1
      | 
./rtconfig.h:194: warning: "FINSH_THREAD_NAME" redefined
  194 | #define FINSH_THREAD_NAME "tshell"
      | 
./rtconfig.h:59: note: this is the location of the previous definition
   59 | #define FINSH_THREAD_NAME tshell
      | 
In file included from [01m[K/home/yfblock/Code/hyper-rtos/tgoskits/tmp/rt-thread-5.2.2-full/include/rttypes.h:14[m[K,
                 from [01m[K/home/yfblock/Code/hyper-rtos/tgoskits/tmp/rt-thread-5.2.2-full/include/rtsched.h:14[m[K,
                 from [01m[K/home/yfblock/Code/hyper-rtos/tgoskits/tmp/rt-thread-5.2.2-full/include/rtdef.h:68[m[K,
                 from [01m[K/home/yfblock/Code/hyper-rtos/tgoskits/tmp/rt-thread-5.2.2-full/include/rthw.h:23[m[K,
                 from [01m[K/home/yfblock/Code/hyper-rtos/tgoskits/tmp/rt-thread-5.2.2-full/src/clock.c:22[m[K:
[01m[K./rtconfig.h:193:[m[K [01;35m[Kwarning: [m[K"RT_CONSOLE_DEVICE_NAME" redefined
  193 | #define RT_CONSOLE_DEVICE_NAME "uart0"
      | 
[01m[K./rtconfig.h:52:[m[K [01;36m[Knote: [m[Kthis is the location of the previous definition
   52 | #define RT_CONSOLE_DEVICE_NAME uart1
      | 
[01m[K./rtconfig.h:194:[m[K [01;35m[Kwarning: [m[K"FINSH_THREAD_NAME" redefined
  194 | #define FINSH_THREAD_NAME "tshell"
      | 
[01m[K./rtconfig.h:59:[m[K [01;36m[Knote: [m[Kthis is the location of the previous definition
   59 | #define FINSH_THREAD_NAME tshell
      | 
CC build/kernel/src/components.o
CC build/kernel/src/cpu_up.o
CC build/kernel/src/defunct.o
In file included from [01m[K/home/yfblock/Code/hyper-rtos/tgoskits/tmp/rt-thread-5.2.2-full/include/rttypes.h:14[m[K,
                 from [01m[K/home/yfblock/Code/hyper-rtos/tgoskits/tmp/rt-thread-5.2.2-full/include/rtsched.h:14[m[K,
                 from [01m[K/home/yfblock/Code/hyper-rtos/tgoskits/tmp/rt-thread-5.2.2-full/include/rtdef.h:68[m[K,
                 from [01m[K/home/yfblock/Code/hyper-rtos/tgoskits/tmp/rt-thread-5.2.2-full/include/rthw.h:23[m[K,
                 from [01m[K/home/yfblock/Code/hyper-rtos/tgoskits/tmp/rt-thread-5.2.2-full/src/components.c:21[m[K:
[01m[K./rtconfig.h:193:[m[K [01;35m[Kwarning: [m[K"RT_CONSOLE_DEVICE_NAME" redefined
  193 | #define RT_CONSOLE_DEVICE_NAME "uart0"
      | 
[01m[K./rtconfig.h:52:[m[K [01;36m[Knote: [m[Kthis is the location of the previous definition
   52 | #define RT_CONSOLE_DEVICE_NAME uart1
      | 
[01m[K./rtconfig.h:194:[m[K [01;35m[Kwarning: [m[K"FINSH_THREAD_NAME" redefined
  194 | #define FINSH_THREAD_NAME "tshell"
      | 
[01m[K./rtconfig.h:59:[m[K [01;36m[Knote: [m[Kthis is the location of the previous definition
   59 | #define FINSH_THREAD_NAME tshell
      | 
In file included from [01m[K/home/yfblock/Code/hyper-rtos/tgoskits/tmp/rt-thread-5.2.2-full/include/rttypes.h:14[m[K,
                 from [01m[K/home/yfblock/Code/hyper-rtos/tgoskits/tmp/rt-thread-5.2.2-full/include/rtsched.h:14[m[K,
                 from [01m[K/home/yfblock/Code/hyper-rtos/tgoskits/tmp/rt-thread-5.2.2-full/include/rtdef.h:68[m[K,
                 from [01m[K/home/yfblock/Code/hyper-rtos/tgoskits/tmp/rt-thread-5.2.2-full/include/rthw.h:23[m[K,
                 from [01m[K/home/yfblock/Code/hyper-rtos/tgoskits/tmp/rt-thread-5.2.2-full/src/cpu_up.c:12[m[K:
[01m[K./rtconfig.h:193:[m[K [01;35m[Kwarning: [m[K"RT_CONSOLE_DEVICE_NAME" redefined
  193 | #define RT_CONSOLE_DEVICE_NAME "uart0"
      | 
[01m[K./rtconfig.h:52:[m[K [01;36m[Knote: [m[Kthis is the location of the previous definition
   52 | #define RT_CONSOLE_DEVICE_NAME uart1
      | 
[01m[K./rtconfig.h:194:[m[K [01;35m[Kwarning: [m[K"FINSH_THREAD_NAME" redefined
  194 | #define FINSH_THREAD_NAME "tshell"
      | 
[01m[K./rtconfig.h:59:[m[K [01;36m[Knote: [m[Kthis is the location of the previous definition
   59 | #define FINSH_THREAD_NAME tshell
      | 
In file included from [01m[K/home/yfblock/Code/hyper-rtos/tgoskits/tmp/rt-thread-5.2.2-full/include/rttypes.h:14[m[K,
                 from [01m[K/home/yfblock/Code/hyper-rtos/tgoskits/tmp/rt-thread-5.2.2-full/include/rtsched.h:14[m[K,
                 from [01m[K/home/yfblock/Code/hyper-rtos/tgoskits/tmp/rt-thread-5.2.2-full/include/rtdef.h:68[m[K,
                 from [01m[K/home/yfblock/Code/hyper-rtos/tgoskits/tmp/rt-thread-5.2.2-full/include/rthw.h:23[m[K,
                 from [01m[K/home/yfblock/Code/hyper-rtos/tgoskits/tmp/rt-thread-5.2.2-full/src/defunct.c:12[m[K:
[01m[K./rtconfig.h:193:[m[K [01;35m[Kwarning: [m[K"RT_CONSOLE_DEVICE_NAME" redefined
  193 | #define RT_CONSOLE_DEVICE_NAME "uart0"
      | 
[01m[K./rtconfig.h:52:[m[K [01;36m[Knote: [m[Kthis is the location of the previous definition
   52 | #define RT_CONSOLE_DEVICE_NAME uart1
      | 
[01m[K./rtconfig.h:194:[m[K [01;35m[Kwarning: [m[K"FINSH_THREAD_NAME" redefined
  194 | #define FINSH_THREAD_NAME "tshell"
      | 
[01m[K./rtconfig.h:59:[m[K [01;36m[Knote: [m[Kthis is the location of the previous definition
   59 | #define FINSH_THREAD_NAME tshell
      | 
CC build/kernel/src/idle.o
CC build/kernel/src/ipc.o
CC build/kernel/src/irq.o
In file included from [01m[K/home/yfblock/Code/hyper-rtos/tgoskits/tmp/rt-thread-5.2.2-full/include/rttypes.h:14[m[K,
                 from [01m[K/home/yfblock/Code/hyper-rtos/tgoskits/tmp/rt-thread-5.2.2-full/include/rtsched.h:14[m[K,
                 from [01m[K/home/yfblock/Code/hyper-rtos/tgoskits/tmp/rt-thread-5.2.2-full/include/rtdef.h:68[m[K,
                 from [01m[K/home/yfblock/Code/hyper-rtos/tgoskits/tmp/rt-thread-5.2.2-full/include/rthw.h:23[m[K,
                 from [01m[K/home/yfblock/Code/hyper-rtos/tgoskits/tmp/rt-thread-5.2.2-full/src/idle.c:24[m[K:
[01m[K./rtconfig.h:193:[m[K [01;35m[Kwarning: [m[K"RT_CONSOLE_DEVICE_NAME" redefined
  193 | #define RT_CONSOLE_DEVICE_NAME "uart0"
      | 
[01m[K./rtconfig.h:52:[m[K [01;36m[Knote: [m[Kthis is the location of the previous definition
   52 | #define RT_CONSOLE_DEVICE_NAME uart1
      | 
[01m[K./rtconfig.h:194:[m[K [01;35m[Kwarning: [m[K"FINSH_THREAD_NAME" redefined
  194 | #define FINSH_THREAD_NAME "tshell"
      | 
[01m[K./rtconfig.h:59:[m[K [01;36m[Knote: [m[Kthis is the location of the previous definition
   59 | #define FINSH_THREAD_NAME tshell
      | 
CC build/kernel/src/klibc/kerrno.o
In file included from [01m[K/home/yfblock/Code/hyper-rtos/tgoskits/tmp/rt-thread-5.2.2-full/include/rtthread.h:31[m[K,
                 from [01m[K/home/yfblock/Code/hyper-rtos/tgoskits/tmp/rt-thread-5.2.2-full/src/ipc.c:51[m[K:
[01m[K./rtconfig.h:193:[m[K [01;35m[Kwarning: [m[K"RT_CONSOLE_DEVICE_NAME" redefined
  193 | #define RT_CONSOLE_DEVICE_NAME "uart0"
      | 
[01m[K./rtconfig.h:52:[m[K [01;36m[Knote: [m[Kthis is the location of the previous definition
   52 | #define RT_CONSOLE_DEVICE_NAME uart1
      | 
[01m[K./rtconfig.h:194:[m[K [01;35m[Kwarning: [m[K"FINSH_THREAD_NAME" redefined
  194 | #define FINSH_THREAD_NAME "tshell"
      | 
[01m[K./rtconfig.h:59:[m[K [01;36m[Knote: [m[Kthis is the location of the previous definition
   59 | #define FINSH_THREAD_NAME tshell
      | 
In file included from [01m[K/home/yfblock/Code/hyper-rtos/tgoskits/tmp/rt-thread-5.2.2-full/include/rttypes.h:14[m[K,
                 from [01m[K/home/yfblock/Code/hyper-rtos/tgoskits/tmp/rt-thread-5.2.2-full/include/rtsched.h:14[m[K,
                 from [01m[K/home/yfblock/Code/hyper-rtos/tgoskits/tmp/rt-thread-5.2.2-full/include/rtdef.h:68[m[K,
                 from [01m[K/home/yfblock/Code/hyper-rtos/tgoskits/tmp/rt-thread-5.2.2-full/include/rthw.h:23[m[K,
                 from [01m[K/home/yfblock/Code/hyper-rtos/tgoskits/tmp/rt-thread-5.2.2-full/src/irq.c:20[m[K:
[01m[K./rtconfig.h:193:[m[K [01;35m[Kwarning: [m[K"RT_CONSOLE_DEVICE_NAME" redefined
  193 | #define RT_CONSOLE_DEVICE_NAME "uart0"
      | 
[01m[K./rtconfig.h:52:[m[K [01;36m[Knote: [m[Kthis is the location of the previous definition
   52 | #define RT_CONSOLE_DEVICE_NAME uart1
      | 
[01m[K./rtconfig.h:194:[m[K [01;35m[Kwarning: [m[K"FINSH_THREAD_NAME" redefined
  194 | #define FINSH_THREAD_NAME "tshell"
      | 
[01m[K./rtconfig.h:59:[m[K [01;36m[Knote: [m[Kthis is the location of the previous definition
   59 | #define FINSH_THREAD_NAME tshell
      | 
In file included from [01m[K/home/yfblock/Code/hyper-rtos/tgoskits/tmp/rt-thread-5.2.2-full/include/rtthread.h:31[m[K,
                 from [01m[K/home/yfblock/Code/hyper-rtos/tgoskits/tmp/rt-thread-5.2.2-full/src/klibc/kerrno.c:11[m[K:
[01m[K./rtconfig.h:193:[m[K [01;35m[Kwarning: [m[K"RT_CONSOLE_DEVICE_NAME" redefined
  193 | #define RT_CONSOLE_DEVICE_NAME "uart0"
      | 
[01m[K./rtconfig.h:52:[m[K [01;36m[Knote: [m[Kthis is the location of the previous definition
   52 | #define RT_CONSOLE_DEVICE_NAME uart1
      | 
[01m[K./rtconfig.h:194:[m[K [01;35m[Kwarning: [m[K"FINSH_THREAD_NAME" redefined
  194 | #define FINSH_THREAD_NAME "tshell"
      | 
[01m[K./rtconfig.h:59:[m[K [01;36m[Knote: [m[Kthis is the location of the previous definition
   59 | #define FINSH_THREAD_NAME tshell
      | 
CC build/kernel/src/klibc/kstdio.o
CC build/kernel/src/klibc/kstring.o
CC build/kernel/src/klibc/rt_vsnprintf_std.o
In file included from [01m[K/home/yfblock/Code/hyper-rtos/tgoskits/tmp/rt-thread-5.2.2-full/include/rtthread.h:31[m[K,
                 from [01m[K/home/yfblock/Code/hyper-rtos/tgoskits/tmp/rt-thread-5.2.2-full/src/klibc/kstdio.c:11[m[K:
[01m[K./rtconfig.h:193:[m[K [01;35m[Kwarning: [m[K"RT_CONSOLE_DEVICE_NAME" redefined
  193 | #define RT_CONSOLE_DEVICE_NAME "uart0"
      | 
[01m[K./rtconfig.h:52:[m[K [01;36m[Knote: [m[Kthis is the location of the previous definition
   52 | #define RT_CONSOLE_DEVICE_NAME uart1
      | 
[01m[K./rtconfig.h:194:[m[K [01;35m[Kwarning: [m[K"FINSH_THREAD_NAME" redefined
  194 | #define FINSH_THREAD_NAME "tshell"
      | 
[01m[K./rtconfig.h:59:[m[K [01;36m[Knote: [m[Kthis is the location of the previous definition
   59 | #define FINSH_THREAD_NAME tshell
      | 
In file included from [01m[K/home/yfblock/Code/hyper-rtos/tgoskits/tmp/rt-thread-5.2.2-full/include/rtthread.h:31[m[K,
                 from [01m[K/home/yfblock/Code/hyper-rtos/tgoskits/tmp/rt-thread-5.2.2-full/src/klibc/kstring.c:11[m[K:
[01m[K./rtconfig.h:193:[m[K [01;35m[Kwarning: [m[K"RT_CONSOLE_DEVICE_NAME" redefined
  193 | #define RT_CONSOLE_DEVICE_NAME "uart0"
      | 
[01m[K./rtconfig.h:52:[m[K [01;36m[Knote: [m[Kthis is the location of the previous definition
   52 | #define RT_CONSOLE_DEVICE_NAME uart1
      | 
[01m[K./rtconfig.h:194:[m[K [01;35m[Kwarning: [m[K"FINSH_THREAD_NAME" redefined
  194 | #define FINSH_THREAD_NAME "tshell"
      | 
[01m[K./rtconfig.h:59:[m[K [01;36m[Knote: [m[Kthis is the location of the previous definition
   59 | #define FINSH_THREAD_NAME tshell
      | 
In file included from [01m[K/home/yfblock/Code/hyper-rtos/tgoskits/tmp/rt-thread-5.2.2-full/include/rtthread.h:31[m[K,
                 from [01m[K/home/yfblock/Code/hyper-rtos/tgoskits/tmp/rt-thread-5.2.2-full/src/klibc/rt_vsnprintf_std.c:51[m[K:
[01m[K./rtconfig.h:193:[m[K [01;35m[Kwarning: [m[K"RT_CONSOLE_DEVICE_NAME" redefined
  193 | #define RT_CONSOLE_DEVICE_NAME "uart0"
      | 
[01m[K./rtconfig.h:52:[m[K [01;36m[Knote: [m[Kthis is the location of the previous definition
   52 | #define RT_CONSOLE_DEVICE_NAME uart1
      | 
[01m[K./rtconfig.h:194:[m[K [01;35m[Kwarning: [m[K"FINSH_THREAD_NAME" redefined
  194 | #define FINSH_THREAD_NAME "tshell"
      | 
[01m[K./rtconfig.h:59:[m[K [01;36m[Knote: [m[Kthis is the location of the previous definition
   59 | #define FINSH_THREAD_NAME tshell
      | 
[01m[K/home/yfblock/Code/hyper-rtos/tgoskits/tmp/rt-thread-5.2.2-full/src/klibc/rt_vsnprintf_std.c:114:[m[K [01;35m[Kwarning: [m[K"RT_KLIBC_USING_VSNPRINTF_CHECK_NUL_IN_FORMAT_SPECIFIER" redefined
  114 | #define RT_KLIBC_USING_VSNPRINTF_CHECK_NUL_IN_FORMAT_SPECIFIER
      | 
In file included from [01m[K/home/yfblock/Code/hyper-rtos/tgoskits/tmp/rt-thread-5.2.2-full/include/rtthread.h:31[m[K,
                 from [01m[K/home/yfblock/Code/hyper-rtos/tgoskits/tmp/rt-thread-5.2.2-full/src/klibc/rt_vsnprintf_std.c:51[m[K:
[01m[K./rtconfig.h:9:[m[K [01;36m[Knote: [m[Kthis is the location of the previous definition
    9 | #define RT_KLIBC_USING_VSNPRINTF_CHECK_NUL_IN_FORMAT_SPECIFIER 1
      | 
CC build/kernel/src/klibc/rt_vsscanf.o
In file included from [01m[K/home/yfblock/Code/hyper-rtos/tgoskits/tmp/rt-thread-5.2.2-full/include/rtthread.h:31[m[K,
                 from [01m[K/home/yfblock/Code/hyper-rtos/tgoskits/tmp/rt-thread-5.2.2-full/src/klibc/rt_vsscanf.c:17[m[K:
[01m[K./rtconfig.h:193:[m[K [01;35m[Kwarning: [m[K"RT_CONSOLE_DEVICE_NAME" redefined
  193 | #define RT_CONSOLE_DEVICE_NAME "uart0"
      | 
[01m[K./rtconfig.h:52:[m[K [01;36m[Knote: [m[Kthis is the location of the previous definition
   52 | #define RT_CONSOLE_DEVICE_NAME uart1
      | 
[01m[K./rtconfig.h:194:[m[K [01;35m[Kwarning: [m[K"FINSH_THREAD_NAME" redefined
  194 | #define FINSH_THREAD_NAME "tshell"
      | 
[01m[K./rtconfig.h:59:[m[K [01;36m[Knote: [m[Kthis is the location of the previous definition
   59 | #define FINSH_THREAD_NAME tshell
      | 
CC build/kernel/src/kservice.o
In file included from [01m[K/home/yfblock/Code/hyper-rtos/tgoskits/tmp/rt-thread-5.2.2-full/include/rtthread.h:31[m[K,
                 from [01m[K/home/yfblock/Code/hyper-rtos/tgoskits/tmp/rt-thread-5.2.2-full/src/kservice.c:33[m[K:
[01m[K./rtconfig.h:193:[m[K [01;35m[Kwarning: [m[K"RT_CONSOLE_DEVICE_NAME" redefined
  193 | #define RT_CONSOLE_DEVICE_NAME "uart0"
      | 
[01m[K./rtconfig.h:52:[m[K [01;36m[Knote: [m[Kthis is the location of the previous definition
   52 | #define RT_CONSOLE_DEVICE_NAME uart1
      | 
[01m[K./rtconfig.h:194:[m[K [01;35m[Kwarning: [m[K"FINSH_THREAD_NAME" redefined
  194 | #define FINSH_THREAD_NAME "tshell"
      | 
[01m[K./rtconfig.h:59:[m[K [01;36m[Knote: [m[Kthis is the location of the previous definition
   59 | #define FINSH_THREAD_NAME tshell
      | 
[01m[K/home/yfblock/Code/hyper-rtos/tgoskits/tmp/rt-thread-5.2.2-full/src/klibc/rt_vsnprintf_std.c:[m[K In function ‘[01m[Kprint_exponential_number[m[K’:
[01m[K/home/yfblock/Code/hyper-rtos/tgoskits/tmp/rt-thread-5.2.2-full/src/klibc/rt_vsnprintf_std.c:875:47:[m[K [01;35m[Kwarning: [m[K‘[01m[Kabs_exp10_covered_by_powers_table[m[K’ may be used uninitialized in this function [[01;35m[K-Wmaybe-uninitialized[m[K]
  875 |   normalization.multiply = [01;35m[K(floored_exp10 < 0 && abs_exp10_covered_by_powers_table)[m[K;
      |                            [01;35m[K~~~~~~~~~~~~~~~~~~~^~~~~~~~~~~~~~~~~~~~~~~~~~~~~~~~~~~~~[m[K
CC build/kernel/src/mem.o
In file included from [01m[K/home/yfblock/Code/hyper-rtos/tgoskits/tmp/rt-thread-5.2.2-full/include/rttypes.h:14[m[K,
                 from [01m[K/home/yfblock/Code/hyper-rtos/tgoskits/tmp/rt-thread-5.2.2-full/include/rtsched.h:14[m[K,
                 from [01m[K/home/yfblock/Code/hyper-rtos/tgoskits/tmp/rt-thread-5.2.2-full/include/rtdef.h:68[m[K,
                 from [01m[K/home/yfblock/Code/hyper-rtos/tgoskits/tmp/rt-thread-5.2.2-full/include/rthw.h:23[m[K,
                 from [01m[K/home/yfblock/Code/hyper-rtos/tgoskits/tmp/rt-thread-5.2.2-full/src/mem.c:50[m[K:
[01m[K./rtconfig.h:193:[m[K [01;35m[Kwarning: [m[K"RT_CONSOLE_DEVICE_NAME" redefined
  193 | #define RT_CONSOLE_DEVICE_NAME "uart0"
      | 
[01m[K./rtconfig.h:52:[m[K [01;36m[Knote: [m[Kthis is the location of the previous definition
   52 | #define RT_CONSOLE_DEVICE_NAME uart1
      | 
[01m[K./rtconfig.h:194:[m[K [01;35m[Kwarning: [m[K"FINSH_THREAD_NAME" redefined
  194 | #define FINSH_THREAD_NAME "tshell"
      | 
[01m[K./rtconfig.h:59:[m[K [01;36m[Knote: [m[Kthis is the location of the previous definition
   59 | #define FINSH_THREAD_NAME tshell
      | 
CC build/kernel/src/memheap.o
In file included from [01m[K/home/yfblock/Code/hyper-rtos/tgoskits/tmp/rt-thread-5.2.2-full/include/rttypes.h:14[m[K,
                 from [01m[K/home/yfblock/Code/hyper-rtos/tgoskits/tmp/rt-thread-5.2.2-full/include/rtsched.h:14[m[K,
                 from [01m[K/home/yfblock/Code/hyper-rtos/tgoskits/tmp/rt-thread-5.2.2-full/include/rtdef.h:68[m[K,
                 from [01m[K/home/yfblock/Code/hyper-rtos/tgoskits/tmp/rt-thread-5.2.2-full/include/rthw.h:23[m[K,
                 from [01m[K/home/yfblock/Code/hyper-rtos/tgoskits/tmp/rt-thread-5.2.2-full/src/memheap.c:24[m[K:
[01m[K./rtconfig.h:193:[m[K [01;35m[Kwarning: [m[K"RT_CONSOLE_DEVICE_NAME" redefined
  193 | #define RT_CONSOLE_DEVICE_NAME "uart0"
      | 
[01m[K./rtconfig.h:52:[m[K [01;36m[Knote: [m[Kthis is the location of the previous definition
   52 | #define RT_CONSOLE_DEVICE_NAME uart1
      | 
[01m[K./rtconfig.h:194:[m[K [01;35m[Kwarning: [m[K"FINSH_THREAD_NAME" redefined
  194 | #define FINSH_THREAD_NAME "tshell"
      | 
[01m[K./rtconfig.h:59:[m[K [01;36m[Knote: [m[Kthis is the location of the previous definition
   59 | #define FINSH_THREAD_NAME tshell
      | 
CC build/kernel/src/mempool.o
In file included from [01m[K/home/yfblock/Code/hyper-rtos/tgoskits/tmp/rt-thread-5.2.2-full/include/rttypes.h:14[m[K,
                 from [01m[K/home/yfblock/Code/hyper-rtos/tgoskits/tmp/rt-thread-5.2.2-full/include/rtsched.h:14[m[K,
                 from [01m[K/home/yfblock/Code/hyper-rtos/tgoskits/tmp/rt-thread-5.2.2-full/include/rtdef.h:68[m[K,
                 from [01m[K/home/yfblock/Code/hyper-rtos/tgoskits/tmp/rt-thread-5.2.2-full/include/rthw.h:23[m[K,
                 from [01m[K/home/yfblock/Code/hyper-rtos/tgoskits/tmp/rt-thread-5.2.2-full/src/mempool.c:22[m[K:
[01m[K./rtconfig.h:193:[m[K [01;35m[Kwarning: [m[K"RT_CONSOLE_DEVICE_NAME" redefined
  193 | #define RT_CONSOLE_DEVICE_NAME "uart0"
      | 
[01m[K./rtconfig.h:52:[m[K [01;36m[Knote: [m[Kthis is the location of the previous definition
   52 | #define RT_CONSOLE_DEVICE_NAME uart1
      | 
[01m[K./rtconfig.h:194:[m[K [01;35m[Kwarning: [m[K"FINSH_THREAD_NAME" redefined
  194 | #define FINSH_THREAD_NAME "tshell"
      | 
[01m[K./rtconfig.h:59:[m[K [01;36m[Knote: [m[Kthis is the location of the previous definition
   59 | #define FINSH_THREAD_NAME tshell
      | 
CC build/kernel/src/object.o
CC build/kernel/src/scheduler_comm.o
In file included from [01m[K/home/yfblock/Code/hyper-rtos/tgoskits/tmp/rt-thread-5.2.2-full/include/rtthread.h:31[m[K,
                 from [01m[K/home/yfblock/Code/hyper-rtos/tgoskits/tmp/rt-thread-5.2.2-full/src/object.c:21[m[K:
[01m[K./rtconfig.h:193:[m[K [01;35m[Kwarning: [m[K"RT_CONSOLE_DEVICE_NAME" redefined
  193 | #define RT_CONSOLE_DEVICE_NAME "uart0"
      | 
[01m[K./rtconfig.h:52:[m[K [01;36m[Knote: [m[Kthis is the location of the previous definition
   52 | #define RT_CONSOLE_DEVICE_NAME uart1
      | 
[01m[K./rtconfig.h:194:[m[K [01;35m[Kwarning: [m[K"FINSH_THREAD_NAME" redefined
  194 | #define FINSH_THREAD_NAME "tshell"
      | 
[01m[K./rtconfig.h:59:[m[K [01;36m[Knote: [m[Kthis is the location of the previous definition
   59 | #define FINSH_THREAD_NAME tshell
      | 
In file included from [01m[K/home/yfblock/Code/hyper-rtos/tgoskits/tmp/rt-thread-5.2.2-full/include/rtdbg.h:33[m[K,
                 from [01m[K/home/yfblock/Code/hyper-rtos/tgoskits/tmp/rt-thread-5.2.2-full/src/scheduler_comm.c:16[m[K:
[01m[K./rtconfig.h:193:[m[K [01;35m[Kwarning: [m[K"RT_CONSOLE_DEVICE_NAME" redefined
  193 | #define RT_CONSOLE_DEVICE_NAME "uart0"
      | 
[01m[K./rtconfig.h:52:[m[K [01;36m[Knote: [m[Kthis is the location of the previous definition
   52 | #define RT_CONSOLE_DEVICE_NAME uart1
      | 
[01m[K./rtconfig.h:194:[m[K [01;35m[Kwarning: [m[K"FINSH_THREAD_NAME" redefined
  194 | #define FINSH_THREAD_NAME "tshell"
      | 
[01m[K./rtconfig.h:59:[m[K [01;36m[Knote: [m[Kthis is the location of the previous definition
   59 | #define FINSH_THREAD_NAME tshell
      | 
CC build/kernel/src/scheduler_up.o
In file included from [01m[K/home/yfblock/Code/hyper-rtos/tgoskits/tmp/rt-thread-5.2.2-full/include/rtthread.h:31[m[K,
                 from [01m[K/home/yfblock/Code/hyper-rtos/tgoskits/tmp/rt-thread-5.2.2-full/src/scheduler_up.c:39[m[K:
[01m[K./rtconfig.h:193:[m[K [01;35m[Kwarning: [m[K"RT_CONSOLE_DEVICE_NAME" redefined
  193 | #define RT_CONSOLE_DEVICE_NAME "uart0"
      | 
[01m[K./rtconfig.h:52:[m[K [01;36m[Knote: [m[Kthis is the location of the previous definition
   52 | #define RT_CONSOLE_DEVICE_NAME uart1
      | 
[01m[K./rtconfig.h:194:[m[K [01;35m[Kwarning: [m[K"FINSH_THREAD_NAME" redefined
  194 | #define FINSH_THREAD_NAME "tshell"
      | 
[01m[K./rtconfig.h:59:[m[K [01;36m[Knote: [m[Kthis is the location of the previous definition
   59 | #define FINSH_THREAD_NAME tshell
      | 
CC build/kernel/src/thread.o
In file included from [01m[K/home/yfblock/Code/hyper-rtos/tgoskits/tmp/rt-thread-5.2.2-full/include/rttypes.h:14[m[K,
                 from [01m[K/home/yfblock/Code/hyper-rtos/tgoskits/tmp/rt-thread-5.2.2-full/include/rtsched.h:14[m[K,
                 from [01m[K/home/yfblock/Code/hyper-rtos/tgoskits/tmp/rt-thread-5.2.2-full/include/rtdef.h:68[m[K,
                 from [01m[K/home/yfblock/Code/hyper-rtos/tgoskits/tmp/rt-thread-5.2.2-full/include/rthw.h:23[m[K,
                 from [01m[K/home/yfblock/Code/hyper-rtos/tgoskits/tmp/rt-thread-5.2.2-full/src/thread.c:40[m[K:
[01m[K./rtconfig.h:193:[m[K [01;35m[Kwarning: [m[K"RT_CONSOLE_DEVICE_NAME" redefined
  193 | #define RT_CONSOLE_DEVICE_NAME "uart0"
      | 
[01m[K./rtconfig.h:52:[m[K [01;36m[Knote: [m[Kthis is the location of the previous definition
   52 | #define RT_CONSOLE_DEVICE_NAME uart1
      | 
[01m[K./rtconfig.h:194:[m[K [01;35m[Kwarning: [m[K"FINSH_THREAD_NAME" redefined
  194 | #define FINSH_THREAD_NAME "tshell"
      | 
[01m[K./rtconfig.h:59:[m[K [01;36m[Knote: [m[Kthis is the location of the previous definition
   59 | #define FINSH_THREAD_NAME tshell
      | 
CC build/kernel/src/timer.o
In file included from [01m[K/home/yfblock/Code/hyper-rtos/tgoskits/tmp/rt-thread-5.2.2-full/include/rtthread.h:31[m[K,
                 from [01m[K/home/yfblock/Code/hyper-rtos/tgoskits/tmp/rt-thread-5.2.2-full/src/timer.c:27[m[K:
[01m[K./rtconfig.h:193:[m[K [01;35m[Kwarning: [m[K"RT_CONSOLE_DEVICE_NAME" redefined
  193 | #define RT_CONSOLE_DEVICE_NAME "uart0"
      | 
[01m[K./rtconfig.h:52:[m[K [01;36m[Knote: [m[Kthis is the location of the previous definition
   52 | #define RT_CONSOLE_DEVICE_NAME uart1
      | 
[01m[K./rtconfig.h:194:[m[K [01;35m[Kwarning: [m[K"FINSH_THREAD_NAME" redefined
  194 | #define FINSH_THREAD_NAME "tshell"
      | 
[01m[K./rtconfig.h:59:[m[K [01;36m[Knote: [m[Kthis is the location of the previous definition
   59 | #define FINSH_THREAD_NAME tshell
      | 
LINK rtthread.elf
Memory region         Used Size  Region Size  %age Used
aarch64-linux-musl-objcopy -O binary rtthread.elf rtthread.bin
aarch64-linux-musl-size rtthread.elf
   text	   data	    bss	    dec	    hex	filename
 488208	   6000	 558600	1052808	 101088	rtthread.elf
scons: done building targets.
[2/5] Building rtipc-client...
make: Entering directory '/home/yfblock/Code/hyper-rtos/tgoskits/os/axvisor/guests/rt-ipc/linux'
make: 'target/rtipic-client' is up to date.
make: Leaving directory '/home/yfblock/Code/hyper-rtos/tgoskits/os/axvisor/guests/rt-ipc/linux'
[3/5] Rebuilding Linux initramfs...
5757 blocks
  initramfs rebuilt: -rw-r--r-- 1 yfblock yfblock 2947584 Aug 15 21:40 tmp/vmconfigs/two-guest-net/current/linux-1-initramfs.cpio
[4/5] Building Axvisor...
    Finished `dev` profile [unoptimized + debuginfo] target(s) in 0.14s
     Running `target/debug/tg-xtask axvisor build --config qemu-aarch64-two-guest-net --vmconfigs /home/yfblock/Code/hyper-rtos/tgoskits/os/axvisor/configs/vms/qemu/aarch64/linux-net.toml --vmconfigs /home/yfblock/Code/hyper-rtos/tgoskits/os/axvisor/configs/vms/qemu/aarch64/rtthread-net.toml`
[2026-08-15T13:40:25Z INFO  axbuild::context] Workspace root: /home/yfblock/Code/hyper-rtos/tgoskits
[2026-08-15T13:40:25Z INFO  axbuild::context] Workspace member dir for axvisor: /home/yfblock/Code/hyper-rtos/tgoskits/os/axvisor
Using build config: qemu-aarch64-two-guest-net
[axbuild] cargo build package=axvisor target=scripts/targets/std/pie/aarch64-unknown-linux-musl.json config=qemu-aarch64-two-guest-net ...
sh -c /home/yfblock/Code/hyper-rtos/tgoskits/tmp/axbuild/std/prebuild/prebuild-aarch64-unknown-linux-musl-f6626de1af3d9f06.sh
AR_aarch64_unknown_linux_musl=aarch64-linux-musl-ar
AXVISOR_VM_CONFIGS=/home/yfblock/Code/hyper-rtos/tgoskits/os/axvisor/configs/vms/qemu/aarch64/linux-net.toml:/home/yfblock/Code/hyper-rtos/tgoskits/os/axvisor/configs/vms/qemu/aarch64/rtthread-net.toml
AX_ARCH=aarch64
AX_LOG=info
AX_TARGET=aarch64-unknown-none-softfloat
BINDGEN_EXTRA_CLANG_ARGS_aarch64_unknown_linux_musl=--target=aarch64-linux-musl --sysroot=/home/yfblock/Env/aarch64-linux-musl-cross/bin/../aarch64-linux-musl --gcc-toolchain=/home/yfblock/Env/aarch64-linux-musl-cross -isystem /home/yfblock/Env/aarch64-linux-musl-cross/bin/../aarch64-linux-musl/include -isystem /home/yfblock/Env/aarch64-linux-musl-cross/lib/gcc/aarch64-linux-musl/11.2.1/include -mgeneral-regs-only
CARGO_UNSTABLE_JSON_TARGET_SPEC=true
CC_aarch64_unknown_linux_musl=aarch64-linux-musl-cc
CFLAGS_aarch64_unknown_linux_musl=-mgeneral-regs-only -fno-stack-protector
CXXFLAGS_aarch64_unknown_linux_musl=-mgeneral-regs-only -fno-stack-protector
SMP=3
cargo build --config /home/yfblock/Code/hyper-rtos/tgoskits/tmp/axbuild/std/config-aarch64-unknown-linux-musl-dynamic.toml -p axvisor --target scripts/targets/std/pie/aarch64-unknown-linux-musl.json -Z unstable-options --target-dir /home/yfblock/Code/hyper-rtos/tgoskits/target --features ax-std/fs,ax-std/nvme,ax-std/smp,fs,log/release_max_level_info -Z json-target-spec --bin axvisor --release --message-format json-render-diagnostics
warning: associated function `defer_irq_deactivation` is never used
  --> platforms/somehal/src/common.rs:26:8
   |
 7 | pub trait PlatOp {
   |           ------ associated function in this trait
...
26 |     fn defer_irq_deactivation(_active: &mut Self::ActiveIrq) -> Result<(), IrqError> {
   |        ^^^^^^^^^^^^^^^^^^^^^^
   |
   = note: `#[warn(dead_code)]` (part of `#[warn(unused)]`) on by default

warning: `somehal` (lib) generated 1 warning
warning: function `missing_mmio_error` is never used
  --> virtualization/axvm/src/architecture/exit.rs:72:4
   |
72 | fn missing_mmio_error(
   |    ^^^^^^^^^^^^^^^^^^
   |
   = note: `#[warn(dead_code)]` (part of `#[warn(unused)]`) on by default

warning: associated function `after_external_interrupt` is never used
   --> virtualization/axvm/src/architecture/ops.rs:113:8
    |
 12 | pub(crate) trait ArchOps {
    |                  ------- associated function in this trait
...
113 |     fn after_external_interrupt(
    |        ^^^^^^^^^^^^^^^^^^^^^^^^

warning: function `host_console_irq` is never used
  --> virtualization/axvm/src/host/arceos.rs:91:15
   |
91 | pub(crate) fn host_console_irq() -> Option<modules::ax_hal::irq::IrqId> {
   |               ^^^^^^^^^^^^^^^^

warning: function `dispatch_host_irq` is never used
  --> virtualization/axvm/src/host/arceos.rs:95:15
   |
95 | pub(crate) fn dispatch_host_irq(vector: usize) {
   |               ^^^^^^^^^^^^^^^^^

warning: function `with_vm` is never used
  --> virtualization/axvm/src/manager.rs:56:15
   |
56 | pub(crate) fn with_vm<F, R>(vm_id: VMId, f: F) -> Option<R>
   |               ^^^^^^^

warning: function `active_vcpu_mask` is never used
  --> virtualization/axvm/src/manager.rs:65:15
   |
65 | pub(crate) fn active_vcpu_mask(vm_id: VMId) -> Option<usize> {
   |               ^^^^^^^^^^^^^^^^

warning: function `inject_interrupt` is never used
  --> virtualization/axvm/src/manager.rs:77:15
   |
77 | pub(crate) fn inject_interrupt(vm_id: VMId, vcpu_id: usize, vector: usize) -> AxVmResult {
   |               ^^^^^^^^^^^^^^^^

warning: variant `Generic` is never constructed
  --> virtualization/axvm/src/runtime/hvc.rs:26:5
   |
25 | pub(crate) enum HyperCallAbi {
   |                 ------------ variant in this enum
26 |     Generic,
   |     ^^^^^^^
   |
   = note: `HyperCallAbi` has derived impls for the traits `Debug` and `Clone`, but these are intentionally ignored during dead code analysis

warning: method `handle` is never used
   --> virtualization/axvm/src/timer.rs:158:8
    |
113 | impl TimerWheels {
    | ---------------- method in this implementation
...
158 |     fn handle(&self, token: usize) -> Option<VmTimerHandle> {
    |        ^^^^^^

warning: function `cancel_timer` is never used
   --> virtualization/axvm/src/timer.rs:236:15
    |
236 | pub(crate) fn cancel_timer(token: usize) {
    |               ^^^^^^^^^^^^

warning: associated items `try_handle_port_write`, `handle_nested_page_fault`, and `debug_nested_page_fault` are never used
    --> virtualization/axvm/src/vm/mod.rs:1284:19
     |
 795 | impl AxVM {
     | --------- associated items in this implementation
...
1284 |     pub(crate) fn try_handle_port_write(
     |                   ^^^^^^^^^^^^^^^^^^^^^
...
1297 |     pub(crate) fn handle_nested_page_fault(
     |                   ^^^^^^^^^^^^^^^^^^^^^^^^
...
1312 |     fn debug_nested_page_fault(
     |        ^^^^^^^^^^^^^^^^^^^^^^^

warning: struct `SimpleVmPlan` is never constructed
  --> virtualization/axvm/src/vm/prepare/device_plan/mod.rs:60:19
   |
60 | pub(crate) struct SimpleVmPlan(VmDevicePlan);
   |                   ^^^^^^^^^^^^

warning: associated function `new` is never used
  --> virtualization/axvm/src/vm/prepare/device_plan/mod.rs:63:25
   |
62 | impl SimpleVmPlan {
   | ----------------- associated function in this implementation
63 |     pub(crate) const fn new(devices: VmDevicePlan) -> Self {
   |                         ^^^

warning: `axvm` (lib) generated 13 warnings
   Compiling axvisor v0.5.24 (/home/yfblock/Code/hyper-rtos/tgoskits/os/axvisor)
    Finished `release` profile [optimized] target(s) in 1.55s
warning: the following packages contain code that will be rejected by a future version of Rust: core v0.0.0 (/home/yfblock/.rustup/toolchains/nightly-2026-07-15-x86_64-unknown-linux-gnu/lib/rustlib/src/rust/library/core), memchr v2.8.3
note: to see what the problems were, use the option `--future-incompat-report`, or run `cargo report future-incompatibilities --id 1`
[axbuild] cargo build package=axvisor target=scripts/targets/std/pie/aarch64-unknown-linux-musl.json config=qemu-aarch64-two-guest-net ... done (1.77s)
[axbuild] cargo build elf=/home/yfblock/Code/hyper-rtos/tgoskits/target/aarch64-unknown-linux-musl/release/axvisor
[axbuild] cargo build artifact_dir=/home/yfblock/Code/hyper-rtos/tgoskits/target/aarch64-unknown-linux-musl/release
[5/5] Launching QEMU...
QEMU realtime control applied: pid=1525665 uclamp.min=1024
2026/08/15 21:40:48 socat[1525679] W exiting on signal 15
QEMU exited with code 0

--- RT-IPC Statistics ---
[32m[I/rtipic.srv] client connected[0m
1 packets transmitted, 1 packets received, 0% packet loss
Linux network counters before RT-IPC:
Starting RT-IPC benchmark...
=== RT-IPC Benchmark Client ===
[client] connected!
--- Payload 64B ---
[client] reconnect complete recovery_ms=208 attempts=1
[progress] size=64 idx=829 sent=830 recv=829 state=3 tx=830 rx=829 retrans=0 timeouts=0 dup=0 reorder=0 errors=0 acks=830 stall=2ms
  sent=1000  recv=1000  loss=0%
  RTT: min=1ms avg=5ms max=34ms P50=2ms P95=23ms P99=23ms P99.9=33ms
  throughput=11.00KiB/s
  request_timeouts=0 protocol_errors=0 reconnects=1
--- Payload 256B ---
  sent=1000  recv=1000  loss=0%
  RTT: min=0ms avg=4ms max=46ms P50=2ms P95=23ms P99=23ms P99.9=36ms
  throughput=57.47KiB/s
  request_timeouts=0 protocol_errors=0 reconnects=0
--- Payload 1024B ---
  sent=1000  recv=1000  loss=0%
  RTT: min=0ms avg=2ms max=29ms P50=2ms P95=3ms P99=23ms P99.9=26ms
  throughput=320.62KiB/s
  request_timeouts=0 protocol_errors=0 reconnects=0
ALL TESTS COMPLETE
RT-IPC client exited with rc=0
Linux network counters after RT-IPC:

--- RT benchmark suite ---
RTBENCH_BEGIN samples=1000 frequency=62500000
msh />RTBENCH metric=timer_jitter run=1 expected=1000 collected=1000 missing=0 p50_ns=21024 p95_ns=83248 p99_ns=98240 p99_9_ns=109888 max_ns=115136 miss_100us=7 miss_500us=0 miss_1ms=0 mean_ns=30086
RTBENCH metric=callback_exec run=1 expected=1000 collected=1000 missing=0 p50_ns=464 p95_ns=560 p99_ns=688 p99_9_ns=3376 max_ns=51360 miss_100us=0 miss_500us=0 miss_1ms=0 mean_ns=524
RTBENCH metric=timer_jitter run=2 expected=1000 collected=1000 missing=0 p50_ns=37520 p95_ns=83888 p99_ns=107200 p99_9_ns=808880 max_ns=997216 miss_100us=18 miss_500us=2 miss_1ms=0 mean_ns=39910
RTBENCH metric=callback_exec run=2 expected=1000 collected=1000 missing=0 p50_ns=480 p95_ns=592 p99_ns=672 p99_9_ns=4112 max_ns=7040 miss_100us=0 miss_500us=0 miss_1ms=0 mean_ns=498
RTBENCH metric=timer_jitter run=3 expected=1000 collected=1000 missing=0 p50_ns=38320 p95_ns=66480 p99_ns=104112 p99_9_ns=118928 max_ns=188416 miss_100us=15 miss_500us=0 miss_1ms=0 mean_ns=38403
RTBENCH metric=callback_exec run=3 expected=1000 collected=1000 missing=0 p50_ns=480 p95_ns=544 p99_ns=672 p99_9_ns=3104 max_ns=3344 miss_100us=0 miss_500us=0 miss_1ms=0 mean_ns=484
RTBENCH metric=preemption run=1 expected=1000 collected=1000 missing=0 p50_ns=5056 p95_ns=5472 p99_ns=6080 p99_9_ns=11344 max_ns=15728 miss_100us=0 miss_500us=0 miss_1ms=0 mean_ns=4923
RTBENCH metric=irq run=1 expected=1000 collected=1000 missing=0 p50_ns=77552 p95_ns=86192 p99_ns=180640 p99_9_ns=269632 max_ns=274160 miss_100us=34 miss_500us=0 miss_1ms=0 mean_ns=81943
RTBENCH_END status=PASS

Full log: tmp/rtipc-test.log

=== Result Gate ===
PASS: all RT-IPC payload tests completed (1000 requests each)
SUCCESS: RT-IPC integration test passed
PASS: RT benchmark suite completed (1000 samples per metric)
