=== RT-IPC Integration Test ===
[1/5] Building RT-Thread with SAL/socket and RT-IPC server...
Using existing RT-Thread source at tmp/rt-thread-5.2.2-final (ddf52e2cdd977f14fc04035c88672ac204aec713)
Applying RT-Thread patches for axvisor...
error: patch failed: bsp/qemu-virt64-aarch64/.config:121
error: bsp/qemu-virt64-aarch64/.config: patch does not apply
error: patch failed: bsp/qemu-virt64-aarch64/SConstruct:32
error: bsp/qemu-virt64-aarch64/SConstruct: patch does not apply
error: patch failed: bsp/qemu-virt64-aarch64/applications/SConscript:1
error: bsp/qemu-virt64-aarch64/applications/SConscript: patch does not apply
error: bsp/qemu-virt64-aarch64/applications/console.c: No such file or directory
error: bsp/qemu-virt64-aarch64/applications/graphic.c: No such file or directory
error: patch failed: bsp/qemu-virt64-aarch64/applications/main.c:1
error: bsp/qemu-virt64-aarch64/applications/main.c: patch does not apply
error: bsp/qemu-virt64-aarch64/applications/mnt.c: No such file or directory
error: bsp/qemu-virt64-aarch64/applications/pin.c: No such file or directory
error: bsp/qemu-virt64-aarch64/drivers/drv_gpio.c: No such file or directory
error: bsp/qemu-virt64-aarch64/drivers/drv_rtc.c: No such file or directory
error: patch failed: bsp/qemu-virt64-aarch64/drivers/virt.h:39
error: bsp/qemu-virt64-aarch64/drivers/virt.h: patch does not apply
error: bsp/qemu-virt64-aarch64/link.lds: already exists in working directory
error: patch failed: bsp/qemu-virt64-aarch64/rtconfig.h:1
error: bsp/qemu-virt64-aarch64/rtconfig.h: patch does not apply
error: patch failed: bsp/qemu-virt64-aarch64/rtconfig.py:1
error: bsp/qemu-virt64-aarch64/rtconfig.py: patch does not apply
error: patch failed: components/drivers/pin/dev_pin.c:104
error: components/drivers/pin/dev_pin.c: patch does not apply
error: patch failed: components/drivers/virtio/virtio.c:121
error: components/drivers/virtio/virtio.c: patch does not apply
error: patch failed: components/drivers/virtio/virtio.h:20
error: components/drivers/virtio/virtio.h: patch does not apply
error: patch failed: components/drivers/virtio/virtio_net.c:20
error: components/drivers/virtio/virtio_net.c: patch does not apply
error: patch failed: components/libc/compilers/common/extension/sys/types.h:20
error: components/libc/compilers/common/extension/sys/types.h: patch does not apply
error: components/libc/compilers/common/include/fcntl.h: already exists in working directory
error: patch failed: components/libc/compilers/common/include/sys/time.h:201
error: components/libc/compilers/common/include/sys/time.h: patch does not apply
error: patch failed: components/libc/compilers/musl/SConscript:16
error: components/libc/compilers/musl/SConscript: patch does not apply
error: patch failed: components/net/lwip/port/ethernetif.c:834
error: components/net/lwip/port/ethernetif.c: patch does not apply
error: patch failed: components/net/lwip/port/lwipopts.h:481
error: components/net/lwip/port/lwipopts.h: patch does not apply
error: patch failed: libcpu/aarch64/SConscript:16
error: libcpu/aarch64/SConscript: patch does not apply
error: patch failed: libcpu/aarch64/common/cpu_gcc.S:93
error: libcpu/aarch64/common/cpu_gcc.S: patch does not apply
error: patch failed: libcpu/aarch64/common/gic.c:110
error: libcpu/aarch64/common/gic.c: patch does not apply
error: patch failed: libcpu/aarch64/common/gicv3.c:108
error: libcpu/aarch64/common/gicv3.c: patch does not apply
error: patch failed: libcpu/aarch64/common/gtimer.c:17
error: libcpu/aarch64/common/gtimer.c: patch does not apply
error: patch failed: libcpu/aarch64/common/include/gic.h:19
error: libcpu/aarch64/common/include/gic.h: patch does not apply
error: patch failed: libcpu/aarch64/common/include/gicv3.h:145
error: libcpu/aarch64/common/include/gicv3.h: patch does not apply
error: patch failed: libcpu/aarch64/common/include/gtimer.h:21
error: libcpu/aarch64/common/include/gtimer.h: patch does not apply
error: patch failed: libcpu/aarch64/common/include/interrupt.h:26
error: libcpu/aarch64/common/include/interrupt.h: patch does not apply
error: patch failed: libcpu/aarch64/common/include/mmu.h:85
error: libcpu/aarch64/common/include/mmu.h: patch does not apply
error: patch failed: libcpu/aarch64/common/interrupt.c:170
error: libcpu/aarch64/common/interrupt.c: patch does not apply
error: patch failed: libcpu/aarch64/common/mmu.c:928
error: libcpu/aarch64/common/mmu.c: patch does not apply
error: patch failed: libcpu/aarch64/common/setup.c:34
error: libcpu/aarch64/common/setup.c: patch does not apply
error: patch failed: src/SConscript:42
error: src/SConscript: patch does not apply
AxVisor AArch64 base port is already applied
Removed RT_USING_VIRTIO_MMIO_ALIGN from rtconfig.h
Reversed (or previously applied) patch detected!  Skipping patch.
1 out of 1 hunk ignored
Reversed (or previously applied) patch detected!  Skipping patch.
1 out of 1 hunk ignored
Reversed (or previously applied) patch detected!  Skipping patch.
3 out of 3 hunks ignored
Reversed (or previously applied) patch detected!  Skipping patch.
4 out of 4 hunks ignored
Reversed (or previously applied) patch detected!  Skipping patch.
1 out of 1 hunk ignored
Reversed (or previously applied) patch detected!  Skipping patch.
3 out of 3 hunks ignored
Reversed (or previously applied) patch detected!  Skipping patch.
1 out of 1 hunk ignored
Reversed (or previously applied) patch detected!  Skipping patch.
1 out of 1 hunk ignored
Reversed (or previously applied) patch detected!  Skipping patch.
1 out of 1 hunk ignored
Reversed (or previously applied) patch detected!  Skipping patch.
1 out of 1 hunk ignored
Reversed (or previously applied) patch detected!  Skipping patch.
1 out of 1 hunk ignored
Reversed (or previously applied) patch detected!  Skipping patch.
1 out of 1 hunk ignored
Reversed (or previously applied) patch detected!  Skipping patch.
1 out of 1 hunk ignored
Reversed (or previously applied) patch detected!  Skipping patch.
3 out of 3 hunks ignored
Reversed (or previously applied) patch detected!  Skipping patch.
1 out of 1 hunk ignored
Installed RT-IPC server into tmp/rt-thread-5.2.2-final/bsp/qemu-virt64-aarch64/applications/rt-ipc-test
Installed RT benchmark into tmp/rt-thread-5.2.2-final/bsp/qemu-virt64-aarch64/applications
Patches are applied in-place in the RT-Thread source tree.
Key changes:
  - rtconfig.h: RT_LWIP_DHCP removed, IP addresses quoted, virtio-net enabled
  - rtconfig.h: SAL/socket support enabled for RT-IPC
  - virtio.h: _virtio_va2pa_safe() with identity mapping fallback
  - virtio.c: 64-bit queue registers with 44-bit PA mask
  - virtio_net.c: volatile feature negotiation, interrupt-only RX
  - lwIP: 16-slot UDP receive mailbox and matching netbuf pool
  - GICv3: local SGI/PPI pending state uses redistributor registers
  - AArch64 GIC: interrupt enable state is queryable for benchmark cleanup
  - AArch64 timer: absolute CNTV deadlines with elapsed-tick compensation
  - applications/rt-ipc-test/: RT-IPC UDP server installed
  - applications/rt_benchmark.c: canonical real-time benchmark installed
PASS: RT-Thread patch and benchmark invariants
scons: Entering directory `/home/yfblock/Code/hyper-rtos/tgoskits/tmp/rt-thread-5.2.2-final/bsp/qemu-virt64-aarch64'
scons: Reading SConscript files ...
Musl version: unknown
scons: done reading SConscript files.
scons: Cleaning targets ...
Removed build/applications/main.o
Removed build/applications/rt-ipc-test/rt_ipc.o
Removed build/applications/rt-ipc-test/rtipc_echo_responder.o
Removed build/applications/rt-ipc-test/rtipc_server.o
Removed build/applications/rt_benchmark.o
Removed build/drivers/board.o
Removed build/drivers/drv_uart.o
Removed build/drivers/drv_virtio.o
Removed build/kernel/components/dfs/dfs_v1/filesystems/devfs/devfs.o
Removed build/kernel/components/dfs/dfs_v1/src/dfs.o
Removed build/kernel/components/dfs/dfs_v1/src/dfs_file.o
Removed build/kernel/components/dfs/dfs_v1/src/dfs_fs.o
Removed build/kernel/components/dfs/dfs_v1/src/dfs_posix.o
Removed build/kernel/components/drivers/clk/clk-fixed-rate.o
Removed build/kernel/components/drivers/clk/clk.o
Removed build/kernel/components/drivers/core/bus.o
Removed build/kernel/components/drivers/core/device.o
Removed build/kernel/components/drivers/core/dm.o
Removed build/kernel/components/drivers/core/driver.o
Removed build/kernel/components/drivers/core/mnt.o
Removed build/kernel/components/drivers/core/numa.o
Removed build/kernel/components/drivers/core/platform.o
Removed build/kernel/components/drivers/core/platform_ofw.o
Removed build/kernel/components/drivers/core/power_domain.o
Removed build/kernel/components/drivers/iio/iio.o
Removed build/kernel/components/drivers/ipc/completion_comm.o
Removed build/kernel/components/drivers/ipc/completion_up.o
Removed build/kernel/components/drivers/ipc/condvar.o
Removed build/kernel/components/drivers/ipc/dataqueue.o
Removed build/kernel/components/drivers/ipc/pipe.o
Removed build/kernel/components/drivers/ipc/ringblk_buf.o
Removed build/kernel/components/drivers/ipc/ringbuffer.o
Removed build/kernel/components/drivers/ipc/waitqueue.o
Removed build/kernel/components/drivers/ipc/workqueue.o
Removed build/kernel/components/drivers/ktime/src/aarch64/cputimer.o
Removed build/kernel/components/drivers/ktime/src/boottime.o
Removed build/kernel/components/drivers/ktime/src/cputimer.o
Removed build/kernel/components/drivers/ktime/src/hrtimer.o
Removed build/kernel/components/drivers/misc/rt_null.o
Removed build/kernel/components/drivers/misc/rt_random.o
Removed build/kernel/components/drivers/misc/rt_zero.o
Removed build/kernel/components/drivers/ofw/base.o
Removed build/kernel/components/drivers/ofw/fdt.o
Removed build/kernel/components/drivers/ofw/io.o
Removed build/kernel/components/drivers/ofw/libfdt/fdt.o
Removed build/kernel/components/drivers/ofw/libfdt/fdt_addresses.o
Removed build/kernel/components/drivers/ofw/libfdt/fdt_empty_tree.o
Removed build/kernel/components/drivers/ofw/libfdt/fdt_overlay.o
Removed build/kernel/components/drivers/ofw/libfdt/fdt_ro.o
Removed build/kernel/components/drivers/ofw/libfdt/fdt_rw.o
Removed build/kernel/components/drivers/ofw/libfdt/fdt_strerror.o
Removed build/kernel/components/drivers/ofw/libfdt/fdt_sw.o
Removed build/kernel/components/drivers/ofw/libfdt/fdt_wip.o
Removed build/kernel/components/drivers/ofw/ofw.o
Removed build/kernel/components/drivers/ofw/raw.o
Removed build/kernel/components/drivers/pin/dev_pin.o
Removed build/kernel/components/drivers/pin/dev_pin_dm.o
Removed build/kernel/components/drivers/pin/dev_pin_ofw.o
Removed build/kernel/components/drivers/pm/lptimer.o
Removed build/kernel/components/drivers/pm/pm.o
Removed build/kernel/components/drivers/rtc/dev_rtc.o
Removed build/kernel/components/drivers/rtc/dev_soft_rtc.o
Removed build/kernel/components/drivers/serial/dev_serial.o
Removed build/kernel/components/drivers/serial/serial_dm.o
Removed build/kernel/components/drivers/virtio/virtio.o
Removed build/kernel/components/drivers/virtio/virtio_blk.o
Removed build/kernel/components/drivers/virtio/virtio_console.o
Removed build/kernel/components/drivers/virtio/virtio_gpu.o
Removed build/kernel/components/drivers/virtio/virtio_input.o
Removed build/kernel/components/drivers/virtio/virtio_net.o
Removed build/kernel/components/finsh/cmd.o
Removed build/kernel/components/finsh/msh.o
Removed build/kernel/components/finsh/msh_file.o
Removed build/kernel/components/finsh/msh_parse.o
Removed build/kernel/components/finsh/shell.o
Removed build/kernel/components/libc/compilers/common/cctype.o
Removed build/kernel/components/libc/compilers/common/cstdlib.o
Removed build/kernel/components/libc/compilers/common/cstring.o
Removed build/kernel/components/libc/compilers/common/ctime.o
Removed build/kernel/components/libc/compilers/common/cunistd.o
Removed build/kernel/components/libc/compilers/common/cwchar.o
Removed build/kernel/components/libc/compilers/musl/syscalls.o
Removed build/kernel/components/libc/posix/delay/delay.o
Removed build/kernel/components/mm/avl_adpt.o
Removed build/kernel/components/mm/ioremap.o
Removed build/kernel/components/mm/mm_anon.o
Removed build/kernel/components/mm/mm_aspace.o
Removed build/kernel/components/mm/mm_fault.o
Removed build/kernel/components/mm/mm_kmem.o
Removed build/kernel/components/mm/mm_memblock.o
Removed build/kernel/components/mm/mm_object.o
Removed build/kernel/components/mm/mm_page.o
Removed build/kernel/components/net/lwip/lwip-2.1.2/src/api/api_lib.o
Removed build/kernel/components/net/lwip/lwip-2.1.2/src/api/api_msg.o
Removed build/kernel/components/net/lwip/lwip-2.1.2/src/api/err.o
Removed build/kernel/components/net/lwip/lwip-2.1.2/src/api/if_api.o
Removed build/kernel/components/net/lwip/lwip-2.1.2/src/api/netbuf.o
Removed build/kernel/components/net/lwip/lwip-2.1.2/src/api/netdb.o
Removed build/kernel/components/net/lwip/lwip-2.1.2/src/api/netifapi.o
Removed build/kernel/components/net/lwip/lwip-2.1.2/src/api/sockets.o
Removed build/kernel/components/net/lwip/lwip-2.1.2/src/api/tcpip.o
Removed build/kernel/components/net/lwip/lwip-2.1.2/src/apps/ping/ping.o
Removed build/kernel/components/net/lwip/lwip-2.1.2/src/core/altcp.o
Removed build/kernel/components/net/lwip/lwip-2.1.2/src/core/altcp_alloc.o
Removed build/kernel/components/net/lwip/lwip-2.1.2/src/core/altcp_tcp.o
Removed build/kernel/components/net/lwip/lwip-2.1.2/src/core/def.o
Removed build/kernel/components/net/lwip/lwip-2.1.2/src/core/dns.o
Removed build/kernel/components/net/lwip/lwip-2.1.2/src/core/inet_chksum.o
Removed build/kernel/components/net/lwip/lwip-2.1.2/src/core/init.o
Removed build/kernel/components/net/lwip/lwip-2.1.2/src/core/ip.o
Removed build/kernel/components/net/lwip/lwip-2.1.2/src/core/ipv4/autoip.o
Removed build/kernel/components/net/lwip/lwip-2.1.2/src/core/ipv4/dhcp.o
Removed build/kernel/components/net/lwip/lwip-2.1.2/src/core/ipv4/etharp.o
Removed build/kernel/components/net/lwip/lwip-2.1.2/src/core/ipv4/icmp.o
Removed build/kernel/components/net/lwip/lwip-2.1.2/src/core/ipv4/igmp.o
Removed build/kernel/components/net/lwip/lwip-2.1.2/src/core/ipv4/ip4.o
Removed build/kernel/components/net/lwip/lwip-2.1.2/src/core/ipv4/ip4_addr.o
Removed build/kernel/components/net/lwip/lwip-2.1.2/src/core/ipv4/ip4_frag.o
Removed build/kernel/components/net/lwip/lwip-2.1.2/src/core/memp.o
Removed build/kernel/components/net/lwip/lwip-2.1.2/src/core/netif.o
Removed build/kernel/components/net/lwip/lwip-2.1.2/src/core/pbuf.o
Removed build/kernel/components/net/lwip/lwip-2.1.2/src/core/raw.o
Removed build/kernel/components/net/lwip/lwip-2.1.2/src/core/stats.o
Removed build/kernel/components/net/lwip/lwip-2.1.2/src/core/sys.o
Removed build/kernel/components/net/lwip/lwip-2.1.2/src/core/tcp.o
Removed build/kernel/components/net/lwip/lwip-2.1.2/src/core/tcp_in.o
Removed build/kernel/components/net/lwip/lwip-2.1.2/src/core/tcp_out.o
Removed build/kernel/components/net/lwip/lwip-2.1.2/src/core/timeouts.o
Removed build/kernel/components/net/lwip/lwip-2.1.2/src/core/udp.o
Removed build/kernel/components/net/lwip/lwip-2.1.2/src/netif/ethernet.o
Removed build/kernel/components/net/lwip/lwip-2.1.2/src/netif/lowpan6.o
Removed build/kernel/components/net/lwip/port/ethernetif.o
Removed build/kernel/components/net/lwip/port/sys_arch.o
Removed build/kernel/components/net/netdev/src/netdev.o
Removed build/kernel/components/net/netdev/src/netdev_ipaddr.o
Removed build/kernel/components/net/sal/dfs_net/dfs_net.o
Removed build/kernel/components/net/sal/impl/af_inet_lwip.o
Removed build/kernel/components/net/sal/socket/net_netdb.o
Removed build/kernel/components/net/sal/socket/net_sockets.o
Removed build/kernel/components/net/sal/src/sal_socket.o
Removed build/kernel/components/utilities/libadt/avl/avl.o
Removed build/kernel/components/utilities/resource/resource_id.o
Removed build/kernel/components/utilities/resource/rid_bitmap.o
Removed build/kernel/libcpu/aarch64/common/atomic_aarch64.o
Removed build/kernel/libcpu/aarch64/common/backtrace.o
Removed build/kernel/libcpu/aarch64/common/cache.o
Removed build/kernel/libcpu/aarch64/common/cache_ops.o
Removed build/kernel/libcpu/aarch64/common/cpu.o
Removed build/kernel/libcpu/aarch64/common/cpu_gcc.o
Removed build/kernel/libcpu/aarch64/common/cpu_psci.o
Removed build/kernel/libcpu/aarch64/common/cpu_spin_table.o
Removed build/kernel/libcpu/aarch64/common/cpuport.o
Removed build/kernel/libcpu/aarch64/common/exception.o
Removed build/kernel/libcpu/aarch64/common/gic.o
Removed build/kernel/libcpu/aarch64/common/gicv3.o
Removed build/kernel/libcpu/aarch64/common/gtimer.o
Removed build/kernel/libcpu/aarch64/common/hypercall.o
Removed build/kernel/libcpu/aarch64/common/interrupt.o
Removed build/kernel/libcpu/aarch64/common/mmu.o
Removed build/kernel/libcpu/aarch64/common/psci.o
Removed build/kernel/libcpu/aarch64/common/setup.o
Removed build/kernel/libcpu/aarch64/common/smccc.o
Removed build/kernel/libcpu/aarch64/common/stack.o
Removed build/kernel/libcpu/aarch64/common/stack_gcc.o
Removed build/kernel/libcpu/aarch64/common/startup_gcc.o
Removed build/kernel/libcpu/aarch64/common/trap.o
Removed build/kernel/libcpu/aarch64/common/up/context_gcc.o
Removed build/kernel/libcpu/aarch64/common/up/vector_gcc.o
Removed build/kernel/libcpu/aarch64/common/vector_gcc.o
Removed build/kernel/libcpu/aarch64/cortex-a/entry_point.o
Removed build/kernel/src/clock.o
Removed build/kernel/src/components.o
Removed build/kernel/src/cpu_up.o
Removed build/kernel/src/defunct.o
Removed build/kernel/src/idle.o
Removed build/kernel/src/ipc.o
Removed build/kernel/src/irq.o
Removed build/kernel/src/klibc/kerrno.o
Removed build/kernel/src/klibc/kstdio.o
Removed build/kernel/src/klibc/kstring.o
Removed build/kernel/src/klibc/rt_vsnprintf_std.o
Removed build/kernel/src/klibc/rt_vsscanf.o
Removed build/kernel/src/kservice.o
Removed build/kernel/src/mem.o
Removed build/kernel/src/memheap.o
Removed build/kernel/src/mempool.o
Removed build/kernel/src/object.o
Removed build/kernel/src/scheduler_comm.o
Removed build/kernel/src/scheduler_up.o
Removed build/kernel/src/thread.o
Removed build/kernel/src/timer.o
Removed rtthread.elf
Removed .sconsign.dblite
scons: done cleaning targets.
scons: Entering directory `/home/yfblock/Code/hyper-rtos/tgoskits/tmp/rt-thread-5.2.2-final/bsp/qemu-virt64-aarch64'
scons: Reading SConscript files ...
Musl version: unknown
scons: done reading SConscript files.
scons: Building targets ...
scons: building associated VariantDir targets: build
CC build/applications/main.o
CC build/applications/rt-ipc-test/rt_ipc.o
CC build/applications/rt-ipc-test/rtipc_echo_responder.o
CC build/applications/rt-ipc-test/rtipc_server.o
CC build/applications/rt_benchmark.o
CC build/drivers/board.o
CC build/drivers/drv_uart.o
CC build/drivers/drv_virtio.o
In file included from [01m[K/home/yfblock/Code/hyper-rtos/tgoskits/tmp/rt-thread-5.2.2-final/components/net/lwip/lwip-2.1.2/src/include/lwip/opt.h:51[m[K,
                 from [01m[K/home/yfblock/Code/hyper-rtos/tgoskits/tmp/rt-thread-5.2.2-final/components/net/lwip/lwip-2.1.2/src/include/lwip/netif.h:40[m[K,
                 from [01m[K/home/yfblock/Code/hyper-rtos/tgoskits/tmp/rt-thread-5.2.2-final/components/net/lwip/port/netif/ethernetif.h:18[m[K,
                 from [01m[K/home/yfblock/Code/hyper-rtos/tgoskits/tmp/rt-thread-5.2.2-final/components/drivers/virtio/virtio_net.h:17[m[K,
                 from [01m[Kdrivers/drv_virtio.c:18[m[K:
[01m[K/home/yfblock/Code/hyper-rtos/tgoskits/tmp/rt-thread-5.2.2-final/components/net/lwip/port/lwipopts.h:410:[m[K [01;35m[Kwarning: [m[K"TCPIP_THREAD_PRIO" redefined
  410 | #define TCPIP_THREAD_PRIO           RT_LWIP_TCPTHREAD_PRIORITY
      | 
In file included from [01m[K/home/yfblock/Code/hyper-rtos/tgoskits/tmp/rt-thread-5.2.2-final/include/rtthread.h:31[m[K,
                 from [01m[Kdrivers/drv_virtio.c:11[m[K:
[01m[K./rtconfig.h:198:[m[K [01;36m[Knote: [m[Kthis is the location of the previous definition
  198 | #define TCPIP_THREAD_PRIO 10
      | 
In file included from [01m[K/home/yfblock/Code/hyper-rtos/tgoskits/tmp/rt-thread-5.2.2-final/components/net/lwip/lwip-2.1.2/src/include/lwip/opt.h:51[m[K,
                 from [01m[K/home/yfblock/Code/hyper-rtos/tgoskits/tmp/rt-thread-5.2.2-final/components/net/lwip/lwip-2.1.2/src/include/lwip/netif.h:40[m[K,
                 from [01m[K/home/yfblock/Code/hyper-rtos/tgoskits/tmp/rt-thread-5.2.2-final/components/net/lwip/port/netif/ethernetif.h:18[m[K,
                 from [01m[K/home/yfblock/Code/hyper-rtos/tgoskits/tmp/rt-thread-5.2.2-final/components/drivers/virtio/virtio_net.h:17[m[K,
                 from [01m[Kdrivers/drv_virtio.c:18[m[K:
[01m[K/home/yfblock/Code/hyper-rtos/tgoskits/tmp/rt-thread-5.2.2-final/components/net/lwip/port/lwipopts.h:411:[m[K [01;35m[Kwarning: [m[K"TCPIP_THREAD_STACKSIZE" redefined
  411 | #define TCPIP_THREAD_STACKSIZE      RT_LWIP_TCPTHREAD_STACKSIZE
      | 
In file included from [01m[K/home/yfblock/Code/hyper-rtos/tgoskits/tmp/rt-thread-5.2.2-final/include/rtthread.h:31[m[K,
                 from [01m[Kdrivers/drv_virtio.c:11[m[K:
[01m[K./rtconfig.h:197:[m[K [01;36m[Knote: [m[Kthis is the location of the previous definition
  197 | #define TCPIP_THREAD_STACKSIZE 8192
      | 
CC build/kernel/components/dfs/dfs_v1/filesystems/devfs/devfs.o
CC build/kernel/components/dfs/dfs_v1/src/dfs.o
CC build/kernel/components/dfs/dfs_v1/src/dfs_file.o
CC build/kernel/components/dfs/dfs_v1/src/dfs_fs.o
CC build/kernel/components/dfs/dfs_v1/src/dfs_posix.o
CC build/kernel/components/drivers/clk/clk-fixed-rate.o
CC build/kernel/components/drivers/clk/clk.o
CC build/kernel/components/drivers/core/bus.o
CC build/kernel/components/drivers/core/device.o
CC build/kernel/components/drivers/core/dm.o
CC build/kernel/components/drivers/core/driver.o
CC build/kernel/components/drivers/core/mnt.o
CC build/kernel/components/drivers/core/numa.o
[01m[K/home/yfblock/Code/hyper-rtos/tgoskits/tmp/rt-thread-5.2.2-final/components/drivers/clk/clk.c:[m[K In function ‘[01m[Kofw_get_clk_no_lock[m[K’:
[01m[K/home/yfblock/Code/hyper-rtos/tgoskits/tmp/rt-thread-5.2.2-final/components/drivers/clk/clk.c:1230:16:[m[K [01;35m[Kwarning: [m[K‘[01m[Kcount[m[K’ may be used uninitialized in this function [[01;35m[K-Wmaybe-uninitialized[m[K]
 1230 |             if [01;35m[K([m[Kcount > 1)
      |                [01;35m[K^[m[K
CC build/kernel/components/drivers/core/platform.o
CC build/kernel/components/drivers/core/platform_ofw.o
CC build/kernel/components/drivers/core/power_domain.o
CC build/kernel/components/drivers/iio/iio.o
CC build/kernel/components/drivers/ipc/completion_comm.o
CC build/kernel/components/drivers/ipc/completion_up.o
CC build/kernel/components/drivers/ipc/condvar.o
CC build/kernel/components/drivers/ipc/dataqueue.o
CC build/kernel/components/drivers/ipc/pipe.o
CC build/kernel/components/drivers/ipc/ringblk_buf.o
CC build/kernel/components/drivers/ipc/ringbuffer.o
CC build/kernel/components/drivers/ipc/waitqueue.o
CC build/kernel/components/drivers/ipc/workqueue.o
CC build/kernel/components/drivers/ktime/src/aarch64/cputimer.o
CC build/kernel/components/drivers/ktime/src/boottime.o
CC build/kernel/components/drivers/ktime/src/cputimer.o
CC build/kernel/components/drivers/ktime/src/hrtimer.o
CC build/kernel/components/drivers/misc/rt_null.o
CC build/kernel/components/drivers/misc/rt_random.o
CC build/kernel/components/drivers/misc/rt_zero.o
CC build/kernel/components/drivers/ofw/base.o
CC build/kernel/components/drivers/ofw/fdt.o
CC build/kernel/components/drivers/ofw/io.o
CC build/kernel/components/drivers/ofw/libfdt/fdt.o
CC build/kernel/components/drivers/ofw/libfdt/fdt_addresses.o
CC build/kernel/components/drivers/ofw/libfdt/fdt_empty_tree.o
CC build/kernel/components/drivers/ofw/libfdt/fdt_overlay.o
CC build/kernel/components/drivers/ofw/libfdt/fdt_ro.o
CC build/kernel/components/drivers/ofw/libfdt/fdt_rw.o
CC build/kernel/components/drivers/ofw/libfdt/fdt_strerror.o
CC build/kernel/components/drivers/ofw/libfdt/fdt_sw.o
CC build/kernel/components/drivers/ofw/libfdt/fdt_wip.o
CC build/kernel/components/drivers/ofw/ofw.o
CC build/kernel/components/drivers/ofw/raw.o
CC build/kernel/components/drivers/pin/dev_pin.o
[01m[K/home/yfblock/Code/hyper-rtos/tgoskits/tmp/rt-thread-5.2.2-final/components/drivers/pin/dev_pin.c:[m[K In function ‘[01m[Krt_pin_mode[m[K’:
[01m[K/home/yfblock/Code/hyper-rtos/tgoskits/tmp/rt-thread-5.2.2-final/components/drivers/pin/dev_pin.c:148:40:[m[K [01;35m[Kwarning: [m[K‘[01m[Kreturn[m[K’ with a value, in function returning void [[01;35m[K-Wreturn-type[m[K]
  148 |     if (_hw_pin.ops == RT_NULL) return [01;35m[K-[m[KRT_ERROR;
      |                                        [01;35m[K^[m[K
[01m[K/home/yfblock/Code/hyper-rtos/tgoskits/tmp/rt-thread-5.2.2-final/components/drivers/pin/dev_pin.c:146:6:[m[K [01;36m[Knote: [m[Kdeclared here
  146 | void [01;36m[Krt_pin_mode[m[K(rt_base_t pin, rt_uint8_t mode)
      |      [01;36m[K^~~~~~~~~~~[m[K
[01m[K/home/yfblock/Code/hyper-rtos/tgoskits/tmp/rt-thread-5.2.2-final/components/drivers/pin/dev_pin.c:[m[K In function ‘[01m[Krt_pin_write[m[K’:
[01m[K/home/yfblock/Code/hyper-rtos/tgoskits/tmp/rt-thread-5.2.2-final/components/drivers/pin/dev_pin.c:154:40:[m[K [01;35m[Kwarning: [m[K‘[01m[Kreturn[m[K’ with a value, in function returning void [[01;35m[K-Wreturn-type[m[K]
  154 |     if (_hw_pin.ops == RT_NULL) return [01;35m[K-[m[KRT_ERROR;
      |                                        [01;35m[K^[m[K
[01m[K/home/yfblock/Code/hyper-rtos/tgoskits/tmp/rt-thread-5.2.2-final/components/drivers/pin/dev_pin.c:152:6:[m[K [01;36m[Knote: [m[Kdeclared here
  152 | void [01;36m[Krt_pin_write[m[K(rt_base_t pin, rt_ssize_t value)
      |      [01;36m[K^~~~~~~~~~~~[m[K
CC build/kernel/components/drivers/pin/dev_pin_dm.o
CC build/kernel/components/drivers/pin/dev_pin_ofw.o
CC build/kernel/components/drivers/pm/lptimer.o
CC build/kernel/components/drivers/pm/pm.o
CC build/kernel/components/drivers/rtc/dev_rtc.o
CC build/kernel/components/drivers/rtc/dev_soft_rtc.o
CC build/kernel/components/drivers/serial/dev_serial.o
CC build/kernel/components/drivers/serial/serial_dm.o
CC build/kernel/components/drivers/virtio/virtio.o
CC build/kernel/components/drivers/virtio/virtio_blk.o
CC build/kernel/components/drivers/virtio/virtio_console.o
CC build/kernel/components/drivers/virtio/virtio_gpu.o
CC build/kernel/components/drivers/virtio/virtio_input.o
CC build/kernel/components/drivers/virtio/virtio_net.o
In file included from [01m[K/home/yfblock/Code/hyper-rtos/tgoskits/tmp/rt-thread-5.2.2-final/components/net/lwip/lwip-2.1.2/src/include/lwip/opt.h:51[m[K,
                 from [01m[K/home/yfblock/Code/hyper-rtos/tgoskits/tmp/rt-thread-5.2.2-final/components/net/lwip/lwip-2.1.2/src/include/lwip/netif.h:40[m[K,
                 from [01m[K/home/yfblock/Code/hyper-rtos/tgoskits/tmp/rt-thread-5.2.2-final/components/net/lwip/port/netif/ethernetif.h:18[m[K,
                 from [01m[K/home/yfblock/Code/hyper-rtos/tgoskits/tmp/rt-thread-5.2.2-final/components/drivers/virtio/virtio_net.h:17[m[K,
                 from [01m[K/home/yfblock/Code/hyper-rtos/tgoskits/tmp/rt-thread-5.2.2-final/components/drivers/virtio/virtio_net.c:18[m[K:
[01m[K/home/yfblock/Code/hyper-rtos/tgoskits/tmp/rt-thread-5.2.2-final/components/net/lwip/port/lwipopts.h:410:[m[K [01;35m[Kwarning: [m[K"TCPIP_THREAD_PRIO" redefined
  410 | #define TCPIP_THREAD_PRIO           RT_LWIP_TCPTHREAD_PRIORITY
      | 
In file included from [01m[K/home/yfblock/Code/hyper-rtos/tgoskits/tmp/rt-thread-5.2.2-final/include/rttypes.h:14[m[K,
                 from [01m[K/home/yfblock/Code/hyper-rtos/tgoskits/tmp/rt-thread-5.2.2-final/include/rtsched.h:14[m[K,
                 from [01m[K/home/yfblock/Code/hyper-rtos/tgoskits/tmp/rt-thread-5.2.2-final/include/rtdef.h:68[m[K,
                 from [01m[K/home/yfblock/Code/hyper-rtos/tgoskits/tmp/rt-thread-5.2.2-final/include/rthw.h:23[m[K,
                 from [01m[K/home/yfblock/Code/hyper-rtos/tgoskits/tmp/rt-thread-5.2.2-final/components/drivers/virtio/virtio_net.c:11[m[K:
[01m[K./rtconfig.h:198:[m[K [01;36m[Knote: [m[Kthis is the location of the previous definition
  198 | #define TCPIP_THREAD_PRIO 10
      | 
In file included from [01m[K/home/yfblock/Code/hyper-rtos/tgoskits/tmp/rt-thread-5.2.2-final/components/net/lwip/lwip-2.1.2/src/include/lwip/opt.h:51[m[K,
                 from [01m[K/home/yfblock/Code/hyper-rtos/tgoskits/tmp/rt-thread-5.2.2-final/components/net/lwip/lwip-2.1.2/src/include/lwip/netif.h:40[m[K,
                 from [01m[K/home/yfblock/Code/hyper-rtos/tgoskits/tmp/rt-thread-5.2.2-final/components/net/lwip/port/netif/ethernetif.h:18[m[K,
                 from [01m[K/home/yfblock/Code/hyper-rtos/tgoskits/tmp/rt-thread-5.2.2-final/components/drivers/virtio/virtio_net.h:17[m[K,
                 from [01m[K/home/yfblock/Code/hyper-rtos/tgoskits/tmp/rt-thread-5.2.2-final/components/drivers/virtio/virtio_net.c:18[m[K:
[01m[K/home/yfblock/Code/hyper-rtos/tgoskits/tmp/rt-thread-5.2.2-final/components/net/lwip/port/lwipopts.h:411:[m[K [01;35m[Kwarning: [m[K"TCPIP_THREAD_STACKSIZE" redefined
  411 | #define TCPIP_THREAD_STACKSIZE      RT_LWIP_TCPTHREAD_STACKSIZE
      | 
In file included from [01m[K/home/yfblock/Code/hyper-rtos/tgoskits/tmp/rt-thread-5.2.2-final/include/rttypes.h:14[m[K,
                 from [01m[K/home/yfblock/Code/hyper-rtos/tgoskits/tmp/rt-thread-5.2.2-final/include/rtsched.h:14[m[K,
                 from [01m[K/home/yfblock/Code/hyper-rtos/tgoskits/tmp/rt-thread-5.2.2-final/include/rtdef.h:68[m[K,
                 from [01m[K/home/yfblock/Code/hyper-rtos/tgoskits/tmp/rt-thread-5.2.2-final/include/rthw.h:23[m[K,
                 from [01m[K/home/yfblock/Code/hyper-rtos/tgoskits/tmp/rt-thread-5.2.2-final/components/drivers/virtio/virtio_net.c:11[m[K:
[01m[K./rtconfig.h:197:[m[K [01;36m[Knote: [m[Kthis is the location of the previous definition
  197 | #define TCPIP_THREAD_STACKSIZE 8192
      | 
[01m[K/home/yfblock/Code/hyper-rtos/tgoskits/tmp/rt-thread-5.2.2-final/components/drivers/virtio/virtio_net.c:[m[K In function ‘[01m[Krt_virtio_net_init[m[K’:
[01m[K/home/yfblock/Code/hyper-rtos/tgoskits/tmp/rt-thread-5.2.2-final/components/drivers/virtio/virtio_net.c:235:28:[m[K [01;35m[Kwarning: [m[Kassignment discards ‘[01m[Kvolatile[m[K’ qualifier from pointer target type [[01;35m[K-Wdiscarded-qualifiers[m[K]
  235 |     virtio_net_dev->config [01;35m[K=[m[K (volatile struct virtio_net_config *)virtio_dev->mmio_config->config;
      |                            [01;35m[K^[m[K
CC build/kernel/components/finsh/cmd.o
CC build/kernel/components/finsh/msh.o
CC build/kernel/components/finsh/msh_file.o
CC build/kernel/components/finsh/msh_parse.o
CC build/kernel/components/finsh/shell.o
CC build/kernel/components/libc/compilers/common/cctype.o
CC build/kernel/components/libc/compilers/common/cstdlib.o
CC build/kernel/components/libc/compilers/common/cstring.o
CC build/kernel/components/libc/compilers/common/ctime.o
CC build/kernel/components/libc/compilers/common/cunistd.o
CC build/kernel/components/libc/compilers/common/cwchar.o
CC build/kernel/components/libc/compilers/musl/syscalls.o
CC build/kernel/components/libc/posix/delay/delay.o
CC build/kernel/components/mm/avl_adpt.o
CC build/kernel/components/mm/ioremap.o
CC build/kernel/components/mm/mm_anon.o
CC build/kernel/components/mm/mm_aspace.o
CC build/kernel/components/mm/mm_fault.o
CC build/kernel/components/mm/mm_kmem.o
CC build/kernel/components/mm/mm_memblock.o
CC build/kernel/components/mm/mm_object.o
In file included from [01m[K/home/yfblock/Code/hyper-rtos/tgoskits/tmp/rt-thread-5.2.2-final/include/rtthread.h:33[m[K,
                 from [01m[K/home/yfblock/Code/hyper-rtos/tgoskits/tmp/rt-thread-5.2.2-final/components/mm/mm_page.h:16[m[K,
                 from [01m[K/home/yfblock/Code/hyper-rtos/tgoskits/tmp/rt-thread-5.2.2-final/components/mm/mm_memblock.h:14[m[K,
                 from [01m[K/home/yfblock/Code/hyper-rtos/tgoskits/tmp/rt-thread-5.2.2-final/components/mm/mm_memblock.c:11[m[K:
[01m[K/home/yfblock/Code/hyper-rtos/tgoskits/tmp/rt-thread-5.2.2-final/components/mm/mm_memblock.c:[m[K In function ‘[01m[K_next_free_region.constprop[m[K’:
[01m[K/home/yfblock/Code/hyper-rtos/tgoskits/tmp/rt-thread-5.2.2-final/include/rtservice.h:37:6:[m[K [01;35m[Kwarning: [m[Karray subscript -4 is outside array bounds of ‘[01m[Kstruct rt_memblock[1][m[K’ [[01;35m[K-Warray-bounds[m[K]
   37 |     [01;35m[K((type *)((char *)(ptr) - (unsigned long)(&((type *)0)->member)))[m[K
      |     [01;35m[K~^~~~~~~~~~~~~~~~~~~~~~~~~~~~~~~~~~~~~~~~~~~~~~~~~~~~~~~~~~~~~~~~[m[K
[01m[K/home/yfblock/Code/hyper-rtos/tgoskits/tmp/rt-thread-5.2.2-final/include/rtservice.h:288:5:[m[K [01;36m[Knote: [m[Kin expansion of macro ‘[01m[Krt_container_of[m[K’
  288 |     [01;36m[Krt_container_of[m[K(node, type, member)
      |     [01;36m[K^~~~~~~~~~~~~~~[m[K
[01m[K/home/yfblock/Code/hyper-rtos/tgoskits/tmp/rt-thread-5.2.2-final/components/mm/mm_memblock.c:314:10:[m[K [01;36m[Knote: [m[Kin expansion of macro ‘[01m[Krt_slist_entry[m[K’
  314 |     *m = [01;36m[Krt_slist_entry[m[K(&(mmblk_memory.reg_list), struct rt_mmblk_reg, node);
      |          [01;36m[K^~~~~~~~~~~~~~[m[K
[01m[K/home/yfblock/Code/hyper-rtos/tgoskits/tmp/rt-thread-5.2.2-final/components/mm/mm_memblock.c:38:27:[m[K [01;36m[Knote: [m[Kwhile referencing ‘[01m[Kmmblk_memory[m[K’
   38 | static struct rt_memblock [01;36m[Kmmblk_memory[m[K;
      |                           [01;36m[K^~~~~~~~~~~~[m[K
[01m[K/home/yfblock/Code/hyper-rtos/tgoskits/tmp/rt-thread-5.2.2-final/components/mm/mm_memblock.c:264:26:[m[K [01;35m[Kwarning: [m[Karray subscript -4 is outside array bounds of ‘[01m[Kstruct rt_memblock[1][m[K’ [[01;35m[K-Warray-bounds[m[K]
  264 |     struct rt_mmblk_reg *[01;35m[Kr_sentinel[m[K = rt_slist_entry(&(mmblk_reserved.reg_list), struct rt_mmblk_reg, node);
      |                          [01;35m[K^~~~~~~~~~[m[K
[01m[K/home/yfblock/Code/hyper-rtos/tgoskits/tmp/rt-thread-5.2.2-final/components/mm/mm_memblock.c:39:27:[m[K [01;36m[Knote: [m[Kwhile referencing ‘[01m[Kmmblk_reserved[m[K’
   39 | static struct rt_memblock [01;36m[Kmmblk_reserved[m[K;
      |                           [01;36m[K^~~~~~~~~~~~~~[m[K
In file included from [01m[K/home/yfblock/Code/hyper-rtos/tgoskits/tmp/rt-thread-5.2.2-final/include/rtthread.h:33[m[K,
                 from [01m[K/home/yfblock/Code/hyper-rtos/tgoskits/tmp/rt-thread-5.2.2-final/components/mm/mm_page.h:16[m[K,
                 from [01m[K/home/yfblock/Code/hyper-rtos/tgoskits/tmp/rt-thread-5.2.2-final/components/mm/mm_memblock.h:14[m[K,
                 from [01m[K/home/yfblock/Code/hyper-rtos/tgoskits/tmp/rt-thread-5.2.2-final/components/mm/mm_memblock.c:11[m[K:
[01m[K/home/yfblock/Code/hyper-rtos/tgoskits/tmp/rt-thread-5.2.2-final/components/mm/mm_memblock.c:[m[K In function ‘[01m[Krt_memblock_setup_memory_environment[m[K’:
[01m[K/home/yfblock/Code/hyper-rtos/tgoskits/tmp/rt-thread-5.2.2-final/include/rtservice.h:37:6:[m[K [01;35m[Kwarning: [m[Karray subscript -4 is outside array bounds of ‘[01m[Kstruct rt_memblock[1][m[K’ [[01;35m[K-Warray-bounds[m[K]
   37 |     [01;35m[K((type *)((char *)(ptr) - (unsigned long)(&((type *)0)->member)))[m[K
      |     [01;35m[K~^~~~~~~~~~~~~~~~~~~~~~~~~~~~~~~~~~~~~~~~~~~~~~~~~~~~~~~~~~~~~~~~[m[K
[01m[K/home/yfblock/Code/hyper-rtos/tgoskits/tmp/rt-thread-5.2.2-final/include/rtservice.h:288:5:[m[K [01;36m[Knote: [m[Kin expansion of macro ‘[01m[Krt_container_of[m[K’
  288 |     [01;36m[Krt_container_of[m[K(node, type, member)
      |     [01;36m[K^~~~~~~~~~~~~~~[m[K
[01m[K/home/yfblock/Code/hyper-rtos/tgoskits/tmp/rt-thread-5.2.2-final/components/mm/mm_memblock.c:319:9:[m[K [01;36m[Knote: [m[Kin expansion of macro ‘[01m[Krt_slist_entry[m[K’
  319 |     m = [01;36m[Krt_slist_entry[m[K(&(mmblk_memory.reg_list.next), struct rt_mmblk_reg, node);       \
      |         [01;36m[K^~~~~~~~~~~~~~[m[K
[01m[K/home/yfblock/Code/hyper-rtos/tgoskits/tmp/rt-thread-5.2.2-final/components/mm/mm_memblock.c:373:5:[m[K [01;36m[Knote: [m[Kin expansion of macro ‘[01m[Kfor_each_free_region[m[K’
  373 |     [01;36m[Kfor_each_free_region[m[K(m, r, MEMBLOCK_NONE, &reg.start, &reg.end)
      |     [01;36m[K^~~~~~~~~~~~~~~~~~~~[m[K
[01m[K/home/yfblock/Code/hyper-rtos/tgoskits/tmp/rt-thread-5.2.2-final/components/mm/mm_memblock.c:38:27:[m[K [01;36m[Knote: [m[Kwhile referencing ‘[01m[Kmmblk_memory[m[K’
   38 | static struct rt_memblock [01;36m[Kmmblk_memory[m[K;
      |                           [01;36m[K^~~~~~~~~~~~[m[K
In file included from [01m[K/home/yfblock/Code/hyper-rtos/tgoskits/tmp/rt-thread-5.2.2-final/include/rtthread.h:33[m[K,
                 from [01m[K/home/yfblock/Code/hyper-rtos/tgoskits/tmp/rt-thread-5.2.2-final/components/mm/mm_page.h:16[m[K,
                 from [01m[K/home/yfblock/Code/hyper-rtos/tgoskits/tmp/rt-thread-5.2.2-final/components/mm/mm_memblock.h:14[m[K,
                 from [01m[K/home/yfblock/Code/hyper-rtos/tgoskits/tmp/rt-thread-5.2.2-final/components/mm/mm_memblock.c:11[m[K:
[01m[K/home/yfblock/Code/hyper-rtos/tgoskits/tmp/rt-thread-5.2.2-final/include/rtservice.h:37:6:[m[K [01;35m[Kwarning: [m[Karray subscript -4 is outside array bounds of ‘[01m[Kstruct rt_memblock[1][m[K’ [[01;35m[K-Warray-bounds[m[K]
   37 |     [01;35m[K((type *)((char *)(ptr) - (unsigned long)(&((type *)0)->member)))[m[K
      |     [01;35m[K~^~~~~~~~~~~~~~~~~~~~~~~~~~~~~~~~~~~~~~~~~~~~~~~~~~~~~~~~~~~~~~~~[m[K
[01m[K/home/yfblock/Code/hyper-rtos/tgoskits/tmp/rt-thread-5.2.2-final/include/rtservice.h:288:5:[m[K [01;36m[Knote: [m[Kin expansion of macro ‘[01m[Krt_container_of[m[K’
  288 |     [01;36m[Krt_container_of[m[K(node, type, member)
      |     [01;36m[K^~~~~~~~~~~~~~~[m[K
[01m[K/home/yfblock/Code/hyper-rtos/tgoskits/tmp/rt-thread-5.2.2-final/components/mm/mm_memblock.c:320:9:[m[K [01;36m[Knote: [m[Kin expansion of macro ‘[01m[Krt_slist_entry[m[K’
  320 |     r = [01;36m[Krt_slist_entry[m[K(&(mmblk_reserved.reg_list), struct rt_mmblk_reg, node);          \
      |         [01;36m[K^~~~~~~~~~~~~~[m[K
[01m[K/home/yfblock/Code/hyper-rtos/tgoskits/tmp/rt-thread-5.2.2-final/components/mm/mm_memblock.c:373:5:[m[K [01;36m[Knote: [m[Kin expansion of macro ‘[01m[Kfor_each_free_region[m[K’
  373 |     [01;36m[Kfor_each_free_region[m[K(m, r, MEMBLOCK_NONE, &reg.start, &reg.end)
      |     [01;36m[K^~~~~~~~~~~~~~~~~~~~[m[K
[01m[K/home/yfblock/Code/hyper-rtos/tgoskits/tmp/rt-thread-5.2.2-final/components/mm/mm_memblock.c:39:27:[m[K [01;36m[Knote: [m[Kwhile referencing ‘[01m[Kmmblk_reserved[m[K’
   39 | static struct rt_memblock [01;36m[Kmmblk_reserved[m[K;
      |                           [01;36m[K^~~~~~~~~~~~~~[m[K
In file included from [01m[K/home/yfblock/Code/hyper-rtos/tgoskits/tmp/rt-thread-5.2.2-final/include/rtthread.h:33[m[K,
                 from [01m[K/home/yfblock/Code/hyper-rtos/tgoskits/tmp/rt-thread-5.2.2-final/components/mm/mm_page.h:16[m[K,
                 from [01m[K/home/yfblock/Code/hyper-rtos/tgoskits/tmp/rt-thread-5.2.2-final/components/mm/mm_memblock.h:14[m[K,
                 from [01m[K/home/yfblock/Code/hyper-rtos/tgoskits/tmp/rt-thread-5.2.2-final/components/mm/mm_memblock.c:11[m[K:
[01m[K/home/yfblock/Code/hyper-rtos/tgoskits/tmp/rt-thread-5.2.2-final/include/rtservice.h:37:6:[m[K [01;35m[Kwarning: [m[Karray subscript -4 is outside array bounds of ‘[01m[Kstruct rt_memblock[1][m[K’ [[01;35m[K-Warray-bounds[m[K]
   37 |     [01;35m[K((type *)((char *)(ptr) - (unsigned long)(&((type *)0)->member)))[m[K
      |     [01;35m[K~^~~~~~~~~~~~~~~~~~~~~~~~~~~~~~~~~~~~~~~~~~~~~~~~~~~~~~~~~~~~~~~~[m[K
[01m[K/home/yfblock/Code/hyper-rtos/tgoskits/tmp/rt-thread-5.2.2-final/include/rtservice.h:288:5:[m[K [01;36m[Knote: [m[Kin expansion of macro ‘[01m[Krt_container_of[m[K’
  288 |     [01;36m[Krt_container_of[m[K(node, type, member)
      |     [01;36m[K^~~~~~~~~~~~~~~[m[K
[01m[K/home/yfblock/Code/hyper-rtos/tgoskits/tmp/rt-thread-5.2.2-final/components/mm/mm_memblock.c:322:15:[m[K [01;36m[Knote: [m[Kin expansion of macro ‘[01m[Krt_slist_entry[m[K’
  322 |          m != [01;36m[Krt_slist_entry[m[K(&(mmblk_memory.reg_list), struct rt_mmblk_reg, node);      \
      |               [01;36m[K^~~~~~~~~~~~~~[m[K
[01m[K/home/yfblock/Code/hyper-rtos/tgoskits/tmp/rt-thread-5.2.2-final/components/mm/mm_memblock.c:373:5:[m[K [01;36m[Knote: [m[Kin expansion of macro ‘[01m[Kfor_each_free_region[m[K’
  373 |     [01;36m[Kfor_each_free_region[m[K(m, r, MEMBLOCK_NONE, &reg.start, &reg.end)
      |     [01;36m[K^~~~~~~~~~~~~~~~~~~~[m[K
[01m[K/home/yfblock/Code/hyper-rtos/tgoskits/tmp/rt-thread-5.2.2-final/components/mm/mm_memblock.c:38:27:[m[K [01;36m[Knote: [m[Kwhile referencing ‘[01m[Kmmblk_memory[m[K’
   38 | static struct rt_memblock [01;36m[Kmmblk_memory[m[K;
      |                           [01;36m[K^~~~~~~~~~~~[m[K
CC build/kernel/components/mm/mm_page.o
CC build/kernel/components/net/lwip/lwip-2.1.2/src/api/api_lib.o
CC build/kernel/components/net/lwip/lwip-2.1.2/src/api/api_msg.o
In file included from [01m[K/home/yfblock/Code/hyper-rtos/tgoskits/tmp/rt-thread-5.2.2-final/components/net/lwip/lwip-2.1.2/src/include/lwip/opt.h:51[m[K,
                 from [01m[K/home/yfblock/Code/hyper-rtos/tgoskits/tmp/rt-thread-5.2.2-final/components/net/lwip/lwip-2.1.2/src/api/api_lib.c:58[m[K:
[01m[K/home/yfblock/Code/hyper-rtos/tgoskits/tmp/rt-thread-5.2.2-final/components/net/lwip/port/lwipopts.h:410:[m[K [01;35m[Kwarning: [m[K"TCPIP_THREAD_PRIO" redefined
  410 | #define TCPIP_THREAD_PRIO           RT_LWIP_TCPTHREAD_PRIORITY
      | 
In file included from [01m[K/home/yfblock/Code/hyper-rtos/tgoskits/tmp/rt-thread-5.2.2-final/components/net/lwip/port/lwipopts.h:15[m[K,
                 from [01m[K/home/yfblock/Code/hyper-rtos/tgoskits/tmp/rt-thread-5.2.2-final/components/net/lwip/lwip-2.1.2/src/include/lwip/opt.h:51[m[K,
                 from [01m[K/home/yfblock/Code/hyper-rtos/tgoskits/tmp/rt-thread-5.2.2-final/components/net/lwip/lwip-2.1.2/src/api/api_lib.c:58[m[K:
[01m[K./rtconfig.h:198:[m[K [01;36m[Knote: [m[Kthis is the location of the previous definition
  198 | #define TCPIP_THREAD_PRIO 10
      | 
In file included from [01m[K/home/yfblock/Code/hyper-rtos/tgoskits/tmp/rt-thread-5.2.2-final/components/net/lwip/lwip-2.1.2/src/include/lwip/opt.h:51[m[K,
                 from [01m[K/home/yfblock/Code/hyper-rtos/tgoskits/tmp/rt-thread-5.2.2-final/components/net/lwip/lwip-2.1.2/src/api/api_lib.c:58[m[K:
[01m[K/home/yfblock/Code/hyper-rtos/tgoskits/tmp/rt-thread-5.2.2-final/components/net/lwip/port/lwipopts.h:411:[m[K [01;35m[Kwarning: [m[K"TCPIP_THREAD_STACKSIZE" redefined
  411 | #define TCPIP_THREAD_STACKSIZE      RT_LWIP_TCPTHREAD_STACKSIZE
      | 
In file included from [01m[K/home/yfblock/Code/hyper-rtos/tgoskits/tmp/rt-thread-5.2.2-final/components/net/lwip/port/lwipopts.h:15[m[K,
                 from [01m[K/home/yfblock/Code/hyper-rtos/tgoskits/tmp/rt-thread-5.2.2-final/components/net/lwip/lwip-2.1.2/src/include/lwip/opt.h:51[m[K,
                 from [01m[K/home/yfblock/Code/hyper-rtos/tgoskits/tmp/rt-thread-5.2.2-final/components/net/lwip/lwip-2.1.2/src/api/api_lib.c:58[m[K:
[01m[K./rtconfig.h:197:[m[K [01;36m[Knote: [m[Kthis is the location of the previous definition
  197 | #define TCPIP_THREAD_STACKSIZE 8192
      | 
In file included from [01m[K/home/yfblock/Code/hyper-rtos/tgoskits/tmp/rt-thread-5.2.2-final/components/net/lwip/lwip-2.1.2/src/include/lwip/opt.h:51[m[K,
                 from [01m[K/home/yfblock/Code/hyper-rtos/tgoskits/tmp/rt-thread-5.2.2-final/components/net/lwip/lwip-2.1.2/src/api/api_msg.c:39[m[K:
[01m[K/home/yfblock/Code/hyper-rtos/tgoskits/tmp/rt-thread-5.2.2-final/components/net/lwip/port/lwipopts.h:410:[m[K [01;35m[Kwarning: [m[K"TCPIP_THREAD_PRIO" redefined
  410 | #define TCPIP_THREAD_PRIO           RT_LWIP_TCPTHREAD_PRIORITY
      | 
In file included from [01m[K/home/yfblock/Code/hyper-rtos/tgoskits/tmp/rt-thread-5.2.2-final/components/net/lwip/port/lwipopts.h:15[m[K,
                 from [01m[K/home/yfblock/Code/hyper-rtos/tgoskits/tmp/rt-thread-5.2.2-final/components/net/lwip/lwip-2.1.2/src/include/lwip/opt.h:51[m[K,
                 from [01m[K/home/yfblock/Code/hyper-rtos/tgoskits/tmp/rt-thread-5.2.2-final/components/net/lwip/lwip-2.1.2/src/api/api_msg.c:39[m[K:
[01m[K./rtconfig.h:198:[m[K [01;36m[Knote: [m[Kthis is the location of the previous definition
  198 | #define TCPIP_THREAD_PRIO 10
      | 
In file included from [01m[K/home/yfblock/Code/hyper-rtos/tgoskits/tmp/rt-thread-5.2.2-final/components/net/lwip/lwip-2.1.2/src/include/lwip/opt.h:51[m[K,
                 from [01m[K/home/yfblock/Code/hyper-rtos/tgoskits/tmp/rt-thread-5.2.2-final/components/net/lwip/lwip-2.1.2/src/api/api_msg.c:39[m[K:
[01m[K/home/yfblock/Code/hyper-rtos/tgoskits/tmp/rt-thread-5.2.2-final/components/net/lwip/port/lwipopts.h:411:[m[K [01;35m[Kwarning: [m[K"TCPIP_THREAD_STACKSIZE" redefined
  411 | #define TCPIP_THREAD_STACKSIZE      RT_LWIP_TCPTHREAD_STACKSIZE
      | 
In file included from [01m[K/home/yfblock/Code/hyper-rtos/tgoskits/tmp/rt-thread-5.2.2-final/components/net/lwip/port/lwipopts.h:15[m[K,
                 from [01m[K/home/yfblock/Code/hyper-rtos/tgoskits/tmp/rt-thread-5.2.2-final/components/net/lwip/lwip-2.1.2/src/include/lwip/opt.h:51[m[K,
                 from [01m[K/home/yfblock/Code/hyper-rtos/tgoskits/tmp/rt-thread-5.2.2-final/components/net/lwip/lwip-2.1.2/src/api/api_msg.c:39[m[K:
[01m[K./rtconfig.h:197:[m[K [01;36m[Knote: [m[Kthis is the location of the previous definition
  197 | #define TCPIP_THREAD_STACKSIZE 8192
      | 
CC build/kernel/components/net/lwip/lwip-2.1.2/src/api/err.o
CC build/kernel/components/net/lwip/lwip-2.1.2/src/api/if_api.o
In file included from [01m[K/home/yfblock/Code/hyper-rtos/tgoskits/tmp/rt-thread-5.2.2-final/components/net/lwip/lwip-2.1.2/src/include/lwip/opt.h:51[m[K,
                 from [01m[K/home/yfblock/Code/hyper-rtos/tgoskits/tmp/rt-thread-5.2.2-final/components/net/lwip/lwip-2.1.2/src/include/lwip/err.h:39[m[K,
                 from [01m[K/home/yfblock/Code/hyper-rtos/tgoskits/tmp/rt-thread-5.2.2-final/components/net/lwip/lwip-2.1.2/src/api/err.c:39[m[K:
[01m[K/home/yfblock/Code/hyper-rtos/tgoskits/tmp/rt-thread-5.2.2-final/components/net/lwip/port/lwipopts.h:410:[m[K [01;35m[Kwarning: [m[K"TCPIP_THREAD_PRIO" redefined
  410 | #define TCPIP_THREAD_PRIO           RT_LWIP_TCPTHREAD_PRIORITY
      | 
In file included from [01m[K/home/yfblock/Code/hyper-rtos/tgoskits/tmp/rt-thread-5.2.2-final/components/net/lwip/port/lwipopts.h:15[m[K,
                 from [01m[K/home/yfblock/Code/hyper-rtos/tgoskits/tmp/rt-thread-5.2.2-final/components/net/lwip/lwip-2.1.2/src/include/lwip/opt.h:51[m[K,
                 from [01m[K/home/yfblock/Code/hyper-rtos/tgoskits/tmp/rt-thread-5.2.2-final/components/net/lwip/lwip-2.1.2/src/include/lwip/err.h:39[m[K,
                 from [01m[K/home/yfblock/Code/hyper-rtos/tgoskits/tmp/rt-thread-5.2.2-final/components/net/lwip/lwip-2.1.2/src/api/err.c:39[m[K:
[01m[K./rtconfig.h:198:[m[K [01;36m[Knote: [m[Kthis is the location of the previous definition
  198 | #define TCPIP_THREAD_PRIO 10
      | 
In file included from [01m[K/home/yfblock/Code/hyper-rtos/tgoskits/tmp/rt-thread-5.2.2-final/components/net/lwip/lwip-2.1.2/src/include/lwip/opt.h:51[m[K,
                 from [01m[K/home/yfblock/Code/hyper-rtos/tgoskits/tmp/rt-thread-5.2.2-final/components/net/lwip/lwip-2.1.2/src/include/lwip/err.h:39[m[K,
                 from [01m[K/home/yfblock/Code/hyper-rtos/tgoskits/tmp/rt-thread-5.2.2-final/components/net/lwip/lwip-2.1.2/src/api/err.c:39[m[K:
[01m[K/home/yfblock/Code/hyper-rtos/tgoskits/tmp/rt-thread-5.2.2-final/components/net/lwip/port/lwipopts.h:411:[m[K [01;35m[Kwarning: [m[K"TCPIP_THREAD_STACKSIZE" redefined
  411 | #define TCPIP_THREAD_STACKSIZE      RT_LWIP_TCPTHREAD_STACKSIZE
      | 
In file included from [01m[K/home/yfblock/Code/hyper-rtos/tgoskits/tmp/rt-thread-5.2.2-final/components/net/lwip/port/lwipopts.h:15[m[K,
                 from [01m[K/home/yfblock/Code/hyper-rtos/tgoskits/tmp/rt-thread-5.2.2-final/components/net/lwip/lwip-2.1.2/src/include/lwip/opt.h:51[m[K,
                 from [01m[K/home/yfblock/Code/hyper-rtos/tgoskits/tmp/rt-thread-5.2.2-final/components/net/lwip/lwip-2.1.2/src/include/lwip/err.h:39[m[K,
                 from [01m[K/home/yfblock/Code/hyper-rtos/tgoskits/tmp/rt-thread-5.2.2-final/components/net/lwip/lwip-2.1.2/src/api/err.c:39[m[K:
[01m[K./rtconfig.h:197:[m[K [01;36m[Knote: [m[Kthis is the location of the previous definition
  197 | #define TCPIP_THREAD_STACKSIZE 8192
      | 
In file included from [01m[K/home/yfblock/Code/hyper-rtos/tgoskits/tmp/rt-thread-5.2.2-final/components/net/lwip/lwip-2.1.2/src/include/lwip/opt.h:51[m[K,
                 from [01m[K/home/yfblock/Code/hyper-rtos/tgoskits/tmp/rt-thread-5.2.2-final/components/net/lwip/lwip-2.1.2/src/api/if_api.c:42[m[K:
[01m[K/home/yfblock/Code/hyper-rtos/tgoskits/tmp/rt-thread-5.2.2-final/components/net/lwip/port/lwipopts.h:410:[m[K [01;35m[Kwarning: [m[K"TCPIP_THREAD_PRIO" redefined
  410 | #define TCPIP_THREAD_PRIO           RT_LWIP_TCPTHREAD_PRIORITY
      | 
In file included from [01m[K/home/yfblock/Code/hyper-rtos/tgoskits/tmp/rt-thread-5.2.2-final/components/net/lwip/port/lwipopts.h:15[m[K,
                 from [01m[K/home/yfblock/Code/hyper-rtos/tgoskits/tmp/rt-thread-5.2.2-final/components/net/lwip/lwip-2.1.2/src/include/lwip/opt.h:51[m[K,
                 from [01m[K/home/yfblock/Code/hyper-rtos/tgoskits/tmp/rt-thread-5.2.2-final/components/net/lwip/lwip-2.1.2/src/api/if_api.c:42[m[K:
[01m[K./rtconfig.h:198:[m[K [01;36m[Knote: [m[Kthis is the location of the previous definition
  198 | #define TCPIP_THREAD_PRIO 10
      | 
In file included from [01m[K/home/yfblock/Code/hyper-rtos/tgoskits/tmp/rt-thread-5.2.2-final/components/net/lwip/lwip-2.1.2/src/include/lwip/opt.h:51[m[K,
                 from [01m[K/home/yfblock/Code/hyper-rtos/tgoskits/tmp/rt-thread-5.2.2-final/components/net/lwip/lwip-2.1.2/src/api/if_api.c:42[m[K:
[01m[K/home/yfblock/Code/hyper-rtos/tgoskits/tmp/rt-thread-5.2.2-final/components/net/lwip/port/lwipopts.h:411:[m[K [01;35m[Kwarning: [m[K"TCPIP_THREAD_STACKSIZE" redefined
  411 | #define TCPIP_THREAD_STACKSIZE      RT_LWIP_TCPTHREAD_STACKSIZE
      | 
In file included from [01m[K/home/yfblock/Code/hyper-rtos/tgoskits/tmp/rt-thread-5.2.2-final/components/net/lwip/port/lwipopts.h:15[m[K,
                 from [01m[K/home/yfblock/Code/hyper-rtos/tgoskits/tmp/rt-thread-5.2.2-final/components/net/lwip/lwip-2.1.2/src/include/lwip/opt.h:51[m[K,
                 from [01m[K/home/yfblock/Code/hyper-rtos/tgoskits/tmp/rt-thread-5.2.2-final/components/net/lwip/lwip-2.1.2/src/api/if_api.c:42[m[K:
[01m[K./rtconfig.h:197:[m[K [01;36m[Knote: [m[Kthis is the location of the previous definition
  197 | #define TCPIP_THREAD_STACKSIZE 8192
      | 
CC build/kernel/components/net/lwip/lwip-2.1.2/src/api/netbuf.o
CC build/kernel/components/net/lwip/lwip-2.1.2/src/api/netdb.o
In file included from [01m[K/home/yfblock/Code/hyper-rtos/tgoskits/tmp/rt-thread-5.2.2-final/components/net/lwip/lwip-2.1.2/src/include/lwip/opt.h:51[m[K,
                 from [01m[K/home/yfblock/Code/hyper-rtos/tgoskits/tmp/rt-thread-5.2.2-final/components/net/lwip/lwip-2.1.2/src/api/netbuf.c:45[m[K:
[01m[K/home/yfblock/Code/hyper-rtos/tgoskits/tmp/rt-thread-5.2.2-final/components/net/lwip/port/lwipopts.h:410:[m[K [01;35m[Kwarning: [m[K"TCPIP_THREAD_PRIO" redefined
  410 | #define TCPIP_THREAD_PRIO           RT_LWIP_TCPTHREAD_PRIORITY
      | 
In file included from [01m[K/home/yfblock/Code/hyper-rtos/tgoskits/tmp/rt-thread-5.2.2-final/components/net/lwip/port/lwipopts.h:15[m[K,
                 from [01m[K/home/yfblock/Code/hyper-rtos/tgoskits/tmp/rt-thread-5.2.2-final/components/net/lwip/lwip-2.1.2/src/include/lwip/opt.h:51[m[K,
                 from [01m[K/home/yfblock/Code/hyper-rtos/tgoskits/tmp/rt-thread-5.2.2-final/components/net/lwip/lwip-2.1.2/src/api/netbuf.c:45[m[K:
[01m[K./rtconfig.h:198:[m[K [01;36m[Knote: [m[Kthis is the location of the previous definition
  198 | #define TCPIP_THREAD_PRIO 10
      | 
In file included from [01m[K/home/yfblock/Code/hyper-rtos/tgoskits/tmp/rt-thread-5.2.2-final/components/net/lwip/lwip-2.1.2/src/include/lwip/opt.h:51[m[K,
                 from [01m[K/home/yfblock/Code/hyper-rtos/tgoskits/tmp/rt-thread-5.2.2-final/components/net/lwip/lwip-2.1.2/src/api/netbuf.c:45[m[K:
[01m[K/home/yfblock/Code/hyper-rtos/tgoskits/tmp/rt-thread-5.2.2-final/components/net/lwip/port/lwipopts.h:411:[m[K [01;35m[Kwarning: [m[K"TCPIP_THREAD_STACKSIZE" redefined
  411 | #define TCPIP_THREAD_STACKSIZE      RT_LWIP_TCPTHREAD_STACKSIZE
      | 
In file included from [01m[K/home/yfblock/Code/hyper-rtos/tgoskits/tmp/rt-thread-5.2.2-final/components/net/lwip/port/lwipopts.h:15[m[K,
                 from [01m[K/home/yfblock/Code/hyper-rtos/tgoskits/tmp/rt-thread-5.2.2-final/components/net/lwip/lwip-2.1.2/src/include/lwip/opt.h:51[m[K,
                 from [01m[K/home/yfblock/Code/hyper-rtos/tgoskits/tmp/rt-thread-5.2.2-final/components/net/lwip/lwip-2.1.2/src/api/netbuf.c:45[m[K:
[01m[K./rtconfig.h:197:[m[K [01;36m[Knote: [m[Kthis is the location of the previous definition
  197 | #define TCPIP_THREAD_STACKSIZE 8192
      | 
CC build/kernel/components/net/lwip/lwip-2.1.2/src/api/netifapi.o
In file included from [01m[K/home/yfblock/Code/hyper-rtos/tgoskits/tmp/rt-thread-5.2.2-final/components/net/lwip/lwip-2.1.2/src/include/lwip/opt.h:51[m[K,
                 from [01m[K/home/yfblock/Code/hyper-rtos/tgoskits/tmp/rt-thread-5.2.2-final/components/net/lwip/lwip-2.1.2/src/include/lwip/netdb.h:37[m[K,
                 from [01m[K/home/yfblock/Code/hyper-rtos/tgoskits/tmp/rt-thread-5.2.2-final/components/net/lwip/lwip-2.1.2/src/api/netdb.c:38[m[K:
[01m[K/home/yfblock/Code/hyper-rtos/tgoskits/tmp/rt-thread-5.2.2-final/components/net/lwip/port/lwipopts.h:410:[m[K [01;35m[Kwarning: [m[K"TCPIP_THREAD_PRIO" redefined
  410 | #define TCPIP_THREAD_PRIO           RT_LWIP_TCPTHREAD_PRIORITY
      | 
In file included from [01m[K/home/yfblock/Code/hyper-rtos/tgoskits/tmp/rt-thread-5.2.2-final/components/net/lwip/port/lwipopts.h:15[m[K,
                 from [01m[K/home/yfblock/Code/hyper-rtos/tgoskits/tmp/rt-thread-5.2.2-final/components/net/lwip/lwip-2.1.2/src/include/lwip/opt.h:51[m[K,
                 from [01m[K/home/yfblock/Code/hyper-rtos/tgoskits/tmp/rt-thread-5.2.2-final/components/net/lwip/lwip-2.1.2/src/include/lwip/netdb.h:37[m[K,
                 from [01m[K/home/yfblock/Code/hyper-rtos/tgoskits/tmp/rt-thread-5.2.2-final/components/net/lwip/lwip-2.1.2/src/api/netdb.c:38[m[K:
[01m[K./rtconfig.h:198:[m[K [01;36m[Knote: [m[Kthis is the location of the previous definition
  198 | #define TCPIP_THREAD_PRIO 10
      | 
In file included from [01m[K/home/yfblock/Code/hyper-rtos/tgoskits/tmp/rt-thread-5.2.2-final/components/net/lwip/lwip-2.1.2/src/include/lwip/opt.h:51[m[K,
                 from [01m[K/home/yfblock/Code/hyper-rtos/tgoskits/tmp/rt-thread-5.2.2-final/components/net/lwip/lwip-2.1.2/src/include/lwip/netdb.h:37[m[K,
                 from [01m[K/home/yfblock/Code/hyper-rtos/tgoskits/tmp/rt-thread-5.2.2-final/components/net/lwip/lwip-2.1.2/src/api/netdb.c:38[m[K:
[01m[K/home/yfblock/Code/hyper-rtos/tgoskits/tmp/rt-thread-5.2.2-final/components/net/lwip/port/lwipopts.h:411:[m[K [01;35m[Kwarning: [m[K"TCPIP_THREAD_STACKSIZE" redefined
  411 | #define TCPIP_THREAD_STACKSIZE      RT_LWIP_TCPTHREAD_STACKSIZE
      | 
In file included from [01m[K/home/yfblock/Code/hyper-rtos/tgoskits/tmp/rt-thread-5.2.2-final/components/net/lwip/port/lwipopts.h:15[m[K,
                 from [01m[K/home/yfblock/Code/hyper-rtos/tgoskits/tmp/rt-thread-5.2.2-final/components/net/lwip/lwip-2.1.2/src/include/lwip/opt.h:51[m[K,
                 from [01m[K/home/yfblock/Code/hyper-rtos/tgoskits/tmp/rt-thread-5.2.2-final/components/net/lwip/lwip-2.1.2/src/include/lwip/netdb.h:37[m[K,
                 from [01m[K/home/yfblock/Code/hyper-rtos/tgoskits/tmp/rt-thread-5.2.2-final/components/net/lwip/lwip-2.1.2/src/api/netdb.c:38[m[K:
[01m[K./rtconfig.h:197:[m[K [01;36m[Knote: [m[Kthis is the location of the previous definition
  197 | #define TCPIP_THREAD_STACKSIZE 8192
      | 
In file included from [01m[K/home/yfblock/Code/hyper-rtos/tgoskits/tmp/rt-thread-5.2.2-final/components/net/lwip/lwip-2.1.2/src/include/lwip/opt.h:51[m[K,
                 from [01m[K/home/yfblock/Code/hyper-rtos/tgoskits/tmp/rt-thread-5.2.2-final/components/net/lwip/lwip-2.1.2/src/api/netifapi.c:41[m[K:
[01m[K/home/yfblock/Code/hyper-rtos/tgoskits/tmp/rt-thread-5.2.2-final/components/net/lwip/port/lwipopts.h:410:[m[K [01;35m[Kwarning: [m[K"TCPIP_THREAD_PRIO" redefined
  410 | #define TCPIP_THREAD_PRIO           RT_LWIP_TCPTHREAD_PRIORITY
      | 
In file included from [01m[K/home/yfblock/Code/hyper-rtos/tgoskits/tmp/rt-thread-5.2.2-final/components/net/lwip/port/lwipopts.h:15[m[K,
                 from [01m[K/home/yfblock/Code/hyper-rtos/tgoskits/tmp/rt-thread-5.2.2-final/components/net/lwip/lwip-2.1.2/src/include/lwip/opt.h:51[m[K,
                 from [01m[K/home/yfblock/Code/hyper-rtos/tgoskits/tmp/rt-thread-5.2.2-final/components/net/lwip/lwip-2.1.2/src/api/netifapi.c:41[m[K:
[01m[K./rtconfig.h:198:[m[K [01;36m[Knote: [m[Kthis is the location of the previous definition
  198 | #define TCPIP_THREAD_PRIO 10
      | 
In file included from [01m[K/home/yfblock/Code/hyper-rtos/tgoskits/tmp/rt-thread-5.2.2-final/components/net/lwip/lwip-2.1.2/src/include/lwip/opt.h:51[m[K,
                 from [01m[K/home/yfblock/Code/hyper-rtos/tgoskits/tmp/rt-thread-5.2.2-final/components/net/lwip/lwip-2.1.2/src/api/netifapi.c:41[m[K:
[01m[K/home/yfblock/Code/hyper-rtos/tgoskits/tmp/rt-thread-5.2.2-final/components/net/lwip/port/lwipopts.h:411:[m[K [01;35m[Kwarning: [m[K"TCPIP_THREAD_STACKSIZE" redefined
  411 | #define TCPIP_THREAD_STACKSIZE      RT_LWIP_TCPTHREAD_STACKSIZE
      | 
In file included from [01m[K/home/yfblock/Code/hyper-rtos/tgoskits/tmp/rt-thread-5.2.2-final/components/net/lwip/port/lwipopts.h:15[m[K,
                 from [01m[K/home/yfblock/Code/hyper-rtos/tgoskits/tmp/rt-thread-5.2.2-final/components/net/lwip/lwip-2.1.2/src/include/lwip/opt.h:51[m[K,
                 from [01m[K/home/yfblock/Code/hyper-rtos/tgoskits/tmp/rt-thread-5.2.2-final/components/net/lwip/lwip-2.1.2/src/api/netifapi.c:41[m[K:
[01m[K./rtconfig.h:197:[m[K [01;36m[Knote: [m[Kthis is the location of the previous definition
  197 | #define TCPIP_THREAD_STACKSIZE 8192
      | 
CC build/kernel/components/net/lwip/lwip-2.1.2/src/api/sockets.o
CC build/kernel/components/net/lwip/lwip-2.1.2/src/api/tcpip.o
CC build/kernel/components/net/lwip/lwip-2.1.2/src/apps/ping/ping.o
In file included from [01m[K/home/yfblock/Code/hyper-rtos/tgoskits/tmp/rt-thread-5.2.2-final/components/net/lwip/lwip-2.1.2/src/include/lwip/opt.h:51[m[K,
                 from [01m[K/home/yfblock/Code/hyper-rtos/tgoskits/tmp/rt-thread-5.2.2-final/components/net/lwip/lwip-2.1.2/src/api/sockets.c:40[m[K:
[01m[K/home/yfblock/Code/hyper-rtos/tgoskits/tmp/rt-thread-5.2.2-final/components/net/lwip/port/lwipopts.h:410:[m[K [01;35m[Kwarning: [m[K"TCPIP_THREAD_PRIO" redefined
  410 | #define TCPIP_THREAD_PRIO           RT_LWIP_TCPTHREAD_PRIORITY
      | 
In file included from [01m[K/home/yfblock/Code/hyper-rtos/tgoskits/tmp/rt-thread-5.2.2-final/components/net/lwip/port/lwipopts.h:15[m[K,
                 from [01m[K/home/yfblock/Code/hyper-rtos/tgoskits/tmp/rt-thread-5.2.2-final/components/net/lwip/lwip-2.1.2/src/include/lwip/opt.h:51[m[K,
                 from [01m[K/home/yfblock/Code/hyper-rtos/tgoskits/tmp/rt-thread-5.2.2-final/components/net/lwip/lwip-2.1.2/src/api/sockets.c:40[m[K:
[01m[K./rtconfig.h:198:[m[K [01;36m[Knote: [m[Kthis is the location of the previous definition
  198 | #define TCPIP_THREAD_PRIO 10
      | 
In file included from [01m[K/home/yfblock/Code/hyper-rtos/tgoskits/tmp/rt-thread-5.2.2-final/components/net/lwip/lwip-2.1.2/src/include/lwip/opt.h:51[m[K,
                 from [01m[K/home/yfblock/Code/hyper-rtos/tgoskits/tmp/rt-thread-5.2.2-final/components/net/lwip/lwip-2.1.2/src/api/sockets.c:40[m[K:
[01m[K/home/yfblock/Code/hyper-rtos/tgoskits/tmp/rt-thread-5.2.2-final/components/net/lwip/port/lwipopts.h:411:[m[K [01;35m[Kwarning: [m[K"TCPIP_THREAD_STACKSIZE" redefined
  411 | #define TCPIP_THREAD_STACKSIZE      RT_LWIP_TCPTHREAD_STACKSIZE
      | 
In file included from [01m[K/home/yfblock/Code/hyper-rtos/tgoskits/tmp/rt-thread-5.2.2-final/components/net/lwip/port/lwipopts.h:15[m[K,
                 from [01m[K/home/yfblock/Code/hyper-rtos/tgoskits/tmp/rt-thread-5.2.2-final/components/net/lwip/lwip-2.1.2/src/include/lwip/opt.h:51[m[K,
                 from [01m[K/home/yfblock/Code/hyper-rtos/tgoskits/tmp/rt-thread-5.2.2-final/components/net/lwip/lwip-2.1.2/src/api/sockets.c:40[m[K:
[01m[K./rtconfig.h:197:[m[K [01;36m[Knote: [m[Kthis is the location of the previous definition
  197 | #define TCPIP_THREAD_STACKSIZE 8192
      | 
CC build/kernel/components/net/lwip/lwip-2.1.2/src/core/altcp.o
In file included from [01m[K/home/yfblock/Code/hyper-rtos/tgoskits/tmp/rt-thread-5.2.2-final/components/net/lwip/lwip-2.1.2/src/include/lwip/opt.h:51[m[K,
                 from [01m[K/home/yfblock/Code/hyper-rtos/tgoskits/tmp/rt-thread-5.2.2-final/components/net/lwip/lwip-2.1.2/src/api/tcpip.c:39[m[K:
[01m[K/home/yfblock/Code/hyper-rtos/tgoskits/tmp/rt-thread-5.2.2-final/components/net/lwip/port/lwipopts.h:410:[m[K [01;35m[Kwarning: [m[K"TCPIP_THREAD_PRIO" redefined
  410 | #define TCPIP_THREAD_PRIO           RT_LWIP_TCPTHREAD_PRIORITY
      | 
In file included from [01m[K/home/yfblock/Code/hyper-rtos/tgoskits/tmp/rt-thread-5.2.2-final/components/net/lwip/port/lwipopts.h:15[m[K,
                 from [01m[K/home/yfblock/Code/hyper-rtos/tgoskits/tmp/rt-thread-5.2.2-final/components/net/lwip/lwip-2.1.2/src/include/lwip/opt.h:51[m[K,
                 from [01m[K/home/yfblock/Code/hyper-rtos/tgoskits/tmp/rt-thread-5.2.2-final/components/net/lwip/lwip-2.1.2/src/api/tcpip.c:39[m[K:
[01m[K./rtconfig.h:198:[m[K [01;36m[Knote: [m[Kthis is the location of the previous definition
  198 | #define TCPIP_THREAD_PRIO 10
      | 
In file included from [01m[K/home/yfblock/Code/hyper-rtos/tgoskits/tmp/rt-thread-5.2.2-final/components/net/lwip/lwip-2.1.2/src/include/lwip/opt.h:51[m[K,
                 from [01m[K/home/yfblock/Code/hyper-rtos/tgoskits/tmp/rt-thread-5.2.2-final/components/net/lwip/lwip-2.1.2/src/api/tcpip.c:39[m[K:
[01m[K/home/yfblock/Code/hyper-rtos/tgoskits/tmp/rt-thread-5.2.2-final/components/net/lwip/port/lwipopts.h:411:[m[K [01;35m[Kwarning: [m[K"TCPIP_THREAD_STACKSIZE" redefined
  411 | #define TCPIP_THREAD_STACKSIZE      RT_LWIP_TCPTHREAD_STACKSIZE
      | 
In file included from [01m[K/home/yfblock/Code/hyper-rtos/tgoskits/tmp/rt-thread-5.2.2-final/components/net/lwip/port/lwipopts.h:15[m[K,
                 from [01m[K/home/yfblock/Code/hyper-rtos/tgoskits/tmp/rt-thread-5.2.2-final/components/net/lwip/lwip-2.1.2/src/include/lwip/opt.h:51[m[K,
                 from [01m[K/home/yfblock/Code/hyper-rtos/tgoskits/tmp/rt-thread-5.2.2-final/components/net/lwip/lwip-2.1.2/src/api/tcpip.c:39[m[K:
[01m[K./rtconfig.h:197:[m[K [01;36m[Knote: [m[Kthis is the location of the previous definition
  197 | #define TCPIP_THREAD_STACKSIZE 8192
      | 
In file included from [01m[K/home/yfblock/Code/hyper-rtos/tgoskits/tmp/rt-thread-5.2.2-final/components/net/lwip/lwip-2.1.2/src/include/lwip/opt.h:51[m[K,
                 from [01m[K/home/yfblock/Code/hyper-rtos/tgoskits/tmp/rt-thread-5.2.2-final/components/net/lwip/lwip-2.1.2/src/core/altcp.c:117[m[K:
[01m[K/home/yfblock/Code/hyper-rtos/tgoskits/tmp/rt-thread-5.2.2-final/components/net/lwip/port/lwipopts.h:410:[m[K [01;35m[Kwarning: [m[K"TCPIP_THREAD_PRIO" redefined
  410 | #define TCPIP_THREAD_PRIO           RT_LWIP_TCPTHREAD_PRIORITY
      | 
In file included from [01m[K/home/yfblock/Code/hyper-rtos/tgoskits/tmp/rt-thread-5.2.2-final/components/net/lwip/port/lwipopts.h:15[m[K,
                 from [01m[K/home/yfblock/Code/hyper-rtos/tgoskits/tmp/rt-thread-5.2.2-final/components/net/lwip/lwip-2.1.2/src/include/lwip/opt.h:51[m[K,
                 from [01m[K/home/yfblock/Code/hyper-rtos/tgoskits/tmp/rt-thread-5.2.2-final/components/net/lwip/lwip-2.1.2/src/core/altcp.c:117[m[K:
[01m[K./rtconfig.h:198:[m[K [01;36m[Knote: [m[Kthis is the location of the previous definition
  198 | #define TCPIP_THREAD_PRIO 10
      | 
In file included from [01m[K/home/yfblock/Code/hyper-rtos/tgoskits/tmp/rt-thread-5.2.2-final/components/net/lwip/lwip-2.1.2/src/include/lwip/opt.h:51[m[K,
                 from [01m[K/home/yfblock/Code/hyper-rtos/tgoskits/tmp/rt-thread-5.2.2-final/components/net/lwip/lwip-2.1.2/src/core/altcp.c:117[m[K:
[01m[K/home/yfblock/Code/hyper-rtos/tgoskits/tmp/rt-thread-5.2.2-final/components/net/lwip/port/lwipopts.h:411:[m[K [01;35m[Kwarning: [m[K"TCPIP_THREAD_STACKSIZE" redefined
  411 | #define TCPIP_THREAD_STACKSIZE      RT_LWIP_TCPTHREAD_STACKSIZE
      | 
In file included from [01m[K/home/yfblock/Code/hyper-rtos/tgoskits/tmp/rt-thread-5.2.2-final/components/net/lwip/port/lwipopts.h:15[m[K,
                 from [01m[K/home/yfblock/Code/hyper-rtos/tgoskits/tmp/rt-thread-5.2.2-final/components/net/lwip/lwip-2.1.2/src/include/lwip/opt.h:51[m[K,
                 from [01m[K/home/yfblock/Code/hyper-rtos/tgoskits/tmp/rt-thread-5.2.2-final/components/net/lwip/lwip-2.1.2/src/core/altcp.c:117[m[K:
[01m[K./rtconfig.h:197:[m[K [01;36m[Knote: [m[Kthis is the location of the previous definition
  197 | #define TCPIP_THREAD_STACKSIZE 8192
      | 
In file included from [01m[K/home/yfblock/Code/hyper-rtos/tgoskits/tmp/rt-thread-5.2.2-final/components/net/lwip/lwip-2.1.2/src/include/lwip/opt.h:51[m[K,
                 from [01m[K/home/yfblock/Code/hyper-rtos/tgoskits/tmp/rt-thread-5.2.2-final/components/net/lwip/lwip-2.1.2/src/apps/ping/ping.c:8[m[K:
[01m[K/home/yfblock/Code/hyper-rtos/tgoskits/tmp/rt-thread-5.2.2-final/components/net/lwip/port/lwipopts.h:410:[m[K [01;35m[Kwarning: [m[K"TCPIP_THREAD_PRIO" redefined
  410 | #define TCPIP_THREAD_PRIO           RT_LWIP_TCPTHREAD_PRIORITY
      | 
In file included from [01m[K/home/yfblock/Code/hyper-rtos/tgoskits/tmp/rt-thread-5.2.2-final/include/rtthread.h:31[m[K,
                 from [01m[K/home/yfblock/Code/hyper-rtos/tgoskits/tmp/rt-thread-5.2.2-final/components/net/lwip/lwip-2.1.2/src/apps/ping/ping.c:5[m[K:
[01m[K./rtconfig.h:198:[m[K [01;36m[Knote: [m[Kthis is the location of the previous definition
  198 | #define TCPIP_THREAD_PRIO 10
      | 
In file included from [01m[K/home/yfblock/Code/hyper-rtos/tgoskits/tmp/rt-thread-5.2.2-final/components/net/lwip/lwip-2.1.2/src/include/lwip/opt.h:51[m[K,
                 from [01m[K/home/yfblock/Code/hyper-rtos/tgoskits/tmp/rt-thread-5.2.2-final/components/net/lwip/lwip-2.1.2/src/apps/ping/ping.c:8[m[K:
[01m[K/home/yfblock/Code/hyper-rtos/tgoskits/tmp/rt-thread-5.2.2-final/components/net/lwip/port/lwipopts.h:411:[m[K [01;35m[Kwarning: [m[K"TCPIP_THREAD_STACKSIZE" redefined
  411 | #define TCPIP_THREAD_STACKSIZE      RT_LWIP_TCPTHREAD_STACKSIZE
      | 
In file included from [01m[K/home/yfblock/Code/hyper-rtos/tgoskits/tmp/rt-thread-5.2.2-final/include/rtthread.h:31[m[K,
                 from [01m[K/home/yfblock/Code/hyper-rtos/tgoskits/tmp/rt-thread-5.2.2-final/components/net/lwip/lwip-2.1.2/src/apps/ping/ping.c:5[m[K:
[01m[K./rtconfig.h:197:[m[K [01;36m[Knote: [m[Kthis is the location of the previous definition
  197 | #define TCPIP_THREAD_STACKSIZE 8192
      | 
CC build/kernel/components/net/lwip/lwip-2.1.2/src/core/altcp_alloc.o
In file included from [01m[K/home/yfblock/Code/hyper-rtos/tgoskits/tmp/rt-thread-5.2.2-final/components/net/lwip/lwip-2.1.2/src/include/lwip/opt.h:51[m[K,
                 from [01m[K/home/yfblock/Code/hyper-rtos/tgoskits/tmp/rt-thread-5.2.2-final/components/net/lwip/lwip-2.1.2/src/core/altcp_alloc.c:44[m[K:
[01m[K/home/yfblock/Code/hyper-rtos/tgoskits/tmp/rt-thread-5.2.2-final/components/net/lwip/port/lwipopts.h:410:[m[K [01;35m[Kwarning: [m[K"TCPIP_THREAD_PRIO" redefined
  410 | #define TCPIP_THREAD_PRIO           RT_LWIP_TCPTHREAD_PRIORITY
      | 
In file included from [01m[K/home/yfblock/Code/hyper-rtos/tgoskits/tmp/rt-thread-5.2.2-final/components/net/lwip/port/lwipopts.h:15[m[K,
                 from [01m[K/home/yfblock/Code/hyper-rtos/tgoskits/tmp/rt-thread-5.2.2-final/components/net/lwip/lwip-2.1.2/src/include/lwip/opt.h:51[m[K,
                 from [01m[K/home/yfblock/Code/hyper-rtos/tgoskits/tmp/rt-thread-5.2.2-final/components/net/lwip/lwip-2.1.2/src/core/altcp_alloc.c:44[m[K:
[01m[K./rtconfig.h:198:[m[K [01;36m[Knote: [m[Kthis is the location of the previous definition
  198 | #define TCPIP_THREAD_PRIO 10
      | 
In file included from [01m[K/home/yfblock/Code/hyper-rtos/tgoskits/tmp/rt-thread-5.2.2-final/components/net/lwip/lwip-2.1.2/src/include/lwip/opt.h:51[m[K,
                 from [01m[K/home/yfblock/Code/hyper-rtos/tgoskits/tmp/rt-thread-5.2.2-final/components/net/lwip/lwip-2.1.2/src/core/altcp_alloc.c:44[m[K:
[01m[K/home/yfblock/Code/hyper-rtos/tgoskits/tmp/rt-thread-5.2.2-final/components/net/lwip/port/lwipopts.h:411:[m[K [01;35m[Kwarning: [m[K"TCPIP_THREAD_STACKSIZE" redefined
  411 | #define TCPIP_THREAD_STACKSIZE      RT_LWIP_TCPTHREAD_STACKSIZE
      | 
In file included from [01m[K/home/yfblock/Code/hyper-rtos/tgoskits/tmp/rt-thread-5.2.2-final/components/net/lwip/port/lwipopts.h:15[m[K,
                 from [01m[K/home/yfblock/Code/hyper-rtos/tgoskits/tmp/rt-thread-5.2.2-final/components/net/lwip/lwip-2.1.2/src/include/lwip/opt.h:51[m[K,
                 from [01m[K/home/yfblock/Code/hyper-rtos/tgoskits/tmp/rt-thread-5.2.2-final/components/net/lwip/lwip-2.1.2/src/core/altcp_alloc.c:44[m[K:
[01m[K./rtconfig.h:197:[m[K [01;36m[Knote: [m[Kthis is the location of the previous definition
  197 | #define TCPIP_THREAD_STACKSIZE 8192
      | 
CC build/kernel/components/net/lwip/lwip-2.1.2/src/core/altcp_tcp.o
CC build/kernel/components/net/lwip/lwip-2.1.2/src/core/def.o
In file included from [01m[K/home/yfblock/Code/hyper-rtos/tgoskits/tmp/rt-thread-5.2.2-final/components/net/lwip/lwip-2.1.2/src/include/lwip/opt.h:51[m[K,
                 from [01m[K/home/yfblock/Code/hyper-rtos/tgoskits/tmp/rt-thread-5.2.2-final/components/net/lwip/lwip-2.1.2/src/core/altcp_tcp.c:44[m[K:
[01m[K/home/yfblock/Code/hyper-rtos/tgoskits/tmp/rt-thread-5.2.2-final/components/net/lwip/port/lwipopts.h:410:[m[K [01;35m[Kwarning: [m[K"TCPIP_THREAD_PRIO" redefined
  410 | #define TCPIP_THREAD_PRIO           RT_LWIP_TCPTHREAD_PRIORITY
      | 
In file included from [01m[K/home/yfblock/Code/hyper-rtos/tgoskits/tmp/rt-thread-5.2.2-final/components/net/lwip/port/lwipopts.h:15[m[K,
                 from [01m[K/home/yfblock/Code/hyper-rtos/tgoskits/tmp/rt-thread-5.2.2-final/components/net/lwip/lwip-2.1.2/src/include/lwip/opt.h:51[m[K,
                 from [01m[K/home/yfblock/Code/hyper-rtos/tgoskits/tmp/rt-thread-5.2.2-final/components/net/lwip/lwip-2.1.2/src/core/altcp_tcp.c:44[m[K:
[01m[K./rtconfig.h:198:[m[K [01;36m[Knote: [m[Kthis is the location of the previous definition
  198 | #define TCPIP_THREAD_PRIO 10
      | 
In file included from [01m[K/home/yfblock/Code/hyper-rtos/tgoskits/tmp/rt-thread-5.2.2-final/components/net/lwip/lwip-2.1.2/src/include/lwip/opt.h:51[m[K,
                 from [01m[K/home/yfblock/Code/hyper-rtos/tgoskits/tmp/rt-thread-5.2.2-final/components/net/lwip/lwip-2.1.2/src/core/altcp_tcp.c:44[m[K:
[01m[K/home/yfblock/Code/hyper-rtos/tgoskits/tmp/rt-thread-5.2.2-final/components/net/lwip/port/lwipopts.h:411:[m[K [01;35m[Kwarning: [m[K"TCPIP_THREAD_STACKSIZE" redefined
  411 | #define TCPIP_THREAD_STACKSIZE      RT_LWIP_TCPTHREAD_STACKSIZE
      | 
In file included from [01m[K/home/yfblock/Code/hyper-rtos/tgoskits/tmp/rt-thread-5.2.2-final/components/net/lwip/port/lwipopts.h:15[m[K,
                 from [01m[K/home/yfblock/Code/hyper-rtos/tgoskits/tmp/rt-thread-5.2.2-final/components/net/lwip/lwip-2.1.2/src/include/lwip/opt.h:51[m[K,
                 from [01m[K/home/yfblock/Code/hyper-rtos/tgoskits/tmp/rt-thread-5.2.2-final/components/net/lwip/lwip-2.1.2/src/core/altcp_tcp.c:44[m[K:
[01m[K./rtconfig.h:197:[m[K [01;36m[Knote: [m[Kthis is the location of the previous definition
  197 | #define TCPIP_THREAD_STACKSIZE 8192
      | 
In file included from [01m[K/home/yfblock/Code/hyper-rtos/tgoskits/tmp/rt-thread-5.2.2-final/components/net/lwip/lwip-2.1.2/src/include/lwip/opt.h:51[m[K,
                 from [01m[K/home/yfblock/Code/hyper-rtos/tgoskits/tmp/rt-thread-5.2.2-final/components/net/lwip/lwip-2.1.2/src/core/def.c:61[m[K:
[01m[K/home/yfblock/Code/hyper-rtos/tgoskits/tmp/rt-thread-5.2.2-final/components/net/lwip/port/lwipopts.h:410:[m[K [01;35m[Kwarning: [m[K"TCPIP_THREAD_PRIO" redefined
  410 | #define TCPIP_THREAD_PRIO           RT_LWIP_TCPTHREAD_PRIORITY
      | 
In file included from [01m[K/home/yfblock/Code/hyper-rtos/tgoskits/tmp/rt-thread-5.2.2-final/components/net/lwip/port/lwipopts.h:15[m[K,
                 from [01m[K/home/yfblock/Code/hyper-rtos/tgoskits/tmp/rt-thread-5.2.2-final/components/net/lwip/lwip-2.1.2/src/include/lwip/opt.h:51[m[K,
                 from [01m[K/home/yfblock/Code/hyper-rtos/tgoskits/tmp/rt-thread-5.2.2-final/components/net/lwip/lwip-2.1.2/src/core/def.c:61[m[K:
[01m[K./rtconfig.h:198:[m[K [01;36m[Knote: [m[Kthis is the location of the previous definition
  198 | #define TCPIP_THREAD_PRIO 10
      | 
In file included from [01m[K/home/yfblock/Code/hyper-rtos/tgoskits/tmp/rt-thread-5.2.2-final/components/net/lwip/lwip-2.1.2/src/include/lwip/opt.h:51[m[K,
                 from [01m[K/home/yfblock/Code/hyper-rtos/tgoskits/tmp/rt-thread-5.2.2-final/components/net/lwip/lwip-2.1.2/src/core/def.c:61[m[K:
[01m[K/home/yfblock/Code/hyper-rtos/tgoskits/tmp/rt-thread-5.2.2-final/components/net/lwip/port/lwipopts.h:411:[m[K [01;35m[Kwarning: [m[K"TCPIP_THREAD_STACKSIZE" redefined
  411 | #define TCPIP_THREAD_STACKSIZE      RT_LWIP_TCPTHREAD_STACKSIZE
      | 
In file included from [01m[K/home/yfblock/Code/hyper-rtos/tgoskits/tmp/rt-thread-5.2.2-final/components/net/lwip/port/lwipopts.h:15[m[K,
                 from [01m[K/home/yfblock/Code/hyper-rtos/tgoskits/tmp/rt-thread-5.2.2-final/components/net/lwip/lwip-2.1.2/src/include/lwip/opt.h:51[m[K,
                 from [01m[K/home/yfblock/Code/hyper-rtos/tgoskits/tmp/rt-thread-5.2.2-final/components/net/lwip/lwip-2.1.2/src/core/def.c:61[m[K:
[01m[K./rtconfig.h:197:[m[K [01;36m[Knote: [m[Kthis is the location of the previous definition
  197 | #define TCPIP_THREAD_STACKSIZE 8192
      | 
CC build/kernel/components/net/lwip/lwip-2.1.2/src/core/dns.o
CC build/kernel/components/net/lwip/lwip-2.1.2/src/core/inet_chksum.o
In file included from [01m[K/home/yfblock/Code/hyper-rtos/tgoskits/tmp/rt-thread-5.2.2-final/components/net/lwip/lwip-2.1.2/src/include/lwip/opt.h:51[m[K,
                 from [01m[K/home/yfblock/Code/hyper-rtos/tgoskits/tmp/rt-thread-5.2.2-final/components/net/lwip/lwip-2.1.2/src/core/dns.c:87[m[K:
[01m[K/home/yfblock/Code/hyper-rtos/tgoskits/tmp/rt-thread-5.2.2-final/components/net/lwip/port/lwipopts.h:410:[m[K [01;35m[Kwarning: [m[K"TCPIP_THREAD_PRIO" redefined
  410 | #define TCPIP_THREAD_PRIO           RT_LWIP_TCPTHREAD_PRIORITY
      | 
In file included from [01m[K/home/yfblock/Code/hyper-rtos/tgoskits/tmp/rt-thread-5.2.2-final/components/net/lwip/port/lwipopts.h:15[m[K,
                 from [01m[K/home/yfblock/Code/hyper-rtos/tgoskits/tmp/rt-thread-5.2.2-final/components/net/lwip/lwip-2.1.2/src/include/lwip/opt.h:51[m[K,
                 from [01m[K/home/yfblock/Code/hyper-rtos/tgoskits/tmp/rt-thread-5.2.2-final/components/net/lwip/lwip-2.1.2/src/core/dns.c:87[m[K:
[01m[K./rtconfig.h:198:[m[K [01;36m[Knote: [m[Kthis is the location of the previous definition
  198 | #define TCPIP_THREAD_PRIO 10
      | 
In file included from [01m[K/home/yfblock/Code/hyper-rtos/tgoskits/tmp/rt-thread-5.2.2-final/components/net/lwip/lwip-2.1.2/src/include/lwip/opt.h:51[m[K,
                 from [01m[K/home/yfblock/Code/hyper-rtos/tgoskits/tmp/rt-thread-5.2.2-final/components/net/lwip/lwip-2.1.2/src/core/dns.c:87[m[K:
[01m[K/home/yfblock/Code/hyper-rtos/tgoskits/tmp/rt-thread-5.2.2-final/components/net/lwip/port/lwipopts.h:411:[m[K [01;35m[Kwarning: [m[K"TCPIP_THREAD_STACKSIZE" redefined
  411 | #define TCPIP_THREAD_STACKSIZE      RT_LWIP_TCPTHREAD_STACKSIZE
      | 
In file included from [01m[K/home/yfblock/Code/hyper-rtos/tgoskits/tmp/rt-thread-5.2.2-final/components/net/lwip/port/lwipopts.h:15[m[K,
                 from [01m[K/home/yfblock/Code/hyper-rtos/tgoskits/tmp/rt-thread-5.2.2-final/components/net/lwip/lwip-2.1.2/src/include/lwip/opt.h:51[m[K,
                 from [01m[K/home/yfblock/Code/hyper-rtos/tgoskits/tmp/rt-thread-5.2.2-final/components/net/lwip/lwip-2.1.2/src/core/dns.c:87[m[K:
[01m[K./rtconfig.h:197:[m[K [01;36m[Knote: [m[Kthis is the location of the previous definition
  197 | #define TCPIP_THREAD_STACKSIZE 8192
      | 
In file included from [01m[K/home/yfblock/Code/hyper-rtos/tgoskits/tmp/rt-thread-5.2.2-final/components/net/lwip/lwip-2.1.2/src/include/lwip/opt.h:51[m[K,
                 from [01m[K/home/yfblock/Code/hyper-rtos/tgoskits/tmp/rt-thread-5.2.2-final/components/net/lwip/lwip-2.1.2/src/core/inet_chksum.c:48[m[K:
[01m[K/home/yfblock/Code/hyper-rtos/tgoskits/tmp/rt-thread-5.2.2-final/components/net/lwip/port/lwipopts.h:410:[m[K [01;35m[Kwarning: [m[K"TCPIP_THREAD_PRIO" redefined
  410 | #define TCPIP_THREAD_PRIO           RT_LWIP_TCPTHREAD_PRIORITY
      | 
In file included from [01m[K/home/yfblock/Code/hyper-rtos/tgoskits/tmp/rt-thread-5.2.2-final/components/net/lwip/port/lwipopts.h:15[m[K,
                 from [01m[K/home/yfblock/Code/hyper-rtos/tgoskits/tmp/rt-thread-5.2.2-final/components/net/lwip/lwip-2.1.2/src/include/lwip/opt.h:51[m[K,
                 from [01m[K/home/yfblock/Code/hyper-rtos/tgoskits/tmp/rt-thread-5.2.2-final/components/net/lwip/lwip-2.1.2/src/core/inet_chksum.c:48[m[K:
[01m[K./rtconfig.h:198:[m[K [01;36m[Knote: [m[Kthis is the location of the previous definition
  198 | #define TCPIP_THREAD_PRIO 10
      | 
In file included from [01m[K/home/yfblock/Code/hyper-rtos/tgoskits/tmp/rt-thread-5.2.2-final/components/net/lwip/lwip-2.1.2/src/include/lwip/opt.h:51[m[K,
                 from [01m[K/home/yfblock/Code/hyper-rtos/tgoskits/tmp/rt-thread-5.2.2-final/components/net/lwip/lwip-2.1.2/src/core/inet_chksum.c:48[m[K:
[01m[K/home/yfblock/Code/hyper-rtos/tgoskits/tmp/rt-thread-5.2.2-final/components/net/lwip/port/lwipopts.h:411:[m[K [01;35m[Kwarning: [m[K"TCPIP_THREAD_STACKSIZE" redefined
  411 | #define TCPIP_THREAD_STACKSIZE      RT_LWIP_TCPTHREAD_STACKSIZE
      | 
In file included from [01m[K/home/yfblock/Code/hyper-rtos/tgoskits/tmp/rt-thread-5.2.2-final/components/net/lwip/port/lwipopts.h:15[m[K,
                 from [01m[K/home/yfblock/Code/hyper-rtos/tgoskits/tmp/rt-thread-5.2.2-final/components/net/lwip/lwip-2.1.2/src/include/lwip/opt.h:51[m[K,
                 from [01m[K/home/yfblock/Code/hyper-rtos/tgoskits/tmp/rt-thread-5.2.2-final/components/net/lwip/lwip-2.1.2/src/core/inet_chksum.c:48[m[K:
[01m[K./rtconfig.h:197:[m[K [01;36m[Knote: [m[Kthis is the location of the previous definition
  197 | #define TCPIP_THREAD_STACKSIZE 8192
      | 
CC build/kernel/components/net/lwip/lwip-2.1.2/src/core/init.o
In file included from [01m[K/home/yfblock/Code/hyper-rtos/tgoskits/tmp/rt-thread-5.2.2-final/components/net/lwip/lwip-2.1.2/src/include/lwip/opt.h:51[m[K,
                 from [01m[K/home/yfblock/Code/hyper-rtos/tgoskits/tmp/rt-thread-5.2.2-final/components/net/lwip/lwip-2.1.2/src/core/init.c:38[m[K:
[01m[K/home/yfblock/Code/hyper-rtos/tgoskits/tmp/rt-thread-5.2.2-final/components/net/lwip/port/lwipopts.h:410:[m[K [01;35m[Kwarning: [m[K"TCPIP_THREAD_PRIO" redefined
  410 | #define TCPIP_THREAD_PRIO           RT_LWIP_TCPTHREAD_PRIORITY
      | 
In file included from [01m[K/home/yfblock/Code/hyper-rtos/tgoskits/tmp/rt-thread-5.2.2-final/components/net/lwip/port/lwipopts.h:15[m[K,
                 from [01m[K/home/yfblock/Code/hyper-rtos/tgoskits/tmp/rt-thread-5.2.2-final/components/net/lwip/lwip-2.1.2/src/include/lwip/opt.h:51[m[K,
                 from [01m[K/home/yfblock/Code/hyper-rtos/tgoskits/tmp/rt-thread-5.2.2-final/components/net/lwip/lwip-2.1.2/src/core/init.c:38[m[K:
[01m[K./rtconfig.h:198:[m[K [01;36m[Knote: [m[Kthis is the location of the previous definition
  198 | #define TCPIP_THREAD_PRIO 10
      | 
In file included from [01m[K/home/yfblock/Code/hyper-rtos/tgoskits/tmp/rt-thread-5.2.2-final/components/net/lwip/lwip-2.1.2/src/include/lwip/opt.h:51[m[K,
                 from [01m[K/home/yfblock/Code/hyper-rtos/tgoskits/tmp/rt-thread-5.2.2-final/components/net/lwip/lwip-2.1.2/src/core/init.c:38[m[K:
[01m[K/home/yfblock/Code/hyper-rtos/tgoskits/tmp/rt-thread-5.2.2-final/components/net/lwip/port/lwipopts.h:411:[m[K [01;35m[Kwarning: [m[K"TCPIP_THREAD_STACKSIZE" redefined
  411 | #define TCPIP_THREAD_STACKSIZE      RT_LWIP_TCPTHREAD_STACKSIZE
      | 
In file included from [01m[K/home/yfblock/Code/hyper-rtos/tgoskits/tmp/rt-thread-5.2.2-final/components/net/lwip/port/lwipopts.h:15[m[K,
                 from [01m[K/home/yfblock/Code/hyper-rtos/tgoskits/tmp/rt-thread-5.2.2-final/components/net/lwip/lwip-2.1.2/src/include/lwip/opt.h:51[m[K,
                 from [01m[K/home/yfblock/Code/hyper-rtos/tgoskits/tmp/rt-thread-5.2.2-final/components/net/lwip/lwip-2.1.2/src/core/init.c:38[m[K:
[01m[K./rtconfig.h:197:[m[K [01;36m[Knote: [m[Kthis is the location of the previous definition
  197 | #define TCPIP_THREAD_STACKSIZE 8192
      | 
CC build/kernel/components/net/lwip/lwip-2.1.2/src/core/ip.o
CC build/kernel/components/net/lwip/lwip-2.1.2/src/core/ipv4/autoip.o
In file included from [01m[K/home/yfblock/Code/hyper-rtos/tgoskits/tmp/rt-thread-5.2.2-final/components/net/lwip/lwip-2.1.2/src/include/lwip/opt.h:51[m[K,
                 from [01m[K/home/yfblock/Code/hyper-rtos/tgoskits/tmp/rt-thread-5.2.2-final/components/net/lwip/lwip-2.1.2/src/core/ip.c:56[m[K:
[01m[K/home/yfblock/Code/hyper-rtos/tgoskits/tmp/rt-thread-5.2.2-final/components/net/lwip/port/lwipopts.h:410:[m[K [01;35m[Kwarning: [m[K"TCPIP_THREAD_PRIO" redefined
  410 | #define TCPIP_THREAD_PRIO           RT_LWIP_TCPTHREAD_PRIORITY
      | 
In file included from [01m[K/home/yfblock/Code/hyper-rtos/tgoskits/tmp/rt-thread-5.2.2-final/components/net/lwip/port/lwipopts.h:15[m[K,
                 from [01m[K/home/yfblock/Code/hyper-rtos/tgoskits/tmp/rt-thread-5.2.2-final/components/net/lwip/lwip-2.1.2/src/include/lwip/opt.h:51[m[K,
                 from [01m[K/home/yfblock/Code/hyper-rtos/tgoskits/tmp/rt-thread-5.2.2-final/components/net/lwip/lwip-2.1.2/src/core/ip.c:56[m[K:
[01m[K./rtconfig.h:198:[m[K [01;36m[Knote: [m[Kthis is the location of the previous definition
  198 | #define TCPIP_THREAD_PRIO 10
      | 
In file included from [01m[K/home/yfblock/Code/hyper-rtos/tgoskits/tmp/rt-thread-5.2.2-final/components/net/lwip/lwip-2.1.2/src/include/lwip/opt.h:51[m[K,
                 from [01m[K/home/yfblock/Code/hyper-rtos/tgoskits/tmp/rt-thread-5.2.2-final/components/net/lwip/lwip-2.1.2/src/core/ip.c:56[m[K:
[01m[K/home/yfblock/Code/hyper-rtos/tgoskits/tmp/rt-thread-5.2.2-final/components/net/lwip/port/lwipopts.h:411:[m[K [01;35m[Kwarning: [m[K"TCPIP_THREAD_STACKSIZE" redefined
  411 | #define TCPIP_THREAD_STACKSIZE      RT_LWIP_TCPTHREAD_STACKSIZE
      | 
In file included from [01m[K/home/yfblock/Code/hyper-rtos/tgoskits/tmp/rt-thread-5.2.2-final/components/net/lwip/port/lwipopts.h:15[m[K,
                 from [01m[K/home/yfblock/Code/hyper-rtos/tgoskits/tmp/rt-thread-5.2.2-final/components/net/lwip/lwip-2.1.2/src/include/lwip/opt.h:51[m[K,
                 from [01m[K/home/yfblock/Code/hyper-rtos/tgoskits/tmp/rt-thread-5.2.2-final/components/net/lwip/lwip-2.1.2/src/core/ip.c:56[m[K:
[01m[K./rtconfig.h:197:[m[K [01;36m[Knote: [m[Kthis is the location of the previous definition
  197 | #define TCPIP_THREAD_STACKSIZE 8192
      | 
In file included from [01m[K/home/yfblock/Code/hyper-rtos/tgoskits/tmp/rt-thread-5.2.2-final/components/net/lwip/lwip-2.1.2/src/include/lwip/opt.h:51[m[K,
                 from [01m[K/home/yfblock/Code/hyper-rtos/tgoskits/tmp/rt-thread-5.2.2-final/components/net/lwip/lwip-2.1.2/src/core/ipv4/autoip.c:59[m[K:
[01m[K/home/yfblock/Code/hyper-rtos/tgoskits/tmp/rt-thread-5.2.2-final/components/net/lwip/port/lwipopts.h:410:[m[K [01;35m[Kwarning: [m[K"TCPIP_THREAD_PRIO" redefined
  410 | #define TCPIP_THREAD_PRIO           RT_LWIP_TCPTHREAD_PRIORITY
      | 
In file included from [01m[K/home/yfblock/Code/hyper-rtos/tgoskits/tmp/rt-thread-5.2.2-final/components/net/lwip/port/lwipopts.h:15[m[K,
                 from [01m[K/home/yfblock/Code/hyper-rtos/tgoskits/tmp/rt-thread-5.2.2-final/components/net/lwip/lwip-2.1.2/src/include/lwip/opt.h:51[m[K,
                 from [01m[K/home/yfblock/Code/hyper-rtos/tgoskits/tmp/rt-thread-5.2.2-final/components/net/lwip/lwip-2.1.2/src/core/ipv4/autoip.c:59[m[K:
[01m[K./rtconfig.h:198:[m[K [01;36m[Knote: [m[Kthis is the location of the previous definition
  198 | #define TCPIP_THREAD_PRIO 10
      | 
In file included from [01m[K/home/yfblock/Code/hyper-rtos/tgoskits/tmp/rt-thread-5.2.2-final/components/net/lwip/lwip-2.1.2/src/include/lwip/opt.h:51[m[K,
                 from [01m[K/home/yfblock/Code/hyper-rtos/tgoskits/tmp/rt-thread-5.2.2-final/components/net/lwip/lwip-2.1.2/src/core/ipv4/autoip.c:59[m[K:
[01m[K/home/yfblock/Code/hyper-rtos/tgoskits/tmp/rt-thread-5.2.2-final/components/net/lwip/port/lwipopts.h:411:[m[K [01;35m[Kwarning: [m[K"TCPIP_THREAD_STACKSIZE" redefined
  411 | #define TCPIP_THREAD_STACKSIZE      RT_LWIP_TCPTHREAD_STACKSIZE
      | 
In file included from [01m[K/home/yfblock/Code/hyper-rtos/tgoskits/tmp/rt-thread-5.2.2-final/components/net/lwip/port/lwipopts.h:15[m[K,
                 from [01m[K/home/yfblock/Code/hyper-rtos/tgoskits/tmp/rt-thread-5.2.2-final/components/net/lwip/lwip-2.1.2/src/include/lwip/opt.h:51[m[K,
                 from [01m[K/home/yfblock/Code/hyper-rtos/tgoskits/tmp/rt-thread-5.2.2-final/components/net/lwip/lwip-2.1.2/src/core/ipv4/autoip.c:59[m[K:
[01m[K./rtconfig.h:197:[m[K [01;36m[Knote: [m[Kthis is the location of the previous definition
  197 | #define TCPIP_THREAD_STACKSIZE 8192
      | 
CC build/kernel/components/net/lwip/lwip-2.1.2/src/core/ipv4/dhcp.o
CC build/kernel/components/net/lwip/lwip-2.1.2/src/core/ipv4/etharp.o
In file included from [01m[K/home/yfblock/Code/hyper-rtos/tgoskits/tmp/rt-thread-5.2.2-final/components/net/lwip/lwip-2.1.2/src/include/lwip/opt.h:51[m[K,
                 from [01m[K/home/yfblock/Code/hyper-rtos/tgoskits/tmp/rt-thread-5.2.2-final/components/net/lwip/lwip-2.1.2/src/core/ipv4/dhcp.c:66[m[K:
[01m[K/home/yfblock/Code/hyper-rtos/tgoskits/tmp/rt-thread-5.2.2-final/components/net/lwip/port/lwipopts.h:410:[m[K [01;35m[Kwarning: [m[K"TCPIP_THREAD_PRIO" redefined
  410 | #define TCPIP_THREAD_PRIO           RT_LWIP_TCPTHREAD_PRIORITY
      | 
In file included from [01m[K/home/yfblock/Code/hyper-rtos/tgoskits/tmp/rt-thread-5.2.2-final/components/net/lwip/port/lwipopts.h:15[m[K,
                 from [01m[K/home/yfblock/Code/hyper-rtos/tgoskits/tmp/rt-thread-5.2.2-final/components/net/lwip/lwip-2.1.2/src/include/lwip/opt.h:51[m[K,
                 from [01m[K/home/yfblock/Code/hyper-rtos/tgoskits/tmp/rt-thread-5.2.2-final/components/net/lwip/lwip-2.1.2/src/core/ipv4/dhcp.c:66[m[K:
[01m[K./rtconfig.h:198:[m[K [01;36m[Knote: [m[Kthis is the location of the previous definition
  198 | #define TCPIP_THREAD_PRIO 10
      | 
In file included from [01m[K/home/yfblock/Code/hyper-rtos/tgoskits/tmp/rt-thread-5.2.2-final/components/net/lwip/lwip-2.1.2/src/include/lwip/opt.h:51[m[K,
                 from [01m[K/home/yfblock/Code/hyper-rtos/tgoskits/tmp/rt-thread-5.2.2-final/components/net/lwip/lwip-2.1.2/src/core/ipv4/dhcp.c:66[m[K:
[01m[K/home/yfblock/Code/hyper-rtos/tgoskits/tmp/rt-thread-5.2.2-final/components/net/lwip/port/lwipopts.h:411:[m[K [01;35m[Kwarning: [m[K"TCPIP_THREAD_STACKSIZE" redefined
  411 | #define TCPIP_THREAD_STACKSIZE      RT_LWIP_TCPTHREAD_STACKSIZE
      | 
In file included from [01m[K/home/yfblock/Code/hyper-rtos/tgoskits/tmp/rt-thread-5.2.2-final/components/net/lwip/port/lwipopts.h:15[m[K,
                 from [01m[K/home/yfblock/Code/hyper-rtos/tgoskits/tmp/rt-thread-5.2.2-final/components/net/lwip/lwip-2.1.2/src/include/lwip/opt.h:51[m[K,
                 from [01m[K/home/yfblock/Code/hyper-rtos/tgoskits/tmp/rt-thread-5.2.2-final/components/net/lwip/lwip-2.1.2/src/core/ipv4/dhcp.c:66[m[K:
[01m[K./rtconfig.h:197:[m[K [01;36m[Knote: [m[Kthis is the location of the previous definition
  197 | #define TCPIP_THREAD_STACKSIZE 8192
      | 
In file included from [01m[K/home/yfblock/Code/hyper-rtos/tgoskits/tmp/rt-thread-5.2.2-final/components/net/lwip/lwip-2.1.2/src/include/lwip/opt.h:51[m[K,
                 from [01m[K/home/yfblock/Code/hyper-rtos/tgoskits/tmp/rt-thread-5.2.2-final/components/net/lwip/lwip-2.1.2/src/core/ipv4/etharp.c:46[m[K:
[01m[K/home/yfblock/Code/hyper-rtos/tgoskits/tmp/rt-thread-5.2.2-final/components/net/lwip/port/lwipopts.h:410:[m[K [01;35m[Kwarning: [m[K"TCPIP_THREAD_PRIO" redefined
  410 | #define TCPIP_THREAD_PRIO           RT_LWIP_TCPTHREAD_PRIORITY
      | 
In file included from [01m[K/home/yfblock/Code/hyper-rtos/tgoskits/tmp/rt-thread-5.2.2-final/components/net/lwip/port/lwipopts.h:15[m[K,
                 from [01m[K/home/yfblock/Code/hyper-rtos/tgoskits/tmp/rt-thread-5.2.2-final/components/net/lwip/lwip-2.1.2/src/include/lwip/opt.h:51[m[K,
                 from [01m[K/home/yfblock/Code/hyper-rtos/tgoskits/tmp/rt-thread-5.2.2-final/components/net/lwip/lwip-2.1.2/src/core/ipv4/etharp.c:46[m[K:
[01m[K./rtconfig.h:198:[m[K [01;36m[Knote: [m[Kthis is the location of the previous definition
  198 | #define TCPIP_THREAD_PRIO 10
      | 
In file included from [01m[K/home/yfblock/Code/hyper-rtos/tgoskits/tmp/rt-thread-5.2.2-final/components/net/lwip/lwip-2.1.2/src/include/lwip/opt.h:51[m[K,
                 from [01m[K/home/yfblock/Code/hyper-rtos/tgoskits/tmp/rt-thread-5.2.2-final/components/net/lwip/lwip-2.1.2/src/core/ipv4/etharp.c:46[m[K:
[01m[K/home/yfblock/Code/hyper-rtos/tgoskits/tmp/rt-thread-5.2.2-final/components/net/lwip/port/lwipopts.h:411:[m[K [01;35m[Kwarning: [m[K"TCPIP_THREAD_STACKSIZE" redefined
  411 | #define TCPIP_THREAD_STACKSIZE      RT_LWIP_TCPTHREAD_STACKSIZE
      | 
In file included from [01m[K/home/yfblock/Code/hyper-rtos/tgoskits/tmp/rt-thread-5.2.2-final/components/net/lwip/port/lwipopts.h:15[m[K,
                 from [01m[K/home/yfblock/Code/hyper-rtos/tgoskits/tmp/rt-thread-5.2.2-final/components/net/lwip/lwip-2.1.2/src/include/lwip/opt.h:51[m[K,
                 from [01m[K/home/yfblock/Code/hyper-rtos/tgoskits/tmp/rt-thread-5.2.2-final/components/net/lwip/lwip-2.1.2/src/core/ipv4/etharp.c:46[m[K:
[01m[K./rtconfig.h:197:[m[K [01;36m[Knote: [m[Kthis is the location of the previous definition
  197 | #define TCPIP_THREAD_STACKSIZE 8192
      | 
CC build/kernel/components/net/lwip/lwip-2.1.2/src/core/ipv4/icmp.o
In file included from [01m[K/home/yfblock/Code/hyper-rtos/tgoskits/tmp/rt-thread-5.2.2-final/components/net/lwip/lwip-2.1.2/src/include/lwip/opt.h:51[m[K,
                 from [01m[K/home/yfblock/Code/hyper-rtos/tgoskits/tmp/rt-thread-5.2.2-final/components/net/lwip/lwip-2.1.2/src/core/ipv4/icmp.c:42[m[K:
[01m[K/home/yfblock/Code/hyper-rtos/tgoskits/tmp/rt-thread-5.2.2-final/components/net/lwip/port/lwipopts.h:410:[m[K [01;35m[Kwarning: [m[K"TCPIP_THREAD_PRIO" redefined
  410 | #define TCPIP_THREAD_PRIO           RT_LWIP_TCPTHREAD_PRIORITY
      | 
In file included from [01m[K/home/yfblock/Code/hyper-rtos/tgoskits/tmp/rt-thread-5.2.2-final/components/net/lwip/port/lwipopts.h:15[m[K,
                 from [01m[K/home/yfblock/Code/hyper-rtos/tgoskits/tmp/rt-thread-5.2.2-final/components/net/lwip/lwip-2.1.2/src/include/lwip/opt.h:51[m[K,
                 from [01m[K/home/yfblock/Code/hyper-rtos/tgoskits/tmp/rt-thread-5.2.2-final/components/net/lwip/lwip-2.1.2/src/core/ipv4/icmp.c:42[m[K:
[01m[K./rtconfig.h:198:[m[K [01;36m[Knote: [m[Kthis is the location of the previous definition
  198 | #define TCPIP_THREAD_PRIO 10
      | 
In file included from [01m[K/home/yfblock/Code/hyper-rtos/tgoskits/tmp/rt-thread-5.2.2-final/components/net/lwip/lwip-2.1.2/src/include/lwip/opt.h:51[m[K,
                 from [01m[K/home/yfblock/Code/hyper-rtos/tgoskits/tmp/rt-thread-5.2.2-final/components/net/lwip/lwip-2.1.2/src/core/ipv4/icmp.c:42[m[K:
[01m[K/home/yfblock/Code/hyper-rtos/tgoskits/tmp/rt-thread-5.2.2-final/components/net/lwip/port/lwipopts.h:411:[m[K [01;35m[Kwarning: [m[K"TCPIP_THREAD_STACKSIZE" redefined
  411 | #define TCPIP_THREAD_STACKSIZE      RT_LWIP_TCPTHREAD_STACKSIZE
      | 
In file included from [01m[K/home/yfblock/Code/hyper-rtos/tgoskits/tmp/rt-thread-5.2.2-final/components/net/lwip/port/lwipopts.h:15[m[K,
                 from [01m[K/home/yfblock/Code/hyper-rtos/tgoskits/tmp/rt-thread-5.2.2-final/components/net/lwip/lwip-2.1.2/src/include/lwip/opt.h:51[m[K,
                 from [01m[K/home/yfblock/Code/hyper-rtos/tgoskits/tmp/rt-thread-5.2.2-final/components/net/lwip/lwip-2.1.2/src/core/ipv4/icmp.c:42[m[K:
[01m[K./rtconfig.h:197:[m[K [01;36m[Knote: [m[Kthis is the location of the previous definition
  197 | #define TCPIP_THREAD_STACKSIZE 8192
      | 
CC build/kernel/components/net/lwip/lwip-2.1.2/src/core/ipv4/igmp.o
In file included from [01m[K/home/yfblock/Code/hyper-rtos/tgoskits/tmp/rt-thread-5.2.2-final/components/net/lwip/lwip-2.1.2/src/include/lwip/opt.h:51[m[K,
                 from [01m[K/home/yfblock/Code/hyper-rtos/tgoskits/tmp/rt-thread-5.2.2-final/components/net/lwip/lwip-2.1.2/src/core/ipv4/igmp.c:83[m[K:
[01m[K/home/yfblock/Code/hyper-rtos/tgoskits/tmp/rt-thread-5.2.2-final/components/net/lwip/port/lwipopts.h:410:[m[K [01;35m[Kwarning: [m[K"TCPIP_THREAD_PRIO" redefined
  410 | #define TCPIP_THREAD_PRIO           RT_LWIP_TCPTHREAD_PRIORITY
      | 
In file included from [01m[K/home/yfblock/Code/hyper-rtos/tgoskits/tmp/rt-thread-5.2.2-final/components/net/lwip/port/lwipopts.h:15[m[K,
                 from [01m[K/home/yfblock/Code/hyper-rtos/tgoskits/tmp/rt-thread-5.2.2-final/components/net/lwip/lwip-2.1.2/src/include/lwip/opt.h:51[m[K,
                 from [01m[K/home/yfblock/Code/hyper-rtos/tgoskits/tmp/rt-thread-5.2.2-final/components/net/lwip/lwip-2.1.2/src/core/ipv4/igmp.c:83[m[K:
[01m[K./rtconfig.h:198:[m[K [01;36m[Knote: [m[Kthis is the location of the previous definition
  198 | #define TCPIP_THREAD_PRIO 10
      | 
In file included from [01m[K/home/yfblock/Code/hyper-rtos/tgoskits/tmp/rt-thread-5.2.2-final/components/net/lwip/lwip-2.1.2/src/include/lwip/opt.h:51[m[K,
                 from [01m[K/home/yfblock/Code/hyper-rtos/tgoskits/tmp/rt-thread-5.2.2-final/components/net/lwip/lwip-2.1.2/src/core/ipv4/igmp.c:83[m[K:
[01m[K/home/yfblock/Code/hyper-rtos/tgoskits/tmp/rt-thread-5.2.2-final/components/net/lwip/port/lwipopts.h:411:[m[K [01;35m[Kwarning: [m[K"TCPIP_THREAD_STACKSIZE" redefined
  411 | #define TCPIP_THREAD_STACKSIZE      RT_LWIP_TCPTHREAD_STACKSIZE
      | 
In file included from [01m[K/home/yfblock/Code/hyper-rtos/tgoskits/tmp/rt-thread-5.2.2-final/components/net/lwip/port/lwipopts.h:15[m[K,
                 from [01m[K/home/yfblock/Code/hyper-rtos/tgoskits/tmp/rt-thread-5.2.2-final/components/net/lwip/lwip-2.1.2/src/include/lwip/opt.h:51[m[K,
                 from [01m[K/home/yfblock/Code/hyper-rtos/tgoskits/tmp/rt-thread-5.2.2-final/components/net/lwip/lwip-2.1.2/src/core/ipv4/igmp.c:83[m[K:
[01m[K./rtconfig.h:197:[m[K [01;36m[Knote: [m[Kthis is the location of the previous definition
  197 | #define TCPIP_THREAD_STACKSIZE 8192
      | 
CC build/kernel/components/net/lwip/lwip-2.1.2/src/core/ipv4/ip4.o
In file included from [01m[K/home/yfblock/Code/hyper-rtos/tgoskits/tmp/rt-thread-5.2.2-final/components/net/lwip/lwip-2.1.2/src/include/lwip/opt.h:51[m[K,
                 from [01m[K/home/yfblock/Code/hyper-rtos/tgoskits/tmp/rt-thread-5.2.2-final/components/net/lwip/lwip-2.1.2/src/core/ipv4/ip4.c:41[m[K:
[01m[K/home/yfblock/Code/hyper-rtos/tgoskits/tmp/rt-thread-5.2.2-final/components/net/lwip/port/lwipopts.h:410:[m[K [01;35m[Kwarning: [m[K"TCPIP_THREAD_PRIO" redefined
  410 | #define TCPIP_THREAD_PRIO           RT_LWIP_TCPTHREAD_PRIORITY
      | 
In file included from [01m[K/home/yfblock/Code/hyper-rtos/tgoskits/tmp/rt-thread-5.2.2-final/components/net/lwip/port/lwipopts.h:15[m[K,
                 from [01m[K/home/yfblock/Code/hyper-rtos/tgoskits/tmp/rt-thread-5.2.2-final/components/net/lwip/lwip-2.1.2/src/include/lwip/opt.h:51[m[K,
                 from [01m[K/home/yfblock/Code/hyper-rtos/tgoskits/tmp/rt-thread-5.2.2-final/components/net/lwip/lwip-2.1.2/src/core/ipv4/ip4.c:41[m[K:
[01m[K./rtconfig.h:198:[m[K [01;36m[Knote: [m[Kthis is the location of the previous definition
  198 | #define TCPIP_THREAD_PRIO 10
      | 
In file included from [01m[K/home/yfblock/Code/hyper-rtos/tgoskits/tmp/rt-thread-5.2.2-final/components/net/lwip/lwip-2.1.2/src/include/lwip/opt.h:51[m[K,
                 from [01m[K/home/yfblock/Code/hyper-rtos/tgoskits/tmp/rt-thread-5.2.2-final/components/net/lwip/lwip-2.1.2/src/core/ipv4/ip4.c:41[m[K:
[01m[K/home/yfblock/Code/hyper-rtos/tgoskits/tmp/rt-thread-5.2.2-final/components/net/lwip/port/lwipopts.h:411:[m[K [01;35m[Kwarning: [m[K"TCPIP_THREAD_STACKSIZE" redefined
  411 | #define TCPIP_THREAD_STACKSIZE      RT_LWIP_TCPTHREAD_STACKSIZE
      | 
In file included from [01m[K/home/yfblock/Code/hyper-rtos/tgoskits/tmp/rt-thread-5.2.2-final/components/net/lwip/port/lwipopts.h:15[m[K,
                 from [01m[K/home/yfblock/Code/hyper-rtos/tgoskits/tmp/rt-thread-5.2.2-final/components/net/lwip/lwip-2.1.2/src/include/lwip/opt.h:51[m[K,
                 from [01m[K/home/yfblock/Code/hyper-rtos/tgoskits/tmp/rt-thread-5.2.2-final/components/net/lwip/lwip-2.1.2/src/core/ipv4/ip4.c:41[m[K:
[01m[K./rtconfig.h:197:[m[K [01;36m[Knote: [m[Kthis is the location of the previous definition
  197 | #define TCPIP_THREAD_STACKSIZE 8192
      | 
CC build/kernel/components/net/lwip/lwip-2.1.2/src/core/ipv4/ip4_addr.o
In file included from [01m[K/home/yfblock/Code/hyper-rtos/tgoskits/tmp/rt-thread-5.2.2-final/components/net/lwip/lwip-2.1.2/src/include/lwip/opt.h:51[m[K,
                 from [01m[K/home/yfblock/Code/hyper-rtos/tgoskits/tmp/rt-thread-5.2.2-final/components/net/lwip/lwip-2.1.2/src/core/ipv4/ip4_addr.c:39[m[K:
[01m[K/home/yfblock/Code/hyper-rtos/tgoskits/tmp/rt-thread-5.2.2-final/components/net/lwip/port/lwipopts.h:410:[m[K [01;35m[Kwarning: [m[K"TCPIP_THREAD_PRIO" redefined
  410 | #define TCPIP_THREAD_PRIO           RT_LWIP_TCPTHREAD_PRIORITY
      | 
In file included from [01m[K/home/yfblock/Code/hyper-rtos/tgoskits/tmp/rt-thread-5.2.2-final/components/net/lwip/port/lwipopts.h:15[m[K,
                 from [01m[K/home/yfblock/Code/hyper-rtos/tgoskits/tmp/rt-thread-5.2.2-final/components/net/lwip/lwip-2.1.2/src/include/lwip/opt.h:51[m[K,
                 from [01m[K/home/yfblock/Code/hyper-rtos/tgoskits/tmp/rt-thread-5.2.2-final/components/net/lwip/lwip-2.1.2/src/core/ipv4/ip4_addr.c:39[m[K:
[01m[K./rtconfig.h:198:[m[K [01;36m[Knote: [m[Kthis is the location of the previous definition
  198 | #define TCPIP_THREAD_PRIO 10
      | 
In file included from [01m[K/home/yfblock/Code/hyper-rtos/tgoskits/tmp/rt-thread-5.2.2-final/components/net/lwip/lwip-2.1.2/src/include/lwip/opt.h:51[m[K,
                 from [01m[K/home/yfblock/Code/hyper-rtos/tgoskits/tmp/rt-thread-5.2.2-final/components/net/lwip/lwip-2.1.2/src/core/ipv4/ip4_addr.c:39[m[K:
[01m[K/home/yfblock/Code/hyper-rtos/tgoskits/tmp/rt-thread-5.2.2-final/components/net/lwip/port/lwipopts.h:411:[m[K [01;35m[Kwarning: [m[K"TCPIP_THREAD_STACKSIZE" redefined
  411 | #define TCPIP_THREAD_STACKSIZE      RT_LWIP_TCPTHREAD_STACKSIZE
      | 
In file included from [01m[K/home/yfblock/Code/hyper-rtos/tgoskits/tmp/rt-thread-5.2.2-final/components/net/lwip/port/lwipopts.h:15[m[K,
                 from [01m[K/home/yfblock/Code/hyper-rtos/tgoskits/tmp/rt-thread-5.2.2-final/components/net/lwip/lwip-2.1.2/src/include/lwip/opt.h:51[m[K,
                 from [01m[K/home/yfblock/Code/hyper-rtos/tgoskits/tmp/rt-thread-5.2.2-final/components/net/lwip/lwip-2.1.2/src/core/ipv4/ip4_addr.c:39[m[K:
[01m[K./rtconfig.h:197:[m[K [01;36m[Knote: [m[Kthis is the location of the previous definition
  197 | #define TCPIP_THREAD_STACKSIZE 8192
      | 
CC build/kernel/components/net/lwip/lwip-2.1.2/src/core/ipv4/ip4_frag.o
In file included from [01m[K/home/yfblock/Code/hyper-rtos/tgoskits/tmp/rt-thread-5.2.2-final/components/net/lwip/lwip-2.1.2/src/include/lwip/opt.h:51[m[K,
                 from [01m[K/home/yfblock/Code/hyper-rtos/tgoskits/tmp/rt-thread-5.2.2-final/components/net/lwip/lwip-2.1.2/src/core/ipv4/ip4_frag.c:41[m[K:
[01m[K/home/yfblock/Code/hyper-rtos/tgoskits/tmp/rt-thread-5.2.2-final/components/net/lwip/port/lwipopts.h:410:[m[K [01;35m[Kwarning: [m[K"TCPIP_THREAD_PRIO" redefined
  410 | #define TCPIP_THREAD_PRIO           RT_LWIP_TCPTHREAD_PRIORITY
      | 
In file included from [01m[K/home/yfblock/Code/hyper-rtos/tgoskits/tmp/rt-thread-5.2.2-final/components/net/lwip/port/lwipopts.h:15[m[K,
                 from [01m[K/home/yfblock/Code/hyper-rtos/tgoskits/tmp/rt-thread-5.2.2-final/components/net/lwip/lwip-2.1.2/src/include/lwip/opt.h:51[m[K,
                 from [01m[K/home/yfblock/Code/hyper-rtos/tgoskits/tmp/rt-thread-5.2.2-final/components/net/lwip/lwip-2.1.2/src/core/ipv4/ip4_frag.c:41[m[K:
[01m[K./rtconfig.h:198:[m[K [01;36m[Knote: [m[Kthis is the location of the previous definition
  198 | #define TCPIP_THREAD_PRIO 10
      | 
In file included from [01m[K/home/yfblock/Code/hyper-rtos/tgoskits/tmp/rt-thread-5.2.2-final/components/net/lwip/lwip-2.1.2/src/include/lwip/opt.h:51[m[K,
                 from [01m[K/home/yfblock/Code/hyper-rtos/tgoskits/tmp/rt-thread-5.2.2-final/components/net/lwip/lwip-2.1.2/src/core/ipv4/ip4_frag.c:41[m[K:
[01m[K/home/yfblock/Code/hyper-rtos/tgoskits/tmp/rt-thread-5.2.2-final/components/net/lwip/port/lwipopts.h:411:[m[K [01;35m[Kwarning: [m[K"TCPIP_THREAD_STACKSIZE" redefined
  411 | #define TCPIP_THREAD_STACKSIZE      RT_LWIP_TCPTHREAD_STACKSIZE
      | 
In file included from [01m[K/home/yfblock/Code/hyper-rtos/tgoskits/tmp/rt-thread-5.2.2-final/components/net/lwip/port/lwipopts.h:15[m[K,
                 from [01m[K/home/yfblock/Code/hyper-rtos/tgoskits/tmp/rt-thread-5.2.2-final/components/net/lwip/lwip-2.1.2/src/include/lwip/opt.h:51[m[K,
                 from [01m[K/home/yfblock/Code/hyper-rtos/tgoskits/tmp/rt-thread-5.2.2-final/components/net/lwip/lwip-2.1.2/src/core/ipv4/ip4_frag.c:41[m[K:
[01m[K./rtconfig.h:197:[m[K [01;36m[Knote: [m[Kthis is the location of the previous definition
  197 | #define TCPIP_THREAD_STACKSIZE 8192
      | 
CC build/kernel/components/net/lwip/lwip-2.1.2/src/core/memp.o
In file included from [01m[K/home/yfblock/Code/hyper-rtos/tgoskits/tmp/rt-thread-5.2.2-final/components/net/lwip/lwip-2.1.2/src/include/lwip/opt.h:51[m[K,
                 from [01m[K/home/yfblock/Code/hyper-rtos/tgoskits/tmp/rt-thread-5.2.2-final/components/net/lwip/lwip-2.1.2/src/core/memp.c:46[m[K:
[01m[K/home/yfblock/Code/hyper-rtos/tgoskits/tmp/rt-thread-5.2.2-final/components/net/lwip/port/lwipopts.h:410:[m[K [01;35m[Kwarning: [m[K"TCPIP_THREAD_PRIO" redefined
  410 | #define TCPIP_THREAD_PRIO           RT_LWIP_TCPTHREAD_PRIORITY
      | 
In file included from [01m[K/home/yfblock/Code/hyper-rtos/tgoskits/tmp/rt-thread-5.2.2-final/components/net/lwip/port/lwipopts.h:15[m[K,
                 from [01m[K/home/yfblock/Code/hyper-rtos/tgoskits/tmp/rt-thread-5.2.2-final/components/net/lwip/lwip-2.1.2/src/include/lwip/opt.h:51[m[K,
                 from [01m[K/home/yfblock/Code/hyper-rtos/tgoskits/tmp/rt-thread-5.2.2-final/components/net/lwip/lwip-2.1.2/src/core/memp.c:46[m[K:
[01m[K./rtconfig.h:198:[m[K [01;36m[Knote: [m[Kthis is the location of the previous definition
  198 | #define TCPIP_THREAD_PRIO 10
      | 
In file included from [01m[K/home/yfblock/Code/hyper-rtos/tgoskits/tmp/rt-thread-5.2.2-final/components/net/lwip/lwip-2.1.2/src/include/lwip/opt.h:51[m[K,
                 from [01m[K/home/yfblock/Code/hyper-rtos/tgoskits/tmp/rt-thread-5.2.2-final/components/net/lwip/lwip-2.1.2/src/core/memp.c:46[m[K:
[01m[K/home/yfblock/Code/hyper-rtos/tgoskits/tmp/rt-thread-5.2.2-final/components/net/lwip/port/lwipopts.h:411:[m[K [01;35m[Kwarning: [m[K"TCPIP_THREAD_STACKSIZE" redefined
  411 | #define TCPIP_THREAD_STACKSIZE      RT_LWIP_TCPTHREAD_STACKSIZE
      | 
In file included from [01m[K/home/yfblock/Code/hyper-rtos/tgoskits/tmp/rt-thread-5.2.2-final/components/net/lwip/port/lwipopts.h:15[m[K,
                 from [01m[K/home/yfblock/Code/hyper-rtos/tgoskits/tmp/rt-thread-5.2.2-final/components/net/lwip/lwip-2.1.2/src/include/lwip/opt.h:51[m[K,
                 from [01m[K/home/yfblock/Code/hyper-rtos/tgoskits/tmp/rt-thread-5.2.2-final/components/net/lwip/lwip-2.1.2/src/core/memp.c:46[m[K:
[01m[K./rtconfig.h:197:[m[K [01;36m[Knote: [m[Kthis is the location of the previous definition
  197 | #define TCPIP_THREAD_STACKSIZE 8192
      | 
CC build/kernel/components/net/lwip/lwip-2.1.2/src/core/netif.o
In file included from [01m[K/home/yfblock/Code/hyper-rtos/tgoskits/tmp/rt-thread-5.2.2-final/components/net/lwip/lwip-2.1.2/src/include/lwip/opt.h:51[m[K,
                 from [01m[K/home/yfblock/Code/hyper-rtos/tgoskits/tmp/rt-thread-5.2.2-final/components/net/lwip/lwip-2.1.2/src/core/netif.c:51[m[K:
[01m[K/home/yfblock/Code/hyper-rtos/tgoskits/tmp/rt-thread-5.2.2-final/components/net/lwip/port/lwipopts.h:410:[m[K [01;35m[Kwarning: [m[K"TCPIP_THREAD_PRIO" redefined
  410 | #define TCPIP_THREAD_PRIO           RT_LWIP_TCPTHREAD_PRIORITY
      | 
In file included from [01m[K/home/yfblock/Code/hyper-rtos/tgoskits/tmp/rt-thread-5.2.2-final/components/net/lwip/port/lwipopts.h:15[m[K,
                 from [01m[K/home/yfblock/Code/hyper-rtos/tgoskits/tmp/rt-thread-5.2.2-final/components/net/lwip/lwip-2.1.2/src/include/lwip/opt.h:51[m[K,
                 from [01m[K/home/yfblock/Code/hyper-rtos/tgoskits/tmp/rt-thread-5.2.2-final/components/net/lwip/lwip-2.1.2/src/core/netif.c:51[m[K:
[01m[K./rtconfig.h:198:[m[K [01;36m[Knote: [m[Kthis is the location of the previous definition
  198 | #define TCPIP_THREAD_PRIO 10
      | 
In file included from [01m[K/home/yfblock/Code/hyper-rtos/tgoskits/tmp/rt-thread-5.2.2-final/components/net/lwip/lwip-2.1.2/src/include/lwip/opt.h:51[m[K,
                 from [01m[K/home/yfblock/Code/hyper-rtos/tgoskits/tmp/rt-thread-5.2.2-final/components/net/lwip/lwip-2.1.2/src/core/netif.c:51[m[K:
[01m[K/home/yfblock/Code/hyper-rtos/tgoskits/tmp/rt-thread-5.2.2-final/components/net/lwip/port/lwipopts.h:411:[m[K [01;35m[Kwarning: [m[K"TCPIP_THREAD_STACKSIZE" redefined
  411 | #define TCPIP_THREAD_STACKSIZE      RT_LWIP_TCPTHREAD_STACKSIZE
      | 
In file included from [01m[K/home/yfblock/Code/hyper-rtos/tgoskits/tmp/rt-thread-5.2.2-final/components/net/lwip/port/lwipopts.h:15[m[K,
                 from [01m[K/home/yfblock/Code/hyper-rtos/tgoskits/tmp/rt-thread-5.2.2-final/components/net/lwip/lwip-2.1.2/src/include/lwip/opt.h:51[m[K,
                 from [01m[K/home/yfblock/Code/hyper-rtos/tgoskits/tmp/rt-thread-5.2.2-final/components/net/lwip/lwip-2.1.2/src/core/netif.c:51[m[K:
[01m[K./rtconfig.h:197:[m[K [01;36m[Knote: [m[Kthis is the location of the previous definition
  197 | #define TCPIP_THREAD_STACKSIZE 8192
      | 
CC build/kernel/components/net/lwip/lwip-2.1.2/src/core/pbuf.o
In file included from [01m[K/home/yfblock/Code/hyper-rtos/tgoskits/tmp/rt-thread-5.2.2-final/components/net/lwip/lwip-2.1.2/src/include/lwip/opt.h:51[m[K,
                 from [01m[K/home/yfblock/Code/hyper-rtos/tgoskits/tmp/rt-thread-5.2.2-final/components/net/lwip/lwip-2.1.2/src/core/pbuf.c:71[m[K:
[01m[K/home/yfblock/Code/hyper-rtos/tgoskits/tmp/rt-thread-5.2.2-final/components/net/lwip/port/lwipopts.h:410:[m[K [01;35m[Kwarning: [m[K"TCPIP_THREAD_PRIO" redefined
  410 | #define TCPIP_THREAD_PRIO           RT_LWIP_TCPTHREAD_PRIORITY
      | 
In file included from [01m[K/home/yfblock/Code/hyper-rtos/tgoskits/tmp/rt-thread-5.2.2-final/components/net/lwip/port/lwipopts.h:15[m[K,
                 from [01m[K/home/yfblock/Code/hyper-rtos/tgoskits/tmp/rt-thread-5.2.2-final/components/net/lwip/lwip-2.1.2/src/include/lwip/opt.h:51[m[K,
                 from [01m[K/home/yfblock/Code/hyper-rtos/tgoskits/tmp/rt-thread-5.2.2-final/components/net/lwip/lwip-2.1.2/src/core/pbuf.c:71[m[K:
[01m[K./rtconfig.h:198:[m[K [01;36m[Knote: [m[Kthis is the location of the previous definition
  198 | #define TCPIP_THREAD_PRIO 10
      | 
In file included from [01m[K/home/yfblock/Code/hyper-rtos/tgoskits/tmp/rt-thread-5.2.2-final/components/net/lwip/lwip-2.1.2/src/include/lwip/opt.h:51[m[K,
                 from [01m[K/home/yfblock/Code/hyper-rtos/tgoskits/tmp/rt-thread-5.2.2-final/components/net/lwip/lwip-2.1.2/src/core/pbuf.c:71[m[K:
[01m[K/home/yfblock/Code/hyper-rtos/tgoskits/tmp/rt-thread-5.2.2-final/components/net/lwip/port/lwipopts.h:411:[m[K [01;35m[Kwarning: [m[K"TCPIP_THREAD_STACKSIZE" redefined
  411 | #define TCPIP_THREAD_STACKSIZE      RT_LWIP_TCPTHREAD_STACKSIZE
      | 
In file included from [01m[K/home/yfblock/Code/hyper-rtos/tgoskits/tmp/rt-thread-5.2.2-final/components/net/lwip/port/lwipopts.h:15[m[K,
                 from [01m[K/home/yfblock/Code/hyper-rtos/tgoskits/tmp/rt-thread-5.2.2-final/components/net/lwip/lwip-2.1.2/src/include/lwip/opt.h:51[m[K,
                 from [01m[K/home/yfblock/Code/hyper-rtos/tgoskits/tmp/rt-thread-5.2.2-final/components/net/lwip/lwip-2.1.2/src/core/pbuf.c:71[m[K:
[01m[K./rtconfig.h:197:[m[K [01;36m[Knote: [m[Kthis is the location of the previous definition
  197 | #define TCPIP_THREAD_STACKSIZE 8192
      | 
CC build/kernel/components/net/lwip/lwip-2.1.2/src/core/raw.o
CC build/kernel/components/net/lwip/lwip-2.1.2/src/core/stats.o
In file included from [01m[K/home/yfblock/Code/hyper-rtos/tgoskits/tmp/rt-thread-5.2.2-final/components/net/lwip/lwip-2.1.2/src/include/lwip/opt.h:51[m[K,
                 from [01m[K/home/yfblock/Code/hyper-rtos/tgoskits/tmp/rt-thread-5.2.2-final/components/net/lwip/lwip-2.1.2/src/core/raw.c:48[m[K:
[01m[K/home/yfblock/Code/hyper-rtos/tgoskits/tmp/rt-thread-5.2.2-final/components/net/lwip/port/lwipopts.h:410:[m[K [01;35m[Kwarning: [m[K"TCPIP_THREAD_PRIO" redefined
  410 | #define TCPIP_THREAD_PRIO           RT_LWIP_TCPTHREAD_PRIORITY
      | 
In file included from [01m[K/home/yfblock/Code/hyper-rtos/tgoskits/tmp/rt-thread-5.2.2-final/components/net/lwip/port/lwipopts.h:15[m[K,
                 from [01m[K/home/yfblock/Code/hyper-rtos/tgoskits/tmp/rt-thread-5.2.2-final/components/net/lwip/lwip-2.1.2/src/include/lwip/opt.h:51[m[K,
                 from [01m[K/home/yfblock/Code/hyper-rtos/tgoskits/tmp/rt-thread-5.2.2-final/components/net/lwip/lwip-2.1.2/src/core/raw.c:48[m[K:
[01m[K./rtconfig.h:198:[m[K [01;36m[Knote: [m[Kthis is the location of the previous definition
  198 | #define TCPIP_THREAD_PRIO 10
      | 
In file included from [01m[K/home/yfblock/Code/hyper-rtos/tgoskits/tmp/rt-thread-5.2.2-final/components/net/lwip/lwip-2.1.2/src/include/lwip/opt.h:51[m[K,
                 from [01m[K/home/yfblock/Code/hyper-rtos/tgoskits/tmp/rt-thread-5.2.2-final/components/net/lwip/lwip-2.1.2/src/core/raw.c:48[m[K:
[01m[K/home/yfblock/Code/hyper-rtos/tgoskits/tmp/rt-thread-5.2.2-final/components/net/lwip/port/lwipopts.h:411:[m[K [01;35m[Kwarning: [m[K"TCPIP_THREAD_STACKSIZE" redefined
  411 | #define TCPIP_THREAD_STACKSIZE      RT_LWIP_TCPTHREAD_STACKSIZE
      | 
In file included from [01m[K/home/yfblock/Code/hyper-rtos/tgoskits/tmp/rt-thread-5.2.2-final/components/net/lwip/port/lwipopts.h:15[m[K,
                 from [01m[K/home/yfblock/Code/hyper-rtos/tgoskits/tmp/rt-thread-5.2.2-final/components/net/lwip/lwip-2.1.2/src/include/lwip/opt.h:51[m[K,
                 from [01m[K/home/yfblock/Code/hyper-rtos/tgoskits/tmp/rt-thread-5.2.2-final/components/net/lwip/lwip-2.1.2/src/core/raw.c:48[m[K:
[01m[K./rtconfig.h:197:[m[K [01;36m[Knote: [m[Kthis is the location of the previous definition
  197 | #define TCPIP_THREAD_STACKSIZE 8192
      | 
In file included from [01m[K/home/yfblock/Code/hyper-rtos/tgoskits/tmp/rt-thread-5.2.2-final/components/net/lwip/lwip-2.1.2/src/include/lwip/opt.h:51[m[K,
                 from [01m[K/home/yfblock/Code/hyper-rtos/tgoskits/tmp/rt-thread-5.2.2-final/components/net/lwip/lwip-2.1.2/src/core/stats.c:39[m[K:
[01m[K/home/yfblock/Code/hyper-rtos/tgoskits/tmp/rt-thread-5.2.2-final/components/net/lwip/port/lwipopts.h:410:[m[K [01;35m[Kwarning: [m[K"TCPIP_THREAD_PRIO" redefined
  410 | #define TCPIP_THREAD_PRIO           RT_LWIP_TCPTHREAD_PRIORITY
      | 
In file included from [01m[K/home/yfblock/Code/hyper-rtos/tgoskits/tmp/rt-thread-5.2.2-final/components/net/lwip/port/lwipopts.h:15[m[K,
                 from [01m[K/home/yfblock/Code/hyper-rtos/tgoskits/tmp/rt-thread-5.2.2-final/components/net/lwip/lwip-2.1.2/src/include/lwip/opt.h:51[m[K,
                 from [01m[K/home/yfblock/Code/hyper-rtos/tgoskits/tmp/rt-thread-5.2.2-final/components/net/lwip/lwip-2.1.2/src/core/stats.c:39[m[K:
[01m[K./rtconfig.h:198:[m[K [01;36m[Knote: [m[Kthis is the location of the previous definition
  198 | #define TCPIP_THREAD_PRIO 10
      | 
In file included from [01m[K/home/yfblock/Code/hyper-rtos/tgoskits/tmp/rt-thread-5.2.2-final/components/net/lwip/lwip-2.1.2/src/include/lwip/opt.h:51[m[K,
                 from [01m[K/home/yfblock/Code/hyper-rtos/tgoskits/tmp/rt-thread-5.2.2-final/components/net/lwip/lwip-2.1.2/src/core/stats.c:39[m[K:
[01m[K/home/yfblock/Code/hyper-rtos/tgoskits/tmp/rt-thread-5.2.2-final/components/net/lwip/port/lwipopts.h:411:[m[K [01;35m[Kwarning: [m[K"TCPIP_THREAD_STACKSIZE" redefined
  411 | #define TCPIP_THREAD_STACKSIZE      RT_LWIP_TCPTHREAD_STACKSIZE
      | 
In file included from [01m[K/home/yfblock/Code/hyper-rtos/tgoskits/tmp/rt-thread-5.2.2-final/components/net/lwip/port/lwipopts.h:15[m[K,
                 from [01m[K/home/yfblock/Code/hyper-rtos/tgoskits/tmp/rt-thread-5.2.2-final/components/net/lwip/lwip-2.1.2/src/include/lwip/opt.h:51[m[K,
                 from [01m[K/home/yfblock/Code/hyper-rtos/tgoskits/tmp/rt-thread-5.2.2-final/components/net/lwip/lwip-2.1.2/src/core/stats.c:39[m[K:
[01m[K./rtconfig.h:197:[m[K [01;36m[Knote: [m[Kthis is the location of the previous definition
  197 | #define TCPIP_THREAD_STACKSIZE 8192
      | 
CC build/kernel/components/net/lwip/lwip-2.1.2/src/core/sys.o
In file included from [01m[K/home/yfblock/Code/hyper-rtos/tgoskits/tmp/rt-thread-5.2.2-final/components/net/lwip/lwip-2.1.2/src/include/lwip/opt.h:51[m[K,
                 from [01m[K/home/yfblock/Code/hyper-rtos/tgoskits/tmp/rt-thread-5.2.2-final/components/net/lwip/lwip-2.1.2/src/core/sys.c:119[m[K:
[01m[K/home/yfblock/Code/hyper-rtos/tgoskits/tmp/rt-thread-5.2.2-final/components/net/lwip/port/lwipopts.h:410:[m[K [01;35m[Kwarning: [m[K"TCPIP_THREAD_PRIO" redefined
  410 | #define TCPIP_THREAD_PRIO           RT_LWIP_TCPTHREAD_PRIORITY
      | 
In file included from [01m[K/home/yfblock/Code/hyper-rtos/tgoskits/tmp/rt-thread-5.2.2-final/components/net/lwip/port/lwipopts.h:15[m[K,
                 from [01m[K/home/yfblock/Code/hyper-rtos/tgoskits/tmp/rt-thread-5.2.2-final/components/net/lwip/lwip-2.1.2/src/include/lwip/opt.h:51[m[K,
                 from [01m[K/home/yfblock/Code/hyper-rtos/tgoskits/tmp/rt-thread-5.2.2-final/components/net/lwip/lwip-2.1.2/src/core/sys.c:119[m[K:
[01m[K./rtconfig.h:198:[m[K [01;36m[Knote: [m[Kthis is the location of the previous definition
  198 | #define TCPIP_THREAD_PRIO 10
      | 
In file included from [01m[K/home/yfblock/Code/hyper-rtos/tgoskits/tmp/rt-thread-5.2.2-final/components/net/lwip/lwip-2.1.2/src/include/lwip/opt.h:51[m[K,
                 from [01m[K/home/yfblock/Code/hyper-rtos/tgoskits/tmp/rt-thread-5.2.2-final/components/net/lwip/lwip-2.1.2/src/core/sys.c:119[m[K:
[01m[K/home/yfblock/Code/hyper-rtos/tgoskits/tmp/rt-thread-5.2.2-final/components/net/lwip/port/lwipopts.h:411:[m[K [01;35m[Kwarning: [m[K"TCPIP_THREAD_STACKSIZE" redefined
  411 | #define TCPIP_THREAD_STACKSIZE      RT_LWIP_TCPTHREAD_STACKSIZE
      | 
In file included from [01m[K/home/yfblock/Code/hyper-rtos/tgoskits/tmp/rt-thread-5.2.2-final/components/net/lwip/port/lwipopts.h:15[m[K,
                 from [01m[K/home/yfblock/Code/hyper-rtos/tgoskits/tmp/rt-thread-5.2.2-final/components/net/lwip/lwip-2.1.2/src/include/lwip/opt.h:51[m[K,
                 from [01m[K/home/yfblock/Code/hyper-rtos/tgoskits/tmp/rt-thread-5.2.2-final/components/net/lwip/lwip-2.1.2/src/core/sys.c:119[m[K:
[01m[K./rtconfig.h:197:[m[K [01;36m[Knote: [m[Kthis is the location of the previous definition
  197 | #define TCPIP_THREAD_STACKSIZE 8192
      | 
CC build/kernel/components/net/lwip/lwip-2.1.2/src/core/tcp.o
In file included from [01m[K/home/yfblock/Code/hyper-rtos/tgoskits/tmp/rt-thread-5.2.2-final/components/net/lwip/lwip-2.1.2/src/include/lwip/opt.h:51[m[K,
                 from [01m[K/home/yfblock/Code/hyper-rtos/tgoskits/tmp/rt-thread-5.2.2-final/components/net/lwip/lwip-2.1.2/src/core/tcp.c:100[m[K:
[01m[K/home/yfblock/Code/hyper-rtos/tgoskits/tmp/rt-thread-5.2.2-final/components/net/lwip/port/lwipopts.h:410:[m[K [01;35m[Kwarning: [m[K"TCPIP_THREAD_PRIO" redefined
  410 | #define TCPIP_THREAD_PRIO           RT_LWIP_TCPTHREAD_PRIORITY
      | 
In file included from [01m[K/home/yfblock/Code/hyper-rtos/tgoskits/tmp/rt-thread-5.2.2-final/components/net/lwip/port/lwipopts.h:15[m[K,
                 from [01m[K/home/yfblock/Code/hyper-rtos/tgoskits/tmp/rt-thread-5.2.2-final/components/net/lwip/lwip-2.1.2/src/include/lwip/opt.h:51[m[K,
                 from [01m[K/home/yfblock/Code/hyper-rtos/tgoskits/tmp/rt-thread-5.2.2-final/components/net/lwip/lwip-2.1.2/src/core/tcp.c:100[m[K:
[01m[K./rtconfig.h:198:[m[K [01;36m[Knote: [m[Kthis is the location of the previous definition
  198 | #define TCPIP_THREAD_PRIO 10
      | 
In file included from [01m[K/home/yfblock/Code/hyper-rtos/tgoskits/tmp/rt-thread-5.2.2-final/components/net/lwip/lwip-2.1.2/src/include/lwip/opt.h:51[m[K,
                 from [01m[K/home/yfblock/Code/hyper-rtos/tgoskits/tmp/rt-thread-5.2.2-final/components/net/lwip/lwip-2.1.2/src/core/tcp.c:100[m[K:
[01m[K/home/yfblock/Code/hyper-rtos/tgoskits/tmp/rt-thread-5.2.2-final/components/net/lwip/port/lwipopts.h:411:[m[K [01;35m[Kwarning: [m[K"TCPIP_THREAD_STACKSIZE" redefined
  411 | #define TCPIP_THREAD_STACKSIZE      RT_LWIP_TCPTHREAD_STACKSIZE
      | 
In file included from [01m[K/home/yfblock/Code/hyper-rtos/tgoskits/tmp/rt-thread-5.2.2-final/components/net/lwip/port/lwipopts.h:15[m[K,
                 from [01m[K/home/yfblock/Code/hyper-rtos/tgoskits/tmp/rt-thread-5.2.2-final/components/net/lwip/lwip-2.1.2/src/include/lwip/opt.h:51[m[K,
                 from [01m[K/home/yfblock/Code/hyper-rtos/tgoskits/tmp/rt-thread-5.2.2-final/components/net/lwip/lwip-2.1.2/src/core/tcp.c:100[m[K:
[01m[K./rtconfig.h:197:[m[K [01;36m[Knote: [m[Kthis is the location of the previous definition
  197 | #define TCPIP_THREAD_STACKSIZE 8192
      | 
CC build/kernel/components/net/lwip/lwip-2.1.2/src/core/tcp_in.o
CC build/kernel/components/net/lwip/lwip-2.1.2/src/core/tcp_out.o
In file included from [01m[K/home/yfblock/Code/hyper-rtos/tgoskits/tmp/rt-thread-5.2.2-final/components/net/lwip/lwip-2.1.2/src/include/lwip/opt.h:51[m[K,
                 from [01m[K/home/yfblock/Code/hyper-rtos/tgoskits/tmp/rt-thread-5.2.2-final/components/net/lwip/lwip-2.1.2/src/core/tcp_in.c:44[m[K:
[01m[K/home/yfblock/Code/hyper-rtos/tgoskits/tmp/rt-thread-5.2.2-final/components/net/lwip/port/lwipopts.h:410:[m[K [01;35m[Kwarning: [m[K"TCPIP_THREAD_PRIO" redefined
  410 | #define TCPIP_THREAD_PRIO           RT_LWIP_TCPTHREAD_PRIORITY
      | 
In file included from [01m[K/home/yfblock/Code/hyper-rtos/tgoskits/tmp/rt-thread-5.2.2-final/components/net/lwip/port/lwipopts.h:15[m[K,
                 from [01m[K/home/yfblock/Code/hyper-rtos/tgoskits/tmp/rt-thread-5.2.2-final/components/net/lwip/lwip-2.1.2/src/include/lwip/opt.h:51[m[K,
                 from [01m[K/home/yfblock/Code/hyper-rtos/tgoskits/tmp/rt-thread-5.2.2-final/components/net/lwip/lwip-2.1.2/src/core/tcp_in.c:44[m[K:
[01m[K./rtconfig.h:198:[m[K [01;36m[Knote: [m[Kthis is the location of the previous definition
  198 | #define TCPIP_THREAD_PRIO 10
      | 
In file included from [01m[K/home/yfblock/Code/hyper-rtos/tgoskits/tmp/rt-thread-5.2.2-final/components/net/lwip/lwip-2.1.2/src/include/lwip/opt.h:51[m[K,
                 from [01m[K/home/yfblock/Code/hyper-rtos/tgoskits/tmp/rt-thread-5.2.2-final/components/net/lwip/lwip-2.1.2/src/core/tcp_in.c:44[m[K:
[01m[K/home/yfblock/Code/hyper-rtos/tgoskits/tmp/rt-thread-5.2.2-final/components/net/lwip/port/lwipopts.h:411:[m[K [01;35m[Kwarning: [m[K"TCPIP_THREAD_STACKSIZE" redefined
  411 | #define TCPIP_THREAD_STACKSIZE      RT_LWIP_TCPTHREAD_STACKSIZE
      | 
In file included from [01m[K/home/yfblock/Code/hyper-rtos/tgoskits/tmp/rt-thread-5.2.2-final/components/net/lwip/port/lwipopts.h:15[m[K,
                 from [01m[K/home/yfblock/Code/hyper-rtos/tgoskits/tmp/rt-thread-5.2.2-final/components/net/lwip/lwip-2.1.2/src/include/lwip/opt.h:51[m[K,
                 from [01m[K/home/yfblock/Code/hyper-rtos/tgoskits/tmp/rt-thread-5.2.2-final/components/net/lwip/lwip-2.1.2/src/core/tcp_in.c:44[m[K:
[01m[K./rtconfig.h:197:[m[K [01;36m[Knote: [m[Kthis is the location of the previous definition
  197 | #define TCPIP_THREAD_STACKSIZE 8192
      | 
In file included from [01m[K/home/yfblock/Code/hyper-rtos/tgoskits/tmp/rt-thread-5.2.2-final/components/net/lwip/lwip-2.1.2/src/include/lwip/opt.h:51[m[K,
                 from [01m[K/home/yfblock/Code/hyper-rtos/tgoskits/tmp/rt-thread-5.2.2-final/components/net/lwip/lwip-2.1.2/src/core/tcp_out.c:63[m[K:
[01m[K/home/yfblock/Code/hyper-rtos/tgoskits/tmp/rt-thread-5.2.2-final/components/net/lwip/port/lwipopts.h:410:[m[K [01;35m[Kwarning: [m[K"TCPIP_THREAD_PRIO" redefined
  410 | #define TCPIP_THREAD_PRIO           RT_LWIP_TCPTHREAD_PRIORITY
      | 
In file included from [01m[K/home/yfblock/Code/hyper-rtos/tgoskits/tmp/rt-thread-5.2.2-final/components/net/lwip/port/lwipopts.h:15[m[K,
                 from [01m[K/home/yfblock/Code/hyper-rtos/tgoskits/tmp/rt-thread-5.2.2-final/components/net/lwip/lwip-2.1.2/src/include/lwip/opt.h:51[m[K,
                 from [01m[K/home/yfblock/Code/hyper-rtos/tgoskits/tmp/rt-thread-5.2.2-final/components/net/lwip/lwip-2.1.2/src/core/tcp_out.c:63[m[K:
[01m[K./rtconfig.h:198:[m[K [01;36m[Knote: [m[Kthis is the location of the previous definition
  198 | #define TCPIP_THREAD_PRIO 10
      | 
In file included from [01m[K/home/yfblock/Code/hyper-rtos/tgoskits/tmp/rt-thread-5.2.2-final/components/net/lwip/lwip-2.1.2/src/include/lwip/opt.h:51[m[K,
                 from [01m[K/home/yfblock/Code/hyper-rtos/tgoskits/tmp/rt-thread-5.2.2-final/components/net/lwip/lwip-2.1.2/src/core/tcp_out.c:63[m[K:
[01m[K/home/yfblock/Code/hyper-rtos/tgoskits/tmp/rt-thread-5.2.2-final/components/net/lwip/port/lwipopts.h:411:[m[K [01;35m[Kwarning: [m[K"TCPIP_THREAD_STACKSIZE" redefined
  411 | #define TCPIP_THREAD_STACKSIZE      RT_LWIP_TCPTHREAD_STACKSIZE
      | 
In file included from [01m[K/home/yfblock/Code/hyper-rtos/tgoskits/tmp/rt-thread-5.2.2-final/components/net/lwip/port/lwipopts.h:15[m[K,
                 from [01m[K/home/yfblock/Code/hyper-rtos/tgoskits/tmp/rt-thread-5.2.2-final/components/net/lwip/lwip-2.1.2/src/include/lwip/opt.h:51[m[K,
                 from [01m[K/home/yfblock/Code/hyper-rtos/tgoskits/tmp/rt-thread-5.2.2-final/components/net/lwip/lwip-2.1.2/src/core/tcp_out.c:63[m[K:
[01m[K./rtconfig.h:197:[m[K [01;36m[Knote: [m[Kthis is the location of the previous definition
  197 | #define TCPIP_THREAD_STACKSIZE 8192
      | 
CC build/kernel/components/net/lwip/lwip-2.1.2/src/core/timeouts.o
In file included from [01m[K/home/yfblock/Code/hyper-rtos/tgoskits/tmp/rt-thread-5.2.2-final/components/net/lwip/lwip-2.1.2/src/include/lwip/opt.h:51[m[K,
                 from [01m[K/home/yfblock/Code/hyper-rtos/tgoskits/tmp/rt-thread-5.2.2-final/components/net/lwip/lwip-2.1.2/src/core/timeouts.c:42[m[K:
[01m[K/home/yfblock/Code/hyper-rtos/tgoskits/tmp/rt-thread-5.2.2-final/components/net/lwip/port/lwipopts.h:410:[m[K [01;35m[Kwarning: [m[K"TCPIP_THREAD_PRIO" redefined
  410 | #define TCPIP_THREAD_PRIO           RT_LWIP_TCPTHREAD_PRIORITY
      | 
In file included from [01m[K/home/yfblock/Code/hyper-rtos/tgoskits/tmp/rt-thread-5.2.2-final/components/net/lwip/port/lwipopts.h:15[m[K,
                 from [01m[K/home/yfblock/Code/hyper-rtos/tgoskits/tmp/rt-thread-5.2.2-final/components/net/lwip/lwip-2.1.2/src/include/lwip/opt.h:51[m[K,
                 from [01m[K/home/yfblock/Code/hyper-rtos/tgoskits/tmp/rt-thread-5.2.2-final/components/net/lwip/lwip-2.1.2/src/core/timeouts.c:42[m[K:
[01m[K./rtconfig.h:198:[m[K [01;36m[Knote: [m[Kthis is the location of the previous definition
  198 | #define TCPIP_THREAD_PRIO 10
      | 
In file included from [01m[K/home/yfblock/Code/hyper-rtos/tgoskits/tmp/rt-thread-5.2.2-final/components/net/lwip/lwip-2.1.2/src/include/lwip/opt.h:51[m[K,
                 from [01m[K/home/yfblock/Code/hyper-rtos/tgoskits/tmp/rt-thread-5.2.2-final/components/net/lwip/lwip-2.1.2/src/core/timeouts.c:42[m[K:
[01m[K/home/yfblock/Code/hyper-rtos/tgoskits/tmp/rt-thread-5.2.2-final/components/net/lwip/port/lwipopts.h:411:[m[K [01;35m[Kwarning: [m[K"TCPIP_THREAD_STACKSIZE" redefined
  411 | #define TCPIP_THREAD_STACKSIZE      RT_LWIP_TCPTHREAD_STACKSIZE
      | 
In file included from [01m[K/home/yfblock/Code/hyper-rtos/tgoskits/tmp/rt-thread-5.2.2-final/components/net/lwip/port/lwipopts.h:15[m[K,
                 from [01m[K/home/yfblock/Code/hyper-rtos/tgoskits/tmp/rt-thread-5.2.2-final/components/net/lwip/lwip-2.1.2/src/include/lwip/opt.h:51[m[K,
                 from [01m[K/home/yfblock/Code/hyper-rtos/tgoskits/tmp/rt-thread-5.2.2-final/components/net/lwip/lwip-2.1.2/src/core/timeouts.c:42[m[K:
[01m[K./rtconfig.h:197:[m[K [01;36m[Knote: [m[Kthis is the location of the previous definition
  197 | #define TCPIP_THREAD_STACKSIZE 8192
      | 
CC build/kernel/components/net/lwip/lwip-2.1.2/src/core/udp.o
In file included from [01m[K/home/yfblock/Code/hyper-rtos/tgoskits/tmp/rt-thread-5.2.2-final/components/net/lwip/lwip-2.1.2/src/include/lwip/opt.h:51[m[K,
                 from [01m[K/home/yfblock/Code/hyper-rtos/tgoskits/tmp/rt-thread-5.2.2-final/components/net/lwip/lwip-2.1.2/src/core/udp.c:48[m[K:
[01m[K/home/yfblock/Code/hyper-rtos/tgoskits/tmp/rt-thread-5.2.2-final/components/net/lwip/port/lwipopts.h:410:[m[K [01;35m[Kwarning: [m[K"TCPIP_THREAD_PRIO" redefined
  410 | #define TCPIP_THREAD_PRIO           RT_LWIP_TCPTHREAD_PRIORITY
      | 
In file included from [01m[K/home/yfblock/Code/hyper-rtos/tgoskits/tmp/rt-thread-5.2.2-final/components/net/lwip/port/lwipopts.h:15[m[K,
                 from [01m[K/home/yfblock/Code/hyper-rtos/tgoskits/tmp/rt-thread-5.2.2-final/components/net/lwip/lwip-2.1.2/src/include/lwip/opt.h:51[m[K,
                 from [01m[K/home/yfblock/Code/hyper-rtos/tgoskits/tmp/rt-thread-5.2.2-final/components/net/lwip/lwip-2.1.2/src/core/udp.c:48[m[K:
[01m[K./rtconfig.h:198:[m[K [01;36m[Knote: [m[Kthis is the location of the previous definition
  198 | #define TCPIP_THREAD_PRIO 10
      | 
In file included from [01m[K/home/yfblock/Code/hyper-rtos/tgoskits/tmp/rt-thread-5.2.2-final/components/net/lwip/lwip-2.1.2/src/include/lwip/opt.h:51[m[K,
                 from [01m[K/home/yfblock/Code/hyper-rtos/tgoskits/tmp/rt-thread-5.2.2-final/components/net/lwip/lwip-2.1.2/src/core/udp.c:48[m[K:
[01m[K/home/yfblock/Code/hyper-rtos/tgoskits/tmp/rt-thread-5.2.2-final/components/net/lwip/port/lwipopts.h:411:[m[K [01;35m[Kwarning: [m[K"TCPIP_THREAD_STACKSIZE" redefined
  411 | #define TCPIP_THREAD_STACKSIZE      RT_LWIP_TCPTHREAD_STACKSIZE
      | 
In file included from [01m[K/home/yfblock/Code/hyper-rtos/tgoskits/tmp/rt-thread-5.2.2-final/components/net/lwip/port/lwipopts.h:15[m[K,
                 from [01m[K/home/yfblock/Code/hyper-rtos/tgoskits/tmp/rt-thread-5.2.2-final/components/net/lwip/lwip-2.1.2/src/include/lwip/opt.h:51[m[K,
                 from [01m[K/home/yfblock/Code/hyper-rtos/tgoskits/tmp/rt-thread-5.2.2-final/components/net/lwip/lwip-2.1.2/src/core/udp.c:48[m[K:
[01m[K./rtconfig.h:197:[m[K [01;36m[Knote: [m[Kthis is the location of the previous definition
  197 | #define TCPIP_THREAD_STACKSIZE 8192
      | 
CC build/kernel/components/net/lwip/lwip-2.1.2/src/netif/ethernet.o
In file included from [01m[K/home/yfblock/Code/hyper-rtos/tgoskits/tmp/rt-thread-5.2.2-final/components/net/lwip/lwip-2.1.2/src/include/lwip/opt.h:51[m[K,
                 from [01m[K/home/yfblock/Code/hyper-rtos/tgoskits/tmp/rt-thread-5.2.2-final/components/net/lwip/lwip-2.1.2/src/netif/ethernet.c:41[m[K:
[01m[K/home/yfblock/Code/hyper-rtos/tgoskits/tmp/rt-thread-5.2.2-final/components/net/lwip/port/lwipopts.h:410:[m[K [01;35m[Kwarning: [m[K"TCPIP_THREAD_PRIO" redefined
  410 | #define TCPIP_THREAD_PRIO           RT_LWIP_TCPTHREAD_PRIORITY
      | 
In file included from [01m[K/home/yfblock/Code/hyper-rtos/tgoskits/tmp/rt-thread-5.2.2-final/components/net/lwip/port/lwipopts.h:15[m[K,
                 from [01m[K/home/yfblock/Code/hyper-rtos/tgoskits/tmp/rt-thread-5.2.2-final/components/net/lwip/lwip-2.1.2/src/include/lwip/opt.h:51[m[K,
                 from [01m[K/home/yfblock/Code/hyper-rtos/tgoskits/tmp/rt-thread-5.2.2-final/components/net/lwip/lwip-2.1.2/src/netif/ethernet.c:41[m[K:
[01m[K./rtconfig.h:198:[m[K [01;36m[Knote: [m[Kthis is the location of the previous definition
  198 | #define TCPIP_THREAD_PRIO 10
      | 
In file included from [01m[K/home/yfblock/Code/hyper-rtos/tgoskits/tmp/rt-thread-5.2.2-final/components/net/lwip/lwip-2.1.2/src/include/lwip/opt.h:51[m[K,
                 from [01m[K/home/yfblock/Code/hyper-rtos/tgoskits/tmp/rt-thread-5.2.2-final/components/net/lwip/lwip-2.1.2/src/netif/ethernet.c:41[m[K:
[01m[K/home/yfblock/Code/hyper-rtos/tgoskits/tmp/rt-thread-5.2.2-final/components/net/lwip/port/lwipopts.h:411:[m[K [01;35m[Kwarning: [m[K"TCPIP_THREAD_STACKSIZE" redefined
  411 | #define TCPIP_THREAD_STACKSIZE      RT_LWIP_TCPTHREAD_STACKSIZE
      | 
In file included from [01m[K/home/yfblock/Code/hyper-rtos/tgoskits/tmp/rt-thread-5.2.2-final/components/net/lwip/port/lwipopts.h:15[m[K,
                 from [01m[K/home/yfblock/Code/hyper-rtos/tgoskits/tmp/rt-thread-5.2.2-final/components/net/lwip/lwip-2.1.2/src/include/lwip/opt.h:51[m[K,
                 from [01m[K/home/yfblock/Code/hyper-rtos/tgoskits/tmp/rt-thread-5.2.2-final/components/net/lwip/lwip-2.1.2/src/netif/ethernet.c:41[m[K:
[01m[K./rtconfig.h:197:[m[K [01;36m[Knote: [m[Kthis is the location of the previous definition
  197 | #define TCPIP_THREAD_STACKSIZE 8192
      | 
CC build/kernel/components/net/lwip/lwip-2.1.2/src/netif/lowpan6.o
CC build/kernel/components/net/lwip/port/ethernetif.o
In file included from [01m[K/home/yfblock/Code/hyper-rtos/tgoskits/tmp/rt-thread-5.2.2-final/components/net/lwip/lwip-2.1.2/src/include/lwip/opt.h:51[m[K,
                 from [01m[K/home/yfblock/Code/hyper-rtos/tgoskits/tmp/rt-thread-5.2.2-final/components/net/lwip/lwip-2.1.2/src/include/netif/lowpan6_opts.h:44[m[K,
                 from [01m[K/home/yfblock/Code/hyper-rtos/tgoskits/tmp/rt-thread-5.2.2-final/components/net/lwip/lwip-2.1.2/src/include/netif/lowpan6.h:45[m[K,
                 from [01m[K/home/yfblock/Code/hyper-rtos/tgoskits/tmp/rt-thread-5.2.2-final/components/net/lwip/lwip-2.1.2/src/netif/lowpan6.c:51[m[K:
[01m[K/home/yfblock/Code/hyper-rtos/tgoskits/tmp/rt-thread-5.2.2-final/components/net/lwip/port/lwipopts.h:410:[m[K [01;35m[Kwarning: [m[K"TCPIP_THREAD_PRIO" redefined
  410 | #define TCPIP_THREAD_PRIO           RT_LWIP_TCPTHREAD_PRIORITY
      | 
In file included from [01m[K/home/yfblock/Code/hyper-rtos/tgoskits/tmp/rt-thread-5.2.2-final/components/net/lwip/port/lwipopts.h:15[m[K,
                 from [01m[K/home/yfblock/Code/hyper-rtos/tgoskits/tmp/rt-thread-5.2.2-final/components/net/lwip/lwip-2.1.2/src/include/lwip/opt.h:51[m[K,
                 from [01m[K/home/yfblock/Code/hyper-rtos/tgoskits/tmp/rt-thread-5.2.2-final/components/net/lwip/lwip-2.1.2/src/include/netif/lowpan6_opts.h:44[m[K,
                 from [01m[K/home/yfblock/Code/hyper-rtos/tgoskits/tmp/rt-thread-5.2.2-final/components/net/lwip/lwip-2.1.2/src/include/netif/lowpan6.h:45[m[K,
                 from [01m[K/home/yfblock/Code/hyper-rtos/tgoskits/tmp/rt-thread-5.2.2-final/components/net/lwip/lwip-2.1.2/src/netif/lowpan6.c:51[m[K:
[01m[K./rtconfig.h:198:[m[K [01;36m[Knote: [m[Kthis is the location of the previous definition
  198 | #define TCPIP_THREAD_PRIO 10
      | 
In file included from [01m[K/home/yfblock/Code/hyper-rtos/tgoskits/tmp/rt-thread-5.2.2-final/components/net/lwip/lwip-2.1.2/src/include/lwip/opt.h:51[m[K,
                 from [01m[K/home/yfblock/Code/hyper-rtos/tgoskits/tmp/rt-thread-5.2.2-final/components/net/lwip/lwip-2.1.2/src/include/netif/lowpan6_opts.h:44[m[K,
                 from [01m[K/home/yfblock/Code/hyper-rtos/tgoskits/tmp/rt-thread-5.2.2-final/components/net/lwip/lwip-2.1.2/src/include/netif/lowpan6.h:45[m[K,
                 from [01m[K/home/yfblock/Code/hyper-rtos/tgoskits/tmp/rt-thread-5.2.2-final/components/net/lwip/lwip-2.1.2/src/netif/lowpan6.c:51[m[K:
[01m[K/home/yfblock/Code/hyper-rtos/tgoskits/tmp/rt-thread-5.2.2-final/components/net/lwip/port/lwipopts.h:411:[m[K [01;35m[Kwarning: [m[K"TCPIP_THREAD_STACKSIZE" redefined
  411 | #define TCPIP_THREAD_STACKSIZE      RT_LWIP_TCPTHREAD_STACKSIZE
      | 
In file included from [01m[K/home/yfblock/Code/hyper-rtos/tgoskits/tmp/rt-thread-5.2.2-final/components/net/lwip/port/lwipopts.h:15[m[K,
                 from [01m[K/home/yfblock/Code/hyper-rtos/tgoskits/tmp/rt-thread-5.2.2-final/components/net/lwip/lwip-2.1.2/src/include/lwip/opt.h:51[m[K,
                 from [01m[K/home/yfblock/Code/hyper-rtos/tgoskits/tmp/rt-thread-5.2.2-final/components/net/lwip/lwip-2.1.2/src/include/netif/lowpan6_opts.h:44[m[K,
                 from [01m[K/home/yfblock/Code/hyper-rtos/tgoskits/tmp/rt-thread-5.2.2-final/components/net/lwip/lwip-2.1.2/src/include/netif/lowpan6.h:45[m[K,
                 from [01m[K/home/yfblock/Code/hyper-rtos/tgoskits/tmp/rt-thread-5.2.2-final/components/net/lwip/lwip-2.1.2/src/netif/lowpan6.c:51[m[K:
[01m[K./rtconfig.h:197:[m[K [01;36m[Knote: [m[Kthis is the location of the previous definition
  197 | #define TCPIP_THREAD_STACKSIZE 8192
      | 
In file included from [01m[K/home/yfblock/Code/hyper-rtos/tgoskits/tmp/rt-thread-5.2.2-final/components/net/lwip/lwip-2.1.2/src/include/lwip/opt.h:51[m[K,
                 from [01m[K/home/yfblock/Code/hyper-rtos/tgoskits/tmp/rt-thread-5.2.2-final/components/net/lwip/lwip-2.1.2/src/include/lwip/init.h:40[m[K,
                 from [01m[K/home/yfblock/Code/hyper-rtos/tgoskits/tmp/rt-thread-5.2.2-final/components/net/lwip/port/ethernetif.c:54[m[K:
[01m[K/home/yfblock/Code/hyper-rtos/tgoskits/tmp/rt-thread-5.2.2-final/components/net/lwip/port/lwipopts.h:410:[m[K [01;35m[Kwarning: [m[K"TCPIP_THREAD_PRIO" redefined
  410 | #define TCPIP_THREAD_PRIO           RT_LWIP_TCPTHREAD_PRIORITY
      | 
In file included from [01m[K/home/yfblock/Code/hyper-rtos/tgoskits/tmp/rt-thread-5.2.2-final/components/net/lwip/port/lwipopts.h:15[m[K,
                 from [01m[K/home/yfblock/Code/hyper-rtos/tgoskits/tmp/rt-thread-5.2.2-final/components/net/lwip/lwip-2.1.2/src/include/lwip/opt.h:51[m[K,
                 from [01m[K/home/yfblock/Code/hyper-rtos/tgoskits/tmp/rt-thread-5.2.2-final/components/net/lwip/lwip-2.1.2/src/include/lwip/init.h:40[m[K,
                 from [01m[K/home/yfblock/Code/hyper-rtos/tgoskits/tmp/rt-thread-5.2.2-final/components/net/lwip/port/ethernetif.c:54[m[K:
[01m[K./rtconfig.h:198:[m[K [01;36m[Knote: [m[Kthis is the location of the previous definition
  198 | #define TCPIP_THREAD_PRIO 10
      | 
In file included from [01m[K/home/yfblock/Code/hyper-rtos/tgoskits/tmp/rt-thread-5.2.2-final/components/net/lwip/lwip-2.1.2/src/include/lwip/opt.h:51[m[K,
                 from [01m[K/home/yfblock/Code/hyper-rtos/tgoskits/tmp/rt-thread-5.2.2-final/components/net/lwip/lwip-2.1.2/src/include/lwip/init.h:40[m[K,
                 from [01m[K/home/yfblock/Code/hyper-rtos/tgoskits/tmp/rt-thread-5.2.2-final/components/net/lwip/port/ethernetif.c:54[m[K:
[01m[K/home/yfblock/Code/hyper-rtos/tgoskits/tmp/rt-thread-5.2.2-final/components/net/lwip/port/lwipopts.h:411:[m[K [01;35m[Kwarning: [m[K"TCPIP_THREAD_STACKSIZE" redefined
  411 | #define TCPIP_THREAD_STACKSIZE      RT_LWIP_TCPTHREAD_STACKSIZE
      | 
In file included from [01m[K/home/yfblock/Code/hyper-rtos/tgoskits/tmp/rt-thread-5.2.2-final/components/net/lwip/port/lwipopts.h:15[m[K,
                 from [01m[K/home/yfblock/Code/hyper-rtos/tgoskits/tmp/rt-thread-5.2.2-final/components/net/lwip/lwip-2.1.2/src/include/lwip/opt.h:51[m[K,
                 from [01m[K/home/yfblock/Code/hyper-rtos/tgoskits/tmp/rt-thread-5.2.2-final/components/net/lwip/lwip-2.1.2/src/include/lwip/init.h:40[m[K,
                 from [01m[K/home/yfblock/Code/hyper-rtos/tgoskits/tmp/rt-thread-5.2.2-final/components/net/lwip/port/ethernetif.c:54[m[K:
[01m[K./rtconfig.h:197:[m[K [01;36m[Knote: [m[Kthis is the location of the previous definition
  197 | #define TCPIP_THREAD_STACKSIZE 8192
      | 
CC build/kernel/components/net/lwip/port/sys_arch.o
CC build/kernel/components/net/netdev/src/netdev.o
CC build/kernel/components/net/netdev/src/netdev_ipaddr.o
In file included from [01m[K/home/yfblock/Code/hyper-rtos/tgoskits/tmp/rt-thread-5.2.2-final/components/net/lwip/lwip-2.1.2/src/include/lwip/opt.h:51[m[K,
                 from [01m[K/home/yfblock/Code/hyper-rtos/tgoskits/tmp/rt-thread-5.2.2-final/components/net/lwip/lwip-2.1.2/src/include/lwip/sys.h:40[m[K,
                 from [01m[K/home/yfblock/Code/hyper-rtos/tgoskits/tmp/rt-thread-5.2.2-final/components/net/lwip/port/sys_arch.c:25[m[K:
[01m[K/home/yfblock/Code/hyper-rtos/tgoskits/tmp/rt-thread-5.2.2-final/components/net/lwip/port/lwipopts.h:410:[m[K [01;35m[Kwarning: [m[K"TCPIP_THREAD_PRIO" redefined
  410 | #define TCPIP_THREAD_PRIO           RT_LWIP_TCPTHREAD_PRIORITY
      | 
In file included from [01m[K/home/yfblock/Code/hyper-rtos/tgoskits/tmp/rt-thread-5.2.2-final/include/rtthread.h:31[m[K,
                 from [01m[K/home/yfblock/Code/hyper-rtos/tgoskits/tmp/rt-thread-5.2.2-final/components/net/lwip/port/sys_arch.c:21[m[K:
[01m[K./rtconfig.h:198:[m[K [01;36m[Knote: [m[Kthis is the location of the previous definition
  198 | #define TCPIP_THREAD_PRIO 10
      | 
In file included from [01m[K/home/yfblock/Code/hyper-rtos/tgoskits/tmp/rt-thread-5.2.2-final/components/net/lwip/lwip-2.1.2/src/include/lwip/opt.h:51[m[K,
                 from [01m[K/home/yfblock/Code/hyper-rtos/tgoskits/tmp/rt-thread-5.2.2-final/components/net/lwip/lwip-2.1.2/src/include/lwip/sys.h:40[m[K,
                 from [01m[K/home/yfblock/Code/hyper-rtos/tgoskits/tmp/rt-thread-5.2.2-final/components/net/lwip/port/sys_arch.c:25[m[K:
[01m[K/home/yfblock/Code/hyper-rtos/tgoskits/tmp/rt-thread-5.2.2-final/components/net/lwip/port/lwipopts.h:411:[m[K [01;35m[Kwarning: [m[K"TCPIP_THREAD_STACKSIZE" redefined
  411 | #define TCPIP_THREAD_STACKSIZE      RT_LWIP_TCPTHREAD_STACKSIZE
      | 
In file included from [01m[K/home/yfblock/Code/hyper-rtos/tgoskits/tmp/rt-thread-5.2.2-final/include/rtthread.h:31[m[K,
                 from [01m[K/home/yfblock/Code/hyper-rtos/tgoskits/tmp/rt-thread-5.2.2-final/components/net/lwip/port/sys_arch.c:21[m[K:
[01m[K./rtconfig.h:197:[m[K [01;36m[Knote: [m[Kthis is the location of the previous definition
  197 | #define TCPIP_THREAD_STACKSIZE 8192
      | 
CC build/kernel/components/net/sal/dfs_net/dfs_net.o
CC build/kernel/components/net/sal/impl/af_inet_lwip.o
CC build/kernel/components/net/sal/socket/net_netdb.o
In file included from [01m[K/home/yfblock/Code/hyper-rtos/tgoskits/tmp/rt-thread-5.2.2-final/components/net/lwip/lwip-2.1.2/src/include/lwip/opt.h:51[m[K,
                 from [01m[K/home/yfblock/Code/hyper-rtos/tgoskits/tmp/rt-thread-5.2.2-final/components/net/lwip/lwip-2.1.2/src/include/lwip/sockets.h:42[m[K,
                 from [01m[K/home/yfblock/Code/hyper-rtos/tgoskits/tmp/rt-thread-5.2.2-final/components/net/sal/impl/af_inet_lwip.c:17[m[K:
[01m[K/home/yfblock/Code/hyper-rtos/tgoskits/tmp/rt-thread-5.2.2-final/components/net/lwip/port/lwipopts.h:410:[m[K [01;35m[Kwarning: [m[K"TCPIP_THREAD_PRIO" redefined
  410 | #define TCPIP_THREAD_PRIO           RT_LWIP_TCPTHREAD_PRIORITY
      | 
In file included from [01m[K/home/yfblock/Code/hyper-rtos/tgoskits/tmp/rt-thread-5.2.2-final/include/rtthread.h:31[m[K,
                 from [01m[K/home/yfblock/Code/hyper-rtos/tgoskits/tmp/rt-thread-5.2.2-final/components/net/sal/impl/af_inet_lwip.c:11[m[K:
[01m[K./rtconfig.h:198:[m[K [01;36m[Knote: [m[Kthis is the location of the previous definition
  198 | #define TCPIP_THREAD_PRIO 10
      | 
In file included from [01m[K/home/yfblock/Code/hyper-rtos/tgoskits/tmp/rt-thread-5.2.2-final/components/net/lwip/lwip-2.1.2/src/include/lwip/opt.h:51[m[K,
                 from [01m[K/home/yfblock/Code/hyper-rtos/tgoskits/tmp/rt-thread-5.2.2-final/components/net/lwip/lwip-2.1.2/src/include/lwip/sockets.h:42[m[K,
                 from [01m[K/home/yfblock/Code/hyper-rtos/tgoskits/tmp/rt-thread-5.2.2-final/components/net/sal/impl/af_inet_lwip.c:17[m[K:
[01m[K/home/yfblock/Code/hyper-rtos/tgoskits/tmp/rt-thread-5.2.2-final/components/net/lwip/port/lwipopts.h:411:[m[K [01;35m[Kwarning: [m[K"TCPIP_THREAD_STACKSIZE" redefined
  411 | #define TCPIP_THREAD_STACKSIZE      RT_LWIP_TCPTHREAD_STACKSIZE
      | 
In file included from [01m[K/home/yfblock/Code/hyper-rtos/tgoskits/tmp/rt-thread-5.2.2-final/include/rtthread.h:31[m[K,
                 from [01m[K/home/yfblock/Code/hyper-rtos/tgoskits/tmp/rt-thread-5.2.2-final/components/net/sal/impl/af_inet_lwip.c:11[m[K:
[01m[K./rtconfig.h:197:[m[K [01;36m[Knote: [m[Kthis is the location of the previous definition
  197 | #define TCPIP_THREAD_STACKSIZE 8192
      | 
CC build/kernel/components/net/sal/socket/net_sockets.o
CC build/kernel/components/net/sal/src/sal_socket.o
CC build/kernel/components/utilities/libadt/avl/avl.o
CC build/kernel/components/utilities/resource/resource_id.o
CC build/kernel/components/utilities/resource/rid_bitmap.o
CC build/kernel/libcpu/aarch64/common/atomic_aarch64.o
CC build/kernel/libcpu/aarch64/common/backtrace.o
AS build/kernel/libcpu/aarch64/common/cache.o
CC build/kernel/libcpu/aarch64/common/cache_ops.o
CC build/kernel/libcpu/aarch64/common/cpu.o
AS build/kernel/libcpu/aarch64/common/cpu_gcc.o
CC build/kernel/libcpu/aarch64/common/cpu_psci.o
CC build/kernel/libcpu/aarch64/common/cpu_spin_table.o
CC build/kernel/libcpu/aarch64/common/cpuport.o
CC build/kernel/libcpu/aarch64/common/exception.o
CC build/kernel/libcpu/aarch64/common/gic.o
CC build/kernel/libcpu/aarch64/common/gicv3.o
CC build/kernel/libcpu/aarch64/common/gtimer.o
CC build/kernel/libcpu/aarch64/common/hypercall.o
[01m[K/home/yfblock/Code/hyper-rtos/tgoskits/tmp/rt-thread-5.2.2-final/libcpu/aarch64/common/gicv3.c:[m[K In function ‘[01m[Karm_gic_redist_init[m[K’:
[01m[K/home/yfblock/Code/hyper-rtos/tgoskits/tmp/rt-thread-5.2.2-final/libcpu/aarch64/common/gicv3.c:708:9:[m[K [01;35m[Kwarning: [m[Kunused variable ‘[01m[Ki[m[K’ [[01;35m[K-Wunused-variable[m[K]
  708 |     int [01;35m[Ki[m[K;
      |         [01;35m[K^[m[K
CC build/kernel/libcpu/aarch64/common/interrupt.o
CC build/kernel/libcpu/aarch64/common/mmu.o
CC build/kernel/libcpu/aarch64/common/psci.o
CC build/kernel/libcpu/aarch64/common/setup.o
AS build/kernel/libcpu/aarch64/common/smccc.o
CC build/kernel/libcpu/aarch64/common/stack.o
AS build/kernel/libcpu/aarch64/common/stack_gcc.o
AS build/kernel/libcpu/aarch64/common/startup_gcc.o
CC build/kernel/libcpu/aarch64/common/trap.o
AS build/kernel/libcpu/aarch64/common/up/context_gcc.o
AS build/kernel/libcpu/aarch64/common/up/vector_gcc.o
AS build/kernel/libcpu/aarch64/common/vector_gcc.o
AS build/kernel/libcpu/aarch64/cortex-a/entry_point.o
CC build/kernel/src/clock.o
CC build/kernel/src/components.o
CC build/kernel/src/cpu_up.o
CC build/kernel/src/defunct.o
CC build/kernel/src/idle.o
CC build/kernel/src/ipc.o
CC build/kernel/src/irq.o
CC build/kernel/src/klibc/kerrno.o
CC build/kernel/src/klibc/kstdio.o
CC build/kernel/src/klibc/kstring.o
CC build/kernel/src/klibc/rt_vsnprintf_std.o
[01m[K/home/yfblock/Code/hyper-rtos/tgoskits/tmp/rt-thread-5.2.2-final/src/klibc/rt_vsnprintf_std.c:114:[m[K [01;35m[Kwarning: [m[K"RT_KLIBC_USING_VSNPRINTF_CHECK_NUL_IN_FORMAT_SPECIFIER" redefined
  114 | #define RT_KLIBC_USING_VSNPRINTF_CHECK_NUL_IN_FORMAT_SPECIFIER
      | 
In file included from [01m[K/home/yfblock/Code/hyper-rtos/tgoskits/tmp/rt-thread-5.2.2-final/include/rtthread.h:31[m[K,
                 from [01m[K/home/yfblock/Code/hyper-rtos/tgoskits/tmp/rt-thread-5.2.2-final/src/klibc/rt_vsnprintf_std.c:51[m[K:
[01m[K./rtconfig.h:9:[m[K [01;36m[Knote: [m[Kthis is the location of the previous definition
    9 | #define RT_KLIBC_USING_VSNPRINTF_CHECK_NUL_IN_FORMAT_SPECIFIER 1
      | 
CC build/kernel/src/klibc/rt_vsscanf.o
CC build/kernel/src/kservice.o
[01m[K/home/yfblock/Code/hyper-rtos/tgoskits/tmp/rt-thread-5.2.2-final/src/klibc/rt_vsnprintf_std.c:[m[K In function ‘[01m[Kprint_exponential_number[m[K’:
[01m[K/home/yfblock/Code/hyper-rtos/tgoskits/tmp/rt-thread-5.2.2-final/src/klibc/rt_vsnprintf_std.c:875:47:[m[K [01;35m[Kwarning: [m[K‘[01m[Kabs_exp10_covered_by_powers_table[m[K’ may be used uninitialized in this function [[01;35m[K-Wmaybe-uninitialized[m[K]
  875 |   normalization.multiply = [01;35m[K(floored_exp10 < 0 && abs_exp10_covered_by_powers_table)[m[K;
      |                            [01;35m[K~~~~~~~~~~~~~~~~~~~^~~~~~~~~~~~~~~~~~~~~~~~~~~~~~~~~~~~~[m[K
CC build/kernel/src/mem.o
CC build/kernel/src/memheap.o
CC build/kernel/src/mempool.o
CC build/kernel/src/object.o
CC build/kernel/src/scheduler_comm.o
CC build/kernel/src/scheduler_up.o
CC build/kernel/src/thread.o
CC build/kernel/src/timer.o
LINK rtthread.elf
Memory region         Used Size  Region Size  %age Used
aarch64-linux-musl-objcopy -O binary rtthread.elf rtthread.bin
aarch64-linux-musl-size rtthread.elf
   text	   data	    bss	    dec	    hex	filename
 488080	   6000	 551376	1045456	  ff3d0	rtthread.elf
scons: done building targets.
[2/5] Building rtipc-client...
make: Entering directory '/home/yfblock/Code/hyper-rtos/tgoskits/os/axvisor/guests/rt-ipc/linux'
make: 'target/rtipic-client' is up to date.
make: Leaving directory '/home/yfblock/Code/hyper-rtos/tgoskits/os/axvisor/guests/rt-ipc/linux'
[3/5] Rebuilding Linux initramfs...
5757 blocks
  initramfs rebuilt: -rw-r--r-- 1 yfblock yfblock 2947584 Aug 15 23:55 tmp/vmconfigs/two-guest-net/current/linux-1-initramfs.cpio
[4/5] Building Axvisor...
    Finished `dev` profile [unoptimized + debuginfo] target(s) in 0.14s
     Running `target/debug/tg-xtask axvisor build --config qemu-aarch64-two-guest-net --vmconfigs /home/yfblock/Code/hyper-rtos/tgoskits/os/axvisor/configs/vms/qemu/aarch64/linux-net.toml --vmconfigs /home/yfblock/Code/hyper-rtos/tgoskits/tmp/rtthread-runtime.oPXaEJ/rtthread-net.toml`
[2026-08-15T15:55:41Z INFO  axbuild::context] Workspace root: /home/yfblock/Code/hyper-rtos/tgoskits
[2026-08-15T15:55:41Z INFO  axbuild::context] Workspace member dir for axvisor: /home/yfblock/Code/hyper-rtos/tgoskits/os/axvisor
Using build config: qemu-aarch64-two-guest-net
[axbuild] cargo build package=axvisor target=scripts/targets/std/pie/aarch64-unknown-linux-musl.json config=qemu-aarch64-two-guest-net ...
sh -c /home/yfblock/Code/hyper-rtos/tgoskits/tmp/axbuild/std/prebuild/prebuild-aarch64-unknown-linux-musl-f6626de1af3d9f06.sh
AR_aarch64_unknown_linux_musl=aarch64-linux-musl-ar
AXVISOR_VM_CONFIGS=/home/yfblock/Code/hyper-rtos/tgoskits/os/axvisor/configs/vms/qemu/aarch64/linux-net.toml:/home/yfblock/Code/hyper-rtos/tgoskits/tmp/rtthread-runtime.oPXaEJ/rtthread-net.toml
AX_ARCH=aarch64
AX_LOG=info
AX_TARGET=aarch64-unknown-none-softfloat
BINDGEN_EXTRA_CLANG_ARGS_aarch64_unknown_linux_musl=--target=aarch64-linux-musl --sysroot=/home/yfblock/Env/aarch64-linux-musl-cross/bin/../aarch64-linux-musl --gcc-toolchain=/home/yfblock/Env/aarch64-linux-musl-cross -isystem /home/yfblock/Env/aarch64-linux-musl-cross/bin/../aarch64-linux-musl/include -isystem /home/yfblock/Env/aarch64-linux-musl-cross/lib/gcc/aarch64-linux-musl/11.2.1/include -mgeneral-regs-only
CARGO_UNSTABLE_JSON_TARGET_SPEC=true
CC_aarch64_unknown_linux_musl=aarch64-linux-musl-cc
CFLAGS_aarch64_unknown_linux_musl=-mgeneral-regs-only -fno-stack-protector
CXXFLAGS_aarch64_unknown_linux_musl=-mgeneral-regs-only -fno-stack-protector
SMP=3
cargo build --config /home/yfblock/Code/hyper-rtos/tgoskits/tmp/axbuild/std/config-aarch64-unknown-linux-musl-dynamic.toml -p axvisor --target scripts/targets/std/pie/aarch64-unknown-linux-musl.json -Z unstable-options --target-dir /home/yfblock/Code/hyper-rtos/tgoskits/target --features ax-std/fs,ax-std/nvme,ax-std/smp,fs,log/release_max_level_info -Z json-target-spec --bin axvisor --release --message-format json-render-diagnostics
   Compiling axvisor v0.5.24 (/home/yfblock/Code/hyper-rtos/tgoskits/os/axvisor)
warning: associated function `defer_irq_deactivation` is never used
  --> platforms/somehal/src/common.rs:26:8
   |
 7 | pub trait PlatOp {
   |           ------ associated function in this trait
...
26 |     fn defer_irq_deactivation(_active: &mut Self::ActiveIrq) -> Result<(), IrqError> {
   |        ^^^^^^^^^^^^^^^^^^^^^^
   |
   = note: `#[warn(dead_code)]` (part of `#[warn(unused)]`) on by default

warning: `somehal` (lib) generated 1 warning
warning: function `missing_mmio_error` is never used
  --> virtualization/axvm/src/architecture/exit.rs:72:4
   |
72 | fn missing_mmio_error(
   |    ^^^^^^^^^^^^^^^^^^
   |
   = note: `#[warn(dead_code)]` (part of `#[warn(unused)]`) on by default

warning: associated function `after_external_interrupt` is never used
   --> virtualization/axvm/src/architecture/ops.rs:113:8
    |
 12 | pub(crate) trait ArchOps {
    |                  ------- associated function in this trait
...
113 |     fn after_external_interrupt(
    |        ^^^^^^^^^^^^^^^^^^^^^^^^

warning: function `host_console_irq` is never used
  --> virtualization/axvm/src/host/arceos.rs:91:15
   |
91 | pub(crate) fn host_console_irq() -> Option<modules::ax_hal::irq::IrqId> {
   |               ^^^^^^^^^^^^^^^^

warning: function `dispatch_host_irq` is never used
  --> virtualization/axvm/src/host/arceos.rs:95:15
   |
95 | pub(crate) fn dispatch_host_irq(vector: usize) {
   |               ^^^^^^^^^^^^^^^^^

warning: function `with_vm` is never used
  --> virtualization/axvm/src/manager.rs:56:15
   |
56 | pub(crate) fn with_vm<F, R>(vm_id: VMId, f: F) -> Option<R>
   |               ^^^^^^^

warning: function `active_vcpu_mask` is never used
  --> virtualization/axvm/src/manager.rs:65:15
   |
65 | pub(crate) fn active_vcpu_mask(vm_id: VMId) -> Option<usize> {
   |               ^^^^^^^^^^^^^^^^

warning: function `inject_interrupt` is never used
  --> virtualization/axvm/src/manager.rs:77:15
   |
77 | pub(crate) fn inject_interrupt(vm_id: VMId, vcpu_id: usize, vector: usize) -> AxVmResult {
   |               ^^^^^^^^^^^^^^^^

warning: variant `Generic` is never constructed
  --> virtualization/axvm/src/runtime/hvc.rs:26:5
   |
25 | pub(crate) enum HyperCallAbi {
   |                 ------------ variant in this enum
26 |     Generic,
   |     ^^^^^^^
   |
   = note: `HyperCallAbi` has derived impls for the traits `Debug` and `Clone`, but these are intentionally ignored during dead code analysis

warning: method `handle` is never used
   --> virtualization/axvm/src/timer.rs:158:8
    |
113 | impl TimerWheels {
    | ---------------- method in this implementation
...
158 |     fn handle(&self, token: usize) -> Option<VmTimerHandle> {
    |        ^^^^^^

warning: function `cancel_timer` is never used
   --> virtualization/axvm/src/timer.rs:236:15
    |
236 | pub(crate) fn cancel_timer(token: usize) {
    |               ^^^^^^^^^^^^

warning: associated items `try_handle_port_write`, `handle_nested_page_fault`, and `debug_nested_page_fault` are never used
    --> virtualization/axvm/src/vm/mod.rs:1284:19
     |
 795 | impl AxVM {
     | --------- associated items in this implementation
...
1284 |     pub(crate) fn try_handle_port_write(
     |                   ^^^^^^^^^^^^^^^^^^^^^
...
1297 |     pub(crate) fn handle_nested_page_fault(
     |                   ^^^^^^^^^^^^^^^^^^^^^^^^
...
1312 |     fn debug_nested_page_fault(
     |        ^^^^^^^^^^^^^^^^^^^^^^^

warning: struct `SimpleVmPlan` is never constructed
  --> virtualization/axvm/src/vm/prepare/device_plan/mod.rs:60:19
   |
60 | pub(crate) struct SimpleVmPlan(VmDevicePlan);
   |                   ^^^^^^^^^^^^

warning: associated function `new` is never used
  --> virtualization/axvm/src/vm/prepare/device_plan/mod.rs:63:25
   |
62 | impl SimpleVmPlan {
   | ----------------- associated function in this implementation
63 |     pub(crate) const fn new(devices: VmDevicePlan) -> Self {
   |                         ^^^

warning: `axvm` (lib) generated 13 warnings
    Finished `release` profile [optimized] target(s) in 1.57s
warning: the following packages contain code that will be rejected by a future version of Rust: core v0.0.0 (/home/yfblock/.rustup/toolchains/nightly-2026-07-15-x86_64-unknown-linux-gnu/lib/rustlib/src/rust/library/core), memchr v2.8.3
note: to see what the problems were, use the option `--future-incompat-report`, or run `cargo report future-incompatibilities --id 1`
[axbuild] cargo build package=axvisor target=scripts/targets/std/pie/aarch64-unknown-linux-musl.json config=qemu-aarch64-two-guest-net ... done (1.80s)
[axbuild] cargo build elf=/home/yfblock/Code/hyper-rtos/tgoskits/target/aarch64-unknown-linux-musl/release/axvisor
[axbuild] cargo build artifact_dir=/home/yfblock/Code/hyper-rtos/tgoskits/target/aarch64-unknown-linux-musl/release
[5/5] Launching QEMU...
QEMU realtime control applied: pid=2235654 uclamp.min=1024
2026/08/16 00:03:40 socat[2235670] W exiting on signal 15
QEMU exited with code 0

--- RT-IPC Statistics ---
msh />[32m[I/rtipic.srv] client connected[0m
1 packets transmitted, 1 packets received, 0% packet loss
Linux network counters before RT-IPC:
Starting RT-IPC benchmark...
=== RT-IPC Benchmark Client ===
[client] connected!
--- Payload 64B ---
[progress] size=64 idx=1034 sent=1035 recv=1035 state=3 tx=1035 rx=1035 retrans=0 timeouts=0 dup=0 reorder=0 errors=0 acks=1035 stall=0ms
[progress] size=64 idx=2110 sent=2111 recv=2110 state=3 tx=2111 rx=2110 retrans=0 timeouts=0 dup=0 reorder=0 errors=0 acks=2111 stall=2ms
[progress] size=64 idx=3126 sent=3127 recv=3126 state=3 tx=3127 rx=3126 retrans=0 timeouts=0 dup=0 reorder=0 errors=0 acks=3127 stall=2ms
[progress] size=64 idx=4108 sent=4109 recv=4109 state=3 tx=4109 rx=4109 retrans=0 timeouts=0 dup=0 reorder=0 errors=0 acks=4109 stall=0ms
[progress] size=64 idx=5123 sent=5124 recv=5124 state=3 tx=5124 rx=5124 retrans=0 timeouts=0 dup=0 reorder=0 errors=0 acks=5124 stall=1ms
[progress] size=64 idx=6170 sent=6171 recv=6171 state=3 tx=6171 rx=6171 retrans=0 timeouts=0 dup=0 reorder=0 errors=0 acks=6171 stall=0ms
[progress] size=64 idx=7190 sent=7191 recv=7190 state=3 tx=7191 rx=7190 retrans=0 timeouts=0 dup=0 reorder=0 errors=0 acks=7191 stall=2ms
[progress] size=64 idx=8161 sent=8162 recv=8162 state=3 tx=8162 rx=8162 retrans=0 timeouts=0 dup=0 reorder=0 errors=0 acks=8162 stall=1ms
[progress] size=64 idx=9258 sent=9259 recv=9258 state=3 tx=9259 rx=9258 retrans=0 timeouts=0 dup=0 reorder=0 errors=0 acks=9258 stall=19ms
[progress] size=64 idx=10334 sent=10335 recv=10335 state=3 tx=10335 rx=10335 retrans=0 timeouts=0 dup=0 reorder=0 errors=0 acks=10335 stall=1ms[   56.311601] random: crng init done
[progress] size=64 idx=11359 sent=11360 recv=11359 state=3 tx=11360 rx=11359 retrans=0 timeouts=0 dup=0 reorder=0 errors=0 acks=11360 stall=2ms
[progress] size=64 idx=12236 sent=12237 recv=12237 state=3 tx=12237 rx=12237 retrans=0 timeouts=0 dup=0 reorder=0 errors=0 acks=12237 stall=0ms
[progress] size=64 idx=13225 sent=13226 recv=13225 state=3 tx=13226 rx=13225 retrans=0 timeouts=0 dup=0 reorder=0 errors=0 acks=13226 stall=2ms
[progress] size=64 idx=14155 sent=14156 recv=14156 state=3 tx=14156 rx=14156 retrans=0 timeouts=0 dup=0 reorder=0 errors=0 acks=14156 stall=0ms
[client] reconnect complete recovery_ms=216 attempts=1
[progress] size=64 idx=15069 sent=15070 recv=15070 state=3 tx=15070 rx=15070 retrans=0 timeouts=0 dup=0 reorder=0 errors=0 acks=15070 stall=0ms
[progress] size=64 idx=16072 sent=16073 recv=16073 state=3 tx=16073 rx=16073 retrans=0 timeouts=0 dup=0 reorder=0 errors=0 acks=16073 stall=0ms
[progress] size=64 idx=17154 sent=17155 recv=17154 state=3 tx=17155 rx=17154 retrans=0 timeouts=0 dup=0 reorder=0 errors=0 acks=17155 stall=2ms
[progress] size=64 idx=18102 sent=18103 recv=18103 state=3 tx=18103 rx=18103 retrans=0 timeouts=0 dup=0 reorder=0 errors=0 acks=18103 stall=0ms
[progress] size=64 idx=19096 sent=19097 recv=19097 state=3 tx=19097 rx=19097 retrans=0 timeouts=0 dup=0 reorder=0 errors=0 acks=19097 stall=0ms
[progress] size=64 idx=20063 sent=20064 recv=20063 state=3 tx=20064 rx=20063 retrans=0 timeouts=0 dup=0 reorder=0 errors=0 acks=20064 stall=3ms
[progress] size=64 idx=21100 sent=21101 recv=21100 state=3 tx=21101 rx=21100 retrans=0 timeouts=0 dup=0 reorder=0 errors=0 acks=21101 stall=2ms
[progress] size=64 idx=22205 sent=22206 recv=22205 state=3 tx=22206 rx=22205 retrans=0 timeouts=0 dup=0 reorder=0 errors=0 acks=22206 stall=3ms
[progress] size=64 idx=23179 sent=23180 recv=23180 state=3 tx=23180 rx=23180 retrans=0 timeouts=0 dup=0 reorder=0 errors=0 acks=23180 stall=1ms
[progress] size=64 idx=24141 sent=24142 recv=24142 state=3 tx=24142 rx=24142 retrans=0 timeouts=0 dup=0 reorder=0 errors=0 acks=24142 stall=0ms
[progress] size=64 idx=25174 sent=25175 recv=25174 state=3 tx=25175 rx=25174 retrans=0 timeouts=0 dup=0 reorder=0 errors=0 acks=25175 stall=2ms
[progress] size=64 idx=26170 sent=26171 recv=26170 state=3 tx=26171 rx=26170 retrans=0 timeouts=0 dup=0 reorder=0 errors=0 acks=26171 stall=2ms
[progress] size=64 idx=27216 sent=27217 recv=27217 state=3 tx=27217 rx=27217 retrans=0 timeouts=0 dup=0 reorder=0 errors=0 acks=27217 stall=0ms
[progress] size=64 idx=28258 sent=28259 recv=28258 state=3 tx=28259 rx=28258 retrans=0 timeouts=0 dup=0 reorder=0 errors=0 acks=28259 stall=2ms
[progress] size=64 idx=29293 sent=29294 recv=29293 state=3 tx=29294 rx=29293 retrans=0 timeouts=0 dup=0 reorder=0 errors=0 acks=29294 stall=2ms
  sent=30000  recv=30000  loss=0%
  RTT: min=0ms avg=4ms max=47ms P50=2ms P95=23ms P99=23ms P99.9=24ms
  throughput=12.63KiB/s
  request_timeouts=0 protocol_errors=0 reconnects=1
--- Payload 256B ---
[progress] size=256 idx=1015 sent=1016 recv=1015 state=3 tx=31016 rx=31015 retrans=0 timeouts=0 dup=0 reorder=0 errors=0 acks=31016 stall=2ms
[progress] size=256 idx=1932 sent=1933 recv=1933 state=3 tx=31933 rx=31933 retrans=0 timeouts=0 dup=0 reorder=0 errors=0 acks=31933 stall=0ms
[progress] size=256 idx=2825 sent=2826 recv=2826 state=3 tx=32826 rx=32826 retrans=0 timeouts=0 dup=0 reorder=0 errors=0 acks=32826 stall=0ms
[progress] size=256 idx=3804 sent=3805 recv=3805 state=3 tx=33805 rx=33805 retrans=0 timeouts=0 dup=0 reorder=0 errors=0 acks=33805 stall=1ms
[progress] size=256 idx=4725 sent=4726 recv=4725 state=3 tx=34726 rx=34725 retrans=0 timeouts=0 dup=0 reorder=0 errors=0 acks=34726 stall=3ms
[progress] size=256 idx=5643 sent=5644 recv=5644 state=3 tx=35644 rx=35644 retrans=0 timeouts=0 dup=0 reorder=0 errors=0 acks=35644 stall=1ms
[progress] size=256 idx=6610 sent=6611 recv=6611 state=3 tx=36611 rx=36611 retrans=0 timeouts=0 dup=0 reorder=0 errors=0 acks=36611 stall=1ms
[progress] size=256 idx=7524 sent=7525 recv=7525 state=3 tx=37525 rx=37525 retrans=0 timeouts=0 dup=0 reorder=0 errors=0 acks=37525 stall=1ms
[progress] size=256 idx=8482 sent=8483 recv=8483 state=3 tx=38483 rx=38483 retrans=0 timeouts=0 dup=0 reorder=0 errors=0 acks=38483 stall=0ms
[progress] size=256 idx=9452 sent=9453 recv=9453 state=3 tx=39453 rx=39453 retrans=0 timeouts=0 dup=0 reorder=0 errors=0 acks=39453 stall=0ms
[progress] size=256 idx=10372 sent=10373 recv=10373 state=3 tx=40373 rx=40373 retrans=0 timeouts=0 dup=0 reorder=0 errors=0 acks=40373 stall=0ms
[progress] size=256 idx=11335 sent=11336 recv=11336 state=3 tx=41336 rx=41336 retrans=0 timeouts=0 dup=0 reorder=0 errors=0 acks=41336 stall=0ms
[progress] size=256 idx=12322 sent=12323 recv=12323 state=3 tx=42323 rx=42323 retrans=0 timeouts=0 dup=0 reorder=0 errors=0 acks=42323 stall=0ms
[progress] size=256 idx=13292 sent=13293 recv=13292 state=3 tx=43293 rx=43292 retrans=0 timeouts=0 dup=0 reorder=0 errors=0 acks=43293 stall=3ms
[progress] size=256 idx=14327 sent=14328 recv=14327 state=3 tx=44328 rx=44327 retrans=0 timeouts=0 dup=0 reorder=0 errors=0 acks=44328 stall=13ms
[progress] size=256 idx=15257 sent=15258 recv=15258 state=3 tx=45258 rx=45258 retrans=0 timeouts=0 dup=0 reorder=0 errors=0 acks=45258 stall=0ms
[progress] size=256 idx=16178 sent=16179 recv=16178 state=3 tx=46179 rx=46178 retrans=0 timeouts=0 dup=0 reorder=0 errors=0 acks=46179 stall=6ms
[progress] size=256 idx=17199 sent=17200 recv=17199 state=3 tx=47200 rx=47199 retrans=0 timeouts=0 dup=0 reorder=0 errors=0 acks=47200 stall=3ms
[progress] size=256 idx=18154 sent=18155 recv=18155 state=3 tx=48155 rx=48155 retrans=0 timeouts=0 dup=0 reorder=0 errors=0 acks=48155 stall=0ms
[progress] size=256 idx=19034 sent=19035 recv=19035 state=3 tx=49035 rx=49035 retrans=0 timeouts=0 dup=0 reorder=0 errors=0 acks=49035 stall=0ms
[progress] size=256 idx=19977 sent=19978 recv=19978 state=3 tx=49978 rx=49978 retrans=0 timeouts=0 dup=0 reorder=0 errors=0 acks=49978 stall=0ms
[progress] size=256 idx=21000 sent=21001 recv=21000 state=3 tx=51001 rx=51000 retrans=0 timeouts=0 dup=0 reorder=0 errors=0 acks=51001 stall=3ms
[progress] size=256 idx=21953 sent=21954 recv=21954 state=3 tx=51954 rx=51954 retrans=0 timeouts=0 dup=0 reorder=0 errors=0 acks=51954 stall=0ms
[progress] size=256 idx=22898 sent=22899 recv=22899 state=3 tx=52899 rx=52899 retrans=0 timeouts=0 dup=0 reorder=0 errors=0 acks=52899 stall=0ms
[progress] size=256 idx=23850 sent=23851 recv=23850 state=3 tx=53851 rx=53850 retrans=0 timeouts=0 dup=0 reorder=0 errors=0 acks=53851 stall=2ms
[progress] size=256 idx=24819 sent=24820 recv=24820 state=3 tx=54820 rx=54820 retrans=0 timeouts=0 dup=0 reorder=0 errors=0 acks=54820 stall=0ms
[progress] size=256 idx=25835 sent=25836 recv=25836 state=3 tx=55836 rx=55836 retrans=0 timeouts=0 dup=0 reorder=0 errors=0 acks=55836 stall=0ms
[progress] size=256 idx=26862 sent=26863 recv=26863 state=3 tx=56863 rx=56863 retrans=0 timeouts=0 dup=0 reorder=0 errors=0 acks=56863 stall=0ms
[progress] size=256 idx=27848 sent=27849 recv=27849 state=3 tx=57849 rx=57849 retrans=0 timeouts=0 dup=0 reorder=0 errors=0 acks=57849 stall=0ms
[progress] size=256 idx=28567 sent=28568 recv=28568 state=3 tx=58568 rx=58568 retrans=3 timeouts=0 dup=0 reorder=0 errors=0 acks=58571 stall=0ms
[progress] size=256 idx=29512 sent=29513 recv=29513 state=3 tx=59513 rx=59513 retrans=3 timeouts=0 dup=0 reorder=0 errors=0 acks=59516 stall=1ms
  sent=30000  recv=30000  loss=0%
  RTT: min=0ms avg=4ms max=1647ms P50=2ms P95=23ms P99=23ms P99.9=23ms
  throughput=47.54KiB/s
  request_timeouts=0 protocol_errors=0 reconnects=0
--- Payload 1024B ---
[progress] size=1024 idx=838 sent=839 recv=839 state=3 tx=60839 rx=60839 retrans=3 timeouts=0 dup=0 reorder=0 errors=0 acks=60842 stall=0ms
[progress] size=1024 idx=1676 sent=1677 recv=1676 state=3 tx=61677 rx=61676 retrans=3 timeouts=0 dup=0 reorder=0 errors=0 acks=61680 stall=2ms
[progress] size=1024 idx=2647 sent=2648 recv=2647 state=3 tx=62648 rx=62647 retrans=3 timeouts=0 dup=0 reorder=0 errors=0 acks=62651 stall=4ms
[progress] size=1024 idx=3597 sent=3598 recv=3597 state=3 tx=63598 rx=63597 retrans=3 timeouts=0 dup=0 reorder=0 errors=0 acks=63601 stall=2ms
[progress] size=1024 idx=4460 sent=4461 recv=4460 state=3 tx=64461 rx=64460 retrans=3 timeouts=0 dup=0 reorder=0 errors=0 acks=64464 stall=2ms
[progress] size=1024 idx=5436 sent=5437 recv=5436 state=3 tx=65437 rx=65436 retrans=3 timeouts=0 dup=0 reorder=0 errors=0 acks=65440 stall=2ms
[progress] size=1024 idx=6291 sent=6292 recv=6291 state=3 tx=66292 rx=66291 retrans=3 timeouts=0 dup=0 reorder=0 errors=0 acks=66295 stall=2ms
[progress] size=1024 idx=7189 sent=7190 recv=7190 state=3 tx=67190 rx=67190 retrans=3 timeouts=0 dup=0 reorder=0 errors=0 acks=67193 stall=0ms
[progress] size=1024 idx=8081 sent=8082 recv=8081 state=3 tx=68082 rx=68081 retrans=3 timeouts=0 dup=0 reorder=0 errors=0 acks=68085 stall=2ms
[progress] size=1024 idx=9004 sent=9005 recv=9004 state=3 tx=69005 rx=69004 retrans=3 timeouts=0 dup=0 reorder=0 errors=0 acks=69008 stall=3ms
[progress] size=1024 idx=9844 sent=9845 recv=9845 state=3 tx=69845 rx=69845 retrans=3 timeouts=0 dup=0 reorder=0 errors=0 acks=69848 stall=1ms
[progress] size=1024 idx=10799 sent=10800 recv=10799 state=3 tx=70800 rx=70799 retrans=3 timeouts=0 dup=0 reorder=0 errors=0 acks=70803 stall=2ms
[progress] size=1024 idx=11691 sent=11692 recv=11691 state=3 tx=71692 rx=71691 retrans=3 timeouts=0 dup=0 reorder=0 errors=0 acks=71695 stall=2ms
[progress] size=1024 idx=12583 sent=12584 recv=12583 state=3 tx=72584 rx=72583 retrans=3 timeouts=0 dup=0 reorder=0 errors=0 acks=72587 stall=2ms
[progress] size=1024 idx=13463 sent=13464 recv=13463 state=3 tx=73464 rx=73463 retrans=3 timeouts=0 dup=0 reorder=0 errors=0 acks=73467 stall=2ms
[progress] size=1024 idx=14367 sent=14368 recv=14367 state=3 tx=74368 rx=74367 retrans=3 timeouts=0 dup=0 reorder=0 errors=0 acks=74371 stall=3ms
[progress] size=1024 idx=15239 sent=15240 recv=15240 state=3 tx=75240 rx=75240 retrans=3 timeouts=0 dup=0 reorder=0 errors=0 acks=75243 stall=0ms
[progress] size=1024 idx=16160 sent=16161 recv=16160 state=3 tx=76161 rx=76160 retrans=3 timeouts=0 dup=0 reorder=0 errors=0 acks=76164 stall=2ms
[progress] size=1024 idx=17201 sent=17202 recv=17201 state=3 tx=77202 rx=77201 retrans=3 timeouts=0 dup=0 reorder=0 errors=0 acks=77205 stall=2ms
[progress] size=1024 idx=18169 sent=18170 recv=18170 state=3 tx=78170 rx=78170 retrans=3 timeouts=0 dup=0 reorder=0 errors=0 acks=78173 stall=0ms
[progress] size=1024 idx=19144 sent=19145 recv=19144 state=3 tx=79145 rx=79144 retrans=3 timeouts=0 dup=0 reorder=0 errors=0 acks=79147 stall=3ms
[progress] size=1024 idx=20021 sent=20022 recv=20022 state=3 tx=80022 rx=80022 retrans=3 timeouts=0 dup=0 reorder=0 errors=0 acks=80025 stall=0ms
[progress] size=1024 idx=21003 sent=21004 recv=21003 state=3 tx=81004 rx=81003 retrans=3 timeouts=0 dup=0 reorder=0 errors=0 acks=81007 stall=9ms
[progress] size=1024 idx=21847 sent=21848 recv=21848 state=3 tx=81848 rx=81848 retrans=3 timeouts=0 dup=0 reorder=0 errors=0 acks=81851 stall=0ms
[progress] size=1024 idx=22925 sent=22926 recv=22926 state=3 tx=82926 rx=82926 retrans=3 timeouts=0 dup=0 reorder=0 errors=0 acks=82929 stall=0ms
[progress] size=1024 idx=23829 sent=23830 recv=23830 state=3 tx=83830 rx=83830 retrans=3 timeouts=0 dup=0 reorder=0 errors=0 acks=83833 stall=0ms
[progress] size=1024 idx=24851 sent=24852 recv=24852 state=3 tx=84852 rx=84852 retrans=3 timeouts=0 dup=0 reorder=0 errors=0 acks=84855 stall=1ms
[progress] size=1024 idx=25779 sent=25780 recv=25779 state=3 tx=85780 rx=85779 retrans=3 timeouts=0 dup=0 reorder=0 errors=0 acks=85783 stall=2ms
[progress] size=1024 idx=26767 sent=26768 recv=26767 state=3 tx=86768 rx=86767 retrans=3 timeouts=0 dup=0 reorder=0 errors=0 acks=86771 stall=3ms
[progress] size=1024 idx=27649 sent=27650 recv=27650 state=3 tx=87650 rx=87650 retrans=3 timeouts=0 dup=0 reorder=0 errors=0 acks=87653 stall=0ms
[progress] size=1024 idx=28487 sent=28488 recv=28487 state=3 tx=88488 rx=88487 retrans=3 timeouts=0 dup=0 reorder=0 errors=0 acks=88491 stall=3ms
[progress] size=1024 idx=29321 sent=29322 recv=29321 state=3 tx=89322 rx=89321 retrans=3 timeouts=0 dup=0 reorder=0 errors=0 acks=89324 stall=3ms
  sent=30000  recv=30000  loss=0%
  RTT: min=0ms avg=4ms max=368ms P50=2ms P95=23ms P99=23ms P99.9=23ms
  throughput=182.93KiB/s
  request_timeouts=0 protocol_errors=0 reconnects=0
ALL TESTS COMPLETE
RT-IPC client exited with rc=0
Linux network counters after RT-IPC:

--- RT benchmark stability ---
RTBENCH_STABILITY_BEGIN seconds=300 expected=299999
RTBENCH metric=stability_jitter run=1 expected=299999 collected=299999 missing=0 p50_ns=48368 p95_ns=283344 p99_ns=381520 p99_9_ns=476704 max_ns=2613968 miss_100us=84451 miss_500us=151 miss_1ms=3 mean_ns=87398
RTBENCH metric=callback_exec run=1 expected=299999 collected=299999 missing=0 p50_ns=512 p95_ns=752 p99_ns=1856 p99_9_ns=5424 max_ns=173344 miss_100us=65 miss_500us=0 miss_1ms=0 mean_ns=589
RTBENCH_STABILITY_END status=FAIL expected=299999 collected=299999 missing=0
RTBENCH_STABILITY_DONE

--- Host benchmark timing ---
RTBENCH_HOST_TIMING mode=stability requested_unit=seconds requested_value=300 start_monotonic_ns=2414345406559572 end_monotonic_ns=2414647102767215 start_epoch_ns=1786809347065925761 end_epoch_ns=1786809648761784648 elapsed_ns=301696207643 elapsed_ms=301696.208

Full log: tmp/rtipc-test.log

=== Result Gate ===
PASS: all RT-IPC payload tests completed (30000 requests each)
RT-IPC result gate: PASS
stability benchmark exceeded the one-millisecond deadline
