source	source_root	branch	commit	tracked	original_path	phase	type	date	date_source	size	sha256	archived_path
starryos-replace	/home/yfblock/Code/hyper-rtos/starryos-replace	feat/starryos-task123	d7c52e8ef1941c7fcdc6cd5ca27ca58bd4698b4d	true	docs/superpowers/specs/2026-08-01-axvisor-three-guest-network-design.md	task12	design	2026-08-01	filename	4843	ecf4021e1e0e319b9a156abfac415ca0cb1f2ab60e425503152fe9391acbe118	task12/design/2026-08-01/starryos-replace/docs/superpowers/specs/2026-08-01-axvisor-three-guest-network-design.md
tgoskits	/home/yfblock/Code/hyper-rtos/tgoskits	rtthread-migration	cbf9f8b31c4844d8cf14faf5c41e3c9df3bca3d0	true	docs/superpowers/specs/2026-08-01-axvisor-three-guest-network-design.md	task12	design	2026-08-01	filename	4843	ecf4021e1e0e319b9a156abfac415ca0cb1f2ab60e425503152fe9391acbe118	task12/design/2026-08-01/tgoskits/docs/superpowers/specs/2026-08-01-axvisor-three-guest-network-design.md
starryos-replace	/home/yfblock/Code/hyper-rtos/starryos-replace	feat/starryos-task123	d7c52e8ef1941c7fcdc6cd5ca27ca58bd4698b4d	true	docs/superpowers/specs/2026-08-03-axvisor-rtos-busy-wfi-design.md	task12	design	2026-08-03	filename	9845	17aa435172bfbb88989cf360d38070b31e177ef86ef713abbbbd60a6f6ba9246	task12/design/2026-08-03/starryos-replace/docs/superpowers/specs/2026-08-03-axvisor-rtos-busy-wfi-design.md
tgoskits	/home/yfblock/Code/hyper-rtos/tgoskits	rtthread-migration	cbf9f8b31c4844d8cf14faf5c41e3c9df3bca3d0	true	docs/superpowers/specs/2026-08-03-axvisor-rtos-busy-wfi-design.md	task12	design	2026-08-03	filename	9845	17aa435172bfbb88989cf360d38070b31e177ef86ef713abbbbd60a6f6ba9246	task12/design/2026-08-03/tgoskits/docs/superpowers/specs/2026-08-03-axvisor-rtos-busy-wfi-design.md
starryos-replace	/home/yfblock/Code/hyper-rtos/starryos-replace	feat/starryos-task123	d7c52e8ef1941c7fcdc6cd5ca27ca58bd4698b4d	true	docs/superpowers/specs/2026-08-08-axvisor-single-vcpu-tlbi-trap-design.md	task12	design	2026-08-08	filename	17079	8b45db3741ce77a94317b037316b8922c9846f6fe8df9eb86e307aab8673baa4	task12/design/2026-08-08/starryos-replace/docs/superpowers/specs/2026-08-08-axvisor-single-vcpu-tlbi-trap-design.md
tgoskits	/home/yfblock/Code/hyper-rtos/tgoskits	rtthread-migration	cbf9f8b31c4844d8cf14faf5c41e3c9df3bca3d0	true	docs/superpowers/specs/2026-08-08-axvisor-single-vcpu-tlbi-trap-design.md	task12	design	2026-08-08	filename	17079	8b45db3741ce77a94317b037316b8922c9846f6fe8df9eb86e307aab8673baa4	task12/design/2026-08-08/tgoskits/docs/superpowers/specs/2026-08-08-axvisor-single-vcpu-tlbi-trap-design.md
starryos-replace	/home/yfblock/Code/hyper-rtos/starryos-replace	feat/starryos-task123	d7c52e8ef1941c7fcdc6cd5ca27ca58bd4698b4d	true	docs/design/axvisor-virtio-net.md	task12	design	2026-08-10	git_commit	4814	ffe15725810f718fec8ab399f2c87b604dfa4f5bce1f9f54526595a2b6c5f867	task12/design/2026-08-10/starryos-replace/docs/design/axvisor-virtio-net.md
tgoskits	/home/yfblock/Code/hyper-rtos/tgoskits	rtthread-migration	cbf9f8b31c4844d8cf14faf5c41e3c9df3bca3d0	true	docs/design/axvisor-virtio-net.md	task12	design	2026-08-10	git_commit	4814	ffe15725810f718fec8ab399f2c87b604dfa4f5bce1f9f54526595a2b6c5f867	task12/design/2026-08-10/tgoskits/docs/design/axvisor-virtio-net.md
starryos-replace	/home/yfblock/Code/hyper-rtos/starryos-replace	feat/starryos-task123	d7c52e8ef1941c7fcdc6cd5ca27ca58bd4698b4d	true	docs/superpowers/specs/2026-08-11-rt-ipc-integration-design.md	task12	design	2026-08-11	filename	4544	19c9ac5a6e841f8a578dc917cd531d5f39fc3e1800f10fb52b3ded66df04289d	task12/design/2026-08-11/starryos-replace/docs/superpowers/specs/2026-08-11-rt-ipc-integration-design.md
tgoskits	/home/yfblock/Code/hyper-rtos/tgoskits	rtthread-migration	cbf9f8b31c4844d8cf14faf5c41e3c9df3bca3d0	true	docs/superpowers/specs/2026-08-11-rt-ipc-integration-design.md	task12	design	2026-08-11	filename	4544	19c9ac5a6e841f8a578dc917cd531d5f39fc3e1800f10fb52b3ded66df04289d	task12/design/2026-08-11/tgoskits/docs/superpowers/specs/2026-08-11-rt-ipc-integration-design.md
starryos-replace	/home/yfblock/Code/hyper-rtos/starryos-replace	feat/starryos-task123	d7c52e8ef1941c7fcdc6cd5ca27ca58bd4698b4d	true	docs/superpowers/specs/2026-08-12-debug-code-cleanup-design.md	task12	design	2026-08-12	filename	4418	349efe85edadce670d86da89609d85474f0452dd5dec5872a850fd14f108b488	task12/design/2026-08-12/starryos-replace/docs/superpowers/specs/2026-08-12-debug-code-cleanup-design.md
tgoskits	/home/yfblock/Code/hyper-rtos/tgoskits	rtthread-migration	cbf9f8b31c4844d8cf14faf5c41e3c9df3bca3d0	true	docs/superpowers/specs/2026-08-12-debug-code-cleanup-design.md	task12	design	2026-08-12	filename	4418	349efe85edadce670d86da89609d85474f0452dd5dec5872a850fd14f108b488	task12/design/2026-08-12/tgoskits/docs/superpowers/specs/2026-08-12-debug-code-cleanup-design.md
starryos-replace	/home/yfblock/Code/hyper-rtos/starryos-replace	feat/starryos-task123	d7c52e8ef1941c7fcdc6cd5ca27ca58bd4698b4d	true	docs/superpowers/specs/2026-08-16-debug-code-cleanup-design.md	task12	design	2026-08-16	filename	5554	06695a60ca5fb3de7b20ffb33f6237f86cc4558967a13ab54ba1957ae2101c42	task12/design/2026-08-16/starryos-replace/docs/superpowers/specs/2026-08-16-debug-code-cleanup-design.md
starryos-replace	/home/yfblock/Code/hyper-rtos/starryos-replace	feat/starryos-task123	d7c52e8ef1941c7fcdc6cd5ca27ca58bd4698b4d	true	docs/superpowers/specs/2026-08-16-rtthread-full-reproduction-document-design.md	task12	design	2026-08-16	filename	7300	f0b3b780dce582dfd59cdd44545bd402d1080e5a62ac36f39c5e107ee55f6b19	task12/design/2026-08-16/starryos-replace/docs/superpowers/specs/2026-08-16-rtthread-full-reproduction-document-design.md
tgoskits	/home/yfblock/Code/hyper-rtos/tgoskits	rtthread-migration	cbf9f8b31c4844d8cf14faf5c41e3c9df3bca3d0	true	docs/superpowers/specs/2026-08-16-debug-code-cleanup-design.md	task12	design	2026-08-16	filename	5554	06695a60ca5fb3de7b20ffb33f6237f86cc4558967a13ab54ba1957ae2101c42	task12/design/2026-08-16/tgoskits/docs/superpowers/specs/2026-08-16-debug-code-cleanup-design.md
tgoskits	/home/yfblock/Code/hyper-rtos/tgoskits	rtthread-migration	cbf9f8b31c4844d8cf14faf5c41e3c9df3bca3d0	true	docs/superpowers/specs/2026-08-16-rtthread-full-reproduction-document-design.md	task12	design	2026-08-16	filename	7300	f0b3b780dce582dfd59cdd44545bd402d1080e5a62ac36f39c5e107ee55f6b19	task12/design/2026-08-16/tgoskits/docs/superpowers/specs/2026-08-16-rtthread-full-reproduction-document-design.md
starryos-replace	/home/yfblock/Code/hyper-rtos/starryos-replace	feat/starryos-task123	d7c52e8ef1941c7fcdc6cd5ca27ca58bd4698b4d	true	docs/docs/build/axvisor/baseline-solo.log	task12	evidence	2026-08-14	git_commit	12779	73ea2915e2d097f0e2fb36442ddc4b4c67b7b298fe334b68f474c7dad40b89b7	task12/evidence/2026-08-14/starryos-replace/docs/docs/build/axvisor/baseline-solo.log
starryos-replace	/home/yfblock/Code/hyper-rtos/starryos-replace	feat/starryos-task123	d7c52e8ef1941c7fcdc6cd5ca27ca58bd4698b4d	true	docs/docs/build/axvisor/passthrough-2vcpu-preempt-fix.log	task12	evidence	2026-08-14	git_commit	245863	125d1ebc734f6400d7f67ef135cb16186d603bc5cb3544d654ef8b165b3be91e	task12/evidence/2026-08-14/starryos-replace/docs/docs/build/axvisor/passthrough-2vcpu-preempt-fix.log
starryos-replace	/home/yfblock/Code/hyper-rtos/starryos-replace	feat/starryos-task123	d7c52e8ef1941c7fcdc6cd5ca27ca58bd4698b4d	true	docs/docs/build/axvisor/passthrough-2vcpu-test.log	task12	evidence	2026-08-14	git_commit	486860	50da62a330d8809639d86d33c787b1c75c2b4a28260b3515b826fcfd71c6fe8c	task12/evidence/2026-08-14/starryos-replace/docs/docs/build/axvisor/passthrough-2vcpu-test.log
starryos-replace	/home/yfblock/Code/hyper-rtos/starryos-replace	feat/starryos-task123	d7c52e8ef1941c7fcdc6cd5ca27ca58bd4698b4d	true	docs/docs/build/axvisor/v10-benchmark-run.log	task12	evidence	2026-08-14	git_commit	477046	88493c3bf6c7b494b06b08761c8ebd76a21b0c3f50713aedcac4d2fdd56b51b2	task12/evidence/2026-08-14/starryos-replace/docs/docs/build/axvisor/v10-benchmark-run.log
starryos-replace	/home/yfblock/Code/hyper-rtos/starryos-replace	feat/starryos-task123	d7c52e8ef1941c7fcdc6cd5ca27ca58bd4698b4d	true	docs/docs/build/axvisor/v10-final-benchmark-run.log	task12	evidence	2026-08-14	git_commit	111013	07f3612579329810a629ffb85f60d08cb9657bdf5c27022201908d59a9cba6fa	task12/evidence/2026-08-14/starryos-replace/docs/docs/build/axvisor/v10-final-benchmark-run.log
starryos-replace	/home/yfblock/Code/hyper-rtos/starryos-replace	feat/starryos-task123	d7c52e8ef1941c7fcdc6cd5ca27ca58bd4698b4d	true	docs/docs/build/axvisor/v11-benchmark-run.log	task12	evidence	2026-08-14	git_commit	140773	89039c4e6dd64bd3cba3e0b42941bcdb953dc773425fa3261b7a8f943652b69c	task12/evidence/2026-08-14/starryos-replace/docs/docs/build/axvisor/v11-benchmark-run.log
starryos-replace	/home/yfblock/Code/hyper-rtos/starryos-replace	feat/starryos-task123	d7c52e8ef1941c7fcdc6cd5ca27ca58bd4698b4d	true	docs/docs/build/axvisor/v11-benchmark-run2.log	task12	evidence	2026-08-14	git_commit	53518	671952c4d338885c90c64fdf9be60b41d88d7fd5b6257d5fd8a8d9397e5ca840	task12/evidence/2026-08-14/starryos-replace/docs/docs/build/axvisor/v11-benchmark-run2.log
starryos-replace	/home/yfblock/Code/hyper-rtos/starryos-replace	feat/starryos-task123	d7c52e8ef1941c7fcdc6cd5ca27ca58bd4698b4d	true	docs/docs/build/axvisor/v11-benchmark-run3.log	task12	evidence	2026-08-14	git_commit	45889	9aca72a4e867b91ef64b0295c28c19af556e69bbdd7aed1692235cf433fd97b9	task12/evidence/2026-08-14/starryos-replace/docs/docs/build/axvisor/v11-benchmark-run3.log
starryos-replace	/home/yfblock/Code/hyper-rtos/starryos-replace	feat/starryos-task123	d7c52e8ef1941c7fcdc6cd5ca27ca58bd4698b4d	true	docs/docs/build/axvisor/v11-full-run.log	task12	evidence	2026-08-14	git_commit	43005	b7d9dfc5c4098c126391deb33eb14445362e29402244232df06aa982259be631	task12/evidence/2026-08-14/starryos-replace/docs/docs/build/axvisor/v11-full-run.log
starryos-replace	/home/yfblock/Code/hyper-rtos/starryos-replace	feat/starryos-task123	d7c52e8ef1941c7fcdc6cd5ca27ca58bd4698b4d	true	docs/docs/build/axvisor/v11-rtipc-final.log	task12	evidence	2026-08-14	git_commit	45725	779d2739d503d11eb74645abb9ee8f8e4f1e1eee06a8df8875a087dd52cf560e	task12/evidence/2026-08-14/starryos-replace/docs/docs/build/axvisor/v11-rtipc-final.log
starryos-replace	/home/yfblock/Code/hyper-rtos/starryos-replace	feat/starryos-task123	d7c52e8ef1941c7fcdc6cd5ca27ca58bd4698b4d	true	docs/docs/build/axvisor/v11-rtipc-full.log	task12	evidence	2026-08-14	git_commit	42720	b20f79a089054a4e650c49506fb63e1bd479d76a2a8d30a8d4499988c814e1b5	task12/evidence/2026-08-14/starryos-replace/docs/docs/build/axvisor/v11-rtipc-full.log
starryos-replace	/home/yfblock/Code/hyper-rtos/starryos-replace	feat/starryos-task123	d7c52e8ef1941c7fcdc6cd5ca27ca58bd4698b4d	true	docs/docs/build/axvisor/v12-1cpu-test1.log	task12	evidence	2026-08-14	git_commit	40206	2e15395cc6af1b9ec3f25378fcc33a94cc46f5c1ebde142cce371c8be614dfee	task12/evidence/2026-08-14/starryos-replace/docs/docs/build/axvisor/v12-1cpu-test1.log
starryos-replace	/home/yfblock/Code/hyper-rtos/starryos-replace	feat/starryos-task123	d7c52e8ef1941c7fcdc6cd5ca27ca58bd4698b4d	true	docs/docs/build/axvisor/v12-connect-test1.log	task12	evidence	2026-08-14	git_commit	10602	992a91ed5818b0c4c76d423631a65a4dd5bf30133f521d9fe4ebca4650be7886	task12/evidence/2026-08-14/starryos-replace/docs/docs/build/axvisor/v12-connect-test1.log
starryos-replace	/home/yfblock/Code/hyper-rtos/starryos-replace	feat/starryos-task123	d7c52e8ef1941c7fcdc6cd5ca27ca58bd4698b4d	true	docs/docs/build/axvisor/v12-connect-test2.log	task12	evidence	2026-08-14	git_commit	43304	bd9bc146a3ae23d2cea23dd3f6bf720be9e5c498ee8112ec772223b1a6328aef	task12/evidence/2026-08-14/starryos-replace/docs/docs/build/axvisor/v12-connect-test2.log
starryos-replace	/home/yfblock/Code/hyper-rtos/starryos-replace	feat/starryos-task123	d7c52e8ef1941c7fcdc6cd5ca27ca58bd4698b4d	true	docs/docs/build/axvisor/v12-connect-test3.log	task12	evidence	2026-08-14	git_commit	10495	42cd48247cc33b4294fb5d30e1bd0a4dd3b78c34681c3d0edcd7ec2fb9129558	task12/evidence/2026-08-14/starryos-replace/docs/docs/build/axvisor/v12-connect-test3.log
starryos-replace	/home/yfblock/Code/hyper-rtos/starryos-replace	feat/starryos-task123	d7c52e8ef1941c7fcdc6cd5ca27ca58bd4698b4d	true	docs/docs/build/axvisor/v12-connect-test4.log	task12	evidence	2026-08-14	git_commit	173	e9f8a45dbd334338685a0a219695e68e94b79caf2727dc9f9414f2ed271783cd	task12/evidence/2026-08-14/starryos-replace/docs/docs/build/axvisor/v12-connect-test4.log
starryos-replace	/home/yfblock/Code/hyper-rtos/starryos-replace	feat/starryos-task123	d7c52e8ef1941c7fcdc6cd5ca27ca58bd4698b4d	true	docs/docs/build/axvisor/v12-connect-test5.log	task12	evidence	2026-08-14	git_commit	41642	ecb045bf462a024b3d595c932433e8377063b481d6b93635593b73614717a107	task12/evidence/2026-08-14/starryos-replace/docs/docs/build/axvisor/v12-connect-test5.log
starryos-replace	/home/yfblock/Code/hyper-rtos/starryos-replace	feat/starryos-task123	d7c52e8ef1941c7fcdc6cd5ca27ca58bd4698b4d	true	docs/docs/build/axvisor/v12-test-run.log	task12	evidence	2026-08-14	git_commit	41724	38c836599f95b541a57fdd227e7064f83481e86991d9b3edd2d45ce1d09c5225	task12/evidence/2026-08-14/starryos-replace/docs/docs/build/axvisor/v12-test-run.log
starryos-replace	/home/yfblock/Code/hyper-rtos/starryos-replace	feat/starryos-task123	d7c52e8ef1941c7fcdc6cd5ca27ca58bd4698b4d	true	docs/docs/build/axvisor/v12-test2.log	task12	evidence	2026-08-14	git_commit	10522	12ca4853c82a59211d413370f6b3b86be3f1cfb8bf4c58f205d8f967a82a5268	task12/evidence/2026-08-14/starryos-replace/docs/docs/build/axvisor/v12-test2.log
starryos-replace	/home/yfblock/Code/hyper-rtos/starryos-replace	feat/starryos-task123	d7c52e8ef1941c7fcdc6cd5ca27ca58bd4698b4d	true	docs/docs/build/axvisor/v12-test3.log	task12	evidence	2026-08-14	git_commit	31990	35d75f53a9a36c310cfe883c744fd01658a0b998f21a87c80887d5031cecdf10	task12/evidence/2026-08-14/starryos-replace/docs/docs/build/axvisor/v12-test3.log
starryos-replace	/home/yfblock/Code/hyper-rtos/starryos-replace	feat/starryos-task123	d7c52e8ef1941c7fcdc6cd5ca27ca58bd4698b4d	true	docs/docs/build/axvisor/v12-test4.log	task12	evidence	2026-08-14	git_commit	42009	95139e6ff3f8aae39c3a58ca96cf087525f33976d77cadca3ca0b5e3d69daf76	task12/evidence/2026-08-14/starryos-replace/docs/docs/build/axvisor/v12-test4.log
starryos-replace	/home/yfblock/Code/hyper-rtos/starryos-replace	feat/starryos-task123	d7c52e8ef1941c7fcdc6cd5ca27ca58bd4698b4d	true	docs/docs/build/axvisor/v12-test5.log	task12	evidence	2026-08-14	git_commit	42832	45f7087e7e652a45617c1aea1411e90584110b888f1035eaeefaec9ff441c3d1	task12/evidence/2026-08-14/starryos-replace/docs/docs/build/axvisor/v12-test5.log
starryos-replace	/home/yfblock/Code/hyper-rtos/starryos-replace	feat/starryos-task123	d7c52e8ef1941c7fcdc6cd5ca27ca58bd4698b4d	true	docs/docs/build/axvisor/v12-test6.log	task12	evidence	2026-08-14	git_commit	41955	afe03a8a4679311eb58e81befc9bb243b84e31ee3ca4576bffb6652308b086e7	task12/evidence/2026-08-14/starryos-replace/docs/docs/build/axvisor/v12-test6.log
starryos-replace	/home/yfblock/Code/hyper-rtos/starryos-replace	feat/starryos-task123	d7c52e8ef1941c7fcdc6cd5ca27ca58bd4698b4d	true	docs/docs/build/axvisor/v12-virt-test1.log	task12	evidence	2026-08-14	git_commit	43304	72fcaaf4704cb21e2fe0bd817950e1c552e9234410792badda327eef3654b2cc	task12/evidence/2026-08-14/starryos-replace/docs/docs/build/axvisor/v12-virt-test1.log
starryos-replace	/home/yfblock/Code/hyper-rtos/starryos-replace	feat/starryos-task123	d7c52e8ef1941c7fcdc6cd5ca27ca58bd4698b4d	true	docs/docs/build/axvisor/v13-benchmark-run.log	task12	evidence	2026-08-14	git_commit	117960	f66dda158a0c9bd98db3627a530286f44f1b99a56f3bedfa04ac47e9c27ab8bc	task12/evidence/2026-08-14/starryos-replace/docs/docs/build/axvisor/v13-benchmark-run.log
tgoskits	/home/yfblock/Code/hyper-rtos/tgoskits	rtthread-migration	cbf9f8b31c4844d8cf14faf5c41e3c9df3bca3d0	true	docs/docs/build/axvisor/baseline-solo.log	task12	evidence	2026-08-14	git_commit	12779	73ea2915e2d097f0e2fb36442ddc4b4c67b7b298fe334b68f474c7dad40b89b7	task12/evidence/2026-08-14/tgoskits/docs/docs/build/axvisor/baseline-solo.log
tgoskits	/home/yfblock/Code/hyper-rtos/tgoskits	rtthread-migration	cbf9f8b31c4844d8cf14faf5c41e3c9df3bca3d0	true	docs/docs/build/axvisor/passthrough-2vcpu-preempt-fix.log	task12	evidence	2026-08-14	git_commit	245863	125d1ebc734f6400d7f67ef135cb16186d603bc5cb3544d654ef8b165b3be91e	task12/evidence/2026-08-14/tgoskits/docs/docs/build/axvisor/passthrough-2vcpu-preempt-fix.log
tgoskits	/home/yfblock/Code/hyper-rtos/tgoskits	rtthread-migration	cbf9f8b31c4844d8cf14faf5c41e3c9df3bca3d0	true	docs/docs/build/axvisor/passthrough-2vcpu-test.log	task12	evidence	2026-08-14	git_commit	486860	50da62a330d8809639d86d33c787b1c75c2b4a28260b3515b826fcfd71c6fe8c	task12/evidence/2026-08-14/tgoskits/docs/docs/build/axvisor/passthrough-2vcpu-test.log
tgoskits	/home/yfblock/Code/hyper-rtos/tgoskits	rtthread-migration	cbf9f8b31c4844d8cf14faf5c41e3c9df3bca3d0	true	docs/docs/build/axvisor/v10-benchmark-run.log	task12	evidence	2026-08-14	git_commit	477046	88493c3bf6c7b494b06b08761c8ebd76a21b0c3f50713aedcac4d2fdd56b51b2	task12/evidence/2026-08-14/tgoskits/docs/docs/build/axvisor/v10-benchmark-run.log
tgoskits	/home/yfblock/Code/hyper-rtos/tgoskits	rtthread-migration	cbf9f8b31c4844d8cf14faf5c41e3c9df3bca3d0	true	docs/docs/build/axvisor/v10-final-benchmark-run.log	task12	evidence	2026-08-14	git_commit	111013	07f3612579329810a629ffb85f60d08cb9657bdf5c27022201908d59a9cba6fa	task12/evidence/2026-08-14/tgoskits/docs/docs/build/axvisor/v10-final-benchmark-run.log
tgoskits	/home/yfblock/Code/hyper-rtos/tgoskits	rtthread-migration	cbf9f8b31c4844d8cf14faf5c41e3c9df3bca3d0	true	docs/docs/build/axvisor/v11-benchmark-run.log	task12	evidence	2026-08-14	git_commit	140773	89039c4e6dd64bd3cba3e0b42941bcdb953dc773425fa3261b7a8f943652b69c	task12/evidence/2026-08-14/tgoskits/docs/docs/build/axvisor/v11-benchmark-run.log
tgoskits	/home/yfblock/Code/hyper-rtos/tgoskits	rtthread-migration	cbf9f8b31c4844d8cf14faf5c41e3c9df3bca3d0	true	docs/docs/build/axvisor/v11-benchmark-run2.log	task12	evidence	2026-08-14	git_commit	53518	671952c4d338885c90c64fdf9be60b41d88d7fd5b6257d5fd8a8d9397e5ca840	task12/evidence/2026-08-14/tgoskits/docs/docs/build/axvisor/v11-benchmark-run2.log
tgoskits	/home/yfblock/Code/hyper-rtos/tgoskits	rtthread-migration	cbf9f8b31c4844d8cf14faf5c41e3c9df3bca3d0	true	docs/docs/build/axvisor/v11-benchmark-run3.log	task12	evidence	2026-08-14	git_commit	45889	9aca72a4e867b91ef64b0295c28c19af556e69bbdd7aed1692235cf433fd97b9	task12/evidence/2026-08-14/tgoskits/docs/docs/build/axvisor/v11-benchmark-run3.log
tgoskits	/home/yfblock/Code/hyper-rtos/tgoskits	rtthread-migration	cbf9f8b31c4844d8cf14faf5c41e3c9df3bca3d0	true	docs/docs/build/axvisor/v11-full-run.log	task12	evidence	2026-08-14	git_commit	43005	b7d9dfc5c4098c126391deb33eb14445362e29402244232df06aa982259be631	task12/evidence/2026-08-14/tgoskits/docs/docs/build/axvisor/v11-full-run.log
tgoskits	/home/yfblock/Code/hyper-rtos/tgoskits	rtthread-migration	cbf9f8b31c4844d8cf14faf5c41e3c9df3bca3d0	true	docs/docs/build/axvisor/v11-rtipc-final.log	task12	evidence	2026-08-14	git_commit	45725	779d2739d503d11eb74645abb9ee8f8e4f1e1eee06a8df8875a087dd52cf560e	task12/evidence/2026-08-14/tgoskits/docs/docs/build/axvisor/v11-rtipc-final.log
tgoskits	/home/yfblock/Code/hyper-rtos/tgoskits	rtthread-migration	cbf9f8b31c4844d8cf14faf5c41e3c9df3bca3d0	true	docs/docs/build/axvisor/v11-rtipc-full.log	task12	evidence	2026-08-14	git_commit	42720	b20f79a089054a4e650c49506fb63e1bd479d76a2a8d30a8d4499988c814e1b5	task12/evidence/2026-08-14/tgoskits/docs/docs/build/axvisor/v11-rtipc-full.log
tgoskits	/home/yfblock/Code/hyper-rtos/tgoskits	rtthread-migration	cbf9f8b31c4844d8cf14faf5c41e3c9df3bca3d0	true	docs/docs/build/axvisor/v12-1cpu-test1.log	task12	evidence	2026-08-14	git_commit	40206	2e15395cc6af1b9ec3f25378fcc33a94cc46f5c1ebde142cce371c8be614dfee	task12/evidence/2026-08-14/tgoskits/docs/docs/build/axvisor/v12-1cpu-test1.log
tgoskits	/home/yfblock/Code/hyper-rtos/tgoskits	rtthread-migration	cbf9f8b31c4844d8cf14faf5c41e3c9df3bca3d0	true	docs/docs/build/axvisor/v12-connect-test1.log	task12	evidence	2026-08-14	git_commit	10602	992a91ed5818b0c4c76d423631a65a4dd5bf30133f521d9fe4ebca4650be7886	task12/evidence/2026-08-14/tgoskits/docs/docs/build/axvisor/v12-connect-test1.log
tgoskits	/home/yfblock/Code/hyper-rtos/tgoskits	rtthread-migration	cbf9f8b31c4844d8cf14faf5c41e3c9df3bca3d0	true	docs/docs/build/axvisor/v12-connect-test2.log	task12	evidence	2026-08-14	git_commit	43304	bd9bc146a3ae23d2cea23dd3f6bf720be9e5c498ee8112ec772223b1a6328aef	task12/evidence/2026-08-14/tgoskits/docs/docs/build/axvisor/v12-connect-test2.log
tgoskits	/home/yfblock/Code/hyper-rtos/tgoskits	rtthread-migration	cbf9f8b31c4844d8cf14faf5c41e3c9df3bca3d0	true	docs/docs/build/axvisor/v12-connect-test3.log	task12	evidence	2026-08-14	git_commit	10495	42cd48247cc33b4294fb5d30e1bd0a4dd3b78c34681c3d0edcd7ec2fb9129558	task12/evidence/2026-08-14/tgoskits/docs/docs/build/axvisor/v12-connect-test3.log
tgoskits	/home/yfblock/Code/hyper-rtos/tgoskits	rtthread-migration	cbf9f8b31c4844d8cf14faf5c41e3c9df3bca3d0	true	docs/docs/build/axvisor/v12-connect-test4.log	task12	evidence	2026-08-14	git_commit	173	e9f8a45dbd334338685a0a219695e68e94b79caf2727dc9f9414f2ed271783cd	task12/evidence/2026-08-14/tgoskits/docs/docs/build/axvisor/v12-connect-test4.log
tgoskits	/home/yfblock/Code/hyper-rtos/tgoskits	rtthread-migration	cbf9f8b31c4844d8cf14faf5c41e3c9df3bca3d0	true	docs/docs/build/axvisor/v12-connect-test5.log	task12	evidence	2026-08-14	git_commit	41642	ecb045bf462a024b3d595c932433e8377063b481d6b93635593b73614717a107	task12/evidence/2026-08-14/tgoskits/docs/docs/build/axvisor/v12-connect-test5.log
tgoskits	/home/yfblock/Code/hyper-rtos/tgoskits	rtthread-migration	cbf9f8b31c4844d8cf14faf5c41e3c9df3bca3d0	true	docs/docs/build/axvisor/v12-test-run.log	task12	evidence	2026-08-14	git_commit	41724	38c836599f95b541a57fdd227e7064f83481e86991d9b3edd2d45ce1d09c5225	task12/evidence/2026-08-14/tgoskits/docs/docs/build/axvisor/v12-test-run.log
tgoskits	/home/yfblock/Code/hyper-rtos/tgoskits	rtthread-migration	cbf9f8b31c4844d8cf14faf5c41e3c9df3bca3d0	true	docs/docs/build/axvisor/v12-test2.log	task12	evidence	2026-08-14	git_commit	10522	12ca4853c82a59211d413370f6b3b86be3f1cfb8bf4c58f205d8f967a82a5268	task12/evidence/2026-08-14/tgoskits/docs/docs/build/axvisor/v12-test2.log
tgoskits	/home/yfblock/Code/hyper-rtos/tgoskits	rtthread-migration	cbf9f8b31c4844d8cf14faf5c41e3c9df3bca3d0	true	docs/docs/build/axvisor/v12-test3.log	task12	evidence	2026-08-14	git_commit	31990	35d75f53a9a36c310cfe883c744fd01658a0b998f21a87c80887d5031cecdf10	task12/evidence/2026-08-14/tgoskits/docs/docs/build/axvisor/v12-test3.log
tgoskits	/home/yfblock/Code/hyper-rtos/tgoskits	rtthread-migration	cbf9f8b31c4844d8cf14faf5c41e3c9df3bca3d0	true	docs/docs/build/axvisor/v12-test4.log	task12	evidence	2026-08-14	git_commit	42009	95139e6ff3f8aae39c3a58ca96cf087525f33976d77cadca3ca0b5e3d69daf76	task12/evidence/2026-08-14/tgoskits/docs/docs/build/axvisor/v12-test4.log
tgoskits	/home/yfblock/Code/hyper-rtos/tgoskits	rtthread-migration	cbf9f8b31c4844d8cf14faf5c41e3c9df3bca3d0	true	docs/docs/build/axvisor/v12-test5.log	task12	evidence	2026-08-14	git_commit	42832	45f7087e7e652a45617c1aea1411e90584110b888f1035eaeefaec9ff441c3d1	task12/evidence/2026-08-14/tgoskits/docs/docs/build/axvisor/v12-test5.log
tgoskits	/home/yfblock/Code/hyper-rtos/tgoskits	rtthread-migration	cbf9f8b31c4844d8cf14faf5c41e3c9df3bca3d0	true	docs/docs/build/axvisor/v12-test6.log	task12	evidence	2026-08-14	git_commit	41955	afe03a8a4679311eb58e81befc9bb243b84e31ee3ca4576bffb6652308b086e7	task12/evidence/2026-08-14/tgoskits/docs/docs/build/axvisor/v12-test6.log
tgoskits	/home/yfblock/Code/hyper-rtos/tgoskits	rtthread-migration	cbf9f8b31c4844d8cf14faf5c41e3c9df3bca3d0	true	docs/docs/build/axvisor/v12-virt-test1.log	task12	evidence	2026-08-14	git_commit	43304	72fcaaf4704cb21e2fe0bd817950e1c552e9234410792badda327eef3654b2cc	task12/evidence/2026-08-14/tgoskits/docs/docs/build/axvisor/v12-virt-test1.log
tgoskits	/home/yfblock/Code/hyper-rtos/tgoskits	rtthread-migration	cbf9f8b31c4844d8cf14faf5c41e3c9df3bca3d0	true	docs/docs/build/axvisor/v13-benchmark-run.log	task12	evidence	2026-08-14	git_commit	117960	f66dda158a0c9bd98db3627a530286f44f1b99a56f3bedfa04ac47e9c27ab8bc	task12/evidence/2026-08-14/tgoskits/docs/docs/build/axvisor/v13-benchmark-run.log
tgoskits-untracked-logs	/home/yfblock/Code/hyper-rtos/tgoskits	rtthread-migration	645ec0355221f9d4bd22ee995607b0761c09395e	false	docs/docs/build/axvisor/task1-2026-08-15-busy-idle-300s-cpu.log	task12	evidence	2026-08-15	filename	216245	4f24e19906e400f22c875855c54b980f8680ccf8bb24a1203730e1a8324aa30f	task12/evidence/2026-08-15/tgoskits-untracked-logs/docs/docs/build/axvisor/task1-2026-08-15-busy-idle-300s-cpu.log
tgoskits-untracked-logs	/home/yfblock/Code/hyper-rtos/tgoskits	rtthread-migration	645ec0355221f9d4bd22ee995607b0761c09395e	false	docs/docs/build/axvisor/task1-2026-08-15-busy-idle-300s-pass-cpu.log	task12	evidence	2026-08-15	filename	411260	2c1edef462a502c82f75a86d813ca3c2087f467d0aaf18895c243db56b186d75	task12/evidence/2026-08-15/tgoskits-untracked-logs/docs/docs/build/axvisor/task1-2026-08-15-busy-idle-300s-pass-cpu.log
tgoskits-untracked-logs	/home/yfblock/Code/hyper-rtos/tgoskits	rtthread-migration	645ec0355221f9d4bd22ee995607b0761c09395e	false	docs/docs/build/axvisor/task1-2026-08-15-busy-smoke-10s-cpu.log	task12	evidence	2026-08-15	filename	13597	557f49ee8f7e08e3ff916418bfa5d0745ca6053150c38c204f72181967f78e05	task12/evidence/2026-08-15/tgoskits-untracked-logs/docs/docs/build/axvisor/task1-2026-08-15-busy-smoke-10s-cpu.log
tgoskits-untracked-logs	/home/yfblock/Code/hyper-rtos/tgoskits	rtthread-migration	645ec0355221f9d4bd22ee995607b0761c09395e	false	docs/docs/build/axvisor/task1-2026-08-15-idle-300s-cpu.log	task12	evidence	2026-08-15	filename	292585	a8272cd04d99c6cd3bac71bdee78d140642b0806e35930f23722f516a57f4652	task12/evidence/2026-08-15/tgoskits-untracked-logs/docs/docs/build/axvisor/task1-2026-08-15-idle-300s-cpu.log
tgoskits-untracked-logs	/home/yfblock/Code/hyper-rtos/tgoskits	rtthread-migration	645ec0355221f9d4bd22ee995607b0761c09395e	false	docs/docs/build/axvisor/task1-2026-08-15-native-300s-cpu.log	task12	evidence	2026-08-15	filename	121355	f4bb6c1b861916ba8387905ba5644c06f88909348aabb3639440a6766e7fe4bd	task12/evidence/2026-08-15/tgoskits-untracked-logs/docs/docs/build/axvisor/task1-2026-08-15-native-300s-cpu.log
tgoskits-untracked-logs	/home/yfblock/Code/hyper-rtos/tgoskits	rtthread-migration	645ec0355221f9d4bd22ee995607b0761c09395e	false	docs/docs/build/axvisor/task1-2026-08-15-native-hard-timer-300s-failed-cpu.log	task12	evidence	2026-08-15	filename	120555	ea8c921bef967f2ee41048a5d76b83ec518625f6dd7398e4e888d6ad2bbcac13	task12/evidence/2026-08-15/tgoskits-untracked-logs/docs/docs/build/axvisor/task1-2026-08-15-native-hard-timer-300s-failed-cpu.log
tgoskits-untracked-logs	/home/yfblock/Code/hyper-rtos/tgoskits	rtthread-migration	645ec0355221f9d4bd22ee995607b0761c09395e	false	docs/docs/build/axvisor/task1-2026-08-15-native-hard-timer-uclamp-300s-failed-cpu.log	task12	evidence	2026-08-15	filename	120555	2b6314afbd2d7214e50661e103e5e0a59152651fa18ef89e902b4b6a11e13a78	task12/evidence/2026-08-15/tgoskits-untracked-logs/docs/docs/build/axvisor/task1-2026-08-15-native-hard-timer-uclamp-300s-failed-cpu.log
tgoskits-untracked-logs	/home/yfblock/Code/hyper-rtos/tgoskits	rtthread-migration	645ec0355221f9d4bd22ee995607b0761c09395e	false	docs/docs/build/axvisor/task1-2026-08-15-rtbench-suite-1000-pass-cpu.log	task12	evidence	2026-08-15	filename	14985	ef7d41c6b95aff185e0ec31feaba2fedcbd8fe62587d453a5c4b698f79c11a29	task12/evidence/2026-08-15/tgoskits-untracked-logs/docs/docs/build/axvisor/task1-2026-08-15-rtbench-suite-1000-pass-cpu.log
tgoskits-untracked-logs	/home/yfblock/Code/hyper-rtos/tgoskits	rtthread-migration	645ec0355221f9d4bd22ee995607b0761c09395e	false	docs/docs/build/axvisor/task12-2026-08-15-after-rtipc-10s-pass-cpu.log	task12	evidence	2026-08-15	filename	13597	2d36112016f25f7583e8e69b25d760dc934d34a7b583956d43fad4d57c498fcc	task12/evidence/2026-08-15/tgoskits-untracked-logs/docs/docs/build/axvisor/task12-2026-08-15-after-rtipc-10s-pass-cpu.log
tgoskits-untracked-logs	/home/yfblock/Code/hyper-rtos/tgoskits	rtthread-migration	645ec0355221f9d4bd22ee995607b0761c09395e	false	docs/docs/build/axvisor/task12-2026-08-15-busy-no-yield-concurrent-10s-cpu.log	task12	evidence	2026-08-15	filename	14985	d6ab68eb84ebc062e497adb8363d5947bf12afbc104d8fb49e9676ac92ae3068	task12/evidence/2026-08-15/tgoskits-untracked-logs/docs/docs/build/axvisor/task12-2026-08-15-busy-no-yield-concurrent-10s-cpu.log
tgoskits-untracked-logs	/home/yfblock/Code/hyper-rtos/tgoskits	rtthread-migration	645ec0355221f9d4bd22ee995607b0761c09395e	false	docs/docs/build/axvisor/task12-2026-08-15-concurrent-300s-failed-cpu.log	task12	evidence	2026-08-15	filename	232207	e18b7cf7e4050722c65a7f2ba28816db4836eec84a04fd8064ce4f8fa1ee0add	task12/evidence/2026-08-15/tgoskits-untracked-logs/docs/docs/build/axvisor/task12-2026-08-15-concurrent-300s-failed-cpu.log
tgoskits-untracked-logs	/home/yfblock/Code/hyper-rtos/tgoskits	rtthread-migration	645ec0355221f9d4bd22ee995607b0761c09395e	false	docs/docs/build/axvisor/task12-2026-08-15-concurrent-calibration-30s-cpu.log	task12	evidence	2026-08-15	filename	28171	c19c8d81c15f7ee01ee6297e2d62a3b111dafeae6d2f3664287b313d734c4742	task12/evidence/2026-08-15/tgoskits-untracked-logs/docs/docs/build/axvisor/task12-2026-08-15-concurrent-calibration-30s-cpu.log
tgoskits-untracked-logs	/home/yfblock/Code/hyper-rtos/tgoskits	rtthread-migration	645ec0355221f9d4bd22ee995607b0761c09395e	false	docs/docs/build/axvisor/task12-2026-08-15-done-smoke-10s-failed-cpu.log	task12	evidence	2026-08-15	filename	96877	e537f7b079078f895bc29423ab84cd6b9a09b5e06f23afa769f2a3fa6b523195	task12/evidence/2026-08-15/tgoskits-untracked-logs/docs/docs/build/axvisor/task12-2026-08-15-done-smoke-10s-failed-cpu.log
tgoskits-untracked-logs	/home/yfblock/Code/hyper-rtos/tgoskits	rtthread-migration	645ec0355221f9d4bd22ee995607b0761c09395e	false	docs/docs/build/axvisor/task12-2026-08-15-done-smoke-10s-repeat-failed-cpu.log	task12	evidence	2026-08-15	filename	10127	aeaa00f2161fa6d58696a1b87da9c989df02bcb503fa08d37a23c610fc599230	task12/evidence/2026-08-15/tgoskits-untracked-logs/docs/docs/build/axvisor/task12-2026-08-15-done-smoke-10s-repeat-failed-cpu.log
tgoskits-untracked-logs	/home/yfblock/Code/hyper-rtos/tgoskits	rtthread-migration	645ec0355221f9d4bd22ee995607b0761c09395e	false	docs/docs/build/axvisor/task12-2026-08-15-final-clean-concurrent-300s-30k-failed-cpu.log	task12	evidence	2026-08-15	filename	288421	d4cd2b4452ed66d29922014c99ab73f53d00f0f5e29e9967bd41fc576d7714f3	task12/evidence/2026-08-15/tgoskits-untracked-logs/docs/docs/build/axvisor/task12-2026-08-15-final-clean-concurrent-300s-30k-failed-cpu.log
tgoskits-untracked-logs	/home/yfblock/Code/hyper-rtos/tgoskits	rtthread-migration	645ec0355221f9d4bd22ee995607b0761c09395e	false	docs/docs/build/axvisor/task12-2026-08-15-final-clean-smoke-10s-failed-cpu.log	task12	evidence	2026-08-15	filename	16373	6f87bf051d83ceb76678ce214171d3637d95d00b12149775c725abd626ec3679	task12/evidence/2026-08-15/tgoskits-untracked-logs/docs/docs/build/axvisor/task12-2026-08-15-final-clean-smoke-10s-failed-cpu.log
tgoskits-untracked-logs	/home/yfblock/Code/hyper-rtos/tgoskits	rtthread-migration	645ec0355221f9d4bd22ee995607b0761c09395e	false	docs/docs/build/axvisor/task12-2026-08-15-final-protocol-concurrent-300s-30k-cpu.log	task12	evidence	2026-08-15	filename	332143	d46c6aba3f31f09153dd62635f6ceffe5235dddee6f3223f73b19b11086f19e7	task12/evidence/2026-08-15/tgoskits-untracked-logs/docs/docs/build/axvisor/task12-2026-08-15-final-protocol-concurrent-300s-30k-cpu.log
tgoskits-untracked-logs	/home/yfblock/Code/hyper-rtos/tgoskits	rtthread-migration	645ec0355221f9d4bd22ee995607b0761c09395e	false	docs/docs/build/axvisor/task12-2026-08-15-hard-timer-concurrent-10s-failed-cpu.log	task12	evidence	2026-08-15	filename	14291	170682b0341313dbb28610ad08f8a236e7890315d7cea559e0bdfeaa4325ac9e	task12/evidence/2026-08-15/tgoskits-untracked-logs/docs/docs/build/axvisor/task12-2026-08-15-hard-timer-concurrent-10s-failed-cpu.log
tgoskits-untracked-logs	/home/yfblock/Code/hyper-rtos/tgoskits	rtthread-migration	645ec0355221f9d4bd22ee995607b0761c09395e	false	docs/docs/build/axvisor/task12-2026-08-15-hard-timer-threshold-qemu-diag-10s-failed-cpu.log	task12	evidence	2026-08-15	filename	13597	9cd51c1c8b33e1cc6ed1dc76f64e606659e4c260e99ead18ae5872a03a7354f6	task12/evidence/2026-08-15/tgoskits-untracked-logs/docs/docs/build/axvisor/task12-2026-08-15-hard-timer-threshold-qemu-diag-10s-failed-cpu.log
tgoskits-untracked-logs	/home/yfblock/Code/hyper-rtos/tgoskits	rtthread-migration	645ec0355221f9d4bd22ee995607b0761c09395e	false	docs/docs/build/axvisor/task12-2026-08-15-hard-timer-uclamp-max-concurrent-10s-pass-cpu.log	task12	evidence	2026-08-15	filename	16885	bf620f3c357a557b7c6399b004c570142dbaa3e8ad5973f4c1eb4ba004b0ddc2	task12/evidence/2026-08-15/tgoskits-untracked-logs/docs/docs/build/axvisor/task12-2026-08-15-hard-timer-uclamp-max-concurrent-10s-pass-cpu.log
tgoskits-untracked-logs	/home/yfblock/Code/hyper-rtos/tgoskits	rtthread-migration	645ec0355221f9d4bd22ee995607b0761c09395e	false	docs/docs/build/axvisor/task12-2026-08-15-host-all-thread-affinity-10s-failed-cpu.log	task12	evidence	2026-08-15	filename	12903	0d209197eca02d1ff2d4898b9e648df364e34f39e3dbdd1ccfca01839adb22d7	task12/evidence/2026-08-15/tgoskits-untracked-logs/docs/docs/build/axvisor/task12-2026-08-15-host-all-thread-affinity-10s-failed-cpu.log
tgoskits-untracked-logs	/home/yfblock/Code/hyper-rtos/tgoskits	rtthread-migration	645ec0355221f9d4bd22ee995607b0761c09395e	false	docs/docs/build/axvisor/task12-2026-08-15-host-rt-tcg-affinity-10s-failed-cpu.log	task12	evidence	2026-08-15	filename	12209	76fe3ba9a302474a6ea7e948fccd22a31b696e18c3660e5b90b52cb7b8773e59	task12/evidence/2026-08-15/tgoskits-untracked-logs/docs/docs/build/axvisor/task12-2026-08-15-host-rt-tcg-affinity-10s-failed-cpu.log
tgoskits-untracked-logs	/home/yfblock/Code/hyper-rtos/tgoskits	rtthread-migration	645ec0355221f9d4bd22ee995607b0761c09395e	false	docs/docs/build/axvisor/task12-2026-08-15-native-concurrent-smoke-10s-cpu.log	task12	evidence	2026-08-15	filename	11515	e7fd0350ddcdaddcf6ad4004009059099d778516ec0af61975fcce159c55e6c5	task12/evidence/2026-08-15/tgoskits-untracked-logs/docs/docs/build/axvisor/task12-2026-08-15-native-concurrent-smoke-10s-cpu.log
tgoskits-untracked-logs	/home/yfblock/Code/hyper-rtos/tgoskits	rtthread-migration	645ec0355221f9d4bd22ee995607b0761c09395e	false	docs/docs/build/axvisor/task12-2026-08-15-post-protocol-smoke-10s-cpu.log	task12	evidence	2026-08-15	filename	16373	dc2472b589b267b1862b199e2b863a330fcf278e62a96a0904c76e55a104a423	task12/evidence/2026-08-15/tgoskits-untracked-logs/docs/docs/build/axvisor/task12-2026-08-15-post-protocol-smoke-10s-cpu.log
tgoskits-untracked-logs	/home/yfblock/Code/hyper-rtos/tgoskits	rtthread-migration	645ec0355221f9d4bd22ee995607b0761c09395e	false	docs/docs/build/axvisor/task12-2026-08-15-reduced-qemu-diag-10s-failed-cpu.log	task12	evidence	2026-08-15	filename	12209	cc0144b78343a3e7a9d7945bcaf67a4e704a64356eb839e5b29fe9f04a62a267	task12/evidence/2026-08-15/tgoskits-untracked-logs/docs/docs/build/axvisor/task12-2026-08-15-reduced-qemu-diag-10s-failed-cpu.log
tgoskits-untracked-logs	/home/yfblock/Code/hyper-rtos/tgoskits	rtthread-migration	645ec0355221f9d4bd22ee995607b0761c09395e	false	docs/docs/build/axvisor/task12-2026-08-15-runner-uclamp-hard-timer-after-rtipc-30s-failed-cpu.log	task12	evidence	2026-08-15	filename	33723	c2e07a22f2f00f180a08d65dab2a25b446544b818bb04c23a8821afb66968ac4	task12/evidence/2026-08-15/tgoskits-untracked-logs/docs/docs/build/axvisor/task12-2026-08-15-runner-uclamp-hard-timer-after-rtipc-30s-failed-cpu.log
tgoskits-untracked-logs	/home/yfblock/Code/hyper-rtos/tgoskits	rtthread-migration	645ec0355221f9d4bd22ee995607b0761c09395e	false	docs/docs/build/axvisor/task12-2026-08-15-runner-uclamp-hard-timer-concurrent-10s-pass-cpu.log	task12	evidence	2026-08-15	filename	14985	e5f7185c9e5bc92214afbe2dd369f0dea749744f03b28dfb9ce77f67fece565c	task12/evidence/2026-08-15/tgoskits-untracked-logs/docs/docs/build/axvisor/task12-2026-08-15-runner-uclamp-hard-timer-concurrent-10s-pass-cpu.log
tgoskits-untracked-logs	/home/yfblock/Code/hyper-rtos/tgoskits	rtthread-migration	645ec0355221f9d4bd22ee995607b0761c09395e	false	docs/docs/build/axvisor/task12-2026-08-15-runner-uclamp-hard-timer-concurrent-300s-30k-pass-cpu.log	task12	evidence	2026-08-15	filename	244699	3e16c3e93524646d4aea0fbcc9f2b2333ed1379d9c8c04e7a2c6832e07a40f70	task12/evidence/2026-08-15/tgoskits-untracked-logs/docs/docs/build/axvisor/task12-2026-08-15-runner-uclamp-hard-timer-concurrent-300s-30k-pass-cpu.log
tgoskits-untracked-logs	/home/yfblock/Code/hyper-rtos/tgoskits	rtthread-migration	645ec0355221f9d4bd22ee995607b0761c09395e	false	docs/docs/build/axvisor/task12-2026-08-15-runner-uclamp-hard-timer-concurrent-300s-30k-pass.log	task12	evidence	2026-08-15	filename	526085	5fc90e640fda8885d0fd2f2cadb269b77f67e8502670a0ab50fb7fb1c81f521e	task12/evidence/2026-08-15/tgoskits-untracked-logs/docs/docs/build/axvisor/task12-2026-08-15-runner-uclamp-hard-timer-concurrent-300s-30k-pass.log
tgoskits-untracked-logs	/home/yfblock/Code/hyper-rtos/tgoskits	rtthread-migration	645ec0355221f9d4bd22ee995607b0761c09395e	false	docs/docs/build/axvisor/task12-2026-08-15-runner-uclamp-hard-timer-concurrent-300s-failed-cpu.log	task12	evidence	2026-08-15	filename	212775	32305494a302d9f8018e6dd6a77e12219b715c262dd354be0d3c4b8a0ec8c4ec	task12/evidence/2026-08-15/tgoskits-untracked-logs/docs/docs/build/axvisor/task12-2026-08-15-runner-uclamp-hard-timer-concurrent-300s-failed-cpu.log
tgoskits-untracked-logs	/home/yfblock/Code/hyper-rtos/tgoskits	rtthread-migration	645ec0355221f9d4bd22ee995607b0761c09395e	false	docs/docs/build/axvisor/task12-2026-08-15-runner-uclamp-hard-timer-concurrent-30s-failed-cpu.log	task12	evidence	2026-08-15	filename	24007	96a4bef690e28849e066db06d0ae7f60000f9f5a8af8c84e6d0054e761afd679	task12/evidence/2026-08-15/tgoskits-untracked-logs/docs/docs/build/axvisor/task12-2026-08-15-runner-uclamp-hard-timer-concurrent-30s-failed-cpu.log
tgoskits-untracked-logs	/home/yfblock/Code/hyper-rtos/tgoskits	rtthread-migration	645ec0355221f9d4bd22ee995607b0761c09395e	false	docs/docs/build/axvisor/task12-2026-08-15-sample-wait-concurrent-10s-pass-cpu.log	task12	evidence	2026-08-15	filename	10127	7709b6915cd46bef371bd563977722aae47d1cbb50a58d5b0deaf7d7aedc0b6e	task12/evidence/2026-08-15/tgoskits-untracked-logs/docs/docs/build/axvisor/task12-2026-08-15-sample-wait-concurrent-10s-pass-cpu.log
tgoskits-untracked-logs	/home/yfblock/Code/hyper-rtos/tgoskits	rtthread-migration	645ec0355221f9d4bd22ee995607b0761c09395e	false	docs/docs/build/axvisor/task12-2026-08-15-threshold-qemu-diag-soft-timer-10s-failed-cpu.log	task12	evidence	2026-08-15	filename	12209	10c8c1917aab30abc5e82a26acfda00acf4d12fadca2e2d697c2446ce79abe4e	task12/evidence/2026-08-15/tgoskits-untracked-logs/docs/docs/build/axvisor/task12-2026-08-15-threshold-qemu-diag-soft-timer-10s-failed-cpu.log
tgoskits-untracked-logs	/home/yfblock/Code/hyper-rtos/tgoskits	rtthread-migration	645ec0355221f9d4bd22ee995607b0761c09395e	false	docs/docs/build/axvisor/task12-2026-08-15-tlbi-exclusive-diag-10s-failed-cpu.log	task12	evidence	2026-08-15	filename	13597	c2a635503f4576e12be78447ca763c7baaefaf52aabcd00bc8471db2e60779d0	task12/evidence/2026-08-15/tgoskits-untracked-logs/docs/docs/build/axvisor/task12-2026-08-15-tlbi-exclusive-diag-10s-failed-cpu.log
tgoskits-untracked-logs	/home/yfblock/Code/hyper-rtos/tgoskits	rtthread-migration	645ec0355221f9d4bd22ee995607b0761c09395e	false	docs/docs/build/axvisor/task12-2026-08-15-vm-scoped-tlbi-concurrent-10s-failed-cpu.log	task12	evidence	2026-08-15	filename	13205	962553f59d308ac06faf7c13b4eee42c20f7b720c45a6da1d0b345b3136c3d61	task12/evidence/2026-08-15/tgoskits-untracked-logs/docs/docs/build/axvisor/task12-2026-08-15-vm-scoped-tlbi-concurrent-10s-failed-cpu.log
tgoskits-untracked-logs	/home/yfblock/Code/hyper-rtos/tgoskits	rtthread-migration	645ec0355221f9d4bd22ee995607b0761c09395e	false	docs/docs/build/axvisor/task12-busy-wfi-fast-v10-host-affinity-300s-affinity.log	task12	evidence	2026-08-15	filesystem_mtime	198	c784a780f5c22838ea2bdf9eba994eac6dead104c18076799e61b7f268cf9317	task12/evidence/2026-08-15/tgoskits-untracked-logs/docs/docs/build/axvisor/task12-busy-wfi-fast-v10-host-affinity-300s-affinity.log
tgoskits-untracked-logs	/home/yfblock/Code/hyper-rtos/tgoskits	rtthread-migration	645ec0355221f9d4bd22ee995607b0761c09395e	false	docs/docs/build/axvisor/task12-busy-wfi-fast-v10-host-affinity-300s-artifacts.log	task12	evidence	2026-08-15	filesystem_mtime	1742	fa1dbc078b0a3fd3f5de9ab4750e36dfb5d4160c64ca7de47880cc530fec7b87	task12/evidence/2026-08-15/tgoskits-untracked-logs/docs/docs/build/axvisor/task12-busy-wfi-fast-v10-host-affinity-300s-artifacts.log
tgoskits-untracked-logs	/home/yfblock/Code/hyper-rtos/tgoskits	rtthread-migration	645ec0355221f9d4bd22ee995607b0761c09395e	false	docs/docs/build/axvisor/task12-busy-wfi-fast-v10-host-affinity-300s-cpu.log	task12	evidence	2026-08-15	filesystem_mtime	264131	3e56336e4be4baa6d868c4c54d99d2820e3dc99e676b09060a3701ba76cb3e3b	task12/evidence/2026-08-15/tgoskits-untracked-logs/docs/docs/build/axvisor/task12-busy-wfi-fast-v10-host-affinity-300s-cpu.log
tgoskits-untracked-logs	/home/yfblock/Code/hyper-rtos/tgoskits	rtthread-migration	645ec0355221f9d4bd22ee995607b0761c09395e	false	docs/docs/build/axvisor/task12-busy-wfi-fast-v10-host-affinity-smoke-10s-artifacts.log	task12	evidence	2026-08-15	filesystem_mtime	1742	1488a85b26bb9b90f38a3d563bff15b2bcfe67fbed8908356ca1fd8b926787c6	task12/evidence/2026-08-15/tgoskits-untracked-logs/docs/docs/build/axvisor/task12-busy-wfi-fast-v10-host-affinity-smoke-10s-artifacts.log
tgoskits-untracked-logs	/home/yfblock/Code/hyper-rtos/tgoskits	rtthread-migration	645ec0355221f9d4bd22ee995607b0761c09395e	false	docs/docs/build/axvisor/task12-busy-wfi-fast-v10-host-affinity-smoke-10s-cpu.log	task12	evidence	2026-08-15	filesystem_mtime	19149	171b82e558b2ea39515214047f3b48e13a75a990a4e0b3e2d6e69fc1fe2fc5ff	task12/evidence/2026-08-15/tgoskits-untracked-logs/docs/docs/build/axvisor/task12-busy-wfi-fast-v10-host-affinity-smoke-10s-cpu.log
tgoskits-untracked-logs	/home/yfblock/Code/hyper-rtos/tgoskits	rtthread-migration	645ec0355221f9d4bd22ee995607b0761c09395e	false	docs/docs/build/axvisor/task12-busy-wfi-fast-v8-300s-artifacts.log	task12	evidence	2026-08-15	filesystem_mtime	1728	20fbe8ab68c075d9664d29e7e8a33b5bccac6bc936d66b5b0a4e67ff48d5f28e	task12/evidence/2026-08-15/tgoskits-untracked-logs/docs/docs/build/axvisor/task12-busy-wfi-fast-v8-300s-artifacts.log
tgoskits-untracked-logs	/home/yfblock/Code/hyper-rtos/tgoskits	rtthread-migration	645ec0355221f9d4bd22ee995607b0761c09395e	false	docs/docs/build/axvisor/task12-busy-wfi-fast-v8-300s-cpu.log	task12	evidence	2026-08-15	filesystem_mtime	307159	09cad3f05c8042d410d786c4f1c0506ff3793854057cd627e1185d555e1b16ad	task12/evidence/2026-08-15/tgoskits-untracked-logs/docs/docs/build/axvisor/task12-busy-wfi-fast-v8-300s-cpu.log
tgoskits-untracked-logs	/home/yfblock/Code/hyper-rtos/tgoskits	rtthread-migration	645ec0355221f9d4bd22ee995607b0761c09395e	false	docs/docs/build/axvisor/task12-busy-wfi-fast-v8-smoke-10s-artifacts.log	task12	evidence	2026-08-15	filesystem_mtime	1728	7c5e1bf77c2b0b3edfc0163f6e277a69bfb654ba7fbb10808db449ee3372eebc	task12/evidence/2026-08-15/tgoskits-untracked-logs/docs/docs/build/axvisor/task12-busy-wfi-fast-v8-smoke-10s-artifacts.log
tgoskits-untracked-logs	/home/yfblock/Code/hyper-rtos/tgoskits	rtthread-migration	645ec0355221f9d4bd22ee995607b0761c09395e	false	docs/docs/build/axvisor/task12-busy-wfi-fast-v8-smoke-10s-cpu.log	task12	evidence	2026-08-15	filesystem_mtime	21231	cd79922bded85438aeb7a89166add72731547ce09d5675e518e960cf3e108c77	task12/evidence/2026-08-15/tgoskits-untracked-logs/docs/docs/build/axvisor/task12-busy-wfi-fast-v8-smoke-10s-cpu.log
tgoskits-untracked-logs	/home/yfblock/Code/hyper-rtos/tgoskits	rtthread-migration	645ec0355221f9d4bd22ee995607b0761c09395e	false	docs/docs/build/axvisor/task12-busy-wfi-fast-v9-host-affinity-smoke-10s-artifacts.log	task12	evidence	2026-08-15	filesystem_mtime	1728	5c4f00a3d0ec9e2822e83e750b83c8c38057acffdcce3d35deaf311c5b0e96f4	task12/evidence/2026-08-15/tgoskits-untracked-logs/docs/docs/build/axvisor/task12-busy-wfi-fast-v9-host-affinity-smoke-10s-artifacts.log
tgoskits-untracked-logs	/home/yfblock/Code/hyper-rtos/tgoskits	rtthread-migration	645ec0355221f9d4bd22ee995607b0761c09395e	false	docs/docs/build/axvisor/task12-busy-wfi-fast-v9-host-affinity-smoke-10s-cpu.log	task12	evidence	2026-08-15	filesystem_mtime	19843	0cf59e32cc1d7f9b2d92cb054d92a6e090c9795462b0bcd723a742967d92e0a6	task12/evidence/2026-08-15/tgoskits-untracked-logs/docs/docs/build/axvisor/task12-busy-wfi-fast-v9-host-affinity-smoke-10s-cpu.log
tgoskits-untracked-logs	/home/yfblock/Code/hyper-rtos/tgoskits	rtthread-migration	645ec0355221f9d4bd22ee995607b0761c09395e	false	docs/docs/build/axvisor/task12-busy-wfi-v7-smoke-10s-artifacts.log	task12	evidence	2026-08-15	filesystem_mtime	1728	4de3bd90941049499a48ee662e65f88cdae18cabac253022a1426805afdd866e	task12/evidence/2026-08-15/tgoskits-untracked-logs/docs/docs/build/axvisor/task12-busy-wfi-v7-smoke-10s-artifacts.log
tgoskits-untracked-logs	/home/yfblock/Code/hyper-rtos/tgoskits	rtthread-migration	645ec0355221f9d4bd22ee995607b0761c09395e	false	docs/docs/build/axvisor/task12-busy-wfi-v7-smoke-10s-cpu.log	task12	evidence	2026-08-15	filesystem_mtime	18455	aef854b0c9d1a439c608433b71ccd110535d36970b9f2bcf3fdd89a36beecb95	task12/evidence/2026-08-15/tgoskits-untracked-logs/docs/docs/build/axvisor/task12-busy-wfi-v7-smoke-10s-cpu.log
tgoskits-untracked-logs	/home/yfblock/Code/hyper-rtos/tgoskits	rtthread-migration	645ec0355221f9d4bd22ee995607b0761c09395e	false	docs/docs/build/axvisor/task12-qemu-boundary-300s-artifacts.log	task12	evidence	2026-08-15	filesystem_mtime	1728	ec15843534f1784fcd595b6b8ab39230361f66333b88437b827b35cf2ebb8061	task12/evidence/2026-08-15/tgoskits-untracked-logs/docs/docs/build/axvisor/task12-qemu-boundary-300s-artifacts.log
tgoskits-untracked-logs	/home/yfblock/Code/hyper-rtos/tgoskits	rtthread-migration	645ec0355221f9d4bd22ee995607b0761c09395e	false	docs/docs/build/axvisor/task12-qemu-boundary-300s-cpu.log	task12	evidence	2026-08-15	filesystem_mtime	61484	429ab884f647eb8ca4dceef41e36f42b35dc8feb89683daa9e94dc61a978fe34	task12/evidence/2026-08-15/tgoskits-untracked-logs/docs/docs/build/axvisor/task12-qemu-boundary-300s-cpu.log
tgoskits-untracked-logs	/home/yfblock/Code/hyper-rtos/tgoskits	rtthread-migration	645ec0355221f9d4bd22ee995607b0761c09395e	false	docs/docs/build/axvisor/task12-qemu-boundary-smoke-10s-artifacts.log	task12	evidence	2026-08-15	filesystem_mtime	1728	24756f645ee74efeb729ff5716ba3d0ee21c711b5f090d8f7d6bea60ae5b649e	task12/evidence/2026-08-15/tgoskits-untracked-logs/docs/docs/build/axvisor/task12-qemu-boundary-smoke-10s-artifacts.log
tgoskits-untracked-logs	/home/yfblock/Code/hyper-rtos/tgoskits	rtthread-migration	645ec0355221f9d4bd22ee995607b0761c09395e	false	docs/docs/build/axvisor/task12-qemu-boundary-smoke-10s-cpu.log	task12	evidence	2026-08-15	filesystem_mtime	17761	997053f11986e22c578b16d368028356b74eb2a504c37c401f89c9aa6733cf74	task12/evidence/2026-08-15/tgoskits-untracked-logs/docs/docs/build/axvisor/task12-qemu-boundary-smoke-10s-cpu.log
tgoskits-untracked-logs	/home/yfblock/Code/hyper-rtos/tgoskits	rtthread-migration	645ec0355221f9d4bd22ee995607b0761c09395e	false	docs/docs/build/axvisor/task12-qemu-boundary-v2-300s-artifacts.log	task12	evidence	2026-08-15	filesystem_mtime	1728	eb886e44cbbc62ee81aa6e9957bb57f6d4212158c4dcc62390cb87fe31de81e4	task12/evidence/2026-08-15/tgoskits-untracked-logs/docs/docs/build/axvisor/task12-qemu-boundary-v2-300s-artifacts.log
tgoskits-untracked-logs	/home/yfblock/Code/hyper-rtos/tgoskits	rtthread-migration	645ec0355221f9d4bd22ee995607b0761c09395e	false	docs/docs/build/axvisor/task12-qemu-boundary-v2-300s-cpu.log	task12	evidence	2026-08-15	filesystem_mtime	326591	a353a3185ba36d4b2506c7dbffb1de64377edc98744e5a325e96c057c2667dfc	task12/evidence/2026-08-15/tgoskits-untracked-logs/docs/docs/build/axvisor/task12-qemu-boundary-v2-300s-cpu.log
tgoskits-untracked-logs	/home/yfblock/Code/hyper-rtos/tgoskits	rtthread-migration	645ec0355221f9d4bd22ee995607b0761c09395e	false	docs/docs/build/axvisor/task12-qemu-daif-v5-300s-artifacts.log	task12	evidence	2026-08-15	filesystem_mtime	1728	420490c51a5623a7720f30a1c17a7b9d5f3d56022df9566c3d8741d115a657a5	task12/evidence/2026-08-15/tgoskits-untracked-logs/docs/docs/build/axvisor/task12-qemu-daif-v5-300s-artifacts.log
tgoskits-untracked-logs	/home/yfblock/Code/hyper-rtos/tgoskits	rtthread-migration	645ec0355221f9d4bd22ee995607b0761c09395e	false	docs/docs/build/axvisor/task12-qemu-daif-v5-300s-cpu.log	task12	evidence	2026-08-15	filesystem_mtime	293279	45b932efdff9a753288855a339a23e8bda240eddd1c6d77b40453aadd21af72b	task12/evidence/2026-08-15/tgoskits-untracked-logs/docs/docs/build/axvisor/task12-qemu-daif-v5-300s-cpu.log
tgoskits-untracked-logs	/home/yfblock/Code/hyper-rtos/tgoskits	rtthread-migration	645ec0355221f9d4bd22ee995607b0761c09395e	false	docs/docs/build/axvisor/task12-qemu-entry-v4-300s-artifacts.log	task12	evidence	2026-08-15	filesystem_mtime	1728	342484bfffc17de24d349fedd6ff1f2aa23c461ed7dad23b9145c4ffc4febd95	task12/evidence/2026-08-15/tgoskits-untracked-logs/docs/docs/build/axvisor/task12-qemu-entry-v4-300s-artifacts.log
tgoskits-untracked-logs	/home/yfblock/Code/hyper-rtos/tgoskits	rtthread-migration	645ec0355221f9d4bd22ee995607b0761c09395e	false	docs/docs/build/axvisor/task12-qemu-entry-v4-300s-cpu.log	task12	evidence	2026-08-15	filesystem_mtime	249557	b5d1cfde478ce0409782f99d1bbc8208cdc2105b31691163bb041b84f1233da0	task12/evidence/2026-08-15/tgoskits-untracked-logs/docs/docs/build/axvisor/task12-qemu-entry-v4-300s-cpu.log
tgoskits-untracked-logs	/home/yfblock/Code/hyper-rtos/tgoskits	rtthread-migration	645ec0355221f9d4bd22ee995607b0761c09395e	false	docs/docs/build/axvisor/task12-qemu-source-v3-300s-artifacts.log	task12	evidence	2026-08-15	filesystem_mtime	1728	c963840ba06a7e304738e5e23651350aaf38685ecde9d395c4b5402a255a70fe	task12/evidence/2026-08-15/tgoskits-untracked-logs/docs/docs/build/axvisor/task12-qemu-source-v3-300s-artifacts.log
tgoskits-untracked-logs	/home/yfblock/Code/hyper-rtos/tgoskits	rtthread-migration	645ec0355221f9d4bd22ee995607b0761c09395e	false	docs/docs/build/axvisor/task12-qemu-source-v3-300s-cpu.log	task12	evidence	2026-08-15	filesystem_mtime	334225	6ffaa9ba9043ebb2dba74dede7308c53214163116a05c41664a97badc1c309bb	task12/evidence/2026-08-15/tgoskits-untracked-logs/docs/docs/build/axvisor/task12-qemu-source-v3-300s-cpu.log
tgoskits-untracked-logs	/home/yfblock/Code/hyper-rtos/tgoskits	rtthread-migration	645ec0355221f9d4bd22ee995607b0761c09395e	false	docs/docs/build/axvisor/task12-qemu-threadcpu-v6-smoke-10s-artifacts.log	task12	evidence	2026-08-15	filesystem_mtime	1728	7883bb970bdf8d771386761570b26e981b85a95f401ee1fe798d33b7a9e57ec5	task12/evidence/2026-08-15/tgoskits-untracked-logs/docs/docs/build/axvisor/task12-qemu-threadcpu-v6-smoke-10s-artifacts.log
tgoskits-untracked-logs	/home/yfblock/Code/hyper-rtos/tgoskits	rtthread-migration	645ec0355221f9d4bd22ee995607b0761c09395e	false	docs/docs/build/axvisor/task12-qemu-threadcpu-v6-smoke-10s-cpu.log	task12	evidence	2026-08-15	filesystem_mtime	20537	75cda7d4848713f8c68860427282abfab17a5635b773dbcdcc8d620e11afd15d	task12/evidence/2026-08-15/tgoskits-untracked-logs/docs/docs/build/axvisor/task12-qemu-threadcpu-v6-smoke-10s-cpu.log
tgoskits-untracked-logs	/home/yfblock/Code/hyper-rtos/tgoskits	rtthread-migration	645ec0355221f9d4bd22ee995607b0761c09395e	false	docs/docs/build/axvisor/task2-2026-08-15-post-protocol-reliability-1000-runner.log	task12	evidence	2026-08-15	filename	160573	dd09bf219a8b3814e17e7af6d9940ebe614e0087f1d5557698c21f0fcf53c211	task12/evidence/2026-08-15/tgoskits-untracked-logs/docs/docs/build/axvisor/task2-2026-08-15-post-protocol-reliability-1000-runner.log
tgoskits-untracked-logs	/home/yfblock/Code/hyper-rtos/tgoskits	rtthread-migration	645ec0355221f9d4bd22ee995607b0761c09395e	false	docs/docs/build/axvisor/task2-2026-08-15-rtipc-reliability-faults-pass.log	task12	evidence	2026-08-15	filename	527518	5a064ad1071d159d5f8fc9d3f27831334bfc90da90b356b4d287139330e96107	task12/evidence/2026-08-15/tgoskits-untracked-logs/docs/docs/build/axvisor/task2-2026-08-15-rtipc-reliability-faults-pass.log
tgoskits	/home/yfblock/Code/hyper-rtos/tgoskits	rtthread-migration	cbf9f8b31c4844d8cf14faf5c41e3c9df3bca3d0	false	docs/docs/build/axvisor/task1-2026-08-15-busy-idle-300s-harness-failed-qemu.log	task12	evidence	2026-08-15	filename	328	529c7308203b3c6416b4033f151da635a1a95ac6e9a6ca83faf11e856eebb173	task12/evidence/2026-08-15/tgoskits/docs/docs/build/axvisor/task1-2026-08-15-busy-idle-300s-harness-failed-qemu.log
tgoskits	/home/yfblock/Code/hyper-rtos/tgoskits	rtthread-migration	cbf9f8b31c4844d8cf14faf5c41e3c9df3bca3d0	false	docs/docs/build/axvisor/task1-2026-08-15-busy-idle-300s-harness-failed.log	task12	evidence	2026-08-15	filename	51295	3020ba82a0535a52e4f5718ebaa3c6e556ad6a59866793dad3ed46a1a81f6748	task12/evidence/2026-08-15/tgoskits/docs/docs/build/axvisor/task1-2026-08-15-busy-idle-300s-harness-failed.log
tgoskits	/home/yfblock/Code/hyper-rtos/tgoskits	rtthread-migration	cbf9f8b31c4844d8cf14faf5c41e3c9df3bca3d0	false	docs/docs/build/axvisor/task1-2026-08-15-busy-idle-300s-repeat-failed-qemu.log	task12	evidence	2026-08-15	filename	470	f814e9389bb41d62c726dc95ddb27abb8f26f3cfd25911816c7705261147eb58	task12/evidence/2026-08-15/tgoskits/docs/docs/build/axvisor/task1-2026-08-15-busy-idle-300s-repeat-failed-qemu.log
tgoskits	/home/yfblock/Code/hyper-rtos/tgoskits	rtthread-migration	cbf9f8b31c4844d8cf14faf5c41e3c9df3bca3d0	false	docs/docs/build/axvisor/task1-2026-08-15-busy-idle-300s-repeat-failed.log	task12	evidence	2026-08-15	filename	57412	9cf52e015212594a1fdacaa6d4bc3a2c2bdd77989dfbffb786e6375c618b55cf	task12/evidence/2026-08-15/tgoskits/docs/docs/build/axvisor/task1-2026-08-15-busy-idle-300s-repeat-failed.log
tgoskits	/home/yfblock/Code/hyper-rtos/tgoskits	rtthread-migration	cbf9f8b31c4844d8cf14faf5c41e3c9df3bca3d0	false	docs/docs/build/axvisor/task1-2026-08-15-busy-smoke-10s-qemu.log	task12	evidence	2026-08-15	filename	328	3558d730a1cab3a751190d606370bdf8c44dce4f7525ffc7371ad062cfdc915d	task12/evidence/2026-08-15/tgoskits/docs/docs/build/axvisor/task1-2026-08-15-busy-smoke-10s-qemu.log
tgoskits	/home/yfblock/Code/hyper-rtos/tgoskits	rtthread-migration	cbf9f8b31c4844d8cf14faf5c41e3c9df3bca3d0	false	docs/docs/build/axvisor/task1-2026-08-15-busy-smoke-10s.log	task12	evidence	2026-08-15	filename	44949	3b8687fb7d1a248edc2e42d75c582a950a799afff63752d8b76725b7b3c80ff4	task12/evidence/2026-08-15/tgoskits/docs/docs/build/axvisor/task1-2026-08-15-busy-smoke-10s.log
tgoskits	/home/yfblock/Code/hyper-rtos/tgoskits	rtthread-migration	cbf9f8b31c4844d8cf14faf5c41e3c9df3bca3d0	false	docs/docs/build/axvisor/task1-2026-08-15-idle-300s-failed-qemu.log	task12	evidence	2026-08-15	filename	328	01d94e329b4fe65ae2951c9ec8e1ea7067969a637236e5f0b56fdb5c4b2bc08a	task12/evidence/2026-08-15/tgoskits/docs/docs/build/axvisor/task1-2026-08-15-idle-300s-failed-qemu.log
tgoskits	/home/yfblock/Code/hyper-rtos/tgoskits	rtthread-migration	cbf9f8b31c4844d8cf14faf5c41e3c9df3bca3d0	false	docs/docs/build/axvisor/task1-2026-08-15-idle-300s-failed.log	task12	evidence	2026-08-15	filename	53577	8aa6dfac09a146b1d2d9f5a4ed82bbe47cdee45251492ab4106f9667269abcd9	task12/evidence/2026-08-15/tgoskits/docs/docs/build/axvisor/task1-2026-08-15-idle-300s-failed.log
tgoskits	/home/yfblock/Code/hyper-rtos/tgoskits	rtthread-migration	cbf9f8b31c4844d8cf14faf5c41e3c9df3bca3d0	false	docs/docs/build/axvisor/task1-2026-08-15-native-300s-qemu.log	task12	evidence	2026-08-15	filename	258	af93ddd8d7b2a65902c76aad4ecabef117010de4750723d322211ddd244a0533	task12/evidence/2026-08-15/tgoskits/docs/docs/build/axvisor/task1-2026-08-15-native-300s-qemu.log
tgoskits	/home/yfblock/Code/hyper-rtos/tgoskits	rtthread-migration	cbf9f8b31c4844d8cf14faf5c41e3c9df3bca3d0	true	docs/docs/build/axvisor/task1-2026-08-15-native-300s.log	task12	evidence	2026-08-15	filename	2027	0c5a897dad05cb965c35692fc84e789625d899b30cde49f59f0802b88c123338	task12/evidence/2026-08-15/tgoskits/docs/docs/build/axvisor/task1-2026-08-15-native-300s.log
tgoskits	/home/yfblock/Code/hyper-rtos/tgoskits	rtthread-migration	cbf9f8b31c4844d8cf14faf5c41e3c9df3bca3d0	false	docs/docs/build/axvisor/task1-2026-08-15-native-hard-timer-300s-failed-qemu.log	task12	evidence	2026-08-15	filename	258	9e85325ef457b82104c68b41868d04956bfcc4a3165b9b3d741adb817f75ef33	task12/evidence/2026-08-15/tgoskits/docs/docs/build/axvisor/task1-2026-08-15-native-hard-timer-300s-failed-qemu.log
tgoskits	/home/yfblock/Code/hyper-rtos/tgoskits	rtthread-migration	cbf9f8b31c4844d8cf14faf5c41e3c9df3bca3d0	false	docs/docs/build/axvisor/task1-2026-08-15-native-hard-timer-300s-failed-runner.log	task12	evidence	2026-08-15	filename	163449	6544797ac56f0f2200c077a1d0b1a160617ecf4a7c81dbe18499d5fc918dd34a	task12/evidence/2026-08-15/tgoskits/docs/docs/build/axvisor/task1-2026-08-15-native-hard-timer-300s-failed-runner.log
tgoskits	/home/yfblock/Code/hyper-rtos/tgoskits	rtthread-migration	cbf9f8b31c4844d8cf14faf5c41e3c9df3bca3d0	false	docs/docs/build/axvisor/task1-2026-08-15-native-hard-timer-300s-failed.log	task12	evidence	2026-08-15	filename	2062	0e37438854635a3358def74f18e03117edd7a4c27ae024b1a745d7dd8ccd50f5	task12/evidence/2026-08-15/tgoskits/docs/docs/build/axvisor/task1-2026-08-15-native-hard-timer-300s-failed.log
tgoskits	/home/yfblock/Code/hyper-rtos/tgoskits	rtthread-migration	cbf9f8b31c4844d8cf14faf5c41e3c9df3bca3d0	false	docs/docs/build/axvisor/task1-2026-08-15-native-hard-timer-uclamp-300s-failed-qemu.log	task12	evidence	2026-08-15	filename	258	ff4ee6f8f7ce86687b08093cf0092e9cf627e4c9a1c043fcdf7fe3fa90596e91	task12/evidence/2026-08-15/tgoskits/docs/docs/build/axvisor/task1-2026-08-15-native-hard-timer-uclamp-300s-failed-qemu.log
tgoskits	/home/yfblock/Code/hyper-rtos/tgoskits	rtthread-migration	cbf9f8b31c4844d8cf14faf5c41e3c9df3bca3d0	false	docs/docs/build/axvisor/task1-2026-08-15-native-hard-timer-uclamp-300s-failed-runner.log	task12	evidence	2026-08-15	filename	163512	4a07f83e78fad9bdb8703d8398d39c93302b8c495aba2be91a9e108f1d5ffa22	task12/evidence/2026-08-15/tgoskits/docs/docs/build/axvisor/task1-2026-08-15-native-hard-timer-uclamp-300s-failed-runner.log
tgoskits	/home/yfblock/Code/hyper-rtos/tgoskits	rtthread-migration	cbf9f8b31c4844d8cf14faf5c41e3c9df3bca3d0	false	docs/docs/build/axvisor/task1-2026-08-15-native-hard-timer-uclamp-300s-failed.log	task12	evidence	2026-08-15	filename	2066	adfbf6f303286bd20721c73dcd13fcba4b4934f4ffbeef6f9648f3d286b41008	task12/evidence/2026-08-15/tgoskits/docs/docs/build/axvisor/task1-2026-08-15-native-hard-timer-uclamp-300s-failed.log
tgoskits	/home/yfblock/Code/hyper-rtos/tgoskits	rtthread-migration	cbf9f8b31c4844d8cf14faf5c41e3c9df3bca3d0	true	docs/docs/build/axvisor/task1-2026-08-15-rtbench-suite-1000-pass-guest.log	task12	evidence	2026-08-15	filename	45326	445feb3d3df31a652a2248911e47c33ac6f0f65d09e230411f7d37bebc2caf2c	task12/evidence/2026-08-15/tgoskits/docs/docs/build/axvisor/task1-2026-08-15-rtbench-suite-1000-pass-guest.log
tgoskits	/home/yfblock/Code/hyper-rtos/tgoskits	rtthread-migration	cbf9f8b31c4844d8cf14faf5c41e3c9df3bca3d0	false	docs/docs/build/axvisor/task1-2026-08-15-rtbench-suite-1000-pass-qemu.log	task12	evidence	2026-08-15	filename	328	fada1e93711ec2de177c83060db96e07640f54d175f82d0276a5d06e32ed42b5	task12/evidence/2026-08-15/tgoskits/docs/docs/build/axvisor/task1-2026-08-15-rtbench-suite-1000-pass-qemu.log
tgoskits	/home/yfblock/Code/hyper-rtos/tgoskits	rtthread-migration	cbf9f8b31c4844d8cf14faf5c41e3c9df3bca3d0	false	docs/docs/build/axvisor/task1-2026-08-15-rtbench-suite-1000-pass.log	task12	evidence	2026-08-15	filename	528932	7ae262abbc94a0d550aa5805b17ba7c90236844f5198f96787a8e329195da2f3	task12/evidence/2026-08-15/tgoskits/docs/docs/build/axvisor/task1-2026-08-15-rtbench-suite-1000-pass.log
tgoskits	/home/yfblock/Code/hyper-rtos/tgoskits	rtthread-migration	cbf9f8b31c4844d8cf14faf5c41e3c9df3bca3d0	false	docs/docs/build/axvisor/task12-2026-08-15-after-rtipc-10s-pass-qemu.log	task12	evidence	2026-08-15	filename	328	6651847395150b17a11513196e60ed134b24f878331943a395d204c946c5161b	task12/evidence/2026-08-15/tgoskits/docs/docs/build/axvisor/task12-2026-08-15-after-rtipc-10s-pass-qemu.log
tgoskits	/home/yfblock/Code/hyper-rtos/tgoskits	rtthread-migration	cbf9f8b31c4844d8cf14faf5c41e3c9df3bca3d0	false	docs/docs/build/axvisor/task12-2026-08-15-after-rtipc-10s-pass.log	task12	evidence	2026-08-15	filename	46660	835edc5ed6a07e69ab8a5460d3915681fed6f9210bab4764530320342be0e9f5	task12/evidence/2026-08-15/tgoskits/docs/docs/build/axvisor/task12-2026-08-15-after-rtipc-10s-pass.log
tgoskits	/home/yfblock/Code/hyper-rtos/tgoskits	rtthread-migration	cbf9f8b31c4844d8cf14faf5c41e3c9df3bca3d0	false	docs/docs/build/axvisor/task12-2026-08-15-busy-no-yield-concurrent-10s-pass-qemu.log	task12	evidence	2026-08-15	filename	328	ab61e0ec08a2cedacbcc6f52896da713be42413006e8413e8a30f4ef9b1bc499	task12/evidence/2026-08-15/tgoskits/docs/docs/build/axvisor/task12-2026-08-15-busy-no-yield-concurrent-10s-pass-qemu.log
tgoskits	/home/yfblock/Code/hyper-rtos/tgoskits	rtthread-migration	cbf9f8b31c4844d8cf14faf5c41e3c9df3bca3d0	false	docs/docs/build/axvisor/task12-2026-08-15-busy-no-yield-concurrent-10s-pass.log	task12	evidence	2026-08-15	filename	44108	c72f456bc24a7ab9a63da73e263a97dfde42e24fc8861d30eaf7da96cba49448	task12/evidence/2026-08-15/tgoskits/docs/docs/build/axvisor/task12-2026-08-15-busy-no-yield-concurrent-10s-pass.log
tgoskits	/home/yfblock/Code/hyper-rtos/tgoskits	rtthread-migration	cbf9f8b31c4844d8cf14faf5c41e3c9df3bca3d0	false	docs/docs/build/axvisor/task12-2026-08-15-concurrent-300s-failed-qemu.log	task12	evidence	2026-08-15	filename	328	2a6c260f99e3482b43f813ceb067bce5afe5b7885837d1f76aa26caea448ed47	task12/evidence/2026-08-15/tgoskits/docs/docs/build/axvisor/task12-2026-08-15-concurrent-300s-failed-qemu.log
tgoskits	/home/yfblock/Code/hyper-rtos/tgoskits	rtthread-migration	cbf9f8b31c4844d8cf14faf5c41e3c9df3bca3d0	false	docs/docs/build/axvisor/task12-2026-08-15-concurrent-300s-failed.log	task12	evidence	2026-08-15	filename	57570	025f105379ff1453c8ec843d6a7ee74d4258f2bf6d07fc74b7c463a38faa0bb7	task12/evidence/2026-08-15/tgoskits/docs/docs/build/axvisor/task12-2026-08-15-concurrent-300s-failed.log
tgoskits	/home/yfblock/Code/hyper-rtos/tgoskits	rtthread-migration	cbf9f8b31c4844d8cf14faf5c41e3c9df3bca3d0	false	docs/docs/build/axvisor/task12-2026-08-15-concurrent-calibration-30s-qemu.log	task12	evidence	2026-08-15	filename	328	ac90267e1655eb5c56f74cfc618ff1730cf148d68b6406090baf62534c140656	task12/evidence/2026-08-15/tgoskits/docs/docs/build/axvisor/task12-2026-08-15-concurrent-calibration-30s-qemu.log
tgoskits	/home/yfblock/Code/hyper-rtos/tgoskits	rtthread-migration	cbf9f8b31c4844d8cf14faf5c41e3c9df3bca3d0	false	docs/docs/build/axvisor/task12-2026-08-15-concurrent-calibration-30s.log	task12	evidence	2026-08-15	filename	44698	192a9d06dde180b54761ece65f57b15d6a1df8adc8564690c0ce5bb771f00f78	task12/evidence/2026-08-15/tgoskits/docs/docs/build/axvisor/task12-2026-08-15-concurrent-calibration-30s.log
tgoskits	/home/yfblock/Code/hyper-rtos/tgoskits	rtthread-migration	cbf9f8b31c4844d8cf14faf5c41e3c9df3bca3d0	false	docs/docs/build/axvisor/task12-2026-08-15-done-smoke-10s-failed-qemu.log	task12	evidence	2026-08-15	filename	328	8984f1f48ffc3762d86320d4ed30b28e7b7853a9b85f9e3c1c21bea8417b1710	task12/evidence/2026-08-15/tgoskits/docs/docs/build/axvisor/task12-2026-08-15-done-smoke-10s-failed-qemu.log
tgoskits	/home/yfblock/Code/hyper-rtos/tgoskits	rtthread-migration	cbf9f8b31c4844d8cf14faf5c41e3c9df3bca3d0	false	docs/docs/build/axvisor/task12-2026-08-15-done-smoke-10s-failed.log	task12	evidence	2026-08-15	filename	47926	6a37354128d795a13177c9b2eac904fff25c8481e30b5d07d388c776fb4ae276	task12/evidence/2026-08-15/tgoskits/docs/docs/build/axvisor/task12-2026-08-15-done-smoke-10s-failed.log
tgoskits	/home/yfblock/Code/hyper-rtos/tgoskits	rtthread-migration	cbf9f8b31c4844d8cf14faf5c41e3c9df3bca3d0	false	docs/docs/build/axvisor/task12-2026-08-15-done-smoke-10s-repeat-failed-qemu.log	task12	evidence	2026-08-15	filename	328	a83a04284246662504dc6ed979ad5603e74d06d3bb0c4ee5093a97844ba4330f	task12/evidence/2026-08-15/tgoskits/docs/docs/build/axvisor/task12-2026-08-15-done-smoke-10s-repeat-failed-qemu.log
tgoskits	/home/yfblock/Code/hyper-rtos/tgoskits	rtthread-migration	cbf9f8b31c4844d8cf14faf5c41e3c9df3bca3d0	false	docs/docs/build/axvisor/task12-2026-08-15-done-smoke-10s-repeat-failed.log	task12	evidence	2026-08-15	filename	45523	8b62645765dd830babcc80e20de3f95f8abd4819a12969639bf316189fccce4f	task12/evidence/2026-08-15/tgoskits/docs/docs/build/axvisor/task12-2026-08-15-done-smoke-10s-repeat-failed.log
tgoskits	/home/yfblock/Code/hyper-rtos/tgoskits	rtthread-migration	cbf9f8b31c4844d8cf14faf5c41e3c9df3bca3d0	false	docs/docs/build/axvisor/task12-2026-08-15-final-clean-concurrent-300s-30k-failed-guest.log	task12	evidence	2026-08-15	filename	60864	1808b570e99e3c7f9879140cda8ae6a9d1b36a6f38ac8c70337565d7005974c3	task12/evidence/2026-08-15/tgoskits/docs/docs/build/axvisor/task12-2026-08-15-final-clean-concurrent-300s-30k-failed-guest.log
tgoskits	/home/yfblock/Code/hyper-rtos/tgoskits	rtthread-migration	cbf9f8b31c4844d8cf14faf5c41e3c9df3bca3d0	false	docs/docs/build/axvisor/task12-2026-08-15-final-clean-concurrent-300s-30k-failed-qemu.log	task12	evidence	2026-08-15	filename	328	4e668db4ba4b2904f38a63473e915b3c3954e14a21518b17a53cbba3246d7ef4	task12/evidence/2026-08-15/tgoskits/docs/docs/build/axvisor/task12-2026-08-15-final-clean-concurrent-300s-30k-failed-qemu.log
tgoskits	/home/yfblock/Code/hyper-rtos/tgoskits	rtthread-migration	cbf9f8b31c4844d8cf14faf5c41e3c9df3bca3d0	false	docs/docs/build/axvisor/task12-2026-08-15-final-clean-smoke-10s-failed-guest.log	task12	evidence	2026-08-15	filename	44580	46ce9ada1ef88845b76a0e52e9aa06efa188cc0651f99b207dcd60ed0476cb99	task12/evidence/2026-08-15/tgoskits/docs/docs/build/axvisor/task12-2026-08-15-final-clean-smoke-10s-failed-guest.log
tgoskits	/home/yfblock/Code/hyper-rtos/tgoskits	rtthread-migration	cbf9f8b31c4844d8cf14faf5c41e3c9df3bca3d0	false	docs/docs/build/axvisor/task12-2026-08-15-final-clean-smoke-10s-failed-qemu.log	task12	evidence	2026-08-15	filename	328	e637e2998b354f2310d14a7ffe3a32f8b2904f969976a703fc78a945057c201c	task12/evidence/2026-08-15/tgoskits/docs/docs/build/axvisor/task12-2026-08-15-final-clean-smoke-10s-failed-qemu.log
tgoskits	/home/yfblock/Code/hyper-rtos/tgoskits	rtthread-migration	cbf9f8b31c4844d8cf14faf5c41e3c9df3bca3d0	false	docs/docs/build/axvisor/task12-2026-08-15-final-protocol-concurrent-300s-30k-guest.log	task12	evidence	2026-08-15	filename	62413	c1b6bde9590e44c5871245fa24a56cecc9e058c293c3f9ffb10155aea3ac2ed1	task12/evidence/2026-08-15/tgoskits/docs/docs/build/axvisor/task12-2026-08-15-final-protocol-concurrent-300s-30k-guest.log
tgoskits	/home/yfblock/Code/hyper-rtos/tgoskits	rtthread-migration	cbf9f8b31c4844d8cf14faf5c41e3c9df3bca3d0	false	docs/docs/build/axvisor/task12-2026-08-15-final-protocol-concurrent-300s-30k-qemu.log	task12	evidence	2026-08-15	filename	328	22ef6d735642d23e4df009001054a12b920fa6e91b8f98acbd4ea1e1bf18e113	task12/evidence/2026-08-15/tgoskits/docs/docs/build/axvisor/task12-2026-08-15-final-protocol-concurrent-300s-30k-qemu.log
tgoskits	/home/yfblock/Code/hyper-rtos/tgoskits	rtthread-migration	cbf9f8b31c4844d8cf14faf5c41e3c9df3bca3d0	false	docs/docs/build/axvisor/task12-2026-08-15-final-protocol-concurrent-300s-30k-runner.log	task12	evidence	2026-08-15	filename	174286	665c90cef0dfd069d547f660ca1558a8e54692572110675a48e64d02d5b0ff55	task12/evidence/2026-08-15/tgoskits/docs/docs/build/axvisor/task12-2026-08-15-final-protocol-concurrent-300s-30k-runner.log
tgoskits	/home/yfblock/Code/hyper-rtos/tgoskits	rtthread-migration	cbf9f8b31c4844d8cf14faf5c41e3c9df3bca3d0	false	docs/docs/build/axvisor/task12-2026-08-15-final-protocol-concurrent-300s-30k-timing.log	task12	evidence	2026-08-15	filename	262	dfd2b807a4a1d483f05745a70f5dd1631c8bba2386c0cc963566f383fa973540	task12/evidence/2026-08-15/tgoskits/docs/docs/build/axvisor/task12-2026-08-15-final-protocol-concurrent-300s-30k-timing.log
tgoskits	/home/yfblock/Code/hyper-rtos/tgoskits	rtthread-migration	cbf9f8b31c4844d8cf14faf5c41e3c9df3bca3d0	false	docs/docs/build/axvisor/task12-2026-08-15-hard-timer-concurrent-10s-failed-qemu.log	task12	evidence	2026-08-15	filename	328	098bf752b73fe203d22083f9d3de4da9ef0f8c7af445df16f0d77bf7d0a6420d	task12/evidence/2026-08-15/tgoskits/docs/docs/build/axvisor/task12-2026-08-15-hard-timer-concurrent-10s-failed-qemu.log
tgoskits	/home/yfblock/Code/hyper-rtos/tgoskits	rtthread-migration	cbf9f8b31c4844d8cf14faf5c41e3c9df3bca3d0	false	docs/docs/build/axvisor/task12-2026-08-15-hard-timer-concurrent-10s-failed.log	task12	evidence	2026-08-15	filename	43745	18a5eb3c29f9ee5d523799fc53676dfa3a8a9e928e03cf5f4669e5ceb323d7bf	task12/evidence/2026-08-15/tgoskits/docs/docs/build/axvisor/task12-2026-08-15-hard-timer-concurrent-10s-failed.log
tgoskits	/home/yfblock/Code/hyper-rtos/tgoskits	rtthread-migration	cbf9f8b31c4844d8cf14faf5c41e3c9df3bca3d0	false	docs/docs/build/axvisor/task12-2026-08-15-hard-timer-no-pidstat-10s-failed-qemu.log	task12	evidence	2026-08-15	filename	328	d045dc6038e927499f716e258ac7bc45d73b198ec6fa97234c6851105d200c62	task12/evidence/2026-08-15/tgoskits/docs/docs/build/axvisor/task12-2026-08-15-hard-timer-no-pidstat-10s-failed-qemu.log
tgoskits	/home/yfblock/Code/hyper-rtos/tgoskits	rtthread-migration	cbf9f8b31c4844d8cf14faf5c41e3c9df3bca3d0	false	docs/docs/build/axvisor/task12-2026-08-15-hard-timer-no-pidstat-10s-failed.log	task12	evidence	2026-08-15	filename	44088	0a3162f260da807575f0d70bafb0fd06ecfa923d48b21fab7906f600268ac810	task12/evidence/2026-08-15/tgoskits/docs/docs/build/axvisor/task12-2026-08-15-hard-timer-no-pidstat-10s-failed.log
tgoskits	/home/yfblock/Code/hyper-rtos/tgoskits	rtthread-migration	cbf9f8b31c4844d8cf14faf5c41e3c9df3bca3d0	false	docs/docs/build/axvisor/task12-2026-08-15-hard-timer-threshold-qemu-diag-10s-failed-qemu.log	task12	evidence	2026-08-15	filename	14529	27229d8cf8148e9b96d04b5fa77a671af5d520e08e35edc9a1e5ef2684436dbf	task12/evidence/2026-08-15/tgoskits/docs/docs/build/axvisor/task12-2026-08-15-hard-timer-threshold-qemu-diag-10s-failed-qemu.log
tgoskits	/home/yfblock/Code/hyper-rtos/tgoskits	rtthread-migration	cbf9f8b31c4844d8cf14faf5c41e3c9df3bca3d0	false	docs/docs/build/axvisor/task12-2026-08-15-hard-timer-threshold-qemu-diag-10s-failed.log	task12	evidence	2026-08-15	filename	43540	8b1b98c64f646967e87111d93891f80c617547d4e8247655e24c91aee3672ebd	task12/evidence/2026-08-15/tgoskits/docs/docs/build/axvisor/task12-2026-08-15-hard-timer-threshold-qemu-diag-10s-failed.log
tgoskits	/home/yfblock/Code/hyper-rtos/tgoskits	rtthread-migration	cbf9f8b31c4844d8cf14faf5c41e3c9df3bca3d0	false	docs/docs/build/axvisor/task12-2026-08-15-hard-timer-uclamp-max-concurrent-10s-pass-qemu.log	task12	evidence	2026-08-15	filename	328	59883c0b7a264436bd5795af9f815d85eed5e52beae3e929d4991daca9b16474	task12/evidence/2026-08-15/tgoskits/docs/docs/build/axvisor/task12-2026-08-15-hard-timer-uclamp-max-concurrent-10s-pass-qemu.log
tgoskits	/home/yfblock/Code/hyper-rtos/tgoskits	rtthread-migration	cbf9f8b31c4844d8cf14faf5c41e3c9df3bca3d0	false	docs/docs/build/axvisor/task12-2026-08-15-hard-timer-uclamp-max-concurrent-10s-pass.log	task12	evidence	2026-08-15	filename	44121	c6e3aa043b82c8ddda57ef981caadfd7f57351dff588e815047483959a60c101	task12/evidence/2026-08-15/tgoskits/docs/docs/build/axvisor/task12-2026-08-15-hard-timer-uclamp-max-concurrent-10s-pass.log
tgoskits	/home/yfblock/Code/hyper-rtos/tgoskits	rtthread-migration	cbf9f8b31c4844d8cf14faf5c41e3c9df3bca3d0	false	docs/docs/build/axvisor/task12-2026-08-15-host-all-thread-affinity-10s-failed-qemu.log	task12	evidence	2026-08-15	filename	328	0d178b0dc8500275903c80c7587474d1d740a102ecb1614fcc22cbfb317abc9b	task12/evidence/2026-08-15/tgoskits/docs/docs/build/axvisor/task12-2026-08-15-host-all-thread-affinity-10s-failed-qemu.log
tgoskits	/home/yfblock/Code/hyper-rtos/tgoskits	rtthread-migration	cbf9f8b31c4844d8cf14faf5c41e3c9df3bca3d0	false	docs/docs/build/axvisor/task12-2026-08-15-host-all-thread-affinity-10s-failed.log	task12	evidence	2026-08-15	filename	43401	fcf663e809858193cd3b5b422f44701bba6ed50dd0b4659158a1899267de24b7	task12/evidence/2026-08-15/tgoskits/docs/docs/build/axvisor/task12-2026-08-15-host-all-thread-affinity-10s-failed.log
tgoskits	/home/yfblock/Code/hyper-rtos/tgoskits	rtthread-migration	cbf9f8b31c4844d8cf14faf5c41e3c9df3bca3d0	false	docs/docs/build/axvisor/task12-2026-08-15-host-rt-tcg-affinity-10s-failed-qemu.log	task12	evidence	2026-08-15	filename	328	46a027a20d429d0270127e580293287c08cf241233deb9a922d790cb207d168f	task12/evidence/2026-08-15/tgoskits/docs/docs/build/axvisor/task12-2026-08-15-host-rt-tcg-affinity-10s-failed-qemu.log
tgoskits	/home/yfblock/Code/hyper-rtos/tgoskits	rtthread-migration	cbf9f8b31c4844d8cf14faf5c41e3c9df3bca3d0	false	docs/docs/build/axvisor/task12-2026-08-15-host-rt-tcg-affinity-10s-failed.log	task12	evidence	2026-08-15	filename	43525	dfdb37fc0ad361ab38baae4392f32689ffd3b2ca626038e883d7bdc84d76dae0	task12/evidence/2026-08-15/tgoskits/docs/docs/build/axvisor/task12-2026-08-15-host-rt-tcg-affinity-10s-failed.log
tgoskits	/home/yfblock/Code/hyper-rtos/tgoskits	rtthread-migration	cbf9f8b31c4844d8cf14faf5c41e3c9df3bca3d0	false	docs/docs/build/axvisor/task12-2026-08-15-native-concurrent-smoke-10s-failed-qemu.log	task12	evidence	2026-08-15	filename	328	c108337ddfd415cc7adb553b56bd27e8b667c8f4d15846b7587ea96e0d11e9be	task12/evidence/2026-08-15/tgoskits/docs/docs/build/axvisor/task12-2026-08-15-native-concurrent-smoke-10s-failed-qemu.log
tgoskits	/home/yfblock/Code/hyper-rtos/tgoskits	rtthread-migration	cbf9f8b31c4844d8cf14faf5c41e3c9df3bca3d0	false	docs/docs/build/axvisor/task12-2026-08-15-native-concurrent-smoke-10s-failed.log	task12	evidence	2026-08-15	filename	43787	0dd2dd856c1cd8ed8dcd471650589754233788808e39d9091772a9d2453e3734	task12/evidence/2026-08-15/tgoskits/docs/docs/build/axvisor/task12-2026-08-15-native-concurrent-smoke-10s-failed.log
tgoskits	/home/yfblock/Code/hyper-rtos/tgoskits	rtthread-migration	cbf9f8b31c4844d8cf14faf5c41e3c9df3bca3d0	false	docs/docs/build/axvisor/task12-2026-08-15-post-protocol-smoke-10s-guest.log	task12	evidence	2026-08-15	filename	44428	8fb9628ace84df69f58bfce52f83a4c981973fe27ee7c00f4cd01962a97db069	task12/evidence/2026-08-15/tgoskits/docs/docs/build/axvisor/task12-2026-08-15-post-protocol-smoke-10s-guest.log
tgoskits	/home/yfblock/Code/hyper-rtos/tgoskits	rtthread-migration	cbf9f8b31c4844d8cf14faf5c41e3c9df3bca3d0	false	docs/docs/build/axvisor/task12-2026-08-15-post-protocol-smoke-10s-qemu.log	task12	evidence	2026-08-15	filename	328	8498d80891aa922649e0a319df0652fa066645cc3301e85063238ab463c5ba9a	task12/evidence/2026-08-15/tgoskits/docs/docs/build/axvisor/task12-2026-08-15-post-protocol-smoke-10s-qemu.log
tgoskits	/home/yfblock/Code/hyper-rtos/tgoskits	rtthread-migration	cbf9f8b31c4844d8cf14faf5c41e3c9df3bca3d0	false	docs/docs/build/axvisor/task12-2026-08-15-post-protocol-smoke-10s-runner.log	task12	evidence	2026-08-15	filename	161366	2aeb3ca01a35089b578fb55ffdbe0be03dee826e334468b01c92c4c4f5bb3994	task12/evidence/2026-08-15/tgoskits/docs/docs/build/axvisor/task12-2026-08-15-post-protocol-smoke-10s-runner.log
tgoskits	/home/yfblock/Code/hyper-rtos/tgoskits	rtthread-migration	cbf9f8b31c4844d8cf14faf5c41e3c9df3bca3d0	false	docs/docs/build/axvisor/task12-2026-08-15-post-protocol-smoke-10s-timing.log	task12	evidence	2026-08-15	filename	259	ed15656a11f6ebee92ee5b36afb0f61f89a02785bd51b74f80cfd9877872adcf	task12/evidence/2026-08-15/tgoskits/docs/docs/build/axvisor/task12-2026-08-15-post-protocol-smoke-10s-timing.log
tgoskits	/home/yfblock/Code/hyper-rtos/tgoskits	rtthread-migration	cbf9f8b31c4844d8cf14faf5c41e3c9df3bca3d0	false	docs/docs/build/axvisor/task12-2026-08-15-reduced-qemu-diag-10s-failed-qemu.log	task12	evidence	2026-08-15	filename	12157790	779bf67ed32345baefaa718eece8598de5076c05c3acd0f23013c52c081d286f	task12/evidence/2026-08-15/tgoskits/docs/docs/build/axvisor/task12-2026-08-15-reduced-qemu-diag-10s-failed-qemu.log
tgoskits	/home/yfblock/Code/hyper-rtos/tgoskits	rtthread-migration	cbf9f8b31c4844d8cf14faf5c41e3c9df3bca3d0	false	docs/docs/build/axvisor/task12-2026-08-15-reduced-qemu-diag-10s-failed.log	task12	evidence	2026-08-15	filename	44207	14f552e23dd2a42a79238c142f093b2ca32430bd463c774891818d63924ef49c	task12/evidence/2026-08-15/tgoskits/docs/docs/build/axvisor/task12-2026-08-15-reduced-qemu-diag-10s-failed.log
tgoskits	/home/yfblock/Code/hyper-rtos/tgoskits	rtthread-migration	cbf9f8b31c4844d8cf14faf5c41e3c9df3bca3d0	false	docs/docs/build/axvisor/task12-2026-08-15-rtipc-1000-qemu.log	task12	evidence	2026-08-15	filename	145	ba47bbf3bce0da35223f5f5073719fea2d4617fe1ccfac101de7b97425670c1e	task12/evidence/2026-08-15/tgoskits/docs/docs/build/axvisor/task12-2026-08-15-rtipc-1000-qemu.log
tgoskits	/home/yfblock/Code/hyper-rtos/tgoskits	rtthread-migration	cbf9f8b31c4844d8cf14faf5c41e3c9df3bca3d0	false	docs/docs/build/axvisor/task12-2026-08-15-rtipc-1000.log	task12	evidence	2026-08-15	filename	48593	98adef56a626addd4d8d6ecaf24d49923b1b422130c38b0e05b5f92571a0630b	task12/evidence/2026-08-15/tgoskits/docs/docs/build/axvisor/task12-2026-08-15-rtipc-1000.log
tgoskits	/home/yfblock/Code/hyper-rtos/tgoskits	rtthread-migration	cbf9f8b31c4844d8cf14faf5c41e3c9df3bca3d0	false	docs/docs/build/axvisor/task12-2026-08-15-runner-uclamp-hard-timer-after-rtipc-30s-failed-qemu.log	task12	evidence	2026-08-15	filename	328	85f5d4ab5947372b30d0cc753834be89428d7d980ba20088463364012fbae49d	task12/evidence/2026-08-15/tgoskits/docs/docs/build/axvisor/task12-2026-08-15-runner-uclamp-hard-timer-after-rtipc-30s-failed-qemu.log
tgoskits	/home/yfblock/Code/hyper-rtos/tgoskits	rtthread-migration	cbf9f8b31c4844d8cf14faf5c41e3c9df3bca3d0	false	docs/docs/build/axvisor/task12-2026-08-15-runner-uclamp-hard-timer-after-rtipc-30s-failed.log	task12	evidence	2026-08-15	filename	47345	e775120f8fb34bb628892ee6fbc5235c3b24c293a4951ec237bb697dd226f905	task12/evidence/2026-08-15/tgoskits/docs/docs/build/axvisor/task12-2026-08-15-runner-uclamp-hard-timer-after-rtipc-30s-failed.log
tgoskits	/home/yfblock/Code/hyper-rtos/tgoskits	rtthread-migration	cbf9f8b31c4844d8cf14faf5c41e3c9df3bca3d0	false	docs/docs/build/axvisor/task12-2026-08-15-runner-uclamp-hard-timer-concurrent-10s-pass-qemu.log	task12	evidence	2026-08-15	filename	328	240049848689cb1600c24c1a41dee98728c7ba47f8b3adf84d98792c61317aa6	task12/evidence/2026-08-15/tgoskits/docs/docs/build/axvisor/task12-2026-08-15-runner-uclamp-hard-timer-concurrent-10s-pass-qemu.log
tgoskits	/home/yfblock/Code/hyper-rtos/tgoskits	rtthread-migration	cbf9f8b31c4844d8cf14faf5c41e3c9df3bca3d0	false	docs/docs/build/axvisor/task12-2026-08-15-runner-uclamp-hard-timer-concurrent-10s-pass.log	task12	evidence	2026-08-15	filename	43707	bc5a5d1d2cb24ef3bdf4c74857e2c6f2faccf81abf1249bce1ef0e08c69418ca	task12/evidence/2026-08-15/tgoskits/docs/docs/build/axvisor/task12-2026-08-15-runner-uclamp-hard-timer-concurrent-10s-pass.log
tgoskits	/home/yfblock/Code/hyper-rtos/tgoskits	rtthread-migration	cbf9f8b31c4844d8cf14faf5c41e3c9df3bca3d0	false	docs/docs/build/axvisor/task12-2026-08-15-runner-uclamp-hard-timer-concurrent-300s-30k-pass-guest.log	task12	evidence	2026-08-15	filename	58626	ed800898305a1fb4b3c2cc3ec115bbbfb1b246fb27f1be967f792e133f5a7c0c	task12/evidence/2026-08-15/tgoskits/docs/docs/build/axvisor/task12-2026-08-15-runner-uclamp-hard-timer-concurrent-300s-30k-pass-guest.log
tgoskits	/home/yfblock/Code/hyper-rtos/tgoskits	rtthread-migration	cbf9f8b31c4844d8cf14faf5c41e3c9df3bca3d0	false	docs/docs/build/axvisor/task12-2026-08-15-runner-uclamp-hard-timer-concurrent-300s-30k-pass-qemu.log	task12	evidence	2026-08-15	filename	328	7a10be8dc609714438f83944336a48ef5be15ea37cde25826cbaba5f523b9546	task12/evidence/2026-08-15/tgoskits/docs/docs/build/axvisor/task12-2026-08-15-runner-uclamp-hard-timer-concurrent-300s-30k-pass-qemu.log
tgoskits	/home/yfblock/Code/hyper-rtos/tgoskits	rtthread-migration	cbf9f8b31c4844d8cf14faf5c41e3c9df3bca3d0	false	docs/docs/build/axvisor/task12-2026-08-15-runner-uclamp-hard-timer-concurrent-300s-failed-guest.log	task12	evidence	2026-08-15	filename	51766	50e15b0be9d40c0f9ea57e6f2579d3352bb66ffabf85f28e9ef542b6d7afabc2	task12/evidence/2026-08-15/tgoskits/docs/docs/build/axvisor/task12-2026-08-15-runner-uclamp-hard-timer-concurrent-300s-failed-guest.log
tgoskits	/home/yfblock/Code/hyper-rtos/tgoskits	rtthread-migration	cbf9f8b31c4844d8cf14faf5c41e3c9df3bca3d0	false	docs/docs/build/axvisor/task12-2026-08-15-runner-uclamp-hard-timer-concurrent-300s-failed-qemu.log	task12	evidence	2026-08-15	filename	328	52fd824d1031960008c07e3aa39c247dba87c9f566f44b5d5f8fc17de310603d	task12/evidence/2026-08-15/tgoskits/docs/docs/build/axvisor/task12-2026-08-15-runner-uclamp-hard-timer-concurrent-300s-failed-qemu.log
tgoskits	/home/yfblock/Code/hyper-rtos/tgoskits	rtthread-migration	cbf9f8b31c4844d8cf14faf5c41e3c9df3bca3d0	false	docs/docs/build/axvisor/task12-2026-08-15-runner-uclamp-hard-timer-concurrent-300s-failed.log	task12	evidence	2026-08-15	filename	529020	43392458ef20cd67e3ed5b368934717fb6b2cb217d9e5cb0a4a472637fda414f	task12/evidence/2026-08-15/tgoskits/docs/docs/build/axvisor/task12-2026-08-15-runner-uclamp-hard-timer-concurrent-300s-failed.log
tgoskits	/home/yfblock/Code/hyper-rtos/tgoskits	rtthread-migration	cbf9f8b31c4844d8cf14faf5c41e3c9df3bca3d0	false	docs/docs/build/axvisor/task12-2026-08-15-runner-uclamp-hard-timer-concurrent-30s-failed-qemu.log	task12	evidence	2026-08-15	filename	328	be4994751ac1cbbd71fb03f85a68e55562d5a8c51e8fb87a5ba1a815386178c8	task12/evidence/2026-08-15/tgoskits/docs/docs/build/axvisor/task12-2026-08-15-runner-uclamp-hard-timer-concurrent-30s-failed-qemu.log
tgoskits	/home/yfblock/Code/hyper-rtos/tgoskits	rtthread-migration	cbf9f8b31c4844d8cf14faf5c41e3c9df3bca3d0	false	docs/docs/build/axvisor/task12-2026-08-15-runner-uclamp-hard-timer-concurrent-30s-failed.log	task12	evidence	2026-08-15	filename	45950	ee62ef53cbb5a019a052b034913ce6f2e13fd3d0cd146ab3a9e12bb155d6147d	task12/evidence/2026-08-15/tgoskits/docs/docs/build/axvisor/task12-2026-08-15-runner-uclamp-hard-timer-concurrent-30s-failed.log
tgoskits	/home/yfblock/Code/hyper-rtos/tgoskits	rtthread-migration	cbf9f8b31c4844d8cf14faf5c41e3c9df3bca3d0	false	docs/docs/build/axvisor/task12-2026-08-15-sample-wait-concurrent-10s-pass-qemu.log	task12	evidence	2026-08-15	filename	328	06622de20d502097ab9b729f747026219db38495a301743729101c21bc86f6ac	task12/evidence/2026-08-15/tgoskits/docs/docs/build/axvisor/task12-2026-08-15-sample-wait-concurrent-10s-pass-qemu.log
tgoskits	/home/yfblock/Code/hyper-rtos/tgoskits	rtthread-migration	cbf9f8b31c4844d8cf14faf5c41e3c9df3bca3d0	false	docs/docs/build/axvisor/task12-2026-08-15-sample-wait-concurrent-10s-pass.log	task12	evidence	2026-08-15	filename	45437	fc72530b7bf3fc572aa428fccef0110c8e7afce83c05d96534cc996e29115257	task12/evidence/2026-08-15/tgoskits/docs/docs/build/axvisor/task12-2026-08-15-sample-wait-concurrent-10s-pass.log
tgoskits	/home/yfblock/Code/hyper-rtos/tgoskits	rtthread-migration	cbf9f8b31c4844d8cf14faf5c41e3c9df3bca3d0	false	docs/docs/build/axvisor/task12-2026-08-15-threshold-qemu-diag-soft-timer-10s-failed-qemu.log	task12	evidence	2026-08-15	filename	6623	1666743d4f71169320fee982c24eed01e912a7af541fb8d2c586cb52fe038e5f	task12/evidence/2026-08-15/tgoskits/docs/docs/build/axvisor/task12-2026-08-15-threshold-qemu-diag-soft-timer-10s-failed-qemu.log
tgoskits	/home/yfblock/Code/hyper-rtos/tgoskits	rtthread-migration	cbf9f8b31c4844d8cf14faf5c41e3c9df3bca3d0	false	docs/docs/build/axvisor/task12-2026-08-15-threshold-qemu-diag-soft-timer-10s-failed.log	task12	evidence	2026-08-15	filename	43970	ee9ba28fe4c0e0cdaeeb9295a7f6752c7346a3c9c8a113c41c76f8936c02eb07	task12/evidence/2026-08-15/tgoskits/docs/docs/build/axvisor/task12-2026-08-15-threshold-qemu-diag-soft-timer-10s-failed.log
tgoskits	/home/yfblock/Code/hyper-rtos/tgoskits	rtthread-migration	cbf9f8b31c4844d8cf14faf5c41e3c9df3bca3d0	false	docs/docs/build/axvisor/task12-2026-08-15-tlbi-exclusive-diag-10s-failed-qemu.log	task12	evidence	2026-08-15	filename	20035469	a53b371d0abc8c7672a9e361966ccbf1bfadb94c4038780ab9dc6743197f1574	task12/evidence/2026-08-15/tgoskits/docs/docs/build/axvisor/task12-2026-08-15-tlbi-exclusive-diag-10s-failed-qemu.log
tgoskits	/home/yfblock/Code/hyper-rtos/tgoskits	rtthread-migration	cbf9f8b31c4844d8cf14faf5c41e3c9df3bca3d0	false	docs/docs/build/axvisor/task12-2026-08-15-tlbi-exclusive-diag-10s-failed.log	task12	evidence	2026-08-15	filename	43650	a8e5913457117c3579897d12c21b5436f0e7203e7cad5a9948cbfeba1cd77c50	task12/evidence/2026-08-15/tgoskits/docs/docs/build/axvisor/task12-2026-08-15-tlbi-exclusive-diag-10s-failed.log
tgoskits	/home/yfblock/Code/hyper-rtos/tgoskits	rtthread-migration	cbf9f8b31c4844d8cf14faf5c41e3c9df3bca3d0	false	docs/docs/build/axvisor/task12-2026-08-15-vm-scoped-tlbi-concurrent-10s-failed-qemu.log	task12	evidence	2026-08-15	filename	328	6aa37ef00cb05f8da0f36cde30aae58e1093da257fec03c1182dd1e312288135	task12/evidence/2026-08-15/tgoskits/docs/docs/build/axvisor/task12-2026-08-15-vm-scoped-tlbi-concurrent-10s-failed-qemu.log
tgoskits	/home/yfblock/Code/hyper-rtos/tgoskits	rtthread-migration	cbf9f8b31c4844d8cf14faf5c41e3c9df3bca3d0	false	docs/docs/build/axvisor/task12-2026-08-15-vm-scoped-tlbi-concurrent-10s-failed.log	task12	evidence	2026-08-15	filename	44047	1dc74a072220f40e28f3eb56d32b58e5522fd212c968c2880c12d773f6075111	task12/evidence/2026-08-15/tgoskits/docs/docs/build/axvisor/task12-2026-08-15-vm-scoped-tlbi-concurrent-10s-failed.log
tgoskits	/home/yfblock/Code/hyper-rtos/tgoskits	rtthread-migration	cbf9f8b31c4844d8cf14faf5c41e3c9df3bca3d0	false	docs/docs/build/axvisor/task12-busy-wfi-fast-v10-host-affinity-300s-qemu.log	task12	evidence	2026-08-15	filesystem_mtime	25219	4be793bb40026a0f54c776b39c68b29dc18bcc8a12bad9d1010f91783acc6fe1	task12/evidence/2026-08-15/tgoskits/docs/docs/build/axvisor/task12-busy-wfi-fast-v10-host-affinity-300s-qemu.log
tgoskits	/home/yfblock/Code/hyper-rtos/tgoskits	rtthread-migration	cbf9f8b31c4844d8cf14faf5c41e3c9df3bca3d0	false	docs/docs/build/axvisor/task12-busy-wfi-fast-v10-host-affinity-300s-timing.log	task12	evidence	2026-08-15	filesystem_mtime	262	381f058560edcc99f045e7470aca2b3ef3c37c8cfdffaa3ca73a9dbc7be0a41e	task12/evidence/2026-08-15/tgoskits/docs/docs/build/axvisor/task12-busy-wfi-fast-v10-host-affinity-300s-timing.log
tgoskits	/home/yfblock/Code/hyper-rtos/tgoskits	rtthread-migration	cbf9f8b31c4844d8cf14faf5c41e3c9df3bca3d0	false	docs/docs/build/axvisor/task12-busy-wfi-fast-v10-host-affinity-300s.log	task12	evidence	2026-08-15	filesystem_mtime	55041	284163ef700de8e5549f99f8740010cfe99af15139070e8af40a9b4d5d1aad09	task12/evidence/2026-08-15/tgoskits/docs/docs/build/axvisor/task12-busy-wfi-fast-v10-host-affinity-300s.log
tgoskits	/home/yfblock/Code/hyper-rtos/tgoskits	rtthread-migration	cbf9f8b31c4844d8cf14faf5c41e3c9df3bca3d0	false	docs/docs/build/axvisor/task12-busy-wfi-fast-v10-host-affinity-smoke-10s-qemu.log	task12	evidence	2026-08-15	filesystem_mtime	2458	33cfefbc8b9a6ac986f4d6b40147e54d1beda67bab04f50f38aed3d2b80f4eb0	task12/evidence/2026-08-15/tgoskits/docs/docs/build/axvisor/task12-busy-wfi-fast-v10-host-affinity-smoke-10s-qemu.log
tgoskits	/home/yfblock/Code/hyper-rtos/tgoskits	rtthread-migration	cbf9f8b31c4844d8cf14faf5c41e3c9df3bca3d0	false	docs/docs/build/axvisor/task12-busy-wfi-fast-v10-host-affinity-smoke-10s-timing.log	task12	evidence	2026-08-15	filesystem_mtime	259	c4987870b27885f2d9d7661db4e9fb040ab2cfad8182062e95e3b89e226cfe37	task12/evidence/2026-08-15/tgoskits/docs/docs/build/axvisor/task12-busy-wfi-fast-v10-host-affinity-smoke-10s-timing.log
tgoskits	/home/yfblock/Code/hyper-rtos/tgoskits	rtthread-migration	cbf9f8b31c4844d8cf14faf5c41e3c9df3bca3d0	false	docs/docs/build/axvisor/task12-busy-wfi-fast-v10-host-affinity-smoke-10s.log	task12	evidence	2026-08-15	filesystem_mtime	43629	77e06920339c4455ec7cb17b9ac92f9ab4e672356d1633defe22f0cfcfd44598	task12/evidence/2026-08-15/tgoskits/docs/docs/build/axvisor/task12-busy-wfi-fast-v10-host-affinity-smoke-10s.log
tgoskits	/home/yfblock/Code/hyper-rtos/tgoskits	rtthread-migration	cbf9f8b31c4844d8cf14faf5c41e3c9df3bca3d0	false	docs/docs/build/axvisor/task12-busy-wfi-fast-v8-300s-qemu.log	task12	evidence	2026-08-15	filesystem_mtime	4051	f675c5a1be523ca1bbeb18133f80bf8764379c1ce2ca06bbc1005574d191a256	task12/evidence/2026-08-15/tgoskits/docs/docs/build/axvisor/task12-busy-wfi-fast-v8-300s-qemu.log
tgoskits	/home/yfblock/Code/hyper-rtos/tgoskits	rtthread-migration	cbf9f8b31c4844d8cf14faf5c41e3c9df3bca3d0	false	docs/docs/build/axvisor/task12-busy-wfi-fast-v8-300s-timing.log	task12	evidence	2026-08-15	filesystem_mtime	262	321e994baf924f8e75c0eeae0a30d8ab3d4f00cc28a2cc2144c1d11ec4b13aa4	task12/evidence/2026-08-15/tgoskits/docs/docs/build/axvisor/task12-busy-wfi-fast-v8-300s-timing.log
tgoskits	/home/yfblock/Code/hyper-rtos/tgoskits	rtthread-migration	cbf9f8b31c4844d8cf14faf5c41e3c9df3bca3d0	false	docs/docs/build/axvisor/task12-busy-wfi-fast-v8-300s.log	task12	evidence	2026-08-15	filesystem_mtime	55298	f77268d0a79d122234c55372edf8295533cc757b18b4ef0968870b3f0ebad5df	task12/evidence/2026-08-15/tgoskits/docs/docs/build/axvisor/task12-busy-wfi-fast-v8-300s.log
tgoskits	/home/yfblock/Code/hyper-rtos/tgoskits	rtthread-migration	cbf9f8b31c4844d8cf14faf5c41e3c9df3bca3d0	false	docs/docs/build/axvisor/task12-busy-wfi-fast-v8-smoke-10s-qemu.log	task12	evidence	2026-08-15	filesystem_mtime	2449	86c252d090f3144fce41c7693d651f2078a922e94bd94f3f76958b8484ac9e94	task12/evidence/2026-08-15/tgoskits/docs/docs/build/axvisor/task12-busy-wfi-fast-v8-smoke-10s-qemu.log
tgoskits	/home/yfblock/Code/hyper-rtos/tgoskits	rtthread-migration	cbf9f8b31c4844d8cf14faf5c41e3c9df3bca3d0	false	docs/docs/build/axvisor/task12-busy-wfi-fast-v8-smoke-10s-timing.log	task12	evidence	2026-08-15	filesystem_mtime	259	d7b24af644035545cc5d0c61722dc09df65c649d053512d130f4e55cfaa25abe	task12/evidence/2026-08-15/tgoskits/docs/docs/build/axvisor/task12-busy-wfi-fast-v8-smoke-10s-timing.log
tgoskits	/home/yfblock/Code/hyper-rtos/tgoskits	rtthread-migration	cbf9f8b31c4844d8cf14faf5c41e3c9df3bca3d0	false	docs/docs/build/axvisor/task12-busy-wfi-fast-v8-smoke-10s.log	task12	evidence	2026-08-15	filesystem_mtime	43610	174a6c3f1236b7d5ca627196921611043158ed7aff60f50003503c9215780eca	task12/evidence/2026-08-15/tgoskits/docs/docs/build/axvisor/task12-busy-wfi-fast-v8-smoke-10s.log
tgoskits	/home/yfblock/Code/hyper-rtos/tgoskits	rtthread-migration	cbf9f8b31c4844d8cf14faf5c41e3c9df3bca3d0	false	docs/docs/build/axvisor/task12-busy-wfi-fast-v9-host-affinity-smoke-10s-qemu.log	task12	evidence	2026-08-15	filesystem_mtime	2450	60c14917d3f65a75886c5615ccea8a4db5f25f13a84665e71cbb60f438a5a704	task12/evidence/2026-08-15/tgoskits/docs/docs/build/axvisor/task12-busy-wfi-fast-v9-host-affinity-smoke-10s-qemu.log
tgoskits	/home/yfblock/Code/hyper-rtos/tgoskits	rtthread-migration	cbf9f8b31c4844d8cf14faf5c41e3c9df3bca3d0	false	docs/docs/build/axvisor/task12-busy-wfi-fast-v9-host-affinity-smoke-10s-timing.log	task12	evidence	2026-08-15	filesystem_mtime	259	5051bd2dc29252ecc05d7f2d72f3702f4e9350f1c9eeb3fb834de42c7ad41570	task12/evidence/2026-08-15/tgoskits/docs/docs/build/axvisor/task12-busy-wfi-fast-v9-host-affinity-smoke-10s-timing.log
tgoskits	/home/yfblock/Code/hyper-rtos/tgoskits	rtthread-migration	cbf9f8b31c4844d8cf14faf5c41e3c9df3bca3d0	false	docs/docs/build/axvisor/task12-busy-wfi-fast-v9-host-affinity-smoke-10s.log	task12	evidence	2026-08-15	filesystem_mtime	43223	c5498555fee7a96da98003e061782a38cf3da438f467a57e854df9db2e85cc91	task12/evidence/2026-08-15/tgoskits/docs/docs/build/axvisor/task12-busy-wfi-fast-v9-host-affinity-smoke-10s.log
tgoskits	/home/yfblock/Code/hyper-rtos/tgoskits	rtthread-migration	cbf9f8b31c4844d8cf14faf5c41e3c9df3bca3d0	false	docs/docs/build/axvisor/task12-busy-wfi-v7-smoke-10s-qemu.log	task12	evidence	2026-08-15	filesystem_mtime	1930	5ef41797c848be18c4249193ce38c3f6f86bd468b9b02d2472dc487b1e5f5a7d	task12/evidence/2026-08-15/tgoskits/docs/docs/build/axvisor/task12-busy-wfi-v7-smoke-10s-qemu.log
tgoskits	/home/yfblock/Code/hyper-rtos/tgoskits	rtthread-migration	cbf9f8b31c4844d8cf14faf5c41e3c9df3bca3d0	false	docs/docs/build/axvisor/task12-busy-wfi-v7-smoke-10s-timing.log	task12	evidence	2026-08-15	filesystem_mtime	259	8540cd9f0d59f37e95c576fbcea2226cc8bcac050e35a299945bb2a9d1c47e85	task12/evidence/2026-08-15/tgoskits/docs/docs/build/axvisor/task12-busy-wfi-v7-smoke-10s-timing.log
tgoskits	/home/yfblock/Code/hyper-rtos/tgoskits	rtthread-migration	cbf9f8b31c4844d8cf14faf5c41e3c9df3bca3d0	false	docs/docs/build/axvisor/task12-busy-wfi-v7-smoke-10s.log	task12	evidence	2026-08-15	filesystem_mtime	43862	c5b6870b941da0f87495054c8981c127bfc9c4aa48c0bad6da1a5d38dd8f7514	task12/evidence/2026-08-15/tgoskits/docs/docs/build/axvisor/task12-busy-wfi-v7-smoke-10s.log
tgoskits	/home/yfblock/Code/hyper-rtos/tgoskits	rtthread-migration	cbf9f8b31c4844d8cf14faf5c41e3c9df3bca3d0	false	docs/docs/build/axvisor/task12-qemu-boundary-300s-qemu.log	task12	evidence	2026-08-15	filesystem_mtime	10480067	dcad074ec458d3b61fc14dacf0c0c9bc66ee3250932fa95d603a428b420231b3	task12/evidence/2026-08-15/tgoskits/docs/docs/build/axvisor/task12-qemu-boundary-300s-qemu.log
tgoskits	/home/yfblock/Code/hyper-rtos/tgoskits	rtthread-migration	cbf9f8b31c4844d8cf14faf5c41e3c9df3bca3d0	false	docs/docs/build/axvisor/task12-qemu-boundary-300s.log	task12	evidence	2026-08-15	filesystem_mtime	36375	00398dda5563e5f44822d0b2ee003f32daf05559fc76b84b2d2ffed86309c3f8	task12/evidence/2026-08-15/tgoskits/docs/docs/build/axvisor/task12-qemu-boundary-300s.log
tgoskits	/home/yfblock/Code/hyper-rtos/tgoskits	rtthread-migration	cbf9f8b31c4844d8cf14faf5c41e3c9df3bca3d0	false	docs/docs/build/axvisor/task12-qemu-boundary-smoke-10s-qemu.log	task12	evidence	2026-08-15	filesystem_mtime	585	4ff8003409f84b268d9fc51f89e7d9459ec59cc5820f4562864e403791f16ab3	task12/evidence/2026-08-15/tgoskits/docs/docs/build/axvisor/task12-qemu-boundary-smoke-10s-qemu.log
tgoskits	/home/yfblock/Code/hyper-rtos/tgoskits	rtthread-migration	cbf9f8b31c4844d8cf14faf5c41e3c9df3bca3d0	false	docs/docs/build/axvisor/task12-qemu-boundary-smoke-10s-timing.log	task12	evidence	2026-08-15	filesystem_mtime	259	24b14ca06ad3058b57856fe3d48285f4915021d6e362b00100f2065cb91492d9	task12/evidence/2026-08-15/tgoskits/docs/docs/build/axvisor/task12-qemu-boundary-smoke-10s-timing.log
tgoskits	/home/yfblock/Code/hyper-rtos/tgoskits	rtthread-migration	cbf9f8b31c4844d8cf14faf5c41e3c9df3bca3d0	false	docs/docs/build/axvisor/task12-qemu-boundary-smoke-10s.log	task12	evidence	2026-08-15	filesystem_mtime	44265	81e31f50bf632af0ffd409f87eafe435e291ad3485bef67f524287f0b7b8e5a5	task12/evidence/2026-08-15/tgoskits/docs/docs/build/axvisor/task12-qemu-boundary-smoke-10s.log
tgoskits	/home/yfblock/Code/hyper-rtos/tgoskits	rtthread-migration	cbf9f8b31c4844d8cf14faf5c41e3c9df3bca3d0	false	docs/docs/build/axvisor/task12-qemu-boundary-v2-300s-qemu.log	task12	evidence	2026-08-15	filesystem_mtime	1521	c71135e399336d7da028fa8013116249fb8ca05346b7fb2880f9bb14c6691d0c	task12/evidence/2026-08-15/tgoskits/docs/docs/build/axvisor/task12-qemu-boundary-v2-300s-qemu.log
tgoskits	/home/yfblock/Code/hyper-rtos/tgoskits	rtthread-migration	cbf9f8b31c4844d8cf14faf5c41e3c9df3bca3d0	false	docs/docs/build/axvisor/task12-qemu-boundary-v2-300s-timing.log	task12	evidence	2026-08-15	filesystem_mtime	262	7ca5a037c8fe981e7a1c4e28ff76cd00699ebd9bf0e443e7601ab3a9f7bae164	task12/evidence/2026-08-15/tgoskits/docs/docs/build/axvisor/task12-qemu-boundary-v2-300s-timing.log
tgoskits	/home/yfblock/Code/hyper-rtos/tgoskits	rtthread-migration	cbf9f8b31c4844d8cf14faf5c41e3c9df3bca3d0	false	docs/docs/build/axvisor/task12-qemu-boundary-v2-300s.log	task12	evidence	2026-08-15	filesystem_mtime	62455	5e0ec0d292a09d3c7c3eb94519fc48686fcb0f5209f77a6299b63da97279024f	task12/evidence/2026-08-15/tgoskits/docs/docs/build/axvisor/task12-qemu-boundary-v2-300s.log
tgoskits	/home/yfblock/Code/hyper-rtos/tgoskits	rtthread-migration	cbf9f8b31c4844d8cf14faf5c41e3c9df3bca3d0	false	docs/docs/build/axvisor/task12-qemu-daif-v5-300s-qemu.log	task12	evidence	2026-08-15	filesystem_mtime	4615	33241959c305687db810da4d44db66021e50015330f7c6d185de56bf72c0a31b	task12/evidence/2026-08-15/tgoskits/docs/docs/build/axvisor/task12-qemu-daif-v5-300s-qemu.log
tgoskits	/home/yfblock/Code/hyper-rtos/tgoskits	rtthread-migration	cbf9f8b31c4844d8cf14faf5c41e3c9df3bca3d0	false	docs/docs/build/axvisor/task12-qemu-daif-v5-300s-timing.log	task12	evidence	2026-08-15	filesystem_mtime	262	2b4cd503b329680128be024b6c215115192a6b44fd55f3e270048877d5f51330	task12/evidence/2026-08-15/tgoskits/docs/docs/build/axvisor/task12-qemu-daif-v5-300s-timing.log
tgoskits	/home/yfblock/Code/hyper-rtos/tgoskits	rtthread-migration	cbf9f8b31c4844d8cf14faf5c41e3c9df3bca3d0	false	docs/docs/build/axvisor/task12-qemu-daif-v5-300s.log	task12	evidence	2026-08-15	filesystem_mtime	60569	013a83a4aef97bafc20a63cc2f1309d6a9c39b9b88a54f586c35097599f6a350	task12/evidence/2026-08-15/tgoskits/docs/docs/build/axvisor/task12-qemu-daif-v5-300s.log
tgoskits	/home/yfblock/Code/hyper-rtos/tgoskits	rtthread-migration	cbf9f8b31c4844d8cf14faf5c41e3c9df3bca3d0	false	docs/docs/build/axvisor/task12-qemu-entry-v4-300s-qemu.log	task12	evidence	2026-08-15	filesystem_mtime	3348	8470d0f9552ba142b5206d55e5c5c2d6b388ebf3376ec0744a3b9239f0d2e31c	task12/evidence/2026-08-15/tgoskits/docs/docs/build/axvisor/task12-qemu-entry-v4-300s-qemu.log
tgoskits	/home/yfblock/Code/hyper-rtos/tgoskits	rtthread-migration	cbf9f8b31c4844d8cf14faf5c41e3c9df3bca3d0	false	docs/docs/build/axvisor/task12-qemu-entry-v4-300s-timing.log	task12	evidence	2026-08-15	filesystem_mtime	262	e3b2fc43f7212f257f985311dcdbc8b5dc7965d544254badd4a53974edaf0db4	task12/evidence/2026-08-15/tgoskits/docs/docs/build/axvisor/task12-qemu-entry-v4-300s-timing.log
tgoskits	/home/yfblock/Code/hyper-rtos/tgoskits	rtthread-migration	cbf9f8b31c4844d8cf14faf5c41e3c9df3bca3d0	false	docs/docs/build/axvisor/task12-qemu-entry-v4-300s.log	task12	evidence	2026-08-15	filesystem_mtime	57965	69c40294956a200643e55a0a5b19ea56152cfdbd6f117a7761f4c44001c0c1d2	task12/evidence/2026-08-15/tgoskits/docs/docs/build/axvisor/task12-qemu-entry-v4-300s.log
tgoskits	/home/yfblock/Code/hyper-rtos/tgoskits	rtthread-migration	cbf9f8b31c4844d8cf14faf5c41e3c9df3bca3d0	false	docs/docs/build/axvisor/task12-qemu-source-v3-300s-qemu.log	task12	evidence	2026-08-15	filesystem_mtime	1969	eea3356324f10dc16ea11a31b7c3f65a3a42f516627b00d9c7ad45de55f7c07c	task12/evidence/2026-08-15/tgoskits/docs/docs/build/axvisor/task12-qemu-source-v3-300s-qemu.log
tgoskits	/home/yfblock/Code/hyper-rtos/tgoskits	rtthread-migration	cbf9f8b31c4844d8cf14faf5c41e3c9df3bca3d0	false	docs/docs/build/axvisor/task12-qemu-source-v3-300s-timing.log	task12	evidence	2026-08-15	filesystem_mtime	262	48f063746dced782c7aa046c076cbf83c21d8066c4dd9ee62d2742e00bd0dd98	task12/evidence/2026-08-15/tgoskits/docs/docs/build/axvisor/task12-qemu-source-v3-300s-timing.log
tgoskits	/home/yfblock/Code/hyper-rtos/tgoskits	rtthread-migration	cbf9f8b31c4844d8cf14faf5c41e3c9df3bca3d0	false	docs/docs/build/axvisor/task12-qemu-source-v3-300s.log	task12	evidence	2026-08-15	filesystem_mtime	61832	8760bebc811eca8ce2c43ea6d7dc6a005e623d21a4429620fb1956613d0657ae	task12/evidence/2026-08-15/tgoskits/docs/docs/build/axvisor/task12-qemu-source-v3-300s.log
tgoskits	/home/yfblock/Code/hyper-rtos/tgoskits	rtthread-migration	cbf9f8b31c4844d8cf14faf5c41e3c9df3bca3d0	false	docs/docs/build/axvisor/task12-qemu-threadcpu-v6-smoke-10s-qemu.log	task12	evidence	2026-08-15	filesystem_mtime	2453	3f7f8e4ccd4813e9368e01888946dedbbbe992166bc5c7595cb2fe82c5ef1caa	task12/evidence/2026-08-15/tgoskits/docs/docs/build/axvisor/task12-qemu-threadcpu-v6-smoke-10s-qemu.log
tgoskits	/home/yfblock/Code/hyper-rtos/tgoskits	rtthread-migration	cbf9f8b31c4844d8cf14faf5c41e3c9df3bca3d0	false	docs/docs/build/axvisor/task12-qemu-threadcpu-v6-smoke-10s-timing.log	task12	evidence	2026-08-15	filesystem_mtime	259	bb80643c4e111e73439db84f60ca636342661b8283142c613da33516cae89919	task12/evidence/2026-08-15/tgoskits/docs/docs/build/axvisor/task12-qemu-threadcpu-v6-smoke-10s-timing.log
tgoskits	/home/yfblock/Code/hyper-rtos/tgoskits	rtthread-migration	cbf9f8b31c4844d8cf14faf5c41e3c9df3bca3d0	false	docs/docs/build/axvisor/task12-qemu-threadcpu-v6-smoke-10s.log	task12	evidence	2026-08-15	filesystem_mtime	44379	03c885ee783ae2c389ede2b63188722d0093574daa71aa8b835365c080b8ffdc	task12/evidence/2026-08-15/tgoskits/docs/docs/build/axvisor/task12-qemu-threadcpu-v6-smoke-10s.log
tgoskits	/home/yfblock/Code/hyper-rtos/tgoskits	rtthread-migration	cbf9f8b31c4844d8cf14faf5c41e3c9df3bca3d0	false	docs/docs/build/axvisor/task2-2026-08-15-post-protocol-reliability-1000-guest.log	task12	evidence	2026-08-15	filename	45243	a0744c74d977cba827513b34153f990e798e572f2515a1cbb32e6e2e66150842	task12/evidence/2026-08-15/tgoskits/docs/docs/build/axvisor/task2-2026-08-15-post-protocol-reliability-1000-guest.log
tgoskits	/home/yfblock/Code/hyper-rtos/tgoskits	rtthread-migration	cbf9f8b31c4844d8cf14faf5c41e3c9df3bca3d0	false	docs/docs/build/axvisor/task2-2026-08-15-post-protocol-reliability-1000-qemu.log	task12	evidence	2026-08-15	filename	145	0ddfdc424ec546e92bb53df7a5966e38aca2ad0f84b62ca851446f0ca4d65d1b	task12/evidence/2026-08-15/tgoskits/docs/docs/build/axvisor/task2-2026-08-15-post-protocol-reliability-1000-qemu.log
tgoskits	/home/yfblock/Code/hyper-rtos/tgoskits	rtthread-migration	cbf9f8b31c4844d8cf14faf5c41e3c9df3bca3d0	true	docs/docs/build/axvisor/task2-2026-08-15-rtipc-reliability-faults-pass-guest.log	task12	evidence	2026-08-15	filename	44602	98bf059df76f68398234713baedc3b1db1afddee4ed0c13dab686a3ac529b2bd	task12/evidence/2026-08-15/tgoskits/docs/docs/build/axvisor/task2-2026-08-15-rtipc-reliability-faults-pass-guest.log
tgoskits	/home/yfblock/Code/hyper-rtos/tgoskits	rtthread-migration	cbf9f8b31c4844d8cf14faf5c41e3c9df3bca3d0	false	docs/docs/build/axvisor/task2-2026-08-15-rtipc-reliability-faults-pass-qemu.log	task12	evidence	2026-08-15	filename	145	7a199a2a1491a8d9758e277bd44a92bfb3a237915303d42a2420e2456b2d78b2	task12/evidence/2026-08-15/tgoskits/docs/docs/build/axvisor/task2-2026-08-15-rtipc-reliability-faults-pass-qemu.log
tgoskits-untracked-logs	/home/yfblock/Code/hyper-rtos/tgoskits	rtthread-migration	645ec0355221f9d4bd22ee995607b0761c09395e	false	docs/docs/build/axvisor/task12-2026-08-16-2vcpu-runtime-smoke-artifacts.log	task12	evidence	2026-08-16	filename	1725	f977079b70a90d901e298ef39d296cbab6f337f768184651c05a42151b1b37e1	task12/evidence/2026-08-16/tgoskits-untracked-logs/docs/docs/build/axvisor/task12-2026-08-16-2vcpu-runtime-smoke-artifacts.log
tgoskits-untracked-logs	/home/yfblock/Code/hyper-rtos/tgoskits	rtthread-migration	645ec0355221f9d4bd22ee995607b0761c09395e	false	docs/docs/build/axvisor/task12-2026-08-16-2vcpu-runtime-smoke-v2-artifacts.log	task12	evidence	2026-08-16	filename	1725	7d2939cd89d5da69f66e4a8aff846a7d07eea1f35d5114a1ff0ddb61636e1979	task12/evidence/2026-08-16/tgoskits-untracked-logs/docs/docs/build/axvisor/task12-2026-08-16-2vcpu-runtime-smoke-v2-artifacts.log
tgoskits-untracked-logs	/home/yfblock/Code/hyper-rtos/tgoskits	rtthread-migration	645ec0355221f9d4bd22ee995607b0761c09395e	false	docs/docs/build/axvisor/task12-2026-08-16-tombstone-concurrent-300s-30k-artifacts.log	task12	evidence	2026-08-16	filename	1725	381cf1c4ee87649b555852099b7bc917c543a9a147e5cf24e18f70711b04745f	task12/evidence/2026-08-16/tgoskits-untracked-logs/docs/docs/build/axvisor/task12-2026-08-16-tombstone-concurrent-300s-30k-artifacts.log
tgoskits-untracked-logs	/home/yfblock/Code/hyper-rtos/tgoskits	rtthread-migration	645ec0355221f9d4bd22ee995607b0761c09395e	false	docs/docs/build/axvisor/task12-2026-08-16-tombstone-concurrent-300s-30k-cpu.log	task12	evidence	2026-08-16	filename	307853	d2173c8e4d20b4147cec7eca9b135653fd676024b9904b0a8cb761f1b400bd92	task12/evidence/2026-08-16/tgoskits-untracked-logs/docs/docs/build/axvisor/task12-2026-08-16-tombstone-concurrent-300s-30k-cpu.log
tgoskits	/home/yfblock/Code/hyper-rtos/tgoskits	rtthread-migration	cbf9f8b31c4844d8cf14faf5c41e3c9df3bca3d0	false	docs/docs/build/axvisor/task12-2026-08-16-2vcpu-runtime-smoke-qemu.log	task12	evidence	2026-08-16	filename	140	9450978754d0487d14c6e80ddee7c1e066f04a6d369a82fdef717825706af7c7	task12/evidence/2026-08-16/tgoskits/docs/docs/build/axvisor/task12-2026-08-16-2vcpu-runtime-smoke-qemu.log
tgoskits	/home/yfblock/Code/hyper-rtos/tgoskits	rtthread-migration	cbf9f8b31c4844d8cf14faf5c41e3c9df3bca3d0	false	docs/docs/build/axvisor/task12-2026-08-16-2vcpu-runtime-smoke-v2-qemu.log	task12	evidence	2026-08-16	filename	140	c7c310ad0295e1d69c7980d56561a0a71af76e83d145db33c6a6343a1dab4aea	task12/evidence/2026-08-16/tgoskits/docs/docs/build/axvisor/task12-2026-08-16-2vcpu-runtime-smoke-v2-qemu.log
tgoskits	/home/yfblock/Code/hyper-rtos/tgoskits	rtthread-migration	cbf9f8b31c4844d8cf14faf5c41e3c9df3bca3d0	true	docs/docs/build/axvisor/task12-2026-08-16-2vcpu-runtime-smoke-v2.log	task12	evidence	2026-08-16	filename	44144	a5ac525d1bdf9a42f201a5ef13a155fa54cf36a8dfcac65f83abab2255897f72	task12/evidence/2026-08-16/tgoskits/docs/docs/build/axvisor/task12-2026-08-16-2vcpu-runtime-smoke-v2.log
tgoskits	/home/yfblock/Code/hyper-rtos/tgoskits	rtthread-migration	cbf9f8b31c4844d8cf14faf5c41e3c9df3bca3d0	false	docs/docs/build/axvisor/task12-2026-08-16-2vcpu-runtime-smoke.log	task12	evidence	2026-08-16	filename	44188	33495934bd80ee268fd5d97d7da2295e23b830a70105bce4adfb2db0de11dd7a	task12/evidence/2026-08-16/tgoskits/docs/docs/build/axvisor/task12-2026-08-16-2vcpu-runtime-smoke.log
tgoskits	/home/yfblock/Code/hyper-rtos/tgoskits	rtthread-migration	cbf9f8b31c4844d8cf14faf5c41e3c9df3bca3d0	false	docs/docs/build/axvisor/task12-2026-08-16-tombstone-concurrent-300s-30k-qemu.log	task12	evidence	2026-08-16	filename	323	e0ee087e3e1374ee9088d54f0cdcacda3779f475ec0f82b71fd9438e147aa65f	task12/evidence/2026-08-16/tgoskits/docs/docs/build/axvisor/task12-2026-08-16-tombstone-concurrent-300s-30k-qemu.log
tgoskits	/home/yfblock/Code/hyper-rtos/tgoskits	rtthread-migration	cbf9f8b31c4844d8cf14faf5c41e3c9df3bca3d0	false	docs/docs/build/axvisor/task12-2026-08-16-tombstone-concurrent-300s-30k-timing.log	task12	evidence	2026-08-16	filename	262	4614cd1a32e89505a70c675649a55d39adaf63b7010c56004fa5cee14b7934a0	task12/evidence/2026-08-16/tgoskits/docs/docs/build/axvisor/task12-2026-08-16-tombstone-concurrent-300s-30k-timing.log
tgoskits	/home/yfblock/Code/hyper-rtos/tgoskits	rtthread-migration	cbf9f8b31c4844d8cf14faf5c41e3c9df3bca3d0	false	docs/docs/build/axvisor/task12-2026-08-16-tombstone-concurrent-300s-30k.log	task12	evidence	2026-08-16	filename	61412	504032866efd3930d7b0bf61c709ee8617fc8602b4cc1a26702f46cda4d44b3f	task12/evidence/2026-08-16/tgoskits/docs/docs/build/axvisor/task12-2026-08-16-tombstone-concurrent-300s-30k.log
tgoskits	/home/yfblock/Code/hyper-rtos/tgoskits	rtthread-migration	cbf9f8b31c4844d8cf14faf5c41e3c9df3bca3d0	true	docs/docs/build/axvisor/task2-2026-08-16-fin-multipeer-1000.log	task12	evidence	2026-08-16	filename	44354	f52d923830e44e337c13693e9c3aeb7ee4cca5e4955f190ace20250d6678df7c	task12/evidence/2026-08-16/tgoskits/docs/docs/build/axvisor/task2-2026-08-16-fin-multipeer-1000.log
tgoskits	/home/yfblock/Code/hyper-rtos/tgoskits	rtthread-migration	cbf9f8b31c4844d8cf14faf5c41e3c9df3bca3d0	true	docs/docs/build/axvisor/task2-2026-08-16-v2-session-final-smoke-10.log	task12	evidence	2026-08-16	filename	44261	1f0c9aeef6880ba9e8dac360dc1a07672dc6860d2b9b14e1965a5b3ac80b3784	task12/evidence/2026-08-16/tgoskits/docs/docs/build/axvisor/task2-2026-08-16-v2-session-final-smoke-10.log
tgoskits	/home/yfblock/Code/hyper-rtos/tgoskits	rtthread-migration	cbf9f8b31c4844d8cf14faf5c41e3c9df3bca3d0	true	docs/docs/build/axvisor/task12-cleanup-300s-repeat.log	task12	evidence	2026-08-18	git_commit	56754	d3fba76ea2c51d66409db03d601840949c3433cd27ef3fd76151157fca2ed450	task12/evidence/2026-08-18/tgoskits/docs/docs/build/axvisor/task12-cleanup-300s-repeat.log
tgoskits	/home/yfblock/Code/hyper-rtos/tgoskits	rtthread-migration	cbf9f8b31c4844d8cf14faf5c41e3c9df3bca3d0	true	docs/docs/build/axvisor/task12-cleanup-300s.log	task12	evidence	2026-08-18	git_commit	57062	1bfbc97f8fa15384ea38d4c70920826e468167cff192aee064742a4c93948f61	task12/evidence/2026-08-18/tgoskits/docs/docs/build/axvisor/task12-cleanup-300s.log
tgoskits	/home/yfblock/Code/hyper-rtos/tgoskits	rtthread-migration	cbf9f8b31c4844d8cf14faf5c41e3c9df3bca3d0	true	docs/docs/build/axvisor/task12-cleanup-qemu-ab-diag-300s.log	task12	evidence	2026-08-18	git_commit	57814	818a0f1aaf17368af14f1003003ba34a723c5efec60b0029a94ff7df96b9212d	task12/evidence/2026-08-18/tgoskits/docs/docs/build/axvisor/task12-cleanup-qemu-ab-diag-300s.log
tgoskits	/home/yfblock/Code/hyper-rtos/tgoskits	rtthread-migration	cbf9f8b31c4844d8cf14faf5c41e3c9df3bca3d0	true	docs/docs/build/axvisor/task12-cleanup-suite-1000.log	task12	evidence	2026-08-18	git_commit	41950	913cd4b2a3cd3471687d1b729cad4713234db5a43779a7011578809bf1b4ab26	task12/evidence/2026-08-18/tgoskits/docs/docs/build/axvisor/task12-cleanup-suite-1000.log
tgoskits	/home/yfblock/Code/hyper-rtos/tgoskits	rtthread-migration	cbf9f8b31c4844d8cf14faf5c41e3c9df3bca3d0	true	docs/docs/build/axvisor/task12-precleanup-control-300s.log	task12	evidence	2026-08-18	git_commit	58151	9acdaecebbcb7ebed4ea65cdfeb3e33fc8b67c357fdb11861cf5386d5007fcbd	task12/evidence/2026-08-18/tgoskits/docs/docs/build/axvisor/task12-precleanup-control-300s.log
tgoskits	/home/yfblock/Code/hyper-rtos/tgoskits	rtthread-migration	cbf9f8b31c4844d8cf14faf5c41e3c9df3bca3d0	true	docs/docs/build/axvisor/rtthread-reproduction.md	task12	guide	2026-08-18	git_commit	18697	3d5ed26f3c8babd2728347c1c0a62433571f2840c1ab55b842f44b98e0bd39c6	task12/guide/2026-08-18/tgoskits/docs/docs/build/axvisor/rtthread-reproduction.md
starryos-replace	/home/yfblock/Code/hyper-rtos/starryos-replace	feat/starryos-task123	d7c52e8ef1941c7fcdc6cd5ca27ca58bd4698b4d	true	docs/superpowers/plans/2026-08-11-rt-ipc-integration.md	task12	plan	2026-08-11	filename	3894	bd48ca7f3fbc618dd86d5b3ccff8d4ea352475d5e2fb06bbc9217f3585a37640	task12/plan/2026-08-11/starryos-replace/docs/superpowers/plans/2026-08-11-rt-ipc-integration.md
tgoskits	/home/yfblock/Code/hyper-rtos/tgoskits	rtthread-migration	cbf9f8b31c4844d8cf14faf5c41e3c9df3bca3d0	true	docs/superpowers/plans/2026-08-11-rt-ipc-integration.md	task12	plan	2026-08-11	filename	3894	bd48ca7f3fbc618dd86d5b3ccff8d4ea352475d5e2fb06bbc9217f3585a37640	task12/plan/2026-08-11/tgoskits/docs/superpowers/plans/2026-08-11-rt-ipc-integration.md
starryos-replace	/home/yfblock/Code/hyper-rtos/starryos-replace	feat/starryos-task123	d7c52e8ef1941c7fcdc6cd5ca27ca58bd4698b4d	true	docs/superpowers/plans/2026-08-12-debug-code-cleanup.md	task12	plan	2026-08-12	filename	19001	689a1988afb5837b9b7e007529f001e5223837feabb1f78928f53a99fa94f43a	task12/plan/2026-08-12/starryos-replace/docs/superpowers/plans/2026-08-12-debug-code-cleanup.md
tgoskits	/home/yfblock/Code/hyper-rtos/tgoskits	rtthread-migration	cbf9f8b31c4844d8cf14faf5c41e3c9df3bca3d0	true	docs/superpowers/plans/2026-08-12-debug-code-cleanup.md	task12	plan	2026-08-12	filename	19001	689a1988afb5837b9b7e007529f001e5223837feabb1f78928f53a99fa94f43a	task12/plan/2026-08-12/tgoskits/docs/superpowers/plans/2026-08-12-debug-code-cleanup.md
starryos-replace	/home/yfblock/Code/hyper-rtos/starryos-replace	feat/starryos-task123	d7c52e8ef1941c7fcdc6cd5ca27ca58bd4698b4d	true	docs/superpowers/plans/2026-08-15-task1-task2-implementation.md	task12	plan	2026-08-15	filename	5082	e6473362f604639d9e1119d417b01c01dc98fed77a4cf6805a541fcabe0252b4	task12/plan/2026-08-15/starryos-replace/docs/superpowers/plans/2026-08-15-task1-task2-implementation.md
tgoskits	/home/yfblock/Code/hyper-rtos/tgoskits	rtthread-migration	cbf9f8b31c4844d8cf14faf5c41e3c9df3bca3d0	true	docs/superpowers/plans/2026-08-15-task1-task2-implementation.md	task12	plan	2026-08-15	filename	5083	bdbd4604ead0291b8c9c4c0e26d8ece55b661c3e9a7138fa443359fbbe9a6b04	task12/plan/2026-08-15/tgoskits/docs/superpowers/plans/2026-08-15-task1-task2-implementation.md
starryos-replace	/home/yfblock/Code/hyper-rtos/starryos-replace	feat/starryos-task123	d7c52e8ef1941c7fcdc6cd5ca27ca58bd4698b4d	true	docs/superpowers/plans/2026-08-16-debug-code-cleanup.md	task12	plan	2026-08-16	filename	9711	f24819ae903fb7cfa26d87a1f28b2f710a62a56c3d60ca198f2684506ca8d9db	task12/plan/2026-08-16/starryos-replace/docs/superpowers/plans/2026-08-16-debug-code-cleanup.md
starryos-replace	/home/yfblock/Code/hyper-rtos/starryos-replace	feat/starryos-task123	d7c52e8ef1941c7fcdc6cd5ca27ca58bd4698b4d	true	docs/superpowers/plans/2026-08-16-rtthread-docker-reproduction.md	task12	plan	2026-08-16	filename	19288	b78963894a4d7b4cb64c26975f85976122410d7925c7dcb122a544bc35f434d8	task12/plan/2026-08-16/starryos-replace/docs/superpowers/plans/2026-08-16-rtthread-docker-reproduction.md
tgoskits	/home/yfblock/Code/hyper-rtos/tgoskits	rtthread-migration	cbf9f8b31c4844d8cf14faf5c41e3c9df3bca3d0	true	docs/superpowers/plans/2026-08-16-debug-code-cleanup.md	task12	plan	2026-08-16	filename	9711	f24819ae903fb7cfa26d87a1f28b2f710a62a56c3d60ca198f2684506ca8d9db	task12/plan/2026-08-16/tgoskits/docs/superpowers/plans/2026-08-16-debug-code-cleanup.md
tgoskits	/home/yfblock/Code/hyper-rtos/tgoskits	rtthread-migration	cbf9f8b31c4844d8cf14faf5c41e3c9df3bca3d0	true	docs/superpowers/plans/2026-08-16-rtthread-docker-reproduction.md	task12	plan	2026-08-16	filename	19288	b78963894a4d7b4cb64c26975f85976122410d7925c7dcb122a544bc35f434d8	task12/plan/2026-08-16/tgoskits/docs/superpowers/plans/2026-08-16-rtthread-docker-reproduction.md
starryos-replace	/home/yfblock/Code/hyper-rtos/starryos-replace	feat/starryos-task123	d7c52e8ef1941c7fcdc6cd5ca27ca58bd4698b4d	true	docs/qperf-virtio-optimization-report.md	task12	report	2026-07-03	git_commit	17318	1b39eb426d2de255b23a1ced214cdfb9cbb74bc8803100a71ed64ccfbf76de9b	task12/report/2026-07-03/starryos-replace/docs/qperf-virtio-optimization-report.md
tgoskits	/home/yfblock/Code/hyper-rtos/tgoskits	rtthread-migration	cbf9f8b31c4844d8cf14faf5c41e3c9df3bca3d0	true	docs/qperf-virtio-optimization-report.md	task12	report	2026-07-03	git_commit	17318	1b39eb426d2de255b23a1ced214cdfb9cbb74bc8803100a71ed64ccfbf76de9b	task12/report/2026-07-03/tgoskits/docs/qperf-virtio-optimization-report.md
starryos-replace	/home/yfblock/Code/hyper-rtos/starryos-replace	feat/starryos-task123	d7c52e8ef1941c7fcdc6cd5ca27ca58bd4698b4d	true	docs/qperf-starryos-integration-report.md	task12	report	2026-07-30	git_commit	10174	9a1a9dd464cd4ee249a453954df9784f167e42804a664c7ded24aa980f1b84ef	task12/report/2026-07-30/starryos-replace/docs/qperf-starryos-integration-report.md
tgoskits	/home/yfblock/Code/hyper-rtos/tgoskits	rtthread-migration	cbf9f8b31c4844d8cf14faf5c41e3c9df3bca3d0	true	docs/qperf-starryos-integration-report.md	task12	report	2026-07-30	git_commit	10174	9a1a9dd464cd4ee249a453954df9784f167e42804a664c7ded24aa980f1b84ef	task12/report/2026-07-30/tgoskits/docs/qperf-starryos-integration-report.md
starryos-replace	/home/yfblock/Code/hyper-rtos/starryos-replace	feat/starryos-task123	d7c52e8ef1941c7fcdc6cd5ca27ca58bd4698b4d	true	docs/docs/build/axvisor/rtos-realtime-report.md	task12	report	2026-08-07	git_commit	93706	36ceac1399770095fe75df70ab7dc2c299e8f69a0a906e066902325b8b2b3778	task12/report/2026-08-07/starryos-replace/docs/docs/build/axvisor/rtos-realtime-report.md
tgoskits	/home/yfblock/Code/hyper-rtos/tgoskits	rtthread-migration	cbf9f8b31c4844d8cf14faf5c41e3c9df3bca3d0	true	docs/docs/build/axvisor/rtos-realtime-report.md	task12	report	2026-08-07	git_commit	93706	36ceac1399770095fe75df70ab7dc2c299e8f69a0a906e066902325b8b2b3778	task12/report/2026-08-07/tgoskits/docs/docs/build/axvisor/rtos-realtime-report.md
starryos-replace	/home/yfblock/Code/hyper-rtos/starryos-replace	feat/starryos-task123	d7c52e8ef1941c7fcdc6cd5ca27ca58bd4698b4d	true	docs/docs/build/axvisor/rtthread-realtime-report-en.md	task12	report	2026-08-10	git_commit	2401	10e43b79d1acf62821c2d57dcd77ca8c0eccfdc43e5dce5a2d8257886f9fa3be	task12/report/2026-08-10/starryos-replace/docs/docs/build/axvisor/rtthread-realtime-report-en.md
tgoskits	/home/yfblock/Code/hyper-rtos/tgoskits	rtthread-migration	cbf9f8b31c4844d8cf14faf5c41e3c9df3bca3d0	true	docs/docs/build/axvisor/rtthread-realtime-report-en.md	task12	report	2026-08-10	git_commit	2401	10e43b79d1acf62821c2d57dcd77ca8c0eccfdc43e5dce5a2d8257886f9fa3be	task12/report/2026-08-10/tgoskits/docs/docs/build/axvisor/rtthread-realtime-report-en.md
starryos-replace	/home/yfblock/Code/hyper-rtos/starryos-replace	feat/starryos-task123	d7c52e8ef1941c7fcdc6cd5ca27ca58bd4698b4d	true	docs/docs/build/axvisor/rtthread-realtime-report-v3.md	task12	report	2026-08-11	git_commit	2754	a09adba2fc017bb636351e84ff4bf473a3fbd0c94d497817b1296e0ec44f5842	task12/report/2026-08-11/starryos-replace/docs/docs/build/axvisor/rtthread-realtime-report-v3.md
starryos-replace	/home/yfblock/Code/hyper-rtos/starryos-replace	feat/starryos-task123	d7c52e8ef1941c7fcdc6cd5ca27ca58bd4698b4d	true	docs/spin-migration-tracking.md	task12	report	2026-08-11	git_commit	1360	e4166d9631b6d2c08fddeb925e3ea5af5de46091a831fb87f9b12194948512f2	task12/report/2026-08-11/starryos-replace/docs/spin-migration-tracking.md
tgoskits	/home/yfblock/Code/hyper-rtos/tgoskits	rtthread-migration	cbf9f8b31c4844d8cf14faf5c41e3c9df3bca3d0	true	docs/docs/build/axvisor/rtthread-realtime-report-v3.md	task12	report	2026-08-11	git_commit	2754	a09adba2fc017bb636351e84ff4bf473a3fbd0c94d497817b1296e0ec44f5842	task12/report/2026-08-11/tgoskits/docs/docs/build/axvisor/rtthread-realtime-report-v3.md
tgoskits	/home/yfblock/Code/hyper-rtos/tgoskits	rtthread-migration	cbf9f8b31c4844d8cf14faf5c41e3c9df3bca3d0	true	docs/spin-migration-tracking.md	task12	report	2026-08-11	git_commit	1360	e4166d9631b6d2c08fddeb925e3ea5af5de46091a831fb87f9b12194948512f2	task12/report/2026-08-11/tgoskits/docs/spin-migration-tracking.md
starryos-replace	/home/yfblock/Code/hyper-rtos/starryos-replace	feat/starryos-task123	d7c52e8ef1941c7fcdc6cd5ca27ca58bd4698b4d	true	docs/docs/build/axvisor/progress-2026-08-14-v2.md	task12	report	2026-08-14	filename	369	d202d40ccfb2b7459a34ba8ee1cebda973ea3eba3fbcf9a280c74db487202a6a	task12/report/2026-08-14/starryos-replace/docs/docs/build/axvisor/progress-2026-08-14-v2.md
starryos-replace	/home/yfblock/Code/hyper-rtos/starryos-replace	feat/starryos-task123	d7c52e8ef1941c7fcdc6cd5ca27ca58bd4698b4d	true	docs/docs/build/axvisor/progress-2026-08-14-v3.md	task12	report	2026-08-14	filename	986	e2aab6b0e80ef4038ca0024f1361a391008a3af4e90abba0605e8ee0ae41f46a	task12/report/2026-08-14/starryos-replace/docs/docs/build/axvisor/progress-2026-08-14-v3.md
starryos-replace	/home/yfblock/Code/hyper-rtos/starryos-replace	feat/starryos-task123	d7c52e8ef1941c7fcdc6cd5ca27ca58bd4698b4d	true	docs/docs/build/axvisor/progress-2026-08-14-v4.md	task12	report	2026-08-14	filename	2025	63319aefde08471e87ac69986001a8b98d32cd81876f5a5ca518dda2aab4ae69	task12/report/2026-08-14/starryos-replace/docs/docs/build/axvisor/progress-2026-08-14-v4.md
starryos-replace	/home/yfblock/Code/hyper-rtos/starryos-replace	feat/starryos-task123	d7c52e8ef1941c7fcdc6cd5ca27ca58bd4698b4d	true	docs/docs/build/axvisor/progress-2026-08-14.md	task12	report	2026-08-14	filename	1322	ef0b69fd49b222e89557beb8416619ee69ee8b1e7c41e44cac7a9955a428f045	task12/report/2026-08-14/starryos-replace/docs/docs/build/axvisor/progress-2026-08-14.md
starryos-replace	/home/yfblock/Code/hyper-rtos/starryos-replace	feat/starryos-task123	d7c52e8ef1941c7fcdc6cd5ca27ca58bd4698b4d	true	docs/docs/build/axvisor/rtthread-realtime-report-v10.md	task12	report	2026-08-14	git_commit	3613	abf2c72b7b889189c5ab6e34cc2216b0067eeda31dd59dfbd485e5348bfe8e96	task12/report/2026-08-14/starryos-replace/docs/docs/build/axvisor/rtthread-realtime-report-v10.md
starryos-replace	/home/yfblock/Code/hyper-rtos/starryos-replace	feat/starryos-task123	d7c52e8ef1941c7fcdc6cd5ca27ca58bd4698b4d	true	docs/docs/build/axvisor/rtthread-realtime-report-v11.md	task12	report	2026-08-14	git_commit	14019	80f246cafa3f1fe8876f35268aae3009e9c7dae521cb9341a3f8cdb6937bc55e	task12/report/2026-08-14/starryos-replace/docs/docs/build/axvisor/rtthread-realtime-report-v11.md
starryos-replace	/home/yfblock/Code/hyper-rtos/starryos-replace	feat/starryos-task123	d7c52e8ef1941c7fcdc6cd5ca27ca58bd4698b4d	true	docs/docs/build/axvisor/rtthread-realtime-report-v12.md	task12	report	2026-08-14	git_commit	11203	dcaa2bf586ffaef2e833f1e4c0deeef9197c3422b103be3ad27bbbccad547d84	task12/report/2026-08-14/starryos-replace/docs/docs/build/axvisor/rtthread-realtime-report-v12.md
starryos-replace	/home/yfblock/Code/hyper-rtos/starryos-replace	feat/starryos-task123	d7c52e8ef1941c7fcdc6cd5ca27ca58bd4698b4d	true	docs/docs/build/axvisor/rtthread-realtime-report-v13.md	task12	report	2026-08-14	git_commit	7650	a164d99e440a234ab69368408a85776d13569f56228a1624d3f40e1fb0c40fdb	task12/report/2026-08-14/starryos-replace/docs/docs/build/axvisor/rtthread-realtime-report-v13.md
starryos-replace	/home/yfblock/Code/hyper-rtos/starryos-replace	feat/starryos-task123	d7c52e8ef1941c7fcdc6cd5ca27ca58bd4698b4d	true	docs/docs/build/axvisor/rtthread-realtime-report-v4.md	task12	report	2026-08-14	git_commit	8605	5ae74698abb586d3f0f8e6725b45186a74db066f14b84f6279241c7a08e2cd2d	task12/report/2026-08-14/starryos-replace/docs/docs/build/axvisor/rtthread-realtime-report-v4.md
starryos-replace	/home/yfblock/Code/hyper-rtos/starryos-replace	feat/starryos-task123	d7c52e8ef1941c7fcdc6cd5ca27ca58bd4698b4d	true	docs/docs/build/axvisor/rtthread-realtime-report-v5.md	task12	report	2026-08-14	git_commit	8174	eb4dda794e040a4aaf750912664591bda43cfa094c6d46ea5d168f5ad58ffa6a	task12/report/2026-08-14/starryos-replace/docs/docs/build/axvisor/rtthread-realtime-report-v5.md
starryos-replace	/home/yfblock/Code/hyper-rtos/starryos-replace	feat/starryos-task123	d7c52e8ef1941c7fcdc6cd5ca27ca58bd4698b4d	true	docs/docs/build/axvisor/rtthread-realtime-report-v6.md	task12	report	2026-08-14	git_commit	3316	3c6f9f66769bb49234ae53d39f2efc4fb84e8f8a2e141fcdb544f50cf7b108c0	task12/report/2026-08-14/starryos-replace/docs/docs/build/axvisor/rtthread-realtime-report-v6.md
starryos-replace	/home/yfblock/Code/hyper-rtos/starryos-replace	feat/starryos-task123	d7c52e8ef1941c7fcdc6cd5ca27ca58bd4698b4d	true	docs/docs/build/axvisor/rtthread-realtime-report-v7.md	task12	report	2026-08-14	git_commit	3971	c106a4ba9a9353d5f2789628cdbe81c9048d65e42f67f3dafa4873bfe0d12998	task12/report/2026-08-14/starryos-replace/docs/docs/build/axvisor/rtthread-realtime-report-v7.md
starryos-replace	/home/yfblock/Code/hyper-rtos/starryos-replace	feat/starryos-task123	d7c52e8ef1941c7fcdc6cd5ca27ca58bd4698b4d	true	docs/docs/build/axvisor/rtthread-realtime-report-v8.md	task12	report	2026-08-14	git_commit	4001	135f1a943781bef8e575ee9eaf701d478a555c11591dd89a26653e671933b6fc	task12/report/2026-08-14/starryos-replace/docs/docs/build/axvisor/rtthread-realtime-report-v8.md
starryos-replace	/home/yfblock/Code/hyper-rtos/starryos-replace	feat/starryos-task123	d7c52e8ef1941c7fcdc6cd5ca27ca58bd4698b4d	true	docs/docs/build/axvisor/rtthread-realtime-report-v9.md	task12	report	2026-08-14	git_commit	10830	2baacee4cfb1ac40c6a444e1cf9f8e84f3b3b3efb2688e146a59e0f8bb26e835	task12/report/2026-08-14/starryos-replace/docs/docs/build/axvisor/rtthread-realtime-report-v9.md
starryos-replace	/home/yfblock/Code/hyper-rtos/starryos-replace	feat/starryos-task123	d7c52e8ef1941c7fcdc6cd5ca27ca58bd4698b4d	true	docs/docs/build/axvisor/status-2026-08-14.md	task12	report	2026-08-14	filename	625	1fc1a0ba2e091e16a35047e2600495e60ae1a4078345262288ef785251f0d930	task12/report/2026-08-14/starryos-replace/docs/docs/build/axvisor/status-2026-08-14.md
tgoskits	/home/yfblock/Code/hyper-rtos/tgoskits	rtthread-migration	cbf9f8b31c4844d8cf14faf5c41e3c9df3bca3d0	true	docs/docs/build/axvisor/progress-2026-08-14-v2.md	task12	report	2026-08-14	filename	369	d202d40ccfb2b7459a34ba8ee1cebda973ea3eba3fbcf9a280c74db487202a6a	task12/report/2026-08-14/tgoskits/docs/docs/build/axvisor/progress-2026-08-14-v2.md
tgoskits	/home/yfblock/Code/hyper-rtos/tgoskits	rtthread-migration	cbf9f8b31c4844d8cf14faf5c41e3c9df3bca3d0	true	docs/docs/build/axvisor/progress-2026-08-14-v3.md	task12	report	2026-08-14	filename	986	e2aab6b0e80ef4038ca0024f1361a391008a3af4e90abba0605e8ee0ae41f46a	task12/report/2026-08-14/tgoskits/docs/docs/build/axvisor/progress-2026-08-14-v3.md
tgoskits	/home/yfblock/Code/hyper-rtos/tgoskits	rtthread-migration	cbf9f8b31c4844d8cf14faf5c41e3c9df3bca3d0	true	docs/docs/build/axvisor/progress-2026-08-14-v4.md	task12	report	2026-08-14	filename	2025	63319aefde08471e87ac69986001a8b98d32cd81876f5a5ca518dda2aab4ae69	task12/report/2026-08-14/tgoskits/docs/docs/build/axvisor/progress-2026-08-14-v4.md
tgoskits	/home/yfblock/Code/hyper-rtos/tgoskits	rtthread-migration	cbf9f8b31c4844d8cf14faf5c41e3c9df3bca3d0	true	docs/docs/build/axvisor/progress-2026-08-14.md	task12	report	2026-08-14	filename	1322	ef0b69fd49b222e89557beb8416619ee69ee8b1e7c41e44cac7a9955a428f045	task12/report/2026-08-14/tgoskits/docs/docs/build/axvisor/progress-2026-08-14.md
tgoskits	/home/yfblock/Code/hyper-rtos/tgoskits	rtthread-migration	cbf9f8b31c4844d8cf14faf5c41e3c9df3bca3d0	true	docs/docs/build/axvisor/rtthread-realtime-report-v10.md	task12	report	2026-08-14	git_commit	3613	abf2c72b7b889189c5ab6e34cc2216b0067eeda31dd59dfbd485e5348bfe8e96	task12/report/2026-08-14/tgoskits/docs/docs/build/axvisor/rtthread-realtime-report-v10.md
tgoskits	/home/yfblock/Code/hyper-rtos/tgoskits	rtthread-migration	cbf9f8b31c4844d8cf14faf5c41e3c9df3bca3d0	true	docs/docs/build/axvisor/rtthread-realtime-report-v11.md	task12	report	2026-08-14	git_commit	14019	80f246cafa3f1fe8876f35268aae3009e9c7dae521cb9341a3f8cdb6937bc55e	task12/report/2026-08-14/tgoskits/docs/docs/build/axvisor/rtthread-realtime-report-v11.md
tgoskits	/home/yfblock/Code/hyper-rtos/tgoskits	rtthread-migration	cbf9f8b31c4844d8cf14faf5c41e3c9df3bca3d0	true	docs/docs/build/axvisor/rtthread-realtime-report-v12.md	task12	report	2026-08-14	git_commit	11203	dcaa2bf586ffaef2e833f1e4c0deeef9197c3422b103be3ad27bbbccad547d84	task12/report/2026-08-14/tgoskits/docs/docs/build/axvisor/rtthread-realtime-report-v12.md
tgoskits	/home/yfblock/Code/hyper-rtos/tgoskits	rtthread-migration	cbf9f8b31c4844d8cf14faf5c41e3c9df3bca3d0	true	docs/docs/build/axvisor/rtthread-realtime-report-v13.md	task12	report	2026-08-14	git_commit	7650	a164d99e440a234ab69368408a85776d13569f56228a1624d3f40e1fb0c40fdb	task12/report/2026-08-14/tgoskits/docs/docs/build/axvisor/rtthread-realtime-report-v13.md
tgoskits	/home/yfblock/Code/hyper-rtos/tgoskits	rtthread-migration	cbf9f8b31c4844d8cf14faf5c41e3c9df3bca3d0	true	docs/docs/build/axvisor/rtthread-realtime-report-v4.md	task12	report	2026-08-14	git_commit	8605	5ae74698abb586d3f0f8e6725b45186a74db066f14b84f6279241c7a08e2cd2d	task12/report/2026-08-14/tgoskits/docs/docs/build/axvisor/rtthread-realtime-report-v4.md
tgoskits	/home/yfblock/Code/hyper-rtos/tgoskits	rtthread-migration	cbf9f8b31c4844d8cf14faf5c41e3c9df3bca3d0	true	docs/docs/build/axvisor/rtthread-realtime-report-v5.md	task12	report	2026-08-14	git_commit	8174	eb4dda794e040a4aaf750912664591bda43cfa094c6d46ea5d168f5ad58ffa6a	task12/report/2026-08-14/tgoskits/docs/docs/build/axvisor/rtthread-realtime-report-v5.md
tgoskits	/home/yfblock/Code/hyper-rtos/tgoskits	rtthread-migration	cbf9f8b31c4844d8cf14faf5c41e3c9df3bca3d0	true	docs/docs/build/axvisor/rtthread-realtime-report-v6.md	task12	report	2026-08-14	git_commit	3316	3c6f9f66769bb49234ae53d39f2efc4fb84e8f8a2e141fcdb544f50cf7b108c0	task12/report/2026-08-14/tgoskits/docs/docs/build/axvisor/rtthread-realtime-report-v6.md
tgoskits	/home/yfblock/Code/hyper-rtos/tgoskits	rtthread-migration	cbf9f8b31c4844d8cf14faf5c41e3c9df3bca3d0	true	docs/docs/build/axvisor/rtthread-realtime-report-v7.md	task12	report	2026-08-14	git_commit	3971	c106a4ba9a9353d5f2789628cdbe81c9048d65e42f67f3dafa4873bfe0d12998	task12/report/2026-08-14/tgoskits/docs/docs/build/axvisor/rtthread-realtime-report-v7.md
tgoskits	/home/yfblock/Code/hyper-rtos/tgoskits	rtthread-migration	cbf9f8b31c4844d8cf14faf5c41e3c9df3bca3d0	true	docs/docs/build/axvisor/rtthread-realtime-report-v8.md	task12	report	2026-08-14	git_commit	4001	135f1a943781bef8e575ee9eaf701d478a555c11591dd89a26653e671933b6fc	task12/report/2026-08-14/tgoskits/docs/docs/build/axvisor/rtthread-realtime-report-v8.md
tgoskits	/home/yfblock/Code/hyper-rtos/tgoskits	rtthread-migration	cbf9f8b31c4844d8cf14faf5c41e3c9df3bca3d0	true	docs/docs/build/axvisor/rtthread-realtime-report-v9.md	task12	report	2026-08-14	git_commit	10830	2baacee4cfb1ac40c6a444e1cf9f8e84f3b3b3efb2688e146a59e0f8bb26e835	task12/report/2026-08-14/tgoskits/docs/docs/build/axvisor/rtthread-realtime-report-v9.md
tgoskits	/home/yfblock/Code/hyper-rtos/tgoskits	rtthread-migration	cbf9f8b31c4844d8cf14faf5c41e3c9df3bca3d0	true	docs/docs/build/axvisor/status-2026-08-14.md	task12	report	2026-08-14	filename	625	1fc1a0ba2e091e16a35047e2600495e60ae1a4078345262288ef785251f0d930	task12/report/2026-08-14/tgoskits/docs/docs/build/axvisor/status-2026-08-14.md
starryos-replace	/home/yfblock/Code/hyper-rtos/starryos-replace	feat/starryos-task123	d7c52e8ef1941c7fcdc6cd5ca27ca58bd4698b4d	true	docs/docs/build/axvisor/rtthread-realtime-report.md	task12	report	2026-08-17	git_commit	10703	cf45e24ed9b7b5d6c74f31411fc34fa5777111b5314f03a829dfaf7c8dd9ff09	task12/report/2026-08-17/starryos-replace/docs/docs/build/axvisor/rtthread-realtime-report.md
tgoskits	/home/yfblock/Code/hyper-rtos/tgoskits	rtthread-migration	cbf9f8b31c4844d8cf14faf5c41e3c9df3bca3d0	true	docs/docs/build/axvisor/rtthread-realtime-report.md	task12	report	2026-08-18	git_commit	62743	edb286c3b07899c296526dc41109c6599bb1fd6bb1a6157e219abd85004a8419	task12/report/2026-08-18/tgoskits/docs/docs/build/axvisor/rtthread-realtime-report.md
starryos-replace	/home/yfblock/Code/hyper-rtos/starryos-replace	feat/starryos-task123	d7c52e8ef1941c7fcdc6cd5ca27ca58bd4698b4d	true	docs/docs/build/axvisor/rtos-realtime-iterations.csv	task12	result	2026-08-07	git_commit	50011	0b4d477bdef0c14732678497759c530d127d3c0b3022e9fe7a08e3515a8b3555	task12/result/2026-08-07/starryos-replace/docs/docs/build/axvisor/rtos-realtime-iterations.csv
starryos-replace	/home/yfblock/Code/hyper-rtos/starryos-replace	feat/starryos-task123	d7c52e8ef1941c7fcdc6cd5ca27ca58bd4698b4d	true	docs/docs/build/axvisor/rtos-realtime-iterations.png	task12	result	2026-08-07	git_commit	426329	1edb6bf66005911433ff419d3acfd5a2eb55074a094a42c5b0d71fcbfe57cf7c	task12/result/2026-08-07/starryos-replace/docs/docs/build/axvisor/rtos-realtime-iterations.png
tgoskits	/home/yfblock/Code/hyper-rtos/tgoskits	rtthread-migration	cbf9f8b31c4844d8cf14faf5c41e3c9df3bca3d0	true	docs/docs/build/axvisor/rtos-realtime-iterations.csv	task12	result	2026-08-07	git_commit	50011	0b4d477bdef0c14732678497759c530d127d3c0b3022e9fe7a08e3515a8b3555	task12/result/2026-08-07/tgoskits/docs/docs/build/axvisor/rtos-realtime-iterations.csv
tgoskits	/home/yfblock/Code/hyper-rtos/tgoskits	rtthread-migration	cbf9f8b31c4844d8cf14faf5c41e3c9df3bca3d0	true	docs/docs/build/axvisor/rtos-realtime-iterations.png	task12	result	2026-08-07	git_commit	426329	1edb6bf66005911433ff419d3acfd5a2eb55074a094a42c5b0d71fcbfe57cf7c	task12/result/2026-08-07/tgoskits/docs/docs/build/axvisor/rtos-realtime-iterations.png
starryos-replace	/home/yfblock/Code/hyper-rtos/starryos-replace	feat/starryos-task123	d7c52e8ef1941c7fcdc6cd5ca27ca58bd4698b4d	true	os/axvisor/guests/task3/docs/superpowers/specs/2026-08-15-qemu-task3-ai-control-design.md	task123	design	2026-08-15	filename	13785	09b203a6213722b4ef82e6fc5943bdf84d0d9efde3f58e0cfea0eb6560fc64c3	task123/design/2026-08-15/starryos-replace/os/axvisor/guests/task3/docs/superpowers/specs/2026-08-15-qemu-task3-ai-control-design.md
starryos-replace	/home/yfblock/Code/hyper-rtos/starryos-replace	feat/starryos-task123	d7c52e8ef1941c7fcdc6cd5ca27ca58bd4698b4d	true	docs/superpowers/specs/2026-08-17-axvisor-task123-integration-design.md	task123	design	2026-08-17	filename	13526	afe14b49b36e1fe1b744e1aff0d87c722816b200fccf85a3b1803c86d70c553e	task123/design/2026-08-17/starryos-replace/docs/superpowers/specs/2026-08-17-axvisor-task123-integration-design.md
starryos-replace	/home/yfblock/Code/hyper-rtos/starryos-replace	feat/starryos-task123	d7c52e8ef1941c7fcdc6cd5ca27ca58bd4698b4d	true	docs/superpowers/specs/2026-08-17-task123-local-first-cache-design.md	task123	design	2026-08-17	filename	5516	427194cdfb502d9c802366a8c2c33a2f86f1bbe2b0f5e49901b2c057309f1c92	task123/design/2026-08-17/starryos-replace/docs/superpowers/specs/2026-08-17-task123-local-first-cache-design.md
starryos-replace	/home/yfblock/Code/hyper-rtos/starryos-replace	feat/starryos-task123	d7c52e8ef1941c7fcdc6cd5ca27ca58bd4698b4d	true	docs/superpowers/specs/2026-08-18-history-docs-migration-design.md	task123	design	2026-08-18	filename	9174	22514d7b84e20b427c66397509f481369714a0ff07e498e45848f58839d03d69	task123/design/2026-08-18/starryos-replace/docs/superpowers/specs/2026-08-18-history-docs-migration-design.md
starryos-replace	/home/yfblock/Code/hyper-rtos/starryos-replace	feat/starryos-task123	d7c52e8ef1941c7fcdc6cd5ca27ca58bd4698b4d	true	docs/superpowers/specs/2026-08-18-starryos-linux-stability-comparison-design.md	task123	design	2026-08-18	filename	3329	b11f1a0a017fd7f13fa41e1bd7f42b0f824afe057e67205f971113a01c0ae418	task123/design/2026-08-18/starryos-replace/docs/superpowers/specs/2026-08-18-starryos-linux-stability-comparison-design.md
starryos-replace	/home/yfblock/Code/hyper-rtos/starryos-replace	feat/starryos-task123	d7c52e8ef1941c7fcdc6cd5ca27ca58bd4698b4d	true	docs/superpowers/specs/2026-08-18-starryos-task123-design.md	task123	design	2026-08-18	filename	4313	806a1d43dd8600d1df033374d17e950f5064ecf254b33b598b05f05af441033b	task123/design/2026-08-18/starryos-replace/docs/superpowers/specs/2026-08-18-starryos-task123-design.md
starryos-replace	/home/yfblock/Code/hyper-rtos/starryos-replace	feat/starryos-task123	d7c52e8ef1941c7fcdc6cd5ca27ca58bd4698b4d	true	docs/superpowers/specs/2026-08-18-task123-native-runner-design.md	task123	design	2026-08-18	filename	3752	1e316922b3cf4b69f4c749ad467e317653aeb48bbc10b73ccdc9d93d32993fde	task123/design/2026-08-18/starryos-replace/docs/superpowers/specs/2026-08-18-task123-native-runner-design.md
starryos-replace	/home/yfblock/Code/hyper-rtos/starryos-replace	feat/starryos-task123	d7c52e8ef1941c7fcdc6cd5ca27ca58bd4698b4d	true	os/axvisor/guests/task3/docs/results/evidence/faults/delayed-server/commands.txt	task123	evidence	2026-08-17	git_commit	774	79ac32c1d2892db407e0217b64fc8b1395a879e4aa9c77b54d96a6cc8742ea34	task123/evidence/2026-08-17/starryos-replace/os/axvisor/guests/task3/docs/results/evidence/faults/delayed-server/commands.txt
starryos-replace	/home/yfblock/Code/hyper-rtos/starryos-replace	feat/starryos-task123	d7c52e8ef1941c7fcdc6cd5ca27ca58bd4698b4d	true	os/axvisor/guests/task3/docs/results/evidence/faults/delayed-server/frames.csv	task123	evidence	2026-08-17	git_commit	496	9efbbe39061c0a1d22ffc9efb6ae2e8a928c77c8e0e86d69760c3162c506385f	task123/evidence/2026-08-17/starryos-replace/os/axvisor/guests/task3/docs/results/evidence/faults/delayed-server/frames.csv
starryos-replace	/home/yfblock/Code/hyper-rtos/starryos-replace	feat/starryos-task123	d7c52e8ef1941c7fcdc6cd5ca27ca58bd4698b4d	true	os/axvisor/guests/task3/docs/results/evidence/faults/delayed-server/linux.log	task123	evidence	2026-08-17	git_commit	7034	1fb5ee5d7b865e4c5f660968a19240e37958980da271f27d847492702f89255f	task123/evidence/2026-08-17/starryos-replace/os/axvisor/guests/task3/docs/results/evidence/faults/delayed-server/linux.log
starryos-replace	/home/yfblock/Code/hyper-rtos/starryos-replace	feat/starryos-task123	d7c52e8ef1941c7fcdc6cd5ca27ca58bd4698b4d	true	os/axvisor/guests/task3/docs/results/evidence/faults/delayed-server/rtthread.log	task123	evidence	2026-08-17	git_commit	1665	7f505025edca2e8ebd05eb5b95bf6085c49367ddbf01ffb6a6e190084d1cdb0d	task123/evidence/2026-08-17/starryos-replace/os/axvisor/guests/task3/docs/results/evidence/faults/delayed-server/rtthread.log
starryos-replace	/home/yfblock/Code/hyper-rtos/starryos-replace	feat/starryos-task123	d7c52e8ef1941c7fcdc6cd5ca27ca58bd4698b4d	true	os/axvisor/guests/task3/docs/results/evidence/faults/delayed-server/summary.json	task123	evidence	2026-08-17	git_commit	2192	3c13afeb34de00c5d45413b429e16c517db587b5f7d1de32d8481eccbe986f22	task123/evidence/2026-08-17/starryos-replace/os/axvisor/guests/task3/docs/results/evidence/faults/delayed-server/summary.json
starryos-replace	/home/yfblock/Code/hyper-rtos/starryos-replace	feat/starryos-task123	d7c52e8ef1941c7fcdc6cd5ca27ca58bd4698b4d	true	os/axvisor/guests/task3/docs/results/evidence/faults/delayed-server/summary.raw.json	task123	evidence	2026-08-17	git_commit	892	984ec367ff2c66972b615b60ef206711c019afb3976283e031932e78f0e784d4	task123/evidence/2026-08-17/starryos-replace/os/axvisor/guests/task3/docs/results/evidence/faults/delayed-server/summary.raw.json
starryos-replace	/home/yfblock/Code/hyper-rtos/starryos-replace	feat/starryos-task123	d7c52e8ef1941c7fcdc6cd5ca27ca58bd4698b4d	true	os/axvisor/guests/task3/docs/results/evidence/faults/delayed-server/versions.txt	task123	evidence	2026-08-17	git_commit	1261	ff78d9cd2783c1f700c8374ec475cf9ed5630f3a9995bf107d8c68bf29b7b899	task123/evidence/2026-08-17/starryos-replace/os/axvisor/guests/task3/docs/results/evidence/faults/delayed-server/versions.txt
starryos-replace	/home/yfblock/Code/hyper-rtos/starryos-replace	feat/starryos-task123	d7c52e8ef1941c7fcdc6cd5ca27ca58bd4698b4d	true	os/axvisor/guests/task3/docs/results/evidence/faults/drop-control/commands.txt	task123	evidence	2026-08-17	git_commit	793	e41e09f046f50647fdeef7ec99a7a3ef9c3512692dc0f4500a3e9014684cc440	task123/evidence/2026-08-17/starryos-replace/os/axvisor/guests/task3/docs/results/evidence/faults/drop-control/commands.txt
starryos-replace	/home/yfblock/Code/hyper-rtos/starryos-replace	feat/starryos-task123	d7c52e8ef1941c7fcdc6cd5ca27ca58bd4698b4d	true	os/axvisor/guests/task3/docs/results/evidence/faults/drop-control/frames.csv	task123	evidence	2026-08-17	git_commit	494	81b41a3d5dd3bb60f861ef9b8e07e727b34ba46fabd3f3e7bfcc53ed323e0db0	task123/evidence/2026-08-17/starryos-replace/os/axvisor/guests/task3/docs/results/evidence/faults/drop-control/frames.csv
starryos-replace	/home/yfblock/Code/hyper-rtos/starryos-replace	feat/starryos-task123	d7c52e8ef1941c7fcdc6cd5ca27ca58bd4698b4d	true	os/axvisor/guests/task3/docs/results/evidence/faults/drop-control/linux.log	task123	evidence	2026-08-17	git_commit	7011	99efb99301e8507eceff06ce2471c7da081e4780e22b22c25282cd9810ec99f8	task123/evidence/2026-08-17/starryos-replace/os/axvisor/guests/task3/docs/results/evidence/faults/drop-control/linux.log
starryos-replace	/home/yfblock/Code/hyper-rtos/starryos-replace	feat/starryos-task123	d7c52e8ef1941c7fcdc6cd5ca27ca58bd4698b4d	true	os/axvisor/guests/task3/docs/results/evidence/faults/drop-control/rtthread.log	task123	evidence	2026-08-17	git_commit	1665	fc02424bc35b22378d1fd30f69cb83db5fe362692ca72211e71305f5293fa651	task123/evidence/2026-08-17/starryos-replace/os/axvisor/guests/task3/docs/results/evidence/faults/drop-control/rtthread.log
starryos-replace	/home/yfblock/Code/hyper-rtos/starryos-replace	feat/starryos-task123	d7c52e8ef1941c7fcdc6cd5ca27ca58bd4698b4d	true	os/axvisor/guests/task3/docs/results/evidence/faults/drop-control/summary.json	task123	evidence	2026-08-17	git_commit	2187	a729c81639dba4eed0aeb92e0a62ede9046eebf352a52802603f33a7f09cdfdd	task123/evidence/2026-08-17/starryos-replace/os/axvisor/guests/task3/docs/results/evidence/faults/drop-control/summary.json
starryos-replace	/home/yfblock/Code/hyper-rtos/starryos-replace	feat/starryos-task123	d7c52e8ef1941c7fcdc6cd5ca27ca58bd4698b4d	true	os/axvisor/guests/task3/docs/results/evidence/faults/drop-control/summary.raw.json	task123	evidence	2026-08-17	git_commit	893	45c75c564780ea1bbe59c95b16300f1162876d2d15b5ec4501dcbcd70ad8d7c0	task123/evidence/2026-08-17/starryos-replace/os/axvisor/guests/task3/docs/results/evidence/faults/drop-control/summary.raw.json
starryos-replace	/home/yfblock/Code/hyper-rtos/starryos-replace	feat/starryos-task123	d7c52e8ef1941c7fcdc6cd5ca27ca58bd4698b4d	true	os/axvisor/guests/task3/docs/results/evidence/faults/drop-control/versions.txt	task123	evidence	2026-08-17	git_commit	1259	edaf4e8adbd3b9ad9fc0242f86bc8927bac7a6fa23ad1975ad0e224f12aa792e	task123/evidence/2026-08-17/starryos-replace/os/axvisor/guests/task3/docs/results/evidence/faults/drop-control/versions.txt
starryos-replace	/home/yfblock/Code/hyper-rtos/starryos-replace	feat/starryos-task123	d7c52e8ef1941c7fcdc6cd5ca27ca58bd4698b4d	true	os/axvisor/guests/task3/docs/results/evidence/faults/drop-status/commands.txt	task123	evidence	2026-08-17	git_commit	786	f32eb9ab1e2369ca5008759874c4a626305e31464289ff37682bf074b8c2dad5	task123/evidence/2026-08-17/starryos-replace/os/axvisor/guests/task3/docs/results/evidence/faults/drop-status/commands.txt
starryos-replace	/home/yfblock/Code/hyper-rtos/starryos-replace	feat/starryos-task123	d7c52e8ef1941c7fcdc6cd5ca27ca58bd4698b4d	true	os/axvisor/guests/task3/docs/results/evidence/faults/drop-status/frames.csv	task123	evidence	2026-08-17	git_commit	495	d9732c901dedc29cd108ff6720d3d19d1d478fc36c2a39ffa9b7ebf7c9db808b	task123/evidence/2026-08-17/starryos-replace/os/axvisor/guests/task3/docs/results/evidence/faults/drop-status/frames.csv
starryos-replace	/home/yfblock/Code/hyper-rtos/starryos-replace	feat/starryos-task123	d7c52e8ef1941c7fcdc6cd5ca27ca58bd4698b4d	true	os/axvisor/guests/task3/docs/results/evidence/faults/drop-status/linux.log	task123	evidence	2026-08-17	git_commit	6987	085abb6dbfb96bb9b4777e1554b4bc273dd72b4d0f8ecdab471f9d712630ccfd	task123/evidence/2026-08-17/starryos-replace/os/axvisor/guests/task3/docs/results/evidence/faults/drop-status/linux.log
starryos-replace	/home/yfblock/Code/hyper-rtos/starryos-replace	feat/starryos-task123	d7c52e8ef1941c7fcdc6cd5ca27ca58bd4698b4d	true	os/axvisor/guests/task3/docs/results/evidence/faults/drop-status/rtthread.log	task123	evidence	2026-08-17	git_commit	1700	be7884173457ed1c6cdeaf6d2f81f13309d92e3abe841a78cedb65aaeaa3297c	task123/evidence/2026-08-17/starryos-replace/os/axvisor/guests/task3/docs/results/evidence/faults/drop-status/rtthread.log
starryos-replace	/home/yfblock/Code/hyper-rtos/starryos-replace	feat/starryos-task123	d7c52e8ef1941c7fcdc6cd5ca27ca58bd4698b4d	true	os/axvisor/guests/task3/docs/results/evidence/faults/drop-status/summary.json	task123	evidence	2026-08-17	git_commit	2182	c0367b8cadd9b6c98f9894ea75a993b67328c13c4e7cf17311d77a59df99466a	task123/evidence/2026-08-17/starryos-replace/os/axvisor/guests/task3/docs/results/evidence/faults/drop-status/summary.json
starryos-replace	/home/yfblock/Code/hyper-rtos/starryos-replace	feat/starryos-task123	d7c52e8ef1941c7fcdc6cd5ca27ca58bd4698b4d	true	os/axvisor/guests/task3/docs/results/evidence/faults/drop-status/summary.raw.json	task123	evidence	2026-08-17	git_commit	889	8ac1b21f95f5f6a995133329d9705dd3ad9512252d8a4230f2d1e912440a00ad	task123/evidence/2026-08-17/starryos-replace/os/axvisor/guests/task3/docs/results/evidence/faults/drop-status/summary.raw.json
starryos-replace	/home/yfblock/Code/hyper-rtos/starryos-replace	feat/starryos-task123	d7c52e8ef1941c7fcdc6cd5ca27ca58bd4698b4d	true	os/axvisor/guests/task3/docs/results/evidence/faults/drop-status/versions.txt	task123	evidence	2026-08-17	git_commit	1270	32c9fc486a5cab52f86da2e898e2519decc2c12455bcde61b8185890d299ed0d	task123/evidence/2026-08-17/starryos-replace/os/axvisor/guests/task3/docs/results/evidence/faults/drop-status/versions.txt
starryos-replace	/home/yfblock/Code/hyper-rtos/starryos-replace	feat/starryos-task123	d7c52e8ef1941c7fcdc6cd5ca27ca58bd4698b4d	true	os/axvisor/guests/task3/docs/results/evidence/faults/duplicate-frame/commands.txt	task123	evidence	2026-08-17	git_commit	802	633cb38496b9ac6b64881f6fcb59ad06a5c084d99d3a30de1d74236a2e1c1e46	task123/evidence/2026-08-17/starryos-replace/os/axvisor/guests/task3/docs/results/evidence/faults/duplicate-frame/commands.txt
starryos-replace	/home/yfblock/Code/hyper-rtos/starryos-replace	feat/starryos-task123	d7c52e8ef1941c7fcdc6cd5ca27ca58bd4698b4d	true	os/axvisor/guests/task3/docs/results/evidence/faults/duplicate-frame/frames.csv	task123	evidence	2026-08-17	git_commit	493	359c7db3223338c73c4c9e64583bd35083a6e6a5dc772a29494546e7502b7911	task123/evidence/2026-08-17/starryos-replace/os/axvisor/guests/task3/docs/results/evidence/faults/duplicate-frame/frames.csv
starryos-replace	/home/yfblock/Code/hyper-rtos/starryos-replace	feat/starryos-task123	d7c52e8ef1941c7fcdc6cd5ca27ca58bd4698b4d	true	os/axvisor/guests/task3/docs/results/evidence/faults/duplicate-frame/linux.log	task123	evidence	2026-08-17	git_commit	7106	c3d864f8751a35b05432b535550f4a5fe1f21a22179d4178249c5b812081321d	task123/evidence/2026-08-17/starryos-replace/os/axvisor/guests/task3/docs/results/evidence/faults/duplicate-frame/linux.log
starryos-replace	/home/yfblock/Code/hyper-rtos/starryos-replace	feat/starryos-task123	d7c52e8ef1941c7fcdc6cd5ca27ca58bd4698b4d	true	os/axvisor/guests/task3/docs/results/evidence/faults/duplicate-frame/rtthread.log	task123	evidence	2026-08-17	git_commit	1666	c4c9f30abbe2128e196042825d6f1d86cabfb1ced4ebeb72537036bb22f38f07	task123/evidence/2026-08-17/starryos-replace/os/axvisor/guests/task3/docs/results/evidence/faults/duplicate-frame/rtthread.log
starryos-replace	/home/yfblock/Code/hyper-rtos/starryos-replace	feat/starryos-task123	d7c52e8ef1941c7fcdc6cd5ca27ca58bd4698b4d	true	os/axvisor/guests/task3/docs/results/evidence/faults/duplicate-frame/summary.json	task123	evidence	2026-08-17	git_commit	2189	0f84b963ae367182024c7d7868547f9b0a1345c90c95af5fcb8787be273a41d1	task123/evidence/2026-08-17/starryos-replace/os/axvisor/guests/task3/docs/results/evidence/faults/duplicate-frame/summary.json
starryos-replace	/home/yfblock/Code/hyper-rtos/starryos-replace	feat/starryos-task123	d7c52e8ef1941c7fcdc6cd5ca27ca58bd4698b4d	true	os/axvisor/guests/task3/docs/results/evidence/faults/duplicate-frame/summary.raw.json	task123	evidence	2026-08-17	git_commit	886	6c6774b7aa3a55947107345b5409d99704e48fab1cf1a1590acd1c505a4fd091	task123/evidence/2026-08-17/starryos-replace/os/axvisor/guests/task3/docs/results/evidence/faults/duplicate-frame/summary.raw.json
starryos-replace	/home/yfblock/Code/hyper-rtos/starryos-replace	feat/starryos-task123	d7c52e8ef1941c7fcdc6cd5ca27ca58bd4698b4d	true	os/axvisor/guests/task3/docs/results/evidence/faults/duplicate-frame/versions.txt	task123	evidence	2026-08-17	git_commit	1262	199895c1a4eb92b39a97d3134f1c24277b1c82e88093a8c00328f3ae4ac2c006	task123/evidence/2026-08-17/starryos-replace/os/axvisor/guests/task3/docs/results/evidence/faults/duplicate-frame/versions.txt
starryos-replace	/home/yfblock/Code/hyper-rtos/starryos-replace	feat/starryos-task123	d7c52e8ef1941c7fcdc6cd5ca27ca58bd4698b4d	true	os/axvisor/guests/task3/docs/results/evidence/faults/fault-events.csv	task123	evidence	2026-08-17	git_commit	232	476c56ba7cf0864fce2443417ba5bc39501fac3b313443c46fb9f3e30ab614b0	task123/evidence/2026-08-17/starryos-replace/os/axvisor/guests/task3/docs/results/evidence/faults/fault-events.csv
starryos-replace	/home/yfblock/Code/hyper-rtos/starryos-replace	feat/starryos-task123	d7c52e8ef1941c7fcdc6cd5ca27ca58bd4698b4d	true	os/axvisor/guests/task3/docs/results/evidence/faults/fault-summary.json	task123	evidence	2026-08-17	git_commit	1482	b82bb4f2e017eff45e41788425ab4c42e1c1685e5a2d8260e839ae4ff770a45b	task123/evidence/2026-08-17/starryos-replace/os/axvisor/guests/task3/docs/results/evidence/faults/fault-summary.json
starryos-replace	/home/yfblock/Code/hyper-rtos/starryos-replace	feat/starryos-task123	d7c52e8ef1941c7fcdc6cd5ca27ca58bd4698b4d	true	os/axvisor/guests/task3/docs/results/evidence/faults/malformed/commands.txt	task123	evidence	2026-08-17	git_commit	796	8ca0abb26baa020d406d06ddbe0cf7a4d814268199cfcb9c68ff418bbdbeed1f	task123/evidence/2026-08-17/starryos-replace/os/axvisor/guests/task3/docs/results/evidence/faults/malformed/commands.txt
starryos-replace	/home/yfblock/Code/hyper-rtos/starryos-replace	feat/starryos-task123	d7c52e8ef1941c7fcdc6cd5ca27ca58bd4698b4d	true	os/axvisor/guests/task3/docs/results/evidence/faults/malformed/frames.csv	task123	evidence	2026-08-17	git_commit	492	25ae6ef32f1fc7cf6ff5ca18c7994f89a7cdd05f78b0460b6f5db1db35f95576	task123/evidence/2026-08-17/starryos-replace/os/axvisor/guests/task3/docs/results/evidence/faults/malformed/frames.csv
starryos-replace	/home/yfblock/Code/hyper-rtos/starryos-replace	feat/starryos-task123	d7c52e8ef1941c7fcdc6cd5ca27ca58bd4698b4d	true	os/axvisor/guests/task3/docs/results/evidence/faults/malformed/linux.log	task123	evidence	2026-08-17	git_commit	7135	b01a871a29cc286e58b3ae966dc756e2e00df32d2cedfdd49c3047b72130d3f2	task123/evidence/2026-08-17/starryos-replace/os/axvisor/guests/task3/docs/results/evidence/faults/malformed/linux.log
starryos-replace	/home/yfblock/Code/hyper-rtos/starryos-replace	feat/starryos-task123	d7c52e8ef1941c7fcdc6cd5ca27ca58bd4698b4d	true	os/axvisor/guests/task3/docs/results/evidence/faults/malformed/rtthread.log	task123	evidence	2026-08-17	git_commit	1666	53616106cc7075eab12b37d27e80b3b15764ba4aede89a2f14694aaccdf4f823	task123/evidence/2026-08-17/starryos-replace/os/axvisor/guests/task3/docs/results/evidence/faults/malformed/rtthread.log
starryos-replace	/home/yfblock/Code/hyper-rtos/starryos-replace	feat/starryos-task123	d7c52e8ef1941c7fcdc6cd5ca27ca58bd4698b4d	true	os/axvisor/guests/task3/docs/results/evidence/faults/malformed/summary.json	task123	evidence	2026-08-17	git_commit	2171	c88a72a3ce2f5745094399b319337655b76ded7208a9de8a0743aa004f4ee433	task123/evidence/2026-08-17/starryos-replace/os/axvisor/guests/task3/docs/results/evidence/faults/malformed/summary.json
starryos-replace	/home/yfblock/Code/hyper-rtos/starryos-replace	feat/starryos-task123	d7c52e8ef1941c7fcdc6cd5ca27ca58bd4698b4d	true	os/axvisor/guests/task3/docs/results/evidence/faults/malformed/summary.raw.json	task123	evidence	2026-08-17	git_commit	886	97b32a09ddbbc240785847947d4616b192008f1b43c599742d7f3667590ed223	task123/evidence/2026-08-17/starryos-replace/os/axvisor/guests/task3/docs/results/evidence/faults/malformed/summary.raw.json
starryos-replace	/home/yfblock/Code/hyper-rtos/starryos-replace	feat/starryos-task123	d7c52e8ef1941c7fcdc6cd5ca27ca58bd4698b4d	true	os/axvisor/guests/task3/docs/results/evidence/faults/malformed/versions.txt	task123	evidence	2026-08-17	git_commit	1256	e8e2cb33ad9bcfaa0b851e3214defcd85aa8709de7be0a372403eb2266aecf09	task123/evidence/2026-08-17/starryos-replace/os/axvisor/guests/task3/docs/results/evidence/faults/malformed/versions.txt
starryos-replace	/home/yfblock/Code/hyper-rtos/starryos-replace	feat/starryos-task123	d7c52e8ef1941c7fcdc6cd5ca27ca58bd4698b4d	true	os/axvisor/guests/task3/docs/results/evidence/normal/commands.txt	task123	evidence	2026-08-17	git_commit	776	fbf92763428ce6ee32a5e751d9a1507218922247f924df73ea633713dc7a2ab8	task123/evidence/2026-08-17/starryos-replace/os/axvisor/guests/task3/docs/results/evidence/normal/commands.txt
starryos-replace	/home/yfblock/Code/hyper-rtos/starryos-replace	feat/starryos-task123	d7c52e8ef1941c7fcdc6cd5ca27ca58bd4698b4d	true	os/axvisor/guests/task3/docs/results/evidence/normal/frames.csv	task123	evidence	2026-08-17	git_commit	63657	cc13e739306a05c3b122d53115237653c1d723a316f78174048c96c33f8636d2	task123/evidence/2026-08-17/starryos-replace/os/axvisor/guests/task3/docs/results/evidence/normal/frames.csv
starryos-replace	/home/yfblock/Code/hyper-rtos/starryos-replace	feat/starryos-task123	d7c52e8ef1941c7fcdc6cd5ca27ca58bd4698b4d	true	os/axvisor/guests/task3/docs/results/evidence/normal/linux.log	task123	evidence	2026-08-17	git_commit	89291	0ef87422492d54750c37fca41d0d8174b2a93186f5bc6921e593b769530e1f63	task123/evidence/2026-08-17/starryos-replace/os/axvisor/guests/task3/docs/results/evidence/normal/linux.log
starryos-replace	/home/yfblock/Code/hyper-rtos/starryos-replace	feat/starryos-task123	d7c52e8ef1941c7fcdc6cd5ca27ca58bd4698b4d	true	os/axvisor/guests/task3/docs/results/evidence/normal/rtthread.log	task123	evidence	2026-08-17	git_commit	3144	60a69a347cafa9e51b71395e01edf810a31be99f2d21d8c63b2f18eeb667fbe8	task123/evidence/2026-08-17/starryos-replace/os/axvisor/guests/task3/docs/results/evidence/normal/rtthread.log
starryos-replace	/home/yfblock/Code/hyper-rtos/starryos-replace	feat/starryos-task123	d7c52e8ef1941c7fcdc6cd5ca27ca58bd4698b4d	true	os/axvisor/guests/task3/docs/results/evidence/normal/summary.json	task123	evidence	2026-08-17	git_commit	2194	b19e0db13be8deefdda508f0a57f18dd290ea9e9483e6fc8d45aec274ec31152	task123/evidence/2026-08-17/starryos-replace/os/axvisor/guests/task3/docs/results/evidence/normal/summary.json
starryos-replace	/home/yfblock/Code/hyper-rtos/starryos-replace	feat/starryos-task123	d7c52e8ef1941c7fcdc6cd5ca27ca58bd4698b4d	true	os/axvisor/guests/task3/docs/results/evidence/normal/summary.raw.json	task123	evidence	2026-08-17	git_commit	925	dae7fb6f7e194a27014d332068a2fbea9196e115c8c105f8571990464eeb35d3	task123/evidence/2026-08-17/starryos-replace/os/axvisor/guests/task3/docs/results/evidence/normal/summary.raw.json
starryos-replace	/home/yfblock/Code/hyper-rtos/starryos-replace	feat/starryos-task123	d7c52e8ef1941c7fcdc6cd5ca27ca58bd4698b4d	true	os/axvisor/guests/task3/docs/results/evidence/normal/versions.txt	task123	evidence	2026-08-17	git_commit	1255	ea5cac97d046163eeaf67edadff352ddeb4242825be1cf2bd1e7757d16cbd9a4	task123/evidence/2026-08-17/starryos-replace/os/axvisor/guests/task3/docs/results/evidence/normal/versions.txt
starryos-replace	/home/yfblock/Code/hyper-rtos/starryos-replace	feat/starryos-task123	d7c52e8ef1941c7fcdc6cd5ca27ca58bd4698b4d	true	docs/docs/build/axvisor/task123-reproduction-cn.md	task123	guide	2026-08-18	git_commit	14752	2a6f275062166bb11e6f94491d564b8b1873803320744632bb1f2e90971a33d3	task123/guide/2026-08-18/starryos-replace/docs/docs/build/axvisor/task123-reproduction-cn.md
starryos-replace	/home/yfblock/Code/hyper-rtos/starryos-replace	feat/starryos-task123	d7c52e8ef1941c7fcdc6cd5ca27ca58bd4698b4d	true	os/axvisor/guests/task3/docs/superpowers/plans/2026-08-15-qemu-task3-ai-control-implementation.md	task123	plan	2026-08-15	filename	34857	7e7ae6cdc47e6bd89f706bf2f640218ba69ae50ef78b9fc82f59fc4022784473	task123/plan/2026-08-15/starryos-replace/os/axvisor/guests/task3/docs/superpowers/plans/2026-08-15-qemu-task3-ai-control-implementation.md
starryos-replace	/home/yfblock/Code/hyper-rtos/starryos-replace	feat/starryos-task123	d7c52e8ef1941c7fcdc6cd5ca27ca58bd4698b4d	true	docs/superpowers/plans/2026-08-17-axvisor-task123-integration.md	task123	plan	2026-08-17	filename	40449	a30951197e60fe7284fc370578f825f07fac2eedd160792e1d3af99a2555c409	task123/plan/2026-08-17/starryos-replace/docs/superpowers/plans/2026-08-17-axvisor-task123-integration.md
starryos-replace	/home/yfblock/Code/hyper-rtos/starryos-replace	feat/starryos-task123	d7c52e8ef1941c7fcdc6cd5ca27ca58bd4698b4d	true	docs/superpowers/plans/2026-08-17-task123-local-first-cache.md	task123	plan	2026-08-17	filename	17307	6cc3b8e0bc0e96a109356371b130ed93bfba6ffa9bb2e8b6749f708d0bec541c	task123/plan/2026-08-17/starryos-replace/docs/superpowers/plans/2026-08-17-task123-local-first-cache.md
starryos-replace	/home/yfblock/Code/hyper-rtos/starryos-replace	feat/starryos-task123	d7c52e8ef1941c7fcdc6cd5ca27ca58bd4698b4d	true	docs/superpowers/plans/2026-08-17-task123-one-click-reproduction.md	task123	plan	2026-08-17	filename	1573	4d85e2d00e8e45cb419492cd2f4437ee889160f538de8bda832d4852fc60fc7e	task123/plan/2026-08-17/starryos-replace/docs/superpowers/plans/2026-08-17-task123-one-click-reproduction.md
starryos-replace	/home/yfblock/Code/hyper-rtos/starryos-replace	feat/starryos-task123	d7c52e8ef1941c7fcdc6cd5ca27ca58bd4698b4d	true	docs/superpowers/plans/2026-08-18-history-docs-migration.md	task123	plan	2026-08-18	filename	24782	6c95e17029c6053247b402d37b722645a00a22a6a9720cfa955ad85f20c6fdfc	task123/plan/2026-08-18/starryos-replace/docs/superpowers/plans/2026-08-18-history-docs-migration.md
starryos-replace	/home/yfblock/Code/hyper-rtos/starryos-replace	feat/starryos-task123	d7c52e8ef1941c7fcdc6cd5ca27ca58bd4698b4d	true	docs/superpowers/plans/2026-08-18-starryos-linux-stability-comparison.md	task123	plan	2026-08-18	filename	4293	bccd33563873646946f09188f2702205b2f2e179ba810d33c2b42ad346143f62	task123/plan/2026-08-18/starryos-replace/docs/superpowers/plans/2026-08-18-starryos-linux-stability-comparison.md
starryos-replace	/home/yfblock/Code/hyper-rtos/starryos-replace	feat/starryos-task123	d7c52e8ef1941c7fcdc6cd5ca27ca58bd4698b4d	true	docs/superpowers/plans/2026-08-18-starryos-task123-implementation.md	task123	plan	2026-08-18	filename	6597	c3f21f7f9095bdcf4abaf447741781a4b6a03004c037ba5a55120e703b05b2b9	task123/plan/2026-08-18/starryos-replace/docs/superpowers/plans/2026-08-18-starryos-task123-implementation.md
starryos-replace	/home/yfblock/Code/hyper-rtos/starryos-replace	feat/starryos-task123	d7c52e8ef1941c7fcdc6cd5ca27ca58bd4698b4d	true	docs/superpowers/plans/2026-08-18-task123-native-runner.md	task123	plan	2026-08-18	filename	7348	c081da63e8a4fee394ae892c3d623b7f10719ebb31a79222e64d5fe6c77ee498	task123/plan/2026-08-18/starryos-replace/docs/superpowers/plans/2026-08-18-task123-native-runner.md
starryos-replace	/home/yfblock/Code/hyper-rtos/starryos-replace	feat/starryos-task123	d7c52e8ef1941c7fcdc6cd5ca27ca58bd4698b4d	true	docs/docs/build/axvisor/task123-test-report.md	task123	report	2026-08-17	git_commit	10787	0f39df5629cdcef45bb282d89af04c28fe1b92aa9472beb99804c4e18f0fd803	task123/report/2026-08-17/starryos-replace/docs/docs/build/axvisor/task123-test-report.md
starryos-replace	/home/yfblock/Code/hyper-rtos/starryos-replace	feat/starryos-task123	d7c52e8ef1941c7fcdc6cd5ca27ca58bd4698b4d	true	os/axvisor/guests/task3/docs/results/task3-report.md	task123	report	2026-08-17	git_commit	6087	6af5398c28bda489e785c83be279eae01ab430f0fe9942bf0b82e31c8c97960c	task123/report/2026-08-17/starryos-replace/os/axvisor/guests/task3/docs/results/task3-report.md
starryos-replace	/home/yfblock/Code/hyper-rtos/starryos-replace	feat/starryos-task123	d7c52e8ef1941c7fcdc6cd5ca27ca58bd4698b4d	true	docs/reports/starryos-linux-stability-comparison.md	task123	report	2026-08-18	git_commit	9851	9e17588ef288e949b6403bbf1a40cc2a3080cc414adbb017d905d7d65edd0b65	task123/report/2026-08-18/starryos-replace/docs/reports/starryos-linux-stability-comparison.md
starryos-replace	/home/yfblock/Code/hyper-rtos/starryos-replace	feat/starryos-task123	d7c52e8ef1941c7fcdc6cd5ca27ca58bd4698b4d	true	os/axvisor/guests/task3/docs/protocol.md	task123	spec	2026-08-17	git_commit	6174	21f27e199b173761a56e50980a7d9626d105d168f601b8617ee8bf4eeb99b688	task123/spec/2026-08-17/starryos-replace/os/axvisor/guests/task3/docs/protocol.md
