Linux 6.17.0-40-generic (9950x) 	08/16/26 	_x86_64_	(32 CPU)

# Time        UID      TGID       TID    %usr %system  %guest   %wait    %CPU   CPU  Command
15:01:15     1000   3967039         -   94.00    9.00    0.00    0.00  103.00     3  qemu-system-aar
15:01:15     1000         -   3967039    1.00    3.00    0.00    0.00    4.00     3  |__qemu-system-aar
15:01:15     1000         -   3967046    0.00    0.00    0.00    0.00    0.00     1  |__call_rcu
15:01:15     1000         -   3967047    0.00    0.00    0.00    0.00    0.00     5  |__worker
15:01:15     1000         -   3967059   90.00    5.00    0.00    0.00   95.00     0  |__CPU 0/TCG
15:01:15     1000         -   3967061    1.00    0.00    0.00    0.00    1.00    18  |__CPU 1/TCG
15:01:15     1000         -   3967063    0.00    0.00    0.00    0.00    0.00     4  |__CPU 2/TCG
15:01:15     1000         -   3967064    0.00    0.00    0.00    0.00    0.00    12  |__CPU 3/TCG
15:01:16     1000   3967039         -  169.00   18.00    0.00    0.00  187.00     5  qemu-system-aar
15:01:16     1000         -   3967039    0.00    1.00    0.00    0.00    1.00     5  |__qemu-system-aar
15:01:16     1000         -   3967046    0.00    0.00    0.00    0.00    0.00     1  |__call_rcu
15:01:16     1000         -   3967047    0.00    0.00    0.00    0.00    0.00     5  |__worker
15:01:16     1000         -   3967059   81.00    9.00    0.00    0.00   90.00     2  |__CPU 0/TCG
15:01:16     1000         -   3967061    2.00    0.00    0.00    0.00    2.00    18  |__CPU 1/TCG
15:01:16     1000         -   3967063   86.00    9.00    0.00    0.00   95.00    20  |__CPU 2/TCG
15:01:16     1000         -   3967064    0.00    0.00    0.00    0.00    0.00    12  |__CPU 3/TCG
15:01:17     1000   3967039         -  153.00   30.00    0.00    0.00  183.00     6  qemu-system-aar
15:01:17     1000         -   3967039    1.00    1.00    0.00    0.00    2.00     6  |__qemu-system-aar
15:01:17     1000         -   3967046    0.00    0.00    0.00    0.00    0.00     4  |__call_rcu
15:01:17     1000         -   3967047    0.00    0.00    0.00    0.00    0.00     5  |__worker
15:01:17     1000         -   3967059   68.00   14.00    0.00    0.00   82.00     0  |__CPU 0/TCG
15:01:17     1000         -   3967061    0.00    0.00    0.00    0.00    0.00    18  |__CPU 1/TCG
15:01:17     1000         -   3967063   84.00   14.00    0.00    0.00   98.00    20  |__CPU 2/TCG
15:01:17     1000         -   3967064    0.00    0.00    0.00    0.00    0.00    12  |__CPU 3/TCG
15:01:18     1000   3967039         -  154.00   29.00    0.00    0.00  183.00     7  qemu-system-aar
15:01:18     1000         -   3967039    0.00    0.00    0.00    0.00    0.00     7  |__qemu-system-aar
15:01:18     1000         -   3967046    0.00    0.00    0.00    0.00    0.00     4  |__call_rcu
15:01:18     1000         -   3967047    0.00    0.00    0.00    0.00    0.00     5  |__worker
15:01:18     1000         -   3967059   69.00   15.00    0.00    0.00   84.00    16  |__CPU 0/TCG
15:01:18     1000         -   3967061    1.00    0.00    0.00    0.00    1.00    18  |__CPU 1/TCG
15:01:18     1000         -   3967063   83.00   15.00    0.00    0.00   98.00    20  |__CPU 2/TCG
15:01:18     1000         -   3967064    0.00    0.00    0.00    0.00    0.00    12  |__CPU 3/TCG
15:01:19     1000   3967039         -  153.00   30.00    0.00    0.00  183.00     7  qemu-system-aar
15:01:19     1000         -   3967039    0.00    1.00    0.00    0.00    1.00     7  |__qemu-system-aar
15:01:19     1000         -   3967046    0.00    0.00    0.00    0.00    0.00     4  |__call_rcu
15:01:19     1000         -   3967047    0.00    0.00    0.00    0.00    0.00     5  |__worker
15:01:19     1000         -   3967059   68.00   15.00    0.00    0.00   83.00    16  |__CPU 0/TCG
15:01:19     1000         -   3967061    1.00    0.00    0.00    0.00    1.00    17  |__CPU 1/TCG
15:01:19     1000         -   3967063   84.00   14.00    0.00    0.00   98.00    20  |__CPU 2/TCG
15:01:19     1000         -   3967064    0.00    0.00    0.00    0.00    0.00    12  |__CPU 3/TCG
15:01:20     1000   3967039         -  175.00   14.00    0.00    0.00  189.00     6  qemu-system-aar
15:01:20     1000         -   3967039    0.00    1.00    0.00    0.00    1.00     6  |__qemu-system-aar
15:01:20     1000         -   3967046    0.00    0.00    0.00    0.00    0.00     4  |__call_rcu
15:01:20     1000         -   3967047    0.00    0.00    0.00    0.00    0.00     5  |__worker
15:01:20     1000         -   3967059   83.00    5.00    0.00    0.00   88.00    16  |__CPU 0/TCG
15:01:20     1000         -   3967061    0.00    0.00    0.00    0.00    0.00    17  |__CPU 1/TCG
15:01:20     1000         -   3967063   90.00    9.00    0.00    0.00   99.00    20  |__CPU 2/TCG
15:01:20     1000         -   3967064    0.00    0.00    0.00    0.00    0.00    12  |__CPU 3/TCG
15:01:21     1000   3967039         -  180.00   12.00    0.00    0.00  192.00     7  qemu-system-aar
15:01:21     1000         -   3967039    0.00    0.00    0.00    0.00    0.00     7  |__qemu-system-aar
15:01:21     1000         -   3967046    0.00    0.00    0.00    0.00    0.00     4  |__call_rcu
15:01:21     1000         -   3967047    0.00    0.00    0.00    0.00    0.00     5  |__worker
15:01:21     1000         -   3967059   87.00    5.00    0.00    0.00   92.00    16  |__CPU 0/TCG
15:01:21     1000         -   3967061    1.00    0.00    0.00    0.00    1.00    18  |__CPU 1/TCG
15:01:21     1000         -   3967063   93.00    6.00    0.00    0.00   99.00    20  |__CPU 2/TCG
15:01:21     1000         -   3967064    0.00    0.00    0.00    0.00    0.00    12  |__CPU 3/TCG
15:01:22     1000   3967039         -  187.00    8.00    0.00    0.00  195.00     6  qemu-system-aar
15:01:22     1000         -   3967039    1.00    1.00    0.00    0.00    2.00     6  |__qemu-system-aar
15:01:22     1000         -   3967046    0.00    0.00    0.00    0.00    0.00     4  |__call_rcu
15:01:22     1000         -   3967047    0.00    0.00    0.00    0.00    0.00     5  |__worker
15:01:22     1000         -   3967059   90.00    4.00    0.00    0.00   94.00    16  |__CPU 0/TCG
15:01:22     1000         -   3967061    0.00    0.00    0.00    0.00    0.00    18  |__CPU 1/TCG
15:01:22     1000         -   3967063   95.00    5.00    0.00    0.00  100.00    20  |__CPU 2/TCG
15:01:22     1000         -   3967064    0.00    0.00    0.00    0.00    0.00    12  |__CPU 3/TCG
15:01:23     1000   3967039         -  169.00   19.00    0.00    0.00  188.00     6  qemu-system-aar
15:01:23     1000         -   3967039    0.00    0.00    0.00    0.00    0.00     6  |__qemu-system-aar
15:01:23     1000         -   3967046    0.00    0.00    0.00    0.00    0.00     4  |__call_rcu
15:01:23     1000         -   3967047    0.00    0.00    0.00    0.00    0.00     5  |__worker
15:01:23     1000         -   3967059   79.00    8.00    0.00    0.00   87.00     0  |__CPU 0/TCG
15:01:23     1000         -   3967061    1.00    0.00    0.00    0.00    1.00    18  |__CPU 1/TCG
15:01:23     1000         -   3967063   89.00   10.00    0.00    0.00   99.00     4  |__CPU 2/TCG
15:01:23     1000         -   3967064    0.00    0.00    0.00    0.00    0.00    12  |__CPU 3/TCG
15:01:24     1000   3967039         -  146.00   34.00    0.00    0.00  180.00     6  qemu-system-aar
15:01:24     1000         -   3967039    0.00    1.00    0.00    0.00    1.00     6  |__qemu-system-aar
15:01:24     1000         -   3967046    0.00    0.00    0.00    0.00    0.00     4  |__call_rcu
15:01:24     1000         -   3967047    0.00    0.00    0.00    0.00    0.00     5  |__worker
15:01:24     1000         -   3967059   64.00   16.00    0.00    0.00   80.00    16  |__CPU 0/TCG
15:01:24     1000         -   3967061    0.00    0.00    0.00    0.00    0.00    18  |__CPU 1/TCG
15:01:24     1000         -   3967063   80.00   18.00    0.00    0.00   98.00     4  |__CPU 2/TCG
15:01:24     1000         -   3967064    0.00    0.00    0.00    0.00    0.00    12  |__CPU 3/TCG
15:01:25     1000   3967039         -  146.00   34.00    0.00    0.00  180.00     6  qemu-system-aar
15:01:25     1000         -   3967039    0.00    0.00    0.00    0.00    0.00     6  |__qemu-system-aar
15:01:25     1000         -   3967046    0.00    0.00    0.00    0.00    0.00     4  |__call_rcu
15:01:25     1000         -   3967059   64.00   17.00    0.00    0.00   81.00    16  |__CPU 0/TCG
15:01:25     1000         -   3967061    1.00    0.00    0.00    0.00    1.00    18  |__CPU 1/TCG
15:01:25     1000         -   3967063   82.00   18.00    0.00    0.00  100.00     4  |__CPU 2/TCG
15:01:25     1000         -   3967064    0.00    0.00    0.00    0.00    0.00    12  |__CPU 3/TCG
15:01:26     1000   3967039         -  150.00   31.00    0.00    0.00  181.00    17  qemu-system-aar
15:01:26     1000         -   3967039    1.00    1.00    0.00    0.00    2.00    17  |__qemu-system-aar
15:01:26     1000         -   3967046    0.00    0.00    0.00    0.00    0.00     4  |__call_rcu
15:01:26     1000         -   3967059   65.00   15.00    0.00    0.00   80.00    16  |__CPU 0/TCG
15:01:26     1000         -   3967061    1.00    0.00    0.00    0.00    1.00    18  |__CPU 1/TCG
15:01:26     1000         -   3967063   83.00   15.00    0.00    0.00   98.00     4  |__CPU 2/TCG
15:01:26     1000         -   3967064    0.00    0.00    0.00    0.00    0.00    12  |__CPU 3/TCG
15:01:27     1000   3967039         -  189.00    6.00    0.00    0.00  195.00     6  qemu-system-aar
15:01:27     1000         -   3967039    0.00    1.00    0.00    0.00    1.00     6  |__qemu-system-aar
15:01:27     1000         -   3967046    0.00    0.00    0.00    0.00    0.00     4  |__call_rcu
15:01:27     1000         -   3967059   93.00    2.00    0.00    0.00   95.00    16  |__CPU 0/TCG
15:01:27     1000         -   3967061    0.00    0.00    0.00    0.00    0.00    19  |__CPU 1/TCG
15:01:27     1000         -   3967063   95.00    4.00    0.00    0.00   99.00     4  |__CPU 2/TCG
15:01:27     1000         -   3967064    0.00    0.00    0.00    0.00    0.00    12  |__CPU 3/TCG
15:01:28     1000   3967039         -  188.00    8.00    0.00    0.00  196.00    19  qemu-system-aar
15:01:28     1000         -   3967039    1.00    0.00    0.00    0.00    1.00    19  |__qemu-system-aar
15:01:28     1000         -   3967046    0.00    0.00    0.00    0.00    0.00     4  |__call_rcu
15:01:28     1000         -   3967059   91.00    3.00    0.00    0.00   94.00     0  |__CPU 0/TCG
15:01:28     1000         -   3967061    1.00    0.00    0.00    0.00    1.00    20  |__CPU 1/TCG
15:01:28     1000         -   3967063   95.00    4.00    0.00    0.00   99.00     4  |__CPU 2/TCG
15:01:28     1000         -   3967064    0.00    0.00    0.00    0.00    0.00    12  |__CPU 3/TCG
15:01:29     1000   3967039         -  188.00    7.00    0.00    0.00  195.00    19  qemu-system-aar
15:01:29     1000         -   3967039    0.00    1.00    0.00    0.00    1.00    19  |__qemu-system-aar
15:01:29     1000         -   3967046    0.00    0.00    0.00    0.00    0.00     4  |__call_rcu
15:01:29     1000         -   3967059   91.00    3.00    0.00    0.00   94.00     0  |__CPU 0/TCG
15:01:29     1000         -   3967061    1.00    0.00    0.00    0.00    1.00    20  |__CPU 1/TCG
15:01:29     1000         -   3967063   95.00    5.00    0.00    0.00  100.00     4  |__CPU 2/TCG
15:01:29     1000         -   3967064    0.00    0.00    0.00    0.00    0.00    12  |__CPU 3/TCG
15:01:30     1000   3967039         -  187.00    8.00    0.00    0.00  195.00    22  qemu-system-aar
15:01:30     1000         -   3967039    0.00    1.00    0.00    0.00    1.00    22  |__qemu-system-aar
15:01:30     1000         -   3967046    0.00    0.00    0.00    0.00    0.00     4  |__call_rcu
15:01:30     1000         -   3967059   91.00    4.00    0.00    0.00   95.00     0  |__CPU 0/TCG
15:01:30     1000         -   3967061    0.00    0.00    0.00    0.00    0.00    20  |__CPU 1/TCG
15:01:30     1000         -   3967063   95.00    4.00    0.00    0.00   99.00    20  |__CPU 2/TCG
15:01:30     1000         -   3967064    0.00    0.00    0.00    0.00    0.00    12  |__CPU 3/TCG
15:01:31     1000   3967039         -  185.00   10.00    0.00    0.00  195.00    19  qemu-system-aar
15:01:31     1000         -   3967039    1.00    0.00    0.00    0.00    1.00    19  |__qemu-system-aar
15:01:31     1000         -   3967046    0.00    0.00    0.00    0.00    0.00     4  |__call_rcu
15:01:31     1000         -   3967059   90.00    3.00    0.00    0.00   93.00     0  |__CPU 0/TCG
15:01:31     1000         -   3967061    1.00    0.00    0.00    0.00    1.00    18  |__CPU 1/TCG
15:01:31     1000         -   3967063   92.00    6.00    0.00    0.00   98.00     4  |__CPU 2/TCG
15:01:31     1000         -   3967064    0.00    0.00    0.00    0.00    0.00    12  |__CPU 3/TCG
15:01:32     1000   3967039         -  185.00   10.00    0.00    0.00  195.00    21  qemu-system-aar
15:01:32     1000         -   3967039    0.00    1.00    0.00    0.00    1.00    21  |__qemu-system-aar
15:01:32     1000         -   3967046    0.00    0.00    0.00    0.00    0.00     4  |__call_rcu
15:01:32     1000         -   3967059   89.00    5.00    0.00    0.00   94.00     0  |__CPU 0/TCG
15:01:32     1000         -   3967061    0.00    0.00    0.00    0.00    0.00    20  |__CPU 1/TCG
15:01:32     1000         -   3967063   95.00    5.00    0.00    0.00  100.00     4  |__CPU 2/TCG
15:01:32     1000         -   3967064    0.00    0.00    0.00    0.00    0.00    12  |__CPU 3/TCG
15:01:33     1000   3967039         -  188.00    7.00    0.00    0.00  195.00    21  qemu-system-aar
15:01:33     1000         -   3967039    1.00    0.00    0.00    0.00    1.00    21  |__qemu-system-aar
15:01:33     1000         -   3967046    0.00    0.00    0.00    0.00    0.00     4  |__call_rcu
15:01:33     1000         -   3967059   92.00    3.00    0.00    0.00   95.00     4  |__CPU 0/TCG
15:01:33     1000         -   3967061    1.00    0.00    0.00    0.00    1.00    20  |__CPU 1/TCG
15:01:33     1000         -   3967063   94.00    4.00    0.00    0.00   98.00    16  |__CPU 2/TCG
15:01:33     1000         -   3967064    0.00    0.00    0.00    0.00    0.00    12  |__CPU 3/TCG
15:01:34     1000   3967039         -  188.00    8.00    0.00    0.00  196.00    21  qemu-system-aar
15:01:34     1000         -   3967039    0.00    1.00    0.00    0.00    1.00    21  |__qemu-system-aar
15:01:34     1000         -   3967046    0.00    0.00    0.00    0.00    0.00     4  |__call_rcu
15:01:34     1000         -   3967059   93.00    2.00    0.00    0.00   95.00     4  |__CPU 0/TCG
15:01:34     1000         -   3967061    1.00    0.00    0.00    0.00    1.00    20  |__CPU 1/TCG
15:01:34     1000         -   3967063   94.00    5.00    0.00    0.00   99.00     0  |__CPU 2/TCG
15:01:34     1000         -   3967064    0.00    0.00    0.00    0.00    0.00    12  |__CPU 3/TCG
15:01:35     1000   3967039         -  188.00    7.00    0.00    0.00  195.00    21  qemu-system-aar
15:01:35     1000         -   3967039    0.00    1.00    0.00    0.00    1.00    21  |__qemu-system-aar
15:01:35     1000         -   3967046    0.00    0.00    0.00    0.00    0.00     4  |__call_rcu
15:01:35     1000         -   3967059   92.00    3.00    0.00    0.00   95.00     4  |__CPU 0/TCG
15:01:35     1000         -   3967061    0.00    0.00    0.00    0.00    0.00    20  |__CPU 1/TCG
15:01:35     1000         -   3967063   95.00    4.00    0.00    0.00   99.00     0  |__CPU 2/TCG
15:01:35     1000         -   3967064    0.00    0.00    0.00    0.00    0.00    12  |__CPU 3/TCG
15:01:36     1000   3967039         -  190.00    7.00    0.00    0.00  197.00    22  qemu-system-aar
15:01:36     1000         -   3967039    1.00    1.00    0.00    0.00    2.00    22  |__qemu-system-aar
15:01:36     1000         -   3967046    0.00    0.00    0.00    0.00    0.00     4  |__call_rcu
15:01:36     1000         -   3967059   92.00    4.00    0.00    0.00   96.00    20  |__CPU 0/TCG
15:01:36     1000         -   3967061    1.00    0.00    0.00    0.00    1.00    18  |__CPU 1/TCG
15:01:36     1000         -   3967063   96.00    3.00    0.00    0.00   99.00     0  |__CPU 2/TCG
15:01:36     1000         -   3967064    0.00    0.00    0.00    0.00    0.00    12  |__CPU 3/TCG
15:01:37     1000   3967039         -  188.00    8.00    0.00    0.00  196.00    22  qemu-system-aar
15:01:37     1000         -   3967039    0.00    1.00    0.00    0.00    1.00    22  |__qemu-system-aar
15:01:37     1000         -   3967046    0.00    0.00    0.00    0.00    0.00     4  |__call_rcu
15:01:37     1000         -   3967059   92.00    3.00    0.00    0.00   95.00    20  |__CPU 0/TCG
15:01:37     1000         -   3967061    0.00    0.00    0.00    0.00    0.00    18  |__CPU 1/TCG
15:01:37     1000         -   3967063   94.00    5.00    0.00    0.00   99.00     0  |__CPU 2/TCG
15:01:37     1000         -   3967064    0.00    0.00    0.00    0.00    0.00    12  |__CPU 3/TCG
15:01:38     1000   3967039         -  188.00    8.00    0.00    0.00  196.00    17  qemu-system-aar
15:01:38     1000         -   3967039    0.00    1.00    0.00    0.00    1.00    17  |__qemu-system-aar
15:01:38     1000         -   3967046    0.00    0.00    0.00    0.00    0.00     4  |__call_rcu
15:01:38     1000         -   3967059   93.00    3.00    0.00    0.00   96.00    20  |__CPU 0/TCG
15:01:38     1000         -   3967061    1.00    0.00    0.00    0.00    1.00    18  |__CPU 1/TCG
15:01:38     1000         -   3967063   95.00    4.00    0.00    0.00   99.00     0  |__CPU 2/TCG
15:01:38     1000         -   3967064    0.00    0.00    0.00    0.00    0.00    12  |__CPU 3/TCG
15:01:39     1000   3967039         -  188.00    8.00    0.00    0.00  196.00     6  qemu-system-aar
15:01:39     1000         -   3967039    1.00    1.00    0.00    0.00    2.00     6  |__qemu-system-aar
15:01:39     1000         -   3967046    0.00    0.00    0.00    0.00    0.00     4  |__call_rcu
15:01:39     1000         -   3967059   91.00    4.00    0.00    0.00   95.00     4  |__CPU 0/TCG
15:01:39     1000         -   3967061    0.00    0.00    0.00    0.00    0.00    18  |__CPU 1/TCG
15:01:39     1000         -   3967063   95.00    4.00    0.00    0.00   99.00     0  |__CPU 2/TCG
15:01:39     1000         -   3967064    0.00    0.00    0.00    0.00    0.00    12  |__CPU 3/TCG
15:01:40     1000   3967039         -  188.00    8.00    0.00    0.00  196.00     7  qemu-system-aar
15:01:40     1000         -   3967039    0.00    1.00    0.00    0.00    1.00     7  |__qemu-system-aar
15:01:40     1000         -   3967046    0.00    0.00    0.00    0.00    0.00     4  |__call_rcu
15:01:40     1000         -   3967059   91.00    4.00    0.00    0.00   95.00     4  |__CPU 0/TCG
15:01:40     1000         -   3967061    1.00    0.00    0.00    0.00    1.00    18  |__CPU 1/TCG
15:01:40     1000         -   3967063   95.00    4.00    0.00    0.00   99.00     0  |__CPU 2/TCG
15:01:40     1000         -   3967064    0.00    0.00    0.00    0.00    0.00    12  |__CPU 3/TCG
15:01:41     1000   3967039         -  189.00    7.00    0.00    0.00  196.00     6  qemu-system-aar
15:01:41     1000         -   3967039    1.00    0.00    0.00    0.00    1.00     6  |__qemu-system-aar
15:01:41     1000         -   3967046    0.00    0.00    0.00    0.00    0.00     4  |__call_rcu
15:01:41     1000         -   3967059   92.00    3.00    0.00    0.00   95.00     2  |__CPU 0/TCG
15:01:41     1000         -   3967061    0.00    0.00    0.00    0.00    0.00    18  |__CPU 1/TCG
15:01:41     1000         -   3967063   95.00    4.00    0.00    0.00   99.00     0  |__CPU 2/TCG
15:01:41     1000         -   3967064    0.00    0.00    0.00    0.00    0.00    12  |__CPU 3/TCG
15:01:42     1000   3967039         -  187.00    8.00    0.00    0.00  195.00     7  qemu-system-aar
15:01:42     1000         -   3967039    0.00    1.00    0.00    0.00    1.00     7  |__qemu-system-aar
15:01:42     1000         -   3967046    0.00    0.00    0.00    0.00    0.00     4  |__call_rcu
15:01:42     1000         -   3967059   92.00    3.00    0.00    0.00   95.00     1  |__CPU 0/TCG
15:01:42     1000         -   3967061    1.00    0.00    0.00    0.00    1.00    18  |__CPU 1/TCG
15:01:42     1000         -   3967063   95.00    5.00    0.00    0.00  100.00     0  |__CPU 2/TCG
15:01:42     1000         -   3967064    0.00    0.00    0.00    0.00    0.00    12  |__CPU 3/TCG
15:01:43     1000   3967039         -  191.00    7.00    0.00    0.00  198.00     6  qemu-system-aar
15:01:43     1000         -   3967039    1.00    0.00    0.00    0.00    1.00     6  |__qemu-system-aar
15:01:43     1000         -   3967046    0.00    0.00    0.00    0.00    0.00     4  |__call_rcu
15:01:43     1000         -   3967059   93.00    2.00    0.00    0.00   95.00     4  |__CPU 0/TCG
15:01:43     1000         -   3967061    1.00    0.00    0.00    0.00    1.00    18  |__CPU 1/TCG
15:01:43     1000         -   3967063   95.00    4.00    0.00    0.00   99.00    16  |__CPU 2/TCG
15:01:43     1000         -   3967064    0.00    0.00    0.00    0.00    0.00    12  |__CPU 3/TCG
15:01:44     1000   3967039         -  189.00    7.00    0.00    0.00  196.00     6  qemu-system-aar
15:01:44     1000         -   3967039    1.00    1.00    0.00    0.00    2.00     6  |__qemu-system-aar
15:01:44     1000         -   3967046    0.00    0.00    0.00    0.00    0.00     4  |__call_rcu
15:01:44     1000         -   3967059   93.00    3.00    0.00    0.00   96.00     4  |__CPU 0/TCG
15:01:44     1000         -   3967061    0.00    0.00    0.00    0.00    0.00    18  |__CPU 1/TCG
15:01:44     1000         -   3967063   95.00    4.00    0.00    0.00   99.00    16  |__CPU 2/TCG
15:01:44     1000         -   3967064    0.00    0.00    0.00    0.00    0.00    12  |__CPU 3/TCG
15:01:45     1000   3967039         -  190.00    6.00    0.00    0.00  196.00    18  qemu-system-aar
15:01:45     1000         -   3967039    0.00    1.00    0.00    0.00    1.00    18  |__qemu-system-aar
15:01:45     1000         -   3967046    0.00    0.00    0.00    0.00    0.00     4  |__call_rcu
15:01:45     1000         -   3967059   92.00    3.00    0.00    0.00   95.00     4  |__CPU 0/TCG
15:01:45     1000         -   3967061    1.00    0.00    0.00    0.00    1.00    19  |__CPU 1/TCG
15:01:45     1000         -   3967063   96.00    3.00    0.00    0.00   99.00    16  |__CPU 2/TCG
15:01:45     1000         -   3967064    0.00    0.00    0.00    0.00    0.00    12  |__CPU 3/TCG
15:01:46     1000   3967039         -  189.00    6.00    0.00    0.00  195.00    17  qemu-system-aar
15:01:46     1000         -   3967039    1.00    1.00    0.00    0.00    2.00    17  |__qemu-system-aar
15:01:46     1000         -   3967046    0.00    0.00    0.00    0.00    0.00     4  |__call_rcu
15:01:46     1000         -   3967059   91.00    4.00    0.00    0.00   95.00     4  |__CPU 0/TCG
15:01:46     1000         -   3967061    0.00    0.00    0.00    0.00    0.00    19  |__CPU 1/TCG
15:01:46     1000         -   3967063   96.00    3.00    0.00    0.00   99.00    16  |__CPU 2/TCG
15:01:46     1000         -   3967064    0.00    0.00    0.00    0.00    0.00    12  |__CPU 3/TCG
15:01:47     1000   3967039         -  187.00    9.00    0.00    0.00  196.00     6  qemu-system-aar
15:01:47     1000         -   3967039    0.00    1.00    0.00    0.00    1.00     6  |__qemu-system-aar
15:01:47     1000         -   3967046    0.00    0.00    0.00    0.00    0.00     4  |__call_rcu
15:01:47     1000         -   3967059   91.00    4.00    0.00    0.00   95.00    20  |__CPU 0/TCG
15:01:47     1000         -   3967061    0.00    1.00    0.00    0.00    1.00    19  |__CPU 1/TCG
15:01:47     1000         -   3967063   94.00    4.00    0.00    0.00   98.00    16  |__CPU 2/TCG
15:01:47     1000         -   3967064    0.00    0.00    0.00    0.00    0.00    12  |__CPU 3/TCG
15:01:48     1000   3967039         -  190.00    6.00    0.00    0.00  196.00     6  qemu-system-aar
15:01:48     1000         -   3967039    0.00    1.00    0.00    0.00    1.00     6  |__qemu-system-aar
15:01:48     1000         -   3967046    0.00    0.00    0.00    0.00    0.00     4  |__call_rcu
15:01:48     1000         -   3967059   93.00    3.00    0.00    0.00   96.00    20  |__CPU 0/TCG
15:01:48     1000         -   3967061    1.00    0.00    0.00    0.00    1.00    19  |__CPU 1/TCG
15:01:48     1000         -   3967063   96.00    4.00    0.00    0.00  100.00    16  |__CPU 2/TCG
15:01:48     1000         -   3967064    0.00    0.00    0.00    0.00    0.00    12  |__CPU 3/TCG
15:01:49     1000   3967039         -  190.00    7.00    0.00    0.00  197.00     6  qemu-system-aar
15:01:49     1000         -   3967039    0.00    1.00    0.00    0.00    1.00     6  |__qemu-system-aar
15:01:49     1000         -   3967046    0.00    0.00    0.00    0.00    0.00     4  |__call_rcu
15:01:49     1000         -   3967059   93.00    2.00    0.00    0.00   95.00    20  |__CPU 0/TCG
15:01:49     1000         -   3967061    1.00    0.00    0.00    0.00    1.00    21  |__CPU 1/TCG
15:01:49     1000         -   3967063   96.00    3.00    0.00    0.00   99.00    16  |__CPU 2/TCG
15:01:49     1000         -   3967064    0.00    0.00    0.00    0.00    0.00    12  |__CPU 3/TCG
15:01:50     1000   3967039         -  190.00    7.00    0.00    0.00  197.00     6  qemu-system-aar
15:01:50     1000         -   3967039    0.00    1.00    0.00    0.00    1.00     6  |__qemu-system-aar
15:01:50     1000         -   3967046    0.00    0.00    0.00    0.00    0.00     4  |__call_rcu
15:01:50     1000         -   3967059   93.00    3.00    0.00    0.00   96.00    20  |__CPU 0/TCG
15:01:50     1000         -   3967061    0.00    0.00    0.00    0.00    0.00    21  |__CPU 1/TCG
15:01:50     1000         -   3967063   94.00    4.00    0.00    0.00   98.00    16  |__CPU 2/TCG
15:01:50     1000         -   3967064    0.00    0.00    0.00    0.00    0.00    12  |__CPU 3/TCG
15:01:51     1000   3967039         -  189.00    7.00    0.00    0.00  196.00     6  qemu-system-aar
15:01:51     1000         -   3967039    1.00    1.00    0.00    0.00    2.00     6  |__qemu-system-aar
15:01:51     1000         -   3967046    0.00    0.00    0.00    0.00    0.00     4  |__call_rcu
15:01:51     1000         -   3967059   93.00    3.00    0.00    0.00   96.00    20  |__CPU 0/TCG
15:01:51     1000         -   3967061    1.00    0.00    0.00    0.00    1.00    21  |__CPU 1/TCG
15:01:51     1000         -   3967063   95.00    4.00    0.00    0.00   99.00     0  |__CPU 2/TCG
15:01:51     1000         -   3967064    0.00    0.00    0.00    0.00    0.00    12  |__CPU 3/TCG
15:01:52     1000   3967039         -  186.00    9.00    0.00    0.00  195.00    19  qemu-system-aar
15:01:52     1000         -   3967039    0.00    1.00    0.00    0.00    1.00    19  |__qemu-system-aar
15:01:52     1000         -   3967046    0.00    0.00    0.00    0.00    0.00     4  |__call_rcu
15:01:52     1000         -   3967059   90.00    4.00    0.00    0.00   94.00    20  |__CPU 0/TCG
15:01:52     1000         -   3967061    0.00    0.00    0.00    0.00    0.00    19  |__CPU 1/TCG
15:01:52     1000         -   3967063   95.00    5.00    0.00    0.00  100.00    16  |__CPU 2/TCG
15:01:52     1000         -   3967064    0.00    0.00    0.00    0.00    0.00    12  |__CPU 3/TCG
15:01:53     1000   3967039         -  190.00    7.00    0.00    0.00  197.00    22  qemu-system-aar
15:01:53     1000         -   3967039    0.00    1.00    0.00    0.00    1.00    22  |__qemu-system-aar
15:01:53     1000         -   3967046    0.00    0.00    0.00    0.00    0.00     4  |__call_rcu
15:01:53     1000         -   3967059   93.00    3.00    0.00    0.00   96.00    20  |__CPU 0/TCG
15:01:53     1000         -   3967061    1.00    0.00    0.00    0.00    1.00    21  |__CPU 1/TCG
15:01:53     1000         -   3967063   95.00    3.00    0.00    0.00   98.00    16  |__CPU 2/TCG
15:01:53     1000         -   3967064    0.00    0.00    0.00    0.00    0.00    12  |__CPU 3/TCG
15:01:54     1000   3967039         -  189.00    7.00    0.00    0.00  196.00    23  qemu-system-aar
15:01:54     1000         -   3967039    1.00    1.00    0.00    0.00    2.00    23  |__qemu-system-aar
15:01:54     1000         -   3967046    0.00    0.00    0.00    0.00    0.00     4  |__call_rcu
15:01:54     1000         -   3967059   92.00    3.00    0.00    1.00   95.00    20  |__CPU 0/TCG
15:01:54     1000         -   3967061    0.00    0.00    0.00    0.00    0.00    21  |__CPU 1/TCG
15:01:54     1000         -   3967063   96.00    4.00    0.00    0.00  100.00    16  |__CPU 2/TCG
15:01:54     1000         -   3967064    0.00    0.00    0.00    0.00    0.00    12  |__CPU 3/TCG
15:01:55     1000   3967039         -  190.00    7.00    0.00    0.00  197.00    23  qemu-system-aar
15:01:55     1000         -   3967039    0.00    1.00    0.00    0.00    1.00    23  |__qemu-system-aar
15:01:55     1000         -   3967046    0.00    0.00    0.00    0.00    0.00     4  |__call_rcu
15:01:55     1000         -   3967059   92.00    3.00    0.00    0.00   95.00     4  |__CPU 0/TCG
15:01:55     1000         -   3967061    1.00    0.00    0.00    0.00    1.00    21  |__CPU 1/TCG
15:01:55     1000         -   3967063   95.00    3.00    0.00    0.00   98.00    16  |__CPU 2/TCG
15:01:55     1000         -   3967064    0.00    0.00    0.00    0.00    0.00    12  |__CPU 3/TCG
15:01:56     1000   3967039         -  189.00    7.00    0.00    0.00  196.00    23  qemu-system-aar
15:01:56     1000         -   3967039    1.00    1.00    0.00    0.00    2.00    23  |__qemu-system-aar
15:01:56     1000         -   3967046    0.00    0.00    0.00    0.00    0.00     4  |__call_rcu
15:01:56     1000         -   3967059   93.00    3.00    0.00    0.00   96.00     4  |__CPU 0/TCG
15:01:56     1000         -   3967061    1.00    0.00    0.00    0.00    1.00    21  |__CPU 1/TCG
15:01:56     1000         -   3967063   95.00    4.00    0.00    0.00   99.00    16  |__CPU 2/TCG
15:01:56     1000         -   3967064    0.00    0.00    0.00    0.00    0.00    12  |__CPU 3/TCG
15:01:57     1000   3967039         -  187.00    8.00    0.00    0.00  195.00     7  qemu-system-aar
15:01:57     1000         -   3967039    0.00    0.00    0.00    0.00    0.00     7  |__qemu-system-aar
15:01:57     1000         -   3967046    0.00    0.00    0.00    0.00    0.00     4  |__call_rcu
15:01:57     1000         -   3967059   90.00    4.00    0.00    0.00   94.00     4  |__CPU 0/TCG
15:01:57     1000         -   3967061    0.00    0.00    0.00    0.00    0.00    21  |__CPU 1/TCG
15:01:57     1000         -   3967063   96.00    4.00    0.00    0.00  100.00    16  |__CPU 2/TCG
15:01:57     1000         -   3967064    0.00    0.00    0.00    0.00    0.00    12  |__CPU 3/TCG
15:01:58     1000   3967039         -  188.00    8.00    0.00    0.00  196.00    17  qemu-system-aar
15:01:58     1000         -   3967039    0.00    1.00    0.00    0.00    1.00    17  |__qemu-system-aar
15:01:58     1000         -   3967046    0.00    0.00    0.00    0.00    0.00     4  |__call_rcu
15:01:58     1000         -   3967059   91.00    4.00    0.00    0.00   95.00     4  |__CPU 0/TCG
15:01:58     1000         -   3967061    1.00    0.00    0.00    0.00    1.00     1  |__CPU 1/TCG
15:01:58     1000         -   3967063   95.00    4.00    0.00    0.00   99.00     0  |__CPU 2/TCG
15:01:58     1000         -   3967064    0.00    0.00    0.00    0.00    0.00    12  |__CPU 3/TCG
15:01:59     1000   3967039         -  187.00    9.00    0.00    0.00  196.00     7  qemu-system-aar
15:01:59     1000         -   3967039    1.00    1.00    0.00    0.00    2.00     7  |__qemu-system-aar
15:01:59     1000         -   3967046    0.00    0.00    0.00    0.00    0.00     4  |__call_rcu
15:01:59     1000         -   3967059   93.00    3.00    0.00    0.00   96.00     4  |__CPU 0/TCG
15:01:59     1000         -   3967061    0.00    0.00    0.00    0.00    0.00     1  |__CPU 1/TCG
15:01:59     1000         -   3967063   93.00    5.00    0.00    0.00   98.00    16  |__CPU 2/TCG
15:01:59     1000         -   3967064    0.00    0.00    0.00    0.00    0.00    12  |__CPU 3/TCG
15:02:00     1000   3967039         -  188.00    8.00    0.00    0.00  196.00     7  qemu-system-aar
15:02:00     1000         -   3967039    0.00    1.00    0.00    0.00    1.00     7  |__qemu-system-aar
15:02:00     1000         -   3967046    0.00    0.00    0.00    0.00    0.00     4  |__call_rcu
15:02:00     1000         -   3967059   91.00    4.00    0.00    0.00   95.00     4  |__CPU 0/TCG
15:02:00     1000         -   3967061    0.00    0.00    0.00    0.00    0.00     1  |__CPU 1/TCG
15:02:00     1000         -   3967063   95.00    4.00    0.00    0.00   99.00    16  |__CPU 2/TCG
15:02:00     1000         -   3967064    0.00    0.00    0.00    0.00    0.00    12  |__CPU 3/TCG
15:02:01     1000   3967039         -  188.00    8.00    0.00    0.00  196.00     7  qemu-system-aar
15:02:01     1000         -   3967039    1.00    0.00    0.00    0.00    1.00     7  |__qemu-system-aar
15:02:01     1000         -   3967046    0.00    0.00    0.00    0.00    0.00     4  |__call_rcu
15:02:01     1000         -   3967059   91.00    4.00    0.00    0.00   95.00     4  |__CPU 0/TCG
15:02:01     1000         -   3967061    1.00    0.00    0.00    0.00    1.00    21  |__CPU 1/TCG
15:02:01     1000         -   3967063   95.00    4.00    0.00    0.00   99.00    16  |__CPU 2/TCG
15:02:01     1000         -   3967064    0.00    0.00    0.00    0.00    0.00    12  |__CPU 3/TCG
15:02:02     1000   3967039         -  188.00    8.00    0.00    0.00  196.00     7  qemu-system-aar
15:02:02     1000         -   3967039    0.00    1.00    0.00    0.00    1.00     7  |__qemu-system-aar
15:02:02     1000         -   3967046    0.00    0.00    0.00    0.00    0.00     4  |__call_rcu
15:02:02     1000         -   3967059   92.00    4.00    0.00    0.00   96.00    20  |__CPU 0/TCG
15:02:02     1000         -   3967061    1.00    0.00    0.00    0.00    1.00    21  |__CPU 1/TCG
15:02:02     1000         -   3967063   95.00    4.00    0.00    0.00   99.00     0  |__CPU 2/TCG
15:02:02     1000         -   3967064    0.00    0.00    0.00    0.00    0.00    12  |__CPU 3/TCG
15:02:03     1000   3967039         -  187.00    9.00    0.00    0.00  196.00     7  qemu-system-aar
15:02:03     1000         -   3967039    1.00    1.00    0.00    0.00    2.00     7  |__qemu-system-aar
15:02:03     1000         -   3967046    0.00    0.00    0.00    0.00    0.00     4  |__call_rcu
15:02:03     1000         -   3967059   91.00    3.00    0.00    0.00   94.00     4  |__CPU 0/TCG
15:02:03     1000         -   3967061    0.00    0.00    0.00    0.00    0.00    21  |__CPU 1/TCG
15:02:03     1000         -   3967063   94.00    6.00    0.00    0.00  100.00    16  |__CPU 2/TCG
15:02:03     1000         -   3967064    0.00    0.00    0.00    0.00    0.00    12  |__CPU 3/TCG
15:02:04     1000   3967039         -  187.00    8.00    0.00    0.00  195.00     7  qemu-system-aar
15:02:04     1000         -   3967039    0.00    1.00    0.00    0.00    1.00     7  |__qemu-system-aar
15:02:04     1000         -   3967046    0.00    0.00    0.00    0.00    0.00     4  |__call_rcu
15:02:04     1000         -   3967059   91.00    4.00    0.00    0.00   95.00    20  |__CPU 0/TCG
15:02:04     1000         -   3967061    1.00    0.00    0.00    0.00    1.00    21  |__CPU 1/TCG
15:02:04     1000         -   3967063   95.00    4.00    0.00    0.00   99.00    16  |__CPU 2/TCG
15:02:04     1000         -   3967064    0.00    0.00    0.00    0.00    0.00    12  |__CPU 3/TCG
15:02:05     1000   3967039         -  189.00    7.00    0.00    0.00  196.00    17  qemu-system-aar
15:02:05     1000         -   3967039    0.00    2.00    0.00    0.00    2.00    17  |__qemu-system-aar
15:02:05     1000         -   3967046    0.00    0.00    0.00    0.00    0.00     4  |__call_rcu
15:02:05     1000         -   3967059   93.00    3.00    0.00    0.00   96.00    20  |__CPU 0/TCG
15:02:05     1000         -   3967061    1.00    0.00    0.00    0.00    1.00    21  |__CPU 1/TCG
15:02:05     1000         -   3967063   95.00    4.00    0.00    0.00   99.00    16  |__CPU 2/TCG
15:02:05     1000         -   3967064    0.00    0.00    0.00    0.00    0.00    12  |__CPU 3/TCG
15:02:06     1000   3967039         -  198.00    2.00    0.00    0.00  200.00    17  qemu-system-aar
15:02:06     1000         -   3967039    0.00    0.00    0.00    0.00    0.00    17  |__qemu-system-aar
15:02:06     1000         -   3967046    0.00    0.00    0.00    0.00    0.00     4  |__call_rcu
15:02:06     1000         -   3967059   97.00    0.00    0.00    0.00   97.00    20  |__CPU 0/TCG
15:02:06     1000         -   3967061    0.00    0.00    0.00    0.00    0.00    21  |__CPU 1/TCG
15:02:06     1000         -   3967063   98.00    0.00    0.00    0.00   98.00    16  |__CPU 2/TCG
15:02:06     1000         -   3967064    0.00    0.00    0.00    0.00    0.00    12  |__CPU 3/TCG
15:02:07     1000   3967039         -  189.00    7.00    0.00    0.00  196.00    17  qemu-system-aar
15:02:07     1000         -   3967039    0.00    2.00    0.00    0.00    2.00    17  |__qemu-system-aar
15:02:07     1000         -   3967046    0.00    0.00    0.00    0.00    0.00     4  |__call_rcu
15:02:07     1000         -   3967059   93.00    3.00    0.00    0.00   96.00    20  |__CPU 0/TCG
15:02:07     1000         -   3967061    1.00    0.00    0.00    0.00    1.00    21  |__CPU 1/TCG
15:02:07     1000         -   3967063   96.00    4.00    0.00    0.00  100.00    16  |__CPU 2/TCG
15:02:07     1000         -   3967064    0.00    0.00    0.00    0.00    0.00    12  |__CPU 3/TCG
15:02:08     1000   3967039         -  190.00    6.00    0.00    0.00  196.00    17  qemu-system-aar
15:02:08     1000         -   3967039    0.00    0.00    0.00    0.00    0.00    17  |__qemu-system-aar
15:02:08     1000         -   3967046    0.00    0.00    0.00    0.00    0.00     4  |__call_rcu
15:02:08     1000         -   3967059   91.00    4.00    0.00    0.00   95.00    20  |__CPU 0/TCG
15:02:08     1000         -   3967061    0.00    0.00    0.00    0.00    0.00     1  |__CPU 1/TCG
15:02:08     1000         -   3967063   96.00    3.00    0.00    0.00   99.00    16  |__CPU 2/TCG
15:02:08     1000         -   3967064    0.00    0.00    0.00    0.00    0.00    12  |__CPU 3/TCG
15:02:09     1000   3967039         -  189.00    7.00    0.00    0.00  196.00    18  qemu-system-aar
15:02:09     1000         -   3967039    1.00    1.00    0.00    0.00    2.00    18  |__qemu-system-aar
15:02:09     1000         -   3967046    0.00    0.00    0.00    0.00    0.00     4  |__call_rcu
15:02:09     1000         -   3967059   92.00    4.00    0.00    0.00   96.00    20  |__CPU 0/TCG
15:02:09     1000         -   3967061    1.00    0.00    0.00    0.00    1.00    21  |__CPU 1/TCG
15:02:09     1000         -   3967063   97.00    2.00    0.00    0.00   99.00    16  |__CPU 2/TCG
15:02:09     1000         -   3967064    0.00    0.00    0.00    0.00    0.00    12  |__CPU 3/TCG
15:02:10     1000   3967039         -  188.00    9.00    0.00    0.00  197.00    19  qemu-system-aar
15:02:10     1000         -   3967039    0.00    1.00    0.00    0.00    1.00    19  |__qemu-system-aar
15:02:10     1000         -   3967046    0.00    0.00    0.00    0.00    0.00     4  |__call_rcu
15:02:10     1000         -   3967059   92.00    2.00    0.00    0.00   94.00    20  |__CPU 0/TCG
15:02:10     1000         -   3967061    0.00    0.00    0.00    0.00    0.00    21  |__CPU 1/TCG
15:02:10     1000         -   3967063   93.00    6.00    0.00    0.00   99.00    16  |__CPU 2/TCG
15:02:10     1000         -   3967064    0.00    0.00    0.00    0.00    0.00    12  |__CPU 3/TCG
15:02:11     1000   3967039         -  188.00    8.00    0.00    0.00  196.00    20  qemu-system-aar
15:02:11     1000         -   3967039    1.00    0.00    0.00    0.00    1.00    20  |__qemu-system-aar
15:02:11     1000         -   3967046    0.00    0.00    0.00    0.00    0.00     4  |__call_rcu
15:02:11     1000         -   3967059   92.00    4.00    0.00    0.00   96.00     4  |__CPU 0/TCG
15:02:11     1000         -   3967061    1.00    0.00    0.00    0.00    1.00    21  |__CPU 1/TCG
15:02:11     1000         -   3967063   94.00    5.00    0.00    0.00   99.00    16  |__CPU 2/TCG
15:02:11     1000         -   3967064    0.00    0.00    0.00    0.00    0.00    12  |__CPU 3/TCG
15:02:12     1000   3967039         -  187.00    8.00    0.00    0.00  195.00    20  qemu-system-aar
15:02:12     1000         -   3967039    1.00    2.00    0.00    0.00    3.00    20  |__qemu-system-aar
15:02:12     1000         -   3967046    0.00    0.00    0.00    0.00    0.00     4  |__call_rcu
15:02:12     1000         -   3967059   90.00    4.00    0.00    0.00   94.00     4  |__CPU 0/TCG
15:02:12     1000         -   3967061    1.00    0.00    0.00    0.00    1.00    21  |__CPU 1/TCG
15:02:12     1000         -   3967063   96.00    3.00    0.00    0.00   99.00    16  |__CPU 2/TCG
15:02:12     1000         -   3967064    0.00    0.00    0.00    0.00    0.00    12  |__CPU 3/TCG
15:02:13     1000   3967039         -  190.00    6.00    0.00    0.00  196.00    19  qemu-system-aar
15:02:13     1000         -   3967039    0.00    1.00    0.00    0.00    1.00    19  |__qemu-system-aar
15:02:13     1000         -   3967046    0.00    0.00    0.00    0.00    0.00     4  |__call_rcu
15:02:13     1000         -   3967059   93.00    3.00    0.00    0.00   96.00     4  |__CPU 0/TCG
15:02:13     1000         -   3967061    0.00    0.00    0.00    0.00    0.00    20  |__CPU 1/TCG
15:02:13     1000         -   3967063   95.00    4.00    0.00    0.00   99.00    16  |__CPU 2/TCG
15:02:13     1000         -   3967064    0.00    0.00    0.00    0.00    0.00    12  |__CPU 3/TCG
15:02:14     1000   3967039         -  189.00    8.00    0.00    0.00  197.00    18  qemu-system-aar
15:02:14     1000         -   3967039    0.00    1.00    0.00    0.00    1.00    18  |__qemu-system-aar
15:02:14     1000         -   3967046    0.00    0.00    0.00    0.00    0.00     4  |__call_rcu
15:02:14     1000         -   3967059   91.00    4.00    0.00    0.00   95.00     4  |__CPU 0/TCG
15:02:14     1000         -   3967061    1.00    0.00    0.00    0.00    1.00    22  |__CPU 1/TCG
15:02:14     1000         -   3967063   96.00    3.00    0.00    0.00   99.00    16  |__CPU 2/TCG
15:02:14     1000         -   3967064    0.00    0.00    0.00    0.00    0.00    12  |__CPU 3/TCG
15:02:15     1000   3967039         -  191.00    5.00    0.00    0.00  196.00    19  qemu-system-aar
15:02:15     1000         -   3967039    1.00    0.00    0.00    0.00    1.00    19  |__qemu-system-aar
15:02:15     1000         -   3967046    0.00    0.00    0.00    0.00    0.00     4  |__call_rcu
15:02:15     1000         -   3967059   93.00    3.00    0.00    0.00   96.00    20  |__CPU 0/TCG
15:02:15     1000         -   3967061    0.00    0.00    0.00    0.00    0.00    22  |__CPU 1/TCG
15:02:15     1000         -   3967063   97.00    2.00    0.00    0.00   99.00    16  |__CPU 2/TCG
15:02:15     1000         -   3967064    0.00    0.00    0.00    0.00    0.00    12  |__CPU 3/TCG
15:02:16     1000   3967039         -  187.00    8.00    0.00    0.00  195.00    19  qemu-system-aar
15:02:16     1000         -   3967039    0.00    1.00    0.00    0.00    1.00    19  |__qemu-system-aar
15:02:16     1000         -   3967046    0.00    0.00    0.00    0.00    0.00     4  |__call_rcu
15:02:16     1000         -   3967059   92.00    3.00    0.00    0.00   95.00    20  |__CPU 0/TCG
15:02:16     1000         -   3967061    1.00    0.00    0.00    0.00    1.00    22  |__CPU 1/TCG
15:02:16     1000         -   3967063   94.00    6.00    0.00    0.00  100.00    16  |__CPU 2/TCG
15:02:16     1000         -   3967064    0.00    0.00    0.00    0.00    0.00    12  |__CPU 3/TCG
15:02:17     1000   3967039         -  187.00   10.00    0.00    0.00  197.00    19  qemu-system-aar
15:02:17     1000         -   3967039    1.00    1.00    0.00    0.00    2.00    19  |__qemu-system-aar
15:02:17     1000         -   3967046    0.00    0.00    0.00    0.00    0.00     4  |__call_rcu
15:02:17     1000         -   3967059   91.00    3.00    0.00    0.00   94.00    20  |__CPU 0/TCG
15:02:17     1000         -   3967061    0.00    0.00    0.00    0.00    0.00    22  |__CPU 1/TCG
15:02:17     1000         -   3967063   93.00    5.00    0.00    0.00   98.00     0  |__CPU 2/TCG
15:02:17     1000         -   3967064    0.00    0.00    0.00    0.00    0.00    12  |__CPU 3/TCG
15:02:18     1000   3967039         -  188.00    7.00    0.00    0.00  195.00    21  qemu-system-aar
15:02:18     1000         -   3967039    0.00    1.00    0.00    0.00    1.00    21  |__qemu-system-aar
15:02:18     1000         -   3967046    0.00    0.00    0.00    0.00    0.00     4  |__call_rcu
15:02:18     1000         -   3967059   92.00    3.00    0.00    0.00   95.00    20  |__CPU 0/TCG
15:02:18     1000         -   3967061    1.00    0.00    0.00    0.00    1.00    22  |__CPU 1/TCG
15:02:18     1000         -   3967063   94.00    5.00    0.00    0.00   99.00     0  |__CPU 2/TCG
15:02:18     1000         -   3967064    0.00    0.00    0.00    0.00    0.00    12  |__CPU 3/TCG
15:02:19     1000   3967039         -  189.00    7.00    0.00    0.00  196.00    19  qemu-system-aar
15:02:19     1000         -   3967039    0.00    1.00    0.00    0.00    1.00    19  |__qemu-system-aar
15:02:19     1000         -   3967046    0.00    0.00    0.00    0.00    0.00     4  |__call_rcu
15:02:19     1000         -   3967059   93.00    2.00    0.00    0.00   95.00    20  |__CPU 0/TCG
15:02:19     1000         -   3967061    1.00    0.00    0.00    0.00    1.00    22  |__CPU 1/TCG
15:02:19     1000         -   3967063   95.00    4.00    0.00    0.00   99.00     0  |__CPU 2/TCG
15:02:19     1000         -   3967064    0.00    0.00    0.00    0.00    0.00    12  |__CPU 3/TCG
15:02:20     1000   3967039         -  186.00   10.00    0.00    0.00  196.00    22  qemu-system-aar
15:02:20     1000         -   3967039    0.00    1.00    0.00    0.00    1.00    22  |__qemu-system-aar
15:02:20     1000         -   3967046    0.00    0.00    0.00    0.00    0.00     4  |__call_rcu
15:02:20     1000         -   3967059   90.00    5.00    0.00    0.00   95.00    20  |__CPU 0/TCG
15:02:20     1000         -   3967061    0.00    0.00    0.00    0.00    0.00    21  |__CPU 1/TCG
15:02:20     1000         -   3967063   94.00    5.00    0.00    0.00   99.00     0  |__CPU 2/TCG
15:02:20     1000         -   3967064    0.00    0.00    0.00    0.00    0.00    12  |__CPU 3/TCG
15:02:21     1000   3967039         -  188.00    8.00    0.00    0.00  196.00    22  qemu-system-aar
15:02:21     1000         -   3967039    1.00    1.00    0.00    0.00    2.00    22  |__qemu-system-aar
15:02:21     1000         -   3967046    0.00    0.00    0.00    0.00    0.00     4  |__call_rcu
15:02:21     1000         -   3967059   92.00    3.00    0.00    0.00   95.00    20  |__CPU 0/TCG
15:02:21     1000         -   3967061    0.00    1.00    0.00    0.00    1.00    21  |__CPU 1/TCG
15:02:21     1000         -   3967063   95.00    4.00    0.00    0.00   99.00     0  |__CPU 2/TCG
15:02:21     1000         -   3967064    0.00    0.00    0.00    0.00    0.00    12  |__CPU 3/TCG
15:02:22     1000   3967039         -  187.00    8.00    0.00    0.00  195.00    21  qemu-system-aar
15:02:22     1000         -   3967039    0.00    1.00    0.00    0.00    1.00    21  |__qemu-system-aar
15:02:22     1000         -   3967046    0.00    0.00    0.00    0.00    0.00     4  |__call_rcu
15:02:22     1000         -   3967059   90.00    4.00    0.00    0.00   94.00    20  |__CPU 0/TCG
15:02:22     1000         -   3967061    1.00    0.00    0.00    0.00    1.00    22  |__CPU 1/TCG
15:02:22     1000         -   3967063   95.00    4.00    0.00    0.00   99.00    16  |__CPU 2/TCG
15:02:22     1000         -   3967064    0.00    0.00    0.00    0.00    0.00    12  |__CPU 3/TCG
15:02:23     1000   3967039         -  188.00    8.00    0.00    0.00  196.00    21  qemu-system-aar
15:02:23     1000         -   3967039    1.00    0.00    0.00    0.00    1.00    21  |__qemu-system-aar
15:02:23     1000         -   3967046    0.00    0.00    0.00    0.00    0.00     4  |__call_rcu
15:02:23     1000         -   3967059   91.00    4.00    0.00    0.00   95.00    20  |__CPU 0/TCG
15:02:23     1000         -   3967061    1.00    0.00    0.00    0.00    1.00    22  |__CPU 1/TCG
15:02:23     1000         -   3967063   95.00    4.00    0.00    0.00   99.00    16  |__CPU 2/TCG
15:02:23     1000         -   3967064    0.00    0.00    0.00    0.00    0.00    12  |__CPU 3/TCG
15:02:24     1000   3967039         -  188.00    8.00    0.00    0.00  196.00     1  qemu-system-aar
15:02:24     1000         -   3967039    0.00    1.00    0.00    0.00    1.00     1  |__qemu-system-aar
15:02:24     1000         -   3967046    0.00    0.00    0.00    0.00    0.00     4  |__call_rcu
15:02:24     1000         -   3967059   92.00    3.00    0.00    0.00   95.00    20  |__CPU 0/TCG
15:02:24     1000         -   3967061    0.00    0.00    0.00    0.00    0.00    22  |__CPU 1/TCG
15:02:24     1000         -   3967063   95.00    4.00    0.00    0.00   99.00    16  |__CPU 2/TCG
15:02:24     1000         -   3967064    0.00    0.00    0.00    0.00    0.00    12  |__CPU 3/TCG
15:02:25     1000   3967039         -  189.00    7.00    0.00    0.00  196.00     2  qemu-system-aar
15:02:25     1000         -   3967039    1.00    1.00    0.00    0.00    2.00     2  |__qemu-system-aar
15:02:25     1000         -   3967046    0.00    0.00    0.00    0.00    0.00     4  |__call_rcu
15:02:25     1000         -   3967059   93.00    2.00    0.00    0.00   95.00    20  |__CPU 0/TCG
15:02:25     1000         -   3967061    1.00    0.00    0.00    0.00    1.00    21  |__CPU 1/TCG
15:02:25     1000         -   3967063   95.00    5.00    0.00    0.00  100.00    16  |__CPU 2/TCG
15:02:25     1000         -   3967064    0.00    0.00    0.00    0.00    0.00    12  |__CPU 3/TCG
15:02:26     1000   3967039         -  188.00    7.00    0.00    0.00  195.00     1  qemu-system-aar
15:02:26     1000         -   3967039    0.00    1.00    0.00    0.00    1.00     1  |__qemu-system-aar
15:02:26     1000         -   3967046    0.00    0.00    0.00    0.00    0.00     4  |__call_rcu
15:02:26     1000         -   3967059   91.00    4.00    0.00    0.00   95.00    20  |__CPU 0/TCG
15:02:26     1000         -   3967061    0.00    0.00    0.00    0.00    0.00    21  |__CPU 1/TCG
15:02:26     1000         -   3967063   95.00    3.00    0.00    0.00   98.00    16  |__CPU 2/TCG
15:02:26     1000         -   3967064    0.00    0.00    0.00    0.00    0.00    12  |__CPU 3/TCG
15:02:27     1000   3967039         -  188.00    8.00    0.00    0.00  196.00     6  qemu-system-aar
15:02:27     1000         -   3967039    1.00    0.00    0.00    0.00    1.00     6  |__qemu-system-aar
15:02:27     1000         -   3967046    0.00    0.00    0.00    0.00    0.00     4  |__call_rcu
15:02:27     1000         -   3967059   91.00    4.00    0.00    0.00   95.00     4  |__CPU 0/TCG
15:02:27     1000         -   3967061    1.00    0.00    0.00    0.00    1.00    21  |__CPU 1/TCG
15:02:27     1000         -   3967063   96.00    4.00    0.00    0.00  100.00    16  |__CPU 2/TCG
15:02:27     1000         -   3967064    0.00    0.00    0.00    0.00    0.00    12  |__CPU 3/TCG
15:02:28     1000   3967039         -  188.00    8.00    0.00    0.00  196.00     6  qemu-system-aar
15:02:28     1000         -   3967039    0.00    2.00    0.00    0.00    2.00     6  |__qemu-system-aar
15:02:28     1000         -   3967046    0.00    0.00    0.00    0.00    0.00     4  |__call_rcu
15:02:28     1000         -   3967059   92.00    3.00    0.00    0.00   95.00     4  |__CPU 0/TCG
15:02:28     1000         -   3967061    0.00    0.00    0.00    0.00    0.00    21  |__CPU 1/TCG
15:02:28     1000         -   3967063   94.00    5.00    0.00    0.00   99.00    16  |__CPU 2/TCG
15:02:28     1000         -   3967064    0.00    0.00    0.00    0.00    0.00    12  |__CPU 3/TCG
15:02:29     1000   3967039         -  188.00    8.00    0.00    0.00  196.00     7  qemu-system-aar
15:02:29     1000         -   3967039    0.00    1.00    0.00    0.00    1.00     7  |__qemu-system-aar
15:02:29     1000         -   3967046    0.00    0.00    0.00    0.00    0.00     4  |__call_rcu
15:02:29     1000         -   3967059   91.00    4.00    0.00    0.00   95.00     4  |__CPU 0/TCG
15:02:29     1000         -   3967061    1.00    0.00    0.00    0.00    1.00    21  |__CPU 1/TCG
15:02:29     1000         -   3967063   94.00    4.00    0.00    0.00   98.00    16  |__CPU 2/TCG
15:02:29     1000         -   3967064    0.00    0.00    0.00    0.00    0.00    12  |__CPU 3/TCG
15:02:30     1000   3967039         -  189.00    7.00    0.00    0.00  196.00     7  qemu-system-aar
15:02:30     1000         -   3967039    0.00    1.00    0.00    0.00    1.00     7  |__qemu-system-aar
15:02:30     1000         -   3967046    0.00    0.00    0.00    0.00    0.00     4  |__call_rcu
15:02:30     1000         -   3967059   93.00    2.00    0.00    0.00   95.00     4  |__CPU 0/TCG
15:02:30     1000         -   3967061    0.00    0.00    0.00    0.00    0.00    22  |__CPU 1/TCG
15:02:30     1000         -   3967063   96.00    4.00    0.00    0.00  100.00    16  |__CPU 2/TCG
15:02:30     1000         -   3967064    0.00    0.00    0.00    0.00    0.00    12  |__CPU 3/TCG
15:02:31     1000   3967039         -  188.00    7.00    0.00    0.00  195.00     7  qemu-system-aar
15:02:31     1000         -   3967039    0.00    0.00    0.00    0.00    0.00     7  |__qemu-system-aar
15:02:31     1000         -   3967046    0.00    0.00    0.00    0.00    0.00     4  |__call_rcu
15:02:31     1000         -   3967059   91.00    4.00    0.00    0.00   95.00     4  |__CPU 0/TCG
15:02:31     1000         -   3967061    1.00    0.00    0.00    0.00    1.00     2  |__CPU 1/TCG
15:02:31     1000         -   3967063   95.00    4.00    0.00    0.00   99.00    16  |__CPU 2/TCG
15:02:31     1000         -   3967064    0.00    0.00    0.00    0.00    0.00    12  |__CPU 3/TCG
15:02:32     1000   3967039         -  189.00    8.00    0.00    0.00  197.00     7  qemu-system-aar
15:02:32     1000         -   3967039    1.00    1.00    0.00    0.00    2.00     7  |__qemu-system-aar
15:02:32     1000         -   3967046    0.00    0.00    0.00    0.00    0.00     4  |__call_rcu
15:02:32     1000         -   3967059   92.00    3.00    0.00    0.00   95.00     4  |__CPU 0/TCG
15:02:32     1000         -   3967061    1.00    0.00    0.00    0.00    1.00    21  |__CPU 1/TCG
15:02:32     1000         -   3967063   95.00    4.00    0.00    0.00   99.00    16  |__CPU 2/TCG
15:02:32     1000         -   3967064    0.00    0.00    0.00    0.00    0.00    12  |__CPU 3/TCG
15:02:33     1000   3967039         -  188.00    8.00    0.00    0.00  196.00    21  qemu-system-aar
15:02:33     1000         -   3967039    0.00    1.00    0.00    0.00    1.00    21  |__qemu-system-aar
15:02:33     1000         -   3967046    0.00    0.00    0.00    0.00    0.00     4  |__call_rcu
15:02:33     1000         -   3967059   92.00    4.00    0.00    0.00   96.00    20  |__CPU 0/TCG
15:02:33     1000         -   3967061    0.00    0.00    0.00    0.00    0.00     1  |__CPU 1/TCG
15:02:33     1000         -   3967063   95.00    4.00    0.00    0.00   99.00     0  |__CPU 2/TCG
15:02:33     1000         -   3967064    0.00    0.00    0.00    0.00    0.00    12  |__CPU 3/TCG
15:02:34     1000   3967039         -  188.00    7.00    0.00    0.00  195.00    21  qemu-system-aar
15:02:34     1000         -   3967039    1.00    1.00    0.00    0.00    2.00    21  |__qemu-system-aar
15:02:34     1000         -   3967046    0.00    0.00    0.00    0.00    0.00     4  |__call_rcu
15:02:34     1000         -   3967059   91.00    3.00    0.00    0.00   94.00    20  |__CPU 0/TCG
15:02:34     1000         -   3967061    0.00    1.00    0.00    0.00    1.00    18  |__CPU 1/TCG
15:02:34     1000         -   3967063   95.00    4.00    0.00    0.00   99.00     0  |__CPU 2/TCG
15:02:34     1000         -   3967064    0.00    0.00    0.00    0.00    0.00    12  |__CPU 3/TCG
15:02:35     1000   3967039         -  185.00   11.00    0.00    0.00  196.00    21  qemu-system-aar
15:02:35     1000         -   3967039    0.00    1.00    0.00    0.00    1.00    21  |__qemu-system-aar
15:02:35     1000         -   3967046    0.00    0.00    0.00    0.00    0.00     4  |__call_rcu
15:02:35     1000         -   3967059   91.00    5.00    0.00    0.00   96.00    20  |__CPU 0/TCG
15:02:35     1000         -   3967061    0.00    0.00    0.00    0.00    0.00    18  |__CPU 1/TCG
15:02:35     1000         -   3967063   93.00    5.00    0.00    0.00   98.00    16  |__CPU 2/TCG
15:02:35     1000         -   3967064    0.00    0.00    0.00    0.00    0.00    12  |__CPU 3/TCG
15:02:36     1000   3967039         -  188.00    8.00    0.00    0.00  196.00    22  qemu-system-aar
15:02:36     1000         -   3967039    1.00    0.00    0.00    0.00    1.00    22  |__qemu-system-aar
15:02:36     1000         -   3967046    0.00    0.00    0.00    0.00    0.00     4  |__call_rcu
15:02:36     1000         -   3967059   91.00    3.00    0.00    0.00   94.00    20  |__CPU 0/TCG
15:02:36     1000         -   3967061    0.00    0.00    0.00    0.00    0.00    18  |__CPU 1/TCG
15:02:36     1000         -   3967063   95.00    5.00    0.00    0.00  100.00    16  |__CPU 2/TCG
15:02:36     1000         -   3967064    0.00    0.00    0.00    0.00    0.00    12  |__CPU 3/TCG
15:02:37     1000   3967039         -  186.00    9.00    0.00    0.00  195.00    21  qemu-system-aar
15:02:37     1000         -   3967039    0.00    1.00    0.00    0.00    1.00    21  |__qemu-system-aar
15:02:37     1000         -   3967046    0.00    0.00    0.00    0.00    0.00     4  |__call_rcu
15:02:37     1000         -   3967059   91.00    3.00    0.00    0.00   94.00    20  |__CPU 0/TCG
15:02:37     1000         -   3967061    1.00    1.00    0.00    0.00    2.00    18  |__CPU 1/TCG
15:02:37     1000         -   3967063   94.00    5.00    0.00    0.00   99.00    16  |__CPU 2/TCG
15:02:37     1000         -   3967064    0.00    0.00    0.00    0.00    0.00    12  |__CPU 3/TCG
15:02:38     1000   3967039         -  187.00    9.00    0.00    0.00  196.00    22  qemu-system-aar
15:02:38     1000         -   3967039    0.00    1.00    0.00    0.00    1.00    22  |__qemu-system-aar
15:02:38     1000         -   3967046    0.00    0.00    0.00    0.00    0.00     4  |__call_rcu
15:02:38     1000         -   3967059   91.00    5.00    0.00    0.00   96.00     4  |__CPU 0/TCG
15:02:38     1000         -   3967061    0.00    0.00    0.00    0.00    0.00    18  |__CPU 1/TCG
15:02:38     1000         -   3967063   94.00    5.00    0.00    0.00   99.00     0  |__CPU 2/TCG
15:02:38     1000         -   3967064    0.00    0.00    0.00    0.00    0.00    12  |__CPU 3/TCG
15:02:39     1000   3967039         -  186.00    9.00    0.00    0.00  195.00     3  qemu-system-aar
15:02:39     1000         -   3967039    1.00    1.00    0.00    0.00    2.00     3  |__qemu-system-aar
15:02:39     1000         -   3967046    0.00    0.00    0.00    0.00    0.00     4  |__call_rcu
15:02:39     1000         -   3967059   91.00    4.00    0.00    0.00   95.00     4  |__CPU 0/TCG
15:02:39     1000         -   3967061    1.00    0.00    0.00    0.00    1.00    18  |__CPU 1/TCG
15:02:39     1000         -   3967063   94.00    5.00    0.00    0.00   99.00     0  |__CPU 2/TCG
15:02:39     1000         -   3967064    0.00    0.00    0.00    0.00    0.00    12  |__CPU 3/TCG
15:02:40     1000   3967039         -  188.00    9.00    0.00    0.00  197.00    22  qemu-system-aar
15:02:40     1000         -   3967039    0.00    1.00    0.00    0.00    1.00    22  |__qemu-system-aar
15:02:40     1000         -   3967046    0.00    0.00    0.00    0.00    0.00     4  |__call_rcu
15:02:40     1000         -   3967059   91.00    4.00    0.00    0.00   95.00     4  |__CPU 0/TCG
15:02:40     1000         -   3967061    0.00    0.00    0.00    0.00    0.00    18  |__CPU 1/TCG
15:02:40     1000         -   3967063   95.00    4.00    0.00    0.00   99.00    16  |__CPU 2/TCG
15:02:40     1000         -   3967064    0.00    0.00    0.00    0.00    0.00    12  |__CPU 3/TCG
15:02:41     1000   3967039         -  189.00    7.00    0.00    0.00  196.00    22  qemu-system-aar
15:02:41     1000         -   3967039    1.00    0.00    0.00    0.00    1.00    22  |__qemu-system-aar
15:02:41     1000         -   3967046    0.00    0.00    0.00    0.00    0.00     4  |__call_rcu
15:02:41     1000         -   3967059   91.00    4.00    0.00    0.00   95.00     4  |__CPU 0/TCG
15:02:41     1000         -   3967061    1.00    0.00    0.00    0.00    1.00    18  |__CPU 1/TCG
15:02:41     1000         -   3967063   96.00    3.00    0.00    0.00   99.00    16  |__CPU 2/TCG
15:02:41     1000         -   3967064    0.00    0.00    0.00    0.00    0.00    12  |__CPU 3/TCG
15:02:42     1000   3967039         -  187.00    8.00    0.00    0.00  195.00     3  qemu-system-aar
15:02:42     1000         -   3967039    0.00    1.00    0.00    0.00    1.00     3  |__qemu-system-aar
15:02:42     1000         -   3967046    0.00    0.00    0.00    0.00    0.00     4  |__call_rcu
15:02:42     1000         -   3967059   91.00    4.00    0.00    0.00   95.00     4  |__CPU 0/TCG
15:02:42     1000         -   3967061    1.00    0.00    0.00    0.00    1.00    19  |__CPU 1/TCG
15:02:42     1000         -   3967063   94.00    5.00    0.00    0.00   99.00    16  |__CPU 2/TCG
15:02:42     1000         -   3967064    0.00    0.00    0.00    0.00    0.00    12  |__CPU 3/TCG
15:02:43     1000   3967039         -  189.00    7.00    0.00    0.00  196.00     6  qemu-system-aar
15:02:43     1000         -   3967039    0.00    1.00    0.00    0.00    1.00     6  |__qemu-system-aar
15:02:43     1000         -   3967046    0.00    0.00    0.00    0.00    0.00     4  |__call_rcu
15:02:43     1000         -   3967059   92.00    3.00    0.00    0.00   95.00     4  |__CPU 0/TCG
15:02:43     1000         -   3967061    0.00    0.00    0.00    0.00    0.00    18  |__CPU 1/TCG
15:02:43     1000         -   3967063   96.00    3.00    0.00    0.00   99.00    16  |__CPU 2/TCG
15:02:43     1000         -   3967064    0.00    0.00    0.00    0.00    0.00    12  |__CPU 3/TCG
15:02:44     1000   3967039         -  189.00    7.00    0.00    0.00  196.00     7  qemu-system-aar
15:02:44     1000         -   3967039    1.00    1.00    0.00    0.00    2.00     7  |__qemu-system-aar
15:02:44     1000         -   3967046    0.00    0.00    0.00    0.00    0.00     4  |__call_rcu
15:02:44     1000         -   3967059   92.00    3.00    0.00    0.00   95.00     2  |__CPU 0/TCG
15:02:44     1000         -   3967061    1.00    0.00    0.00    0.00    1.00    18  |__CPU 1/TCG
15:02:44     1000         -   3967063   95.00    4.00    0.00    0.00   99.00    16  |__CPU 2/TCG
15:02:44     1000         -   3967064    0.00    0.00    0.00    0.00    0.00    12  |__CPU 3/TCG
15:02:45     1000   3967039         -  190.00    7.00    0.00    0.00  197.00     7  qemu-system-aar
15:02:45     1000         -   3967039    0.00    1.00    0.00    0.00    1.00     7  |__qemu-system-aar
15:02:45     1000         -   3967046    0.00    0.00    0.00    0.00    0.00     4  |__call_rcu
15:02:45     1000         -   3967059   92.00    3.00    0.00    0.00   95.00    20  |__CPU 0/TCG
15:02:45     1000         -   3967061    0.00    0.00    0.00    0.00    0.00    18  |__CPU 1/TCG
15:02:45     1000         -   3967063   95.00    4.00    0.00    0.00   99.00    16  |__CPU 2/TCG
15:02:45     1000         -   3967064    0.00    0.00    0.00    0.00    0.00    12  |__CPU 3/TCG
15:02:46     1000   3967039         -  189.00    7.00    0.00    0.00  196.00     6  qemu-system-aar
15:02:46     1000         -   3967039    0.00    1.00    0.00    0.00    1.00     6  |__qemu-system-aar
15:02:46     1000         -   3967046    0.00    0.00    0.00    0.00    0.00     4  |__call_rcu
15:02:46     1000         -   3967059   93.00    3.00    0.00    0.00   96.00    20  |__CPU 0/TCG
15:02:46     1000         -   3967061    1.00    0.00    0.00    0.00    1.00    18  |__CPU 1/TCG
15:02:46     1000         -   3967063   96.00    3.00    0.00    0.00   99.00    16  |__CPU 2/TCG
15:02:46     1000         -   3967064    0.00    0.00    0.00    0.00    0.00    12  |__CPU 3/TCG
15:02:47     1000   3967039         -  186.00    8.00    0.00    0.00  194.00     6  qemu-system-aar
15:02:47     1000         -   3967039    1.00    1.00    0.00    0.00    2.00     6  |__qemu-system-aar
15:02:47     1000         -   3967046    0.00    0.00    0.00    0.00    0.00     4  |__call_rcu
15:02:47     1000         -   3967059   90.00    4.00    0.00    0.00   94.00    20  |__CPU 0/TCG
15:02:47     1000         -   3967061    0.00    0.00    0.00    0.00    0.00    21  |__CPU 1/TCG
15:02:47     1000         -   3967063   94.00    5.00    0.00    0.00   99.00    16  |__CPU 2/TCG
15:02:47     1000         -   3967064    0.00    0.00    0.00    0.00    0.00    12  |__CPU 3/TCG
15:02:48     1000   3967039         -  190.00    7.00    0.00    0.00  197.00     7  qemu-system-aar
15:02:48     1000         -   3967039    0.00    1.00    0.00    0.00    1.00     7  |__qemu-system-aar
15:02:48     1000         -   3967046    0.00    0.00    0.00    0.00    0.00     4  |__call_rcu
15:02:48     1000         -   3967059   92.00    3.00    0.00    0.00   95.00    20  |__CPU 0/TCG
15:02:48     1000         -   3967061    1.00    0.00    0.00    0.00    1.00    21  |__CPU 1/TCG
15:02:48     1000         -   3967063   96.00    3.00    0.00    0.00   99.00    16  |__CPU 2/TCG
15:02:48     1000         -   3967064    0.00    0.00    0.00    0.00    0.00    12  |__CPU 3/TCG
15:02:49     1000   3967039         -  188.00    8.00    0.00    0.00  196.00     7  qemu-system-aar
15:02:49     1000         -   3967039    0.00    1.00    0.00    0.00    1.00     7  |__qemu-system-aar
15:02:49     1000         -   3967046    0.00    0.00    0.00    0.00    0.00     4  |__call_rcu
15:02:49     1000         -   3967059   90.00    5.00    0.00    0.00   95.00    20  |__CPU 0/TCG
15:02:49     1000         -   3967061    0.00    0.00    0.00    0.00    0.00    21  |__CPU 1/TCG
15:02:49     1000         -   3967063   96.00    3.00    0.00    0.00   99.00    16  |__CPU 2/TCG
15:02:49     1000         -   3967064    0.00    0.00    0.00    0.00    0.00    12  |__CPU 3/TCG
15:02:50     1000   3967039         -  188.00    8.00    0.00    0.00  196.00     6  qemu-system-aar
15:02:50     1000         -   3967039    1.00    1.00    0.00    0.00    2.00     6  |__qemu-system-aar
15:02:50     1000         -   3967046    0.00    0.00    0.00    0.00    0.00     4  |__call_rcu
15:02:50     1000         -   3967059   92.00    4.00    0.00    0.00   96.00    20  |__CPU 0/TCG
15:02:50     1000         -   3967061    1.00    0.00    0.00    0.00    1.00    21  |__CPU 1/TCG
15:02:50     1000         -   3967063   95.00    4.00    0.00    0.00   99.00    16  |__CPU 2/TCG
15:02:50     1000         -   3967064    0.00    0.00    0.00    0.00    0.00    12  |__CPU 3/TCG
15:02:51     1000   3967039         -  189.00    6.00    0.00    0.00  195.00     7  qemu-system-aar
15:02:51     1000         -   3967039    0.00    1.00    0.00    0.00    1.00     7  |__qemu-system-aar
15:02:51     1000         -   3967046    0.00    0.00    0.00    0.00    0.00     4  |__call_rcu
15:02:51     1000         -   3967059   92.00    2.00    0.00    0.00   94.00    20  |__CPU 0/TCG
15:02:51     1000         -   3967061    1.00    0.00    0.00    0.00    1.00    21  |__CPU 1/TCG
15:02:51     1000         -   3967063   96.00    3.00    0.00    0.00   99.00    16  |__CPU 2/TCG
15:02:51     1000         -   3967064    0.00    0.00    0.00    0.00    0.00    12  |__CPU 3/TCG
15:02:52     1000   3967039         -  187.00    9.00    0.00    0.00  196.00     6  qemu-system-aar
15:02:52     1000         -   3967039    0.00    1.00    0.00    0.00    1.00     6  |__qemu-system-aar
15:02:52     1000         -   3967046    0.00    0.00    0.00    0.00    0.00     4  |__call_rcu
15:02:52     1000         -   3967059   91.00    4.00    0.00    0.00   95.00    20  |__CPU 0/TCG
15:02:52     1000         -   3967061    0.00    0.00    0.00    0.00    0.00    21  |__CPU 1/TCG
15:02:52     1000         -   3967063   94.00    5.00    0.00    0.00   99.00    16  |__CPU 2/TCG
15:02:52     1000         -   3967064    0.00    0.00    0.00    0.00    0.00    12  |__CPU 3/TCG
15:02:53     1000   3967039         -  189.00    7.00    0.00    0.00  196.00     6  qemu-system-aar
15:02:53     1000         -   3967039    0.00    2.00    0.00    0.00    2.00     6  |__qemu-system-aar
15:02:53     1000         -   3967046    0.00    0.00    0.00    0.00    0.00     4  |__call_rcu
15:02:53     1000         -   3967059   92.00    3.00    0.00    0.00   95.00    20  |__CPU 0/TCG
15:02:53     1000         -   3967061    1.00    0.00    0.00    0.00    1.00    21  |__CPU 1/TCG
15:02:53     1000         -   3967063   96.00    4.00    0.00    0.00  100.00    16  |__CPU 2/TCG
15:02:53     1000         -   3967064    0.00    0.00    0.00    0.00    0.00    12  |__CPU 3/TCG
15:02:54     1000   3967039         -  188.00    8.00    0.00    0.00  196.00     6  qemu-system-aar
15:02:54     1000         -   3967039    1.00    0.00    0.00    0.00    1.00     6  |__qemu-system-aar
15:02:54     1000         -   3967046    0.00    0.00    0.00    0.00    0.00     4  |__call_rcu
15:02:54     1000         -   3967059   91.00    4.00    0.00    0.00   95.00    20  |__CPU 0/TCG
15:02:54     1000         -   3967061    0.00    0.00    0.00    0.00    0.00    21  |__CPU 1/TCG
15:02:54     1000         -   3967063   95.00    3.00    0.00    0.00   98.00    16  |__CPU 2/TCG
15:02:54     1000         -   3967064    0.00    0.00    0.00    0.00    0.00    12  |__CPU 3/TCG
15:02:55     1000   3967039         -  188.00    8.00    0.00    0.00  196.00     7  qemu-system-aar
15:02:55     1000         -   3967039    0.00    1.00    0.00    0.00    1.00     7  |__qemu-system-aar
15:02:55     1000         -   3967046    0.00    0.00    0.00    0.00    0.00     4  |__call_rcu
15:02:55     1000         -   3967059   91.00    4.00    0.00    0.00   95.00    20  |__CPU 0/TCG
15:02:55     1000         -   3967061    1.00    0.00    0.00    0.00    1.00    21  |__CPU 1/TCG
15:02:55     1000         -   3967063   95.00    4.00    0.00    0.00   99.00    16  |__CPU 2/TCG
15:02:55     1000         -   3967064    0.00    0.00    0.00    0.00    0.00    12  |__CPU 3/TCG
15:02:56     1000   3967039         -  189.00    7.00    0.00    0.00  196.00     6  qemu-system-aar
15:02:56     1000         -   3967039    0.00    1.00    0.00    0.00    1.00     6  |__qemu-system-aar
15:02:56     1000         -   3967046    0.00    0.00    0.00    0.00    0.00     4  |__call_rcu
15:02:56     1000         -   3967059   92.00    3.00    0.00    0.00   95.00    20  |__CPU 0/TCG
15:02:56     1000         -   3967061    0.00    0.00    0.00    0.00    0.00    21  |__CPU 1/TCG
15:02:56     1000         -   3967063   95.00    4.00    0.00    0.00   99.00    16  |__CPU 2/TCG
15:02:56     1000         -   3967064    0.00    0.00    0.00    0.00    0.00    12  |__CPU 3/TCG
15:02:57     1000   3967039         -  188.00    8.00    0.00    0.00  196.00     5  qemu-system-aar
15:02:57     1000         -   3967039    1.00    1.00    0.00    0.00    2.00     5  |__qemu-system-aar
15:02:57     1000         -   3967046    0.00    0.00    0.00    0.00    0.00     4  |__call_rcu
15:02:57     1000         -   3967059   92.00    4.00    0.00    0.00   96.00    20  |__CPU 0/TCG
15:02:57     1000         -   3967061    1.00    0.00    0.00    0.00    1.00    21  |__CPU 1/TCG
15:02:57     1000         -   3967063   95.00    4.00    0.00    0.00   99.00    16  |__CPU 2/TCG
15:02:57     1000         -   3967064    0.00    0.00    0.00    0.00    0.00    12  |__CPU 3/TCG
15:02:58     1000   3967039         -  189.00    7.00    0.00    0.00  196.00     6  qemu-system-aar
15:02:58     1000         -   3967039    0.00    1.00    0.00    0.00    1.00     6  |__qemu-system-aar
15:02:58     1000         -   3967046    0.00    0.00    0.00    0.00    0.00     4  |__call_rcu
15:02:58     1000         -   3967059   92.00    3.00    0.00    0.00   95.00    20  |__CPU 0/TCG
15:02:58     1000         -   3967061    0.00    0.00    0.00    0.00    0.00     1  |__CPU 1/TCG
15:02:58     1000         -   3967063   95.00    4.00    0.00    0.00   99.00    16  |__CPU 2/TCG
15:02:58     1000         -   3967064    0.00    0.00    0.00    0.00    0.00    12  |__CPU 3/TCG
15:02:59     1000   3967039         -  188.00    8.00    0.00    0.00  196.00     5  qemu-system-aar
15:02:59     1000         -   3967039    0.00    1.00    0.00    0.00    1.00     5  |__qemu-system-aar
15:02:59     1000         -   3967046    0.00    0.00    0.00    0.00    0.00     4  |__call_rcu
15:02:59     1000         -   3967059   91.00    4.00    0.00    0.00   95.00    20  |__CPU 0/TCG
15:02:59     1000         -   3967061    1.00    0.00    0.00    0.00    1.00     1  |__CPU 1/TCG
15:02:59     1000         -   3967063   96.00    4.00    0.00    0.00  100.00     0  |__CPU 2/TCG
15:02:59     1000         -   3967064    0.00    0.00    0.00    0.00    0.00    12  |__CPU 3/TCG
15:03:00     1000   3967039         -  189.00    7.00    0.00    0.00  196.00     7  qemu-system-aar
15:03:00     1000         -   3967039    1.00    0.00    0.00    0.00    1.00     7  |__qemu-system-aar
15:03:00     1000         -   3967046    0.00    0.00    0.00    0.00    0.00     4  |__call_rcu
15:03:00     1000         -   3967059   91.00    4.00    0.00    0.00   95.00    20  |__CPU 0/TCG
15:03:00     1000         -   3967061    0.00    0.00    0.00    0.00    0.00     1  |__CPU 1/TCG
15:03:00     1000         -   3967063   96.00    3.00    0.00    0.00   99.00    16  |__CPU 2/TCG
15:03:00     1000         -   3967064    0.00    0.00    0.00    0.00    0.00    12  |__CPU 3/TCG
15:03:01     1000   3967039         -  189.00    7.00    0.00    0.00  196.00    17  qemu-system-aar
15:03:01     1000         -   3967039    0.00    1.00    0.00    0.00    1.00    17  |__qemu-system-aar
15:03:01     1000         -   3967046    0.00    0.00    0.00    0.00    0.00     4  |__call_rcu
15:03:01     1000         -   3967059   93.00    3.00    0.00    0.00   96.00    20  |__CPU 0/TCG
15:03:01     1000         -   3967061    1.00    0.00    0.00    0.00    1.00    19  |__CPU 1/TCG
15:03:01     1000         -   3967063   95.00    4.00    0.00    0.00   99.00    16  |__CPU 2/TCG
15:03:01     1000         -   3967064    0.00    0.00    0.00    0.00    0.00    12  |__CPU 3/TCG
15:03:02     1000   3967039         -  187.00    8.00    0.00    0.00  195.00    17  qemu-system-aar
15:03:02     1000         -   3967039    1.00    1.00    0.00    0.00    2.00    17  |__qemu-system-aar
15:03:02     1000         -   3967046    0.00    0.00    0.00    0.00    0.00     4  |__call_rcu
15:03:02     1000         -   3967059   91.00    4.00    0.00    0.00   95.00    20  |__CPU 0/TCG
15:03:02     1000         -   3967061    0.00    0.00    0.00    0.00    0.00     1  |__CPU 1/TCG
15:03:02     1000         -   3967063   95.00    4.00    0.00    0.00   99.00    16  |__CPU 2/TCG
15:03:02     1000         -   3967064    0.00    0.00    0.00    0.00    0.00    12  |__CPU 3/TCG
15:03:03     1000   3967039         -  189.00    7.00    0.00    0.00  196.00     2  qemu-system-aar
15:03:03     1000         -   3967039    0.00    0.00    0.00    0.00    0.00     2  |__qemu-system-aar
15:03:03     1000         -   3967046    0.00    0.00    0.00    0.00    0.00     4  |__call_rcu
15:03:03     1000         -   3967059   92.00    3.00    0.00    0.00   95.00     4  |__CPU 0/TCG
15:03:03     1000         -   3967061    1.00    0.00    0.00    0.00    1.00     1  |__CPU 1/TCG
15:03:03     1000         -   3967063   95.00    3.00    0.00    0.00   98.00    16  |__CPU 2/TCG
15:03:03     1000         -   3967064    0.00    0.00    0.00    0.00    0.00    12  |__CPU 3/TCG
15:03:04     1000   3967039         -  190.00    6.00    0.00    0.00  196.00     2  qemu-system-aar
15:03:04     1000         -   3967039    1.00    1.00    0.00    0.00    2.00     2  |__qemu-system-aar
15:03:04     1000         -   3967046    0.00    0.00    0.00    0.00    0.00     4  |__call_rcu
15:03:04     1000         -   3967059   93.00    2.00    0.00    0.00   95.00     4  |__CPU 0/TCG
15:03:04     1000         -   3967061    0.00    0.00    0.00    0.00    0.00    19  |__CPU 1/TCG
15:03:04     1000         -   3967063   96.00    4.00    0.00    0.00  100.00    16  |__CPU 2/TCG
15:03:04     1000         -   3967064    0.00    0.00    0.00    0.00    0.00    12  |__CPU 3/TCG
15:03:05     1000   3967039         -  191.00    6.00    0.00    0.00  197.00     5  qemu-system-aar
15:03:05     1000         -   3967039    0.00    1.00    0.00    0.00    1.00     5  |__qemu-system-aar
15:03:05     1000         -   3967046    0.00    0.00    0.00    0.00    0.00     4  |__call_rcu
15:03:05     1000         -   3967059   92.00    3.00    0.00    0.00   95.00     4  |__CPU 0/TCG
15:03:05     1000         -   3967061    1.00    0.00    0.00    0.00    1.00    19  |__CPU 1/TCG
15:03:05     1000         -   3967063   95.00    4.00    0.00    0.00   99.00    16  |__CPU 2/TCG
15:03:05     1000         -   3967064    0.00    0.00    0.00    0.00    0.00    12  |__CPU 3/TCG
15:03:06     1000   3967039         -  189.00    7.00    0.00    0.00  196.00     5  qemu-system-aar
15:03:06     1000         -   3967039    1.00    1.00    0.00    0.00    2.00     5  |__qemu-system-aar
15:03:06     1000         -   3967046    0.00    0.00    0.00    0.00    0.00     4  |__call_rcu
15:03:06     1000         -   3967059   92.00    2.00    0.00    0.00   94.00     4  |__CPU 0/TCG
15:03:06     1000         -   3967061    0.00    0.00    0.00    0.00    0.00     1  |__CPU 1/TCG
15:03:06     1000         -   3967063   96.00    3.00    0.00    1.00   99.00     1  |__CPU 2/TCG
15:03:06     1000         -   3967064    0.00    0.00    0.00    0.00    0.00    12  |__CPU 3/TCG
15:03:07     1000   3967039         -  188.00    8.00    0.00    0.00  196.00     5  qemu-system-aar
15:03:07     1000         -   3967039    0.00    1.00    0.00    0.00    1.00     5  |__qemu-system-aar
15:03:07     1000         -   3967046    0.00    0.00    0.00    0.00    0.00     4  |__call_rcu
15:03:07     1000         -   3967059   92.00    4.00    0.00    0.00   96.00     4  |__CPU 0/TCG
15:03:07     1000         -   3967061    1.00    0.00    0.00    0.00    1.00    19  |__CPU 1/TCG
15:03:07     1000         -   3967063   94.00    5.00    0.00    0.00   99.00    16  |__CPU 2/TCG
15:03:07     1000         -   3967064    0.00    0.00    0.00    0.00    0.00    12  |__CPU 3/TCG
15:03:08     1000   3967039         -  187.00    8.00    0.00    0.00  195.00     5  qemu-system-aar
15:03:08     1000         -   3967039    0.00    1.00    0.00    0.00    1.00     5  |__qemu-system-aar
15:03:08     1000         -   3967046    0.00    0.00    0.00    0.00    0.00     4  |__call_rcu
15:03:08     1000         -   3967059   91.00    3.00    0.00    0.00   94.00     4  |__CPU 0/TCG
15:03:08     1000         -   3967061    1.00    0.00    0.00    0.00    1.00     1  |__CPU 1/TCG
15:03:08     1000         -   3967063   95.00    4.00    0.00    0.00   99.00    16  |__CPU 2/TCG
15:03:08     1000         -   3967064    0.00    0.00    0.00    0.00    0.00    12  |__CPU 3/TCG
15:03:09     1000   3967039         -  188.00    8.00    0.00    0.00  196.00    17  qemu-system-aar
15:03:09     1000         -   3967039    0.00    1.00    0.00    0.00    1.00    17  |__qemu-system-aar
15:03:09     1000         -   3967046    0.00    0.00    0.00    0.00    0.00     4  |__call_rcu
15:03:09     1000         -   3967059   92.00    4.00    0.00    0.00   96.00     4  |__CPU 0/TCG
15:03:09     1000         -   3967061    0.00    0.00    0.00    0.00    0.00    19  |__CPU 1/TCG
15:03:09     1000         -   3967063   95.00    4.00    0.00    0.00   99.00     0  |__CPU 2/TCG
15:03:09     1000         -   3967064    0.00    0.00    0.00    0.00    0.00    12  |__CPU 3/TCG
15:03:10     1000   3967039         -  189.00    6.00    0.00    0.00  195.00    17  qemu-system-aar
15:03:10     1000         -   3967039    1.00    1.00    0.00    0.00    2.00    17  |__qemu-system-aar
15:03:10     1000         -   3967046    0.00    0.00    0.00    0.00    0.00     4  |__call_rcu
15:03:10     1000         -   3967059   92.00    3.00    0.00    0.00   95.00     4  |__CPU 0/TCG
15:03:10     1000         -   3967061    1.00    0.00    0.00    0.00    1.00    19  |__CPU 1/TCG
15:03:10     1000         -   3967063   96.00    4.00    0.00    0.00  100.00     0  |__CPU 2/TCG
15:03:10     1000         -   3967064    0.00    0.00    0.00    0.00    0.00    12  |__CPU 3/TCG
15:03:11     1000   3967039         -  189.00    7.00    0.00    0.00  196.00    17  qemu-system-aar
15:03:11     1000         -   3967039    0.00    1.00    0.00    0.00    1.00    17  |__qemu-system-aar
15:03:11     1000         -   3967046    0.00    0.00    0.00    0.00    0.00     4  |__call_rcu
15:03:11     1000         -   3967059   91.00    3.00    0.00    0.00   94.00     4  |__CPU 0/TCG
15:03:11     1000         -   3967061    0.00    0.00    0.00    0.00    0.00    19  |__CPU 1/TCG
15:03:11     1000         -   3967063   95.00    4.00    0.00    0.00   99.00     0  |__CPU 2/TCG
15:03:11     1000         -   3967064    0.00    0.00    0.00    0.00    0.00    12  |__CPU 3/TCG
15:03:12     1000   3967039         -  184.00   11.00    0.00    0.00  195.00    17  qemu-system-aar
15:03:12     1000         -   3967039    1.00    0.00    0.00    0.00    1.00    17  |__qemu-system-aar
15:03:12     1000         -   3967046    0.00    0.00    0.00    0.00    0.00     4  |__call_rcu
15:03:12     1000         -   3967059   90.00    5.00    0.00    0.00   95.00     4  |__CPU 0/TCG
15:03:12     1000         -   3967061    1.00    0.00    0.00    0.00    1.00    19  |__CPU 1/TCG
15:03:12     1000         -   3967063   93.00    5.00    0.00    0.00   98.00     0  |__CPU 2/TCG
15:03:12     1000         -   3967064    0.00    0.00    0.00    0.00    0.00    12  |__CPU 3/TCG
15:03:13     1000   3967039         -  190.00    7.00    0.00    0.00  197.00    17  qemu-system-aar
15:03:13     1000         -   3967039    0.00    1.00    0.00    0.00    1.00    17  |__qemu-system-aar
15:03:13     1000         -   3967046    0.00    0.00    0.00    0.00    0.00     4  |__call_rcu
15:03:13     1000         -   3967059   92.00    3.00    0.00    0.00   95.00    16  |__CPU 0/TCG
15:03:13     1000         -   3967061    0.00    0.00    0.00    0.00    0.00    19  |__CPU 1/TCG
15:03:13     1000         -   3967063   96.00    3.00    0.00    0.00   99.00     4  |__CPU 2/TCG
15:03:13     1000         -   3967064    0.00    0.00    0.00    0.00    0.00    12  |__CPU 3/TCG
15:03:14     1000   3967039         -  189.00    6.00    0.00    0.00  195.00    17  qemu-system-aar
15:03:14     1000         -   3967039    0.00    1.00    0.00    0.00    1.00    17  |__qemu-system-aar
15:03:14     1000         -   3967046    0.00    0.00    0.00    0.00    0.00     4  |__call_rcu
15:03:14     1000         -   3967059   92.00    3.00    0.00    1.00   95.00    16  |__CPU 0/TCG
15:03:14     1000         -   3967061    1.00    0.00    0.00    0.00    1.00    19  |__CPU 1/TCG
15:03:14     1000         -   3967063   96.00    4.00    0.00    0.00  100.00     4  |__CPU 2/TCG
15:03:14     1000         -   3967064    0.00    0.00    0.00    0.00    0.00    12  |__CPU 3/TCG
15:03:15     1000   3967039         -  188.00    9.00    0.00    0.00  197.00    19  qemu-system-aar
15:03:15     1000         -   3967039    0.00    1.00    0.00    0.00    1.00    19  |__qemu-system-aar
15:03:15     1000         -   3967046    0.00    0.00    0.00    0.00    0.00     4  |__call_rcu
15:03:15     1000         -   3967059   92.00    3.00    0.00    0.00   95.00    16  |__CPU 0/TCG
15:03:15     1000         -   3967061    1.00    0.00    0.00    0.00    1.00    20  |__CPU 1/TCG
15:03:15     1000         -   3967063   94.00    5.00    0.00    0.00   99.00     4  |__CPU 2/TCG
15:03:15     1000         -   3967064    0.00    0.00    0.00    0.00    0.00    12  |__CPU 3/TCG
15:03:16     1000   3967039         -  189.00    7.00    0.00    0.00  196.00    19  qemu-system-aar
15:03:16     1000         -   3967039    0.00    1.00    0.00    0.00    1.00    19  |__qemu-system-aar
15:03:16     1000         -   3967046    0.00    0.00    0.00    0.00    0.00     4  |__call_rcu
15:03:16     1000         -   3967059   92.00    3.00    0.00    0.00   95.00    16  |__CPU 0/TCG
15:03:16     1000         -   3967061    0.00    0.00    0.00    0.00    0.00    20  |__CPU 1/TCG
15:03:16     1000         -   3967063   96.00    3.00    0.00    0.00   99.00     4  |__CPU 2/TCG
15:03:16     1000         -   3967064    0.00    0.00    0.00    0.00    0.00    12  |__CPU 3/TCG
15:03:17     1000   3967039         -  188.00    7.00    0.00    0.00  195.00    19  qemu-system-aar
15:03:17     1000         -   3967039    1.00    1.00    0.00    0.00    2.00    19  |__qemu-system-aar
15:03:17     1000         -   3967046    0.00    0.00    0.00    0.00    0.00     4  |__call_rcu
15:03:17     1000         -   3967059   90.00    4.00    0.00    0.00   94.00    16  |__CPU 0/TCG
15:03:17     1000         -   3967061    1.00    0.00    0.00    0.00    1.00    21  |__CPU 1/TCG
15:03:17     1000         -   3967063   96.00    4.00    0.00    0.00  100.00    20  |__CPU 2/TCG
15:03:17     1000         -   3967064    0.00    0.00    0.00    0.00    0.00    12  |__CPU 3/TCG
15:03:18     1000   3967039         -  189.00    8.00    0.00    0.00  197.00    19  qemu-system-aar
15:03:18     1000         -   3967039    0.00    1.00    0.00    0.00    1.00    19  |__qemu-system-aar
15:03:18     1000         -   3967046    0.00    0.00    0.00    0.00    0.00     4  |__call_rcu
15:03:18     1000         -   3967059   93.00    3.00    0.00    0.00   96.00    16  |__CPU 0/TCG
15:03:18     1000         -   3967061    0.00    0.00    0.00    0.00    0.00    21  |__CPU 1/TCG
15:03:18     1000         -   3967063   94.00    4.00    0.00    0.00   98.00    20  |__CPU 2/TCG
15:03:18     1000         -   3967064    0.00    0.00    0.00    0.00    0.00    12  |__CPU 3/TCG
15:03:19     1000   3967039         -  189.00    7.00    0.00    0.00  196.00    19  qemu-system-aar
15:03:19     1000         -   3967039    0.00    1.00    0.00    0.00    1.00    19  |__qemu-system-aar
15:03:19     1000         -   3967046    0.00    0.00    0.00    0.00    0.00     4  |__call_rcu
15:03:19     1000         -   3967059   92.00    3.00    0.00    0.00   95.00     2  |__CPU 0/TCG
15:03:19     1000         -   3967061    1.00    0.00    0.00    0.00    1.00    21  |__CPU 1/TCG
15:03:19     1000         -   3967063   96.00    4.00    0.00    0.00  100.00    20  |__CPU 2/TCG
15:03:19     1000         -   3967064    0.00    0.00    0.00    0.00    0.00    12  |__CPU 3/TCG
15:03:20     1000   3967039         -  189.00    6.00    0.00    0.00  195.00    18  qemu-system-aar
15:03:20     1000         -   3967039    0.00    1.00    0.00    0.00    1.00    18  |__qemu-system-aar
15:03:20     1000         -   3967046    0.00    0.00    0.00    0.00    0.00     4  |__call_rcu
15:03:20     1000         -   3967059   93.00    2.00    0.00    0.00   95.00     0  |__CPU 0/TCG
15:03:20     1000         -   3967061    1.00    0.00    0.00    0.00    1.00    22  |__CPU 1/TCG
15:03:20     1000         -   3967063   95.00    4.00    0.00    0.00   99.00    20  |__CPU 2/TCG
15:03:20     1000         -   3967064    0.00    0.00    0.00    0.00    0.00    12  |__CPU 3/TCG
15:03:21     1000   3967039         -  190.00    6.00    0.00    0.00  196.00     1  qemu-system-aar
15:03:21     1000         -   3967039    1.00    1.00    0.00    0.00    2.00    18  |__qemu-system-aar
15:03:21     1000         -   3967046    0.00    0.00    0.00    0.00    0.00     4  |__call_rcu
15:03:21     1000         -   3967059   92.00    3.00    0.00    0.00   95.00     9  |__CPU 0/TCG
15:03:21     1000         -   3967061    0.00    0.00    0.00    0.00    0.00    22  |__CPU 1/TCG
15:03:21     1000         -   3967063   96.00    3.00    0.00    0.00   99.00    20  |__CPU 2/TCG
15:03:21     1000         -   3967064    0.00    0.00    0.00    0.00    0.00    12  |__CPU 3/TCG
15:03:22     1000   3967039         -  184.00   11.00    0.00    0.00  195.00    19  qemu-system-aar
15:03:22     1000         -   3967039    0.00    0.00    0.00    0.00    0.00    19  |__qemu-system-aar
15:03:22     1000         -   3967046    0.00    0.00    0.00    0.00    0.00     4  |__call_rcu
15:03:22     1000         -   3967059   89.00    4.00    0.00    0.00   93.00    16  |__CPU 0/TCG
15:03:22     1000         -   3967061    1.00    0.00    0.00    0.00    1.00    22  |__CPU 1/TCG
15:03:22     1000         -   3967063   93.00    6.00    0.00    0.00   99.00    20  |__CPU 2/TCG
15:03:22     1000         -   3967064    0.00    0.00    0.00    0.00    0.00    12  |__CPU 3/TCG
15:03:23     1000   3967039         -  187.00    8.00    0.00    0.00  195.00    19  qemu-system-aar
15:03:23     1000         -   3967039    1.00    1.00    0.00    0.00    2.00    19  |__qemu-system-aar
15:03:23     1000         -   3967046    0.00    0.00    0.00    0.00    0.00     4  |__call_rcu
15:03:23     1000         -   3967059   90.00    4.00    0.00    0.00   94.00    16  |__CPU 0/TCG
15:03:23     1000         -   3967061    1.00    0.00    0.00    0.00    1.00    22  |__CPU 1/TCG
15:03:23     1000         -   3967063   95.00    5.00    0.00    0.00  100.00    20  |__CPU 2/TCG
15:03:23     1000         -   3967064    0.00    0.00    0.00    0.00    0.00    12  |__CPU 3/TCG
15:03:24     1000   3967039         -  187.00    9.00    0.00    0.00  196.00    19  qemu-system-aar
15:03:24     1000         -   3967039    0.00    0.00    0.00    0.00    0.00    19  |__qemu-system-aar
15:03:24     1000         -   3967046    0.00    0.00    0.00    0.00    0.00     4  |__call_rcu
15:03:24     1000         -   3967059   91.00    4.00    0.00    0.00   95.00    16  |__CPU 0/TCG
15:03:24     1000         -   3967061    0.00    0.00    0.00    0.00    0.00    20  |__CPU 1/TCG
15:03:24     1000         -   3967063   95.00    4.00    0.00    0.00   99.00     4  |__CPU 2/TCG
15:03:24     1000         -   3967064    0.00    0.00    0.00    0.00    0.00    12  |__CPU 3/TCG
15:03:25     1000   3967039         -  186.00    9.00    0.00    0.00  195.00    19  qemu-system-aar
15:03:25     1000         -   3967039    0.00    1.00    0.00    0.00    1.00    19  |__qemu-system-aar
15:03:25     1000         -   3967046    0.00    0.00    0.00    0.00    0.00     4  |__call_rcu
15:03:25     1000         -   3967059   91.00    4.00    0.00    0.00   95.00    16  |__CPU 0/TCG
15:03:25     1000         -   3967061    1.00    0.00    0.00    0.00    1.00    20  |__CPU 1/TCG
15:03:25     1000         -   3967063   93.00    5.00    0.00    0.00   98.00     4  |__CPU 2/TCG
15:03:25     1000         -   3967064    0.00    0.00    0.00    0.00    0.00    12  |__CPU 3/TCG
15:03:26     1000   3967039         -  189.00    8.00    0.00    0.00  197.00    22  qemu-system-aar
15:03:26     1000         -   3967039    0.00    2.00    0.00    0.00    2.00    22  |__qemu-system-aar
15:03:26     1000         -   3967046    0.00    0.00    0.00    0.00    0.00     4  |__call_rcu
15:03:26     1000         -   3967059   92.00    3.00    0.00    0.00   95.00    16  |__CPU 0/TCG
15:03:26     1000         -   3967061    0.00    1.00    0.00    0.00    1.00    23  |__CPU 1/TCG
15:03:26     1000         -   3967063   95.00    4.00    0.00    0.00   99.00    20  |__CPU 2/TCG
15:03:26     1000         -   3967064    0.00    0.00    0.00    0.00    0.00    12  |__CPU 3/TCG
15:03:27     1000   3967039         -  188.00    8.00    0.00    0.00  196.00    22  qemu-system-aar
15:03:27     1000         -   3967039    1.00    0.00    0.00    0.00    1.00    22  |__qemu-system-aar
15:03:27     1000         -   3967046    0.00    0.00    0.00    0.00    0.00     4  |__call_rcu
15:03:27     1000         -   3967059   92.00    3.00    0.00    0.00   95.00    16  |__CPU 0/TCG
15:03:27     1000         -   3967061    0.00    0.00    0.00    0.00    0.00     1  |__CPU 1/TCG
15:03:27     1000         -   3967063   95.00    5.00    0.00    0.00  100.00    20  |__CPU 2/TCG
15:03:27     1000         -   3967064    0.00    0.00    0.00    0.00    0.00    12  |__CPU 3/TCG
15:03:28     1000   3967039         -  188.00    7.00    0.00    0.00  195.00     3  qemu-system-aar
15:03:28     1000         -   3967039    1.00    1.00    0.00    0.00    2.00     3  |__qemu-system-aar
15:03:28     1000         -   3967046    0.00    0.00    0.00    0.00    0.00     4  |__call_rcu
15:03:28     1000         -   3967059   91.00    4.00    0.00    0.00   95.00    16  |__CPU 0/TCG
15:03:28     1000         -   3967061    1.00    0.00    0.00    0.00    1.00     1  |__CPU 1/TCG
15:03:28     1000         -   3967063   95.00    4.00    0.00    0.00   99.00     4  |__CPU 2/TCG
15:03:28     1000         -   3967064    0.00    0.00    0.00    0.00    0.00    12  |__CPU 3/TCG
15:03:29     1000   3967039         -  188.00    8.00    0.00    0.00  196.00     5  qemu-system-aar
15:03:29     1000         -   3967039    0.00    0.00    0.00    0.00    0.00     5  |__qemu-system-aar
15:03:29     1000         -   3967046    0.00    0.00    0.00    0.00    0.00     4  |__call_rcu
15:03:29     1000         -   3967059   92.00    3.00    0.00    0.00   95.00    16  |__CPU 0/TCG
15:03:29     1000         -   3967061    0.00    0.00    0.00    0.00    0.00     1  |__CPU 1/TCG
15:03:29     1000         -   3967063   95.00    4.00    0.00    0.00   99.00     4  |__CPU 2/TCG
15:03:29     1000         -   3967064    0.00    0.00    0.00    0.00    0.00    12  |__CPU 3/TCG
15:03:30     1000   3967039         -  189.00    7.00    0.00    0.00  196.00     2  qemu-system-aar
15:03:30     1000         -   3967039    1.00    1.00    0.00    0.00    2.00     2  |__qemu-system-aar
15:03:30     1000         -   3967046    0.00    0.00    0.00    0.00    0.00     4  |__call_rcu
15:03:30     1000         -   3967059   92.00    3.00    0.00    0.00   95.00    16  |__CPU 0/TCG
15:03:30     1000         -   3967061    1.00    0.00    0.00    0.00    1.00    23  |__CPU 1/TCG
15:03:30     1000         -   3967063   96.00    4.00    0.00    0.00  100.00    20  |__CPU 2/TCG
15:03:30     1000         -   3967064    0.00    0.00    0.00    0.00    0.00    12  |__CPU 3/TCG
15:03:31     1000   3967039         -  187.00    9.00    0.00    0.00  196.00     3  qemu-system-aar
15:03:31     1000         -   3967039    0.00    1.00    0.00    0.00    1.00     3  |__qemu-system-aar
15:03:31     1000         -   3967046    0.00    0.00    0.00    0.00    0.00     4  |__call_rcu
15:03:31     1000         -   3967059   90.00    5.00    0.00    0.00   95.00    16  |__CPU 0/TCG
15:03:31     1000         -   3967061    0.00    1.00    0.00    0.00    1.00    23  |__CPU 1/TCG
15:03:31     1000         -   3967063   95.00    4.00    0.00    0.00   99.00    20  |__CPU 2/TCG
15:03:31     1000         -   3967064    0.00    0.00    0.00    0.00    0.00    12  |__CPU 3/TCG
15:03:32     1000   3967039         -  186.00    8.00    0.00    0.00  194.00     6  qemu-system-aar
15:03:32     1000         -   3967039    0.00    1.00    0.00    0.00    1.00     6  |__qemu-system-aar
15:03:32     1000         -   3967046    0.00    0.00    0.00    0.00    0.00     4  |__call_rcu
15:03:32     1000         -   3967059   91.00    3.00    0.00    0.00   94.00    16  |__CPU 0/TCG
15:03:32     1000         -   3967061    0.00    0.00    0.00    0.00    0.00     1  |__CPU 1/TCG
15:03:32     1000         -   3967063   94.00    5.00    0.00    0.00   99.00    20  |__CPU 2/TCG
15:03:32     1000         -   3967064    0.00    0.00    0.00    0.00    0.00    12  |__CPU 3/TCG
15:03:33     1000   3967039         -  189.00    7.00    0.00    0.00  196.00     7  qemu-system-aar
15:03:33     1000         -   3967039    0.00    1.00    0.00    0.00    1.00     7  |__qemu-system-aar
15:03:33     1000         -   3967046    0.00    0.00    0.00    0.00    0.00     4  |__call_rcu
15:03:33     1000         -   3967059   92.00    3.00    0.00    0.00   95.00    16  |__CPU 0/TCG
15:03:33     1000         -   3967061    1.00    0.00    0.00    0.00    1.00     1  |__CPU 1/TCG
15:03:33     1000         -   3967063   95.00    4.00    0.00    0.00   99.00    20  |__CPU 2/TCG
15:03:33     1000         -   3967064    0.00    0.00    0.00    0.00    0.00    12  |__CPU 3/TCG
15:03:34     1000   3967039         -  188.00    8.00    0.00    0.00  196.00     5  qemu-system-aar
15:03:34     1000         -   3967039    1.00    1.00    0.00    0.00    2.00     5  |__qemu-system-aar
15:03:34     1000         -   3967046    0.00    0.00    0.00    0.00    0.00     4  |__call_rcu
15:03:34     1000         -   3967059   92.00    3.00    0.00    0.00   95.00    16  |__CPU 0/TCG
15:03:34     1000         -   3967061    0.00    0.00    0.00    0.00    0.00    23  |__CPU 1/TCG
15:03:34     1000         -   3967063   95.00    4.00    0.00    0.00   99.00    20  |__CPU 2/TCG
15:03:34     1000         -   3967064    0.00    0.00    0.00    0.00    0.00    12  |__CPU 3/TCG
15:03:35     1000   3967039         -  187.00    8.00    0.00    0.00  195.00     5  qemu-system-aar
15:03:35     1000         -   3967039    0.00    0.00    0.00    0.00    0.00     5  |__qemu-system-aar
15:03:35     1000         -   3967046    0.00    0.00    0.00    0.00    0.00     4  |__call_rcu
15:03:35     1000         -   3967059   91.00    3.00    0.00    0.00   94.00    16  |__CPU 0/TCG
15:03:35     1000         -   3967061    1.00    0.00    0.00    0.00    1.00     1  |__CPU 1/TCG
15:03:35     1000         -   3967063   94.00    5.00    0.00    0.00   99.00    20  |__CPU 2/TCG
15:03:35     1000         -   3967064    0.00    0.00    0.00    0.00    0.00    12  |__CPU 3/TCG
15:03:36     1000   3967039         -  186.00    9.00    0.00    0.00  195.00     6  qemu-system-aar
15:03:36     1000         -   3967039    0.00    1.00    0.00    0.00    1.00     6  |__qemu-system-aar
15:03:36     1000         -   3967046    0.00    0.00    0.00    0.00    0.00     4  |__call_rcu
15:03:36     1000         -   3967059   91.00    4.00    0.00    0.00   95.00    16  |__CPU 0/TCG
15:03:36     1000         -   3967061    0.00    0.00    0.00    0.00    0.00    23  |__CPU 1/TCG
15:03:36     1000         -   3967063   94.00    5.00    0.00    0.00   99.00    20  |__CPU 2/TCG
15:03:36     1000         -   3967064    0.00    0.00    0.00    0.00    0.00    12  |__CPU 3/TCG
15:03:37     1000   3967039         -  188.00    8.00    0.00    0.00  196.00     5  qemu-system-aar
15:03:37     1000         -   3967039    0.00    1.00    0.00    0.00    1.00     5  |__qemu-system-aar
15:03:37     1000         -   3967046    0.00    0.00    0.00    0.00    0.00     4  |__call_rcu
15:03:37     1000         -   3967059   91.00    3.00    0.00    0.00   94.00    16  |__CPU 0/TCG
15:03:37     1000         -   3967061    1.00    0.00    0.00    0.00    1.00     2  |__CPU 1/TCG
15:03:37     1000         -   3967063   95.00    4.00    0.00    0.00   99.00    20  |__CPU 2/TCG
15:03:37     1000         -   3967064    0.00    0.00    0.00    0.00    0.00    12  |__CPU 3/TCG
15:03:38     1000   3967039         -  189.00    7.00    0.00    0.00  196.00    17  qemu-system-aar
15:03:38     1000         -   3967039    1.00    1.00    0.00    0.00    2.00    17  |__qemu-system-aar
15:03:38     1000         -   3967046    0.00    0.00    0.00    0.00    0.00     4  |__call_rcu
15:03:38     1000         -   3967059   92.00    3.00    0.00    0.00   95.00     0  |__CPU 0/TCG
15:03:38     1000         -   3967061    0.00    0.00    0.00    0.00    0.00    23  |__CPU 1/TCG
15:03:38     1000         -   3967063   95.00    4.00    0.00    0.00   99.00    20  |__CPU 2/TCG
15:03:38     1000         -   3967064    0.00    0.00    0.00    0.00    0.00    12  |__CPU 3/TCG
15:03:39     1000   3967039         -  186.00    9.00    0.00    0.00  195.00    17  qemu-system-aar
15:03:39     1000         -   3967039    1.00    0.00    0.00    0.00    1.00    17  |__qemu-system-aar
15:03:39     1000         -   3967046    0.00    0.00    0.00    0.00    0.00     4  |__call_rcu
15:03:39     1000         -   3967059   90.00    5.00    0.00    0.00   95.00     0  |__CPU 0/TCG
15:03:39     1000         -   3967061    1.00    0.00    0.00    0.00    1.00     2  |__CPU 1/TCG
15:03:39     1000         -   3967063   95.00    4.00    0.00    0.00   99.00    20  |__CPU 2/TCG
15:03:39     1000         -   3967064    0.00    0.00    0.00    0.00    0.00    12  |__CPU 3/TCG
15:03:40     1000   3967039         -  188.00    7.00    0.00    0.00  195.00    17  qemu-system-aar
15:03:40     1000         -   3967039    1.00    0.00    0.00    0.00    1.00    17  |__qemu-system-aar
15:03:40     1000         -   3967046    0.00    0.00    0.00    0.00    0.00     4  |__call_rcu
15:03:40     1000         -   3967059   90.00    4.00    0.00    0.00   94.00     0  |__CPU 0/TCG
15:03:40     1000         -   3967061    0.00    0.00    0.00    0.00    0.00     2  |__CPU 1/TCG
15:03:40     1000         -   3967063   96.00    3.00    0.00    0.00   99.00    20  |__CPU 2/TCG
15:03:40     1000         -   3967064    0.00    0.00    0.00    0.00    0.00    12  |__CPU 3/TCG
15:03:41     1000   3967039         -  187.00    8.00    0.00    0.00  195.00    17  qemu-system-aar
15:03:41     1000         -   3967039    0.00    1.00    0.00    0.00    1.00    17  |__qemu-system-aar
15:03:41     1000         -   3967046    0.00    0.00    0.00    0.00    0.00     4  |__call_rcu
15:03:41     1000         -   3967059   92.00    3.00    0.00    0.00   95.00     0  |__CPU 0/TCG
15:03:41     1000         -   3967061    1.00    0.00    0.00    0.00    1.00     7  |__CPU 1/TCG
15:03:41     1000         -   3967063   94.00    5.00    0.00    0.00   99.00    20  |__CPU 2/TCG
15:03:41     1000         -   3967064    0.00    0.00    0.00    0.00    0.00    12  |__CPU 3/TCG
15:03:42     1000   3967039         -  189.00    7.00    0.00    0.00  196.00     6  qemu-system-aar
15:03:42     1000         -   3967039    1.00    0.00    0.00    0.00    1.00     6  |__qemu-system-aar
15:03:42     1000         -   3967046    0.00    0.00    0.00    0.00    0.00     4  |__call_rcu
15:03:42     1000         -   3967059   91.00    3.00    0.00    0.00   94.00     0  |__CPU 0/TCG
15:03:42     1000         -   3967061    0.00    0.00    0.00    0.00    0.00     7  |__CPU 1/TCG
15:03:42     1000         -   3967063   96.00    4.00    0.00    0.00  100.00     4  |__CPU 2/TCG
15:03:42     1000         -   3967064    0.00    0.00    0.00    0.00    0.00    12  |__CPU 3/TCG
15:03:43     1000   3967039         -  187.00    8.00    0.00    0.00  195.00     7  qemu-system-aar
15:03:43     1000         -   3967039    0.00    2.00    0.00    0.00    2.00     7  |__qemu-system-aar
15:03:43     1000         -   3967046    0.00    0.00    0.00    0.00    0.00     4  |__call_rcu
15:03:43     1000         -   3967059   92.00    3.00    0.00    0.00   95.00     0  |__CPU 0/TCG
15:03:43     1000         -   3967061    1.00    0.00    0.00    0.00    1.00     2  |__CPU 1/TCG
15:03:43     1000         -   3967063   94.00    5.00    0.00    0.00   99.00    20  |__CPU 2/TCG
15:03:43     1000         -   3967064    0.00    0.00    0.00    0.00    0.00    12  |__CPU 3/TCG
15:03:44     1000   3967039         -  187.00    9.00    0.00    0.00  196.00     7  qemu-system-aar
15:03:44     1000         -   3967039    0.00    1.00    0.00    0.00    1.00     7  |__qemu-system-aar
15:03:44     1000         -   3967046    0.00    0.00    0.00    0.00    0.00     4  |__call_rcu
15:03:44     1000         -   3967059   91.00    3.00    0.00    0.00   94.00    16  |__CPU 0/TCG
15:03:44     1000         -   3967061    0.00    0.00    0.00    0.00    0.00    17  |__CPU 1/TCG
15:03:44     1000         -   3967063   95.00    5.00    0.00    0.00  100.00    20  |__CPU 2/TCG
15:03:44     1000         -   3967064    0.00    0.00    0.00    0.00    0.00    12  |__CPU 3/TCG
15:03:45     1000   3967039         -  188.00    7.00    0.00    0.00  195.00    17  qemu-system-aar
15:03:45     1000         -   3967039    0.00    0.00    0.00    0.00    0.00    17  |__qemu-system-aar
15:03:45     1000         -   3967046    0.00    0.00    0.00    0.00    0.00     4  |__call_rcu
15:03:45     1000         -   3967059   92.00    4.00    0.00    0.00   96.00    16  |__CPU 0/TCG
15:03:45     1000         -   3967061    1.00    0.00    0.00    0.00    1.00     2  |__CPU 1/TCG
15:03:45     1000         -   3967063   95.00    3.00    0.00    0.00   98.00    20  |__CPU 2/TCG
15:03:45     1000         -   3967064    0.00    0.00    0.00    0.00    0.00    12  |__CPU 3/TCG
15:03:46     1000   3967039         -  188.00    8.00    0.00    0.00  196.00    18  qemu-system-aar
15:03:46     1000         -   3967039    0.00    1.00    0.00    0.00    1.00    18  |__qemu-system-aar
15:03:46     1000         -   3967046    0.00    0.00    0.00    0.00    0.00     4  |__call_rcu
15:03:46     1000         -   3967059   92.00    3.00    0.00    0.00   95.00    16  |__CPU 0/TCG
15:03:46     1000         -   3967061    0.00    0.00    0.00    0.00    0.00     2  |__CPU 1/TCG
15:03:46     1000         -   3967063   95.00    5.00    0.00    0.00  100.00    20  |__CPU 2/TCG
15:03:46     1000         -   3967064    0.00    0.00    0.00    0.00    0.00    12  |__CPU 3/TCG
15:03:47     1000   3967039         -  186.00    9.00    0.00    0.00  195.00    17  qemu-system-aar
15:03:47     1000         -   3967039    0.00    1.00    0.00    0.00    1.00    17  |__qemu-system-aar
15:03:47     1000         -   3967046    0.00    0.00    0.00    0.00    0.00     4  |__call_rcu
15:03:47     1000         -   3967059   90.00    4.00    0.00    0.00   94.00    16  |__CPU 0/TCG
15:03:47     1000         -   3967061    1.00    0.00    0.00    0.00    1.00     2  |__CPU 1/TCG
15:03:47     1000         -   3967063   94.00    5.00    0.00    0.00   99.00    20  |__CPU 2/TCG
15:03:47     1000         -   3967064    0.00    0.00    0.00    0.00    0.00    12  |__CPU 3/TCG
15:03:48     1000   3967039         -  188.00    7.00    0.00    0.00  195.00    18  qemu-system-aar
15:03:48     1000         -   3967039    1.00    1.00    0.00    0.00    2.00    18  |__qemu-system-aar
15:03:48     1000         -   3967046    0.00    0.00    0.00    0.00    0.00     4  |__call_rcu
15:03:48     1000         -   3967059   91.00    3.00    0.00    0.00   94.00    16  |__CPU 0/TCG
15:03:48     1000         -   3967061    0.00    0.00    0.00    0.00    0.00    20  |__CPU 1/TCG
15:03:48     1000         -   3967063   95.00    4.00    0.00    0.00   99.00     4  |__CPU 2/TCG
15:03:48     1000         -   3967064    0.00    0.00    0.00    0.00    0.00    12  |__CPU 3/TCG
15:03:49     1000   3967039         -  188.00    8.00    0.00    0.00  196.00    18  qemu-system-aar
15:03:49     1000         -   3967039    0.00    1.00    0.00    0.00    1.00    18  |__qemu-system-aar
15:03:49     1000         -   3967046    0.00    0.00    0.00    0.00    0.00     4  |__call_rcu
15:03:49     1000         -   3967059   91.00    4.00    0.00    0.00   95.00    16  |__CPU 0/TCG
15:03:49     1000         -   3967061    1.00    0.00    0.00    0.00    1.00    20  |__CPU 1/TCG
15:03:49     1000         -   3967063   95.00    4.00    0.00    0.00   99.00     4  |__CPU 2/TCG
15:03:49     1000         -   3967064    0.00    0.00    0.00    0.00    0.00    12  |__CPU 3/TCG
15:03:50     1000   3967039         -  188.00    7.00    0.00    0.00  195.00    18  qemu-system-aar
15:03:50     1000         -   3967039    1.00    1.00    0.00    0.00    2.00    18  |__qemu-system-aar
15:03:50     1000         -   3967046    0.00    0.00    0.00    0.00    0.00     4  |__call_rcu
15:03:50     1000         -   3967059   92.00    3.00    0.00    0.00   95.00    16  |__CPU 0/TCG
15:03:50     1000         -   3967061    0.00    0.00    0.00    0.00    0.00    17  |__CPU 1/TCG
15:03:50     1000         -   3967063   95.00    4.00    0.00    0.00   99.00    20  |__CPU 2/TCG
15:03:50     1000         -   3967064    0.00    0.00    0.00    0.00    0.00    12  |__CPU 3/TCG
15:03:51     1000   3967039         -  188.00    9.00    0.00    0.00  197.00    18  qemu-system-aar
15:03:51     1000         -   3967039    0.00    1.00    0.00    0.00    1.00    18  |__qemu-system-aar
15:03:51     1000         -   3967046    0.00    0.00    0.00    0.00    0.00     4  |__call_rcu
15:03:51     1000         -   3967059   91.00    3.00    0.00    0.00   94.00    16  |__CPU 0/TCG
15:03:51     1000         -   3967061    1.00    0.00    0.00    0.00    1.00    19  |__CPU 1/TCG
15:03:51     1000         -   3967063   95.00    4.00    0.00    0.00   99.00    20  |__CPU 2/TCG
15:03:51     1000         -   3967064    0.00    0.00    0.00    0.00    0.00    12  |__CPU 3/TCG
15:03:52     1000   3967039         -  188.00    6.00    0.00    0.00  194.00    17  qemu-system-aar
15:03:52     1000         -   3967039    0.00    0.00    0.00    0.00    0.00    17  |__qemu-system-aar
15:03:52     1000         -   3967046    0.00    0.00    0.00    0.00    0.00     4  |__call_rcu
15:03:52     1000         -   3967059   91.00    3.00    0.00    0.00   94.00    16  |__CPU 0/TCG
15:03:52     1000         -   3967061    1.00    0.00    0.00    0.00    1.00    20  |__CPU 1/TCG
15:03:52     1000         -   3967063   96.00    4.00    0.00    0.00  100.00     4  |__CPU 2/TCG
15:03:52     1000         -   3967064    0.00    0.00    0.00    0.00    0.00    12  |__CPU 3/TCG
15:03:53     1000   3967039         -  189.00    7.00    0.00    0.00  196.00    19  qemu-system-aar
15:03:53     1000         -   3967039    1.00    1.00    0.00    0.00    2.00    19  |__qemu-system-aar
15:03:53     1000         -   3967046    0.00    0.00    0.00    0.00    0.00     4  |__call_rcu
15:03:53     1000         -   3967059   92.00    3.00    0.00    0.00   95.00    16  |__CPU 0/TCG
15:03:53     1000         -   3967061    0.00    0.00    0.00    0.00    0.00    17  |__CPU 1/TCG
15:03:53     1000         -   3967063   95.00    3.00    0.00    0.00   98.00    20  |__CPU 2/TCG
15:03:53     1000         -   3967064    0.00    0.00    0.00    0.00    0.00    12  |__CPU 3/TCG
15:03:54     1000   3967039         -  186.00    9.00    0.00    0.00  195.00    23  qemu-system-aar
15:03:54     1000         -   3967039    0.00    1.00    0.00    0.00    1.00    23  |__qemu-system-aar
15:03:54     1000         -   3967046    0.00    0.00    0.00    0.00    0.00     4  |__call_rcu
15:03:54     1000         -   3967059   91.00    5.00    0.00    0.00   96.00    16  |__CPU 0/TCG
15:03:54     1000         -   3967061    1.00    0.00    0.00    0.00    1.00    17  |__CPU 1/TCG
15:03:54     1000         -   3967063   95.00    5.00    0.00    0.00  100.00    20  |__CPU 2/TCG
15:03:54     1000         -   3967064    0.00    0.00    0.00    0.00    0.00    12  |__CPU 3/TCG
15:03:55     1000   3967039         -  189.00    7.00    0.00    0.00  196.00     0  qemu-system-aar
15:03:55     1000         -   3967039    1.00    1.00    0.00    0.00    2.00     0  |__qemu-system-aar
15:03:55     1000         -   3967046    0.00    0.00    0.00    0.00    0.00     4  |__call_rcu
15:03:55     1000         -   3967059   91.00    3.00    0.00    0.00   94.00    16  |__CPU 0/TCG
15:03:55     1000         -   3967061    0.00    0.00    0.00    0.00    0.00    17  |__CPU 1/TCG
15:03:55     1000         -   3967063   95.00    4.00    0.00    0.00   99.00    20  |__CPU 2/TCG
15:03:55     1000         -   3967064    0.00    0.00    0.00    0.00    0.00    12  |__CPU 3/TCG
15:03:56     1000   3967039         -  188.00    8.00    0.00    0.00  196.00     0  qemu-system-aar
15:03:56     1000         -   3967039    0.00    1.00    0.00    0.00    1.00     0  |__qemu-system-aar
15:03:56     1000         -   3967046    0.00    0.00    0.00    0.00    0.00     4  |__call_rcu
15:03:56     1000         -   3967059   91.00    3.00    0.00    0.00   94.00    16  |__CPU 0/TCG
15:03:56     1000         -   3967061    1.00    0.00    0.00    0.00    1.00    17  |__CPU 1/TCG
15:03:56     1000         -   3967063   95.00    3.00    0.00    0.00   98.00    20  |__CPU 2/TCG
15:03:56     1000         -   3967064    0.00    0.00    0.00    0.00    0.00    12  |__CPU 3/TCG
15:03:57     1000   3967039         -  186.00    9.00    0.00    0.00  195.00    22  qemu-system-aar
15:03:57     1000         -   3967039    0.00    2.00    0.00    0.00    2.00    22  |__qemu-system-aar
15:03:57     1000         -   3967046    0.00    0.00    0.00    0.00    0.00     4  |__call_rcu
15:03:57     1000         -   3967059   90.00    4.00    0.00    0.00   94.00    16  |__CPU 0/TCG
15:03:57     1000         -   3967061    0.00    0.00    0.00    0.00    0.00    20  |__CPU 1/TCG
15:03:57     1000         -   3967063   95.00    5.00    0.00    0.00  100.00     4  |__CPU 2/TCG
15:03:57     1000         -   3967064    0.00    0.00    0.00    0.00    0.00    12  |__CPU 3/TCG
15:03:58     1000   3967039         -  187.00    9.00    0.00    0.00  196.00    23  qemu-system-aar
15:03:58     1000         -   3967039    0.00    1.00    0.00    0.00    1.00    23  |__qemu-system-aar
15:03:58     1000         -   3967046    0.00    0.00    0.00    0.00    0.00     4  |__call_rcu
15:03:58     1000         -   3967059   91.00    5.00    0.00    0.00   96.00    16  |__CPU 0/TCG
15:03:58     1000         -   3967061    1.00    0.00    0.00    0.00    1.00    20  |__CPU 1/TCG
15:03:58     1000         -   3967063   94.00    5.00    0.00    0.00   99.00     4  |__CPU 2/TCG
15:03:58     1000         -   3967064    0.00    0.00    0.00    0.00    0.00    12  |__CPU 3/TCG
15:03:59     1000   3967039         -  188.00    8.00    0.00    0.00  196.00     2  qemu-system-aar
15:03:59     1000         -   3967039    1.00    0.00    0.00    0.00    1.00     2  |__qemu-system-aar
15:03:59     1000         -   3967046    0.00    0.00    0.00    0.00    0.00     4  |__call_rcu
15:03:59     1000         -   3967059   92.00    2.00    0.00    0.00   94.00    16  |__CPU 0/TCG
15:03:59     1000         -   3967061    0.00    0.00    0.00    0.00    0.00    20  |__CPU 1/TCG
15:03:59     1000         -   3967063   94.00    4.00    0.00    0.00   98.00     4  |__CPU 2/TCG
15:03:59     1000         -   3967064    0.00    0.00    0.00    0.00    0.00    12  |__CPU 3/TCG
15:04:00     1000   3967039         -  187.00    8.00    0.00    0.00  195.00    23  qemu-system-aar
15:04:00     1000         -   3967039    0.00    1.00    0.00    0.00    1.00    23  |__qemu-system-aar
15:04:00     1000         -   3967046    0.00    0.00    0.00    0.00    0.00     4  |__call_rcu
15:04:00     1000         -   3967059   91.00    4.00    0.00    0.00   95.00    16  |__CPU 0/TCG
15:04:00     1000         -   3967061    1.00    0.00    0.00    0.00    1.00    17  |__CPU 1/TCG
15:04:00     1000         -   3967063   96.00    4.00    0.00    0.00  100.00    20  |__CPU 2/TCG
15:04:00     1000         -   3967064    0.00    0.00    0.00    0.00    0.00    12  |__CPU 3/TCG
15:04:01     1000   3967039         -  190.00    6.00    0.00    0.00  196.00     3  qemu-system-aar
15:04:01     1000         -   3967039    1.00    1.00    0.00    0.00    2.00     3  |__qemu-system-aar
15:04:01     1000         -   3967046    0.00    0.00    0.00    0.00    0.00     4  |__call_rcu
15:04:01     1000         -   3967059   92.00    3.00    0.00    0.00   95.00     0  |__CPU 0/TCG
15:04:01     1000         -   3967061    0.00    0.00    0.00    0.00    0.00    20  |__CPU 1/TCG
15:04:01     1000         -   3967063   95.00    4.00    0.00    0.00   99.00     4  |__CPU 2/TCG
15:04:01     1000         -   3967064    0.00    0.00    0.00    0.00    0.00    12  |__CPU 3/TCG
15:04:02     1000   3967039         -  186.00    9.00    0.00    0.00  195.00     3  qemu-system-aar
15:04:02     1000         -   3967039    1.00    0.00    0.00    0.00    1.00     3  |__qemu-system-aar
15:04:02     1000         -   3967046    0.00    0.00    0.00    0.00    0.00     4  |__call_rcu
15:04:02     1000         -   3967059   90.00    4.00    0.00    0.00   94.00    16  |__CPU 0/TCG
15:04:02     1000         -   3967061    1.00    0.00    0.00    0.00    1.00    17  |__CPU 1/TCG
15:04:02     1000         -   3967063   94.00    5.00    0.00    0.00   99.00     4  |__CPU 2/TCG
15:04:02     1000         -   3967064    0.00    0.00    0.00    0.00    0.00    12  |__CPU 3/TCG
15:04:03     1000   3967039         -  188.00    7.00    0.00    0.00  195.00     3  qemu-system-aar
15:04:03     1000         -   3967039    0.00    1.00    0.00    0.00    1.00     3  |__qemu-system-aar
15:04:03     1000         -   3967046    0.00    0.00    0.00    0.00    0.00     4  |__call_rcu
15:04:03     1000         -   3967059   91.00    3.00    0.00    0.00   94.00    16  |__CPU 0/TCG
15:04:03     1000         -   3967061    0.00    0.00    0.00    0.00    0.00    17  |__CPU 1/TCG
15:04:03     1000         -   3967063   96.00    3.00    0.00    0.00   99.00    20  |__CPU 2/TCG
15:04:03     1000         -   3967064    0.00    0.00    0.00    0.00    0.00    12  |__CPU 3/TCG
15:04:04     1000   3967039         -  188.00    8.00    0.00    0.00  196.00     7  qemu-system-aar
15:04:04     1000         -   3967039    0.00    1.00    0.00    0.00    1.00     7  |__qemu-system-aar
15:04:04     1000         -   3967046    0.00    0.00    0.00    0.00    0.00     4  |__call_rcu
15:04:04     1000         -   3967059   91.00    4.00    0.00    0.00   95.00     0  |__CPU 0/TCG
15:04:04     1000         -   3967061    1.00    0.00    0.00    0.00    1.00    18  |__CPU 1/TCG
15:04:04     1000         -   3967063   96.00    4.00    0.00    0.00  100.00    20  |__CPU 2/TCG
15:04:04     1000         -   3967064    0.00    0.00    0.00    0.00    0.00    12  |__CPU 3/TCG
15:04:05     1000   3967039         -  189.00    7.00    0.00    0.00  196.00     6  qemu-system-aar
15:04:05     1000         -   3967039    1.00    0.00    0.00    0.00    1.00     6  |__qemu-system-aar
15:04:05     1000         -   3967046    0.00    0.00    0.00    0.00    0.00     4  |__call_rcu
15:04:05     1000         -   3967059   92.00    3.00    0.00    0.00   95.00     0  |__CPU 0/TCG
15:04:05     1000         -   3967061    1.00    0.00    0.00    0.00    1.00    18  |__CPU 1/TCG
15:04:05     1000         -   3967063   94.00    4.00    0.00    0.00   98.00    20  |__CPU 2/TCG
15:04:05     1000         -   3967064    0.00    0.00    0.00    0.00    0.00    12  |__CPU 3/TCG
15:04:06     1000   3967039         -  187.00    9.00    0.00    0.00  196.00     7  qemu-system-aar
15:04:06     1000         -   3967039    0.00    1.00    0.00    0.00    1.00     7  |__qemu-system-aar
15:04:06     1000         -   3967046    0.00    0.00    0.00    0.00    0.00     4  |__call_rcu
15:04:06     1000         -   3967059   91.00    4.00    0.00    0.00   95.00     0  |__CPU 0/TCG
15:04:06     1000         -   3967061    0.00    0.00    0.00    0.00    0.00    18  |__CPU 1/TCG
15:04:06     1000         -   3967063   95.00    5.00    0.00    0.00  100.00    20  |__CPU 2/TCG
15:04:06     1000         -   3967064    0.00    0.00    0.00    0.00    0.00    12  |__CPU 3/TCG
15:04:07     1000   3967039         -  184.00   10.00    0.00    0.00  194.00     7  qemu-system-aar
15:04:07     1000         -   3967039    1.00    0.00    0.00    0.00    1.00     7  |__qemu-system-aar
15:04:07     1000         -   3967046    0.00    0.00    0.00    0.00    0.00     4  |__call_rcu
15:04:07     1000         -   3967059   91.00    4.00    0.00    0.00   95.00     0  |__CPU 0/TCG
15:04:07     1000         -   3967061    1.00    0.00    0.00    0.00    1.00    18  |__CPU 1/TCG
15:04:07     1000         -   3967063   93.00    6.00    0.00    0.00   99.00    20  |__CPU 2/TCG
15:04:07     1000         -   3967064    0.00    0.00    0.00    0.00    0.00    12  |__CPU 3/TCG
15:04:08     1000   3967039         -  187.00    8.00    0.00    0.00  195.00     5  qemu-system-aar
15:04:08     1000         -   3967039    1.00    0.00    0.00    0.00    1.00     5  |__qemu-system-aar
15:04:08     1000         -   3967046    0.00    0.00    0.00    0.00    0.00     4  |__call_rcu
15:04:08     1000         -   3967059   90.00    4.00    0.00    0.00   94.00     0  |__CPU 0/TCG
15:04:08     1000         -   3967061    0.00    0.00    0.00    0.00    0.00    18  |__CPU 1/TCG
15:04:08     1000         -   3967063   94.00    4.00    0.00    0.00   98.00    20  |__CPU 2/TCG
15:04:08     1000         -   3967064    0.00    0.00    0.00    0.00    0.00    12  |__CPU 3/TCG
15:04:09     1000   3967039         -  188.00    8.00    0.00    0.00  196.00     6  qemu-system-aar
15:04:09     1000         -   3967039    1.00    1.00    0.00    0.00    2.00     6  |__qemu-system-aar
15:04:09     1000         -   3967046    0.00    0.00    0.00    0.00    0.00     4  |__call_rcu
15:04:09     1000         -   3967059   90.00    4.00    0.00    0.00   94.00     0  |__CPU 0/TCG
15:04:09     1000         -   3967061    1.00    0.00    0.00    0.00    1.00    17  |__CPU 1/TCG
15:04:09     1000         -   3967063   96.00    4.00    0.00    0.00  100.00    20  |__CPU 2/TCG
15:04:09     1000         -   3967064    0.00    0.00    0.00    0.00    0.00    12  |__CPU 3/TCG
15:04:10     1000   3967039         -  186.00    9.00    0.00    0.00  195.00     6  qemu-system-aar
15:04:10     1000         -   3967039    0.00    1.00    0.00    0.00    1.00     6  |__qemu-system-aar
15:04:10     1000         -   3967046    0.00    0.00    0.00    0.00    0.00     4  |__call_rcu
15:04:10     1000         -   3967059   91.00    3.00    0.00    0.00   94.00     0  |__CPU 0/TCG
15:04:10     1000         -   3967061    0.00    0.00    0.00    0.00    0.00    18  |__CPU 1/TCG
15:04:10     1000         -   3967063   94.00    5.00    0.00    0.00   99.00    20  |__CPU 2/TCG
15:04:10     1000         -   3967064    0.00    0.00    0.00    0.00    0.00    12  |__CPU 3/TCG
15:04:11     1000   3967039         -  187.00    8.00    0.00    0.00  195.00     6  qemu-system-aar
15:04:11     1000         -   3967039    0.00    1.00    0.00    0.00    1.00     6  |__qemu-system-aar
15:04:11     1000         -   3967046    0.00    0.00    0.00    0.00    0.00     4  |__call_rcu
15:04:11     1000         -   3967059   91.00    5.00    0.00    0.00   96.00     0  |__CPU 0/TCG
15:04:11     1000         -   3967061    0.00    0.00    0.00    0.00    0.00    17  |__CPU 1/TCG
15:04:11     1000         -   3967063   96.00    4.00    0.00    0.00  100.00    20  |__CPU 2/TCG
15:04:11     1000         -   3967064    0.00    0.00    0.00    0.00    0.00    12  |__CPU 3/TCG
15:04:12     1000   3967039         -  188.00    7.00    0.00    0.00  195.00     6  qemu-system-aar
15:04:12     1000         -   3967039    1.00    0.00    0.00    0.00    1.00     6  |__qemu-system-aar
15:04:12     1000         -   3967046    0.00    0.00    0.00    0.00    0.00     4  |__call_rcu
15:04:12     1000         -   3967059   91.00    3.00    0.00    0.00   94.00     0  |__CPU 0/TCG
15:04:12     1000         -   3967061    1.00    0.00    0.00    0.00    1.00    17  |__CPU 1/TCG
15:04:12     1000         -   3967063   95.00    4.00    0.00    0.00   99.00    20  |__CPU 2/TCG
15:04:12     1000         -   3967064    0.00    0.00    0.00    0.00    0.00    12  |__CPU 3/TCG
15:04:13     1000   3967039         -  189.00    7.00    0.00    0.00  196.00     5  qemu-system-aar
15:04:13     1000         -   3967039    0.00    1.00    0.00    0.00    1.00     5  |__qemu-system-aar
15:04:13     1000         -   3967046    0.00    0.00    0.00    0.00    0.00     4  |__call_rcu
15:04:13     1000         -   3967059   92.00    2.00    0.00    0.00   94.00    16  |__CPU 0/TCG
15:04:13     1000         -   3967061    0.00    0.00    0.00    0.00    0.00    17  |__CPU 1/TCG
15:04:13     1000         -   3967063   95.00    3.00    0.00    0.00   98.00    20  |__CPU 2/TCG
15:04:13     1000         -   3967064    0.00    0.00    0.00    0.00    0.00    12  |__CPU 3/TCG
15:04:14     1000   3967039         -  188.00    8.00    0.00    0.00  196.00     5  qemu-system-aar
15:04:14     1000         -   3967039    1.00    1.00    0.00    0.00    2.00     5  |__qemu-system-aar
15:04:14     1000         -   3967046    0.00    0.00    0.00    0.00    0.00     4  |__call_rcu
15:04:14     1000         -   3967059   91.00    4.00    0.00    0.00   95.00    16  |__CPU 0/TCG
15:04:14     1000         -   3967061    1.00    0.00    0.00    0.00    1.00    17  |__CPU 1/TCG
15:04:14     1000         -   3967063   95.00    5.00    0.00    0.00  100.00    20  |__CPU 2/TCG
15:04:14     1000         -   3967064    0.00    0.00    0.00    0.00    0.00    12  |__CPU 3/TCG
15:04:15     1000   3967039         -  187.00    8.00    0.00    0.00  195.00     6  qemu-system-aar
15:04:15     1000         -   3967039    0.00    1.00    0.00    0.00    1.00     6  |__qemu-system-aar
15:04:15     1000         -   3967046    0.00    0.00    0.00    0.00    0.00     4  |__call_rcu
15:04:15     1000         -   3967059   92.00    3.00    0.00    0.00   95.00    16  |__CPU 0/TCG
15:04:15     1000         -   3967061    0.00    0.00    0.00    0.00    0.00    17  |__CPU 1/TCG
15:04:15     1000         -   3967063   94.00    5.00    0.00    0.00   99.00    20  |__CPU 2/TCG
15:04:15     1000         -   3967064    0.00    0.00    0.00    0.00    0.00    12  |__CPU 3/TCG
15:04:16     1000   3967039         -  190.00    6.00    0.00    0.00  196.00     7  qemu-system-aar
15:04:16     1000         -   3967039    0.00    1.00    0.00    0.00    1.00     7  |__qemu-system-aar
15:04:16     1000         -   3967046    0.00    0.00    0.00    0.00    0.00     4  |__call_rcu
15:04:16     1000         -   3967059   93.00    3.00    0.00    0.00   96.00    16  |__CPU 0/TCG
15:04:16     1000         -   3967061    1.00    0.00    0.00    0.00    1.00    18  |__CPU 1/TCG
15:04:16     1000         -   3967063   95.00    4.00    0.00    0.00   99.00    20  |__CPU 2/TCG
15:04:16     1000         -   3967064    0.00    0.00    0.00    0.00    0.00    12  |__CPU 3/TCG
15:04:17     1000   3967039         -  189.00    7.00    0.00    0.00  196.00     2  qemu-system-aar
15:04:17     1000         -   3967039    1.00    0.00    0.00    0.00    1.00     2  |__qemu-system-aar
15:04:17     1000         -   3967046    0.00    0.00    0.00    0.00    0.00     4  |__call_rcu
15:04:17     1000         -   3967059   91.00    3.00    0.00    0.00   94.00    16  |__CPU 0/TCG
15:04:17     1000         -   3967061    1.00    0.00    0.00    0.00    1.00    17  |__CPU 1/TCG
15:04:17     1000         -   3967063   96.00    3.00    0.00    0.00   99.00    20  |__CPU 2/TCG
15:04:17     1000         -   3967064    0.00    0.00    0.00    0.00    0.00    12  |__CPU 3/TCG
15:04:18     1000   3967039         -  187.00    9.00    0.00    0.00  196.00     7  qemu-system-aar
15:04:18     1000         -   3967039    0.00    1.00    0.00    0.00    1.00     7  |__qemu-system-aar
15:04:18     1000         -   3967046    0.00    0.00    0.00    0.00    0.00     4  |__call_rcu
15:04:18     1000         -   3967059   92.00    3.00    0.00    0.00   95.00    16  |__CPU 0/TCG
15:04:18     1000         -   3967061    0.00    0.00    0.00    0.00    0.00    17  |__CPU 1/TCG
15:04:18     1000         -   3967063   94.00    5.00    0.00    0.00   99.00    20  |__CPU 2/TCG
15:04:18     1000         -   3967064    0.00    0.00    0.00    0.00    0.00    12  |__CPU 3/TCG
15:04:19     1000   3967039         -  188.00    8.00    0.00    0.00  196.00     6  qemu-system-aar
15:04:19     1000         -   3967039    0.00    1.00    0.00    0.00    1.00     6  |__qemu-system-aar
15:04:19     1000         -   3967046    0.00    0.00    0.00    0.00    0.00     4  |__call_rcu
15:04:19     1000         -   3967059   91.00    4.00    0.00    0.00   95.00    16  |__CPU 0/TCG
15:04:19     1000         -   3967061    1.00    0.00    0.00    0.00    1.00    17  |__CPU 1/TCG
15:04:19     1000         -   3967063   95.00    5.00    0.00    0.00  100.00    20  |__CPU 2/TCG
15:04:19     1000         -   3967064    0.00    0.00    0.00    0.00    0.00    12  |__CPU 3/TCG
15:04:20     1000   3967039         -  187.00    8.00    0.00    0.00  195.00     6  qemu-system-aar
15:04:20     1000         -   3967039    1.00    0.00    0.00    0.00    1.00     6  |__qemu-system-aar
15:04:20     1000         -   3967046    0.00    0.00    0.00    0.00    0.00     4  |__call_rcu
15:04:20     1000         -   3967059   92.00    3.00    0.00    0.00   95.00     0  |__CPU 0/TCG
15:04:20     1000         -   3967061    1.00    0.00    0.00    0.00    1.00    17  |__CPU 1/TCG
15:04:20     1000         -   3967063   94.00    5.00    0.00    0.00   99.00    20  |__CPU 2/TCG
15:04:20     1000         -   3967064    0.00    0.00    0.00    0.00    0.00    12  |__CPU 3/TCG
15:04:21     1000   3967039         -  189.00    8.00    0.00    0.00  197.00    19  qemu-system-aar
15:04:21     1000         -   3967039    1.00    0.00    0.00    0.00    1.00    19  |__qemu-system-aar
15:04:21     1000         -   3967046    0.00    0.00    0.00    0.00    0.00     4  |__call_rcu
15:04:21     1000         -   3967059   93.00    2.00    0.00    0.00   95.00    16  |__CPU 0/TCG
15:04:21     1000         -   3967061    0.00    0.00    0.00    0.00    0.00    17  |__CPU 1/TCG
15:04:21     1000         -   3967063   94.00    5.00    0.00    0.00   99.00    20  |__CPU 2/TCG
15:04:21     1000         -   3967064    0.00    0.00    0.00    0.00    0.00    12  |__CPU 3/TCG
15:04:22     1000   3967039         -  188.00    8.00    0.00    0.00  196.00    17  qemu-system-aar
15:04:22     1000         -   3967039    1.00    1.00    0.00    0.00    2.00    17  |__qemu-system-aar
15:04:22     1000         -   3967046    0.00    0.00    0.00    0.00    0.00     4  |__call_rcu
15:04:22     1000         -   3967059   91.00    4.00    0.00    0.00   95.00    16  |__CPU 0/TCG
15:04:22     1000         -   3967061    1.00    0.00    0.00    0.00    1.00    18  |__CPU 1/TCG
15:04:22     1000         -   3967063   95.00    4.00    0.00    0.00   99.00    20  |__CPU 2/TCG
15:04:22     1000         -   3967064    0.00    0.00    0.00    0.00    0.00    12  |__CPU 3/TCG
15:04:23     1000   3967039         -  195.00    4.00    0.00    0.00  199.00    19  qemu-system-aar
15:04:23     1000         -   3967039    0.00    1.00    0.00    0.00    1.00    19  |__qemu-system-aar
15:04:23     1000         -   3967046    0.00    0.00    0.00    0.00    0.00     4  |__call_rcu
15:04:23     1000         -   3967059   96.00    2.00    0.00    0.00   98.00    16  |__CPU 0/TCG
15:04:23     1000         -   3967061    0.00    0.00    0.00    0.00    0.00    18  |__CPU 1/TCG
15:04:23     1000         -   3967063   98.00    1.00    0.00    0.00   99.00    20  |__CPU 2/TCG
15:04:23     1000         -   3967064    0.00    0.00    0.00    0.00    0.00    12  |__CPU 3/TCG
15:04:24     1000   3967039         -  192.00    4.00    0.00    0.00  196.00     7  qemu-system-aar
15:04:24     1000         -   3967039    0.00    0.00    0.00    0.00    0.00     7  |__qemu-system-aar
15:04:24     1000         -   3967046    0.00    0.00    0.00    0.00    0.00     4  |__call_rcu
15:04:24     1000         -   3967059   93.00    2.00    0.00    0.00   95.00    16  |__CPU 0/TCG
15:04:24     1000         -   3967061    1.00    0.00    0.00    0.00    1.00    18  |__CPU 1/TCG
15:04:24     1000         -   3967063   97.00    3.00    0.00    0.00  100.00    20  |__CPU 2/TCG
15:04:24     1000         -   3967064    0.00    0.00    0.00    0.00    0.00    12  |__CPU 3/TCG
15:04:25     1000   3967039         -  189.00    8.00    0.00    0.00  197.00    19  qemu-system-aar
15:04:25     1000         -   3967039    1.00    1.00    0.00    0.00    2.00    19  |__qemu-system-aar
15:04:25     1000         -   3967046    0.00    0.00    0.00    0.00    0.00     4  |__call_rcu
15:04:25     1000         -   3967059   93.00    4.00    0.00    0.00   97.00    16  |__CPU 0/TCG
15:04:25     1000         -   3967061    1.00    0.00    0.00    0.00    1.00    17  |__CPU 1/TCG
15:04:25     1000         -   3967063   96.00    3.00    0.00    0.00   99.00    20  |__CPU 2/TCG
15:04:25     1000         -   3967064    0.00    0.00    0.00    0.00    0.00    12  |__CPU 3/TCG
15:04:26     1000   3967039         -  190.00    6.00    0.00    0.00  196.00    21  qemu-system-aar
15:04:26     1000         -   3967039    0.00    1.00    0.00    0.00    1.00    21  |__qemu-system-aar
15:04:26     1000         -   3967046    0.00    0.00    0.00    0.00    0.00     4  |__call_rcu
15:04:26     1000         -   3967059   92.00    3.00    0.00    1.00   95.00    16  |__CPU 0/TCG
15:04:26     1000         -   3967061    0.00    0.00    0.00    0.00    0.00    17  |__CPU 1/TCG
15:04:26     1000         -   3967063   95.00    4.00    0.00    0.00   99.00    20  |__CPU 2/TCG
15:04:26     1000         -   3967064    0.00    0.00    0.00    0.00    0.00    12  |__CPU 3/TCG
15:04:27     1000   3967039         -  187.00    9.00    0.00    0.00  196.00    22  qemu-system-aar
15:04:27     1000         -   3967039    1.00    0.00    0.00    0.00    1.00    22  |__qemu-system-aar
15:04:27     1000         -   3967046    0.00    0.00    0.00    0.00    0.00     4  |__call_rcu
15:04:27     1000         -   3967059   91.00    4.00    0.00    0.00   95.00    16  |__CPU 0/TCG
15:04:27     1000         -   3967061    1.00    0.00    0.00    0.00    1.00    18  |__CPU 1/TCG
15:04:27     1000         -   3967063   95.00    4.00    0.00    0.00   99.00    20  |__CPU 2/TCG
15:04:27     1000         -   3967064    0.00    0.00    0.00    0.00    0.00    12  |__CPU 3/TCG
15:04:28     1000   3967039         -  188.00    7.00    0.00    0.00  195.00    22  qemu-system-aar
15:04:28     1000         -   3967039    1.00    0.00    0.00    0.00    1.00    22  |__qemu-system-aar
15:04:28     1000         -   3967046    0.00    0.00    0.00    0.00    0.00     4  |__call_rcu
15:04:28     1000         -   3967059   91.00    3.00    0.00    0.00   94.00    16  |__CPU 0/TCG
15:04:28     1000         -   3967061    1.00    0.00    0.00    0.00    1.00    17  |__CPU 1/TCG
15:04:28     1000         -   3967063   96.00    4.00    0.00    0.00  100.00    20  |__CPU 2/TCG
15:04:28     1000         -   3967064    0.00    0.00    0.00    0.00    0.00    12  |__CPU 3/TCG
15:04:29     1000   3967039         -  186.00   10.00    0.00    0.00  196.00    22  qemu-system-aar
15:04:29     1000         -   3967039    0.00    1.00    0.00    0.00    1.00    22  |__qemu-system-aar
15:04:29     1000         -   3967046    0.00    0.00    0.00    0.00    0.00     4  |__call_rcu
15:04:29     1000         -   3967059   90.00    5.00    0.00    0.00   95.00    16  |__CPU 0/TCG
15:04:29     1000         -   3967061    0.00    0.00    0.00    0.00    0.00    17  |__CPU 1/TCG
15:04:29     1000         -   3967063   94.00    5.00    0.00    0.00   99.00    20  |__CPU 2/TCG
15:04:29     1000         -   3967064    0.00    0.00    0.00    0.00    0.00    12  |__CPU 3/TCG
15:04:30     1000   3967039         -  186.00    9.00    0.00    0.00  195.00    22  qemu-system-aar
15:04:30     1000         -   3967039    1.00    0.00    0.00    0.00    1.00    22  |__qemu-system-aar
15:04:30     1000         -   3967046    0.00    0.00    0.00    0.00    0.00     4  |__call_rcu
15:04:30     1000         -   3967059   89.00    4.00    0.00    0.00   93.00    16  |__CPU 0/TCG
15:04:30     1000         -   3967061    1.00    0.00    0.00    0.00    1.00    18  |__CPU 1/TCG
15:04:30     1000         -   3967063   94.00    5.00    0.00    0.00   99.00    20  |__CPU 2/TCG
15:04:30     1000         -   3967064    0.00    0.00    0.00    0.00    0.00    12  |__CPU 3/TCG
15:04:31     1000   3967039         -  188.00    7.00    0.00    0.00  195.00    22  qemu-system-aar
15:04:31     1000         -   3967039    0.00    1.00    0.00    0.00    1.00    22  |__qemu-system-aar
15:04:31     1000         -   3967046    0.00    0.00    0.00    0.00    0.00     4  |__call_rcu
15:04:31     1000         -   3967059   92.00    2.00    0.00    0.00   94.00     0  |__CPU 0/TCG
15:04:31     1000         -   3967061    0.00    0.00    0.00    0.00    0.00    18  |__CPU 1/TCG
15:04:31     1000         -   3967063   95.00    4.00    0.00    0.00   99.00    20  |__CPU 2/TCG
15:04:31     1000         -   3967064    0.00    0.00    0.00    0.00    0.00    12  |__CPU 3/TCG
15:04:32     1000   3967039         -  187.00    7.00    0.00    0.00  194.00    19  qemu-system-aar
15:04:32     1000         -   3967039    1.00    1.00    0.00    0.00    2.00    19  |__qemu-system-aar
15:04:32     1000         -   3967046    0.00    0.00    0.00    0.00    0.00     4  |__call_rcu
15:04:32     1000         -   3967059   91.00    3.00    0.00    0.00   94.00    16  |__CPU 0/TCG
15:04:32     1000         -   3967061    1.00    0.00    0.00    0.00    1.00    18  |__CPU 1/TCG
15:04:32     1000         -   3967063   95.00    4.00    0.00    0.00   99.00     4  |__CPU 2/TCG
15:04:32     1000         -   3967064    0.00    0.00    0.00    0.00    0.00    12  |__CPU 3/TCG
15:04:33     1000   3967039         -  189.00    8.00    0.00    0.00  197.00    20  qemu-system-aar
15:04:33     1000         -   3967039    1.00    0.00    0.00    0.00    1.00    20  |__qemu-system-aar
15:04:33     1000         -   3967046    0.00    0.00    0.00    0.00    0.00     4  |__call_rcu
15:04:33     1000         -   3967059   91.00    4.00    0.00    0.00   95.00    16  |__CPU 0/TCG
15:04:33     1000         -   3967061    1.00    0.00    0.00    0.00    1.00    17  |__CPU 1/TCG
15:04:33     1000         -   3967063   95.00    4.00    0.00    0.00   99.00     4  |__CPU 2/TCG
15:04:33     1000         -   3967064    0.00    0.00    0.00    0.00    0.00    12  |__CPU 3/TCG
15:04:34     1000   3967039         -  190.00    6.00    0.00    0.00  196.00    20  qemu-system-aar
15:04:34     1000         -   3967039    1.00    1.00    0.00    0.00    2.00    20  |__qemu-system-aar
15:04:34     1000         -   3967046    0.00    0.00    0.00    0.00    0.00     4  |__call_rcu
15:04:34     1000         -   3967059   92.00    3.00    0.00    0.00   95.00    16  |__CPU 0/TCG
15:04:34     1000         -   3967061    0.00    0.00    0.00    0.00    0.00    17  |__CPU 1/TCG
15:04:34     1000         -   3967063   96.00    4.00    0.00    0.00  100.00     4  |__CPU 2/TCG
15:04:34     1000         -   3967064    0.00    0.00    0.00    0.00    0.00    12  |__CPU 3/TCG
15:04:35     1000   3967039         -  191.00    6.00    0.00    0.00  197.00    20  qemu-system-aar
15:04:35     1000         -   3967039    0.00    2.00    0.00    0.00    2.00    20  |__qemu-system-aar
15:04:35     1000         -   3967046    0.00    0.00    0.00    0.00    0.00     4  |__call_rcu
15:04:35     1000         -   3967059   93.00    2.00    0.00    0.00   95.00    16  |__CPU 0/TCG
15:04:35     1000         -   3967061    0.00    1.00    0.00    0.00    1.00    18  |__CPU 1/TCG
15:04:35     1000         -   3967063   96.00    3.00    0.00    0.00   99.00     4  |__CPU 2/TCG
15:04:35     1000         -   3967064    0.00    0.00    0.00    0.00    0.00    12  |__CPU 3/TCG
15:04:36     1000   3967039         -  192.00    5.00    0.00    0.00  197.00    20  qemu-system-aar
15:04:36     1000         -   3967039    1.00    2.00    0.00    0.00    3.00    20  |__qemu-system-aar
15:04:36     1000         -   3967046    0.00    0.00    0.00    0.00    0.00     4  |__call_rcu
15:04:36     1000         -   3967059   93.00    3.00    0.00    0.00   96.00    16  |__CPU 0/TCG
15:04:36     1000         -   3967061    1.00    0.00    0.00    0.00    1.00    18  |__CPU 1/TCG
15:04:36     1000         -   3967063   97.00    2.00    0.00    0.00   99.00     4  |__CPU 2/TCG
15:04:36     1000         -   3967064    0.00    0.00    0.00    0.00    0.00    12  |__CPU 3/TCG
15:04:37     1000   3967039         -  189.00    9.00    0.00    0.00  198.00    20  qemu-system-aar
15:04:37     1000         -   3967039    1.00    1.00    0.00    0.00    2.00    20  |__qemu-system-aar
15:04:37     1000         -   3967046    0.00    0.00    0.00    0.00    0.00     4  |__call_rcu
15:04:37     1000         -   3967059   91.00    4.00    0.00    0.00   95.00    16  |__CPU 0/TCG
15:04:37     1000         -   3967061    0.00    0.00    0.00    0.00    0.00    18  |__CPU 1/TCG
15:04:37     1000         -   3967063   94.00    4.00    0.00    0.00   98.00     4  |__CPU 2/TCG
15:04:37     1000         -   3967064    0.00    0.00    0.00    0.00    0.00    12  |__CPU 3/TCG
15:04:38     1000   3967039         -  189.00    7.00    0.00    0.00  196.00    20  qemu-system-aar
15:04:38     1000         -   3967039    0.00    2.00    0.00    0.00    2.00    20  |__qemu-system-aar
15:04:38     1000         -   3967046    0.00    0.00    0.00    0.00    0.00     4  |__call_rcu
15:04:38     1000         -   3967059   91.00    3.00    0.00    0.00   94.00    16  |__CPU 0/TCG
15:04:38     1000         -   3967061    1.00    0.00    0.00    0.00    1.00    18  |__CPU 1/TCG
15:04:38     1000         -   3967063   96.00    3.00    0.00    0.00   99.00     4  |__CPU 2/TCG
15:04:38     1000         -   3967064    0.00    0.00    0.00    0.00    0.00    12  |__CPU 3/TCG
15:04:39     1000   3967039         -  186.00   10.00    0.00    0.00  196.00     6  qemu-system-aar
15:04:39     1000         -   3967039    1.00    0.00    0.00    0.00    1.00     6  |__qemu-system-aar
15:04:39     1000         -   3967046    0.00    0.00    0.00    0.00    0.00     4  |__call_rcu
15:04:39     1000         -   3967059   91.00    5.00    0.00    0.00   96.00    16  |__CPU 0/TCG
15:04:39     1000         -   3967061    1.00    0.00    0.00    0.00    1.00    17  |__CPU 1/TCG
15:04:39     1000         -   3967063   94.00    6.00    0.00    0.00  100.00     4  |__CPU 2/TCG
15:04:39     1000         -   3967064    0.00    0.00    0.00    0.00    0.00    12  |__CPU 3/TCG
15:04:40     1000   3967039         -  188.00    7.00    0.00    0.00  195.00     7  qemu-system-aar
15:04:40     1000         -   3967039    1.00    1.00    0.00    0.00    2.00     7  |__qemu-system-aar
15:04:40     1000         -   3967046    0.00    0.00    0.00    0.00    0.00     4  |__call_rcu
15:04:40     1000         -   3967059   91.00    3.00    0.00    0.00   94.00    16  |__CPU 0/TCG
15:04:40     1000         -   3967061    0.00    0.00    0.00    0.00    0.00    17  |__CPU 1/TCG
15:04:40     1000         -   3967063   95.00    3.00    0.00    0.00   98.00    20  |__CPU 2/TCG
15:04:40     1000         -   3967064    0.00    0.00    0.00    0.00    0.00    12  |__CPU 3/TCG
15:04:41     1000   3967039         -  189.00    7.00    0.00    0.00  196.00     5  qemu-system-aar
15:04:41     1000         -   3967039    0.00    1.00    0.00    0.00    1.00     5  |__qemu-system-aar
15:04:41     1000         -   3967046    0.00    0.00    0.00    0.00    0.00     4  |__call_rcu
15:04:41     1000         -   3967059   92.00    3.00    0.00    0.00   95.00    16  |__CPU 0/TCG
15:04:41     1000         -   3967061    1.00    0.00    0.00    0.00    1.00    18  |__CPU 1/TCG
15:04:41     1000         -   3967063   96.00    4.00    0.00    0.00  100.00    20  |__CPU 2/TCG
15:04:41     1000         -   3967064    0.00    0.00    0.00    0.00    0.00    12  |__CPU 3/TCG
15:04:42     1000   3967039         -  187.00    7.00    0.00    0.00  194.00     5  qemu-system-aar
15:04:42     1000         -   3967039    1.00    0.00    0.00    0.00    1.00     5  |__qemu-system-aar
15:04:42     1000         -   3967046    0.00    0.00    0.00    0.00    0.00     4  |__call_rcu
15:04:42     1000         -   3967059   90.00    3.00    0.00    0.00   93.00    16  |__CPU 0/TCG
15:04:42     1000         -   3967061    0.00    0.00    0.00    0.00    0.00    18  |__CPU 1/TCG
15:04:42     1000         -   3967063   95.00    4.00    0.00    0.00   99.00    20  |__CPU 2/TCG
15:04:42     1000         -   3967064    0.00    0.00    0.00    0.00    0.00    12  |__CPU 3/TCG
15:04:43     1000   3967039         -  184.00   11.00    0.00    0.00  195.00    17  qemu-system-aar
15:04:43     1000         -   3967039    0.00    1.00    0.00    0.00    1.00    17  |__qemu-system-aar
15:04:43     1000         -   3967046    0.00    0.00    0.00    0.00    0.00     4  |__call_rcu
15:04:43     1000         -   3967059   89.00    5.00    0.00    0.00   94.00     0  |__CPU 0/TCG
15:04:43     1000         -   3967061    1.00    0.00    0.00    0.00    1.00    16  |__CPU 1/TCG
15:04:43     1000         -   3967063   93.00    6.00    0.00    0.00   99.00    20  |__CPU 2/TCG
15:04:43     1000         -   3967064    0.00    0.00    0.00    0.00    0.00    12  |__CPU 3/TCG
15:04:44     1000   3967039         -  189.00    6.00    0.00    0.00  195.00    21  qemu-system-aar
15:04:44     1000         -   3967039    1.00    1.00    0.00    0.00    2.00    21  |__qemu-system-aar
15:04:44     1000         -   3967046    0.00    0.00    0.00    0.00    0.00     4  |__call_rcu
15:04:44     1000         -   3967059   92.00    2.00    0.00    0.00   94.00     0  |__CPU 0/TCG
15:04:44     1000         -   3967061    0.00    0.00    0.00    0.00    0.00    18  |__CPU 1/TCG
15:04:44     1000         -   3967063   95.00    3.00    0.00    0.00   98.00    20  |__CPU 2/TCG
15:04:44     1000         -   3967064    0.00    0.00    0.00    0.00    0.00    12  |__CPU 3/TCG
15:04:45     1000   3967039         -  187.00    7.00    0.00    0.00  194.00    21  qemu-system-aar
15:04:45     1000         -   3967039    0.00    0.00    0.00    0.00    0.00    21  |__qemu-system-aar
15:04:45     1000         -   3967046    0.00    0.00    0.00    0.00    0.00     4  |__call_rcu
15:04:45     1000         -   3967059   91.00    3.00    0.00    0.00   94.00    16  |__CPU 0/TCG
15:04:45     1000         -   3967061    1.00    0.00    0.00    0.00    1.00    18  |__CPU 1/TCG
15:04:45     1000         -   3967063   96.00    5.00    0.00    0.00  101.00    20  |__CPU 2/TCG
15:04:45     1000         -   3967064    0.00    0.00    0.00    0.00    0.00    12  |__CPU 3/TCG
15:04:46     1000   3967039         -  189.00    6.00    0.00    0.00  195.00    22  qemu-system-aar
15:04:46     1000         -   3967039    1.00    1.00    0.00    0.00    2.00    22  |__qemu-system-aar
15:04:46     1000         -   3967046    0.00    0.00    0.00    0.00    0.00     4  |__call_rcu
15:04:46     1000         -   3967059   92.00    2.00    0.00    0.00   94.00    16  |__CPU 0/TCG
15:04:46     1000         -   3967061    0.00    0.00    0.00    0.00    0.00    18  |__CPU 1/TCG
15:04:46     1000         -   3967063   96.00    2.00    0.00    0.00   98.00    20  |__CPU 2/TCG
15:04:46     1000         -   3967064    0.00    0.00    0.00    0.00    0.00    12  |__CPU 3/TCG
15:04:47     1000   3967039         -  189.00    6.00    0.00    0.00  195.00    21  qemu-system-aar
15:04:47     1000         -   3967039    1.00    0.00    0.00    0.00    1.00    21  |__qemu-system-aar
15:04:47     1000         -   3967046    0.00    0.00    0.00    0.00    0.00     4  |__call_rcu
15:04:47     1000         -   3967059   90.00    4.00    0.00    0.00   94.00    16  |__CPU 0/TCG
15:04:47     1000         -   3967061    0.00    0.00    0.00    0.00    0.00    19  |__CPU 1/TCG
15:04:47     1000         -   3967063   96.00    3.00    0.00    0.00   99.00    20  |__CPU 2/TCG
15:04:47     1000         -   3967064    0.00    0.00    0.00    0.00    0.00    12  |__CPU 3/TCG
15:04:48     1000   3967039         -  187.00    7.00    0.00    0.00  194.00    22  qemu-system-aar
15:04:48     1000         -   3967039    0.00    0.00    0.00    0.00    0.00    22  |__qemu-system-aar
15:04:48     1000         -   3967046    0.00    0.00    0.00    0.00    0.00     4  |__call_rcu
15:04:48     1000         -   3967059   91.00    3.00    0.00    0.00   94.00    16  |__CPU 0/TCG
15:04:48     1000         -   3967061    1.00    0.00    0.00    0.00    1.00    19  |__CPU 1/TCG
15:04:48     1000         -   3967063   96.00    4.00    0.00    0.00  100.00    20  |__CPU 2/TCG
15:04:48     1000         -   3967064    0.00    0.00    0.00    0.00    0.00    12  |__CPU 3/TCG
15:04:49     1000   3967039         -  189.00    7.00    0.00    0.00  196.00    21  qemu-system-aar
15:04:49     1000         -   3967039    0.00    2.00    0.00    0.00    2.00    21  |__qemu-system-aar
15:04:49     1000         -   3967046    0.00    0.00    0.00    0.00    0.00     4  |__call_rcu
15:04:49     1000         -   3967059   91.00    3.00    0.00    0.00   94.00    16  |__CPU 0/TCG
15:04:49     1000         -   3967061    0.00    0.00    0.00    0.00    0.00    19  |__CPU 1/TCG
15:04:49     1000         -   3967063   95.00    4.00    0.00    0.00   99.00    20  |__CPU 2/TCG
15:04:49     1000         -   3967064    0.00    0.00    0.00    0.00    0.00    12  |__CPU 3/TCG
15:04:50     1000   3967039         -  186.00    9.00    0.00    0.00  195.00     1  qemu-system-aar
15:04:50     1000         -   3967039    0.00    1.00    0.00    0.00    1.00     1  |__qemu-system-aar
15:04:50     1000         -   3967046    0.00    0.00    0.00    0.00    0.00     4  |__call_rcu
15:04:50     1000         -   3967059   90.00    4.00    0.00    0.00   94.00     0  |__CPU 0/TCG
15:04:50     1000         -   3967061    1.00    0.00    0.00    0.00    1.00    19  |__CPU 1/TCG
15:04:50     1000         -   3967063   95.00    4.00    0.00    0.00   99.00    20  |__CPU 2/TCG
15:04:50     1000         -   3967064    0.00    0.00    0.00    0.00    0.00    12  |__CPU 3/TCG
15:04:51     1000   3967039         -  187.00    7.00    0.00    0.00  194.00     1  qemu-system-aar
15:04:51     1000         -   3967039    0.00    1.00    0.00    0.00    1.00     1  |__qemu-system-aar
15:04:51     1000         -   3967046    0.00    0.00    0.00    0.00    0.00     4  |__call_rcu
15:04:51     1000         -   3967059   90.00    4.00    0.00    0.00   94.00     0  |__CPU 0/TCG
15:04:51     1000         -   3967061    1.00    0.00    0.00    0.00    1.00    19  |__CPU 1/TCG
15:04:51     1000         -   3967063   96.00    3.00    0.00    0.00   99.00    20  |__CPU 2/TCG
15:04:51     1000         -   3967064    0.00    0.00    0.00    0.00    0.00    12  |__CPU 3/TCG
15:04:52     1000   3967039         -  185.00    8.00    0.00    0.00  193.00    21  qemu-system-aar
15:04:52     1000         -   3967039    1.00    1.00    0.00    0.00    2.00    21  |__qemu-system-aar
15:04:52     1000         -   3967046    0.00    0.00    0.00    0.00    0.00     4  |__call_rcu
15:04:52     1000         -   3967059   89.00    4.00    0.00    0.00   93.00     0  |__CPU 0/TCG
15:04:52     1000         -   3967061    0.00    0.00    0.00    0.00    0.00    19  |__CPU 1/TCG
15:04:52     1000         -   3967063   95.00    4.00    0.00    0.00   99.00    20  |__CPU 2/TCG
15:04:52     1000         -   3967064    0.00    0.00    0.00    0.00    0.00    12  |__CPU 3/TCG
15:04:53     1000   3967039         -  186.00   10.00    0.00    0.00  196.00     2  qemu-system-aar
15:04:53     1000         -   3967039    0.00    1.00    0.00    0.00    1.00     2  |__qemu-system-aar
15:04:53     1000         -   3967046    0.00    0.00    0.00    0.00    0.00     4  |__call_rcu
15:04:53     1000         -   3967059   90.00    4.00    0.00    0.00   94.00    16  |__CPU 0/TCG
15:04:53     1000         -   3967061    1.00    0.00    0.00    0.00    1.00    18  |__CPU 1/TCG
15:04:53     1000         -   3967063   94.00    5.00    0.00    0.00   99.00    20  |__CPU 2/TCG
15:04:53     1000         -   3967064    0.00    0.00    0.00    0.00    0.00    12  |__CPU 3/TCG
15:04:54     1000   3967039         -  186.00    9.00    0.00    0.00  195.00     2  qemu-system-aar
15:04:54     1000         -   3967039    0.00    1.00    0.00    0.00    1.00     2  |__qemu-system-aar
15:04:54     1000         -   3967046    0.00    0.00    0.00    0.00    0.00     4  |__call_rcu
15:04:54     1000         -   3967059   90.00    4.00    0.00    0.00   94.00    16  |__CPU 0/TCG
15:04:54     1000         -   3967061    0.00    0.00    0.00    0.00    0.00    18  |__CPU 1/TCG
15:04:54     1000         -   3967063   95.00    5.00    0.00    0.00  100.00    20  |__CPU 2/TCG
15:04:54     1000         -   3967064    0.00    0.00    0.00    0.00    0.00    12  |__CPU 3/TCG
15:04:55     1000   3967039         -  187.00    8.00    0.00    0.00  195.00     2  qemu-system-aar
15:04:55     1000         -   3967039    0.00    0.00    0.00    0.00    0.00     2  |__qemu-system-aar
15:04:55     1000         -   3967046    0.00    0.00    0.00    0.00    0.00     4  |__call_rcu
15:04:55     1000         -   3967059   91.00    4.00    0.00    0.00   95.00    16  |__CPU 0/TCG
15:04:55     1000         -   3967061    0.00    0.00    0.00    0.00    0.00    19  |__CPU 1/TCG
15:04:55     1000         -   3967063   94.00    5.00    0.00    0.00   99.00    20  |__CPU 2/TCG
15:04:55     1000         -   3967064    0.00    0.00    0.00    0.00    0.00    12  |__CPU 3/TCG
15:04:56     1000   3967039         -  187.00    7.00    0.00    0.00  194.00    18  qemu-system-aar
15:04:56     1000         -   3967039    0.00    1.00    0.00    0.00    1.00    18  |__qemu-system-aar
15:04:56     1000         -   3967046    0.00    0.00    0.00    0.00    0.00     4  |__call_rcu
15:04:56     1000         -   3967059   91.00    3.00    0.00    0.00   94.00    16  |__CPU 0/TCG
15:04:56     1000         -   3967061    1.00    0.00    0.00    0.00    1.00    19  |__CPU 1/TCG
15:04:56     1000         -   3967063   95.00    4.00    0.00    0.00   99.00    20  |__CPU 2/TCG
15:04:56     1000         -   3967064    0.00    0.00    0.00    0.00    0.00    12  |__CPU 3/TCG
15:04:57     1000   3967039         -  189.00    7.00    0.00    0.00  196.00    18  qemu-system-aar
15:04:57     1000         -   3967039    1.00    1.00    0.00    0.00    2.00    18  |__qemu-system-aar
15:04:57     1000         -   3967046    0.00    0.00    0.00    0.00    0.00     4  |__call_rcu
15:04:57     1000         -   3967059   91.00    3.00    0.00    0.00   94.00    16  |__CPU 0/TCG
15:04:57     1000         -   3967061    0.00    1.00    0.00    0.00    1.00    19  |__CPU 1/TCG
15:04:57     1000         -   3967063   96.00    3.00    0.00    0.00   99.00     4  |__CPU 2/TCG
15:04:57     1000         -   3967064    0.00    0.00    0.00    0.00    0.00    12  |__CPU 3/TCG
15:04:58     1000   3967039         -  185.00   10.00    0.00    0.00  195.00    21  qemu-system-aar
15:04:58     1000         -   3967039    0.00    1.00    0.00    0.00    1.00    21  |__qemu-system-aar
15:04:58     1000         -   3967046    0.00    0.00    0.00    0.00    0.00     4  |__call_rcu
15:04:58     1000         -   3967059   91.00    3.00    0.00    0.00   94.00    16  |__CPU 0/TCG
15:04:58     1000         -   3967061    1.00    0.00    0.00    0.00    1.00    19  |__CPU 1/TCG
15:04:58     1000         -   3967063   93.00    6.00    0.00    0.00   99.00    20  |__CPU 2/TCG
15:04:58     1000         -   3967064    0.00    0.00    0.00    0.00    0.00    12  |__CPU 3/TCG
15:04:59     1000   3967039         -  189.00    7.00    0.00    0.00  196.00    21  qemu-system-aar
15:04:59     1000         -   3967039    1.00    1.00    0.00    0.00    2.00    21  |__qemu-system-aar
15:04:59     1000         -   3967046    0.00    0.00    0.00    0.00    0.00     4  |__call_rcu
15:04:59     1000         -   3967059   92.00    3.00    0.00    0.00   95.00    16  |__CPU 0/TCG
15:04:59     1000         -   3967061    0.00    0.00    0.00    0.00    0.00    19  |__CPU 1/TCG
15:04:59     1000         -   3967063   95.00    4.00    0.00    0.00   99.00    20  |__CPU 2/TCG
15:04:59     1000         -   3967064    0.00    0.00    0.00    0.00    0.00    12  |__CPU 3/TCG
15:05:00     1000   3967039         -  186.00    8.00    0.00    0.00  194.00    21  qemu-system-aar
15:05:00     1000         -   3967039    0.00    1.00    0.00    0.00    1.00    21  |__qemu-system-aar
15:05:00     1000         -   3967046    0.00    0.00    0.00    0.00    0.00     4  |__call_rcu
15:05:00     1000         -   3967059   90.00    5.00    0.00    0.00   95.00     0  |__CPU 0/TCG
15:05:00     1000         -   3967061    1.00    0.00    0.00    0.00    1.00    18  |__CPU 1/TCG
15:05:00     1000         -   3967063   96.00    4.00    0.00    0.00  100.00    20  |__CPU 2/TCG
15:05:00     1000         -   3967064    0.00    0.00    0.00    0.00    0.00    12  |__CPU 3/TCG
15:05:01     1000   3967039         -  186.00   10.00    0.00    0.00  196.00    21  qemu-system-aar
15:05:01     1000         -   3967039    0.00    1.00    0.00    0.00    1.00    21  |__qemu-system-aar
15:05:01     1000         -   3967046    0.00    0.00    0.00    0.00    0.00     4  |__call_rcu
15:05:01     1000         -   3967059   91.00    3.00    0.00    0.00   94.00     0  |__CPU 0/TCG
15:05:01     1000         -   3967061    1.00    0.00    0.00    0.00    1.00    19  |__CPU 1/TCG
15:05:01     1000         -   3967063   93.00    5.00    0.00    0.00   98.00    20  |__CPU 2/TCG
15:05:01     1000         -   3967064    0.00    0.00    0.00    0.00    0.00    12  |__CPU 3/TCG
15:05:02     1000   3967039         -  188.00    7.00    0.00    0.00  195.00    21  qemu-system-aar
15:05:02     1000         -   3967039    0.00    1.00    0.00    0.00    1.00    21  |__qemu-system-aar
15:05:02     1000         -   3967046    0.00    0.00    0.00    0.00    0.00     4  |__call_rcu
15:05:02     1000         -   3967059   91.00    4.00    0.00    0.00   95.00     0  |__CPU 0/TCG
15:05:02     1000         -   3967061    0.00    0.00    0.00    0.00    0.00    19  |__CPU 1/TCG
15:05:02     1000         -   3967063   96.00    4.00    0.00    0.00  100.00    20  |__CPU 2/TCG
15:05:02     1000         -   3967064    0.00    0.00    0.00    0.00    0.00    12  |__CPU 3/TCG
15:05:03     1000   3967039         -  188.00    7.00    0.00    0.00  195.00    21  qemu-system-aar
15:05:03     1000         -   3967039    0.00    1.00    0.00    0.00    1.00    21  |__qemu-system-aar
15:05:03     1000         -   3967046    0.00    0.00    0.00    0.00    0.00     4  |__call_rcu
15:05:03     1000         -   3967059   92.00    2.00    0.00    0.00   94.00    16  |__CPU 0/TCG
15:05:03     1000         -   3967061    1.00    0.00    0.00    0.00    1.00    19  |__CPU 1/TCG
15:05:03     1000         -   3967063   94.00    5.00    0.00    0.00   99.00     4  |__CPU 2/TCG
15:05:03     1000         -   3967064    0.00    0.00    0.00    0.00    0.00    12  |__CPU 3/TCG
15:05:04     1000   3967039         -  187.00    9.00    0.00    0.00  196.00    21  qemu-system-aar
15:05:04     1000         -   3967039    0.00    1.00    0.00    0.00    1.00    21  |__qemu-system-aar
15:05:04     1000         -   3967046    0.00    0.00    0.00    0.00    0.00     4  |__call_rcu
15:05:04     1000         -   3967059   91.00    3.00    0.00    0.00   94.00    16  |__CPU 0/TCG
15:05:04     1000         -   3967061    0.00    0.00    0.00    0.00    0.00    19  |__CPU 1/TCG
15:05:04     1000         -   3967063   95.00    4.00    0.00    0.00   99.00    20  |__CPU 2/TCG
15:05:04     1000         -   3967064    0.00    0.00    0.00    0.00    0.00    12  |__CPU 3/TCG
15:05:05     1000   3967039         -  187.00    8.00    0.00    0.00  195.00    21  qemu-system-aar
15:05:05     1000         -   3967039    0.00    1.00    0.00    0.00    1.00    21  |__qemu-system-aar
15:05:05     1000         -   3967046    0.00    0.00    0.00    0.00    0.00     4  |__call_rcu
15:05:05     1000         -   3967059   90.00    5.00    0.00    0.00   95.00    16  |__CPU 0/TCG
15:05:05     1000         -   3967061    0.00    0.00    0.00    0.00    0.00    19  |__CPU 1/TCG
15:05:05     1000         -   3967063   95.00    4.00    0.00    0.00   99.00    20  |__CPU 2/TCG
15:05:05     1000         -   3967064    0.00    0.00    0.00    0.00    0.00    12  |__CPU 3/TCG
15:05:06     1000   3967039         -  188.00    8.00    0.00    0.00  196.00    21  qemu-system-aar
15:05:06     1000         -   3967039    0.00    2.00    0.00    0.00    2.00    21  |__qemu-system-aar
15:05:06     1000         -   3967046    0.00    0.00    0.00    0.00    0.00     4  |__call_rcu
15:05:06     1000         -   3967059   91.00    4.00    0.00    0.00   95.00    16  |__CPU 0/TCG
15:05:06     1000         -   3967061    0.00    0.00    0.00    0.00    0.00    19  |__CPU 1/TCG
15:05:06     1000         -   3967063   95.00    4.00    0.00    0.00   99.00    20  |__CPU 2/TCG
15:05:06     1000         -   3967064    0.00    0.00    0.00    0.00    0.00    12  |__CPU 3/TCG
15:05:07     1000   3967039         -  190.00    6.00    0.00    0.00  196.00     2  qemu-system-aar
15:05:07     1000         -   3967039    0.00    0.00    0.00    0.00    0.00     2  |__qemu-system-aar
15:05:07     1000         -   3967046    0.00    0.00    0.00    0.00    0.00     4  |__call_rcu
15:05:07     1000         -   3967059   92.00    3.00    0.00    0.00   95.00    16  |__CPU 0/TCG
15:05:07     1000         -   3967061    1.00    0.00    0.00    0.00    1.00    18  |__CPU 1/TCG
15:05:07     1000         -   3967063   97.00    3.00    0.00    0.00  100.00    20  |__CPU 2/TCG
15:05:07     1000         -   3967064    0.00    0.00    0.00    0.00    0.00    12  |__CPU 3/TCG
15:05:08     1000   3967039         -  187.00    8.00    0.00    0.00  195.00    23  qemu-system-aar
15:05:08     1000         -   3967039    1.00    1.00    0.00    0.00    2.00    23  |__qemu-system-aar
15:05:08     1000         -   3967046    0.00    0.00    0.00    0.00    0.00     4  |__call_rcu
15:05:08     1000         -   3967059   91.00    4.00    0.00    0.00   95.00    16  |__CPU 0/TCG
15:05:08     1000         -   3967061    0.00    0.00    0.00    0.00    0.00     0  |__CPU 1/TCG
15:05:08     1000         -   3967063   95.00    4.00    0.00    0.00   99.00    20  |__CPU 2/TCG
15:05:08     1000         -   3967064    0.00    0.00    0.00    0.00    0.00    12  |__CPU 3/TCG
15:05:09     1000   3967039         -  187.00    8.00    0.00    0.00  195.00    23  qemu-system-aar
15:05:09     1000         -   3967039    0.00    1.00    0.00    0.00    1.00    23  |__qemu-system-aar
15:05:09     1000         -   3967046    0.00    0.00    0.00    0.00    0.00     4  |__call_rcu
15:05:09     1000         -   3967059   92.00    2.00    0.00    0.00   94.00    16  |__CPU 0/TCG
15:05:09     1000         -   3967061    1.00    0.00    0.00    0.00    1.00    19  |__CPU 1/TCG
15:05:09     1000         -   3967063   93.00    5.00    0.00    0.00   98.00    20  |__CPU 2/TCG
15:05:09     1000         -   3967064    0.00    0.00    0.00    0.00    0.00    12  |__CPU 3/TCG
15:05:10     1000   3967039         -  187.00    9.00    0.00    0.00  196.00    23  qemu-system-aar
15:05:10     1000         -   3967039    0.00    1.00    0.00    0.00    1.00    23  |__qemu-system-aar
15:05:10     1000         -   3967046    0.00    0.00    0.00    0.00    0.00     4  |__call_rcu
15:05:10     1000         -   3967059   91.00    4.00    0.00    0.00   95.00    16  |__CPU 0/TCG
15:05:10     1000         -   3967061    0.00    0.00    0.00    0.00    0.00    19  |__CPU 1/TCG
15:05:10     1000         -   3967063   95.00    5.00    0.00    0.00  100.00    20  |__CPU 2/TCG
15:05:10     1000         -   3967064    0.00    0.00    0.00    0.00    0.00    12  |__CPU 3/TCG
15:05:11     1000   3967039         -  188.00    8.00    0.00    0.00  196.00     1  qemu-system-aar
15:05:11     1000         -   3967039    1.00    1.00    0.00    0.00    2.00     1  |__qemu-system-aar
15:05:11     1000         -   3967046    0.00    0.00    0.00    0.00    0.00     4  |__call_rcu
15:05:11     1000         -   3967059   91.00    4.00    0.00    0.00   95.00    16  |__CPU 0/TCG
15:05:11     1000         -   3967061    1.00    0.00    0.00    0.00    1.00     0  |__CPU 1/TCG
15:05:11     1000         -   3967063   95.00    4.00    0.00    0.00   99.00    20  |__CPU 2/TCG
15:05:11     1000         -   3967064    0.00    0.00    0.00    0.00    0.00    12  |__CPU 3/TCG
15:05:12     1000   3967039         -  187.00    8.00    0.00    0.00  195.00     6  qemu-system-aar
15:05:12     1000         -   3967039    0.00    0.00    0.00    0.00    0.00     6  |__qemu-system-aar
15:05:12     1000         -   3967046    0.00    0.00    0.00    0.00    0.00     4  |__call_rcu
15:05:12     1000         -   3967059   91.00    4.00    0.00    0.00   95.00    16  |__CPU 0/TCG
15:05:12     1000         -   3967061    1.00    0.00    0.00    0.00    1.00     0  |__CPU 1/TCG
15:05:12     1000         -   3967063   95.00    4.00    0.00    0.00   99.00    20  |__CPU 2/TCG
15:05:12     1000         -   3967064    0.00    0.00    0.00    0.00    0.00    12  |__CPU 3/TCG
15:05:13     1000   3967039         -  186.00   10.00    0.00    0.00  196.00     6  qemu-system-aar
15:05:13     1000         -   3967039    0.00    1.00    0.00    0.00    1.00     6  |__qemu-system-aar
15:05:13     1000         -   3967046    0.00    0.00    0.00    0.00    0.00     4  |__call_rcu
15:05:13     1000         -   3967059   89.00    4.00    0.00    0.00   93.00    16  |__CPU 0/TCG
15:05:13     1000         -   3967061    0.00    0.00    0.00    0.00    0.00    19  |__CPU 1/TCG
15:05:13     1000         -   3967063   95.00    4.00    0.00    0.00   99.00    20  |__CPU 2/TCG
15:05:13     1000         -   3967064    0.00    0.00    0.00    0.00    0.00    12  |__CPU 3/TCG
15:05:14     1000   3967039         -  187.00    8.00    0.00    0.00  195.00     7  qemu-system-aar
15:05:14     1000         -   3967039    1.00    1.00    0.00    0.00    2.00     7  |__qemu-system-aar
15:05:14     1000         -   3967046    0.00    0.00    0.00    0.00    0.00     4  |__call_rcu
15:05:14     1000         -   3967059   92.00    3.00    0.00    0.00   95.00    16  |__CPU 0/TCG
15:05:14     1000         -   3967061    1.00    0.00    0.00    0.00    1.00    19  |__CPU 1/TCG
15:05:14     1000         -   3967063   94.00    5.00    0.00    0.00   99.00    20  |__CPU 2/TCG
15:05:14     1000         -   3967064    0.00    0.00    0.00    0.00    0.00    12  |__CPU 3/TCG
15:05:15     1000   3967039         -  187.00    8.00    0.00    0.00  195.00    21  qemu-system-aar
15:05:15     1000         -   3967039    0.00    1.00    0.00    0.00    1.00    21  |__qemu-system-aar
15:05:15     1000         -   3967046    0.00    0.00    0.00    0.00    0.00     4  |__call_rcu
15:05:15     1000         -   3967059   90.00    5.00    0.00    0.00   95.00    16  |__CPU 0/TCG
15:05:15     1000         -   3967061    0.00    0.00    0.00    0.00    0.00    19  |__CPU 1/TCG
15:05:15     1000         -   3967063   95.00    4.00    0.00    0.00   99.00    20  |__CPU 2/TCG
15:05:15     1000         -   3967064    0.00    0.00    0.00    0.00    0.00    12  |__CPU 3/TCG
15:05:16     1000   3967039         -  188.00    8.00    0.00    0.00  196.00     7  qemu-system-aar
15:05:16     1000         -   3967039    0.00    1.00    0.00    0.00    1.00     7  |__qemu-system-aar
15:05:16     1000         -   3967046    0.00    0.00    0.00    0.00    0.00     4  |__call_rcu
15:05:16     1000         -   3967059   92.00    3.00    0.00    0.00   95.00    16  |__CPU 0/TCG
15:05:16     1000         -   3967061    1.00    0.00    0.00    0.00    1.00    19  |__CPU 1/TCG
15:05:16     1000         -   3967063   95.00    5.00    0.00    0.00  100.00    20  |__CPU 2/TCG
15:05:16     1000         -   3967064    0.00    0.00    0.00    0.00    0.00    12  |__CPU 3/TCG
15:05:17     1000   3967039         -  188.00    8.00    0.00    0.00  196.00     7  qemu-system-aar
15:05:17     1000         -   3967039    0.00    1.00    0.00    0.00    1.00     7  |__qemu-system-aar
15:05:17     1000         -   3967046    0.00    0.00    0.00    0.00    0.00     4  |__call_rcu
15:05:17     1000         -   3967059   92.00    3.00    0.00    0.00   95.00    16  |__CPU 0/TCG
15:05:17     1000         -   3967061    0.00    1.00    0.00    0.00    1.00     5  |__CPU 1/TCG
15:05:17     1000         -   3967063   94.00    4.00    0.00    0.00   98.00    20  |__CPU 2/TCG
15:05:17     1000         -   3967064    0.00    0.00    0.00    0.00    0.00    12  |__CPU 3/TCG
15:05:18     1000   3967039         -  187.00    9.00    0.00    0.00  196.00     5  qemu-system-aar
15:05:18     1000         -   3967039    0.00    1.00    0.00    0.00    1.00     5  |__qemu-system-aar
15:05:18     1000         -   3967046    0.00    0.00    0.00    0.00    0.00     4  |__call_rcu
15:05:18     1000         -   3967059   91.00    4.00    0.00    0.00   95.00    16  |__CPU 0/TCG
15:05:18     1000         -   3967061    0.00    0.00    0.00    0.00    0.00    19  |__CPU 1/TCG
15:05:18     1000         -   3967063   95.00    5.00    0.00    0.00  100.00    20  |__CPU 2/TCG
15:05:18     1000         -   3967064    0.00    0.00    0.00    0.00    0.00    12  |__CPU 3/TCG
15:05:19     1000   3967039         -  188.00    7.00    0.00    0.00  195.00     5  qemu-system-aar
15:05:19     1000         -   3967039    0.00    1.00    0.00    0.00    1.00     5  |__qemu-system-aar
15:05:19     1000         -   3967046    0.00    0.00    0.00    0.00    0.00     4  |__call_rcu
15:05:19     1000         -   3967059   92.00    2.00    0.00    0.00   94.00    16  |__CPU 0/TCG
15:05:19     1000         -   3967061    0.00    0.00    0.00    0.00    0.00    19  |__CPU 1/TCG
15:05:19     1000         -   3967063   95.00    4.00    0.00    0.00   99.00    20  |__CPU 2/TCG
15:05:19     1000         -   3967064    0.00    0.00    0.00    0.00    0.00    12  |__CPU 3/TCG
15:05:20     1000   3967039         -  188.00    7.00    0.00    0.00  195.00     6  qemu-system-aar
15:05:20     1000         -   3967039    0.00    1.00    0.00    0.00    1.00     6  |__qemu-system-aar
15:05:20     1000         -   3967046    0.00    0.00    0.00    0.00    0.00     4  |__call_rcu
15:05:20     1000         -   3967059   91.00    4.00    0.00    0.00   95.00    16  |__CPU 0/TCG
15:05:20     1000         -   3967061    1.00    0.00    0.00    0.00    1.00    19  |__CPU 1/TCG
15:05:20     1000         -   3967063   95.00    3.00    0.00    0.00   98.00    20  |__CPU 2/TCG
15:05:20     1000         -   3967064    0.00    0.00    0.00    0.00    0.00    12  |__CPU 3/TCG
15:05:21     1000   3967039         -  189.00    7.00    0.00    0.00  196.00     7  qemu-system-aar
15:05:21     1000         -   3967039    0.00    1.00    0.00    0.00    1.00     7  |__qemu-system-aar
15:05:21     1000         -   3967046    0.00    0.00    0.00    0.00    0.00     4  |__call_rcu
15:05:21     1000         -   3967059   92.00    3.00    0.00    0.00   95.00     0  |__CPU 0/TCG
15:05:21     1000         -   3967061    1.00    0.00    0.00    0.00    1.00    19  |__CPU 1/TCG
15:05:21     1000         -   3967063   96.00    5.00    0.00    0.00  101.00    20  |__CPU 2/TCG
15:05:21     1000         -   3967064    0.00    0.00    0.00    0.00    0.00    12  |__CPU 3/TCG
15:05:22     1000   3967039         -  187.00    7.00    0.00    0.00  194.00    19  qemu-system-aar
15:05:22     1000         -   3967039    1.00    1.00    0.00    0.00    2.00    19  |__qemu-system-aar
15:05:22     1000         -   3967046    0.00    0.00    0.00    0.00    0.00     4  |__call_rcu
15:05:22     1000         -   3967059   90.00    3.00    0.00    0.00   93.00     0  |__CPU 0/TCG
15:05:22     1000         -   3967061    0.00    0.00    0.00    0.00    0.00     5  |__CPU 1/TCG
15:05:22     1000         -   3967063   95.00    3.00    0.00    0.00   98.00    20  |__CPU 2/TCG
15:05:22     1000         -   3967064    0.00    0.00    0.00    0.00    0.00    12  |__CPU 3/TCG
15:05:23     1000   3967039         -  184.00   10.00    0.00    0.00  194.00    19  qemu-system-aar
15:05:23     1000         -   3967039    0.00    1.00    0.00    0.00    1.00    19  |__qemu-system-aar
15:05:23     1000         -   3967046    0.00    0.00    0.00    0.00    0.00     4  |__call_rcu
15:05:23     1000         -   3967059   88.00    4.00    0.00    0.00   92.00     0  |__CPU 0/TCG
15:05:23     1000         -   3967061    1.00    0.00    0.00    0.00    1.00     5  |__CPU 1/TCG
15:05:23     1000         -   3967063   94.00    5.00    0.00    0.00   99.00    20  |__CPU 2/TCG
15:05:23     1000         -   3967064    0.00    0.00    0.00    0.00    0.00    12  |__CPU 3/TCG
15:05:24     1000   3967039         -  188.00    7.00    0.00    0.00  195.00    22  qemu-system-aar
15:05:24     1000         -   3967039    0.00    1.00    0.00    0.00    1.00    22  |__qemu-system-aar
15:05:24     1000         -   3967046    0.00    0.00    0.00    0.00    0.00     4  |__call_rcu
15:05:24     1000         -   3967059   92.00    3.00    0.00    0.00   95.00    16  |__CPU 0/TCG
15:05:24     1000         -   3967061    0.00    0.00    0.00    0.00    0.00     6  |__CPU 1/TCG
15:05:24     1000         -   3967063   95.00    4.00    0.00    0.00   99.00    20  |__CPU 2/TCG
15:05:24     1000         -   3967064    0.00    0.00    0.00    0.00    0.00    12  |__CPU 3/TCG
15:05:25     1000   3967039         -  189.00    7.00    0.00    0.00  196.00    22  qemu-system-aar
15:05:25     1000         -   3967039    1.00    1.00    0.00    0.00    2.00    22  |__qemu-system-aar
15:05:25     1000         -   3967046    0.00    0.00    0.00    0.00    0.00     4  |__call_rcu
15:05:25     1000         -   3967059   92.00    3.00    0.00    0.00   95.00    16  |__CPU 0/TCG
15:05:25     1000         -   3967061    0.00    0.00    0.00    0.00    0.00     6  |__CPU 1/TCG
15:05:25     1000         -   3967063   96.00    4.00    0.00    0.00  100.00     4  |__CPU 2/TCG
15:05:25     1000         -   3967064    0.00    0.00    0.00    0.00    0.00    12  |__CPU 3/TCG
15:05:26     1000   3967039         -  187.00    9.00    0.00    0.00  196.00    22  qemu-system-aar
15:05:26     1000         -   3967039    0.00    1.00    0.00    0.00    1.00    22  |__qemu-system-aar
15:05:26     1000         -   3967046    0.00    0.00    0.00    0.00    0.00     4  |__call_rcu
15:05:26     1000         -   3967059   92.00    4.00    0.00    0.00   96.00    16  |__CPU 0/TCG
15:05:26     1000         -   3967061    1.00    0.00    0.00    0.00    1.00     6  |__CPU 1/TCG
15:05:26     1000         -   3967063   94.00    5.00    0.00    0.00   99.00     4  |__CPU 2/TCG
15:05:26     1000         -   3967064    0.00    0.00    0.00    0.00    0.00    12  |__CPU 3/TCG
15:05:27     1000   3967039         -  187.00    8.00    0.00    0.00  195.00    23  qemu-system-aar
15:05:27     1000         -   3967039    0.00    1.00    0.00    0.00    1.00    23  |__qemu-system-aar
15:05:27     1000         -   3967046    0.00    0.00    0.00    0.00    0.00     4  |__call_rcu
15:05:27     1000         -   3967059   92.00    3.00    0.00    0.00   95.00    16  |__CPU 0/TCG
15:05:27     1000         -   3967061    0.00    0.00    0.00    0.00    0.00     6  |__CPU 1/TCG
15:05:27     1000         -   3967063   94.00    5.00    0.00    0.00   99.00    20  |__CPU 2/TCG
15:05:27     1000         -   3967064    0.00    0.00    0.00    0.00    0.00    12  |__CPU 3/TCG
15:05:28     1000   3967039         -  188.00    8.00    0.00    0.00  196.00    23  qemu-system-aar
15:05:28     1000         -   3967039    1.00    0.00    0.00    0.00    1.00    23  |__qemu-system-aar
15:05:28     1000         -   3967046    0.00    0.00    0.00    0.00    0.00     4  |__call_rcu
15:05:28     1000         -   3967059   91.00    3.00    0.00    1.00   94.00     0  |__CPU 0/TCG
15:05:28     1000         -   3967061    1.00    0.00    0.00    0.00    1.00     6  |__CPU 1/TCG
15:05:28     1000         -   3967063   94.00    4.00    0.00    0.00   98.00    20  |__CPU 2/TCG
15:05:28     1000         -   3967064    0.00    0.00    0.00    0.00    0.00    12  |__CPU 3/TCG
15:05:29     1000   3967039         -  187.00    8.00    0.00    0.00  195.00     2  qemu-system-aar
15:05:29     1000         -   3967039    0.00    1.00    0.00    0.00    1.00     2  |__qemu-system-aar
15:05:29     1000         -   3967046    0.00    0.00    0.00    0.00    0.00     4  |__call_rcu
15:05:29     1000         -   3967059   91.00    4.00    0.00    0.00   95.00     0  |__CPU 0/TCG
15:05:29     1000         -   3967061    0.00    0.00    0.00    0.00    0.00     5  |__CPU 1/TCG
15:05:29     1000         -   3967063   95.00    5.00    0.00    0.00  100.00    20  |__CPU 2/TCG
15:05:29     1000         -   3967064    0.00    0.00    0.00    0.00    0.00    12  |__CPU 3/TCG
15:05:30     1000   3967039         -  188.00    6.00    0.00    0.00  194.00     1  qemu-system-aar
15:05:30     1000         -   3967039    0.00    1.00    0.00    0.00    1.00     1  |__qemu-system-aar
15:05:30     1000         -   3967046    0.00    0.00    0.00    0.00    0.00     4  |__call_rcu
15:05:30     1000         -   3967059   91.00    3.00    0.00    0.00   94.00     0  |__CPU 0/TCG
15:05:30     1000         -   3967061    1.00    0.00    0.00    0.00    1.00     5  |__CPU 1/TCG
15:05:30     1000         -   3967063   96.00    3.00    0.00    0.00   99.00    20  |__CPU 2/TCG
15:05:30     1000         -   3967064    0.00    0.00    0.00    0.00    0.00    12  |__CPU 3/TCG
15:05:31     1000   3967039         -  187.00    8.00    0.00    0.00  195.00     5  qemu-system-aar
15:05:31     1000         -   3967039    0.00    1.00    0.00    0.00    1.00     5  |__qemu-system-aar
15:05:31     1000         -   3967046    0.00    0.00    0.00    0.00    0.00     4  |__call_rcu
15:05:31     1000         -   3967059   91.00    2.00    0.00    0.00   93.00    16  |__CPU 0/TCG
15:05:31     1000         -   3967061    0.00    0.00    0.00    0.00    0.00     1  |__CPU 1/TCG
15:05:31     1000         -   3967063   95.00    4.00    0.00    0.00   99.00     4  |__CPU 2/TCG
15:05:31     1000         -   3967064    0.00    0.00    0.00    0.00    0.00    12  |__CPU 3/TCG
15:05:32     1000   3967039         -  187.00    9.00    0.00    0.00  196.00     3  qemu-system-aar
15:05:32     1000         -   3967039    1.00    1.00    0.00    0.00    2.00     3  |__qemu-system-aar
15:05:32     1000         -   3967046    0.00    0.00    0.00    0.00    0.00     4  |__call_rcu
15:05:32     1000         -   3967059   91.00    5.00    0.00    0.00   96.00     0  |__CPU 0/TCG
15:05:32     1000         -   3967061    1.00    0.00    0.00    0.00    1.00     2  |__CPU 1/TCG
15:05:32     1000         -   3967063   95.00    4.00    0.00    0.00   99.00    20  |__CPU 2/TCG
15:05:32     1000         -   3967064    0.00    0.00    0.00    0.00    0.00    12  |__CPU 3/TCG
15:05:33     1000   3967039         -  189.00    7.00    0.00    0.00  196.00     6  qemu-system-aar
15:05:33     1000         -   3967039    1.00    1.00    0.00    0.00    2.00     6  |__qemu-system-aar
15:05:33     1000         -   3967046    0.00    0.00    0.00    0.00    0.00     4  |__call_rcu
15:05:33     1000         -   3967059   91.00    3.00    0.00    0.00   94.00    16  |__CPU 0/TCG
15:05:33     1000         -   3967061    0.00    0.00    0.00    0.00    0.00     2  |__CPU 1/TCG
15:05:33     1000         -   3967063   95.00    4.00    0.00    0.00   99.00    20  |__CPU 2/TCG
15:05:33     1000         -   3967064    0.00    0.00    0.00    0.00    0.00    12  |__CPU 3/TCG
15:05:34     1000   3967039         -  188.00    7.00    0.00    0.00  195.00     6  qemu-system-aar
15:05:34     1000         -   3967039    0.00    0.00    0.00    0.00    0.00     6  |__qemu-system-aar
15:05:34     1000         -   3967046    0.00    0.00    0.00    0.00    0.00     4  |__call_rcu
15:05:34     1000         -   3967059   92.00    3.00    0.00    0.00   95.00    16  |__CPU 0/TCG
15:05:34     1000         -   3967061    1.00    0.00    0.00    0.00    1.00     1  |__CPU 1/TCG
15:05:34     1000         -   3967063   95.00    4.00    0.00    0.00   99.00    20  |__CPU 2/TCG
15:05:34     1000         -   3967064    0.00    0.00    0.00    0.00    0.00    12  |__CPU 3/TCG
15:05:35     1000   3967039         -  189.00    7.00    0.00    0.00  196.00     7  qemu-system-aar
15:05:35     1000         -   3967039    0.00    1.00    0.00    0.00    1.00     7  |__qemu-system-aar
15:05:35     1000         -   3967046    0.00    0.00    0.00    0.00    0.00     4  |__call_rcu
15:05:35     1000         -   3967059   92.00    3.00    0.00    0.00   95.00    16  |__CPU 0/TCG
15:05:35     1000         -   3967061    0.00    0.00    0.00    0.00    0.00     1  |__CPU 1/TCG
15:05:35     1000         -   3967063   95.00    4.00    0.00    0.00   99.00    20  |__CPU 2/TCG
15:05:35     1000         -   3967064    0.00    0.00    0.00    0.00    0.00    12  |__CPU 3/TCG
15:05:36     1000   3967039         -  188.00    8.00    0.00    0.00  196.00     7  qemu-system-aar
15:05:36     1000         -   3967039    0.00    2.00    0.00    0.00    2.00     7  |__qemu-system-aar
15:05:36     1000         -   3967046    0.00    0.00    0.00    0.00    0.00     4  |__call_rcu
15:05:36     1000         -   3967059   92.00    3.00    0.00    0.00   95.00    16  |__CPU 0/TCG
15:05:36     1000         -   3967061    1.00    0.00    0.00    0.00    1.00     1  |__CPU 1/TCG
15:05:36     1000         -   3967063   95.00    4.00    0.00    0.00   99.00    20  |__CPU 2/TCG
15:05:36     1000         -   3967064    0.00    0.00    0.00    0.00    0.00    12  |__CPU 3/TCG
15:05:37     1000   3967039         -  188.00    7.00    0.00    0.00  195.00     7  qemu-system-aar
15:05:37     1000         -   3967039    1.00    0.00    0.00    0.00    1.00     7  |__qemu-system-aar
15:05:37     1000         -   3967046    0.00    0.00    0.00    0.00    0.00     4  |__call_rcu
15:05:37     1000         -   3967059   91.00    4.00    0.00    0.00   95.00    16  |__CPU 0/TCG
15:05:37     1000         -   3967061    0.00    0.00    0.00    0.00    0.00     1  |__CPU 1/TCG
15:05:37     1000         -   3967063   96.00    4.00    0.00    0.00  100.00    20  |__CPU 2/TCG
15:05:37     1000         -   3967064    0.00    0.00    0.00    0.00    0.00    12  |__CPU 3/TCG
15:05:38     1000   3967039         -  187.00    9.00    0.00    0.00  196.00    17  qemu-system-aar
15:05:38     1000         -   3967039    1.00    0.00    0.00    0.00    1.00    17  |__qemu-system-aar
15:05:38     1000         -   3967046    0.00    0.00    0.00    0.00    0.00     4  |__call_rcu
15:05:38     1000         -   3967059   91.00    3.00    0.00    0.00   94.00    16  |__CPU 0/TCG
15:05:38     1000         -   3967061    1.00    0.00    0.00    0.00    1.00    18  |__CPU 1/TCG
15:05:38     1000         -   3967063   94.00    4.00    0.00    0.00   98.00    20  |__CPU 2/TCG
15:05:38     1000         -   3967064    0.00    0.00    0.00    0.00    0.00    12  |__CPU 3/TCG
15:05:39     1000   3967039         -  187.00    8.00    0.00    0.00  195.00    17  qemu-system-aar
15:05:39     1000         -   3967039    0.00    1.00    0.00    0.00    1.00    17  |__qemu-system-aar
15:05:39     1000         -   3967046    0.00    0.00    0.00    0.00    0.00     4  |__call_rcu
15:05:39     1000         -   3967059   91.00    4.00    0.00    0.00   95.00    16  |__CPU 0/TCG
15:05:39     1000         -   3967061    0.00    0.00    0.00    0.00    0.00    19  |__CPU 1/TCG
15:05:39     1000         -   3967063   94.00    5.00    0.00    0.00   99.00    20  |__CPU 2/TCG
15:05:39     1000         -   3967064    0.00    0.00    0.00    0.00    0.00    12  |__CPU 3/TCG
15:05:40     1000   3967039         -  189.00    7.00    0.00    0.00  196.00    17  qemu-system-aar
15:05:40     1000         -   3967039    0.00    1.00    0.00    0.00    1.00    17  |__qemu-system-aar
15:05:40     1000         -   3967046    0.00    0.00    0.00    0.00    0.00     4  |__call_rcu
15:05:40     1000         -   3967059   92.00    3.00    0.00    0.00   95.00    16  |__CPU 0/TCG
15:05:40     1000         -   3967061    1.00    0.00    0.00    0.00    1.00    18  |__CPU 1/TCG
15:05:40     1000         -   3967063   96.00    4.00    0.00    0.00  100.00    20  |__CPU 2/TCG
15:05:40     1000         -   3967064    0.00    0.00    0.00    0.00    0.00    12  |__CPU 3/TCG
15:05:41     1000   3967039         -  187.00    8.00    0.00    0.00  195.00    18  qemu-system-aar
15:05:41     1000         -   3967039    1.00    0.00    0.00    0.00    1.00    18  |__qemu-system-aar
15:05:41     1000         -   3967046    0.00    0.00    0.00    0.00    0.00     4  |__call_rcu
15:05:41     1000         -   3967059   90.00    4.00    0.00    0.00   94.00    16  |__CPU 0/TCG
15:05:41     1000         -   3967061    0.00    0.00    0.00    0.00    0.00    19  |__CPU 1/TCG
15:05:41     1000         -   3967063   95.00    4.00    0.00    0.00   99.00    20  |__CPU 2/TCG
15:05:41     1000         -   3967064    0.00    0.00    0.00    0.00    0.00    12  |__CPU 3/TCG
15:05:42     1000   3967039         -  187.00    9.00    0.00    0.00  196.00    17  qemu-system-aar
15:05:42     1000         -   3967039    0.00    1.00    0.00    0.00    1.00    17  |__qemu-system-aar
15:05:42     1000         -   3967046    0.00    0.00    0.00    0.00    0.00     4  |__call_rcu
15:05:42     1000         -   3967059   91.00    4.00    0.00    0.00   95.00    16  |__CPU 0/TCG
15:05:42     1000         -   3967061    1.00    0.00    0.00    0.00    1.00    20  |__CPU 1/TCG
15:05:42     1000         -   3967063   95.00    4.00    0.00    0.00   99.00     4  |__CPU 2/TCG
15:05:42     1000         -   3967064    0.00    0.00    0.00    0.00    0.00    12  |__CPU 3/TCG
15:05:43     1000   3967039         -  188.00    7.00    0.00    0.00  195.00    22  qemu-system-aar
15:05:43     1000         -   3967039    0.00    1.00    0.00    0.00    1.00    22  |__qemu-system-aar
15:05:43     1000         -   3967046    0.00    0.00    0.00    0.00    0.00     4  |__call_rcu
15:05:43     1000         -   3967059   92.00    3.00    0.00    0.00   95.00    16  |__CPU 0/TCG
15:05:43     1000         -   3967061    1.00    0.00    0.00    0.00    1.00    20  |__CPU 1/TCG
15:05:43     1000         -   3967063   95.00    4.00    0.00    0.00   99.00     4  |__CPU 2/TCG
15:05:43     1000         -   3967064    0.00    0.00    0.00    0.00    0.00    12  |__CPU 3/TCG
15:05:44     1000   3967039         -  190.00    6.00    0.00    0.00  196.00    21  qemu-system-aar
15:05:44     1000         -   3967039    1.00    1.00    0.00    0.00    2.00    21  |__qemu-system-aar
15:05:44     1000         -   3967046    0.00    0.00    0.00    0.00    0.00     4  |__call_rcu
15:05:44     1000         -   3967059   92.00    2.00    0.00    0.00   94.00    16  |__CPU 0/TCG
15:05:44     1000         -   3967061    0.00    0.00    0.00    0.00    0.00    19  |__CPU 1/TCG
15:05:44     1000         -   3967063   96.00    4.00    0.00    0.00  100.00    20  |__CPU 2/TCG
15:05:44     1000         -   3967064    0.00    0.00    0.00    0.00    0.00    12  |__CPU 3/TCG
15:05:45     1000   3967039         -  188.00    8.00    0.00    0.00  196.00    23  qemu-system-aar
15:05:45     1000         -   3967039    0.00    1.00    0.00    0.00    1.00    23  |__qemu-system-aar
15:05:45     1000         -   3967046    0.00    0.00    0.00    0.00    0.00     4  |__call_rcu
15:05:45     1000         -   3967059   91.00    4.00    0.00    0.00   95.00     0  |__CPU 0/TCG
15:05:45     1000         -   3967061    1.00    0.00    0.00    0.00    1.00    19  |__CPU 1/TCG
15:05:45     1000         -   3967063   95.00    4.00    0.00    0.00   99.00    20  |__CPU 2/TCG
15:05:45     1000         -   3967064    0.00    0.00    0.00    0.00    0.00    12  |__CPU 3/TCG
15:05:46     1000   3967039         -  188.00    7.00    0.00    0.00  195.00     3  qemu-system-aar
15:05:46     1000         -   3967039    0.00    0.00    0.00    0.00    0.00     3  |__qemu-system-aar
15:05:46     1000         -   3967046    0.00    0.00    0.00    0.00    0.00     4  |__call_rcu
15:05:46     1000         -   3967059   92.00    2.00    0.00    0.00   94.00    16  |__CPU 0/TCG
15:05:46     1000         -   3967061    1.00    0.00    0.00    0.00    1.00    19  |__CPU 1/TCG
15:05:46     1000         -   3967063   94.00    4.00    0.00    0.00   98.00    20  |__CPU 2/TCG
15:05:46     1000         -   3967064    0.00    0.00    0.00    0.00    0.00    12  |__CPU 3/TCG
15:05:47     1000   3967039         -  186.00    8.00    0.00    0.00  194.00     6  qemu-system-aar
15:05:47     1000         -   3967039    0.00    2.00    0.00    0.00    2.00     6  |__qemu-system-aar
15:05:47     1000         -   3967046    0.00    0.00    0.00    0.00    0.00     4  |__call_rcu
15:05:47     1000         -   3967059   90.00    4.00    0.00    0.00   94.00    16  |__CPU 0/TCG
15:05:47     1000         -   3967061    0.00    0.00    0.00    0.00    0.00    19  |__CPU 1/TCG
15:05:47     1000         -   3967063   95.00    4.00    0.00    0.00   99.00    20  |__CPU 2/TCG
15:05:47     1000         -   3967064    0.00    0.00    0.00    0.00    0.00    12  |__CPU 3/TCG
15:05:48     1000   3967039         -  186.00    7.00    0.00    0.00  193.00     6  qemu-system-aar
15:05:48     1000         -   3967039    1.00    0.00    0.00    0.00    1.00     6  |__qemu-system-aar
15:05:48     1000         -   3967046    0.00    0.00    0.00    0.00    0.00     4  |__call_rcu
15:05:48     1000         -   3967059   89.00    3.00    0.00    0.00   92.00    16  |__CPU 0/TCG
15:05:48     1000         -   3967061    1.00    0.00    0.00    0.00    1.00     1  |__CPU 1/TCG
15:05:48     1000         -   3967063   96.00    4.00    0.00    0.00  100.00    20  |__CPU 2/TCG
15:05:48     1000         -   3967064    0.00    0.00    0.00    0.00    0.00    12  |__CPU 3/TCG
15:05:49     1000   3967039         -  188.00    7.00    0.00    0.00  195.00     6  qemu-system-aar
15:05:49     1000         -   3967039    0.00    1.00    0.00    0.00    1.00     6  |__qemu-system-aar
15:05:49     1000         -   3967046    0.00    0.00    0.00    0.00    0.00     4  |__call_rcu
15:05:49     1000         -   3967059   92.00    3.00    0.00    0.00   95.00    16  |__CPU 0/TCG
15:05:49     1000         -   3967061    0.00    0.00    0.00    0.00    0.00    19  |__CPU 1/TCG
15:05:49     1000         -   3967063   95.00    4.00    0.00    0.00   99.00    20  |__CPU 2/TCG
15:05:49     1000         -   3967064    0.00    0.00    0.00    0.00    0.00    12  |__CPU 3/TCG
15:05:50     1000   3967039         -  186.00    9.00    0.00    0.00  195.00     7  qemu-system-aar
15:05:50     1000         -   3967039    0.00    1.00    0.00    0.00    1.00     7  |__qemu-system-aar
15:05:50     1000         -   3967046    0.00    0.00    0.00    0.00    0.00     4  |__call_rcu
15:05:50     1000         -   3967059   91.00    3.00    0.00    0.00   94.00    16  |__CPU 0/TCG
15:05:50     1000         -   3967061    1.00    0.00    0.00    0.00    1.00    19  |__CPU 1/TCG
15:05:50     1000         -   3967063   94.00    6.00    0.00    0.00  100.00    20  |__CPU 2/TCG
15:05:50     1000         -   3967064    0.00    0.00    0.00    0.00    0.00    12  |__CPU 3/TCG
15:05:51     1000   3967039         -  189.00    6.00    0.00    0.00  195.00     7  qemu-system-aar
15:05:51     1000         -   3967039    0.00    2.00    0.00    0.00    2.00     7  |__qemu-system-aar
15:05:51     1000         -   3967046    0.00    0.00    0.00    0.00    0.00     4  |__call_rcu
15:05:51     1000         -   3967059   91.00    2.00    0.00    0.00   93.00    16  |__CPU 0/TCG
15:05:51     1000         -   3967061    0.00    0.00    0.00    0.00    0.00    19  |__CPU 1/TCG
15:05:51     1000         -   3967063   95.00    3.00    0.00    0.00   98.00    20  |__CPU 2/TCG
15:05:51     1000         -   3967064    0.00    0.00    0.00    0.00    0.00    12  |__CPU 3/TCG
15:05:52     1000   3967039         -  185.00    8.00    0.00    0.00  193.00    17  qemu-system-aar
15:05:52     1000         -   3967039    0.00    1.00    0.00    0.00    1.00    17  |__qemu-system-aar
15:05:52     1000         -   3967046    0.00    0.00    0.00    0.00    0.00     4  |__call_rcu
15:05:52     1000         -   3967059   90.00    3.00    0.00    0.00   93.00    16  |__CPU 0/TCG
15:05:52     1000         -   3967061    1.00    1.00    0.00    0.00    2.00     1  |__CPU 1/TCG
15:05:52     1000         -   3967063   94.00    5.00    0.00    0.00   99.00    20  |__CPU 2/TCG
15:05:52     1000         -   3967064    0.00    0.00    0.00    0.00    0.00    12  |__CPU 3/TCG
15:05:53     1000   3967039         -  185.00    9.00    0.00    0.00  194.00    17  qemu-system-aar
15:05:53     1000         -   3967039    1.00    1.00    0.00    0.00    2.00    17  |__qemu-system-aar
15:05:53     1000         -   3967046    0.00    0.00    0.00    0.00    0.00     4  |__call_rcu
15:05:53     1000         -   3967059   89.00    4.00    0.00    0.00   93.00    16  |__CPU 0/TCG
15:05:53     1000         -   3967061    0.00    0.00    0.00    0.00    0.00     1  |__CPU 1/TCG
15:05:53     1000         -   3967063   94.00    5.00    0.00    0.00   99.00     4  |__CPU 2/TCG
15:05:53     1000         -   3967064    0.00    0.00    0.00    0.00    0.00    12  |__CPU 3/TCG
15:05:54     1000   3967039         -  188.00    7.00    0.00    0.00  195.00    23  qemu-system-aar
15:05:54     1000         -   3967039    0.00    0.00    0.00    0.00    0.00    23  |__qemu-system-aar
15:05:54     1000         -   3967046    0.00    0.00    0.00    0.00    0.00     4  |__call_rcu
15:05:54     1000         -   3967059   92.00    3.00    0.00    0.00   95.00    16  |__CPU 0/TCG
15:05:54     1000         -   3967061    1.00    0.00    0.00    0.00    1.00     1  |__CPU 1/TCG
15:05:54     1000         -   3967063   95.00    4.00    0.00    0.00   99.00    20  |__CPU 2/TCG
15:05:54     1000         -   3967064    0.00    0.00    0.00    0.00    0.00    12  |__CPU 3/TCG
15:05:55     1000   3967039         -  187.00    9.00    0.00    0.00  196.00    17  qemu-system-aar
15:05:55     1000         -   3967039    0.00    1.00    0.00    0.00    1.00    17  |__qemu-system-aar
15:05:55     1000         -   3967046    0.00    0.00    0.00    0.00    0.00     4  |__call_rcu
15:05:55     1000         -   3967059   90.00    4.00    0.00    0.00   94.00    16  |__CPU 0/TCG
15:05:55     1000         -   3967061    0.00    0.00    0.00    0.00    0.00     6  |__CPU 1/TCG
15:05:55     1000         -   3967063   96.00    4.00    0.00    0.00  100.00    20  |__CPU 2/TCG
15:05:55     1000         -   3967064    0.00    0.00    0.00    0.00    0.00    12  |__CPU 3/TCG
15:05:56     1000   3967039         -  186.00    9.00    0.00    0.00  195.00    17  qemu-system-aar
15:05:56     1000         -   3967039    0.00    1.00    0.00    0.00    1.00    17  |__qemu-system-aar
15:05:56     1000         -   3967046    0.00    0.00    0.00    0.00    0.00     4  |__call_rcu
15:05:56     1000         -   3967059   90.00    5.00    0.00    0.00   95.00    16  |__CPU 0/TCG
15:05:56     1000         -   3967061    1.00    0.00    0.00    0.00    1.00     0  |__CPU 1/TCG
15:05:56     1000         -   3967063   94.00    5.00    0.00    0.00   99.00    20  |__CPU 2/TCG
15:05:56     1000         -   3967064    0.00    0.00    0.00    0.00    0.00    12  |__CPU 3/TCG
15:05:57     1000   3967039         -  188.00    7.00    0.00    0.00  195.00    23  qemu-system-aar
15:05:57     1000         -   3967039    1.00    1.00    0.00    0.00    2.00    23  |__qemu-system-aar
15:05:57     1000         -   3967046    0.00    0.00    0.00    0.00    0.00     4  |__call_rcu
15:05:57     1000         -   3967059   92.00    2.00    0.00    0.00   94.00     0  |__CPU 0/TCG
15:05:57     1000         -   3967061    0.00    0.00    0.00    0.00    0.00     1  |__CPU 1/TCG
15:05:57     1000         -   3967063   95.00    4.00    0.00    0.00   99.00    20  |__CPU 2/TCG
15:05:57     1000         -   3967064    0.00    0.00    0.00    0.00    0.00    12  |__CPU 3/TCG
15:05:58     1000   3967039         -  187.00    8.00    0.00    0.00  195.00    17  qemu-system-aar
15:05:58     1000         -   3967039    1.00    0.00    0.00    0.00    1.00    17  |__qemu-system-aar
15:05:58     1000         -   3967046    0.00    0.00    0.00    0.00    0.00     4  |__call_rcu
15:05:58     1000         -   3967059   90.00    4.00    0.00    0.00   94.00     0  |__CPU 0/TCG
15:05:58     1000         -   3967061    0.00    0.00    0.00    0.00    0.00     1  |__CPU 1/TCG
15:05:58     1000         -   3967063   95.00    4.00    0.00    0.00   99.00    20  |__CPU 2/TCG
15:05:58     1000         -   3967064    0.00    0.00    0.00    0.00    0.00    12  |__CPU 3/TCG
15:05:59     1000   3967039         -  185.00   10.00    0.00    0.00  195.00    23  qemu-system-aar
15:05:59     1000         -   3967039    0.00    1.00    0.00    0.00    1.00    23  |__qemu-system-aar
15:05:59     1000         -   3967046    0.00    0.00    0.00    0.00    0.00     4  |__call_rcu
15:05:59     1000         -   3967059   91.00    4.00    0.00    0.00   95.00     0  |__CPU 0/TCG
15:05:59     1000         -   3967061    1.00    0.00    0.00    0.00    1.00     2  |__CPU 1/TCG
15:05:59     1000         -   3967063   93.00    6.00    0.00    0.00   99.00    20  |__CPU 2/TCG
15:05:59     1000         -   3967064    0.00    0.00    0.00    0.00    0.00    12  |__CPU 3/TCG
15:06:00     1000   3967039         -  187.00    8.00    0.00    0.00  195.00    23  qemu-system-aar
15:06:00     1000         -   3967039    0.00    1.00    0.00    0.00    1.00    23  |__qemu-system-aar
15:06:00     1000         -   3967046    0.00    0.00    0.00    0.00    0.00     4  |__call_rcu
15:06:00     1000         -   3967059   91.00    3.00    0.00    0.00   94.00     0  |__CPU 0/TCG
15:06:00     1000         -   3967061    0.00    0.00    0.00    0.00    0.00     3  |__CPU 1/TCG
15:06:00     1000         -   3967063   95.00    5.00    0.00    0.00  100.00    20  |__CPU 2/TCG
15:06:00     1000         -   3967064    0.00    0.00    0.00    0.00    0.00    12  |__CPU 3/TCG
15:06:01     1000   3967039         -  185.00    8.00    0.00    0.00  193.00    23  qemu-system-aar
15:06:01     1000         -   3967039    0.00    1.00    0.00    0.00    1.00    23  |__qemu-system-aar
15:06:01     1000         -   3967046    0.00    0.00    0.00    0.00    0.00     4  |__call_rcu
15:06:01     1000         -   3967059   88.00    4.00    0.00    0.00   92.00    16  |__CPU 0/TCG
15:06:01     1000         -   3967061    1.00    0.00    0.00    0.00    1.00     2  |__CPU 1/TCG
15:06:01     1000         -   3967063   94.00    4.00    0.00    0.00   98.00    20  |__CPU 2/TCG
15:06:01     1000         -   3967064    0.00    0.00    0.00    0.00    0.00    12  |__CPU 3/TCG
15:06:02     1000   3967039         -  184.00    9.00    0.00    0.00  193.00     5  qemu-system-aar
15:06:02     1000         -   3967039    0.00    1.00    0.00    0.00    1.00     5  |__qemu-system-aar
15:06:02     1000         -   3967046    0.00    0.00    0.00    0.00    0.00     4  |__call_rcu
15:06:02     1000         -   3967059   89.00    4.00    0.00    0.00   93.00    16  |__CPU 0/TCG
15:06:02     1000         -   3967061    0.00    0.00    0.00    0.00    0.00     4  |__CPU 1/TCG
15:06:02     1000         -   3967063   95.00    5.00    0.00    0.00  100.00    20  |__CPU 2/TCG
15:06:02     1000         -   3967064    0.00    0.00    0.00    0.00    0.00    12  |__CPU 3/TCG
15:06:03     1000   3967039         -  184.00    9.00    0.00    0.00  193.00     5  qemu-system-aar
15:06:03     1000         -   3967039    1.00    0.00    0.00    0.00    1.00     5  |__qemu-system-aar
15:06:03     1000         -   3967046    0.00    0.00    0.00    0.00    0.00     4  |__call_rcu
15:06:03     1000         -   3967059   89.00    3.00    0.00    0.00   92.00    16  |__CPU 0/TCG
15:06:03     1000         -   3967061    1.00    0.00    0.00    0.00    1.00     4  |__CPU 1/TCG
15:06:03     1000         -   3967063   93.00    6.00    0.00    0.00   99.00    20  |__CPU 2/TCG
15:06:03     1000         -   3967064    0.00    0.00    0.00    0.00    0.00    12  |__CPU 3/TCG
15:06:04     1000   3967039         -  184.00    9.00    0.00    0.00  193.00     6  qemu-system-aar
15:06:04     1000         -   3967039    1.00    1.00    0.00    0.00    2.00     6  |__qemu-system-aar
15:06:04     1000         -   3967046    0.00    0.00    0.00    0.00    0.00     4  |__call_rcu
15:06:04     1000         -   3967059   88.00    4.00    0.00    0.00   92.00    16  |__CPU 0/TCG
15:06:04     1000         -   3967061    1.00    0.00    0.00    0.00    1.00     4  |__CPU 1/TCG
15:06:04     1000         -   3967063   94.00    5.00    0.00    0.00   99.00    20  |__CPU 2/TCG
15:06:04     1000         -   3967064    0.00    0.00    0.00    0.00    0.00    12  |__CPU 3/TCG
15:06:05     1000   3967039         -  185.00    8.00    0.00    0.00  193.00     0  qemu-system-aar
15:06:05     1000         -   3967039    0.00    1.00    0.00    0.00    1.00     0  |__qemu-system-aar
15:06:05     1000         -   3967046    0.00    0.00    0.00    0.00    0.00     4  |__call_rcu
15:06:05     1000         -   3967059   87.00    5.00    0.00    0.00   92.00    16  |__CPU 0/TCG
15:06:05     1000         -   3967061    0.00    0.00    0.00    0.00    0.00     4  |__CPU 1/TCG
15:06:05     1000         -   3967063   96.00    3.00    0.00    0.00   99.00    20  |__CPU 2/TCG
15:06:05     1000         -   3967064    0.00    0.00    0.00    0.00    0.00    12  |__CPU 3/TCG
15:06:06     1000   3967039         -  185.00    9.00    0.00    0.00  194.00     0  qemu-system-aar
15:06:06     1000         -   3967039    0.00    2.00    0.00    0.00    2.00     0  |__qemu-system-aar
15:06:06     1000         -   3967046    0.00    0.00    0.00    0.00    0.00     4  |__call_rcu
15:06:06     1000         -   3967059   88.00    3.00    0.00    0.00   91.00    16  |__CPU 0/TCG
15:06:06     1000         -   3967061    1.00    0.00    0.00    0.00    1.00     4  |__CPU 1/TCG
15:06:06     1000         -   3967063   95.00    4.00    0.00    0.00   99.00    20  |__CPU 2/TCG
15:06:06     1000         -   3967064    0.00    0.00    0.00    0.00    0.00    12  |__CPU 3/TCG
15:06:07     1000   3967039         -  187.00    8.00    0.00    0.00  195.00     0  qemu-system-aar
15:06:07     1000         -   3967039    0.00    2.00    0.00    0.00    2.00     0  |__qemu-system-aar
15:06:07     1000         -   3967046    0.00    0.00    0.00    0.00    0.00     4  |__call_rcu
15:06:07     1000         -   3967059   90.00    5.00    0.00    0.00   95.00    16  |__CPU 0/TCG
15:06:07     1000         -   3967061    0.00    0.00    0.00    0.00    0.00     3  |__CPU 1/TCG
15:06:07     1000         -   3967063   95.00    4.00    0.00    0.00   99.00    20  |__CPU 2/TCG
15:06:07     1000         -   3967064    0.00    0.00    0.00    0.00    0.00    12  |__CPU 3/TCG
15:06:08     1000   3967039         -  187.00    9.00    0.00    0.00  196.00     0  qemu-system-aar
15:06:08     1000         -   3967039    0.00    2.00    0.00    0.00    2.00     0  |__qemu-system-aar
15:06:08     1000         -   3967046    0.00    0.00    0.00    0.00    0.00     4  |__call_rcu
15:06:08     1000         -   3967059   90.00    4.00    0.00    0.00   94.00    16  |__CPU 0/TCG
15:06:08     1000         -   3967061    1.00    0.00    0.00    0.00    1.00     2  |__CPU 1/TCG
15:06:08     1000         -   3967063   95.00    3.00    0.00    0.00   98.00    20  |__CPU 2/TCG
15:06:08     1000         -   3967064    0.00    0.00    0.00    0.00    0.00    12  |__CPU 3/TCG
15:06:09     1000   3967039         -  188.00    7.00    0.00    0.00  195.00    23  qemu-system-aar
15:06:09     1000         -   3967039    1.00    1.00    0.00    0.00    2.00    23  |__qemu-system-aar
15:06:09     1000         -   3967046    0.00    0.00    0.00    0.00    0.00     4  |__call_rcu
15:06:09     1000         -   3967059   92.00    3.00    0.00    0.00   95.00    16  |__CPU 0/TCG
15:06:09     1000         -   3967061    0.00    0.00    0.00    0.00    0.00     2  |__CPU 1/TCG
15:06:09     1000         -   3967063   95.00    5.00    0.00    0.00  100.00    20  |__CPU 2/TCG
15:06:09     1000         -   3967064    0.00    0.00    0.00    0.00    0.00    12  |__CPU 3/TCG
15:06:10     1000   3967039         -  188.00    9.00    0.00    0.00  197.00    23  qemu-system-aar
15:06:10     1000         -   3967039    0.00    1.00    0.00    0.00    1.00    23  |__qemu-system-aar
15:06:10     1000         -   3967046    0.00    0.00    0.00    0.00    0.00     4  |__call_rcu
15:06:10     1000         -   3967059   91.00    4.00    0.00    0.00   95.00    16  |__CPU 0/TCG
15:06:10     1000         -   3967061    1.00    0.00    0.00    0.00    1.00     2  |__CPU 1/TCG
15:06:10     1000         -   3967063   94.00    4.00    0.00    0.00   98.00    20  |__CPU 2/TCG
15:06:10     1000         -   3967064    0.00    0.00    0.00    0.00    0.00    12  |__CPU 3/TCG
15:06:11     1000   3967039         -  188.00    6.00    0.00    0.00  194.00    22  qemu-system-aar
15:06:11     1000         -   3967039    0.00    1.00    0.00    0.00    1.00    22  |__qemu-system-aar
15:06:11     1000         -   3967046    0.00    0.00    0.00    0.00    0.00     4  |__call_rcu
15:06:11     1000         -   3967059   91.00    3.00    0.00    0.00   94.00    16  |__CPU 0/TCG
15:06:11     1000         -   3967061    0.00    0.00    0.00    0.00    0.00     2  |__CPU 1/TCG
15:06:11     1000         -   3967063   96.00    4.00    0.00    0.00  100.00    20  |__CPU 2/TCG
15:06:11     1000         -   3967064    0.00    0.00    0.00    0.00    0.00    12  |__CPU 3/TCG
15:06:12     1000   3967039         -  189.00    7.00    0.00    0.00  196.00     3  qemu-system-aar
15:06:12     1000         -   3967039    1.00    1.00    0.00    0.00    2.00     3  |__qemu-system-aar
15:06:12     1000         -   3967046    0.00    0.00    0.00    0.00    0.00     4  |__call_rcu
15:06:12     1000         -   3967059   91.00    3.00    0.00    0.00   94.00    16  |__CPU 0/TCG
15:06:12     1000         -   3967061    1.00    0.00    0.00    0.00    1.00     2  |__CPU 1/TCG
15:06:12     1000         -   3967063   96.00    3.00    0.00    0.00   99.00    20  |__CPU 2/TCG
15:06:12     1000         -   3967064    0.00    0.00    0.00    0.00    0.00    12  |__CPU 3/TCG
15:06:13     1000   3967039         -  186.00    9.00    0.00    0.00  195.00     3  qemu-system-aar
15:06:13     1000         -   3967039    1.00    0.00    0.00    0.00    1.00     3  |__qemu-system-aar
15:06:13     1000         -   3967046    0.00    0.00    0.00    0.00    0.00     4  |__call_rcu
15:06:13     1000         -   3967059   91.00    4.00    0.00    0.00   95.00    16  |__CPU 0/TCG
15:06:13     1000         -   3967061    0.00    0.00    0.00    0.00    0.00     4  |__CPU 1/TCG
15:06:13     1000         -   3967063   94.00    5.00    0.00    0.00   99.00    20  |__CPU 2/TCG
15:06:13     1000         -   3967064    0.00    0.00    0.00    0.00    0.00    12  |__CPU 3/TCG
15:06:14     1000   3967039         -  188.00    8.00    0.00    0.00  196.00     7  qemu-system-aar
15:06:14     1000         -   3967039    0.00    1.00    0.00    0.00    1.00     7  |__qemu-system-aar
15:06:14     1000         -   3967046    0.00    0.00    0.00    0.00    0.00     4  |__call_rcu
15:06:14     1000         -   3967059   92.00    3.00    0.00    0.00   95.00    16  |__CPU 0/TCG
15:06:14     1000         -   3967061    1.00    0.00    0.00    0.00    1.00     4  |__CPU 1/TCG
15:06:14     1000         -   3967063   94.00    5.00    0.00    0.00   99.00    20  |__CPU 2/TCG
15:06:14     1000         -   3967064    0.00    0.00    0.00    0.00    0.00    12  |__CPU 3/TCG
15:06:15     1000   3967039         -  188.00    7.00    0.00    0.00  195.00    17  qemu-system-aar
15:06:15     1000         -   3967039    0.00    1.00    0.00    0.00    1.00    17  |__qemu-system-aar
15:06:15     1000         -   3967046    0.00    0.00    0.00    0.00    0.00     4  |__call_rcu
15:06:15     1000         -   3967059   92.00    3.00    0.00    0.00   95.00    16  |__CPU 0/TCG
15:06:15     1000         -   3967061    1.00    0.00    0.00    0.00    1.00     4  |__CPU 1/TCG
15:06:15     1000         -   3967063   95.00    4.00    0.00    0.00   99.00    20  |__CPU 2/TCG
15:06:15     1000         -   3967064    0.00    0.00    0.00    0.00    0.00    12  |__CPU 3/TCG
15:06:16     1000   3967039         -  189.00    7.00    0.00    0.00  196.00    17  qemu-system-aar
15:06:16     1000         -   3967039    0.00    0.00    0.00    0.00    0.00    17  |__qemu-system-aar
15:06:16     1000         -   3967046    0.00    0.00    0.00    0.00    0.00     4  |__call_rcu
15:06:16     1000         -   3967059   92.00    3.00    0.00    0.00   95.00    16  |__CPU 0/TCG
15:06:16     1000         -   3967061    0.00    0.00    0.00    0.00    0.00     7  |__CPU 1/TCG
15:06:16     1000         -   3967063   96.00    3.00    0.00    0.00   99.00    20  |__CPU 2/TCG
15:06:16     1000         -   3967064    0.00    0.00    0.00    0.00    0.00    12  |__CPU 3/TCG
15:06:17     1000   3967039         -  187.00    9.00    0.00    0.00  196.00    21  qemu-system-aar
15:06:17     1000         -   3967039    0.00    2.00    0.00    0.00    2.00    21  |__qemu-system-aar
15:06:17     1000         -   3967046    0.00    0.00    0.00    0.00    0.00     4  |__call_rcu
15:06:17     1000         -   3967059   91.00    4.00    0.00    0.00   95.00    16  |__CPU 0/TCG
15:06:17     1000         -   3967061    1.00    0.00    0.00    0.00    1.00     7  |__CPU 1/TCG
15:06:17     1000         -   3967063   94.00    5.00    0.00    0.00   99.00    20  |__CPU 2/TCG
15:06:17     1000         -   3967064    0.00    0.00    0.00    0.00    0.00    12  |__CPU 3/TCG
15:06:18     1000   3967039         -  194.00    4.00    0.00    0.00  198.00    23  qemu-system-aar
15:06:18     1000         -   3967039    1.00    0.00    0.00    0.00    1.00    23  |__qemu-system-aar
15:06:18     1000         -   3967046    0.00    0.00    0.00    0.00    0.00     4  |__call_rcu
15:06:18     1000         -   3967059   94.00    1.00    0.00    0.00   95.00     0  |__CPU 0/TCG
15:06:18     1000         -   3967061    0.00    0.00    0.00    0.00    0.00     7  |__CPU 1/TCG
15:06:18     1000         -   3967063   98.00    2.00    0.00    0.00  100.00     4  |__CPU 2/TCG
15:06:18     1000         -   3967064    0.00    0.00    0.00    0.00    0.00    12  |__CPU 3/TCG
15:06:19     1000   3967039         -  200.00    0.00    0.00    0.00  200.00    23  qemu-system-aar
15:06:19     1000         -   3967039    0.00    1.00    0.00    0.00    1.00    23  |__qemu-system-aar
15:06:19     1000         -   3967046    0.00    0.00    0.00    0.00    0.00     4  |__call_rcu
15:06:19     1000         -   3967059  100.00    0.00    0.00    0.00  100.00     0  |__CPU 0/TCG
15:06:19     1000         -   3967061    1.00    0.00    0.00    0.00    1.00     7  |__CPU 1/TCG
15:06:19     1000         -   3967063  100.00    0.00    0.00    0.00  100.00     4  |__CPU 2/TCG
15:06:19     1000         -   3967064    0.00    0.00    0.00    0.00    0.00    12  |__CPU 3/TCG
15:06:20     1000   3967039         -  187.00    9.00    0.00    0.00  196.00    25  qemu-system-aar
15:06:20     1000         -   3967039    2.00    0.00    0.00    0.00    2.00    25  |__qemu-system-aar
15:06:20     1000         -   3967046    0.00    0.00    0.00    0.00    0.00     4  |__call_rcu
15:06:20     1000         -   3967059   91.00    5.00    0.00    0.00   96.00    16  |__CPU 0/TCG
15:06:20     1000         -   3967061    0.00    0.00    0.00    0.00    0.00     5  |__CPU 1/TCG
15:06:20     1000         -   3967063   93.00    5.00    0.00    0.00   98.00     4  |__CPU 2/TCG
15:06:20     1000         -   3967064    0.00    0.00    0.00    0.00    0.00    12  |__CPU 3/TCG
15:06:21     1000   3967039         -  188.00    8.00    0.00    0.00  196.00    15  qemu-system-aar
15:06:21     1000         -   3967039    0.00    1.00    0.00    0.00    1.00    15  |__qemu-system-aar
15:06:21     1000         -   3967046    0.00    0.00    0.00    0.00    0.00     4  |__call_rcu
15:06:21     1000         -   3967059   92.00    3.00    0.00    0.00   95.00    16  |__CPU 0/TCG
15:06:21     1000         -   3967061    1.00    0.00    0.00    0.00    1.00     2  |__CPU 1/TCG
15:06:21     1000         -   3967063   94.00    5.00    0.00    0.00   99.00     4  |__CPU 2/TCG
15:06:21     1000         -   3967064    0.00    0.00    0.00    0.00    0.00    12  |__CPU 3/TCG
15:06:22     1000   3967039         -  187.00    8.00    0.00    0.00  195.00    15  qemu-system-aar
15:06:22     1000         -   3967039    0.00    2.00    0.00    0.00    2.00    15  |__qemu-system-aar
15:06:22     1000         -   3967046    0.00    0.00    0.00    0.00    0.00     4  |__call_rcu
15:06:22     1000         -   3967059   91.00    3.00    0.00    0.00   94.00    16  |__CPU 0/TCG
15:06:22     1000         -   3967061    1.00    0.00    0.00    0.00    1.00    24  |__CPU 1/TCG
15:06:22     1000         -   3967063   94.00    4.00    0.00    0.00   98.00    20  |__CPU 2/TCG
15:06:22     1000         -   3967064    0.00    0.00    0.00    0.00    0.00    12  |__CPU 3/TCG
15:06:23     1000   3967039         -  184.00   11.00    0.00    0.00  195.00    25  qemu-system-aar
15:06:23     1000         -   3967039    0.00    2.00    0.00    0.00    2.00    25  |__qemu-system-aar
15:06:23     1000         -   3967046    0.00    0.00    0.00    0.00    0.00     4  |__call_rcu
15:06:23     1000         -   3967059   88.00    5.00    0.00    0.00   93.00     0  |__CPU 0/TCG
15:06:23     1000         -   3967061    0.00    0.00    0.00    0.00    0.00    26  |__CPU 1/TCG
15:06:23     1000         -   3967063   94.00    6.00    0.00    0.00  100.00    20  |__CPU 2/TCG
15:06:23     1000         -   3967064    0.00    0.00    0.00    0.00    0.00    12  |__CPU 3/TCG
15:06:24     1000   3967039         -  188.00    8.00    0.00    0.00  196.00    21  qemu-system-aar
15:06:24     1000         -   3967039    1.00    0.00    0.00    0.00    1.00    21  |__qemu-system-aar
15:06:24     1000         -   3967046    0.00    0.00    0.00    0.00    0.00     4  |__call_rcu
15:06:24     1000         -   3967059   91.00    3.00    0.00    0.00   94.00     0  |__CPU 0/TCG
15:06:24     1000         -   3967061    1.00    0.00    0.00    0.00    1.00    26  |__CPU 1/TCG
15:06:24     1000         -   3967063   94.00    4.00    0.00    0.00   98.00    20  |__CPU 2/TCG
15:06:24     1000         -   3967064    0.00    0.00    0.00    0.00    0.00    12  |__CPU 3/TCG
15:06:25     1000   3967039         -  187.00    8.00    0.00    0.00  195.00    21  qemu-system-aar
15:06:25     1000         -   3967039    0.00    2.00    0.00    0.00    2.00    21  |__qemu-system-aar
15:06:25     1000         -   3967046    0.00    0.00    0.00    0.00    0.00     4  |__call_rcu
15:06:25     1000         -   3967059   92.00    4.00    0.00    0.00   96.00     0  |__CPU 0/TCG
15:06:25     1000         -   3967061    0.00    0.00    0.00    0.00    0.00    26  |__CPU 1/TCG
15:06:25     1000         -   3967063   95.00    5.00    0.00    0.00  100.00     4  |__CPU 2/TCG
15:06:25     1000         -   3967064    0.00    0.00    0.00    0.00    0.00    12  |__CPU 3/TCG
15:06:26     1000   3967039         -  187.00    9.00    0.00    0.00  196.00    21  qemu-system-aar
15:06:26     1000         -   3967039    0.00    1.00    0.00    0.00    1.00    21  |__qemu-system-aar
15:06:26     1000         -   3967046    0.00    0.00    0.00    0.00    0.00     4  |__call_rcu
15:06:26     1000         -   3967059   91.00    3.00    0.00    0.00   94.00     0  |__CPU 0/TCG
15:06:26     1000         -   3967061    0.00    1.00    0.00    0.00    1.00    26  |__CPU 1/TCG
15:06:26     1000         -   3967063   94.00    4.00    0.00    0.00   98.00     4  |__CPU 2/TCG
15:06:26     1000         -   3967064    0.00    0.00    0.00    0.00    0.00    12  |__CPU 3/TCG
15:06:27     1000   3967039         -  186.00    9.00    0.00    0.00  195.00    21  qemu-system-aar
15:06:27     1000         -   3967039    0.00    1.00    0.00    0.00    1.00    21  |__qemu-system-aar
15:06:27     1000         -   3967046    0.00    0.00    0.00    0.00    0.00     4  |__call_rcu
15:06:27     1000         -   3967059   90.00    4.00    0.00    0.00   94.00     0  |__CPU 0/TCG
15:06:27     1000         -   3967061    0.00    0.00    0.00    0.00    0.00    25  |__CPU 1/TCG
15:06:27     1000         -   3967063   94.00    5.00    0.00    0.00   99.00     4  |__CPU 2/TCG
15:06:27     1000         -   3967064    0.00    0.00    0.00    0.00    0.00    12  |__CPU 3/TCG
15:06:28     1000   3967039         -  187.00    8.00    0.00    0.00  195.00     1  qemu-system-aar
15:06:28     1000         -   3967039    1.00    0.00    0.00    0.00    1.00     1  |__qemu-system-aar
15:06:28     1000         -   3967046    0.00    0.00    0.00    0.00    0.00     4  |__call_rcu
15:06:28     1000         -   3967059   91.00    4.00    0.00    0.00   95.00     0  |__CPU 0/TCG
15:06:28     1000         -   3967061    1.00    0.00    0.00    0.00    1.00    25  |__CPU 1/TCG
15:06:28     1000         -   3967063   95.00    5.00    0.00    0.00  100.00     4  |__CPU 2/TCG
15:06:28     1000         -   3967064    0.00    0.00    0.00    0.00    0.00    12  |__CPU 3/TCG
15:06:29     1000   3967039         -  189.00    7.00    0.00    0.00  196.00     1  qemu-system-aar
15:06:29     1000         -   3967039    0.00    1.00    0.00    0.00    1.00     1  |__qemu-system-aar
15:06:29     1000         -   3967046    0.00    0.00    0.00    0.00    0.00     4  |__call_rcu
15:06:29     1000         -   3967059   91.00    3.00    0.00    0.00   94.00     0  |__CPU 0/TCG
15:06:29     1000         -   3967061    0.00    0.00    0.00    0.00    0.00    25  |__CPU 1/TCG
15:06:29     1000         -   3967063   96.00    3.00    0.00    0.00   99.00     4  |__CPU 2/TCG
15:06:29     1000         -   3967064    0.00    0.00    0.00    0.00    0.00    12  |__CPU 3/TCG
15:06:30     1000   3967039         -  187.00    8.00    0.00    0.00  195.00    21  qemu-system-aar
15:06:30     1000         -   3967039    1.00    0.00    0.00    0.00    1.00    21  |__qemu-system-aar
15:06:30     1000         -   3967046    0.00    0.00    0.00    0.00    0.00     4  |__call_rcu
15:06:30     1000         -   3967059   91.00    3.00    0.00    0.00   94.00    16  |__CPU 0/TCG
15:06:30     1000         -   3967061    1.00    0.00    0.00    0.00    1.00    25  |__CPU 1/TCG
15:06:30     1000         -   3967063   95.00    4.00    0.00    0.00   99.00     4  |__CPU 2/TCG
15:06:30     1000         -   3967064    0.00    0.00    0.00    0.00    0.00    12  |__CPU 3/TCG
15:06:31     1000   3967039         -  186.00    9.00    0.00    0.00  195.00    21  qemu-system-aar
15:06:31     1000         -   3967039    1.00    1.00    0.00    0.00    2.00    21  |__qemu-system-aar
15:06:31     1000         -   3967046    0.00    0.00    0.00    0.00    0.00     4  |__call_rcu
15:06:31     1000         -   3967059   90.00    5.00    0.00    0.00   95.00     0  |__CPU 0/TCG
15:06:31     1000         -   3967061    1.00    0.00    0.00    0.00    1.00    25  |__CPU 1/TCG
15:06:31     1000         -   3967063   94.00    5.00    0.00    0.00   99.00     4  |__CPU 2/TCG
15:06:31     1000         -   3967064    0.00    0.00    0.00    0.00    0.00    12  |__CPU 3/TCG
15:06:32     1000   3967039         -  187.00    8.00    0.00    0.00  195.00    21  qemu-system-aar
15:06:32     1000         -   3967039    0.00    0.00    0.00    0.00    0.00    21  |__qemu-system-aar
15:06:32     1000         -   3967046    0.00    0.00    0.00    0.00    0.00     4  |__call_rcu
15:06:32     1000         -   3967059   91.00    3.00    0.00    1.00   94.00     0  |__CPU 0/TCG
15:06:32     1000         -   3967061    0.00    0.00    0.00    0.00    0.00    25  |__CPU 1/TCG
15:06:32     1000         -   3967063   94.00    5.00    0.00    0.00   99.00     4  |__CPU 2/TCG
15:06:32     1000         -   3967064    0.00    0.00    0.00    0.00    0.00    12  |__CPU 3/TCG
15:06:33     1000   3967039         -  187.00    8.00    0.00    0.00  195.00    21  qemu-system-aar
15:06:33     1000         -   3967039    1.00    1.00    0.00    0.00    2.00    21  |__qemu-system-aar
15:06:33     1000         -   3967046    0.00    0.00    0.00    0.00    0.00     4  |__call_rcu
15:06:33     1000         -   3967059   91.00    3.00    0.00    0.00   94.00     0  |__CPU 0/TCG
15:06:33     1000         -   3967061    1.00    0.00    0.00    0.00    1.00    25  |__CPU 1/TCG
15:06:33     1000         -   3967063   94.00    5.00    0.00    0.00   99.00     4  |__CPU 2/TCG
15:06:33     1000         -   3967064    0.00    0.00    0.00    0.00    0.00    12  |__CPU 3/TCG
15:06:34     1000   3967039         -  187.00    8.00    0.00    0.00  195.00     5  qemu-system-aar
15:06:34     1000         -   3967039    0.00    0.00    0.00    0.00    0.00     5  |__qemu-system-aar
15:06:34     1000         -   3967046    0.00    0.00    0.00    0.00    0.00     4  |__call_rcu
15:06:34     1000         -   3967059   91.00    3.00    0.00    0.00   94.00     0  |__CPU 0/TCG
15:06:34     1000         -   3967061    1.00    0.00    0.00    0.00    1.00    25  |__CPU 1/TCG
15:06:34     1000         -   3967063   95.00    4.00    0.00    0.00   99.00    20  |__CPU 2/TCG
15:06:34     1000         -   3967064    0.00    0.00    0.00    0.00    0.00    12  |__CPU 3/TCG
15:06:35     1000   3967039         -  186.00    9.00    0.00    0.00  195.00     5  qemu-system-aar
15:06:35     1000         -   3967039    1.00    1.00    0.00    0.00    2.00     5  |__qemu-system-aar
15:06:35     1000         -   3967046    0.00    0.00    0.00    0.00    0.00     4  |__call_rcu
15:06:35     1000         -   3967059   90.00    5.00    0.00    0.00   95.00     0  |__CPU 0/TCG
15:06:35     1000         -   3967061    0.00    0.00    0.00    0.00    0.00    25  |__CPU 1/TCG
15:06:35     1000         -   3967063   94.00    5.00    0.00    0.00   99.00    20  |__CPU 2/TCG
15:06:35     1000         -   3967064    0.00    0.00    0.00    0.00    0.00    12  |__CPU 3/TCG
15:06:36     1000   3967039         -  188.00    8.00    0.00    0.00  196.00    21  qemu-system-aar
15:06:36     1000         -   3967039    0.00    1.00    0.00    0.00    1.00    21  |__qemu-system-aar
15:06:36     1000         -   3967046    0.00    0.00    0.00    0.00    0.00     4  |__call_rcu
15:06:36     1000         -   3967059   91.00    3.00    0.00    0.00   94.00     0  |__CPU 0/TCG
15:06:36     1000         -   3967061    1.00    0.00    0.00    0.00    1.00    25  |__CPU 1/TCG
15:06:36     1000         -   3967063   95.00    4.00    0.00    0.00   99.00    20  |__CPU 2/TCG
15:06:36     1000         -   3967064    0.00    0.00    0.00    0.00    0.00    12  |__CPU 3/TCG
15:06:37     1000   3967039         -  187.00    9.00    0.00    0.00  196.00    21  qemu-system-aar
15:06:37     1000         -   3967039    1.00    0.00    0.00    0.00    1.00    21  |__qemu-system-aar
15:06:37     1000         -   3967046    0.00    0.00    0.00    0.00    0.00     4  |__call_rcu
15:06:37     1000         -   3967059   91.00    5.00    0.00    0.00   96.00     0  |__CPU 0/TCG
15:06:37     1000         -   3967061    1.00    0.00    0.00    0.00    1.00    25  |__CPU 1/TCG
15:06:37     1000         -   3967063   95.00    4.00    0.00    0.00   99.00    20  |__CPU 2/TCG
15:06:37     1000         -   3967064    0.00    0.00    0.00    0.00    0.00    12  |__CPU 3/TCG
15:06:38     1000   3967039         -  186.00    9.00    0.00    0.00  195.00    21  qemu-system-aar
15:06:38     1000         -   3967039    0.00    2.00    0.00    0.00    2.00    21  |__qemu-system-aar
15:06:38     1000         -   3967046    0.00    0.00    0.00    0.00    0.00     4  |__call_rcu
15:06:38     1000         -   3967059   89.00    4.00    0.00    0.00   93.00     0  |__CPU 0/TCG
15:06:38     1000         -   3967061    0.00    0.00    0.00    0.00    0.00    25  |__CPU 1/TCG
15:06:38     1000         -   3967063   95.00    5.00    0.00    0.00  100.00    20  |__CPU 2/TCG
15:06:38     1000         -   3967064    0.00    0.00    0.00    0.00    0.00    12  |__CPU 3/TCG
15:06:39     1000   3967039         -  184.00   10.00    0.00    0.00  194.00    22  qemu-system-aar
15:06:39     1000         -   3967039    1.00    0.00    0.00    0.00    1.00    22  |__qemu-system-aar
15:06:39     1000         -   3967046    0.00    0.00    0.00    0.00    0.00     4  |__call_rcu
15:06:39     1000         -   3967059   90.00    5.00    0.00    0.00   95.00     0  |__CPU 0/TCG
15:06:39     1000         -   3967061    1.00    0.00    0.00    0.00    1.00    25  |__CPU 1/TCG
15:06:39     1000         -   3967063   93.00    6.00    0.00    0.00   99.00    20  |__CPU 2/TCG
15:06:39     1000         -   3967064    0.00    0.00    0.00    0.00    0.00    12  |__CPU 3/TCG
15:06:40     1000   3967039         -  187.00    8.00    0.00    0.00  195.00    21  qemu-system-aar
15:06:40     1000         -   3967039    0.00    0.00    0.00    0.00    0.00    21  |__qemu-system-aar
15:06:40     1000         -   3967046    0.00    0.00    0.00    0.00    0.00     4  |__call_rcu
15:06:40     1000         -   3967059   90.00    3.00    0.00    0.00   93.00    16  |__CPU 0/TCG
15:06:40     1000         -   3967061    0.00    0.00    0.00    0.00    0.00    25  |__CPU 1/TCG
15:06:40     1000         -   3967063   95.00    4.00    0.00    0.00   99.00    20  |__CPU 2/TCG
15:06:40     1000         -   3967064    0.00    0.00    0.00    0.00    0.00    12  |__CPU 3/TCG
15:06:41     1000   3967039         -  188.00    7.00    0.00    0.00  195.00    22  qemu-system-aar
15:06:41     1000         -   3967039    1.00    1.00    0.00    0.00    2.00    22  |__qemu-system-aar
15:06:41     1000         -   3967046    0.00    0.00    0.00    0.00    0.00     4  |__call_rcu
15:06:41     1000         -   3967059   91.00    4.00    0.00    0.00   95.00    16  |__CPU 0/TCG
15:06:41     1000         -   3967061    1.00    0.00    0.00    0.00    1.00    26  |__CPU 1/TCG
15:06:41     1000         -   3967063   95.00    3.00    0.00    0.00   98.00    20  |__CPU 2/TCG
15:06:41     1000         -   3967064    0.00    0.00    0.00    0.00    0.00    12  |__CPU 3/TCG
15:06:42     1000   3967039         -  188.00    8.00    0.00    0.00  196.00    22  qemu-system-aar
15:06:42     1000         -   3967039    0.00    1.00    0.00    0.00    1.00    22  |__qemu-system-aar
15:06:42     1000         -   3967046    0.00    0.00    0.00    0.00    0.00     4  |__call_rcu
15:06:42     1000         -   3967059   92.00    3.00    0.00    0.00   95.00    16  |__CPU 0/TCG
15:06:42     1000         -   3967061    1.00    0.00    0.00    0.00    1.00    26  |__CPU 1/TCG
15:06:42     1000         -   3967063   95.00    5.00    0.00    0.00  100.00    20  |__CPU 2/TCG
15:06:42     1000         -   3967064    0.00    0.00    0.00    0.00    0.00    12  |__CPU 3/TCG
15:06:43     1000   3967039         -  186.00    8.00    0.00    0.00  194.00    22  qemu-system-aar
15:06:43     1000         -   3967039    0.00    1.00    0.00    0.00    1.00    22  |__qemu-system-aar
15:06:43     1000         -   3967046    0.00    0.00    0.00    0.00    0.00     4  |__call_rcu
15:06:43     1000         -   3967059   90.00    4.00    0.00    0.00   94.00    16  |__CPU 0/TCG
15:06:43     1000         -   3967061    0.00    0.00    0.00    0.00    0.00     1  |__CPU 1/TCG
15:06:43     1000         -   3967063   95.00    4.00    0.00    0.00   99.00    20  |__CPU 2/TCG
15:06:43     1000         -   3967064    0.00    0.00    0.00    0.00    0.00    12  |__CPU 3/TCG
15:06:44     1000   3967039         -  187.00    8.00    0.00    0.00  195.00    22  qemu-system-aar
15:06:44     1000         -   3967039    0.00    1.00    0.00    0.00    1.00    22  |__qemu-system-aar
15:06:44     1000         -   3967046    0.00    0.00    0.00    0.00    0.00     4  |__call_rcu
15:06:44     1000         -   3967059   90.00    3.00    0.00    0.00   93.00    16  |__CPU 0/TCG
15:06:44     1000         -   3967061    1.00    1.00    0.00    0.00    2.00    23  |__CPU 1/TCG
15:06:44     1000         -   3967063   94.00    4.00    0.00    0.00   98.00    20  |__CPU 2/TCG
15:06:44     1000         -   3967064    0.00    0.00    0.00    0.00    0.00    12  |__CPU 3/TCG
15:06:45     1000   3967039         -  189.00    7.00    0.00    0.00  196.00    22  qemu-system-aar
15:06:45     1000         -   3967039    1.00    1.00    0.00    0.00    2.00    22  |__qemu-system-aar
15:06:45     1000         -   3967046    0.00    0.00    0.00    0.00    0.00     4  |__call_rcu
15:06:45     1000         -   3967059   92.00    3.00    0.00    0.00   95.00    16  |__CPU 0/TCG
15:06:45     1000         -   3967061    0.00    0.00    0.00    0.00    0.00    23  |__CPU 1/TCG
15:06:45     1000         -   3967063   96.00    4.00    0.00    0.00  100.00    20  |__CPU 2/TCG
15:06:45     1000         -   3967064    0.00    0.00    0.00    0.00    0.00    12  |__CPU 3/TCG
15:06:46     1000   3967039         -  186.00    9.00    0.00    0.00  195.00    22  qemu-system-aar
15:06:46     1000         -   3967039    0.00    1.00    0.00    0.00    1.00    22  |__qemu-system-aar
15:06:46     1000         -   3967046    0.00    0.00    0.00    0.00    0.00     4  |__call_rcu
15:06:46     1000         -   3967059   89.00    5.00    0.00    0.00   94.00    16  |__CPU 0/TCG
15:06:46     1000         -   3967061    1.00    0.00    0.00    0.00    1.00    23  |__CPU 1/TCG
15:06:46     1000         -   3967063   95.00    4.00    0.00    0.00   99.00    20  |__CPU 2/TCG
15:06:46     1000         -   3967064    0.00    0.00    0.00    0.00    0.00    12  |__CPU 3/TCG
15:06:47     1000   3967039         -  187.00    8.00    0.00    0.00  195.00     2  qemu-system-aar
15:06:47     1000         -   3967039    0.00    1.00    0.00    0.00    1.00     2  |__qemu-system-aar
15:06:47     1000         -   3967046    0.00    0.00    0.00    0.00    0.00     4  |__call_rcu
15:06:47     1000         -   3967059   91.00    4.00    0.00    0.00   95.00    16  |__CPU 0/TCG
15:06:47     1000         -   3967061    1.00    0.00    0.00    0.00    1.00    23  |__CPU 1/TCG
15:06:47     1000         -   3967063   95.00    5.00    0.00    0.00  100.00    20  |__CPU 2/TCG
15:06:47     1000         -   3967064    0.00    0.00    0.00    0.00    0.00    12  |__CPU 3/TCG
15:06:48     1000   3967039         -  186.00    9.00    0.00    0.00  195.00     3  qemu-system-aar
15:06:48     1000         -   3967039    0.00    0.00    0.00    0.00    0.00     3  |__qemu-system-aar
15:06:48     1000         -   3967046    0.00    0.00    0.00    0.00    0.00     4  |__call_rcu
15:06:48     1000         -   3967059   90.00    3.00    0.00    0.00   93.00    16  |__CPU 0/TCG
15:06:48     1000         -   3967061    0.00    0.00    0.00    0.00    0.00    23  |__CPU 1/TCG
15:06:48     1000         -   3967063   94.00    4.00    0.00    0.00   98.00    20  |__CPU 2/TCG
15:06:48     1000         -   3967064    0.00    0.00    0.00    0.00    0.00    12  |__CPU 3/TCG
15:06:49     1000   3967039         -  187.00    8.00    0.00    0.00  195.00     5  qemu-system-aar
15:06:49     1000         -   3967039    2.00    0.00    0.00    0.00    2.00     5  |__qemu-system-aar
15:06:49     1000         -   3967046    0.00    0.00    0.00    0.00    0.00     4  |__call_rcu
15:06:49     1000         -   3967059   90.00    5.00    0.00    0.00   95.00    16  |__CPU 0/TCG
15:06:49     1000         -   3967061    1.00    0.00    0.00    0.00    1.00     1  |__CPU 1/TCG
15:06:49     1000         -   3967063   95.00    4.00    0.00    0.00   99.00    20  |__CPU 2/TCG
15:06:49     1000         -   3967064    0.00    0.00    0.00    0.00    0.00    12  |__CPU 3/TCG
15:06:50     1000   3967039         -  185.00   10.00    0.00    0.00  195.00     6  qemu-system-aar
15:06:50     1000         -   3967039    1.00    0.00    0.00    0.00    1.00     6  |__qemu-system-aar
15:06:50     1000         -   3967046    0.00    0.00    0.00    0.00    0.00     4  |__call_rcu
15:06:50     1000         -   3967059   88.00    5.00    0.00    0.00   93.00    16  |__CPU 0/TCG
15:06:50     1000         -   3967061    1.00    0.00    0.00    0.00    1.00     1  |__CPU 1/TCG
15:06:50     1000         -   3967063   95.00    5.00    0.00    0.00  100.00    20  |__CPU 2/TCG
15:06:50     1000         -   3967064    0.00    0.00    0.00    0.00    0.00    12  |__CPU 3/TCG
15:06:51     1000   3967039         -  185.00    8.00    0.00    0.00  193.00     5  qemu-system-aar
15:06:51     1000         -   3967039    0.00    1.00    0.00    0.00    1.00     5  |__qemu-system-aar
15:06:51     1000         -   3967046    0.00    0.00    0.00    0.00    0.00     4  |__call_rcu
15:06:51     1000         -   3967059   89.00    5.00    0.00    0.00   94.00    16  |__CPU 0/TCG
15:06:51     1000         -   3967061    0.00    0.00    0.00    0.00    0.00     1  |__CPU 1/TCG
15:06:51     1000         -   3967063   96.00    3.00    0.00    0.00   99.00    20  |__CPU 2/TCG
15:06:51     1000         -   3967064    0.00    0.00    0.00    0.00    0.00    12  |__CPU 3/TCG
15:06:52     1000   3967039         -  185.00   10.00    0.00    0.00  195.00     7  qemu-system-aar
15:06:52     1000         -   3967039    0.00    1.00    0.00    0.00    1.00     7  |__qemu-system-aar
15:06:52     1000         -   3967046    0.00    0.00    0.00    0.00    0.00     4  |__call_rcu
15:06:52     1000         -   3967059   89.00    4.00    0.00    0.00   93.00    16  |__CPU 0/TCG
15:06:52     1000         -   3967061    1.00    0.00    0.00    0.00    1.00     1  |__CPU 1/TCG
15:06:52     1000         -   3967063   93.00    6.00    0.00    0.00   99.00    20  |__CPU 2/TCG
15:06:52     1000         -   3967064    0.00    0.00    0.00    0.00    0.00    12  |__CPU 3/TCG
15:06:53     1000   3967039         -  184.00   10.00    0.00    0.00  194.00     7  qemu-system-aar
15:06:53     1000         -   3967039    1.00    0.00    0.00    0.00    1.00     7  |__qemu-system-aar
15:06:53     1000         -   3967046    0.00    0.00    0.00    0.00    0.00     4  |__call_rcu
15:06:53     1000         -   3967059   89.00    4.00    0.00    0.00   93.00    16  |__CPU 0/TCG
15:06:53     1000         -   3967061    1.00    0.00    0.00    0.00    1.00     1  |__CPU 1/TCG
15:06:53     1000         -   3967063   94.00    5.00    0.00    0.00   99.00    20  |__CPU 2/TCG
15:06:53     1000         -   3967064    0.00    0.00    0.00    0.00    0.00    12  |__CPU 3/TCG
15:06:54     1000   3967039         -  186.00    9.00    0.00    0.00  195.00     7  qemu-system-aar
15:06:54     1000         -   3967039    0.00    1.00    0.00    0.00    1.00     7  |__qemu-system-aar
15:06:54     1000         -   3967046    0.00    0.00    0.00    0.00    0.00     4  |__call_rcu
15:06:54     1000         -   3967059   88.00    5.00    0.00    0.00   93.00    16  |__CPU 0/TCG
15:06:54     1000         -   3967061    0.00    0.00    0.00    0.00    0.00     6  |__CPU 1/TCG
15:06:54     1000         -   3967063   95.00    4.00    0.00    0.00   99.00    20  |__CPU 2/TCG
15:06:54     1000         -   3967064    0.00    0.00    0.00    0.00    0.00    12  |__CPU 3/TCG
15:06:55     1000   3967039         -  185.00    9.00    0.00    0.00  194.00     7  qemu-system-aar
15:06:55     1000         -   3967039    1.00    0.00    0.00    0.00    1.00     7  |__qemu-system-aar
15:06:55     1000         -   3967046    0.00    0.00    0.00    0.00    0.00     4  |__call_rcu
15:06:55     1000         -   3967059   89.00    4.00    0.00    0.00   93.00    16  |__CPU 0/TCG
15:06:55     1000         -   3967061    1.00    0.00    0.00    0.00    1.00     6  |__CPU 1/TCG
15:06:55     1000         -   3967063   95.00    4.00    0.00    0.00   99.00    20  |__CPU 2/TCG
15:06:55     1000         -   3967064    0.00    0.00    0.00    0.00    0.00    12  |__CPU 3/TCG
15:06:56     1000   3967039         -  185.00    9.00    0.00    0.00  194.00     7  qemu-system-aar
15:06:56     1000         -   3967039    1.00    1.00    0.00    0.00    2.00     7  |__qemu-system-aar
15:06:56     1000         -   3967046    0.00    0.00    0.00    0.00    0.00     4  |__call_rcu
15:06:56     1000         -   3967059   89.00    5.00    0.00    0.00   94.00    16  |__CPU 0/TCG
15:06:56     1000         -   3967061    1.00    0.00    0.00    0.00    1.00    18  |__CPU 1/TCG
15:06:56     1000         -   3967063   94.00    6.00    0.00    0.00  100.00     4  |__CPU 2/TCG
15:06:56     1000         -   3967064    0.00    0.00    0.00    0.00    0.00    12  |__CPU 3/TCG
15:06:57     1000   3967039         -  187.00    8.00    0.00    0.00  195.00     6  qemu-system-aar
15:06:57     1000         -   3967039    1.00    0.00    0.00    0.00    1.00     6  |__qemu-system-aar
15:06:57     1000         -   3967046    0.00    0.00    0.00    0.00    0.00     4  |__call_rcu
15:06:57     1000         -   3967059   91.00    3.00    0.00    0.00   94.00     0  |__CPU 0/TCG
15:06:57     1000         -   3967061    0.00    0.00    0.00    0.00    0.00    18  |__CPU 1/TCG
15:06:57     1000         -   3967063   95.00    4.00    0.00    0.00   99.00     4  |__CPU 2/TCG
15:06:57     1000         -   3967064    0.00    0.00    0.00    0.00    0.00    12  |__CPU 3/TCG
15:06:58     1000   3967039         -  186.00    8.00    0.00    0.00  194.00    17  qemu-system-aar
15:06:58     1000         -   3967039    1.00    0.00    0.00    0.00    1.00    17  |__qemu-system-aar
15:06:58     1000         -   3967046    0.00    0.00    0.00    0.00    0.00     4  |__call_rcu
15:06:58     1000         -   3967059   90.00    3.00    0.00    0.00   93.00     0  |__CPU 0/TCG
15:06:58     1000         -   3967061    1.00    0.00    0.00    0.00    1.00    18  |__CPU 1/TCG
15:06:58     1000         -   3967063   95.00    4.00    0.00    0.00   99.00     4  |__CPU 2/TCG
15:06:58     1000         -   3967064    0.00    0.00    0.00    0.00    0.00    12  |__CPU 3/TCG
15:06:59     1000   3967039         -  184.00   11.00    0.00    0.00  195.00    17  qemu-system-aar
15:06:59     1000         -   3967039    0.00    1.00    0.00    0.00    1.00    17  |__qemu-system-aar
15:06:59     1000         -   3967046    0.00    0.00    0.00    0.00    0.00     4  |__call_rcu
15:06:59     1000         -   3967059   89.00    5.00    0.00    0.00   94.00     0  |__CPU 0/TCG
15:06:59     1000         -   3967061    1.00    0.00    0.00    0.00    1.00     6  |__CPU 1/TCG
15:06:59     1000         -   3967063   93.00    6.00    0.00    0.00   99.00     4  |__CPU 2/TCG
15:06:59     1000         -   3967064    0.00    0.00    0.00    0.00    0.00    12  |__CPU 3/TCG
15:07:00     1000   3967039         -  185.00   10.00    0.00    0.00  195.00    18  qemu-system-aar
15:07:00     1000         -   3967039    1.00    0.00    0.00    0.00    1.00    18  |__qemu-system-aar
15:07:00     1000         -   3967046    0.00    0.00    0.00    0.00    0.00     4  |__call_rcu
15:07:00     1000         -   3967059   88.00    5.00    0.00    0.00   93.00    16  |__CPU 0/TCG
15:07:00     1000         -   3967061    0.00    0.00    0.00    0.00    0.00    19  |__CPU 1/TCG
15:07:00     1000         -   3967063   95.00    4.00    0.00    0.00   99.00    20  |__CPU 2/TCG
15:07:00     1000         -   3967064    0.00    0.00    0.00    0.00    0.00    12  |__CPU 3/TCG
15:07:01     1000   3967039         -  185.00    9.00    0.00    0.00  194.00    19  qemu-system-aar
15:07:01     1000         -   3967039    0.00    1.00    0.00    0.00    1.00    19  |__qemu-system-aar
15:07:01     1000         -   3967046    0.00    0.00    0.00    0.00    0.00     4  |__call_rcu
15:07:01     1000         -   3967059   91.00    4.00    0.00    0.00   95.00    16  |__CPU 0/TCG
15:07:01     1000         -   3967061    1.00    0.00    0.00    0.00    1.00     6  |__CPU 1/TCG
15:07:01     1000         -   3967063   94.00    5.00    0.00    0.00   99.00     4  |__CPU 2/TCG
15:07:01     1000         -   3967064    0.00    0.00    0.00    0.00    0.00    12  |__CPU 3/TCG
15:07:02     1000   3967039         -  186.00    9.00    0.00    0.00  195.00    19  qemu-system-aar
15:07:02     1000         -   3967039    0.00    1.00    0.00    0.00    1.00    19  |__qemu-system-aar
15:07:02     1000         -   3967046    0.00    0.00    0.00    0.00    0.00     4  |__call_rcu
15:07:02     1000         -   3967059   89.00    4.00    0.00    0.00   93.00    16  |__CPU 0/TCG
15:07:02     1000         -   3967061    1.00    0.00    0.00    0.00    1.00     6  |__CPU 1/TCG
15:07:02     1000         -   3967063   95.00    5.00    0.00    0.00  100.00     4  |__CPU 2/TCG
15:07:02     1000         -   3967064    0.00    0.00    0.00    0.00    0.00    12  |__CPU 3/TCG
15:07:03     1000   3967039         -  186.00    9.00    0.00    0.00  195.00    19  qemu-system-aar
15:07:03     1000         -   3967039    1.00    1.00    0.00    0.00    2.00    19  |__qemu-system-aar
15:07:03     1000         -   3967046    0.00    0.00    0.00    0.00    0.00     4  |__call_rcu
15:07:03     1000         -   3967059   90.00    5.00    0.00    0.00   95.00     0  |__CPU 0/TCG
15:07:03     1000         -   3967061    0.00    0.00    0.00    0.00    0.00     6  |__CPU 1/TCG
15:07:03     1000         -   3967063   94.00    4.00    0.00    0.00   98.00    20  |__CPU 2/TCG
15:07:03     1000         -   3967064    0.00    0.00    0.00    0.00    0.00    12  |__CPU 3/TCG
15:07:04     1000   3967039         -  185.00    9.00    0.00    0.00  194.00    19  qemu-system-aar
15:07:04     1000         -   3967039    0.00    1.00    0.00    0.00    1.00    19  |__qemu-system-aar
15:07:04     1000         -   3967046    0.00    0.00    0.00    0.00    0.00     4  |__call_rcu
15:07:04     1000         -   3967059   90.00    3.00    0.00    0.00   93.00    16  |__CPU 0/TCG
15:07:04     1000         -   3967061    1.00    0.00    0.00    0.00    1.00     6  |__CPU 1/TCG
15:07:04     1000         -   3967063   93.00    6.00    0.00    0.00   99.00    20  |__CPU 2/TCG
15:07:04     1000         -   3967064    0.00    0.00    0.00    0.00    0.00    12  |__CPU 3/TCG
15:07:05     1000   3967039         -  187.00    9.00    0.00    0.00  196.00    19  qemu-system-aar
15:07:05     1000         -   3967039    1.00    0.00    0.00    0.00    1.00    19  |__qemu-system-aar
15:07:05     1000         -   3967046    0.00    0.00    0.00    0.00    0.00     4  |__call_rcu
15:07:05     1000         -   3967059   91.00    3.00    0.00    0.00   94.00     0  |__CPU 0/TCG
15:07:05     1000         -   3967061    1.00    0.00    0.00    0.00    1.00    20  |__CPU 1/TCG
15:07:05     1000         -   3967063   94.00    5.00    0.00    0.00   99.00     4  |__CPU 2/TCG
15:07:05     1000         -   3967064    0.00    0.00    0.00    0.00    0.00    12  |__CPU 3/TCG
15:07:06     1000   3967039         -  185.00    9.00    0.00    0.00  194.00    19  qemu-system-aar
15:07:06     1000         -   3967039    0.00    1.00    0.00    0.00    1.00    19  |__qemu-system-aar
15:07:06     1000         -   3967046    0.00    0.00    0.00    0.00    0.00     4  |__call_rcu
15:07:06     1000         -   3967059   90.00    4.00    0.00    0.00   94.00    16  |__CPU 0/TCG
15:07:06     1000         -   3967061    0.00    0.00    0.00    0.00    0.00     6  |__CPU 1/TCG
15:07:06     1000         -   3967063   95.00    5.00    0.00    0.00  100.00    20  |__CPU 2/TCG
15:07:06     1000         -   3967064    0.00    0.00    0.00    0.00    0.00    12  |__CPU 3/TCG
15:07:07     1000   3967039         -  187.00    8.00    0.00    0.00  195.00    21  qemu-system-aar
15:07:07     1000         -   3967039    1.00    0.00    0.00    0.00    1.00    21  |__qemu-system-aar
15:07:07     1000         -   3967046    0.00    0.00    0.00    0.00    0.00     4  |__call_rcu
15:07:07     1000         -   3967059   90.00    4.00    0.00    0.00   94.00    16  |__CPU 0/TCG
15:07:07     1000         -   3967061    1.00    0.00    0.00    0.00    1.00     6  |__CPU 1/TCG
15:07:07     1000         -   3967063   94.00    5.00    0.00    0.00   99.00    20  |__CPU 2/TCG
15:07:07     1000         -   3967064    0.00    0.00    0.00    0.00    0.00    12  |__CPU 3/TCG
15:07:08     1000   3967039         -  185.00   10.00    0.00    0.00  195.00    19  qemu-system-aar
15:07:08     1000         -   3967039    0.00    1.00    0.00    0.00    1.00    19  |__qemu-system-aar
15:07:08     1000         -   3967046    0.00    0.00    0.00    0.00    0.00     4  |__call_rcu
15:07:08     1000         -   3967059   90.00    4.00    0.00    0.00   94.00    16  |__CPU 0/TCG
15:07:08     1000         -   3967061    1.00    0.00    0.00    0.00    1.00     6  |__CPU 1/TCG
15:07:08     1000         -   3967063   94.00    5.00    0.00    0.00   99.00    20  |__CPU 2/TCG
15:07:08     1000         -   3967064    0.00    0.00    0.00    0.00    0.00    12  |__CPU 3/TCG
15:07:09     1000   3967039         -  185.00    9.00    0.00    0.00  194.00    21  qemu-system-aar
15:07:09     1000         -   3967039    1.00    1.00    0.00    0.00    2.00    21  |__qemu-system-aar
15:07:09     1000         -   3967046    0.00    0.00    0.00    0.00    0.00     4  |__call_rcu
15:07:09     1000         -   3967059   90.00    4.00    0.00    0.00   94.00    16  |__CPU 0/TCG
15:07:09     1000         -   3967061    0.00    0.00    0.00    0.00    0.00     6  |__CPU 1/TCG
15:07:09     1000         -   3967063   94.00    5.00    0.00    0.00   99.00    20  |__CPU 2/TCG
15:07:09     1000         -   3967064    0.00    0.00    0.00    0.00    0.00    12  |__CPU 3/TCG
15:07:10     1000   3967039         -  186.00    9.00    0.00    0.00  195.00    21  qemu-system-aar
15:07:10     1000         -   3967039    1.00    0.00    0.00    0.00    1.00    21  |__qemu-system-aar
15:07:10     1000         -   3967046    0.00    0.00    0.00    0.00    0.00     4  |__call_rcu
15:07:10     1000         -   3967059   89.00    4.00    0.00    0.00   93.00    16  |__CPU 0/TCG
15:07:10     1000         -   3967061    1.00    0.00    0.00    0.00    1.00     6  |__CPU 1/TCG
15:07:10     1000         -   3967063   94.00    5.00    0.00    0.00   99.00    20  |__CPU 2/TCG
15:07:10     1000         -   3967064    0.00    0.00    0.00    0.00    0.00    12  |__CPU 3/TCG
15:07:11     1000   3967039         -  182.00   11.00    0.00    0.00  193.00    22  qemu-system-aar
15:07:11     1000         -   3967039    1.00    0.00    0.00    0.00    1.00    22  |__qemu-system-aar
15:07:11     1000         -   3967046    0.00    0.00    0.00    0.00    0.00     4  |__call_rcu
15:07:11     1000         -   3967059   88.00    4.00    0.00    0.00   92.00    16  |__CPU 0/TCG
15:07:11     1000         -   3967061    1.00    0.00    0.00    0.00    1.00    17  |__CPU 1/TCG
15:07:11     1000         -   3967063   93.00    6.00    0.00    0.00   99.00    20  |__CPU 2/TCG
15:07:11     1000         -   3967064    0.00    0.00    0.00    0.00    0.00    12  |__CPU 3/TCG
15:07:12     1000   3967039         -  186.00    7.00    0.00    0.00  193.00    22  qemu-system-aar
15:07:12     1000         -   3967039    0.00    1.00    0.00    0.00    1.00    22  |__qemu-system-aar
15:07:12     1000         -   3967046    0.00    0.00    0.00    0.00    0.00     4  |__call_rcu
15:07:12     1000         -   3967059   90.00    3.00    0.00    0.00   93.00    16  |__CPU 0/TCG
15:07:12     1000         -   3967061    1.00    0.00    0.00    0.00    1.00    17  |__CPU 1/TCG
15:07:12     1000         -   3967063   94.00    4.00    0.00    0.00   98.00    20  |__CPU 2/TCG
15:07:12     1000         -   3967064    0.00    0.00    0.00    0.00    0.00    12  |__CPU 3/TCG
15:07:13     1000   3967039         -  187.00    9.00    0.00    0.00  196.00    19  qemu-system-aar
15:07:13     1000         -   3967039    0.00    1.00    0.00    0.00    1.00    19  |__qemu-system-aar
15:07:13     1000         -   3967046    0.00    0.00    0.00    0.00    0.00     4  |__call_rcu
15:07:13     1000         -   3967059   90.00    4.00    0.00    0.00   94.00     1  |__CPU 0/TCG
15:07:13     1000         -   3967061    0.00    0.00    0.00    0.00    0.00    17  |__CPU 1/TCG
15:07:13     1000         -   3967063   95.00    5.00    0.00    0.00  100.00     4  |__CPU 2/TCG
15:07:13     1000         -   3967064    0.00    0.00    0.00    0.00    0.00    12  |__CPU 3/TCG
15:07:14     1000   3967039         -  187.00    7.00    0.00    0.00  194.00    19  qemu-system-aar
15:07:14     1000         -   3967039    1.00    0.00    0.00    0.00    1.00    19  |__qemu-system-aar
15:07:14     1000         -   3967046    0.00    0.00    0.00    0.00    0.00     4  |__call_rcu
15:07:14     1000         -   3967059   91.00    3.00    0.00    0.00   94.00    16  |__CPU 0/TCG
15:07:14     1000         -   3967061    0.00    0.00    0.00    0.00    0.00    17  |__CPU 1/TCG
15:07:14     1000         -   3967063   95.00    4.00    0.00    0.00   99.00     4  |__CPU 2/TCG
15:07:14     1000         -   3967064    0.00    0.00    0.00    0.00    0.00    12  |__CPU 3/TCG
15:07:15     1000   3967039         -  187.00    8.00    0.00    0.00  195.00    22  qemu-system-aar
15:07:15     1000         -   3967039    0.00    1.00    0.00    0.00    1.00    22  |__qemu-system-aar
15:07:15     1000         -   3967046    0.00    0.00    0.00    0.00    0.00     4  |__call_rcu
15:07:15     1000         -   3967059   90.00    5.00    0.00    0.00   95.00    16  |__CPU 0/TCG
15:07:15     1000         -   3967061    0.00    1.00    0.00    0.00    1.00    17  |__CPU 1/TCG
15:07:15     1000         -   3967063   96.00    3.00    0.00    0.00   99.00     4  |__CPU 2/TCG
15:07:15     1000         -   3967064    0.00    0.00    0.00    0.00    0.00    12  |__CPU 3/TCG
15:07:16     1000   3967039         -  186.00    9.00    0.00    0.00  195.00    22  qemu-system-aar
15:07:16     1000         -   3967039    1.00    0.00    0.00    0.00    1.00    22  |__qemu-system-aar
15:07:16     1000         -   3967046    0.00    0.00    0.00    0.00    0.00     4  |__call_rcu
15:07:16     1000         -   3967059   91.00    3.00    0.00    0.00   94.00    16  |__CPU 0/TCG
15:07:16     1000         -   3967061    1.00    0.00    0.00    0.00    1.00    17  |__CPU 1/TCG
15:07:16     1000         -   3967063   94.00    6.00    0.00    0.00  100.00     4  |__CPU 2/TCG
15:07:16     1000         -   3967064    0.00    0.00    0.00    0.00    0.00    12  |__CPU 3/TCG
15:07:17     1000   3967039         -  186.00   10.00    0.00    0.00  196.00    22  qemu-system-aar
15:07:17     1000         -   3967039    0.00    1.00    0.00    0.00    1.00    22  |__qemu-system-aar
15:07:17     1000         -   3967046    0.00    0.00    0.00    0.00    0.00     4  |__call_rcu
15:07:17     1000         -   3967059   90.00    4.00    0.00    0.00   94.00    16  |__CPU 0/TCG
15:07:17     1000         -   3967061    0.00    0.00    0.00    0.00    0.00    17  |__CPU 1/TCG
15:07:17     1000         -   3967063   93.00    5.00    0.00    0.00   98.00     4  |__CPU 2/TCG
15:07:17     1000         -   3967064    0.00    0.00    0.00    0.00    0.00    12  |__CPU 3/TCG
15:07:18     1000   3967039         -  187.00    8.00    0.00    0.00  195.00    19  qemu-system-aar
15:07:18     1000         -   3967039    1.00    1.00    0.00    0.00    2.00    19  |__qemu-system-aar
15:07:18     1000         -   3967046    0.00    0.00    0.00    0.00    0.00     4  |__call_rcu
15:07:18     1000         -   3967059   91.00    4.00    0.00    0.00   95.00    16  |__CPU 0/TCG
15:07:18     1000         -   3967061    1.00    0.00    0.00    0.00    1.00    17  |__CPU 1/TCG
15:07:18     1000         -   3967063   95.00    5.00    0.00    0.00  100.00     4  |__CPU 2/TCG
15:07:18     1000         -   3967064    0.00    0.00    0.00    0.00    0.00    12  |__CPU 3/TCG
15:07:19     1000   3967039         -  187.00    9.00    0.00    0.00  196.00    22  qemu-system-aar
15:07:19     1000         -   3967039    1.00    0.00    0.00    0.00    1.00    22  |__qemu-system-aar
15:07:19     1000         -   3967046    0.00    0.00    0.00    0.00    0.00     4  |__call_rcu
15:07:19     1000         -   3967059   90.00    4.00    0.00    0.00   94.00    16  |__CPU 0/TCG
15:07:19     1000         -   3967061    1.00    0.00    0.00    0.00    1.00    17  |__CPU 1/TCG
15:07:19     1000         -   3967063   95.00    4.00    0.00    0.00   99.00    20  |__CPU 2/TCG
15:07:19     1000         -   3967064    0.00    0.00    0.00    0.00    0.00    12  |__CPU 3/TCG
15:07:20     1000   3967039         -  187.00    7.00    0.00    0.00  194.00    19  qemu-system-aar
15:07:20     1000         -   3967039    0.00    0.00    0.00    0.00    0.00    19  |__qemu-system-aar
15:07:20     1000         -   3967046    0.00    0.00    0.00    0.00    0.00     4  |__call_rcu
15:07:20     1000         -   3967059   91.00    4.00    0.00    0.00   95.00     0  |__CPU 0/TCG
15:07:20     1000         -   3967061    0.00    0.00    0.00    0.00    0.00    17  |__CPU 1/TCG
15:07:20     1000         -   3967063   95.00    4.00    0.00    0.00   99.00    20  |__CPU 2/TCG
15:07:20     1000         -   3967064    0.00    0.00    0.00    0.00    0.00    12  |__CPU 3/TCG
15:07:21     1000   3967039         -  185.00   10.00    0.00    0.00  195.00    23  qemu-system-aar
15:07:21     1000         -   3967039    0.00    2.00    0.00    0.00    2.00    23  |__qemu-system-aar
15:07:21     1000         -   3967046    0.00    0.00    0.00    0.00    0.00     4  |__call_rcu
15:07:21     1000         -   3967059   90.00    3.00    0.00    0.00   93.00     0  |__CPU 0/TCG
15:07:21     1000         -   3967061    1.00    0.00    0.00    0.00    1.00    17  |__CPU 1/TCG
15:07:21     1000         -   3967063   93.00    5.00    0.00    0.00   98.00    20  |__CPU 2/TCG
15:07:21     1000         -   3967064    0.00    0.00    0.00    0.00    0.00    12  |__CPU 3/TCG
15:07:22     1000   3967039         -  186.00    8.00    0.00    0.00  194.00    21  qemu-system-aar
15:07:22     1000         -   3967039    1.00    1.00    0.00    0.00    2.00    21  |__qemu-system-aar
15:07:22     1000         -   3967046    0.00    0.00    0.00    0.00    0.00     4  |__call_rcu
15:07:22     1000         -   3967059   90.00    4.00    0.00    0.00   94.00     0  |__CPU 0/TCG
15:07:22     1000         -   3967061    0.00    0.00    0.00    0.00    0.00    17  |__CPU 1/TCG
15:07:22     1000         -   3967063   95.00    4.00    0.00    0.00   99.00    20  |__CPU 2/TCG
15:07:22     1000         -   3967064    0.00    0.00    0.00    0.00    0.00    12  |__CPU 3/TCG
15:07:23     1000   3967039         -  186.00    9.00    0.00    0.00  195.00    21  qemu-system-aar
15:07:23     1000         -   3967039    0.00    1.00    0.00    0.00    1.00    21  |__qemu-system-aar
15:07:23     1000         -   3967046    0.00    0.00    0.00    0.00    0.00     4  |__call_rcu
15:07:23     1000         -   3967059   91.00    4.00    0.00    0.00   95.00     0  |__CPU 0/TCG
15:07:23     1000         -   3967061    0.00    0.00    0.00    0.00    0.00    17  |__CPU 1/TCG
15:07:23     1000         -   3967063   94.00    5.00    0.00    0.00   99.00    20  |__CPU 2/TCG
15:07:23     1000         -   3967064    0.00    0.00    0.00    0.00    0.00    12  |__CPU 3/TCG
15:07:24     1000   3967039         -  186.00    9.00    0.00    0.00  195.00    19  qemu-system-aar
15:07:24     1000         -   3967039    0.00    1.00    0.00    0.00    1.00    19  |__qemu-system-aar
15:07:24     1000         -   3967046    0.00    0.00    0.00    0.00    0.00     4  |__call_rcu
15:07:24     1000         -   3967059   91.00    3.00    0.00    0.00   94.00    16  |__CPU 0/TCG
15:07:24     1000         -   3967061    1.00    0.00    0.00    0.00    1.00    17  |__CPU 1/TCG
15:07:24     1000         -   3967063   94.00    5.00    0.00    0.00   99.00    20  |__CPU 2/TCG
15:07:24     1000         -   3967064    0.00    0.00    0.00    0.00    0.00    12  |__CPU 3/TCG
15:07:25     1000   3967039         -  187.00    9.00    0.00    0.00  196.00    21  qemu-system-aar
15:07:25     1000         -   3967039    0.00    1.00    0.00    0.00    1.00    21  |__qemu-system-aar
15:07:25     1000         -   3967046    0.00    0.00    0.00    0.00    0.00     4  |__call_rcu
15:07:25     1000         -   3967059   89.00    6.00    0.00    0.00   95.00    16  |__CPU 0/TCG
15:07:25     1000         -   3967061    0.00    0.00    0.00    0.00    0.00    17  |__CPU 1/TCG
15:07:25     1000         -   3967063   96.00    4.00    0.00    0.00  100.00    20  |__CPU 2/TCG
15:07:25     1000         -   3967064    0.00    0.00    0.00    0.00    0.00    12  |__CPU 3/TCG
15:07:26     1000   3967039         -  186.00    8.00    0.00    0.00  194.00    21  qemu-system-aar
15:07:26     1000         -   3967039    1.00    0.00    0.00    0.00    1.00    21  |__qemu-system-aar
15:07:26     1000         -   3967046    0.00    0.00    0.00    0.00    0.00     4  |__call_rcu
15:07:26     1000         -   3967059   91.00    3.00    0.00    0.00   94.00    16  |__CPU 0/TCG
15:07:26     1000         -   3967061    1.00    0.00    0.00    0.00    1.00    17  |__CPU 1/TCG
15:07:26     1000         -   3967063   94.00    5.00    0.00    0.00   99.00    20  |__CPU 2/TCG
15:07:26     1000         -   3967064    0.00    0.00    0.00    0.00    0.00    12  |__CPU 3/TCG
15:07:27     1000   3967039         -  187.00    9.00    0.00    0.00  196.00    19  qemu-system-aar
15:07:27     1000         -   3967039    0.00    1.00    0.00    0.00    1.00    19  |__qemu-system-aar
15:07:27     1000         -   3967046    0.00    0.00    0.00    0.00    0.00     4  |__call_rcu
15:07:27     1000         -   3967059   90.00    4.00    0.00    0.00   94.00    16  |__CPU 0/TCG
15:07:27     1000         -   3967061    1.00    0.00    0.00    0.00    1.00    17  |__CPU 1/TCG
15:07:27     1000         -   3967063   95.00    4.00    0.00    0.00   99.00    20  |__CPU 2/TCG
15:07:27     1000         -   3967064    0.00    0.00    0.00    0.00    0.00    12  |__CPU 3/TCG
15:07:28     1000   3967039         -  186.00   10.00    0.00    0.00  196.00    19  qemu-system-aar
15:07:28     1000         -   3967039    0.00    1.00    0.00    0.00    1.00    19  |__qemu-system-aar
15:07:28     1000         -   3967046    0.00    0.00    0.00    0.00    0.00     4  |__call_rcu
15:07:28     1000         -   3967059   91.00    4.00    0.00    0.00   95.00    16  |__CPU 0/TCG
15:07:28     1000         -   3967061    0.00    0.00    0.00    0.00    0.00    17  |__CPU 1/TCG
15:07:28     1000         -   3967063   93.00    5.00    0.00    0.00   98.00    20  |__CPU 2/TCG
15:07:28     1000         -   3967064    0.00    0.00    0.00    0.00    0.00    12  |__CPU 3/TCG
15:07:29     1000   3967039         -  187.00    8.00    0.00    0.00  195.00    19  qemu-system-aar
15:07:29     1000         -   3967039    1.00    0.00    0.00    0.00    1.00    19  |__qemu-system-aar
15:07:29     1000         -   3967046    0.00    0.00    0.00    0.00    0.00     4  |__call_rcu
15:07:29     1000         -   3967059   91.00    4.00    0.00    0.00   95.00    16  |__CPU 0/TCG
15:07:29     1000         -   3967061    1.00    0.00    0.00    0.00    1.00    18  |__CPU 1/TCG
15:07:29     1000         -   3967063   94.00    5.00    0.00    0.00   99.00    20  |__CPU 2/TCG
15:07:29     1000         -   3967064    0.00    0.00    0.00    0.00    0.00    12  |__CPU 3/TCG
15:07:30     1000   3967039         -  185.00   10.00    0.00    0.00  195.00    19  qemu-system-aar
15:07:30     1000         -   3967039    1.00    0.00    0.00    0.00    1.00    19  |__qemu-system-aar
15:07:30     1000         -   3967046    0.00    0.00    0.00    0.00    0.00     4  |__call_rcu
15:07:30     1000         -   3967059   90.00    4.00    0.00    0.00   94.00    16  |__CPU 0/TCG
15:07:30     1000         -   3967061    1.00    0.00    0.00    0.00    1.00    18  |__CPU 1/TCG
15:07:30     1000         -   3967063   94.00    6.00    0.00    0.00  100.00    20  |__CPU 2/TCG
15:07:30     1000         -   3967064    0.00    0.00    0.00    0.00    0.00    12  |__CPU 3/TCG
15:07:31     1000   3967039         -  187.00    7.00    0.00    0.00  194.00    19  qemu-system-aar
15:07:31     1000         -   3967039    0.00    1.00    0.00    0.00    1.00    19  |__qemu-system-aar
15:07:31     1000         -   3967046    0.00    0.00    0.00    0.00    0.00     4  |__call_rcu
15:07:31     1000         -   3967059   91.00    3.00    0.00    0.00   94.00    16  |__CPU 0/TCG
15:07:31     1000         -   3967061    0.00    0.00    0.00    0.00    0.00    18  |__CPU 1/TCG
15:07:31     1000         -   3967063   94.00    4.00    0.00    1.00   98.00    20  |__CPU 2/TCG
15:07:31     1000         -   3967064    0.00    0.00    0.00    0.00    0.00    12  |__CPU 3/TCG
15:07:32     1000   3967039         -  189.00    8.00    0.00    0.00  197.00    19  qemu-system-aar
15:07:32     1000         -   3967039    1.00    1.00    0.00    0.00    2.00    19  |__qemu-system-aar
15:07:32     1000         -   3967046    0.00    0.00    0.00    0.00    0.00     4  |__call_rcu
15:07:32     1000         -   3967059   92.00    3.00    0.00    1.00   95.00    16  |__CPU 0/TCG
15:07:32     1000         -   3967061    1.00    0.00    0.00    0.00    1.00    18  |__CPU 1/TCG
15:07:32     1000         -   3967063   95.00    5.00    0.00    0.00  100.00    20  |__CPU 2/TCG
15:07:32     1000         -   3967064    0.00    0.00    0.00    0.00    0.00    12  |__CPU 3/TCG
15:07:33     1000   3967039         -  185.00   10.00    0.00    0.00  195.00    19  qemu-system-aar
15:07:33     1000         -   3967039    0.00    0.00    0.00    0.00    0.00    19  |__qemu-system-aar
15:07:33     1000         -   3967046    0.00    0.00    0.00    0.00    0.00     4  |__call_rcu
15:07:33     1000         -   3967059   90.00    4.00    0.00    0.00   94.00    16  |__CPU 0/TCG
15:07:33     1000         -   3967061    1.00    0.00    0.00    0.00    1.00    18  |__CPU 1/TCG
15:07:33     1000         -   3967063   94.00    5.00    0.00    0.00   99.00    20  |__CPU 2/TCG
15:07:33     1000         -   3967064    0.00    0.00    0.00    0.00    0.00    12  |__CPU 3/TCG
15:07:34     1000   3967039         -  188.00    7.00    0.00    0.00  195.00    19  qemu-system-aar
15:07:34     1000         -   3967039    1.00    1.00    0.00    0.00    2.00    19  |__qemu-system-aar
15:07:34     1000         -   3967046    0.00    0.00    0.00    0.00    0.00     4  |__call_rcu
15:07:34     1000         -   3967059   92.00    3.00    0.00    0.00   95.00    16  |__CPU 0/TCG
15:07:34     1000         -   3967061    0.00    0.00    0.00    0.00    0.00    18  |__CPU 1/TCG
15:07:34     1000         -   3967063   94.00    5.00    0.00    0.00   99.00    20  |__CPU 2/TCG
15:07:34     1000         -   3967064    0.00    0.00    0.00    0.00    0.00    12  |__CPU 3/TCG
15:07:35     1000   3967039         -  188.00    7.00    0.00    0.00  195.00    19  qemu-system-aar
15:07:35     1000         -   3967039    0.00    1.00    0.00    0.00    1.00    19  |__qemu-system-aar
15:07:35     1000         -   3967046    0.00    0.00    0.00    0.00    0.00     4  |__call_rcu
15:07:35     1000         -   3967059   91.00    3.00    0.00    0.00   94.00    16  |__CPU 0/TCG
15:07:35     1000         -   3967061    1.00    0.00    0.00    0.00    1.00    18  |__CPU 1/TCG
15:07:35     1000         -   3967063   95.00    4.00    0.00    0.00   99.00    20  |__CPU 2/TCG
15:07:35     1000         -   3967064    0.00    0.00    0.00    0.00    0.00    12  |__CPU 3/TCG
15:07:36     1000   3967039         -  186.00   10.00    0.00    0.00  196.00    20  qemu-system-aar
15:07:36     1000         -   3967039    1.00    0.00    0.00    0.00    1.00    20  |__qemu-system-aar
15:07:36     1000         -   3967046    0.00    0.00    0.00    0.00    0.00     4  |__call_rcu
15:07:36     1000         -   3967059   91.00    3.00    0.00    0.00   94.00    16  |__CPU 0/TCG
15:07:36     1000         -   3967061    1.00    0.00    0.00    0.00    1.00    18  |__CPU 1/TCG
15:07:36     1000         -   3967063   94.00    5.00    0.00    0.00   99.00     4  |__CPU 2/TCG
15:07:36     1000         -   3967064    0.00    0.00    0.00    0.00    0.00    12  |__CPU 3/TCG
15:07:37     1000   3967039         -  187.00    9.00    0.00    0.00  196.00    20  qemu-system-aar
15:07:37     1000         -   3967039    0.00    2.00    0.00    0.00    2.00    20  |__qemu-system-aar
15:07:37     1000         -   3967046    0.00    0.00    0.00    0.00    0.00     4  |__call_rcu
15:07:37     1000         -   3967059   91.00    4.00    0.00    0.00   95.00     0  |__CPU 0/TCG
15:07:37     1000         -   3967061    0.00    0.00    0.00    0.00    0.00    18  |__CPU 1/TCG
15:07:37     1000         -   3967063   93.00    5.00    0.00    0.00   98.00     4  |__CPU 2/TCG
15:07:37     1000         -   3967064    0.00    0.00    0.00    0.00    0.00    12  |__CPU 3/TCG
15:07:38     1000   3967039         -  188.00    8.00    0.00    0.00  196.00    20  qemu-system-aar
15:07:38     1000         -   3967039    0.00    2.00    0.00    0.00    2.00    20  |__qemu-system-aar
15:07:38     1000         -   3967046    0.00    0.00    0.00    0.00    0.00     4  |__call_rcu
15:07:38     1000         -   3967059   91.00    4.00    0.00    0.00   95.00     0  |__CPU 0/TCG
15:07:38     1000         -   3967061    1.00    0.00    0.00    0.00    1.00    18  |__CPU 1/TCG
15:07:38     1000         -   3967063   96.00    4.00    0.00    0.00  100.00     4  |__CPU 2/TCG
15:07:38     1000         -   3967064    0.00    0.00    0.00    0.00    0.00    12  |__CPU 3/TCG
15:07:39     1000   3967039         -  189.00    7.00    0.00    0.00  196.00    20  qemu-system-aar
15:07:39     1000         -   3967039    1.00    2.00    0.00    0.00    3.00    20  |__qemu-system-aar
15:07:39     1000         -   3967046    0.00    0.00    0.00    0.00    0.00     4  |__call_rcu
15:07:39     1000         -   3967059   91.00    3.00    0.00    0.00   94.00    16  |__CPU 0/TCG
15:07:39     1000         -   3967061    0.00    0.00    0.00    0.00    0.00    18  |__CPU 1/TCG
15:07:39     1000         -   3967063   95.00    3.00    0.00    0.00   98.00     4  |__CPU 2/TCG
15:07:39     1000         -   3967064    0.00    0.00    0.00    0.00    0.00    12  |__CPU 3/TCG
15:07:40     1000   3967039         -  188.00    8.00    0.00    0.00  196.00    20  qemu-system-aar
15:07:40     1000         -   3967039    0.00    1.00    0.00    0.00    1.00    20  |__qemu-system-aar
15:07:40     1000         -   3967046    0.00    0.00    0.00    0.00    0.00     4  |__call_rcu
15:07:40     1000         -   3967059   91.00    4.00    0.00    0.00   95.00    16  |__CPU 0/TCG
15:07:40     1000         -   3967061    1.00    0.00    0.00    0.00    1.00    18  |__CPU 1/TCG
15:07:40     1000         -   3967063   95.00    5.00    0.00    0.00  100.00     4  |__CPU 2/TCG
15:07:40     1000         -   3967064    0.00    0.00    0.00    0.00    0.00    12  |__CPU 3/TCG
15:07:41     1000   3967039         -  188.00    8.00    0.00    0.00  196.00    20  qemu-system-aar
15:07:41     1000         -   3967039    1.00    2.00    0.00    0.00    3.00    20  |__qemu-system-aar
15:07:41     1000         -   3967046    0.00    0.00    0.00    0.00    0.00     4  |__call_rcu
15:07:41     1000         -   3967059   90.00    4.00    0.00    0.00   94.00    16  |__CPU 0/TCG
15:07:41     1000         -   3967061    1.00    0.00    0.00    0.00    1.00    18  |__CPU 1/TCG
15:07:41     1000         -   3967063   95.00    3.00    0.00    0.00   98.00     4  |__CPU 2/TCG
15:07:41     1000         -   3967064    0.00    0.00    0.00    0.00    0.00    12  |__CPU 3/TCG
15:07:42     1000   3967039         -  189.00    7.00    0.00    0.00  196.00    20  qemu-system-aar
15:07:42     1000         -   3967039    1.00    0.00    0.00    0.00    1.00    20  |__qemu-system-aar
15:07:42     1000         -   3967046    0.00    0.00    0.00    0.00    0.00     4  |__call_rcu
15:07:42     1000         -   3967059   92.00    3.00    0.00    0.00   95.00    16  |__CPU 0/TCG
15:07:42     1000         -   3967061    0.00    0.00    0.00    0.00    0.00    21  |__CPU 1/TCG
15:07:42     1000         -   3967063   95.00    4.00    0.00    0.00   99.00     4  |__CPU 2/TCG
15:07:42     1000         -   3967064    0.00    0.00    0.00    0.00    0.00    12  |__CPU 3/TCG
15:07:43     1000   3967039         -  187.00    9.00    0.00    0.00  196.00    20  qemu-system-aar
15:07:43     1000         -   3967039    2.00    1.00    0.00    0.00    3.00    20  |__qemu-system-aar
15:07:43     1000         -   3967046    0.00    0.00    0.00    0.00    0.00     4  |__call_rcu
15:07:43     1000         -   3967059   90.00    4.00    0.00    0.00   94.00    16  |__CPU 0/TCG
15:07:43     1000         -   3967061    1.00    0.00    0.00    0.00    1.00    21  |__CPU 1/TCG
15:07:43     1000         -   3967063   94.00    5.00    0.00    0.00   99.00     4  |__CPU 2/TCG
15:07:43     1000         -   3967064    0.00    0.00    0.00    0.00    0.00    12  |__CPU 3/TCG
15:07:44     1000   3967039         -  188.00    8.00    0.00    0.00  196.00    20  qemu-system-aar
15:07:44     1000         -   3967039    0.00    1.00    0.00    0.00    1.00    20  |__qemu-system-aar
15:07:44     1000         -   3967046    0.00    0.00    0.00    0.00    0.00     4  |__call_rcu
15:07:44     1000         -   3967059   92.00    4.00    0.00    0.00   96.00    16  |__CPU 0/TCG
15:07:44     1000         -   3967061    1.00    0.00    0.00    0.00    1.00     1  |__CPU 1/TCG
15:07:44     1000         -   3967063   95.00    4.00    0.00    0.00   99.00     4  |__CPU 2/TCG
15:07:44     1000         -   3967064    0.00    0.00    0.00    0.00    0.00    12  |__CPU 3/TCG
15:07:45     1000   3967039         -  189.00    8.00    0.00    0.00  197.00    20  qemu-system-aar
15:07:45     1000         -   3967039    1.00    1.00    0.00    0.00    2.00    20  |__qemu-system-aar
15:07:45     1000         -   3967046    0.00    0.00    0.00    0.00    0.00     4  |__call_rcu
15:07:45     1000         -   3967059   91.00    4.00    0.00    0.00   95.00    16  |__CPU 0/TCG
15:07:45     1000         -   3967061    0.00    0.00    0.00    0.00    0.00     1  |__CPU 1/TCG
15:07:45     1000         -   3967063   95.00    3.00    0.00    0.00   98.00     9  |__CPU 2/TCG
15:07:45     1000         -   3967064    0.00    0.00    0.00    0.00    0.00    12  |__CPU 3/TCG
15:07:46     1000   3967039         -  187.00    9.00    0.00    0.00  196.00    20  qemu-system-aar
15:07:46     1000         -   3967039    2.00    0.00    0.00    0.00    2.00    20  |__qemu-system-aar
15:07:46     1000         -   3967046    0.00    0.00    0.00    0.00    0.00     4  |__call_rcu
15:07:46     1000         -   3967059   90.00    4.00    0.00    0.00   94.00    16  |__CPU 0/TCG
15:07:46     1000         -   3967061    1.00    0.00    0.00    0.00    1.00    18  |__CPU 1/TCG
15:07:46     1000         -   3967063   94.00    5.00    0.00    0.00   99.00     4  |__CPU 2/TCG
15:07:46     1000         -   3967064    0.00    0.00    0.00    0.00    0.00    12  |__CPU 3/TCG
15:07:47     1000   3967039         -  187.00    8.00    0.00    0.00  195.00    19  qemu-system-aar
15:07:47     1000         -   3967039    0.00    2.00    0.00    0.00    2.00    19  |__qemu-system-aar
15:07:47     1000         -   3967046    0.00    0.00    0.00    0.00    0.00     4  |__call_rcu
15:07:47     1000         -   3967059   91.00    3.00    0.00    0.00   94.00    16  |__CPU 0/TCG
15:07:47     1000         -   3967061    1.00    0.00    0.00    0.00    1.00     1  |__CPU 1/TCG
15:07:47     1000         -   3967063   95.00    4.00    0.00    0.00   99.00    20  |__CPU 2/TCG
15:07:47     1000         -   3967064    0.00    0.00    0.00    0.00    0.00    12  |__CPU 3/TCG
15:07:48     1000   3967039         -  189.00    8.00    0.00    0.00  197.00    20  qemu-system-aar
15:07:48     1000         -   3967039    0.00    2.00    0.00    0.00    2.00    20  |__qemu-system-aar
15:07:48     1000         -   3967046    0.00    0.00    0.00    0.00    0.00     4  |__call_rcu
15:07:48     1000         -   3967059   91.00    4.00    0.00    0.00   95.00    16  |__CPU 0/TCG
15:07:48     1000         -   3967061    0.00    0.00    0.00    0.00    0.00    21  |__CPU 1/TCG
15:07:48     1000         -   3967063   95.00    4.00    0.00    0.00   99.00     4  |__CPU 2/TCG
15:07:48     1000         -   3967064    0.00    0.00    0.00    0.00    0.00    12  |__CPU 3/TCG
15:07:49     1000   3967039         -  189.00    7.00    0.00    0.00  196.00    20  qemu-system-aar
15:07:49     1000         -   3967039    1.00    0.00    0.00    0.00    1.00    20  |__qemu-system-aar
15:07:49     1000         -   3967046    0.00    0.00    0.00    0.00    0.00     4  |__call_rcu
15:07:49     1000         -   3967059   92.00    3.00    0.00    0.00   95.00    16  |__CPU 0/TCG
15:07:49     1000         -   3967061    1.00    0.00    0.00    0.00    1.00    21  |__CPU 1/TCG
15:07:49     1000         -   3967063   95.00    4.00    0.00    0.00   99.00     4  |__CPU 2/TCG
15:07:49     1000         -   3967064    0.00    0.00    0.00    0.00    0.00    12  |__CPU 3/TCG
15:07:50     1000   3967039         -  187.00    9.00    0.00    0.00  196.00    20  qemu-system-aar
15:07:50     1000         -   3967039    1.00    2.00    0.00    0.00    3.00    20  |__qemu-system-aar
15:07:50     1000         -   3967046    0.00    0.00    0.00    0.00    0.00     4  |__call_rcu
15:07:50     1000         -   3967059   90.00    5.00    0.00    0.00   95.00    16  |__CPU 0/TCG
15:07:50     1000         -   3967061    1.00    0.00    0.00    0.00    1.00    21  |__CPU 1/TCG
15:07:50     1000         -   3967063   94.00    4.00    0.00    0.00   98.00     4  |__CPU 2/TCG
15:07:50     1000         -   3967064    0.00    0.00    0.00    0.00    0.00    12  |__CPU 3/TCG
15:07:51     1000   3967039         -  187.00    9.00    0.00    0.00  196.00    20  qemu-system-aar
15:07:51     1000         -   3967039    0.00    1.00    0.00    0.00    1.00    20  |__qemu-system-aar
15:07:51     1000         -   3967046    0.00    0.00    0.00    0.00    0.00     4  |__call_rcu
15:07:51     1000         -   3967059   91.00    3.00    0.00    0.00   94.00    16  |__CPU 0/TCG
15:07:51     1000         -   3967061    0.00    0.00    0.00    0.00    0.00    21  |__CPU 1/TCG
15:07:51     1000         -   3967063   94.00    5.00    0.00    0.00   99.00     4  |__CPU 2/TCG
15:07:51     1000         -   3967064    0.00    0.00    0.00    0.00    0.00    12  |__CPU 3/TCG
15:07:52     1000   3967039         -  187.00    8.00    0.00    0.00  195.00    19  qemu-system-aar
15:07:52     1000         -   3967039    1.00    1.00    0.00    0.00    2.00    19  |__qemu-system-aar
15:07:52     1000         -   3967046    0.00    0.00    0.00    0.00    0.00     4  |__call_rcu
15:07:52     1000         -   3967059   90.00    4.00    0.00    0.00   94.00    16  |__CPU 0/TCG
15:07:52     1000         -   3967061    1.00    0.00    0.00    0.00    1.00    22  |__CPU 1/TCG
15:07:52     1000         -   3967063   95.00    4.00    0.00    0.00   99.00     4  |__CPU 2/TCG
15:07:52     1000         -   3967064    0.00    0.00    0.00    0.00    0.00    12  |__CPU 3/TCG
15:07:53     1000   3967039         -  187.00    9.00    0.00    0.00  196.00    21  qemu-system-aar
15:07:53     1000         -   3967039    1.00    1.00    0.00    0.00    2.00    21  |__qemu-system-aar
15:07:53     1000         -   3967046    0.00    0.00    0.00    0.00    0.00     4  |__call_rcu
15:07:53     1000         -   3967059   92.00    3.00    0.00    0.00   95.00     0  |__CPU 0/TCG
15:07:53     1000         -   3967061    1.00    0.00    0.00    0.00    1.00    22  |__CPU 1/TCG
15:07:53     1000         -   3967063   94.00    5.00    0.00    0.00   99.00     4  |__CPU 2/TCG
15:07:53     1000         -   3967064    0.00    0.00    0.00    0.00    0.00    12  |__CPU 3/TCG
15:07:54     1000   3967039         -  187.00    8.00    0.00    0.00  195.00    21  qemu-system-aar
15:07:54     1000         -   3967039    0.00    0.00    0.00    0.00    0.00    21  |__qemu-system-aar
15:07:54     1000         -   3967046    0.00    0.00    0.00    0.00    0.00     4  |__call_rcu
15:07:54     1000         -   3967059   90.00    5.00    0.00    0.00   95.00     0  |__CPU 0/TCG
15:07:54     1000         -   3967061    0.00    0.00    0.00    0.00    0.00    22  |__CPU 1/TCG
15:07:54     1000         -   3967063   95.00    4.00    0.00    0.00   99.00    20  |__CPU 2/TCG
15:07:54     1000         -   3967064    0.00    0.00    0.00    0.00    0.00    12  |__CPU 3/TCG
15:07:55     1000   3967039         -  186.00   10.00    0.00    0.00  196.00    19  qemu-system-aar
15:07:55     1000         -   3967039    1.00    1.00    0.00    0.00    2.00    19  |__qemu-system-aar
15:07:55     1000         -   3967046    0.00    0.00    0.00    0.00    0.00     4  |__call_rcu
15:07:55     1000         -   3967059   90.00    4.00    0.00    0.00   94.00     0  |__CPU 0/TCG
15:07:55     1000         -   3967061    1.00    0.00    0.00    0.00    1.00    22  |__CPU 1/TCG
15:07:55     1000         -   3967063   95.00    5.00    0.00    0.00  100.00    20  |__CPU 2/TCG
15:07:55     1000         -   3967064    0.00    0.00    0.00    0.00    0.00    12  |__CPU 3/TCG
15:07:56     1000   3967039         -  188.00    8.00    0.00    0.00  196.00    19  qemu-system-aar
15:07:56     1000         -   3967039    0.00    1.00    0.00    0.00    1.00    19  |__qemu-system-aar
15:07:56     1000         -   3967046    0.00    0.00    0.00    0.00    0.00     4  |__call_rcu
15:07:56     1000         -   3967059   91.00    4.00    0.00    0.00   95.00    16  |__CPU 0/TCG
15:07:56     1000         -   3967061    1.00    0.00    0.00    0.00    1.00    22  |__CPU 1/TCG
15:07:56     1000         -   3967063   94.00    4.00    0.00    0.00   98.00    20  |__CPU 2/TCG
15:07:56     1000         -   3967064    0.00    0.00    0.00    0.00    0.00    12  |__CPU 3/TCG
15:07:57     1000   3967039         -  188.00    7.00    0.00    0.00  195.00    23  qemu-system-aar
15:07:57     1000         -   3967039    0.00    1.00    0.00    0.00    1.00    23  |__qemu-system-aar
15:07:57     1000         -   3967046    0.00    0.00    0.00    0.00    0.00     4  |__call_rcu
15:07:57     1000         -   3967059   92.00    3.00    0.00    0.00   95.00    16  |__CPU 0/TCG
15:07:57     1000         -   3967061    0.00    0.00    0.00    0.00    0.00    22  |__CPU 1/TCG
15:07:57     1000         -   3967063   95.00    4.00    0.00    0.00   99.00    20  |__CPU 2/TCG
15:07:57     1000         -   3967064    0.00    0.00    0.00    0.00    0.00    12  |__CPU 3/TCG
15:07:58     1000   3967039         -  187.00    8.00    0.00    0.00  195.00    23  qemu-system-aar
15:07:58     1000         -   3967039    1.00    0.00    0.00    0.00    1.00    23  |__qemu-system-aar
15:07:58     1000         -   3967046    0.00    0.00    0.00    0.00    0.00     4  |__call_rcu
15:07:58     1000         -   3967059   90.00    3.00    0.00    0.00   93.00    16  |__CPU 0/TCG
15:07:58     1000         -   3967061    1.00    0.00    0.00    0.00    1.00    22  |__CPU 1/TCG
15:07:58     1000         -   3967063   95.00    5.00    0.00    0.00  100.00    20  |__CPU 2/TCG
15:07:58     1000         -   3967064    0.00    0.00    0.00    0.00    0.00    12  |__CPU 3/TCG
15:07:59     1000   3967039         -  185.00    9.00    0.00    0.00  194.00     5  qemu-system-aar
15:07:59     1000         -   3967039    1.00    1.00    0.00    0.00    2.00     5  |__qemu-system-aar
15:07:59     1000         -   3967046    0.00    0.00    0.00    0.00    0.00     4  |__call_rcu
15:07:59     1000         -   3967059   90.00    4.00    0.00    0.00   94.00    16  |__CPU 0/TCG
15:07:59     1000         -   3967061    1.00    0.00    0.00    0.00    1.00    22  |__CPU 1/TCG
15:07:59     1000         -   3967063   94.00    5.00    0.00    0.00   99.00     4  |__CPU 2/TCG
15:07:59     1000         -   3967064    0.00    0.00    0.00    0.00    0.00    12  |__CPU 3/TCG
15:08:00     1000   3967039         -  187.00    9.00    0.00    0.00  196.00    22  qemu-system-aar
15:08:00     1000         -   3967039    0.00    0.00    0.00    0.00    0.00    22  |__qemu-system-aar
15:08:00     1000         -   3967046    0.00    0.00    0.00    0.00    0.00     4  |__call_rcu
15:08:00     1000         -   3967059   91.00    4.00    0.00    0.00   95.00     0  |__CPU 0/TCG
15:08:00     1000         -   3967061    0.00    0.00    0.00    0.00    0.00    23  |__CPU 1/TCG
15:08:00     1000         -   3967063   94.00    5.00    0.00    0.00   99.00    20  |__CPU 2/TCG
15:08:00     1000         -   3967064    0.00    0.00    0.00    0.00    0.00    12  |__CPU 3/TCG
15:08:01     1000   3967039         -  183.17    7.92    0.00    0.00  191.09    22  qemu-system-aar
15:08:01     1000         -   3967039    0.99    0.99    0.00    0.00    1.98    22  |__qemu-system-aar
15:08:01     1000         -   3967046    0.00    0.00    0.00    0.00    0.00     4  |__call_rcu
15:08:01     1000         -   3967059   88.12    2.97    0.00    0.00   91.09    16  |__CPU 0/TCG
15:08:01     1000         -   3967061    0.99    0.00    0.00    0.00    0.99    23  |__CPU 1/TCG
15:08:01     1000         -   3967063   94.06    3.96    0.00    0.00   98.02    20  |__CPU 2/TCG
15:08:01     1000         -   3967064    0.00    0.00    0.00    0.00    0.00    12  |__CPU 3/TCG
15:08:02     1000   3967039         -  185.00    9.00    0.00    0.00  194.00    22  qemu-system-aar
15:08:02     1000         -   3967039    0.00    0.00    0.00    0.00    0.00    22  |__qemu-system-aar
15:08:02     1000         -   3967046    0.00    0.00    0.00    0.00    0.00     4  |__call_rcu
15:08:02     1000         -   3967059   90.00    4.00    0.00    0.00   94.00     1  |__CPU 0/TCG
15:08:02     1000         -   3967061    1.00    0.00    0.00    0.00    1.00    23  |__CPU 1/TCG
15:08:02     1000         -   3967063   94.00    5.00    0.00    0.00   99.00    20  |__CPU 2/TCG
15:08:02     1000         -   3967064    0.00    0.00    0.00    0.00    0.00    12  |__CPU 3/TCG
15:08:03     1000   3967039         -  188.00    7.00    0.00    0.00  195.00    19  qemu-system-aar
15:08:03     1000         -   3967039    1.00    1.00    0.00    0.00    2.00    19  |__qemu-system-aar
15:08:03     1000         -   3967046    0.00    0.00    0.00    0.00    0.00     4  |__call_rcu
15:08:03     1000         -   3967059   90.00    3.00    0.00    0.00   93.00    16  |__CPU 0/TCG
15:08:03     1000         -   3967061    0.00    0.00    0.00    0.00    0.00    23  |__CPU 1/TCG
15:08:03     1000         -   3967063   95.00    4.00    0.00    0.00   99.00     4  |__CPU 2/TCG
15:08:03     1000         -   3967064    0.00    0.00    0.00    0.00    0.00    12  |__CPU 3/TCG
15:08:04     1000   3967039         -  186.00    9.00    0.00    0.00  195.00    22  qemu-system-aar
15:08:04     1000         -   3967039    0.00    1.00    0.00    0.00    1.00    22  |__qemu-system-aar
15:08:04     1000         -   3967046    0.00    0.00    0.00    0.00    0.00     4  |__call_rcu
15:08:04     1000         -   3967059   90.00    4.00    0.00    0.00   94.00    16  |__CPU 0/TCG
15:08:04     1000         -   3967061    1.00    0.00    0.00    0.00    1.00    23  |__CPU 1/TCG
15:08:04     1000         -   3967063   94.00    5.00    0.00    0.00   99.00    20  |__CPU 2/TCG
15:08:04     1000         -   3967064    0.00    0.00    0.00    0.00    0.00    12  |__CPU 3/TCG
15:08:05     1000   3967039         -  184.00    9.00    0.00    0.00  193.00    19  qemu-system-aar
15:08:05     1000         -   3967039    0.00    1.00    0.00    0.00    1.00    19  |__qemu-system-aar
15:08:05     1000         -   3967046    0.00    0.00    0.00    0.00    0.00     4  |__call_rcu
15:08:05     1000         -   3967059   89.00    4.00    0.00    0.00   93.00    16  |__CPU 0/TCG
15:08:05     1000         -   3967061    1.00    0.00    0.00    0.00    1.00    23  |__CPU 1/TCG
15:08:05     1000         -   3967063   95.00    5.00    0.00    0.00  100.00    20  |__CPU 2/TCG
15:08:05     1000         -   3967064    0.00    0.00    0.00    0.00    0.00    12  |__CPU 3/TCG
15:08:06     1000   3967039         -  183.00   10.00    0.00    0.00  193.00    19  qemu-system-aar
15:08:06     1000         -   3967039    0.00    1.00    0.00    0.00    1.00    19  |__qemu-system-aar
15:08:06     1000         -   3967046    0.00    0.00    0.00    0.00    0.00     4  |__call_rcu
15:08:06     1000         -   3967059   87.00    5.00    0.00    0.00   92.00    16  |__CPU 0/TCG
15:08:06     1000         -   3967061    0.00    0.00    0.00    0.00    0.00    23  |__CPU 1/TCG
15:08:06     1000         -   3967063   93.00    5.00    0.00    0.00   98.00    20  |__CPU 2/TCG
15:08:06     1000         -   3967064    0.00    0.00    0.00    0.00    0.00    12  |__CPU 3/TCG
15:08:07     1000   3967039         -  184.00   10.00    0.00    0.00  194.00    19  qemu-system-aar
15:08:07     1000         -   3967039    0.00    1.00    0.00    0.00    1.00    19  |__qemu-system-aar
15:08:07     1000         -   3967046    0.00    0.00    0.00    0.00    0.00     4  |__call_rcu
15:08:07     1000         -   3967059   89.00    4.00    0.00    0.00   93.00    16  |__CPU 0/TCG
15:08:07     1000         -   3967061    1.00    0.00    0.00    0.00    1.00     5  |__CPU 1/TCG
15:08:07     1000         -   3967063   93.00    6.00    0.00    0.00   99.00    20  |__CPU 2/TCG
15:08:07     1000         -   3967064    0.00    0.00    0.00    0.00    0.00    12  |__CPU 3/TCG
15:08:08     1000   3967039         -  185.00    9.00    0.00    0.00  194.00    22  qemu-system-aar
15:08:08     1000         -   3967039    0.00    1.00    0.00    0.00    1.00    22  |__qemu-system-aar
15:08:08     1000         -   3967046    0.00    0.00    0.00    0.00    0.00     4  |__call_rcu
15:08:08     1000         -   3967059   90.00    3.00    0.00    0.00   93.00    16  |__CPU 0/TCG
15:08:08     1000         -   3967061    1.00    0.00    0.00    0.00    1.00    23  |__CPU 1/TCG
15:08:08     1000         -   3967063   95.00    4.00    0.00    0.00   99.00    20  |__CPU 2/TCG
15:08:08     1000         -   3967064    0.00    0.00    0.00    0.00    0.00    12  |__CPU 3/TCG
15:08:09     1000   3967039         -  187.00    7.00    0.00    0.00  194.00     2  qemu-system-aar
15:08:09     1000         -   3967039    0.00    1.00    0.00    0.00    1.00     2  |__qemu-system-aar
15:08:09     1000         -   3967046    0.00    0.00    0.00    0.00    0.00     4  |__call_rcu
15:08:09     1000         -   3967059   90.00    4.00    0.00    0.00   94.00     0  |__CPU 0/TCG
15:08:09     1000         -   3967061    0.00    0.00    0.00    0.00    0.00     5  |__CPU 1/TCG
15:08:09     1000         -   3967063   95.00    4.00    0.00    0.00   99.00    20  |__CPU 2/TCG
15:08:09     1000         -   3967064    0.00    0.00    0.00    0.00    0.00    12  |__CPU 3/TCG
15:08:10     1000   3967039         -  184.00   11.00    0.00    0.00  195.00    22  qemu-system-aar
15:08:10     1000         -   3967039    0.00    1.00    0.00    0.00    1.00    22  |__qemu-system-aar
15:08:10     1000         -   3967046    0.00    0.00    0.00    0.00    0.00     4  |__call_rcu
15:08:10     1000         -   3967059   90.00    3.00    0.00    0.00   93.00     0  |__CPU 0/TCG
15:08:10     1000         -   3967061    1.00    0.00    0.00    0.00    1.00    23  |__CPU 1/TCG
15:08:10     1000         -   3967063   93.00    7.00    0.00    0.00  100.00     4  |__CPU 2/TCG
15:08:10     1000         -   3967064    0.00    0.00    0.00    0.00    0.00    12  |__CPU 3/TCG
15:08:11     1000   3967039         -  186.00    9.00    0.00    0.00  195.00    23  qemu-system-aar
15:08:11     1000         -   3967039    0.00    2.00    0.00    0.00    2.00    23  |__qemu-system-aar
15:08:11     1000         -   3967046    0.00    0.00    0.00    0.00    0.00     4  |__call_rcu
15:08:11     1000         -   3967059   92.00    3.00    0.00    0.00   95.00     0  |__CPU 0/TCG
15:08:11     1000         -   3967061    1.00    0.00    0.00    0.00    1.00     5  |__CPU 1/TCG
15:08:11     1000         -   3967063   93.00    6.00    0.00    0.00   99.00     4  |__CPU 2/TCG
15:08:11     1000         -   3967064    0.00    0.00    0.00    0.00    0.00    12  |__CPU 3/TCG
15:08:12     1000   3967039         -  186.00    8.00    0.00    0.00  194.00    23  qemu-system-aar
15:08:12     1000         -   3967039    2.00    0.00    0.00    0.00    2.00    23  |__qemu-system-aar
15:08:12     1000         -   3967046    0.00    0.00    0.00    0.00    0.00     4  |__call_rcu
15:08:12     1000         -   3967059   89.00    4.00    0.00    0.00   93.00     0  |__CPU 0/TCG
15:08:12     1000         -   3967061    0.00    0.00    0.00    0.00    0.00    16  |__CPU 1/TCG
15:08:12     1000         -   3967063   94.00    4.00    0.00    0.00   98.00     4  |__CPU 2/TCG
15:08:12     1000         -   3967064    0.00    0.00    0.00    0.00    0.00    12  |__CPU 3/TCG
15:08:13     1000   3967039         -  186.00    9.00    0.00    0.00  195.00     2  qemu-system-aar
15:08:13     1000         -   3967039    0.00    1.00    0.00    0.00    1.00     2  |__qemu-system-aar
15:08:13     1000         -   3967046    0.00    0.00    0.00    0.00    0.00     4  |__call_rcu
15:08:13     1000         -   3967059   91.00    3.00    0.00    0.00   94.00     0  |__CPU 0/TCG
15:08:13     1000         -   3967061    1.00    0.00    0.00    0.00    1.00    16  |__CPU 1/TCG
15:08:13     1000         -   3967063   95.00    4.00    0.00    0.00   99.00     4  |__CPU 2/TCG
15:08:13     1000         -   3967064    0.00    0.00    0.00    0.00    0.00    12  |__CPU 3/TCG
15:08:14     1000   3967039         -  186.00    9.00    0.00    0.00  195.00     1  qemu-system-aar
15:08:14     1000         -   3967039    0.00    0.00    0.00    0.00    0.00     1  |__qemu-system-aar
15:08:14     1000         -   3967046    0.00    0.00    0.00    0.00    0.00     4  |__call_rcu
15:08:14     1000         -   3967059   89.00    5.00    0.00    0.00   94.00     0  |__CPU 0/TCG
15:08:14     1000         -   3967061    0.00    0.00    0.00    0.00    0.00    16  |__CPU 1/TCG
15:08:14     1000         -   3967063   94.00    5.00    0.00    0.00   99.00     4  |__CPU 2/TCG
15:08:14     1000         -   3967064    0.00    0.00    0.00    0.00    0.00    12  |__CPU 3/TCG
15:08:15     1000   3967039         -  185.00    9.00    0.00    0.00  194.00    23  qemu-system-aar
15:08:15     1000         -   3967039    1.00    1.00    0.00    0.00    2.00    23  |__qemu-system-aar
15:08:15     1000         -   3967046    0.00    0.00    0.00    0.00    0.00     4  |__call_rcu
15:08:15     1000         -   3967059   89.00    4.00    0.00    0.00   93.00     0  |__CPU 0/TCG
15:08:15     1000         -   3967061    1.00    0.00    0.00    0.00    1.00    16  |__CPU 1/TCG
15:08:15     1000         -   3967063   95.00    4.00    0.00    0.00   99.00     4  |__CPU 2/TCG
15:08:15     1000         -   3967064    0.00    0.00    0.00    0.00    0.00    12  |__CPU 3/TCG
15:08:16     1000   3967039         -  185.00    8.00    0.00    0.00  193.00    23  qemu-system-aar
15:08:16     1000         -   3967039    1.00    0.00    0.00    0.00    1.00    23  |__qemu-system-aar
15:08:16     1000         -   3967046    0.00    0.00    0.00    0.00    0.00     4  |__call_rcu
15:08:16     1000         -   3967059   89.00    5.00    0.00    0.00   94.00     0  |__CPU 0/TCG
15:08:16     1000         -   3967061    1.00    0.00    0.00    0.00    1.00    16  |__CPU 1/TCG
15:08:16     1000         -   3967063   95.00    4.00    0.00    0.00   99.00     4  |__CPU 2/TCG
15:08:16     1000         -   3967064    0.00    0.00    0.00    0.00    0.00    12  |__CPU 3/TCG
15:08:17     1000   3967039         -  184.00   10.00    0.00    0.00  194.00    23  qemu-system-aar
15:08:17     1000         -   3967039    0.00    1.00    0.00    0.00    1.00    23  |__qemu-system-aar
15:08:17     1000         -   3967046    0.00    0.00    0.00    0.00    0.00     4  |__call_rcu
15:08:17     1000         -   3967059   89.00    4.00    0.00    0.00   93.00     0  |__CPU 0/TCG
15:08:17     1000         -   3967061    0.00    0.00    0.00    0.00    0.00    16  |__CPU 1/TCG
15:08:17     1000         -   3967063   94.00    6.00    0.00    0.00  100.00     4  |__CPU 2/TCG
15:08:17     1000         -   3967064    0.00    0.00    0.00    0.00    0.00    12  |__CPU 3/TCG
15:08:18     1000   3967039         -  189.00    7.00    0.00    0.00  196.00    23  qemu-system-aar
15:08:18     1000         -   3967039    0.00    1.00    0.00    0.00    1.00    23  |__qemu-system-aar
15:08:18     1000         -   3967046    0.00    0.00    0.00    0.00    0.00     4  |__call_rcu
15:08:18     1000         -   3967059   91.00    3.00    0.00    0.00   94.00    16  |__CPU 0/TCG
15:08:18     1000         -   3967061    1.00    0.00    0.00    0.00    1.00     5  |__CPU 1/TCG
15:08:18     1000         -   3967063   95.00    3.00    0.00    0.00   98.00    20  |__CPU 2/TCG
15:08:18     1000         -   3967064    0.00    0.00    0.00    0.00    0.00    12  |__CPU 3/TCG
15:08:19     1000   3967039         -  187.00    8.00    0.00    0.00  195.00     1  qemu-system-aar
15:08:19     1000         -   3967039    1.00    0.00    0.00    0.00    1.00     1  |__qemu-system-aar
15:08:19     1000         -   3967046    0.00    0.00    0.00    0.00    0.00     4  |__call_rcu
15:08:19     1000         -   3967059   91.00    3.00    0.00    0.00   94.00    16  |__CPU 0/TCG
15:08:19     1000         -   3967061    1.00    0.00    0.00    0.00    1.00     4  |__CPU 1/TCG
15:08:19     1000         -   3967063   94.00    5.00    0.00    0.00   99.00    20  |__CPU 2/TCG
15:08:19     1000         -   3967064    0.00    0.00    0.00    0.00    0.00    12  |__CPU 3/TCG
15:08:20     1000   3967039         -  184.00   10.00    0.00    0.00  194.00     5  qemu-system-aar
15:08:20     1000         -   3967039    0.00    1.00    0.00    0.00    1.00     5  |__qemu-system-aar
15:08:20     1000         -   3967046    0.00    0.00    0.00    0.00    0.00     4  |__call_rcu
15:08:20     1000         -   3967059   91.00    4.00    0.00    0.00   95.00    16  |__CPU 0/TCG
15:08:20     1000         -   3967061    0.00    0.00    0.00    0.00    0.00     4  |__CPU 1/TCG
15:08:20     1000         -   3967063   93.00    6.00    0.00    0.00   99.00    20  |__CPU 2/TCG
15:08:20     1000         -   3967064    0.00    0.00    0.00    0.00    0.00    12  |__CPU 3/TCG
15:08:21     1000   3967039         -  186.00   10.00    0.00    0.00  196.00     1  qemu-system-aar
15:08:21     1000         -   3967039    0.00    1.00    0.00    0.00    1.00     1  |__qemu-system-aar
15:08:21     1000         -   3967046    0.00    0.00    0.00    0.00    0.00     4  |__call_rcu
15:08:21     1000         -   3967059   89.00    5.00    0.00    0.00   94.00    16  |__CPU 0/TCG
15:08:21     1000         -   3967061    1.00    0.00    0.00    0.00    1.00     5  |__CPU 1/TCG
15:08:21     1000         -   3967063   95.00    5.00    0.00    0.00  100.00    20  |__CPU 2/TCG
15:08:21     1000         -   3967064    0.00    0.00    0.00    0.00    0.00    12  |__CPU 3/TCG
15:08:22     1000   3967039         -  187.00    8.00    0.00    0.00  195.00     6  qemu-system-aar
15:08:22     1000         -   3967039    0.00    1.00    0.00    0.00    1.00     6  |__qemu-system-aar
15:08:22     1000         -   3967046    0.00    0.00    0.00    0.00    0.00     4  |__call_rcu
15:08:22     1000         -   3967059   90.00    4.00    0.00    0.00   94.00    16  |__CPU 0/TCG
15:08:22     1000         -   3967061    0.00    0.00    0.00    0.00    0.00     7  |__CPU 1/TCG
15:08:22     1000         -   3967063   95.00    3.00    0.00    0.00   98.00     4  |__CPU 2/TCG
15:08:22     1000         -   3967064    0.00    0.00    0.00    0.00    0.00    12  |__CPU 3/TCG
15:08:23     1000   3967039         -  182.00   11.00    0.00    0.00  193.00     7  qemu-system-aar
15:08:23     1000         -   3967039    1.00    1.00    0.00    0.00    2.00     7  |__qemu-system-aar
15:08:23     1000         -   3967046    0.00    0.00    0.00    0.00    0.00     4  |__call_rcu
15:08:23     1000         -   3967059   88.00    4.00    0.00    0.00   92.00     0  |__CPU 0/TCG
15:08:23     1000         -   3967061    1.00    0.00    0.00    0.00    1.00     6  |__CPU 1/TCG
15:08:23     1000         -   3967063   92.00    7.00    0.00    0.00   99.00     4  |__CPU 2/TCG
15:08:23     1000         -   3967064    0.00    0.00    0.00    0.00    0.00    12  |__CPU 3/TCG
15:08:24     1000   3967039         -  188.00    7.00    0.00    0.00  195.00     6  qemu-system-aar
15:08:24     1000         -   3967039    1.00    0.00    0.00    0.00    1.00     6  |__qemu-system-aar
15:08:24     1000         -   3967046    0.00    0.00    0.00    0.00    0.00     4  |__call_rcu
15:08:24     1000         -   3967059   91.00    4.00    0.00    0.00   95.00     0  |__CPU 0/TCG
15:08:24     1000         -   3967061    1.00    0.00    0.00    0.00    1.00    17  |__CPU 1/TCG
15:08:24     1000         -   3967063   96.00    3.00    0.00    0.00   99.00     4  |__CPU 2/TCG
15:08:24     1000         -   3967064    0.00    0.00    0.00    0.00    0.00    12  |__CPU 3/TCG
15:08:25     1000   3967039         -  186.00    8.00    0.00    0.00  194.00    16  qemu-system-aar
15:08:25     1000         -   3967039    0.00    1.00    0.00    0.00    1.00    16  |__qemu-system-aar
15:08:25     1000         -   3967046    0.00    0.00    0.00    0.00    0.00     4  |__call_rcu
15:08:25     1000         -   3967059   89.00    4.00    0.00    0.00   93.00     0  |__CPU 0/TCG
15:08:25     1000         -   3967061    0.00    0.00    0.00    0.00    0.00    17  |__CPU 1/TCG
15:08:25     1000         -   3967063   95.00    4.00    0.00    0.00   99.00     4  |__CPU 2/TCG
15:08:25     1000         -   3967064    0.00    0.00    0.00    0.00    0.00    12  |__CPU 3/TCG
15:08:26     1000   3967039         -  185.00   10.00    0.00    0.00  195.00    16  qemu-system-aar
15:08:26     1000         -   3967039    0.00    2.00    0.00    0.00    2.00    16  |__qemu-system-aar
15:08:26     1000         -   3967046    0.00    0.00    0.00    0.00    0.00     4  |__call_rcu
15:08:26     1000         -   3967059   89.00    4.00    0.00    1.00   93.00     0  |__CPU 0/TCG
15:08:26     1000         -   3967061    0.00    0.00    0.00    0.00    0.00    17  |__CPU 1/TCG
15:08:26     1000         -   3967063   94.00    5.00    0.00    0.00   99.00     4  |__CPU 2/TCG
15:08:26     1000         -   3967064    0.00    0.00    0.00    0.00    0.00    12  |__CPU 3/TCG
15:08:27     1000   3967039         -  187.00    9.00    0.00    0.00  196.00    16  qemu-system-aar
15:08:27     1000         -   3967039    0.00    2.00    0.00    0.00    2.00    16  |__qemu-system-aar
15:08:27     1000         -   3967046    0.00    0.00    0.00    0.00    0.00     4  |__call_rcu
15:08:27     1000         -   3967059   92.00    3.00    0.00    0.00   95.00     0  |__CPU 0/TCG
15:08:27     1000         -   3967061    1.00    0.00    0.00    0.00    1.00    17  |__CPU 1/TCG
15:08:27     1000         -   3967063   94.00    5.00    0.00    0.00   99.00     4  |__CPU 2/TCG
15:08:27     1000         -   3967064    0.00    0.00    0.00    0.00    0.00    12  |__CPU 3/TCG
15:08:28     1000   3967039         -  189.00    6.00    0.00    0.00  195.00    16  qemu-system-aar
15:08:28     1000         -   3967039    0.00    2.00    0.00    0.00    2.00    16  |__qemu-system-aar
15:08:28     1000         -   3967046    0.00    0.00    0.00    0.00    0.00     4  |__call_rcu
15:08:28     1000         -   3967059   92.00    3.00    0.00    0.00   95.00    20  |__CPU 0/TCG
15:08:28     1000         -   3967061    0.00    0.00    0.00    0.00    0.00    17  |__CPU 1/TCG
15:08:28     1000         -   3967063   95.00    4.00    0.00    0.00   99.00     0  |__CPU 2/TCG
15:08:28     1000         -   3967064    0.00    0.00    0.00    0.00    0.00    12  |__CPU 3/TCG
15:08:29     1000   3967039         -  191.00    7.00    0.00    0.00  198.00    16  qemu-system-aar
15:08:29     1000         -   3967039    1.00    1.00    0.00    0.00    2.00    16  |__qemu-system-aar
15:08:29     1000         -   3967046    0.00    0.00    0.00    0.00    0.00     4  |__call_rcu
15:08:29     1000         -   3967059   94.00    2.00    0.00    0.00   96.00    20  |__CPU 0/TCG
15:08:29     1000         -   3967061    0.00    0.00    0.00    0.00    0.00     5  |__CPU 1/TCG
15:08:29     1000         -   3967063   96.00    3.00    0.00    0.00   99.00     0  |__CPU 2/TCG
15:08:29     1000         -   3967064    0.00    0.00    0.00    0.00    0.00    12  |__CPU 3/TCG
15:08:30     1000   3967039         -  192.00    6.00    0.00    0.00  198.00    16  qemu-system-aar
15:08:30     1000         -   3967039    0.00    2.00    0.00    0.00    2.00    16  |__qemu-system-aar
15:08:30     1000         -   3967046    0.00    0.00    0.00    0.00    0.00     4  |__call_rcu
15:08:30     1000         -   3967059   93.00    3.00    0.00    0.00   96.00    20  |__CPU 0/TCG
15:08:30     1000         -   3967061    1.00    0.00    0.00    0.00    1.00     5  |__CPU 1/TCG
15:08:30     1000         -   3967063   95.00    3.00    0.00    0.00   98.00     0  |__CPU 2/TCG
15:08:30     1000         -   3967064    0.00    0.00    0.00    0.00    0.00    12  |__CPU 3/TCG
15:08:31     1000   3967039         -  188.00    8.00    0.00    0.00  196.00    16  qemu-system-aar
15:08:31     1000         -   3967039    1.00    2.00    0.00    0.00    3.00    16  |__qemu-system-aar
15:08:31     1000         -   3967046    0.00    0.00    0.00    0.00    0.00     4  |__call_rcu
15:08:31     1000         -   3967059   91.00    4.00    0.00    0.00   95.00    20  |__CPU 0/TCG
15:08:31     1000         -   3967061    1.00    0.00    0.00    0.00    1.00     5  |__CPU 1/TCG
15:08:31     1000         -   3967063   95.00    4.00    0.00    0.00   99.00     0  |__CPU 2/TCG
15:08:31     1000         -   3967064    0.00    0.00    0.00    0.00    0.00    12  |__CPU 3/TCG
15:08:32     1000   3967039         -  190.00    7.00    0.00    0.00  197.00    16  qemu-system-aar
15:08:32     1000         -   3967039    0.00    2.00    0.00    0.00    2.00    16  |__qemu-system-aar
15:08:32     1000         -   3967046    0.00    0.00    0.00    0.00    0.00     4  |__call_rcu
15:08:32     1000         -   3967059   92.00    3.00    0.00    0.00   95.00    20  |__CPU 0/TCG
15:08:32     1000         -   3967061    0.00    0.00    0.00    0.00    0.00     5  |__CPU 1/TCG
15:08:32     1000         -   3967063   95.00    4.00    0.00    0.00   99.00     0  |__CPU 2/TCG
15:08:32     1000         -   3967064    0.00    0.00    0.00    0.00    0.00    12  |__CPU 3/TCG
15:08:33     1000   3967039         -  189.00    8.00    0.00    0.00  197.00    19  qemu-system-aar
15:08:33     1000         -   3967039    1.00    1.00    0.00    0.00    2.00    19  |__qemu-system-aar
15:08:33     1000         -   3967046    0.00    0.00    0.00    0.00    0.00     4  |__call_rcu
15:08:33     1000         -   3967059   92.00    4.00    0.00    0.00   96.00    20  |__CPU 0/TCG
15:08:33     1000         -   3967061    1.00    0.00    0.00    0.00    1.00    17  |__CPU 1/TCG
15:08:33     1000         -   3967063   95.00    4.00    0.00    0.00   99.00    16  |__CPU 2/TCG
15:08:33     1000         -   3967064    0.00    0.00    0.00    0.00    0.00    12  |__CPU 3/TCG
15:08:34     1000   3967039         -  187.00    9.00    0.00    0.00  196.00    19  qemu-system-aar
15:08:34     1000         -   3967039    0.00    1.00    0.00    0.00    1.00    19  |__qemu-system-aar
15:08:34     1000         -   3967046    0.00    0.00    0.00    0.00    0.00     4  |__call_rcu
15:08:34     1000         -   3967059   92.00    3.00    0.00    0.00   95.00     4  |__CPU 0/TCG
15:08:34     1000         -   3967061    0.00    0.00    0.00    0.00    0.00    20  |__CPU 1/TCG
15:08:34     1000         -   3967063   94.00    5.00    0.00    0.00   99.00    16  |__CPU 2/TCG
15:08:34     1000         -   3967064    0.00    0.00    0.00    0.00    0.00    12  |__CPU 3/TCG
15:08:35     1000   3967039         -  189.00    7.00    0.00    0.00  196.00    19  qemu-system-aar
15:08:35     1000         -   3967039    0.00    1.00    0.00    0.00    1.00    19  |__qemu-system-aar
15:08:35     1000         -   3967046    0.00    0.00    0.00    0.00    0.00     4  |__call_rcu
15:08:35     1000         -   3967059   92.00    3.00    0.00    0.00   95.00     4  |__CPU 0/TCG
15:08:35     1000         -   3967061    1.00    0.00    0.00    0.00    1.00    20  |__CPU 1/TCG
15:08:35     1000         -   3967063   95.00    3.00    0.00    0.00   98.00    16  |__CPU 2/TCG
15:08:35     1000         -   3967064    0.00    0.00    0.00    0.00    0.00    12  |__CPU 3/TCG
15:08:36     1000   3967039         -  187.00    9.00    0.00    0.00  196.00    22  qemu-system-aar
15:08:36     1000         -   3967039    2.00    0.00    0.00    0.00    2.00    22  |__qemu-system-aar
15:08:36     1000         -   3967046    0.00    0.00    0.00    0.00    0.00     4  |__call_rcu
15:08:36     1000         -   3967059   91.00    4.00    0.00    0.00   95.00     4  |__CPU 0/TCG
15:08:36     1000         -   3967061    1.00    0.00    0.00    0.00    1.00    20  |__CPU 1/TCG
15:08:36     1000         -   3967063   94.00    5.00    0.00    0.00   99.00    16  |__CPU 2/TCG
15:08:36     1000         -   3967064    0.00    0.00    0.00    0.00    0.00    12  |__CPU 3/TCG
15:08:37     1000   3967039         -  187.00    9.00    0.00    0.00  196.00    22  qemu-system-aar
15:08:37     1000         -   3967039    0.00    1.00    0.00    0.00    1.00    22  |__qemu-system-aar
15:08:37     1000         -   3967046    0.00    0.00    0.00    0.00    0.00     4  |__call_rcu
15:08:37     1000         -   3967059   92.00    4.00    0.00    0.00   96.00     4  |__CPU 0/TCG
15:08:37     1000         -   3967061    0.00    0.00    0.00    0.00    0.00    20  |__CPU 1/TCG
15:08:37     1000         -   3967063   94.00    5.00    0.00    0.00   99.00    16  |__CPU 2/TCG
15:08:37     1000         -   3967064    0.00    0.00    0.00    0.00    0.00    12  |__CPU 3/TCG
15:08:38     1000   3967039         -  189.00    6.00    0.00    0.00  195.00    22  qemu-system-aar
15:08:38     1000         -   3967039    0.00    1.00    0.00    0.00    1.00    22  |__qemu-system-aar
15:08:38     1000         -   3967046    0.00    0.00    0.00    0.00    0.00     4  |__call_rcu
15:08:38     1000         -   3967059   92.00    2.00    0.00    0.00   94.00     4  |__CPU 0/TCG
15:08:38     1000         -   3967061    1.00    0.00    0.00    0.00    1.00    20  |__CPU 1/TCG
15:08:38     1000         -   3967063   95.00    4.00    0.00    0.00   99.00    16  |__CPU 2/TCG
15:08:38     1000         -   3967064    0.00    0.00    0.00    0.00    0.00    12  |__CPU 3/TCG
15:08:39     1000   3967039         -  189.00    8.00    0.00    0.00  197.00     3  qemu-system-aar
15:08:39     1000         -   3967039    0.00    1.00    0.00    0.00    1.00     3  |__qemu-system-aar
15:08:39     1000         -   3967046    0.00    0.00    0.00    0.00    0.00     4  |__call_rcu
15:08:39     1000         -   3967059   92.00    4.00    0.00    0.00   96.00    20  |__CPU 0/TCG
15:08:39     1000         -   3967061    0.00    0.00    0.00    0.00    0.00    17  |__CPU 1/TCG
15:08:39     1000         -   3967063   96.00    3.00    0.00    0.00   99.00    16  |__CPU 2/TCG
15:08:39     1000         -   3967064    0.00    0.00    0.00    0.00    0.00    12  |__CPU 3/TCG
15:08:40     1000   3967039         -  187.00    9.00    0.00    0.00  196.00     3  qemu-system-aar
15:08:40     1000         -   3967039    0.00    2.00    0.00    0.00    2.00     3  |__qemu-system-aar
15:08:40     1000         -   3967046    0.00    0.00    0.00    0.00    0.00     4  |__call_rcu
15:08:40     1000         -   3967059   91.00    5.00    0.00    0.00   96.00     4  |__CPU 0/TCG
15:08:40     1000         -   3967061    1.00    0.00    0.00    0.00    1.00    20  |__CPU 1/TCG
15:08:40     1000         -   3967063   95.00    4.00    0.00    0.00   99.00    16  |__CPU 2/TCG
15:08:40     1000         -   3967064    0.00    0.00    0.00    0.00    0.00    12  |__CPU 3/TCG
15:08:41     1000   3967039         -  188.00    7.00    0.00    0.00  195.00     3  qemu-system-aar
15:08:41     1000         -   3967039    1.00    1.00    0.00    0.00    2.00     3  |__qemu-system-aar
15:08:41     1000         -   3967046    0.00    0.00    0.00    0.00    0.00     4  |__call_rcu
15:08:41     1000         -   3967059   92.00    2.00    0.00    0.00   94.00     4  |__CPU 0/TCG
15:08:41     1000         -   3967061    1.00    0.00    0.00    0.00    1.00    20  |__CPU 1/TCG
15:08:41     1000         -   3967063   94.00    5.00    0.00    0.00   99.00    16  |__CPU 2/TCG
15:08:41     1000         -   3967064    0.00    0.00    0.00    0.00    0.00    12  |__CPU 3/TCG
15:08:42     1000   3967039         -  189.00    8.00    0.00    0.00  197.00     2  qemu-system-aar
15:08:42     1000         -   3967039    1.00    0.00    0.00    0.00    1.00     2  |__qemu-system-aar
15:08:42     1000         -   3967046    0.00    0.00    0.00    0.00    0.00     4  |__call_rcu
15:08:42     1000         -   3967059   91.00    4.00    0.00    0.00   95.00     4  |__CPU 0/TCG
15:08:42     1000         -   3967061    0.00    0.00    0.00    0.00    0.00    20  |__CPU 1/TCG
15:08:42     1000         -   3967063   96.00    3.00    0.00    0.00   99.00    16  |__CPU 2/TCG
15:08:42     1000         -   3967064    0.00    0.00    0.00    0.00    0.00    12  |__CPU 3/TCG
15:08:43     1000   3967039         -  189.00    6.00    0.00    0.00  195.00     3  qemu-system-aar
15:08:43     1000         -   3967039    1.00    0.00    0.00    0.00    1.00     3  |__qemu-system-aar
15:08:43     1000         -   3967046    0.00    0.00    0.00    0.00    0.00     4  |__call_rcu
15:08:43     1000         -   3967059   93.00    3.00    0.00    0.00   96.00     4  |__CPU 0/TCG
15:08:43     1000         -   3967061    1.00    0.00    0.00    0.00    1.00    20  |__CPU 1/TCG
15:08:43     1000         -   3967063   95.00    4.00    0.00    0.00   99.00    16  |__CPU 2/TCG
15:08:43     1000         -   3967064    0.00    0.00    0.00    0.00    0.00    12  |__CPU 3/TCG
15:08:44     1000   3967039         -  189.00    8.00    0.00    0.00  197.00     3  qemu-system-aar
15:08:44     1000         -   3967039    1.00    0.00    0.00    0.00    1.00     3  |__qemu-system-aar
15:08:44     1000         -   3967046    0.00    0.00    0.00    0.00    0.00     4  |__call_rcu
15:08:44     1000         -   3967059   92.00    3.00    0.00    0.00   95.00     4  |__CPU 0/TCG
15:08:44     1000         -   3967061    0.00    0.00    0.00    0.00    0.00    20  |__CPU 1/TCG
15:08:44     1000         -   3967063   95.00    4.00    0.00    0.00   99.00     0  |__CPU 2/TCG
15:08:44     1000         -   3967064    0.00    0.00    0.00    0.00    0.00    12  |__CPU 3/TCG
15:08:45     1000   3967039         -  188.00    8.00    0.00    0.00  196.00     2  qemu-system-aar
15:08:45     1000         -   3967039    0.00    1.00    0.00    0.00    1.00     2  |__qemu-system-aar
15:08:45     1000         -   3967046    0.00    0.00    0.00    0.00    0.00     4  |__call_rcu
15:08:45     1000         -   3967059   92.00    3.00    0.00    0.00   95.00    20  |__CPU 0/TCG
15:08:45     1000         -   3967061    1.00    0.00    0.00    0.00    1.00     3  |__CPU 1/TCG
15:08:45     1000         -   3967063   93.00    5.00    0.00    0.00   98.00     0  |__CPU 2/TCG
15:08:45     1000         -   3967064    0.00    0.00    0.00    0.00    0.00    12  |__CPU 3/TCG
15:08:46     1000   3967039         -  187.00    8.00    0.00    0.00  195.00     2  qemu-system-aar
15:08:46     1000         -   3967039    1.00    1.00    0.00    0.00    2.00     2  |__qemu-system-aar
15:08:46     1000         -   3967046    0.00    0.00    0.00    0.00    0.00     4  |__call_rcu
15:08:46     1000         -   3967059   92.00    3.00    0.00    0.00   95.00    20  |__CPU 0/TCG
15:08:46     1000         -   3967061    0.00    0.00    0.00    0.00    0.00    16  |__CPU 1/TCG
15:08:46     1000         -   3967063   95.00    5.00    0.00    0.00  100.00     0  |__CPU 2/TCG
15:08:46     1000         -   3967064    0.00    0.00    0.00    0.00    0.00    12  |__CPU 3/TCG
15:08:47     1000   3967039         -  190.00    6.00    0.00    0.00  196.00    18  qemu-system-aar
15:08:47     1000         -   3967039    0.00    1.00    0.00    0.00    1.00    18  |__qemu-system-aar
15:08:47     1000         -   3967046    0.00    0.00    0.00    0.00    0.00     4  |__call_rcu
15:08:47     1000         -   3967059   92.00    3.00    0.00    0.00   95.00    20  |__CPU 0/TCG
15:08:47     1000         -   3967061    1.00    0.00    0.00    0.00    1.00     3  |__CPU 1/TCG
15:08:47     1000         -   3967063   96.00    3.00    0.00    0.00   99.00     0  |__CPU 2/TCG
15:08:47     1000         -   3967064    0.00    0.00    0.00    0.00    0.00    12  |__CPU 3/TCG
15:08:48     1000   3967039         -  190.00    7.00    0.00    0.00  197.00    18  qemu-system-aar
15:08:48     1000         -   3967039    1.00    0.00    0.00    0.00    1.00    18  |__qemu-system-aar
15:08:48     1000         -   3967046    0.00    0.00    0.00    0.00    0.00     4  |__call_rcu
15:08:48     1000         -   3967059   93.00    3.00    0.00    0.00   96.00    20  |__CPU 0/TCG
15:08:48     1000         -   3967061    1.00    0.00    0.00    0.00    1.00     3  |__CPU 1/TCG
15:08:48     1000         -   3967063   95.00    3.00    0.00    0.00   98.00     0  |__CPU 2/TCG
15:08:48     1000         -   3967064    0.00    0.00    0.00    0.00    0.00    12  |__CPU 3/TCG
15:08:49     1000   3967039         -  188.00    8.00    0.00    0.00  196.00     7  qemu-system-aar
15:08:49     1000         -   3967039    1.00    1.00    0.00    0.00    2.00     7  |__qemu-system-aar
15:08:49     1000         -   3967046    0.00    0.00    0.00    0.00    0.00     4  |__call_rcu
15:08:49     1000         -   3967059   92.00    3.00    0.00    0.00   95.00     4  |__CPU 0/TCG
15:08:49     1000         -   3967061    0.00    0.00    0.00    0.00    0.00    16  |__CPU 1/TCG
15:08:49     1000         -   3967063   95.00    5.00    0.00    0.00  100.00     0  |__CPU 2/TCG
15:08:49     1000         -   3967064    0.00    0.00    0.00    0.00    0.00    12  |__CPU 3/TCG
15:08:50     1000   3967039         -  189.00    6.00    0.00    0.00  195.00     7  qemu-system-aar
15:08:50     1000         -   3967039    0.00    0.00    0.00    0.00    0.00     7  |__qemu-system-aar
15:08:50     1000         -   3967046    0.00    0.00    0.00    0.00    0.00     4  |__call_rcu
15:08:50     1000         -   3967059   92.00    3.00    0.00    0.00   95.00     4  |__CPU 0/TCG
15:08:50     1000         -   3967061    1.00    0.00    0.00    0.00    1.00     3  |__CPU 1/TCG
15:08:50     1000         -   3967063   95.00    3.00    0.00    0.00   98.00     0  |__CPU 2/TCG
15:08:50     1000         -   3967064    0.00    0.00    0.00    0.00    0.00    12  |__CPU 3/TCG
15:08:51     1000   3967039         -  187.00    9.00    0.00    0.00  196.00    20  qemu-system-aar
15:08:51     1000         -   3967039    1.00    1.00    0.00    0.00    2.00    20  |__qemu-system-aar
15:08:51     1000         -   3967046    0.00    0.00    0.00    0.00    0.00     4  |__call_rcu
15:08:51     1000         -   3967059   90.00    4.00    0.00    0.00   94.00     4  |__CPU 0/TCG
15:08:51     1000         -   3967061    0.00    0.00    0.00    0.00    0.00     3  |__CPU 1/TCG
15:08:51     1000         -   3967063   95.00    5.00    0.00    0.00  100.00     0  |__CPU 2/TCG
15:08:51     1000         -   3967064    0.00    0.00    0.00    0.00    0.00    12  |__CPU 3/TCG
15:08:52     1000   3967039         -  188.00    8.00    0.00    0.00  196.00    20  qemu-system-aar
15:08:52     1000         -   3967039    1.00    1.00    0.00    0.00    2.00    20  |__qemu-system-aar
15:08:52     1000         -   3967046    0.00    0.00    0.00    0.00    0.00     4  |__call_rcu
15:08:52     1000         -   3967059   92.00    4.00    0.00    0.00   96.00     4  |__CPU 0/TCG
15:08:52     1000         -   3967061    1.00    0.00    0.00    0.00    1.00     3  |__CPU 1/TCG
15:08:52     1000         -   3967063   94.00    4.00    0.00    0.00   98.00     0  |__CPU 2/TCG
15:08:52     1000         -   3967064    0.00    0.00    0.00    0.00    0.00    12  |__CPU 3/TCG
15:08:53     1000   3967039         -  188.00    9.00    0.00    0.00  197.00    22  qemu-system-aar
15:08:53     1000         -   3967039    1.00    1.00    0.00    0.00    2.00    22  |__qemu-system-aar
15:08:53     1000         -   3967046    0.00    0.00    0.00    0.00    0.00     4  |__call_rcu
15:08:53     1000         -   3967059   93.00    3.00    0.00    0.00   96.00    20  |__CPU 0/TCG
15:08:53     1000         -   3967061    1.00    0.00    0.00    0.00    1.00     3  |__CPU 1/TCG
15:08:53     1000         -   3967063   93.00    6.00    0.00    1.00   99.00    16  |__CPU 2/TCG
15:08:53     1000         -   3967064    0.00    0.00    0.00    0.00    0.00    12  |__CPU 3/TCG
15:08:54     1000   3967039         -  190.00    6.00    0.00    0.00  196.00    22  qemu-system-aar
15:08:54     1000         -   3967039    1.00    0.00    0.00    0.00    1.00    22  |__qemu-system-aar
15:08:54     1000         -   3967046    0.00    0.00    0.00    0.00    0.00     4  |__call_rcu
15:08:54     1000         -   3967059   93.00    2.00    0.00    0.00   95.00    20  |__CPU 0/TCG
15:08:54     1000         -   3967061    0.00    0.00    0.00    0.00    0.00     3  |__CPU 1/TCG
15:08:54     1000         -   3967063   95.00    3.00    0.00    0.00   98.00    16  |__CPU 2/TCG
15:08:54     1000         -   3967064    0.00    0.00    0.00    0.00    0.00    12  |__CPU 3/TCG
15:08:55     1000   3967039         -  189.00    7.00    0.00    0.00  196.00    21  qemu-system-aar
15:08:55     1000         -   3967039    1.00    0.00    0.00    0.00    1.00    21  |__qemu-system-aar
15:08:55     1000         -   3967046    0.00    0.00    0.00    0.00    0.00     4  |__call_rcu
15:08:55     1000         -   3967059   92.00    3.00    0.00    0.00   95.00    20  |__CPU 0/TCG
15:08:55     1000         -   3967061    1.00    0.00    0.00    0.00    1.00     3  |__CPU 1/TCG
15:08:55     1000         -   3967063   95.00    4.00    0.00    0.00   99.00    16  |__CPU 2/TCG
15:08:55     1000         -   3967064    0.00    0.00    0.00    0.00    0.00    12  |__CPU 3/TCG
15:08:56     1000   3967039         -  188.00    7.00    0.00    0.00  195.00    21  qemu-system-aar
15:08:56     1000         -   3967039    1.00    0.00    0.00    0.00    1.00    21  |__qemu-system-aar
15:08:56     1000         -   3967046    0.00    0.00    0.00    0.00    0.00     4  |__call_rcu
15:08:56     1000         -   3967059   91.00    4.00    0.00    0.00   95.00    20  |__CPU 0/TCG
15:08:56     1000         -   3967061    1.00    0.00    0.00    0.00    1.00    23  |__CPU 1/TCG
15:08:56     1000         -   3967063   96.00    4.00    0.00    0.00  100.00     0  |__CPU 2/TCG
15:08:56     1000         -   3967064    0.00    0.00    0.00    0.00    0.00    12  |__CPU 3/TCG
15:08:57     1000   3967039         -  188.00    9.00    0.00    0.00  197.00    22  qemu-system-aar
15:08:57     1000         -   3967039    1.00    1.00    0.00    0.00    2.00    22  |__qemu-system-aar
15:08:57     1000         -   3967046    0.00    0.00    0.00    0.00    0.00     4  |__call_rcu
15:08:57     1000         -   3967059   91.00    4.00    0.00    0.00   95.00     4  |__CPU 0/TCG
15:08:57     1000         -   3967061    0.00    0.00    0.00    0.00    0.00    23  |__CPU 1/TCG
15:08:57     1000         -   3967063   94.00    4.00    0.00    0.00   98.00    16  |__CPU 2/TCG
15:08:57     1000         -   3967064    0.00    0.00    0.00    0.00    0.00    12  |__CPU 3/TCG
15:08:58     1000   3967039         -  190.00    6.00    0.00    0.00  196.00    22  qemu-system-aar
15:08:58     1000         -   3967039    0.00    0.00    0.00    0.00    0.00    22  |__qemu-system-aar
15:08:58     1000         -   3967046    0.00    0.00    0.00    0.00    0.00     4  |__call_rcu
15:08:58     1000         -   3967059   92.00    3.00    0.00    0.00   95.00    20  |__CPU 0/TCG
15:08:58     1000         -   3967061    1.00    0.00    0.00    0.00    1.00    23  |__CPU 1/TCG
15:08:58     1000         -   3967063   96.00    3.00    0.00    0.00   99.00    16  |__CPU 2/TCG
15:08:58     1000         -   3967064    0.00    0.00    0.00    0.00    0.00    12  |__CPU 3/TCG
15:08:59     1000   3967039         -  189.00    7.00    0.00    0.00  196.00    22  qemu-system-aar
15:08:59     1000         -   3967039    0.00    2.00    0.00    0.00    2.00    22  |__qemu-system-aar
15:08:59     1000         -   3967046    0.00    0.00    0.00    0.00    0.00     4  |__call_rcu
15:08:59     1000         -   3967059   93.00    3.00    0.00    0.00   96.00    20  |__CPU 0/TCG
15:08:59     1000         -   3967061    1.00    0.00    0.00    0.00    1.00    23  |__CPU 1/TCG
15:08:59     1000         -   3967063   95.00    4.00    0.00    0.00   99.00    16  |__CPU 2/TCG
15:08:59     1000         -   3967064    0.00    0.00    0.00    0.00    0.00    12  |__CPU 3/TCG
15:09:00     1000   3967039         -  193.00    5.00    0.00    0.00  198.00    21  qemu-system-aar
15:09:00     1000         -   3967039    1.00    0.00    0.00    0.00    1.00    21  |__qemu-system-aar
15:09:00     1000         -   3967046    0.00    0.00    0.00    0.00    0.00     4  |__call_rcu
15:09:00     1000         -   3967059   94.00    3.00    0.00    0.00   97.00    20  |__CPU 0/TCG
15:09:00     1000         -   3967061    0.00    0.00    0.00    0.00    0.00    23  |__CPU 1/TCG
15:09:00     1000         -   3967063   97.00    2.00    0.00    0.00   99.00     0  |__CPU 2/TCG
15:09:00     1000         -   3967064    0.00    0.00    0.00    0.00    0.00    12  |__CPU 3/TCG
15:09:01     1000   3967039         -  188.00    8.00    0.00    0.00  196.00    21  qemu-system-aar
15:09:01     1000         -   3967039    0.00    2.00    0.00    0.00    2.00    21  |__qemu-system-aar
15:09:01     1000         -   3967046    0.00    0.00    0.00    0.00    0.00     4  |__call_rcu
15:09:01     1000         -   3967059   93.00    2.00    0.00    0.00   95.00    20  |__CPU 0/TCG
15:09:01     1000         -   3967061    1.00    0.00    0.00    0.00    1.00     5  |__CPU 1/TCG
15:09:01     1000         -   3967063   94.00    5.00    0.00    0.00   99.00     0  |__CPU 2/TCG
15:09:01     1000         -   3967064    0.00    0.00    0.00    0.00    0.00    12  |__CPU 3/TCG
15:09:02     1000   3967039         -  188.00    8.00    0.00    0.00  196.00    21  qemu-system-aar
15:09:02     1000         -   3967039    0.00    1.00    0.00    0.00    1.00    21  |__qemu-system-aar
15:09:02     1000         -   3967046    0.00    0.00    0.00    0.00    0.00     4  |__call_rcu
15:09:02     1000         -   3967059   92.00    4.00    0.00    0.00   96.00    20  |__CPU 0/TCG
15:09:02     1000         -   3967061    0.00    0.00    0.00    0.00    0.00     5  |__CPU 1/TCG
15:09:02     1000         -   3967063   95.00    4.00    0.00    0.00   99.00     0  |__CPU 2/TCG
15:09:02     1000         -   3967064    0.00    0.00    0.00    0.00    0.00    12  |__CPU 3/TCG
15:09:03     1000   3967039         -  188.00    8.00    0.00    0.00  196.00    21  qemu-system-aar
15:09:03     1000         -   3967039    0.00    1.00    0.00    0.00    1.00    21  |__qemu-system-aar
15:09:03     1000         -   3967046    0.00    0.00    0.00    0.00    0.00     4  |__call_rcu
15:09:03     1000         -   3967059   91.00    3.00    0.00    0.00   94.00     4  |__CPU 0/TCG
15:09:03     1000         -   3967061    1.00    0.00    0.00    0.00    1.00    23  |__CPU 1/TCG
15:09:03     1000         -   3967063   95.00    4.00    0.00    0.00   99.00    16  |__CPU 2/TCG
15:09:03     1000         -   3967064    0.00    0.00    0.00    0.00    0.00    12  |__CPU 3/TCG
15:09:04     1000   3967039         -  188.00    8.00    0.00    0.00  196.00    21  qemu-system-aar
15:09:04     1000         -   3967039    0.00    1.00    0.00    0.00    1.00    21  |__qemu-system-aar
15:09:04     1000         -   3967046    0.00    0.00    0.00    0.00    0.00     4  |__call_rcu
15:09:04     1000         -   3967059   93.00    3.00    0.00    0.00   96.00    20  |__CPU 0/TCG
15:09:04     1000         -   3967061    1.00    0.00    0.00    0.00    1.00    23  |__CPU 1/TCG
15:09:04     1000         -   3967063   94.00    5.00    0.00    0.00   99.00     0  |__CPU 2/TCG
15:09:04     1000         -   3967064    0.00    0.00    0.00    0.00    0.00    12  |__CPU 3/TCG
15:09:05     1000   3967039         -  189.00    8.00    0.00    0.00  197.00    21  qemu-system-aar
15:09:05     1000         -   3967039    0.00    2.00    0.00    0.00    2.00    21  |__qemu-system-aar
15:09:05     1000         -   3967046    0.00    0.00    0.00    0.00    0.00     4  |__call_rcu
15:09:05     1000         -   3967059   91.00    4.00    0.00    0.00   95.00    20  |__CPU 0/TCG
15:09:05     1000         -   3967061    0.00    0.00    0.00    0.00    0.00    23  |__CPU 1/TCG
15:09:05     1000         -   3967063   95.00    4.00    0.00    0.00   99.00     0  |__CPU 2/TCG
15:09:05     1000         -   3967064    0.00    0.00    0.00    0.00    0.00    12  |__CPU 3/TCG
15:09:06     1000   3967039         -  189.00    6.00    0.00    0.00  195.00     6  qemu-system-aar
15:09:06     1000         -   3967039    0.00    1.00    0.00    0.00    1.00     6  |__qemu-system-aar
15:09:06     1000         -   3967046    0.00    0.00    0.00    0.00    0.00     4  |__call_rcu
15:09:06     1000         -   3967059   93.00    2.00    0.00    0.00   95.00    20  |__CPU 0/TCG
15:09:06     1000         -   3967061    0.00    0.00    0.00    0.00    0.00    23  |__CPU 1/TCG
15:09:06     1000         -   3967063   96.00    3.00    0.00    0.00   99.00     0  |__CPU 2/TCG
15:09:06     1000         -   3967064    0.00    0.00    0.00    0.00    0.00    12  |__CPU 3/TCG
15:09:07     1000   3967039         -  190.00    7.00    0.00    0.00  197.00     6  qemu-system-aar
15:09:07     1000         -   3967039    0.00    1.00    0.00    0.00    1.00     6  |__qemu-system-aar
15:09:07     1000         -   3967046    0.00    0.00    0.00    0.00    0.00     4  |__call_rcu
15:09:07     1000         -   3967059   93.00    4.00    0.00    0.00   97.00    20  |__CPU 0/TCG
15:09:07     1000         -   3967061    1.00    1.00    0.00    0.00    2.00     5  |__CPU 1/TCG
15:09:07     1000         -   3967063   95.00    4.00    0.00    0.00   99.00     0  |__CPU 2/TCG
15:09:07     1000         -   3967064    0.00    0.00    0.00    0.00    0.00    12  |__CPU 3/TCG
15:09:08     1000   3967039         -  190.00    7.00    0.00    0.00  197.00     6  qemu-system-aar
15:09:08     1000         -   3967039    1.00    1.00    0.00    0.00    2.00     6  |__qemu-system-aar
15:09:08     1000         -   3967046    0.00    0.00    0.00    0.00    0.00     4  |__call_rcu
15:09:08     1000         -   3967059   92.00    2.00    0.00    0.00   94.00    20  |__CPU 0/TCG
15:09:08     1000         -   3967061    0.00    0.00    0.00    0.00    0.00     5  |__CPU 1/TCG
15:09:08     1000         -   3967063   95.00    4.00    0.00    0.00   99.00     0  |__CPU 2/TCG
15:09:08     1000         -   3967064    0.00    0.00    0.00    0.00    0.00    12  |__CPU 3/TCG
15:09:09     1000   3967039         -  189.00    7.00    0.00    0.00  196.00     2  qemu-system-aar
15:09:09     1000         -   3967039    1.00    0.00    0.00    0.00    1.00     2  |__qemu-system-aar
15:09:09     1000         -   3967046    0.00    0.00    0.00    0.00    0.00     4  |__call_rcu
15:09:09     1000         -   3967059   93.00    3.00    0.00    0.00   96.00    20  |__CPU 0/TCG
15:09:09     1000         -   3967061    1.00    0.00    0.00    0.00    1.00     5  |__CPU 1/TCG
15:09:09     1000         -   3967063   95.00    4.00    0.00    0.00   99.00     0  |__CPU 2/TCG
15:09:09     1000         -   3967064    0.00    0.00    0.00    0.00    0.00    12  |__CPU 3/TCG
15:09:10     1000   3967039         -  190.00    6.00    0.00    0.00  196.00     2  qemu-system-aar
15:09:10     1000         -   3967039    1.00    0.00    0.00    0.00    1.00     2  |__qemu-system-aar
15:09:10     1000         -   3967046    0.00    0.00    0.00    0.00    0.00     4  |__call_rcu
15:09:10     1000         -   3967059   93.00    2.00    0.00    0.00   95.00    20  |__CPU 0/TCG
15:09:10     1000         -   3967061    1.00    0.00    0.00    0.00    1.00     5  |__CPU 1/TCG
15:09:10     1000         -   3967063   94.00    4.00    0.00    0.00   98.00     0  |__CPU 2/TCG
15:09:10     1000         -   3967064    0.00    0.00    0.00    0.00    0.00    12  |__CPU 3/TCG
15:09:11     1000   3967039         -  188.00    7.00    0.00    0.00  195.00     1  qemu-system-aar
15:09:11     1000         -   3967039    0.00    1.00    0.00    0.00    1.00     1  |__qemu-system-aar
15:09:11     1000         -   3967046    0.00    0.00    0.00    0.00    0.00     4  |__call_rcu
15:09:11     1000         -   3967059   92.00    2.00    0.00    0.00   94.00    20  |__CPU 0/TCG
15:09:11     1000         -   3967061    0.00    0.00    0.00    0.00    0.00     5  |__CPU 1/TCG
15:09:11     1000         -   3967063   95.00    4.00    0.00    0.00   99.00     0  |__CPU 2/TCG
15:09:11     1000         -   3967064    0.00    0.00    0.00    0.00    0.00    12  |__CPU 3/TCG
15:09:12     1000   3967039         -  189.00    7.00    0.00    0.00  196.00     2  qemu-system-aar
15:09:12     1000         -   3967039    1.00    0.00    0.00    0.00    1.00     2  |__qemu-system-aar
15:09:12     1000         -   3967046    0.00    0.00    0.00    0.00    0.00     4  |__call_rcu
15:09:12     1000         -   3967059   92.00    4.00    0.00    0.00   96.00    20  |__CPU 0/TCG
15:09:12     1000         -   3967061    1.00    0.00    0.00    0.00    1.00     5  |__CPU 1/TCG
15:09:12     1000         -   3967063   97.00    3.00    0.00    0.00  100.00    16  |__CPU 2/TCG
15:09:12     1000         -   3967064    0.00    0.00    0.00    0.00    0.00    12  |__CPU 3/TCG
15:09:13     1000   3967039         -  191.00    6.00    0.00    0.00  197.00     7  qemu-system-aar
15:09:13     1000         -   3967039    0.00    2.00    0.00    0.00    2.00     7  |__qemu-system-aar
15:09:13     1000         -   3967046    0.00    0.00    0.00    0.00    0.00     4  |__call_rcu
15:09:13     1000         -   3967059   93.00    3.00    0.00    0.00   96.00    20  |__CPU 0/TCG
15:09:13     1000         -   3967061    1.00    0.00    0.00    0.00    1.00     6  |__CPU 1/TCG
15:09:13     1000         -   3967063   95.00    3.00    0.00    0.00   98.00    16  |__CPU 2/TCG
15:09:13     1000         -   3967064    0.00    0.00    0.00    0.00    0.00    12  |__CPU 3/TCG
15:09:14     1000   3967039         -  190.00    7.00    0.00    0.00  197.00     7  qemu-system-aar
15:09:14     1000         -   3967039    0.00    1.00    0.00    0.00    1.00     7  |__qemu-system-aar
15:09:14     1000         -   3967046    0.00    0.00    0.00    0.00    0.00     4  |__call_rcu
15:09:14     1000         -   3967059   93.00    3.00    0.00    0.00   96.00    20  |__CPU 0/TCG
15:09:14     1000         -   3967061    0.00    0.00    0.00    0.00    0.00     3  |__CPU 1/TCG
15:09:14     1000         -   3967063   96.00    3.00    0.00    0.00   99.00    16  |__CPU 2/TCG
15:09:14     1000         -   3967064    0.00    0.00    0.00    0.00    0.00    12  |__CPU 3/TCG
