Linux 6.17.0-40-generic (9950x) 	08/16/26 	_x86_64_	(32 CPU)

# Time        UID      TGID       TID    %usr %system  %guest   %wait    %CPU   CPU  Command
14:34:58     1000   3854589         -   88.00   14.00    0.00    0.00  102.00     1  qemu-system-aar
14:34:58     1000         -   3854589    1.00    7.00    0.00    0.00    8.00     1  |__qemu-system-aar
14:34:58     1000         -   3854597    0.00    0.00    0.00    0.00    0.00    22  |__call_rcu
14:34:58     1000         -   3854603    0.00    0.00    0.00    0.00    0.00    11  |__worker
14:34:58     1000         -   3854610   84.00    6.00    0.00    0.00   90.00     0  |__CPU 0/TCG
14:34:58     1000         -   3854612    1.00    0.00    0.00    0.00    1.00     2  |__CPU 1/TCG
14:34:58     1000         -   3854613    0.00    0.00    0.00    0.00    0.00    31  |__CPU 2/TCG
14:34:58     1000         -   3854614    0.00    0.00    0.00    0.00    0.00    23  |__CPU 3/TCG
14:34:59     1000   3854589         -  169.00   19.00    0.00    0.00  188.00     1  qemu-system-aar
14:34:59     1000         -   3854589    0.00    1.00    0.00    0.00    1.00     1  |__qemu-system-aar
14:34:59     1000         -   3854597    0.00    0.00    0.00    0.00    0.00    22  |__call_rcu
14:34:59     1000         -   3854603    0.00    0.00    0.00    0.00    0.00    11  |__worker
14:34:59     1000         -   3854610   81.00    9.00    0.00    0.00   90.00     0  |__CPU 0/TCG
14:34:59     1000         -   3854612    1.00    0.00    0.00    0.00    1.00     2  |__CPU 1/TCG
14:34:59     1000         -   3854613   86.00    9.00    0.00    0.00   95.00     4  |__CPU 2/TCG
14:34:59     1000         -   3854614    0.00    0.00    0.00    0.00    0.00    23  |__CPU 3/TCG
14:35:00     1000   3854589         -  152.00   30.00    0.00    0.00  182.00     1  qemu-system-aar
14:35:00     1000         -   3854589    1.00    1.00    0.00    0.00    2.00     1  |__qemu-system-aar
14:35:00     1000         -   3854597    0.00    0.00    0.00    0.00    0.00    22  |__call_rcu
14:35:00     1000         -   3854603    0.00    0.00    0.00    0.00    0.00    11  |__worker
14:35:00     1000         -   3854610   68.00   14.00    0.00    0.00   82.00    16  |__CPU 0/TCG
14:35:00     1000         -   3854612    1.00    1.00    0.00    0.00    2.00     2  |__CPU 1/TCG
14:35:00     1000         -   3854613   83.00   15.00    0.00    0.00   98.00     4  |__CPU 2/TCG
14:35:00     1000         -   3854614    0.00    0.00    0.00    0.00    0.00    23  |__CPU 3/TCG
14:35:01     1000   3854589         -  165.00   22.00    0.00    0.00  187.00     3  qemu-system-aar
14:35:01     1000         -   3854589    0.00    0.00    0.00    0.00    0.00     3  |__qemu-system-aar
14:35:01     1000         -   3854597    0.00    0.00    0.00    0.00    0.00    22  |__call_rcu
14:35:01     1000         -   3854603    0.00    0.00    0.00    0.00    0.00    11  |__worker
14:35:01     1000         -   3854610   77.00   10.00    0.00    0.00   87.00    16  |__CPU 0/TCG
14:35:01     1000         -   3854612    0.00    0.00    0.00    0.00    0.00     5  |__CPU 1/TCG
14:35:01     1000         -   3854613   87.00   11.00    0.00    0.00   98.00     4  |__CPU 2/TCG
14:35:01     1000         -   3854614    0.00    0.00    0.00    0.00    0.00    23  |__CPU 3/TCG
14:35:02     1000   3854589         -  159.00   25.00    0.00    0.00  184.00     3  qemu-system-aar
14:35:02     1000         -   3854589    0.00    1.00    0.00    0.00    1.00     3  |__qemu-system-aar
14:35:02     1000         -   3854597    0.00    0.00    0.00    0.00    0.00    22  |__call_rcu
14:35:02     1000         -   3854603    0.00    0.00    0.00    0.00    0.00    11  |__worker
14:35:02     1000         -   3854610   72.00   12.00    0.00    0.00   84.00    16  |__CPU 0/TCG
14:35:02     1000         -   3854612    1.00    0.00    0.00    0.00    1.00     5  |__CPU 1/TCG
14:35:02     1000         -   3854613   85.00   13.00    0.00    0.00   98.00    20  |__CPU 2/TCG
14:35:02     1000         -   3854614    0.00    0.00    0.00    0.00    0.00    23  |__CPU 3/TCG
14:35:03     1000   3854589         -  170.00   19.00    0.00    0.00  189.00     3  qemu-system-aar
14:35:03     1000         -   3854589    0.00    1.00    0.00    0.00    1.00     3  |__qemu-system-aar
14:35:03     1000         -   3854597    0.00    0.00    0.00    0.00    0.00    22  |__call_rcu
14:35:03     1000         -   3854603    0.00    0.00    0.00    0.00    0.00    11  |__worker
14:35:03     1000         -   3854610   79.00    9.00    0.00    0.00   88.00     0  |__CPU 0/TCG
14:35:03     1000         -   3854612    1.00    0.00    0.00    0.00    1.00     5  |__CPU 1/TCG
14:35:03     1000         -   3854613   90.00   10.00    0.00    0.00  100.00     4  |__CPU 2/TCG
14:35:03     1000         -   3854614    0.00    0.00    0.00    0.00    0.00    23  |__CPU 3/TCG
14:35:04     1000   3854589         -  178.00   13.00    0.00    0.00  191.00     3  qemu-system-aar
14:35:04     1000         -   3854589    0.00    0.00    0.00    0.00    0.00     3  |__qemu-system-aar
14:35:04     1000         -   3854597    0.00    0.00    0.00    0.00    0.00    22  |__call_rcu
14:35:04     1000         -   3854603    0.00    0.00    0.00    0.00    0.00    11  |__worker
14:35:04     1000         -   3854610   84.00    7.00    0.00    0.00   91.00    16  |__CPU 0/TCG
14:35:04     1000         -   3854612    0.00    0.00    0.00    0.00    0.00     5  |__CPU 1/TCG
14:35:04     1000         -   3854613   93.00    6.00    0.00    0.00   99.00    20  |__CPU 2/TCG
14:35:04     1000         -   3854614    0.00    0.00    0.00    0.00    0.00    23  |__CPU 3/TCG
14:35:05     1000   3854589         -  189.00    8.00    0.00    0.00  197.00     3  qemu-system-aar
14:35:05     1000         -   3854589    0.00    1.00    0.00    0.00    1.00     3  |__qemu-system-aar
14:35:05     1000         -   3854597    0.00    0.00    0.00    0.00    0.00    22  |__call_rcu
14:35:05     1000         -   3854603    0.00    0.00    0.00    0.00    0.00    11  |__worker
14:35:05     1000         -   3854610   93.00    3.00    0.00    0.00   96.00    16  |__CPU 0/TCG
14:35:05     1000         -   3854612    1.00    0.00    0.00    0.00    1.00     5  |__CPU 1/TCG
14:35:05     1000         -   3854613   94.00    5.00    0.00    0.00   99.00    20  |__CPU 2/TCG
14:35:05     1000         -   3854614    0.00    0.00    0.00    0.00    0.00    23  |__CPU 3/TCG
14:35:06     1000   3854589         -  179.00   14.00    0.00    0.00  193.00     3  qemu-system-aar
14:35:06     1000         -   3854589    1.00    1.00    0.00    0.00    2.00     3  |__qemu-system-aar
14:35:06     1000         -   3854597    0.00    0.00    0.00    0.00    0.00    22  |__call_rcu
14:35:06     1000         -   3854603    0.00    0.00    0.00    0.00    0.00    11  |__worker
14:35:06     1000         -   3854610   85.00    7.00    0.00    0.00   92.00    16  |__CPU 0/TCG
14:35:06     1000         -   3854612    0.00    1.00    0.00    0.00    1.00     5  |__CPU 1/TCG
14:35:06     1000         -   3854613   93.00    7.00    0.00    0.00  100.00    20  |__CPU 2/TCG
14:35:06     1000         -   3854614    0.00    0.00    0.00    0.00    0.00    23  |__CPU 3/TCG
14:35:07     1000   3854589         -  141.00   37.00    0.00    0.00  178.00     3  qemu-system-aar
14:35:07     1000         -   3854589    0.00    0.00    0.00    0.00    0.00     3  |__qemu-system-aar
14:35:07     1000         -   3854597    0.00    0.00    0.00    0.00    0.00    22  |__call_rcu
14:35:07     1000         -   3854603    0.00    0.00    0.00    0.00    0.00    11  |__worker
14:35:07     1000         -   3854610   60.00   18.00    0.00    0.00   78.00     0  |__CPU 0/TCG
14:35:07     1000         -   3854612    1.00    0.00    0.00    0.00    1.00     5  |__CPU 1/TCG
14:35:07     1000         -   3854613   80.00   19.00    0.00    0.00   99.00    20  |__CPU 2/TCG
14:35:07     1000         -   3854614    0.00    0.00    0.00    0.00    0.00    23  |__CPU 3/TCG
14:35:08     1000   3854589         -  143.00   36.00    0.00    0.00  179.00     1  qemu-system-aar
14:35:08     1000         -   3854589    0.00    1.00    0.00    0.00    1.00     1  |__qemu-system-aar
14:35:08     1000         -   3854597    0.00    0.00    0.00    0.00    0.00    22  |__call_rcu
14:35:08     1000         -   3854610   62.00   17.00    0.00    0.00   79.00    16  |__CPU 0/TCG
14:35:08     1000         -   3854612    0.00    0.00    0.00    0.00    0.00     5  |__CPU 1/TCG
14:35:08     1000         -   3854613   80.00   18.00    0.00    0.00   98.00    20  |__CPU 2/TCG
14:35:08     1000         -   3854614    0.00    0.00    0.00    0.00    0.00    23  |__CPU 3/TCG
14:35:09     1000   3854589         -  141.00   38.00    0.00    0.00  179.00     1  qemu-system-aar
14:35:09     1000         -   3854589    0.00    0.00    0.00    0.00    0.00     1  |__qemu-system-aar
14:35:09     1000         -   3854597    0.00    0.00    0.00    0.00    0.00    22  |__call_rcu
14:35:09     1000         -   3854610   60.00   19.00    0.00    0.00   79.00    16  |__CPU 0/TCG
14:35:09     1000         -   3854612    1.00    0.00    0.00    0.00    1.00     5  |__CPU 1/TCG
14:35:09     1000         -   3854613   80.00   19.00    0.00    0.00   99.00    20  |__CPU 2/TCG
14:35:09     1000         -   3854614    0.00    0.00    0.00    0.00    0.00    23  |__CPU 3/TCG
14:35:10     1000   3854589         -  182.00   13.00    0.00    0.00  195.00     5  qemu-system-aar
14:35:10     1000         -   3854589    1.00    1.00    0.00    0.00    2.00     5  |__qemu-system-aar
14:35:10     1000         -   3854597    0.00    0.00    0.00    0.00    0.00    22  |__call_rcu
14:35:10     1000         -   3854610   87.00    6.00    0.00    0.00   93.00    16  |__CPU 0/TCG
14:35:10     1000         -   3854612    0.00    0.00    0.00    0.00    0.00     4  |__CPU 1/TCG
14:35:10     1000         -   3854613   93.00    7.00    0.00    0.00  100.00    20  |__CPU 2/TCG
14:35:10     1000         -   3854614    0.00    0.00    0.00    0.00    0.00    23  |__CPU 3/TCG
14:35:11     1000   3854589         -  188.00    8.00    0.00    0.00  196.00     6  qemu-system-aar
14:35:11     1000         -   3854589    0.00    1.00    0.00    0.00    1.00     6  |__qemu-system-aar
14:35:11     1000         -   3854597    0.00    0.00    0.00    0.00    0.00    22  |__call_rcu
14:35:11     1000         -   3854610   91.00    3.00    0.00    0.00   94.00    16  |__CPU 0/TCG
14:35:11     1000         -   3854612    1.00    0.00    0.00    0.00    1.00     4  |__CPU 1/TCG
14:35:11     1000         -   3854613   95.00    4.00    0.00    0.00   99.00    20  |__CPU 2/TCG
14:35:11     1000         -   3854614    0.00    0.00    0.00    0.00    0.00    23  |__CPU 3/TCG
14:35:12     1000   3854589         -  187.00    8.00    0.00    0.00  195.00     6  qemu-system-aar
14:35:12     1000         -   3854589    0.00    1.00    0.00    0.00    1.00     6  |__qemu-system-aar
14:35:12     1000         -   3854597    0.00    0.00    0.00    0.00    0.00    22  |__call_rcu
14:35:12     1000         -   3854610   92.00    4.00    0.00    0.00   96.00    16  |__CPU 0/TCG
14:35:12     1000         -   3854612    0.00    0.00    0.00    0.00    0.00     4  |__CPU 1/TCG
14:35:12     1000         -   3854613   95.00    4.00    0.00    0.00   99.00    20  |__CPU 2/TCG
14:35:12     1000         -   3854614    0.00    0.00    0.00    0.00    0.00    23  |__CPU 3/TCG
14:35:13     1000   3854589         -  188.00    8.00    0.00    0.00  196.00     1  qemu-system-aar
14:35:13     1000         -   3854589    0.00    1.00    0.00    0.00    1.00     1  |__qemu-system-aar
14:35:13     1000         -   3854597    0.00    0.00    0.00    0.00    0.00    22  |__call_rcu
14:35:13     1000         -   3854610   92.00    2.00    0.00    0.00   94.00    16  |__CPU 0/TCG
14:35:13     1000         -   3854612    1.00    0.00    0.00    0.00    1.00    18  |__CPU 1/TCG
14:35:13     1000         -   3854613   94.00    5.00    0.00    0.00   99.00    20  |__CPU 2/TCG
14:35:13     1000         -   3854614    0.00    0.00    0.00    0.00    0.00    23  |__CPU 3/TCG
14:35:14     1000   3854589         -  187.00    9.00    0.00    0.00  196.00    23  qemu-system-aar
14:35:14     1000         -   3854589    1.00    1.00    0.00    0.00    2.00    23  |__qemu-system-aar
14:35:14     1000         -   3854597    0.00    0.00    0.00    0.00    0.00    22  |__call_rcu
14:35:14     1000         -   3854610   90.00    4.00    0.00    0.00   94.00    16  |__CPU 0/TCG
14:35:14     1000         -   3854612    0.00    0.00    0.00    0.00    0.00     5  |__CPU 1/TCG
14:35:14     1000         -   3854613   94.00    5.00    0.00    0.00   99.00    20  |__CPU 2/TCG
14:35:14     1000         -   3854614    0.00    0.00    0.00    0.00    0.00    23  |__CPU 3/TCG
14:35:15     1000   3854589         -  186.00    9.00    0.00    0.00  195.00     1  qemu-system-aar
14:35:15     1000         -   3854589    0.00    0.00    0.00    0.00    0.00     1  |__qemu-system-aar
14:35:15     1000         -   3854597    0.00    0.00    0.00    0.00    0.00    22  |__call_rcu
14:35:15     1000         -   3854610   91.00    5.00    0.00    0.00   96.00     0  |__CPU 0/TCG
14:35:15     1000         -   3854612    1.00    0.00    0.00    0.00    1.00    18  |__CPU 1/TCG
14:35:15     1000         -   3854613   94.00    5.00    0.00    0.00   99.00    20  |__CPU 2/TCG
14:35:15     1000         -   3854614    0.00    0.00    0.00    0.00    0.00    23  |__CPU 3/TCG
14:35:16     1000   3854589         -  185.00    9.00    0.00    0.00  194.00     1  qemu-system-aar
14:35:16     1000         -   3854589    0.00    1.00    0.00    0.00    1.00     1  |__qemu-system-aar
14:35:16     1000         -   3854597    0.00    0.00    0.00    0.00    0.00    22  |__call_rcu
14:35:16     1000         -   3854610   90.00    3.00    0.00    0.00   93.00     0  |__CPU 0/TCG
14:35:16     1000         -   3854612    0.00    0.00    0.00    0.00    0.00     3  |__CPU 1/TCG
14:35:16     1000         -   3854613   93.00    6.00    0.00    0.00   99.00    20  |__CPU 2/TCG
14:35:16     1000         -   3854614    0.00    0.00    0.00    0.00    0.00    23  |__CPU 3/TCG
14:35:17     1000   3854589         -  188.00    7.00    0.00    0.00  195.00     3  qemu-system-aar
14:35:17     1000         -   3854589    1.00    1.00    0.00    0.00    2.00     3  |__qemu-system-aar
14:35:17     1000         -   3854597    0.00    0.00    0.00    0.00    0.00    22  |__call_rcu
14:35:17     1000         -   3854610   92.00    2.00    0.00    0.00   94.00     0  |__CPU 0/TCG
14:35:17     1000         -   3854612    1.00    0.00    0.00    0.00    1.00    18  |__CPU 1/TCG
14:35:17     1000         -   3854613   95.00    4.00    0.00    0.00   99.00    20  |__CPU 2/TCG
14:35:17     1000         -   3854614    0.00    0.00    0.00    0.00    0.00    23  |__CPU 3/TCG
14:35:18     1000   3854589         -  187.00    9.00    0.00    0.00  196.00     5  qemu-system-aar
14:35:18     1000         -   3854589    0.00    1.00    0.00    0.00    1.00     5  |__qemu-system-aar
14:35:18     1000         -   3854597    0.00    0.00    0.00    0.00    0.00    22  |__call_rcu
14:35:18     1000         -   3854610   91.00    4.00    0.00    0.00   95.00    16  |__CPU 0/TCG
14:35:18     1000         -   3854612    1.00    1.00    0.00    0.00    2.00     3  |__CPU 1/TCG
14:35:18     1000         -   3854613   95.00    4.00    0.00    0.00   99.00     4  |__CPU 2/TCG
14:35:18     1000         -   3854614    0.00    0.00    0.00    0.00    0.00    23  |__CPU 3/TCG
14:35:19     1000   3854589         -  186.00    9.00    0.00    0.00  195.00     6  qemu-system-aar
14:35:19     1000         -   3854589    0.00    0.00    0.00    0.00    0.00     6  |__qemu-system-aar
14:35:19     1000         -   3854597    0.00    0.00    0.00    0.00    0.00    22  |__call_rcu
14:35:19     1000         -   3854610   90.00    4.00    0.00    0.00   94.00    16  |__CPU 0/TCG
14:35:19     1000         -   3854612    0.00    0.00    0.00    0.00    0.00     3  |__CPU 1/TCG
14:35:19     1000         -   3854613   94.00    5.00    0.00    0.00   99.00     4  |__CPU 2/TCG
14:35:19     1000         -   3854614    0.00    0.00    0.00    0.00    0.00    23  |__CPU 3/TCG
14:35:20     1000   3854589         -  187.00    8.00    0.00    0.00  195.00    17  qemu-system-aar
14:35:20     1000         -   3854589    1.00    1.00    0.00    0.00    2.00    17  |__qemu-system-aar
14:35:20     1000         -   3854597    0.00    0.00    0.00    0.00    0.00    22  |__call_rcu
14:35:20     1000         -   3854610   91.00    4.00    0.00    0.00   95.00    16  |__CPU 0/TCG
14:35:20     1000         -   3854612    1.00    0.00    0.00    0.00    1.00     3  |__CPU 1/TCG
14:35:20     1000         -   3854613   95.00    4.00    0.00    0.00   99.00    20  |__CPU 2/TCG
14:35:20     1000         -   3854614    0.00    0.00    0.00    0.00    0.00    23  |__CPU 3/TCG
14:35:21     1000   3854589         -  190.00    7.00    0.00    0.00  197.00    18  qemu-system-aar
14:35:21     1000         -   3854589    0.00    1.00    0.00    0.00    1.00    18  |__qemu-system-aar
14:35:21     1000         -   3854597    0.00    0.00    0.00    0.00    0.00    22  |__call_rcu
14:35:21     1000         -   3854610   92.00    3.00    0.00    0.00   95.00    16  |__CPU 0/TCG
14:35:21     1000         -   3854612    0.00    0.00    0.00    0.00    0.00     5  |__CPU 1/TCG
14:35:21     1000         -   3854613   95.00    4.00    0.00    0.00   99.00    20  |__CPU 2/TCG
14:35:21     1000         -   3854614    0.00    0.00    0.00    0.00    0.00    23  |__CPU 3/TCG
14:35:22     1000   3854589         -  188.00    7.00    0.00    0.00  195.00    17  qemu-system-aar
14:35:22     1000         -   3854589    0.00    1.00    0.00    0.00    1.00    17  |__qemu-system-aar
14:35:22     1000         -   3854597    0.00    0.00    0.00    0.00    0.00    22  |__call_rcu
14:35:22     1000         -   3854610   92.00    3.00    0.00    0.00   95.00    16  |__CPU 0/TCG
14:35:22     1000         -   3854612    1.00    0.00    0.00    0.00    1.00    18  |__CPU 1/TCG
14:35:22     1000         -   3854613   95.00    4.00    0.00    0.00   99.00    20  |__CPU 2/TCG
14:35:22     1000         -   3854614    0.00    0.00    0.00    0.00    0.00    23  |__CPU 3/TCG
14:35:23     1000   3854589         -  186.00    9.00    0.00    0.00  195.00    17  qemu-system-aar
14:35:23     1000         -   3854589    0.00    1.00    0.00    0.00    1.00    17  |__qemu-system-aar
14:35:23     1000         -   3854597    0.00    0.00    0.00    0.00    0.00    22  |__call_rcu
14:35:23     1000         -   3854610   91.00    4.00    0.00    0.00   95.00    16  |__CPU 0/TCG
14:35:23     1000         -   3854612    1.00    0.00    0.00    0.00    1.00     5  |__CPU 1/TCG
14:35:23     1000         -   3854613   94.00    5.00    0.00    0.00   99.00    20  |__CPU 2/TCG
14:35:23     1000         -   3854614    0.00    0.00    0.00    0.00    0.00    23  |__CPU 3/TCG
14:35:24     1000   3854589         -  189.00    7.00    0.00    0.00  196.00    22  qemu-system-aar
14:35:24     1000         -   3854589    1.00    1.00    0.00    0.00    2.00    22  |__qemu-system-aar
14:35:24     1000         -   3854597    0.00    0.00    0.00    0.00    0.00    22  |__call_rcu
14:35:24     1000         -   3854610   91.00    3.00    0.00    0.00   94.00    16  |__CPU 0/TCG
14:35:24     1000         -   3854612    0.00    0.00    0.00    0.00    0.00    19  |__CPU 1/TCG
14:35:24     1000         -   3854613   96.00    4.00    0.00    0.00  100.00     4  |__CPU 2/TCG
14:35:24     1000         -   3854614    0.00    0.00    0.00    0.00    0.00    23  |__CPU 3/TCG
14:35:25     1000   3854589         -  184.00   11.00    0.00    0.00  195.00    18  qemu-system-aar
14:35:25     1000         -   3854589    0.00    1.00    0.00    0.00    1.00    18  |__qemu-system-aar
14:35:25     1000         -   3854597    0.00    0.00    0.00    0.00    0.00    22  |__call_rcu
14:35:25     1000         -   3854610   90.00    5.00    0.00    0.00   95.00    16  |__CPU 0/TCG
14:35:25     1000         -   3854612    0.00    0.00    0.00    0.00    0.00     2  |__CPU 1/TCG
14:35:25     1000         -   3854613   93.00    6.00    0.00    0.00   99.00     4  |__CPU 2/TCG
14:35:25     1000         -   3854614    0.00    0.00    0.00    0.00    0.00    23  |__CPU 3/TCG
14:35:26     1000   3854589         -  188.00    9.00    0.00    0.00  197.00    17  qemu-system-aar
14:35:26     1000         -   3854589    0.00    1.00    0.00    0.00    1.00    17  |__qemu-system-aar
14:35:26     1000         -   3854597    0.00    0.00    0.00    0.00    0.00    22  |__call_rcu
14:35:26     1000         -   3854610   91.00    4.00    0.00    0.00   95.00    16  |__CPU 0/TCG
14:35:26     1000         -   3854612    1.00    0.00    0.00    0.00    1.00    14  |__CPU 1/TCG
14:35:26     1000         -   3854613   95.00    4.00    0.00    0.00   99.00     4  |__CPU 2/TCG
14:35:26     1000         -   3854614    0.00    0.00    0.00    0.00    0.00    23  |__CPU 3/TCG
14:35:27     1000   3854589         -  188.00    8.00    0.00    0.00  196.00     7  qemu-system-aar
14:35:27     1000         -   3854589    1.00    1.00    0.00    0.00    2.00     7  |__qemu-system-aar
14:35:27     1000         -   3854597    0.00    0.00    0.00    0.00    0.00    22  |__call_rcu
14:35:27     1000         -   3854610   91.00    4.00    0.00    0.00   95.00    16  |__CPU 0/TCG
14:35:27     1000         -   3854612    0.00    0.00    0.00    0.00    0.00     5  |__CPU 1/TCG
14:35:27     1000         -   3854613   95.00    4.00    0.00    0.00   99.00    20  |__CPU 2/TCG
14:35:27     1000         -   3854614    0.00    0.00    0.00    0.00    0.00    23  |__CPU 3/TCG
14:35:28     1000   3854589         -  187.00    9.00    0.00    0.00  196.00     7  qemu-system-aar
14:35:28     1000         -   3854589    0.00    1.00    0.00    0.00    1.00     7  |__qemu-system-aar
14:35:28     1000         -   3854597    0.00    0.00    0.00    0.00    0.00    22  |__call_rcu
14:35:28     1000         -   3854610   92.00    4.00    0.00    0.00   96.00    16  |__CPU 0/TCG
14:35:28     1000         -   3854612    0.00    1.00    0.00    0.00    1.00     5  |__CPU 1/TCG
14:35:28     1000         -   3854613   94.00    5.00    0.00    0.00   99.00    20  |__CPU 2/TCG
14:35:28     1000         -   3854614    0.00    0.00    0.00    0.00    0.00    23  |__CPU 3/TCG
14:35:29     1000   3854589         -  188.00    7.00    0.00    0.00  195.00    17  qemu-system-aar
14:35:29     1000         -   3854589    1.00    0.00    0.00    0.00    1.00    17  |__qemu-system-aar
14:35:29     1000         -   3854597    0.00    0.00    0.00    0.00    0.00    22  |__call_rcu
14:35:29     1000         -   3854610   91.00    3.00    0.00    0.00   94.00    16  |__CPU 0/TCG
14:35:29     1000         -   3854612    1.00    0.00    0.00    0.00    1.00     5  |__CPU 1/TCG
14:35:29     1000         -   3854613   95.00    4.00    0.00    0.00   99.00    20  |__CPU 2/TCG
14:35:29     1000         -   3854614    0.00    0.00    0.00    0.00    0.00    23  |__CPU 3/TCG
14:35:30     1000   3854589         -  188.00    8.00    0.00    0.00  196.00    22  qemu-system-aar
14:35:30     1000         -   3854589    0.00    1.00    0.00    0.00    1.00    22  |__qemu-system-aar
14:35:30     1000         -   3854597    0.00    0.00    0.00    0.00    0.00    22  |__call_rcu
14:35:30     1000         -   3854610   92.00    3.00    0.00    0.00   95.00    16  |__CPU 0/TCG
14:35:30     1000         -   3854612    0.00    0.00    0.00    0.00    0.00     5  |__CPU 1/TCG
14:35:30     1000         -   3854613   95.00    4.00    0.00    0.00   99.00     4  |__CPU 2/TCG
14:35:30     1000         -   3854614    0.00    0.00    0.00    0.00    0.00    23  |__CPU 3/TCG
14:35:31     1000   3854589         -  190.00    6.00    0.00    0.00  196.00    23  qemu-system-aar
14:35:31     1000         -   3854589    0.00    1.00    0.00    0.00    1.00    23  |__qemu-system-aar
14:35:31     1000         -   3854597    0.00    0.00    0.00    0.00    0.00    22  |__call_rcu
14:35:31     1000         -   3854610   94.00    2.00    0.00    0.00   96.00    16  |__CPU 0/TCG
14:35:31     1000         -   3854612    1.00    0.00    0.00    0.00    1.00     5  |__CPU 1/TCG
14:35:31     1000         -   3854613   95.00    4.00    0.00    0.00   99.00     4  |__CPU 2/TCG
14:35:31     1000         -   3854614    0.00    0.00    0.00    0.00    0.00    23  |__CPU 3/TCG
14:35:32     1000   3854589         -  188.00    8.00    0.00    0.00  196.00    23  qemu-system-aar
14:35:32     1000         -   3854589    1.00    1.00    0.00    0.00    2.00    23  |__qemu-system-aar
14:35:32     1000         -   3854597    0.00    0.00    0.00    0.00    0.00    22  |__call_rcu
14:35:32     1000         -   3854610   92.00    3.00    0.00    0.00   95.00    16  |__CPU 0/TCG
14:35:32     1000         -   3854612    0.00    0.00    0.00    0.00    0.00     5  |__CPU 1/TCG
14:35:32     1000         -   3854613   94.00    5.00    0.00    0.00   99.00    20  |__CPU 2/TCG
14:35:32     1000         -   3854614    0.00    0.00    0.00    0.00    0.00    23  |__CPU 3/TCG
14:35:33     1000   3854589         -  188.00    8.00    0.00    0.00  196.00     1  qemu-system-aar
14:35:33     1000         -   3854589    0.00    1.00    0.00    0.00    1.00     1  |__qemu-system-aar
14:35:33     1000         -   3854597    0.00    0.00    0.00    0.00    0.00    22  |__call_rcu
14:35:33     1000         -   3854610   92.00    3.00    0.00    0.00   95.00    16  |__CPU 0/TCG
14:35:33     1000         -   3854612    1.00    0.00    0.00    0.00    1.00     5  |__CPU 1/TCG
14:35:33     1000         -   3854613   95.00    4.00    0.00    0.00   99.00    20  |__CPU 2/TCG
14:35:33     1000         -   3854614    0.00    0.00    0.00    0.00    0.00    23  |__CPU 3/TCG
14:35:34     1000   3854589         -  187.00    9.00    0.00    0.00  196.00     1  qemu-system-aar
14:35:34     1000         -   3854589    1.00    0.00    0.00    0.00    1.00     1  |__qemu-system-aar
14:35:34     1000         -   3854597    0.00    0.00    0.00    0.00    0.00    22  |__call_rcu
14:35:34     1000         -   3854610   90.00    4.00    0.00    0.00   94.00    16  |__CPU 0/TCG
14:35:34     1000         -   3854612    0.00    0.00    0.00    0.00    0.00     5  |__CPU 1/TCG
14:35:34     1000         -   3854613   94.00    5.00    0.00    0.00   99.00     4  |__CPU 2/TCG
14:35:34     1000         -   3854614    0.00    0.00    0.00    0.00    0.00    23  |__CPU 3/TCG
14:35:35     1000   3854589         -  186.00    9.00    0.00    0.00  195.00     0  qemu-system-aar
14:35:35     1000         -   3854589    0.00    1.00    0.00    0.00    1.00     0  |__qemu-system-aar
14:35:35     1000         -   3854597    0.00    0.00    0.00    0.00    0.00    22  |__call_rcu
14:35:35     1000         -   3854610   90.00    6.00    0.00    0.00   96.00    16  |__CPU 0/TCG
14:35:35     1000         -   3854612    1.00    0.00    0.00    0.00    1.00     5  |__CPU 1/TCG
14:35:35     1000         -   3854613   95.00    4.00    0.00    0.00   99.00     4  |__CPU 2/TCG
14:35:35     1000         -   3854614    0.00    0.00    0.00    0.00    0.00    23  |__CPU 3/TCG
14:35:36     1000   3854589         -  189.00    8.00    0.00    0.00  197.00     1  qemu-system-aar
14:35:36     1000         -   3854589    1.00    2.00    0.00    0.00    3.00     1  |__qemu-system-aar
14:35:36     1000         -   3854597    0.00    0.00    0.00    0.00    0.00    22  |__call_rcu
14:35:36     1000         -   3854610   91.00    3.00    0.00    0.00   94.00    16  |__CPU 0/TCG
14:35:36     1000         -   3854612    1.00    0.00    0.00    0.00    1.00     5  |__CPU 1/TCG
14:35:36     1000         -   3854613   95.00    4.00    0.00    0.00   99.00    20  |__CPU 2/TCG
14:35:36     1000         -   3854614    0.00    0.00    0.00    0.00    0.00    23  |__CPU 3/TCG
14:35:37     1000   3854589         -  187.00    9.00    0.00    0.00  196.00     1  qemu-system-aar
14:35:37     1000         -   3854589    0.00    1.00    0.00    0.00    1.00     1  |__qemu-system-aar
14:35:37     1000         -   3854597    0.00    0.00    0.00    0.00    0.00    22  |__call_rcu
14:35:37     1000         -   3854610   91.00    4.00    0.00    0.00   95.00     0  |__CPU 0/TCG
14:35:37     1000         -   3854612    0.00    0.00    0.00    0.00    0.00     5  |__CPU 1/TCG
14:35:37     1000         -   3854613   95.00    4.00    0.00    0.00   99.00    20  |__CPU 2/TCG
14:35:37     1000         -   3854614    0.00    0.00    0.00    0.00    0.00    23  |__CPU 3/TCG
14:35:38     1000   3854589         -  188.00    7.00    0.00    0.00  195.00     3  qemu-system-aar
14:35:38     1000         -   3854589    1.00    0.00    0.00    0.00    1.00     3  |__qemu-system-aar
14:35:38     1000         -   3854597    0.00    0.00    0.00    0.00    0.00    22  |__call_rcu
14:35:38     1000         -   3854610   92.00    3.00    0.00    0.00   95.00     0  |__CPU 0/TCG
14:35:38     1000         -   3854612    1.00    0.00    0.00    0.00    1.00     6  |__CPU 1/TCG
14:35:38     1000         -   3854613   95.00    4.00    0.00    0.00   99.00    20  |__CPU 2/TCG
14:35:38     1000         -   3854614    0.00    0.00    0.00    0.00    0.00    23  |__CPU 3/TCG
14:35:39     1000   3854589         -  187.00    9.00    0.00    0.00  196.00     5  qemu-system-aar
14:35:39     1000         -   3854589    0.00    1.00    0.00    0.00    1.00     5  |__qemu-system-aar
14:35:39     1000         -   3854597    0.00    0.00    0.00    0.00    0.00    22  |__call_rcu
14:35:39     1000         -   3854610   89.00    5.00    0.00    0.00   94.00     0  |__CPU 0/TCG
14:35:39     1000         -   3854612    0.00    0.00    0.00    0.00    0.00     7  |__CPU 1/TCG
14:35:39     1000         -   3854613   95.00    4.00    0.00    0.00   99.00     4  |__CPU 2/TCG
14:35:39     1000         -   3854614    0.00    0.00    0.00    0.00    0.00    23  |__CPU 3/TCG
14:35:40     1000   3854589         -  188.00    7.00    0.00    0.00  195.00     3  qemu-system-aar
14:35:40     1000         -   3854589    0.00    1.00    0.00    0.00    1.00     3  |__qemu-system-aar
14:35:40     1000         -   3854597    0.00    0.00    0.00    0.00    0.00    22  |__call_rcu
14:35:40     1000         -   3854610   92.00    4.00    0.00    0.00   96.00    16  |__CPU 0/TCG
14:35:40     1000         -   3854612    1.00    0.00    0.00    0.00    1.00     7  |__CPU 1/TCG
14:35:40     1000         -   3854613   96.00    4.00    0.00    0.00  100.00    20  |__CPU 2/TCG
14:35:40     1000         -   3854614    0.00    0.00    0.00    0.00    0.00    23  |__CPU 3/TCG
14:35:41     1000   3854589         -  186.00   11.00    0.00    0.00  197.00     6  qemu-system-aar
14:35:41     1000         -   3854589    0.00    1.00    0.00    0.00    1.00     6  |__qemu-system-aar
14:35:41     1000         -   3854597    0.00    0.00    0.00    0.00    0.00    22  |__call_rcu
14:35:41     1000         -   3854610   91.00    4.00    0.00    0.00   95.00    16  |__CPU 0/TCG
14:35:41     1000         -   3854612    1.00    0.00    0.00    0.00    1.00     7  |__CPU 1/TCG
14:35:41     1000         -   3854613   92.00    6.00    0.00    0.00   98.00    20  |__CPU 2/TCG
14:35:41     1000         -   3854614    0.00    0.00    0.00    0.00    0.00    23  |__CPU 3/TCG
14:35:42     1000   3854589         -  189.00    7.00    0.00    0.00  196.00     6  qemu-system-aar
14:35:42     1000         -   3854589    1.00    1.00    0.00    0.00    2.00     6  |__qemu-system-aar
14:35:42     1000         -   3854597    0.00    0.00    0.00    0.00    0.00    22  |__call_rcu
14:35:42     1000         -   3854610   92.00    3.00    0.00    0.00   95.00    16  |__CPU 0/TCG
14:35:42     1000         -   3854612    0.00    0.00    0.00    0.00    0.00     7  |__CPU 1/TCG
14:35:42     1000         -   3854613   96.00    4.00    0.00    0.00  100.00     4  |__CPU 2/TCG
14:35:42     1000         -   3854614    0.00    0.00    0.00    0.00    0.00    23  |__CPU 3/TCG
14:35:43     1000   3854589         -  185.00   11.00    0.00    0.00  196.00     5  qemu-system-aar
14:35:43     1000         -   3854589    0.00    1.00    0.00    0.00    1.00     5  |__qemu-system-aar
14:35:43     1000         -   3854597    0.00    0.00    0.00    0.00    0.00    22  |__call_rcu
14:35:43     1000         -   3854610   90.00    5.00    0.00    0.00   95.00     0  |__CPU 0/TCG
14:35:43     1000         -   3854612    1.00    0.00    0.00    0.00    1.00    17  |__CPU 1/TCG
14:35:43     1000         -   3854613   93.00    5.00    0.00    0.00   98.00     4  |__CPU 2/TCG
14:35:43     1000         -   3854614    0.00    0.00    0.00    0.00    0.00    23  |__CPU 3/TCG
14:35:44     1000   3854589         -  187.00    9.00    0.00    0.00  196.00     7  qemu-system-aar
14:35:44     1000         -   3854589    0.00    1.00    0.00    0.00    1.00     7  |__qemu-system-aar
14:35:44     1000         -   3854597    0.00    0.00    0.00    0.00    0.00    22  |__call_rcu
14:35:44     1000         -   3854610   90.00    4.00    0.00    0.00   94.00    16  |__CPU 0/TCG
14:35:44     1000         -   3854612    0.00    1.00    0.00    0.00    1.00     6  |__CPU 1/TCG
14:35:44     1000         -   3854613   95.00    5.00    0.00    0.00  100.00     4  |__CPU 2/TCG
14:35:44     1000         -   3854614    0.00    0.00    0.00    0.00    0.00    23  |__CPU 3/TCG
14:35:45     1000   3854589         -  187.00    7.00    0.00    0.00  194.00     1  qemu-system-aar
14:35:45     1000         -   3854589    1.00    0.00    0.00    0.00    1.00     1  |__qemu-system-aar
14:35:45     1000         -   3854597    0.00    0.00    0.00    0.00    0.00    22  |__call_rcu
14:35:45     1000         -   3854610   91.00    4.00    0.00    0.00   95.00     0  |__CPU 0/TCG
14:35:45     1000         -   3854612    1.00    0.00    0.00    0.00    1.00     6  |__CPU 1/TCG
14:35:45     1000         -   3854613   95.00    4.00    0.00    0.00   99.00     4  |__CPU 2/TCG
14:35:45     1000         -   3854614    0.00    0.00    0.00    0.00    0.00    23  |__CPU 3/TCG
14:35:46     1000   3854589         -  187.00    9.00    0.00    0.00  196.00     5  qemu-system-aar
14:35:46     1000         -   3854589    0.00    1.00    0.00    0.00    1.00     5  |__qemu-system-aar
14:35:46     1000         -   3854597    0.00    0.00    0.00    0.00    0.00    22  |__call_rcu
14:35:46     1000         -   3854610   92.00    4.00    0.00    0.00   96.00    16  |__CPU 0/TCG
14:35:46     1000         -   3854612    0.00    0.00    0.00    0.00    0.00    17  |__CPU 1/TCG
14:35:46     1000         -   3854613   94.00    5.00    0.00    0.00   99.00    20  |__CPU 2/TCG
14:35:46     1000         -   3854614    0.00    0.00    0.00    0.00    0.00    23  |__CPU 3/TCG
14:35:47     1000   3854589         -  188.00    8.00    0.00    0.00  196.00     7  qemu-system-aar
14:35:47     1000         -   3854589    1.00    1.00    0.00    0.00    2.00     7  |__qemu-system-aar
14:35:47     1000         -   3854597    0.00    0.00    0.00    0.00    0.00    22  |__call_rcu
14:35:47     1000         -   3854610   91.00    4.00    0.00    0.00   95.00    16  |__CPU 0/TCG
14:35:47     1000         -   3854612    1.00    0.00    0.00    0.00    1.00    17  |__CPU 1/TCG
14:35:47     1000         -   3854613   95.00    3.00    0.00    0.00   98.00    20  |__CPU 2/TCG
14:35:47     1000         -   3854614    0.00    0.00    0.00    0.00    0.00    23  |__CPU 3/TCG
14:35:48     1000   3854589         -  188.00    9.00    0.00    0.00  197.00     7  qemu-system-aar
14:35:48     1000         -   3854589    0.00    0.00    0.00    0.00    0.00     7  |__qemu-system-aar
14:35:48     1000         -   3854597    0.00    0.00    0.00    0.00    0.00    22  |__call_rcu
14:35:48     1000         -   3854610   92.00    3.00    0.00    0.00   95.00    16  |__CPU 0/TCG
14:35:48     1000         -   3854612    0.00    0.00    0.00    0.00    0.00    17  |__CPU 1/TCG
14:35:48     1000         -   3854613   95.00    5.00    0.00    0.00  100.00    20  |__CPU 2/TCG
14:35:48     1000         -   3854614    0.00    0.00    0.00    0.00    0.00    23  |__CPU 3/TCG
14:35:49     1000   3854589         -  189.00    7.00    0.00    0.00  196.00    19  qemu-system-aar
14:35:49     1000         -   3854589    0.00    1.00    0.00    0.00    1.00    19  |__qemu-system-aar
14:35:49     1000         -   3854597    0.00    0.00    0.00    0.00    0.00    22  |__call_rcu
14:35:49     1000         -   3854610   92.00    3.00    0.00    0.00   95.00    16  |__CPU 0/TCG
14:35:49     1000         -   3854612    1.00    0.00    0.00    0.00    1.00    17  |__CPU 1/TCG
14:35:49     1000         -   3854613   94.00    5.00    0.00    0.00   99.00    20  |__CPU 2/TCG
14:35:49     1000         -   3854614    0.00    0.00    0.00    0.00    0.00    23  |__CPU 3/TCG
14:35:50     1000   3854589         -  187.00    9.00    0.00    0.00  196.00    19  qemu-system-aar
14:35:50     1000         -   3854589    1.00    1.00    0.00    0.00    2.00    19  |__qemu-system-aar
14:35:50     1000         -   3854597    0.00    0.00    0.00    0.00    0.00    22  |__call_rcu
14:35:50     1000         -   3854610   92.00    3.00    0.00    0.00   95.00    16  |__CPU 0/TCG
14:35:50     1000         -   3854612    0.00    0.00    0.00    0.00    0.00    17  |__CPU 1/TCG
14:35:50     1000         -   3854613   94.00    5.00    0.00    0.00   99.00    20  |__CPU 2/TCG
14:35:50     1000         -   3854614    0.00    0.00    0.00    0.00    0.00    23  |__CPU 3/TCG
14:35:51     1000   3854589         -  189.00    7.00    0.00    0.00  196.00    19  qemu-system-aar
14:35:51     1000         -   3854589    0.00    1.00    0.00    0.00    1.00    19  |__qemu-system-aar
14:35:51     1000         -   3854597    0.00    0.00    0.00    0.00    0.00    22  |__call_rcu
14:35:51     1000         -   3854610   93.00    3.00    0.00    0.00   96.00    16  |__CPU 0/TCG
14:35:51     1000         -   3854612    1.00    0.00    0.00    0.00    1.00    17  |__CPU 1/TCG
14:35:51     1000         -   3854613   94.00    5.00    0.00    0.00   99.00    20  |__CPU 2/TCG
14:35:51     1000         -   3854614    0.00    0.00    0.00    0.00    0.00    23  |__CPU 3/TCG
14:35:52     1000   3854589         -  189.00    7.00    0.00    0.00  196.00    19  qemu-system-aar
14:35:52     1000         -   3854589    0.00    1.00    0.00    0.00    1.00    19  |__qemu-system-aar
14:35:52     1000         -   3854597    0.00    0.00    0.00    0.00    0.00    22  |__call_rcu
14:35:52     1000         -   3854610   91.00    3.00    0.00    0.00   94.00    16  |__CPU 0/TCG
14:35:52     1000         -   3854612    1.00    0.00    0.00    0.00    1.00    17  |__CPU 1/TCG
14:35:52     1000         -   3854613   96.00    3.00    0.00    0.00   99.00    20  |__CPU 2/TCG
14:35:52     1000         -   3854614    0.00    0.00    0.00    0.00    0.00    23  |__CPU 3/TCG
14:35:53     1000   3854589         -  188.00    8.00    0.00    0.00  196.00     6  qemu-system-aar
14:35:53     1000         -   3854589    1.00    1.00    0.00    0.00    2.00     6  |__qemu-system-aar
14:35:53     1000         -   3854597    0.00    0.00    0.00    0.00    0.00    22  |__call_rcu
14:35:53     1000         -   3854610   91.00    4.00    0.00    1.00   95.00    16  |__CPU 0/TCG
14:35:53     1000         -   3854612    0.00    0.00    0.00    0.00    0.00    17  |__CPU 1/TCG
14:35:53     1000         -   3854613   95.00    4.00    0.00    0.00   99.00    20  |__CPU 2/TCG
14:35:53     1000         -   3854614    0.00    0.00    0.00    0.00    0.00    23  |__CPU 3/TCG
14:35:54     1000   3854589         -  188.00    8.00    0.00    0.00  196.00    19  qemu-system-aar
14:35:54     1000         -   3854589    0.00    0.00    0.00    0.00    0.00    19  |__qemu-system-aar
14:35:54     1000         -   3854597    0.00    0.00    0.00    0.00    0.00    22  |__call_rcu
14:35:54     1000         -   3854610   92.00    4.00    0.00    0.00   96.00    16  |__CPU 0/TCG
14:35:54     1000         -   3854612    1.00    0.00    0.00    0.00    1.00    17  |__CPU 1/TCG
14:35:54     1000         -   3854613   95.00    4.00    0.00    0.00   99.00    20  |__CPU 2/TCG
14:35:54     1000         -   3854614    0.00    0.00    0.00    0.00    0.00    23  |__CPU 3/TCG
14:35:55     1000   3854589         -  188.00    7.00    0.00    0.00  195.00    19  qemu-system-aar
14:35:55     1000         -   3854589    1.00    1.00    0.00    0.00    2.00    19  |__qemu-system-aar
14:35:55     1000         -   3854597    0.00    0.00    0.00    0.00    0.00    22  |__call_rcu
14:35:55     1000         -   3854610   91.00    3.00    0.00    0.00   94.00    16  |__CPU 0/TCG
14:35:55     1000         -   3854612    1.00    0.00    0.00    0.00    1.00    17  |__CPU 1/TCG
14:35:55     1000         -   3854613   95.00    4.00    0.00    0.00   99.00    20  |__CPU 2/TCG
14:35:55     1000         -   3854614    0.00    0.00    0.00    0.00    0.00    23  |__CPU 3/TCG
14:35:56     1000   3854589         -  188.00    8.00    0.00    0.00  196.00     7  qemu-system-aar
14:35:56     1000         -   3854589    0.00    1.00    0.00    0.00    1.00     7  |__qemu-system-aar
14:35:56     1000         -   3854597    0.00    0.00    0.00    0.00    0.00    22  |__call_rcu
14:35:56     1000         -   3854610   91.00    4.00    0.00    0.00   95.00    16  |__CPU 0/TCG
14:35:56     1000         -   3854612    0.00    0.00    0.00    0.00    0.00    17  |__CPU 1/TCG
14:35:56     1000         -   3854613   96.00    4.00    0.00    0.00  100.00     4  |__CPU 2/TCG
14:35:56     1000         -   3854614    0.00    0.00    0.00    0.00    0.00    23  |__CPU 3/TCG
14:35:57     1000   3854589         -  189.00    8.00    0.00    0.00  197.00    17  qemu-system-aar
14:35:57     1000         -   3854589    0.00    1.00    0.00    0.00    1.00    17  |__qemu-system-aar
14:35:57     1000         -   3854597    0.00    0.00    0.00    0.00    0.00    22  |__call_rcu
14:35:57     1000         -   3854610   91.00    4.00    0.00    0.00   95.00    16  |__CPU 0/TCG
14:35:57     1000         -   3854612    1.00    0.00    0.00    0.00    1.00     6  |__CPU 1/TCG
14:35:57     1000         -   3854613   96.00    3.00    0.00    0.00   99.00    20  |__CPU 2/TCG
14:35:57     1000         -   3854614    0.00    0.00    0.00    0.00    0.00    23  |__CPU 3/TCG
14:35:58     1000   3854589         -  187.00    8.00    0.00    0.00  195.00     7  qemu-system-aar
14:35:58     1000         -   3854589    1.00    1.00    0.00    0.00    2.00     7  |__qemu-system-aar
14:35:58     1000         -   3854597    0.00    0.00    0.00    0.00    0.00    22  |__call_rcu
14:35:58     1000         -   3854610   92.00    4.00    0.00    0.00   96.00     0  |__CPU 0/TCG
14:35:58     1000         -   3854612    0.00    0.00    0.00    0.00    0.00     6  |__CPU 1/TCG
14:35:58     1000         -   3854613   94.00    5.00    0.00    0.00   99.00    20  |__CPU 2/TCG
14:35:58     1000         -   3854614    0.00    0.00    0.00    0.00    0.00    23  |__CPU 3/TCG
14:35:59     1000   3854589         -  187.00    9.00    0.00    0.00  196.00    17  qemu-system-aar
14:35:59     1000         -   3854589    0.00    1.00    0.00    0.00    1.00    17  |__qemu-system-aar
14:35:59     1000         -   3854597    0.00    0.00    0.00    0.00    0.00    22  |__call_rcu
14:35:59     1000         -   3854610   90.00    4.00    0.00    0.00   94.00     0  |__CPU 0/TCG
14:35:59     1000         -   3854612    1.00    0.00    0.00    0.00    1.00     6  |__CPU 1/TCG
14:35:59     1000         -   3854613   95.00    4.00    0.00    0.00   99.00     4  |__CPU 2/TCG
14:35:59     1000         -   3854614    0.00    0.00    0.00    0.00    0.00    23  |__CPU 3/TCG
14:36:00     1000   3854589         -  186.00    9.00    0.00    0.00  195.00    16  qemu-system-aar
14:36:00     1000         -   3854589    1.00    1.00    0.00    0.00    2.00    16  |__qemu-system-aar
14:36:00     1000         -   3854597    0.00    0.00    0.00    0.00    0.00    22  |__call_rcu
14:36:00     1000         -   3854610   90.00    4.00    0.00    0.00   94.00     0  |__CPU 0/TCG
14:36:00     1000         -   3854612    1.00    0.00    0.00    0.00    1.00     6  |__CPU 1/TCG
14:36:00     1000         -   3854613   94.00    4.00    0.00    0.00   98.00     4  |__CPU 2/TCG
14:36:00     1000         -   3854614    0.00    0.00    0.00    0.00    0.00    23  |__CPU 3/TCG
14:36:01     1000   3854589         -  188.00    8.00    0.00    0.00  196.00     6  qemu-system-aar
14:36:01     1000         -   3854589    0.00    1.00    0.00    0.00    1.00     6  |__qemu-system-aar
14:36:01     1000         -   3854597    0.00    0.00    0.00    0.00    0.00    22  |__call_rcu
14:36:01     1000         -   3854610   91.00    4.00    0.00    0.00   95.00     0  |__CPU 0/TCG
14:36:01     1000         -   3854612    0.00    0.00    0.00    0.00    0.00    17  |__CPU 1/TCG
14:36:01     1000         -   3854613   95.00    5.00    0.00    0.00  100.00     4  |__CPU 2/TCG
14:36:01     1000         -   3854614    0.00    0.00    0.00    0.00    0.00    23  |__CPU 3/TCG
14:36:02     1000   3854589         -  187.00    9.00    0.00    0.00  196.00    17  qemu-system-aar
14:36:02     1000         -   3854589    0.00    1.00    0.00    0.00    1.00    17  |__qemu-system-aar
14:36:02     1000         -   3854597    0.00    0.00    0.00    0.00    0.00    22  |__call_rcu
14:36:02     1000         -   3854610   91.00    4.00    0.00    0.00   95.00     0  |__CPU 0/TCG
14:36:02     1000         -   3854612    1.00    0.00    0.00    0.00    1.00     6  |__CPU 1/TCG
14:36:02     1000         -   3854613   94.00    5.00    0.00    0.00   99.00    20  |__CPU 2/TCG
14:36:02     1000         -   3854614    0.00    0.00    0.00    0.00    0.00    23  |__CPU 3/TCG
14:36:03     1000   3854589         -  185.00   10.00    0.00    0.00  195.00    19  qemu-system-aar
14:36:03     1000         -   3854589    0.00    1.00    0.00    0.00    1.00    19  |__qemu-system-aar
14:36:03     1000         -   3854597    0.00    0.00    0.00    0.00    0.00    22  |__call_rcu
14:36:03     1000         -   3854610   91.00    4.00    0.00    0.00   95.00    16  |__CPU 0/TCG
14:36:03     1000         -   3854612    0.00    0.00    0.00    0.00    0.00     6  |__CPU 1/TCG
14:36:03     1000         -   3854613   94.00    5.00    0.00    0.00   99.00    20  |__CPU 2/TCG
14:36:03     1000         -   3854614    0.00    0.00    0.00    0.00    0.00    23  |__CPU 3/TCG
14:36:04     1000   3854589         -  185.00   10.00    0.00    0.00  195.00    19  qemu-system-aar
14:36:04     1000         -   3854589    1.00    0.00    0.00    0.00    1.00    19  |__qemu-system-aar
14:36:04     1000         -   3854597    0.00    0.00    0.00    0.00    0.00    22  |__call_rcu
14:36:04     1000         -   3854610   90.00    4.00    0.00    0.00   94.00    16  |__CPU 0/TCG
14:36:04     1000         -   3854612    1.00    0.00    0.00    0.00    1.00     6  |__CPU 1/TCG
14:36:04     1000         -   3854613   93.00    6.00    0.00    0.00   99.00    20  |__CPU 2/TCG
14:36:04     1000         -   3854614    0.00    0.00    0.00    0.00    0.00    23  |__CPU 3/TCG
14:36:05     1000   3854589         -  187.00    9.00    0.00    0.00  196.00    19  qemu-system-aar
14:36:05     1000         -   3854589    1.00    1.00    0.00    0.00    2.00    19  |__qemu-system-aar
14:36:05     1000         -   3854597    0.00    0.00    0.00    0.00    0.00    22  |__call_rcu
14:36:05     1000         -   3854610   90.00    3.00    0.00    0.00   93.00    16  |__CPU 0/TCG
14:36:05     1000         -   3854612    1.00    0.00    0.00    0.00    1.00     6  |__CPU 1/TCG
14:36:05     1000         -   3854613   94.00    5.00    0.00    0.00   99.00    20  |__CPU 2/TCG
14:36:05     1000         -   3854614    0.00    0.00    0.00    0.00    0.00    23  |__CPU 3/TCG
14:36:06     1000   3854589         -  185.00   10.00    0.00    0.00  195.00    19  qemu-system-aar
14:36:06     1000         -   3854589    0.00    1.00    0.00    0.00    1.00    19  |__qemu-system-aar
14:36:06     1000         -   3854597    0.00    0.00    0.00    0.00    0.00    22  |__call_rcu
14:36:06     1000         -   3854610   91.00    5.00    0.00    0.00   96.00    16  |__CPU 0/TCG
14:36:06     1000         -   3854612    0.00    0.00    0.00    0.00    0.00     6  |__CPU 1/TCG
14:36:06     1000         -   3854613   93.00    5.00    0.00    0.00   98.00    20  |__CPU 2/TCG
14:36:06     1000         -   3854614    0.00    0.00    0.00    0.00    0.00    23  |__CPU 3/TCG
14:36:07     1000   3854589         -  189.00    6.00    0.00    0.00  195.00    21  qemu-system-aar
14:36:07     1000         -   3854589    0.00    0.00    0.00    0.00    0.00    21  |__qemu-system-aar
14:36:07     1000         -   3854597    0.00    0.00    0.00    0.00    0.00    22  |__call_rcu
14:36:07     1000         -   3854610   92.00    2.00    0.00    0.00   94.00    16  |__CPU 0/TCG
14:36:07     1000         -   3854612    1.00    0.00    0.00    0.00    1.00     6  |__CPU 1/TCG
14:36:07     1000         -   3854613   96.00    4.00    0.00    0.00  100.00    20  |__CPU 2/TCG
14:36:07     1000         -   3854614    0.00    0.00    0.00    0.00    0.00    23  |__CPU 3/TCG
14:36:08     1000   3854589         -  186.00   10.00    0.00    0.00  196.00    19  qemu-system-aar
14:36:08     1000         -   3854589    1.00    1.00    0.00    0.00    2.00    19  |__qemu-system-aar
14:36:08     1000         -   3854597    0.00    0.00    0.00    0.00    0.00    22  |__call_rcu
14:36:08     1000         -   3854610   90.00    4.00    0.00    0.00   94.00    16  |__CPU 0/TCG
14:36:08     1000         -   3854612    0.00    0.00    0.00    0.00    0.00    17  |__CPU 1/TCG
14:36:08     1000         -   3854613   94.00    5.00    0.00    0.00   99.00     4  |__CPU 2/TCG
14:36:08     1000         -   3854614    0.00    0.00    0.00    0.00    0.00    23  |__CPU 3/TCG
14:36:09     1000   3854589         -  187.00    9.00    0.00    0.00  196.00    23  qemu-system-aar
14:36:09     1000         -   3854589    0.00    0.00    0.00    0.00    0.00    23  |__qemu-system-aar
14:36:09     1000         -   3854597    0.00    0.00    0.00    0.00    0.00    22  |__call_rcu
14:36:09     1000         -   3854610   91.00    5.00    0.00    0.00   96.00    16  |__CPU 0/TCG
14:36:09     1000         -   3854612    0.00    1.00    0.00    0.00    1.00    17  |__CPU 1/TCG
14:36:09     1000         -   3854613   94.00    5.00    0.00    0.00   99.00     4  |__CPU 2/TCG
14:36:09     1000         -   3854614    0.00    0.00    0.00    0.00    0.00    23  |__CPU 3/TCG
14:36:10     1000   3854589         -  187.00    8.00    0.00    0.00  195.00    23  qemu-system-aar
14:36:10     1000         -   3854589    0.00    2.00    0.00    0.00    2.00    23  |__qemu-system-aar
14:36:10     1000         -   3854597    0.00    0.00    0.00    0.00    0.00    22  |__call_rcu
14:36:10     1000         -   3854610   91.00    3.00    0.00    0.00   94.00    16  |__CPU 0/TCG
14:36:10     1000         -   3854612    1.00    0.00    0.00    0.00    1.00    17  |__CPU 1/TCG
14:36:10     1000         -   3854613   95.00    4.00    0.00    0.00   99.00     4  |__CPU 2/TCG
14:36:10     1000         -   3854614    0.00    0.00    0.00    0.00    0.00    23  |__CPU 3/TCG
14:36:11     1000   3854589         -  188.00    7.00    0.00    0.00  195.00    23  qemu-system-aar
14:36:11     1000         -   3854589    1.00    0.00    0.00    0.00    1.00    23  |__qemu-system-aar
14:36:11     1000         -   3854597    0.00    0.00    0.00    0.00    0.00    22  |__call_rcu
14:36:11     1000         -   3854610   91.00    4.00    0.00    0.00   95.00     0  |__CPU 0/TCG
14:36:11     1000         -   3854612    1.00    0.00    0.00    0.00    1.00     6  |__CPU 1/TCG
14:36:11     1000         -   3854613   96.00    4.00    0.00    0.00  100.00    20  |__CPU 2/TCG
14:36:11     1000         -   3854614    0.00    0.00    0.00    0.00    0.00    23  |__CPU 3/TCG
14:36:12     1000   3854589         -  186.00   11.00    0.00    0.00  197.00    23  qemu-system-aar
14:36:12     1000         -   3854589    1.00    1.00    0.00    0.00    2.00    23  |__qemu-system-aar
14:36:12     1000         -   3854597    0.00    0.00    0.00    0.00    0.00    22  |__call_rcu
14:36:12     1000         -   3854610   90.00    5.00    0.00    0.00   95.00    16  |__CPU 0/TCG
14:36:12     1000         -   3854612    0.00    0.00    0.00    0.00    0.00     6  |__CPU 1/TCG
14:36:12     1000         -   3854613   94.00    5.00    0.00    0.00   99.00    20  |__CPU 2/TCG
14:36:12     1000         -   3854614    0.00    0.00    0.00    0.00    0.00    23  |__CPU 3/TCG
14:36:13     1000   3854589         -  187.00    8.00    0.00    0.00  195.00    23  qemu-system-aar
14:36:13     1000         -   3854589    0.00    0.00    0.00    0.00    0.00    23  |__qemu-system-aar
14:36:13     1000         -   3854597    0.00    0.00    0.00    0.00    0.00    22  |__call_rcu
14:36:13     1000         -   3854610   91.00    4.00    0.00    0.00   95.00    16  |__CPU 0/TCG
14:36:13     1000         -   3854612    1.00    0.00    0.00    0.00    1.00     3  |__CPU 1/TCG
14:36:13     1000         -   3854613   94.00    4.00    0.00    0.00   98.00    20  |__CPU 2/TCG
14:36:13     1000         -   3854614    0.00    0.00    0.00    0.00    0.00    23  |__CPU 3/TCG
14:36:14     1000   3854589         -  187.00    9.00    0.00    0.00  196.00    23  qemu-system-aar
14:36:14     1000         -   3854589    1.00    1.00    0.00    0.00    2.00    23  |__qemu-system-aar
14:36:14     1000         -   3854597    0.00    0.00    0.00    0.00    0.00    22  |__call_rcu
14:36:14     1000         -   3854610   90.00    4.00    0.00    0.00   94.00    16  |__CPU 0/TCG
14:36:14     1000         -   3854612    0.00    0.00    0.00    0.00    0.00     3  |__CPU 1/TCG
14:36:14     1000         -   3854613   95.00    5.00    0.00    0.00  100.00     4  |__CPU 2/TCG
14:36:14     1000         -   3854614    0.00    0.00    0.00    0.00    0.00    23  |__CPU 3/TCG
14:36:15     1000   3854589         -  188.00    8.00    0.00    0.00  196.00    23  qemu-system-aar
14:36:15     1000         -   3854589    0.00    1.00    0.00    0.00    1.00    23  |__qemu-system-aar
14:36:15     1000         -   3854597    0.00    0.00    0.00    0.00    0.00    22  |__call_rcu
14:36:15     1000         -   3854610   91.00    4.00    0.00    0.00   95.00    16  |__CPU 0/TCG
14:36:15     1000         -   3854612    1.00    0.00    0.00    0.00    1.00     3  |__CPU 1/TCG
14:36:15     1000         -   3854613   96.00    4.00    0.00    0.00  100.00     4  |__CPU 2/TCG
14:36:15     1000         -   3854614    0.00    0.00    0.00    0.00    0.00    23  |__CPU 3/TCG
14:36:16     1000   3854589         -  186.00    9.00    0.00    0.00  195.00    17  qemu-system-aar
14:36:16     1000         -   3854589    1.00    0.00    0.00    0.00    1.00    17  |__qemu-system-aar
14:36:16     1000         -   3854597    0.00    0.00    0.00    0.00    0.00    22  |__call_rcu
14:36:16     1000         -   3854610   91.00    4.00    0.00    0.00   95.00    16  |__CPU 0/TCG
14:36:16     1000         -   3854612    1.00    0.00    0.00    0.00    1.00     4  |__CPU 1/TCG
14:36:16     1000         -   3854613   93.00    5.00    0.00    0.00   98.00    20  |__CPU 2/TCG
14:36:16     1000         -   3854614    0.00    0.00    0.00    0.00    0.00    23  |__CPU 3/TCG
14:36:17     1000   3854589         -  188.00    8.00    0.00    0.00  196.00     7  qemu-system-aar
14:36:17     1000         -   3854589    0.00    1.00    0.00    0.00    1.00     7  |__qemu-system-aar
14:36:17     1000         -   3854597    0.00    0.00    0.00    0.00    0.00    22  |__call_rcu
14:36:17     1000         -   3854610   91.00    4.00    0.00    0.00   95.00    16  |__CPU 0/TCG
14:36:17     1000         -   3854612    0.00    0.00    0.00    0.00    0.00    21  |__CPU 1/TCG
14:36:17     1000         -   3854613   95.00    4.00    0.00    0.00   99.00    20  |__CPU 2/TCG
14:36:17     1000         -   3854614    0.00    0.00    0.00    0.00    0.00    23  |__CPU 3/TCG
14:36:18     1000   3854589         -  187.00    9.00    0.00    0.00  196.00    18  qemu-system-aar
14:36:18     1000         -   3854589    0.00    1.00    0.00    0.00    1.00    18  |__qemu-system-aar
14:36:18     1000         -   3854597    0.00    0.00    0.00    0.00    0.00    22  |__call_rcu
14:36:18     1000         -   3854610   92.00    2.00    0.00    0.00   94.00    16  |__CPU 0/TCG
14:36:18     1000         -   3854612    1.00    0.00    0.00    0.00    1.00    21  |__CPU 1/TCG
14:36:18     1000         -   3854613   94.00    6.00    0.00    0.00  100.00    20  |__CPU 2/TCG
14:36:18     1000         -   3854614    0.00    0.00    0.00    0.00    0.00    23  |__CPU 3/TCG
14:36:19     1000   3854589         -  188.00    8.00    0.00    0.00  196.00    18  qemu-system-aar
14:36:19     1000         -   3854589    1.00    1.00    0.00    0.00    2.00    18  |__qemu-system-aar
14:36:19     1000         -   3854597    0.00    0.00    0.00    0.00    0.00    22  |__call_rcu
14:36:19     1000         -   3854610   92.00    4.00    0.00    0.00   96.00    16  |__CPU 0/TCG
14:36:19     1000         -   3854612    1.00    0.00    0.00    0.00    1.00    21  |__CPU 1/TCG
14:36:19     1000         -   3854613   95.00    4.00    0.00    0.00   99.00    20  |__CPU 2/TCG
14:36:19     1000         -   3854614    0.00    0.00    0.00    0.00    0.00    23  |__CPU 3/TCG
14:36:20     1000   3854589         -  187.00    8.00    0.00    0.00  195.00    22  qemu-system-aar
14:36:20     1000         -   3854589    0.00    1.00    0.00    0.00    1.00    22  |__qemu-system-aar
14:36:20     1000         -   3854597    0.00    0.00    0.00    0.00    0.00    22  |__call_rcu
14:36:20     1000         -   3854610   91.00    4.00    0.00    0.00   95.00    16  |__CPU 0/TCG
14:36:20     1000         -   3854612    0.00    0.00    0.00    0.00    0.00    21  |__CPU 1/TCG
14:36:20     1000         -   3854613   94.00    5.00    0.00    0.00   99.00    20  |__CPU 2/TCG
14:36:20     1000         -   3854614    0.00    0.00    0.00    0.00    0.00    23  |__CPU 3/TCG
14:36:21     1000   3854589         -  189.00    7.00    0.00    0.00  196.00     2  qemu-system-aar
14:36:21     1000         -   3854589    0.00    0.00    0.00    0.00    0.00     2  |__qemu-system-aar
14:36:21     1000         -   3854597    0.00    0.00    0.00    0.00    0.00    22  |__call_rcu
14:36:21     1000         -   3854610   92.00    2.00    0.00    0.00   94.00     0  |__CPU 0/TCG
14:36:21     1000         -   3854612    1.00    0.00    0.00    0.00    1.00    20  |__CPU 1/TCG
14:36:21     1000         -   3854613   95.00    3.00    0.00    0.00   98.00     4  |__CPU 2/TCG
14:36:21     1000         -   3854614    0.00    0.00    0.00    0.00    0.00    23  |__CPU 3/TCG
14:36:22     1000   3854589         -  191.00    5.00    0.00    0.00  196.00    19  qemu-system-aar
14:36:22     1000         -   3854589    0.00    1.00    0.00    0.00    1.00    19  |__qemu-system-aar
14:36:22     1000         -   3854597    0.00    0.00    0.00    0.00    0.00    22  |__call_rcu
14:36:22     1000         -   3854610   92.00    4.00    0.00    0.00   96.00     0  |__CPU 0/TCG
14:36:22     1000         -   3854612    0.00    0.00    0.00    0.00    0.00    20  |__CPU 1/TCG
14:36:22     1000         -   3854613   98.00    2.00    0.00    0.00  100.00     4  |__CPU 2/TCG
14:36:22     1000         -   3854614    0.00    0.00    0.00    0.00    0.00    23  |__CPU 3/TCG
14:36:23     1000   3854589         -  188.00    8.00    0.00    0.00  196.00    21  qemu-system-aar
14:36:23     1000         -   3854589    1.00    1.00    0.00    0.00    2.00    21  |__qemu-system-aar
14:36:23     1000         -   3854597    0.00    0.00    0.00    0.00    0.00    22  |__call_rcu
14:36:23     1000         -   3854610   91.00    3.00    0.00    0.00   94.00     0  |__CPU 0/TCG
14:36:23     1000         -   3854612    0.00    1.00    0.00    0.00    1.00    20  |__CPU 1/TCG
14:36:23     1000         -   3854613   94.00    5.00    0.00    0.00   99.00     4  |__CPU 2/TCG
14:36:23     1000         -   3854614    0.00    0.00    0.00    0.00    0.00    23  |__CPU 3/TCG
14:36:24     1000   3854589         -  185.00   10.00    0.00    0.00  195.00    21  qemu-system-aar
14:36:24     1000         -   3854589    0.00    1.00    0.00    0.00    1.00    21  |__qemu-system-aar
14:36:24     1000         -   3854597    0.00    0.00    0.00    0.00    0.00    22  |__call_rcu
14:36:24     1000         -   3854610   90.00    5.00    0.00    0.00   95.00    16  |__CPU 0/TCG
14:36:24     1000         -   3854612    0.00    0.00    0.00    0.00    0.00    20  |__CPU 1/TCG
14:36:24     1000         -   3854613   95.00    5.00    0.00    0.00  100.00     4  |__CPU 2/TCG
14:36:24     1000         -   3854614    0.00    0.00    0.00    0.00    0.00    23  |__CPU 3/TCG
14:36:25     1000   3854589         -  185.00   11.00    0.00    0.00  196.00    22  qemu-system-aar
14:36:25     1000         -   3854589    0.00    1.00    0.00    0.00    1.00    22  |__qemu-system-aar
14:36:25     1000         -   3854597    0.00    0.00    0.00    0.00    0.00    22  |__call_rcu
14:36:25     1000         -   3854610   89.00    5.00    0.00    0.00   94.00     0  |__CPU 0/TCG
14:36:25     1000         -   3854612    1.00    0.00    0.00    0.00    1.00    20  |__CPU 1/TCG
14:36:25     1000         -   3854613   93.00    5.00    0.00    0.00   98.00     4  |__CPU 2/TCG
14:36:25     1000         -   3854614    0.00    0.00    0.00    0.00    0.00    23  |__CPU 3/TCG
14:36:26     1000   3854589         -  191.00    6.00    0.00    0.00  197.00    21  qemu-system-aar
14:36:26     1000         -   3854589    0.00    1.00    0.00    0.00    1.00    21  |__qemu-system-aar
14:36:26     1000         -   3854597    0.00    0.00    0.00    0.00    0.00    22  |__call_rcu
14:36:26     1000         -   3854610   94.00    3.00    0.00    0.00   97.00    16  |__CPU 0/TCG
14:36:26     1000         -   3854612    0.00    0.00    0.00    0.00    0.00    22  |__CPU 1/TCG
14:36:26     1000         -   3854613   96.00    3.00    0.00    0.00   99.00    20  |__CPU 2/TCG
14:36:26     1000         -   3854614    0.00    0.00    0.00    0.00    0.00    23  |__CPU 3/TCG
14:36:27     1000   3854589         -  186.00    9.00    0.00    0.00  195.00    21  qemu-system-aar
14:36:27     1000         -   3854589    1.00    1.00    0.00    0.00    2.00    21  |__qemu-system-aar
14:36:27     1000         -   3854597    0.00    0.00    0.00    0.00    0.00    22  |__call_rcu
14:36:27     1000         -   3854610   91.00    3.00    0.00    0.00   94.00    16  |__CPU 0/TCG
14:36:27     1000         -   3854612    1.00    0.00    0.00    0.00    1.00    23  |__CPU 1/TCG
14:36:27     1000         -   3854613   94.00    5.00    0.00    0.00   99.00    20  |__CPU 2/TCG
14:36:27     1000         -   3854614    0.00    0.00    0.00    0.00    0.00    23  |__CPU 3/TCG
14:36:28     1000   3854589         -  193.00    6.00    0.00    0.00  199.00    22  qemu-system-aar
14:36:28     1000         -   3854589    0.00    0.00    0.00    0.00    0.00    22  |__qemu-system-aar
14:36:28     1000         -   3854597    0.00    0.00    0.00    0.00    0.00    22  |__call_rcu
14:36:28     1000         -   3854610   95.00    3.00    0.00    0.00   98.00    16  |__CPU 0/TCG
14:36:28     1000         -   3854612    1.00    0.00    0.00    0.00    1.00    23  |__CPU 1/TCG
14:36:28     1000         -   3854613   96.00    4.00    0.00    0.00  100.00    20  |__CPU 2/TCG
14:36:28     1000         -   3854614    0.00    0.00    0.00    0.00    0.00    23  |__CPU 3/TCG
14:36:29     1000   3854589         -  190.00    7.00    0.00    0.00  197.00     3  qemu-system-aar
14:36:29     1000         -   3854589    0.00    2.00    0.00    0.00    2.00     3  |__qemu-system-aar
14:36:29     1000         -   3854597    0.00    0.00    0.00    0.00    0.00    22  |__call_rcu
14:36:29     1000         -   3854610   92.00    3.00    0.00    0.00   95.00     0  |__CPU 0/TCG
14:36:29     1000         -   3854612    0.00    1.00    0.00    0.00    1.00    23  |__CPU 1/TCG
14:36:29     1000         -   3854613   97.00    2.00    0.00    0.00   99.00    20  |__CPU 2/TCG
14:36:29     1000         -   3854614    0.00    0.00    0.00    0.00    0.00    23  |__CPU 3/TCG
14:36:30     1000   3854589         -  184.00   10.00    0.00    0.00  194.00     3  qemu-system-aar
14:36:30     1000         -   3854589    0.00    0.00    0.00    0.00    0.00     3  |__qemu-system-aar
14:36:30     1000         -   3854597    0.00    0.00    0.00    0.00    0.00    22  |__call_rcu
14:36:30     1000         -   3854610   90.00    5.00    0.00    0.00   95.00     0  |__CPU 0/TCG
14:36:30     1000         -   3854612    1.00    0.00    0.00    0.00    1.00    23  |__CPU 1/TCG
14:36:30     1000         -   3854613   92.00    7.00    0.00    0.00   99.00    20  |__CPU 2/TCG
14:36:30     1000         -   3854614    0.00    0.00    0.00    0.00    0.00    23  |__CPU 3/TCG
14:36:31     1000   3854589         -  187.00    9.00    0.00    0.00  196.00     3  qemu-system-aar
14:36:31     1000         -   3854589    1.00    1.00    0.00    0.00    2.00     3  |__qemu-system-aar
14:36:31     1000         -   3854597    0.00    0.00    0.00    0.00    0.00    22  |__call_rcu
14:36:31     1000         -   3854610   91.00    3.00    0.00    0.00   94.00     0  |__CPU 0/TCG
14:36:31     1000         -   3854612    1.00    0.00    0.00    0.00    1.00    23  |__CPU 1/TCG
14:36:31     1000         -   3854613   94.00    5.00    0.00    0.00   99.00    20  |__CPU 2/TCG
14:36:31     1000         -   3854614    0.00    0.00    0.00    0.00    0.00    23  |__CPU 3/TCG
14:36:32     1000   3854589         -  188.00    7.00    0.00    0.00  195.00     6  qemu-system-aar
14:36:32     1000         -   3854589    0.00    1.00    0.00    0.00    1.00     6  |__qemu-system-aar
14:36:32     1000         -   3854597    0.00    0.00    0.00    0.00    0.00    22  |__call_rcu
14:36:32     1000         -   3854610   91.00    4.00    0.00    0.00   95.00     0  |__CPU 0/TCG
14:36:32     1000         -   3854612    0.00    0.00    0.00    0.00    0.00    22  |__CPU 1/TCG
14:36:32     1000         -   3854613   96.00    3.00    0.00    0.00   99.00    20  |__CPU 2/TCG
14:36:32     1000         -   3854614    0.00    0.00    0.00    0.00    0.00    23  |__CPU 3/TCG
14:36:33     1000   3854589         -  186.00    9.00    0.00    0.00  195.00     6  qemu-system-aar
14:36:33     1000         -   3854589    0.00    1.00    0.00    0.00    1.00     6  |__qemu-system-aar
14:36:33     1000         -   3854597    0.00    0.00    0.00    0.00    0.00    22  |__call_rcu
14:36:33     1000         -   3854610   90.00    4.00    0.00    0.00   94.00     0  |__CPU 0/TCG
14:36:33     1000         -   3854612    0.00    0.00    0.00    0.00    0.00    17  |__CPU 1/TCG
14:36:33     1000         -   3854613   95.00    5.00    0.00    0.00  100.00    20  |__CPU 2/TCG
14:36:33     1000         -   3854614    0.00    0.00    0.00    0.00    0.00    23  |__CPU 3/TCG
14:36:34     1000   3854589         -  187.00    9.00    0.00    0.00  196.00     3  qemu-system-aar
14:36:34     1000         -   3854589    1.00    1.00    0.00    0.00    2.00     3  |__qemu-system-aar
14:36:34     1000         -   3854597    0.00    0.00    0.00    0.00    0.00    22  |__call_rcu
14:36:34     1000         -   3854610   91.00    4.00    0.00    0.00   95.00     0  |__CPU 0/TCG
14:36:34     1000         -   3854612    1.00    0.00    0.00    0.00    1.00     7  |__CPU 1/TCG
14:36:34     1000         -   3854613   94.00    5.00    0.00    0.00   99.00    20  |__CPU 2/TCG
14:36:34     1000         -   3854614    0.00    0.00    0.00    0.00    0.00    23  |__CPU 3/TCG
14:36:35     1000   3854589         -  185.00   10.00    0.00    0.00  195.00     6  qemu-system-aar
14:36:35     1000         -   3854589    0.00    1.00    0.00    0.00    1.00     6  |__qemu-system-aar
14:36:35     1000         -   3854597    0.00    0.00    0.00    0.00    0.00    22  |__call_rcu
14:36:35     1000         -   3854610   89.00    4.00    0.00    1.00   93.00    16  |__CPU 0/TCG
14:36:35     1000         -   3854612    0.00    0.00    0.00    0.00    0.00     4  |__CPU 1/TCG
14:36:35     1000         -   3854613   94.00    4.00    0.00    0.00   98.00    20  |__CPU 2/TCG
14:36:35     1000         -   3854614    0.00    0.00    0.00    0.00    0.00    23  |__CPU 3/TCG
14:36:36     1000   3854589         -  187.00    8.00    0.00    0.00  195.00     6  qemu-system-aar
14:36:36     1000         -   3854589    1.00    0.00    0.00    0.00    1.00     6  |__qemu-system-aar
14:36:36     1000         -   3854597    0.00    0.00    0.00    0.00    0.00    22  |__call_rcu
14:36:36     1000         -   3854610   92.00    4.00    0.00    0.00   96.00    16  |__CPU 0/TCG
14:36:36     1000         -   3854612    1.00    0.00    0.00    0.00    1.00     4  |__CPU 1/TCG
14:36:36     1000         -   3854613   94.00    5.00    0.00    0.00   99.00    20  |__CPU 2/TCG
14:36:36     1000         -   3854614    0.00    0.00    0.00    0.00    0.00    23  |__CPU 3/TCG
14:36:37     1000   3854589         -  187.00    9.00    0.00    0.00  196.00     1  qemu-system-aar
14:36:37     1000         -   3854589    0.00    1.00    0.00    0.00    1.00     1  |__qemu-system-aar
14:36:37     1000         -   3854597    0.00    0.00    0.00    0.00    0.00    22  |__call_rcu
14:36:37     1000         -   3854610   90.00    4.00    0.00    0.00   94.00     0  |__CPU 0/TCG
14:36:37     1000         -   3854612    1.00    0.00    0.00    0.00    1.00     7  |__CPU 1/TCG
14:36:37     1000         -   3854613   95.00    5.00    0.00    0.00  100.00     4  |__CPU 2/TCG
14:36:37     1000         -   3854614    0.00    0.00    0.00    0.00    0.00    23  |__CPU 3/TCG
14:36:38     1000   3854589         -  186.00    9.00    0.00    0.00  195.00     1  qemu-system-aar
14:36:38     1000         -   3854589    0.00    1.00    0.00    0.00    1.00     1  |__qemu-system-aar
14:36:38     1000         -   3854597    0.00    0.00    0.00    0.00    0.00    22  |__call_rcu
14:36:38     1000         -   3854610   90.00    4.00    0.00    0.00   94.00    16  |__CPU 0/TCG
14:36:38     1000         -   3854612    0.00    0.00    0.00    0.00    0.00     7  |__CPU 1/TCG
14:36:38     1000         -   3854613   95.00    4.00    0.00    0.00   99.00     4  |__CPU 2/TCG
14:36:38     1000         -   3854614    0.00    0.00    0.00    0.00    0.00    23  |__CPU 3/TCG
14:36:39     1000   3854589         -  188.00    8.00    0.00    0.00  196.00     3  qemu-system-aar
14:36:39     1000         -   3854589    1.00    0.00    0.00    0.00    1.00     3  |__qemu-system-aar
14:36:39     1000         -   3854597    0.00    0.00    0.00    0.00    0.00    22  |__call_rcu
14:36:39     1000         -   3854610   93.00    3.00    0.00    0.00   96.00    16  |__CPU 0/TCG
14:36:39     1000         -   3854612    1.00    0.00    0.00    0.00    1.00     7  |__CPU 1/TCG
14:36:39     1000         -   3854613   93.00    6.00    0.00    0.00   99.00     4  |__CPU 2/TCG
14:36:39     1000         -   3854614    0.00    0.00    0.00    0.00    0.00    23  |__CPU 3/TCG
14:36:40     1000   3854589         -  186.00    9.00    0.00    0.00  195.00    20  qemu-system-aar
14:36:40     1000         -   3854589    1.00    1.00    0.00    0.00    2.00    20  |__qemu-system-aar
14:36:40     1000         -   3854597    0.00    0.00    0.00    0.00    0.00    22  |__call_rcu
14:36:40     1000         -   3854610   89.00    3.00    0.00    0.00   92.00    16  |__CPU 0/TCG
14:36:40     1000         -   3854612    1.00    0.00    0.00    0.00    1.00     7  |__CPU 1/TCG
14:36:40     1000         -   3854613   94.00    5.00    0.00    0.00   99.00     4  |__CPU 2/TCG
14:36:40     1000         -   3854614    0.00    0.00    0.00    0.00    0.00    23  |__CPU 3/TCG
14:36:41     1000   3854589         -  189.00    7.00    0.00    0.00  196.00     1  qemu-system-aar
14:36:41     1000         -   3854589    0.00    2.00    0.00    0.00    2.00     1  |__qemu-system-aar
14:36:41     1000         -   3854597    0.00    0.00    0.00    0.00    0.00    22  |__call_rcu
14:36:41     1000         -   3854610   93.00    3.00    0.00    0.00   96.00    16  |__CPU 0/TCG
14:36:41     1000         -   3854612    0.00    0.00    0.00    0.00    0.00     7  |__CPU 1/TCG
14:36:41     1000         -   3854613   95.00    4.00    0.00    0.00   99.00     4  |__CPU 2/TCG
14:36:41     1000         -   3854614    0.00    0.00    0.00    0.00    0.00    23  |__CPU 3/TCG
14:36:42     1000   3854589         -  187.00    8.00    0.00    0.00  195.00     6  qemu-system-aar
14:36:42     1000         -   3854589    0.00    1.00    0.00    0.00    1.00     6  |__qemu-system-aar
14:36:42     1000         -   3854597    0.00    0.00    0.00    0.00    0.00    22  |__call_rcu
14:36:42     1000         -   3854610   91.00    3.00    0.00    0.00   94.00    16  |__CPU 0/TCG
14:36:42     1000         -   3854612    1.00    0.00    0.00    0.00    1.00     7  |__CPU 1/TCG
14:36:42     1000         -   3854613   94.00    5.00    0.00    0.00   99.00     4  |__CPU 2/TCG
14:36:42     1000         -   3854614    0.00    0.00    0.00    0.00    0.00    23  |__CPU 3/TCG
14:36:43     1000   3854589         -  187.00    9.00    0.00    0.00  196.00     6  qemu-system-aar
14:36:43     1000         -   3854589    0.00    1.00    0.00    0.00    1.00     6  |__qemu-system-aar
14:36:43     1000         -   3854597    0.00    0.00    0.00    0.00    0.00    22  |__call_rcu
14:36:43     1000         -   3854610   91.00    3.00    0.00    0.00   94.00     0  |__CPU 0/TCG
14:36:43     1000         -   3854612    1.00    0.00    0.00    0.00    1.00     7  |__CPU 1/TCG
14:36:43     1000         -   3854613   94.00    5.00    0.00    0.00   99.00    20  |__CPU 2/TCG
14:36:43     1000         -   3854614    0.00    0.00    0.00    0.00    0.00    23  |__CPU 3/TCG
14:36:44     1000   3854589         -  186.00    9.00    0.00    0.00  195.00     7  qemu-system-aar
14:36:44     1000         -   3854589    1.00    1.00    0.00    0.00    2.00     7  |__qemu-system-aar
14:36:44     1000         -   3854597    0.00    0.00    0.00    0.00    0.00    22  |__call_rcu
14:36:44     1000         -   3854610   91.00    4.00    0.00    0.00   95.00    16  |__CPU 0/TCG
14:36:44     1000         -   3854612    0.00    0.00    0.00    0.00    0.00    17  |__CPU 1/TCG
14:36:44     1000         -   3854613   95.00    5.00    0.00    0.00  100.00    20  |__CPU 2/TCG
14:36:44     1000         -   3854614    0.00    0.00    0.00    0.00    0.00    23  |__CPU 3/TCG
14:36:45     1000   3854589         -  185.00    9.00    0.00    0.00  194.00    18  qemu-system-aar
14:36:45     1000         -   3854589    0.00    1.00    0.00    0.00    1.00    18  |__qemu-system-aar
14:36:45     1000         -   3854597    0.00    0.00    0.00    0.00    0.00    22  |__call_rcu
14:36:45     1000         -   3854610   89.00    4.00    0.00    0.00   93.00    16  |__CPU 0/TCG
14:36:45     1000         -   3854612    1.00    0.00    0.00    0.00    1.00     7  |__CPU 1/TCG
14:36:45     1000         -   3854613   94.00    5.00    0.00    0.00   99.00    20  |__CPU 2/TCG
14:36:45     1000         -   3854614    0.00    0.00    0.00    0.00    0.00    23  |__CPU 3/TCG
14:36:46     1000   3854589         -  186.00   10.00    0.00    0.00  196.00    21  qemu-system-aar
14:36:46     1000         -   3854589    0.00    0.00    0.00    0.00    0.00    21  |__qemu-system-aar
14:36:46     1000         -   3854597    0.00    0.00    0.00    0.00    0.00    22  |__call_rcu
14:36:46     1000         -   3854610   89.00    6.00    0.00    0.00   95.00    16  |__CPU 0/TCG
14:36:46     1000         -   3854612    0.00    0.00    0.00    0.00    0.00    17  |__CPU 1/TCG
14:36:46     1000         -   3854613   94.00    4.00    0.00    0.00   98.00    20  |__CPU 2/TCG
14:36:46     1000         -   3854614    0.00    0.00    0.00    0.00    0.00    23  |__CPU 3/TCG
14:36:47     1000   3854589         -  187.00    8.00    0.00    0.00  195.00    23  qemu-system-aar
14:36:47     1000         -   3854589    0.00    1.00    0.00    0.00    1.00    23  |__qemu-system-aar
14:36:47     1000         -   3854597    0.00    0.00    0.00    0.00    0.00    22  |__call_rcu
14:36:47     1000         -   3854610   92.00    3.00    0.00    0.00   95.00    16  |__CPU 0/TCG
14:36:47     1000         -   3854612    0.00    0.00    0.00    0.00    0.00     7  |__CPU 1/TCG
14:36:47     1000         -   3854613   95.00    5.00    0.00    0.00  100.00     4  |__CPU 2/TCG
14:36:47     1000         -   3854614    0.00    0.00    0.00    0.00    0.00    23  |__CPU 3/TCG
14:36:48     1000   3854589         -  188.00    8.00    0.00    0.00  196.00    22  qemu-system-aar
14:36:48     1000         -   3854589    1.00    0.00    0.00    0.00    1.00    22  |__qemu-system-aar
14:36:48     1000         -   3854597    0.00    0.00    0.00    0.00    0.00    22  |__call_rcu
14:36:48     1000         -   3854610   91.00    4.00    0.00    0.00   95.00    16  |__CPU 0/TCG
14:36:48     1000         -   3854612    1.00    0.00    0.00    0.00    1.00     1  |__CPU 1/TCG
14:36:48     1000         -   3854613   95.00    3.00    0.00    0.00   98.00     4  |__CPU 2/TCG
14:36:48     1000         -   3854614    0.00    0.00    0.00    0.00    0.00    23  |__CPU 3/TCG
14:36:49     1000   3854589         -  186.00    8.00    0.00    0.00  194.00    23  qemu-system-aar
14:36:49     1000         -   3854589    1.00    1.00    0.00    0.00    2.00    23  |__qemu-system-aar
14:36:49     1000         -   3854597    0.00    0.00    0.00    0.00    0.00    22  |__call_rcu
14:36:49     1000         -   3854610   90.00    4.00    0.00    0.00   94.00     0  |__CPU 0/TCG
14:36:49     1000         -   3854612    0.00    0.00    0.00    0.00    0.00     1  |__CPU 1/TCG
14:36:49     1000         -   3854613   95.00    5.00    0.00    0.00  100.00     4  |__CPU 2/TCG
14:36:49     1000         -   3854614    0.00    0.00    0.00    0.00    0.00    23  |__CPU 3/TCG
14:36:50     1000   3854589         -  187.00    9.00    0.00    0.00  196.00     2  qemu-system-aar
14:36:50     1000         -   3854589    0.00    1.00    0.00    0.00    1.00     2  |__qemu-system-aar
14:36:50     1000         -   3854597    0.00    0.00    0.00    0.00    0.00    22  |__call_rcu
14:36:50     1000         -   3854610   91.00    4.00    0.00    0.00   95.00     0  |__CPU 0/TCG
14:36:50     1000         -   3854612    1.00    0.00    0.00    0.00    1.00     1  |__CPU 1/TCG
14:36:50     1000         -   3854613   94.00    4.00    0.00    0.00   98.00     4  |__CPU 2/TCG
14:36:50     1000         -   3854614    0.00    0.00    0.00    0.00    0.00    23  |__CPU 3/TCG
14:36:51     1000   3854589         -  187.00    9.00    0.00    0.00  196.00     5  qemu-system-aar
14:36:51     1000         -   3854589    1.00    1.00    0.00    0.00    2.00     5  |__qemu-system-aar
14:36:51     1000         -   3854597    0.00    0.00    0.00    0.00    0.00    22  |__call_rcu
14:36:51     1000         -   3854610   91.00    4.00    0.00    0.00   95.00     0  |__CPU 0/TCG
14:36:51     1000         -   3854612    0.00    0.00    0.00    0.00    0.00     1  |__CPU 1/TCG
14:36:51     1000         -   3854613   94.00    5.00    0.00    0.00   99.00    20  |__CPU 2/TCG
14:36:51     1000         -   3854614    0.00    0.00    0.00    0.00    0.00    23  |__CPU 3/TCG
14:36:52     1000   3854589         -  188.00    8.00    0.00    0.00  196.00     4  qemu-system-aar
14:36:52     1000         -   3854589    1.00    1.00    0.00    0.00    2.00     4  |__qemu-system-aar
14:36:52     1000         -   3854597    0.00    0.00    0.00    0.00    0.00    22  |__call_rcu
14:36:52     1000         -   3854610   91.00    4.00    0.00    0.00   95.00     0  |__CPU 0/TCG
14:36:52     1000         -   3854612    0.00    0.00    0.00    0.00    0.00     2  |__CPU 1/TCG
14:36:52     1000         -   3854613   95.00    4.00    0.00    0.00   99.00    20  |__CPU 2/TCG
14:36:52     1000         -   3854614    0.00    0.00    0.00    0.00    0.00    23  |__CPU 3/TCG
14:36:53     1000   3854589         -  188.00    8.00    0.00    0.00  196.00     5  qemu-system-aar
14:36:53     1000         -   3854589    1.00    0.00    0.00    0.00    1.00     5  |__qemu-system-aar
14:36:53     1000         -   3854597    0.00    0.00    0.00    0.00    0.00    22  |__call_rcu
14:36:53     1000         -   3854610   92.00    3.00    0.00    0.00   95.00     0  |__CPU 0/TCG
14:36:53     1000         -   3854612    1.00    0.00    0.00    0.00    1.00     1  |__CPU 1/TCG
14:36:53     1000         -   3854613   95.00    4.00    0.00    0.00   99.00     4  |__CPU 2/TCG
14:36:53     1000         -   3854614    0.00    0.00    0.00    0.00    0.00    23  |__CPU 3/TCG
14:36:54     1000   3854589         -  188.00    7.00    0.00    0.00  195.00     6  qemu-system-aar
14:36:54     1000         -   3854589    0.00    1.00    0.00    0.00    1.00     6  |__qemu-system-aar
14:36:54     1000         -   3854597    0.00    0.00    0.00    0.00    0.00    22  |__call_rcu
14:36:54     1000         -   3854610   92.00    3.00    0.00    0.00   95.00     0  |__CPU 0/TCG
14:36:54     1000         -   3854612    0.00    0.00    0.00    0.00    0.00     1  |__CPU 1/TCG
14:36:54     1000         -   3854613   95.00    5.00    0.00    0.00  100.00    20  |__CPU 2/TCG
14:36:54     1000         -   3854614    0.00    0.00    0.00    0.00    0.00    23  |__CPU 3/TCG
14:36:55     1000   3854589         -  185.00   10.00    0.00    0.00  195.00    17  qemu-system-aar
14:36:55     1000         -   3854589    0.00    1.00    0.00    0.00    1.00    17  |__qemu-system-aar
14:36:55     1000         -   3854597    0.00    0.00    0.00    0.00    0.00    22  |__call_rcu
14:36:55     1000         -   3854610   90.00    5.00    0.00    0.00   95.00     0  |__CPU 0/TCG
14:36:55     1000         -   3854612    0.00    0.00    0.00    0.00    0.00     1  |__CPU 1/TCG
14:36:55     1000         -   3854613   93.00    5.00    0.00    0.00   98.00    20  |__CPU 2/TCG
14:36:55     1000         -   3854614    0.00    0.00    0.00    0.00    0.00    23  |__CPU 3/TCG
14:36:56     1000   3854589         -  188.00    8.00    0.00    0.00  196.00     6  qemu-system-aar
14:36:56     1000         -   3854589    1.00    1.00    0.00    0.00    2.00     6  |__qemu-system-aar
14:36:56     1000         -   3854597    0.00    0.00    0.00    0.00    0.00    22  |__call_rcu
14:36:56     1000         -   3854610   91.00    3.00    0.00    0.00   94.00     0  |__CPU 0/TCG
14:36:56     1000         -   3854612    0.00    0.00    0.00    0.00    0.00     2  |__CPU 1/TCG
14:36:56     1000         -   3854613   95.00    5.00    0.00    0.00  100.00    20  |__CPU 2/TCG
14:36:56     1000         -   3854614    0.00    0.00    0.00    0.00    0.00    23  |__CPU 3/TCG
14:36:57     1000   3854589         -  186.00    9.00    0.00    0.00  195.00     6  qemu-system-aar
14:36:57     1000         -   3854589    1.00    0.00    0.00    0.00    1.00     6  |__qemu-system-aar
14:36:57     1000         -   3854597    0.00    0.00    0.00    0.00    0.00    22  |__call_rcu
14:36:57     1000         -   3854610   91.00    4.00    0.00    0.00   95.00     0  |__CPU 0/TCG
14:36:57     1000         -   3854612    1.00    1.00    0.00    0.00    2.00     2  |__CPU 1/TCG
14:36:57     1000         -   3854613   94.00    4.00    0.00    0.00   98.00    20  |__CPU 2/TCG
14:36:57     1000         -   3854614    0.00    0.00    0.00    0.00    0.00    23  |__CPU 3/TCG
14:36:58     1000   3854589         -  187.00    9.00    0.00    0.00  196.00     1  qemu-system-aar
14:36:58     1000         -   3854589    1.00    0.00    0.00    0.00    1.00     1  |__qemu-system-aar
14:36:58     1000         -   3854597    0.00    0.00    0.00    0.00    0.00    22  |__call_rcu
14:36:58     1000         -   3854610   90.00    4.00    0.00    0.00   94.00     0  |__CPU 0/TCG
14:36:58     1000         -   3854612    0.00    0.00    0.00    0.00    0.00     3  |__CPU 1/TCG
14:36:58     1000         -   3854613   95.00    5.00    0.00    0.00  100.00    20  |__CPU 2/TCG
14:36:58     1000         -   3854614    0.00    0.00    0.00    0.00    0.00    23  |__CPU 3/TCG
14:36:59     1000   3854589         -  186.00    8.00    0.00    0.00  194.00     3  qemu-system-aar
14:36:59     1000         -   3854589    0.00    1.00    0.00    0.00    1.00     3  |__qemu-system-aar
14:36:59     1000         -   3854597    0.00    0.00    0.00    0.00    0.00    22  |__call_rcu
14:36:59     1000         -   3854610   91.00    4.00    0.00    0.00   95.00     0  |__CPU 0/TCG
14:36:59     1000         -   3854612    1.00    0.00    0.00    0.00    1.00     4  |__CPU 1/TCG
14:36:59     1000         -   3854613   94.00    5.00    0.00    0.00   99.00    20  |__CPU 2/TCG
14:36:59     1000         -   3854614    0.00    0.00    0.00    0.00    0.00    23  |__CPU 3/TCG
14:37:00     1000   3854589         -  185.00   10.00    0.00    0.00  195.00     6  qemu-system-aar
14:37:00     1000         -   3854589    1.00    0.00    0.00    0.00    1.00     6  |__qemu-system-aar
14:37:00     1000         -   3854597    0.00    0.00    0.00    0.00    0.00    22  |__call_rcu
14:37:00     1000         -   3854610   89.00    4.00    0.00    0.00   93.00    16  |__CPU 0/TCG
14:37:00     1000         -   3854612    1.00    0.00    0.00    0.00    1.00     4  |__CPU 1/TCG
14:37:00     1000         -   3854613   94.00    5.00    0.00    0.00   99.00    20  |__CPU 2/TCG
14:37:00     1000         -   3854614    0.00    0.00    0.00    0.00    0.00    23  |__CPU 3/TCG
14:37:01     1000   3854589         -  185.00   10.00    0.00    0.00  195.00     5  qemu-system-aar
14:37:01     1000         -   3854589    0.00    1.00    0.00    0.00    1.00     5  |__qemu-system-aar
14:37:01     1000         -   3854597    0.00    0.00    0.00    0.00    0.00    22  |__call_rcu
14:37:01     1000         -   3854610   91.00    3.00    0.00    0.00   94.00    16  |__CPU 0/TCG
14:37:01     1000         -   3854612    0.00    0.00    0.00    0.00    0.00     4  |__CPU 1/TCG
14:37:01     1000         -   3854613   93.00    6.00    0.00    0.00   99.00    20  |__CPU 2/TCG
14:37:01     1000         -   3854614    0.00    0.00    0.00    0.00    0.00    23  |__CPU 3/TCG
14:37:02     1000   3854589         -  188.00    7.00    0.00    0.00  195.00     5  qemu-system-aar
14:37:02     1000         -   3854589    0.00    1.00    0.00    0.00    1.00     5  |__qemu-system-aar
14:37:02     1000         -   3854597    0.00    0.00    0.00    0.00    0.00    22  |__call_rcu
14:37:02     1000         -   3854610   91.00    3.00    0.00    0.00   94.00    16  |__CPU 0/TCG
14:37:02     1000         -   3854612    1.00    0.00    0.00    0.00    1.00     8  |__CPU 1/TCG
14:37:02     1000         -   3854613   95.00    5.00    0.00    0.00  100.00     4  |__CPU 2/TCG
14:37:02     1000         -   3854614    0.00    0.00    0.00    0.00    0.00    23  |__CPU 3/TCG
14:37:03     1000   3854589         -  187.00    9.00    0.00    0.00  196.00     6  qemu-system-aar
14:37:03     1000         -   3854589    0.00    1.00    0.00    0.00    1.00     6  |__qemu-system-aar
14:37:03     1000         -   3854597    0.00    0.00    0.00    0.00    0.00    22  |__call_rcu
14:37:03     1000         -   3854610   91.00    4.00    0.00    0.00   95.00     0  |__CPU 0/TCG
14:37:03     1000         -   3854612    0.00    0.00    0.00    0.00    0.00     8  |__CPU 1/TCG
14:37:03     1000         -   3854613   95.00    3.00    0.00    0.00   98.00     4  |__CPU 2/TCG
14:37:03     1000         -   3854614    0.00    0.00    0.00    0.00    0.00    23  |__CPU 3/TCG
14:37:04     1000   3854589         -  188.00    7.00    0.00    0.00  195.00    17  qemu-system-aar
14:37:04     1000         -   3854589    1.00    1.00    0.00    0.00    2.00    17  |__qemu-system-aar
14:37:04     1000         -   3854597    0.00    0.00    0.00    0.00    0.00    22  |__call_rcu
14:37:04     1000         -   3854610   91.00    3.00    0.00    0.00   94.00     0  |__CPU 0/TCG
14:37:04     1000         -   3854612    1.00    0.00    0.00    0.00    1.00    20  |__CPU 1/TCG
14:37:04     1000         -   3854613   95.00    5.00    0.00    0.00  100.00     4  |__CPU 2/TCG
14:37:04     1000         -   3854614    0.00    0.00    0.00    0.00    0.00    23  |__CPU 3/TCG
14:37:05     1000   3854589         -  186.00    8.00    0.00    0.00  194.00    17  qemu-system-aar
14:37:05     1000         -   3854589    0.00    1.00    0.00    0.00    1.00    17  |__qemu-system-aar
14:37:05     1000         -   3854597    0.00    0.00    0.00    0.00    0.00    22  |__call_rcu
14:37:05     1000         -   3854610   90.00    4.00    0.00    0.00   94.00     0  |__CPU 0/TCG
14:37:05     1000         -   3854612    1.00    0.00    0.00    0.00    1.00    20  |__CPU 1/TCG
14:37:05     1000         -   3854613   94.00    4.00    0.00    0.00   98.00     4  |__CPU 2/TCG
14:37:05     1000         -   3854614    0.00    0.00    0.00    0.00    0.00    23  |__CPU 3/TCG
14:37:06     1000   3854589         -  188.00    8.00    0.00    0.00  196.00    17  qemu-system-aar
14:37:06     1000         -   3854589    0.00    1.00    0.00    0.00    1.00    17  |__qemu-system-aar
14:37:06     1000         -   3854597    0.00    0.00    0.00    0.00    0.00    22  |__call_rcu
14:37:06     1000         -   3854610   91.00    3.00    0.00    0.00   94.00    16  |__CPU 0/TCG
14:37:06     1000         -   3854612    0.00    0.00    0.00    0.00    0.00    20  |__CPU 1/TCG
14:37:06     1000         -   3854613   95.00    4.00    0.00    0.00   99.00     4  |__CPU 2/TCG
14:37:06     1000         -   3854614    0.00    0.00    0.00    0.00    0.00    23  |__CPU 3/TCG
14:37:07     1000   3854589         -  188.00    8.00    0.00    0.00  196.00    17  qemu-system-aar
14:37:07     1000         -   3854589    0.00    1.00    0.00    0.00    1.00    17  |__qemu-system-aar
14:37:07     1000         -   3854597    0.00    0.00    0.00    0.00    0.00    22  |__call_rcu
14:37:07     1000         -   3854610   91.00    5.00    0.00    0.00   96.00     0  |__CPU 0/TCG
14:37:07     1000         -   3854612    1.00    0.00    0.00    0.00    1.00    21  |__CPU 1/TCG
14:37:07     1000         -   3854613   96.00    3.00    0.00    0.00   99.00     4  |__CPU 2/TCG
14:37:07     1000         -   3854614    0.00    0.00    0.00    0.00    0.00    23  |__CPU 3/TCG
14:37:08     1000   3854589         -  187.00    8.00    0.00    0.00  195.00    19  qemu-system-aar
14:37:08     1000         -   3854589    0.00    1.00    0.00    0.00    1.00    19  |__qemu-system-aar
14:37:08     1000         -   3854597    0.00    0.00    0.00    0.00    0.00    22  |__call_rcu
14:37:08     1000         -   3854610   91.00    3.00    0.00    0.00   94.00     0  |__CPU 0/TCG
14:37:08     1000         -   3854612    0.00    0.00    0.00    0.00    0.00    20  |__CPU 1/TCG
14:37:08     1000         -   3854613   95.00    5.00    0.00    0.00  100.00     4  |__CPU 2/TCG
14:37:08     1000         -   3854614    0.00    0.00    0.00    0.00    0.00    23  |__CPU 3/TCG
14:37:09     1000   3854589         -  188.00    8.00    0.00    0.00  196.00    19  qemu-system-aar
14:37:09     1000         -   3854589    2.00    0.00    0.00    0.00    2.00    19  |__qemu-system-aar
14:37:09     1000         -   3854597    0.00    0.00    0.00    0.00    0.00    22  |__call_rcu
14:37:09     1000         -   3854610   91.00    4.00    0.00    0.00   95.00    16  |__CPU 0/TCG
14:37:09     1000         -   3854612    1.00    0.00    0.00    0.00    1.00    22  |__CPU 1/TCG
14:37:09     1000         -   3854613   95.00    4.00    0.00    0.00   99.00    20  |__CPU 2/TCG
14:37:09     1000         -   3854614    0.00    0.00    0.00    0.00    0.00    23  |__CPU 3/TCG
14:37:10     1000   3854589         -  186.00    8.00    0.00    0.00  194.00    19  qemu-system-aar
14:37:10     1000         -   3854589    0.00    1.00    0.00    0.00    1.00    19  |__qemu-system-aar
14:37:10     1000         -   3854597    0.00    0.00    0.00    0.00    0.00    22  |__call_rcu
14:37:10     1000         -   3854610   90.00    4.00    0.00    0.00   94.00    16  |__CPU 0/TCG
14:37:10     1000         -   3854612    0.00    0.00    0.00    0.00    0.00    22  |__CPU 1/TCG
14:37:10     1000         -   3854613   94.00    5.00    0.00    0.00   99.00    20  |__CPU 2/TCG
14:37:10     1000         -   3854614    0.00    0.00    0.00    0.00    0.00    23  |__CPU 3/TCG
14:37:11     1000   3854589         -  186.00   10.00    0.00    0.00  196.00    19  qemu-system-aar
14:37:11     1000         -   3854589    1.00    0.00    0.00    0.00    1.00    19  |__qemu-system-aar
14:37:11     1000         -   3854597    0.00    0.00    0.00    0.00    0.00    22  |__call_rcu
14:37:11     1000         -   3854610   91.00    4.00    0.00    0.00   95.00    16  |__CPU 0/TCG
14:37:11     1000         -   3854612    1.00    0.00    0.00    0.00    1.00    22  |__CPU 1/TCG
14:37:11     1000         -   3854613   94.00    5.00    0.00    0.00   99.00    20  |__CPU 2/TCG
14:37:11     1000         -   3854614    0.00    0.00    0.00    0.00    0.00    23  |__CPU 3/TCG
14:37:12     1000   3854589         -  188.00    7.00    0.00    0.00  195.00    19  qemu-system-aar
14:37:12     1000         -   3854589    0.00    1.00    0.00    0.00    1.00    19  |__qemu-system-aar
14:37:12     1000         -   3854597    0.00    0.00    0.00    0.00    0.00    22  |__call_rcu
14:37:12     1000         -   3854610   91.00    2.00    0.00    0.00   93.00    16  |__CPU 0/TCG
14:37:12     1000         -   3854612    1.00    0.00    0.00    0.00    1.00    22  |__CPU 1/TCG
14:37:12     1000         -   3854613   95.00    4.00    0.00    0.00   99.00    20  |__CPU 2/TCG
14:37:12     1000         -   3854614    0.00    0.00    0.00    0.00    0.00    23  |__CPU 3/TCG
14:37:13     1000   3854589         -  185.00   10.00    0.00    0.00  195.00    19  qemu-system-aar
14:37:13     1000         -   3854589    0.00    1.00    0.00    0.00    1.00    19  |__qemu-system-aar
14:37:13     1000         -   3854597    0.00    0.00    0.00    0.00    0.00    22  |__call_rcu
14:37:13     1000         -   3854610   90.00    5.00    0.00    0.00   95.00    16  |__CPU 0/TCG
14:37:13     1000         -   3854612    0.00    0.00    0.00    0.00    0.00    23  |__CPU 1/TCG
14:37:13     1000         -   3854613   94.00    5.00    0.00    0.00   99.00    20  |__CPU 2/TCG
14:37:13     1000         -   3854614    0.00    0.00    0.00    0.00    0.00    23  |__CPU 3/TCG
14:37:14     1000   3854589         -  187.00    9.00    0.00    0.00  196.00    22  qemu-system-aar
14:37:14     1000         -   3854589    0.00    1.00    0.00    0.00    1.00    22  |__qemu-system-aar
14:37:14     1000         -   3854597    0.00    0.00    0.00    0.00    0.00    22  |__call_rcu
14:37:14     1000         -   3854610   91.00    4.00    0.00    0.00   95.00     0  |__CPU 0/TCG
14:37:14     1000         -   3854612    1.00    0.00    0.00    0.00    1.00     2  |__CPU 1/TCG
14:37:14     1000         -   3854613   95.00    5.00    0.00    0.00  100.00    20  |__CPU 2/TCG
14:37:14     1000         -   3854614    0.00    0.00    0.00    0.00    0.00    23  |__CPU 3/TCG
14:37:15     1000   3854589         -  186.00    8.00    0.00    0.00  194.00     5  qemu-system-aar
14:37:15     1000         -   3854589    0.00    1.00    0.00    0.00    1.00     5  |__qemu-system-aar
14:37:15     1000         -   3854597    0.00    0.00    0.00    0.00    0.00    22  |__call_rcu
14:37:15     1000         -   3854610   90.00    4.00    0.00    0.00   94.00     0  |__CPU 0/TCG
14:37:15     1000         -   3854612    0.00    0.00    0.00    0.00    0.00    23  |__CPU 1/TCG
14:37:15     1000         -   3854613   94.00    4.00    0.00    0.00   98.00    20  |__CPU 2/TCG
14:37:15     1000         -   3854614    0.00    0.00    0.00    0.00    0.00    23  |__CPU 3/TCG
14:37:16     1000   3854589         -  185.00   10.00    0.00    0.00  195.00     7  qemu-system-aar
14:37:16     1000         -   3854589    0.00    1.00    0.00    0.00    1.00     7  |__qemu-system-aar
14:37:16     1000         -   3854597    0.00    0.00    0.00    0.00    0.00    22  |__call_rcu
14:37:16     1000         -   3854610   89.00    5.00    0.00    0.00   94.00    16  |__CPU 0/TCG
14:37:16     1000         -   3854612    1.00    0.00    0.00    0.00    1.00    23  |__CPU 1/TCG
14:37:16     1000         -   3854613   95.00    5.00    0.00    0.00  100.00     4  |__CPU 2/TCG
14:37:16     1000         -   3854614    0.00    0.00    0.00    0.00    0.00    23  |__CPU 3/TCG
14:37:17     1000   3854589         -  186.00    9.00    0.00    0.00  195.00    17  qemu-system-aar
14:37:17     1000         -   3854589    0.00    2.00    0.00    0.00    2.00    17  |__qemu-system-aar
14:37:17     1000         -   3854597    0.00    0.00    0.00    0.00    0.00    22  |__call_rcu
14:37:17     1000         -   3854610   89.00    5.00    0.00    0.00   94.00     0  |__CPU 0/TCG
14:37:17     1000         -   3854612    0.00    0.00    0.00    0.00    0.00     2  |__CPU 1/TCG
14:37:17     1000         -   3854613   95.00    4.00    0.00    0.00   99.00     4  |__CPU 2/TCG
14:37:17     1000         -   3854614    0.00    0.00    0.00    0.00    0.00    23  |__CPU 3/TCG
14:37:18     1000   3854589         -  187.00    9.00    0.00    0.00  196.00     7  qemu-system-aar
14:37:18     1000         -   3854589    1.00    0.00    0.00    0.00    1.00     7  |__qemu-system-aar
14:37:18     1000         -   3854597    0.00    0.00    0.00    0.00    0.00    22  |__call_rcu
14:37:18     1000         -   3854610   90.00    4.00    0.00    0.00   94.00    16  |__CPU 0/TCG
14:37:18     1000         -   3854612    1.00    0.00    0.00    0.00    1.00     2  |__CPU 1/TCG
14:37:18     1000         -   3854613   95.00    4.00    0.00    0.00   99.00    20  |__CPU 2/TCG
14:37:18     1000         -   3854614    0.00    0.00    0.00    0.00    0.00    23  |__CPU 3/TCG
14:37:19     1000   3854589         -  188.00    8.00    0.00    0.00  196.00    16  qemu-system-aar
14:37:19     1000         -   3854589    0.00    1.00    0.00    0.00    1.00    16  |__qemu-system-aar
14:37:19     1000         -   3854597    0.00    0.00    0.00    0.00    0.00    22  |__call_rcu
14:37:19     1000         -   3854610   92.00    4.00    0.00    0.00   96.00     0  |__CPU 0/TCG
14:37:19     1000         -   3854612    0.00    0.00    0.00    0.00    0.00     2  |__CPU 1/TCG
14:37:19     1000         -   3854613   94.00    4.00    0.00    0.00   98.00     4  |__CPU 2/TCG
14:37:19     1000         -   3854614    0.00    0.00    0.00    0.00    0.00    23  |__CPU 3/TCG
14:37:20     1000   3854589         -  188.00    7.00    0.00    0.00  195.00    16  qemu-system-aar
14:37:20     1000         -   3854589    0.00    2.00    0.00    0.00    2.00    16  |__qemu-system-aar
14:37:20     1000         -   3854597    0.00    0.00    0.00    0.00    0.00    22  |__call_rcu
14:37:20     1000         -   3854610   91.00    3.00    0.00    0.00   94.00     4  |__CPU 0/TCG
14:37:20     1000         -   3854612    1.00    0.00    0.00    0.00    1.00     3  |__CPU 1/TCG
14:37:20     1000         -   3854613   96.00    3.00    0.00    0.00   99.00     0  |__CPU 2/TCG
14:37:20     1000         -   3854614    0.00    0.00    0.00    0.00    0.00    23  |__CPU 3/TCG
14:37:21     1000   3854589         -  189.00    9.00    0.00    0.00  198.00    16  qemu-system-aar
14:37:21     1000         -   3854589    1.00    2.00    0.00    0.00    3.00    16  |__qemu-system-aar
14:37:21     1000         -   3854597    0.00    0.00    0.00    0.00    0.00    22  |__call_rcu
14:37:21     1000         -   3854610   93.00    4.00    0.00    0.00   97.00     4  |__CPU 0/TCG
14:37:21     1000         -   3854612    0.00    0.00    0.00    0.00    0.00     3  |__CPU 1/TCG
14:37:21     1000         -   3854613   94.00    5.00    0.00    0.00   99.00     0  |__CPU 2/TCG
14:37:21     1000         -   3854614    0.00    0.00    0.00    0.00    0.00    23  |__CPU 3/TCG
14:37:22     1000   3854589         -  190.00    8.00    0.00    0.00  198.00    16  qemu-system-aar
14:37:22     1000         -   3854589    0.00    2.00    0.00    0.00    2.00    16  |__qemu-system-aar
14:37:22     1000         -   3854597    0.00    0.00    0.00    0.00    0.00    22  |__call_rcu
14:37:22     1000         -   3854610   92.00    3.00    0.00    0.00   95.00    20  |__CPU 0/TCG
14:37:22     1000         -   3854612    1.00    0.00    0.00    0.00    1.00     2  |__CPU 1/TCG
14:37:22     1000         -   3854613   95.00    4.00    0.00    0.00   99.00     0  |__CPU 2/TCG
14:37:22     1000         -   3854614    0.00    0.00    0.00    0.00    0.00    23  |__CPU 3/TCG
14:37:23     1000   3854589         -  191.00    6.00    0.00    0.00  197.00    16  qemu-system-aar
14:37:23     1000         -   3854589    0.00    2.00    0.00    0.00    2.00    16  |__qemu-system-aar
14:37:23     1000         -   3854597    0.00    0.00    0.00    0.00    0.00    22  |__call_rcu
14:37:23     1000         -   3854610   93.00    3.00    0.00    0.00   96.00    20  |__CPU 0/TCG
14:37:23     1000         -   3854612    0.00    0.00    0.00    0.00    0.00     3  |__CPU 1/TCG
14:37:23     1000         -   3854613   95.00    3.00    0.00    0.00   98.00     0  |__CPU 2/TCG
14:37:23     1000         -   3854614    0.00    0.00    0.00    0.00    0.00    23  |__CPU 3/TCG
14:37:24     1000   3854589         -  190.00    7.00    0.00    0.00  197.00     7  qemu-system-aar
14:37:24     1000         -   3854589    0.00    2.00    0.00    0.00    2.00     7  |__qemu-system-aar
14:37:24     1000         -   3854597    0.00    0.00    0.00    0.00    0.00    22  |__call_rcu
14:37:24     1000         -   3854610   93.00    2.00    0.00    0.00   95.00    20  |__CPU 0/TCG
14:37:24     1000         -   3854612    1.00    0.00    0.00    0.00    1.00     3  |__CPU 1/TCG
14:37:24     1000         -   3854613   96.00    3.00    0.00    0.00   99.00    16  |__CPU 2/TCG
14:37:24     1000         -   3854614    0.00    0.00    0.00    0.00    0.00    23  |__CPU 3/TCG
14:37:25     1000   3854589         -  190.00    6.00    0.00    0.00  196.00     7  qemu-system-aar
14:37:25     1000         -   3854589    1.00    0.00    0.00    0.00    1.00     7  |__qemu-system-aar
14:37:25     1000         -   3854597    0.00    0.00    0.00    0.00    0.00    22  |__call_rcu
14:37:25     1000         -   3854610   92.00    4.00    0.00    0.00   96.00    20  |__CPU 0/TCG
14:37:25     1000         -   3854612    0.00    0.00    0.00    0.00    0.00     2  |__CPU 1/TCG
14:37:25     1000         -   3854613   97.00    3.00    0.00    0.00  100.00     0  |__CPU 2/TCG
14:37:25     1000         -   3854614    0.00    0.00    0.00    0.00    0.00    23  |__CPU 3/TCG
14:37:26     1000   3854589         -  189.00    8.00    0.00    0.00  197.00    23  qemu-system-aar
14:37:26     1000         -   3854589    1.00    0.00    0.00    0.00    1.00    23  |__qemu-system-aar
14:37:26     1000         -   3854597    0.00    0.00    0.00    0.00    0.00    22  |__call_rcu
14:37:26     1000         -   3854610   93.00    3.00    0.00    0.00   96.00    20  |__CPU 0/TCG
14:37:26     1000         -   3854612    0.00    1.00    0.00    0.00    1.00     3  |__CPU 1/TCG
14:37:26     1000         -   3854613   94.00    4.00    0.00    0.00   98.00    16  |__CPU 2/TCG
14:37:26     1000         -   3854614    0.00    0.00    0.00    0.00    0.00    23  |__CPU 3/TCG
14:37:27     1000   3854589         -  192.00    5.00    0.00    0.00  197.00    23  qemu-system-aar
14:37:27     1000         -   3854589    0.00    2.00    0.00    0.00    2.00    23  |__qemu-system-aar
14:37:27     1000         -   3854597    0.00    0.00    0.00    0.00    0.00    22  |__call_rcu
14:37:27     1000         -   3854610   93.00    3.00    0.00    0.00   96.00    20  |__CPU 0/TCG
14:37:27     1000         -   3854612    1.00    0.00    0.00    0.00    1.00     5  |__CPU 1/TCG
14:37:27     1000         -   3854613   97.00    2.00    0.00    0.00   99.00    16  |__CPU 2/TCG
14:37:27     1000         -   3854614    0.00    0.00    0.00    0.00    0.00    23  |__CPU 3/TCG
14:37:28     1000   3854589         -  189.00    7.00    0.00    0.00  196.00    23  qemu-system-aar
14:37:28     1000         -   3854589    2.00    0.00    0.00    0.00    2.00    23  |__qemu-system-aar
14:37:28     1000         -   3854597    0.00    0.00    0.00    0.00    0.00    22  |__call_rcu
14:37:28     1000         -   3854610   92.00    4.00    0.00    0.00   96.00     4  |__CPU 0/TCG
14:37:28     1000         -   3854612    0.00    0.00    0.00    0.00    0.00     0  |__CPU 1/TCG
14:37:28     1000         -   3854613   96.00    3.00    0.00    0.00   99.00    16  |__CPU 2/TCG
14:37:28     1000         -   3854614    0.00    0.00    0.00    0.00    0.00    23  |__CPU 3/TCG
14:37:29     1000   3854589         -  189.00    7.00    0.00    0.00  196.00    23  qemu-system-aar
14:37:29     1000         -   3854589    0.00    1.00    0.00    0.00    1.00    23  |__qemu-system-aar
14:37:29     1000         -   3854597    0.00    0.00    0.00    0.00    0.00    22  |__call_rcu
14:37:29     1000         -   3854610   92.00    3.00    0.00    0.00   95.00     4  |__CPU 0/TCG
14:37:29     1000         -   3854612    1.00    0.00    0.00    0.00    1.00     6  |__CPU 1/TCG
14:37:29     1000         -   3854613   95.00    4.00    0.00    0.00   99.00    16  |__CPU 2/TCG
14:37:29     1000         -   3854614    0.00    0.00    0.00    0.00    0.00    23  |__CPU 3/TCG
14:37:30     1000   3854589         -  189.00    7.00    0.00    0.00  196.00     1  qemu-system-aar
14:37:30     1000         -   3854589    0.00    1.00    0.00    0.00    1.00     1  |__qemu-system-aar
14:37:30     1000         -   3854597    0.00    0.00    0.00    0.00    0.00    22  |__call_rcu
14:37:30     1000         -   3854610   92.00    3.00    0.00    0.00   95.00     4  |__CPU 0/TCG
14:37:30     1000         -   3854612    0.00    0.00    0.00    0.00    0.00     6  |__CPU 1/TCG
14:37:30     1000         -   3854613   96.00    3.00    0.00    0.00   99.00     0  |__CPU 2/TCG
14:37:30     1000         -   3854614    0.00    0.00    0.00    0.00    0.00    23  |__CPU 3/TCG
14:37:31     1000   3854589         -  188.00    8.00    0.00    0.00  196.00     3  qemu-system-aar
14:37:31     1000         -   3854589    1.00    0.00    0.00    0.00    1.00     3  |__qemu-system-aar
14:37:31     1000         -   3854597    0.00    0.00    0.00    0.00    0.00    22  |__call_rcu
14:37:31     1000         -   3854610   91.00    5.00    0.00    1.00   96.00     4  |__CPU 0/TCG
14:37:31     1000         -   3854612    1.00    0.00    0.00    0.00    1.00     6  |__CPU 1/TCG
14:37:31     1000         -   3854613   95.00    4.00    0.00    0.00   99.00    16  |__CPU 2/TCG
14:37:31     1000         -   3854614    0.00    0.00    0.00    0.00    0.00    23  |__CPU 3/TCG
14:37:32     1000   3854589         -  186.00   11.00    0.00    0.00  197.00     1  qemu-system-aar
14:37:32     1000         -   3854589    1.00    1.00    0.00    0.00    2.00     1  |__qemu-system-aar
14:37:32     1000         -   3854597    0.00    0.00    0.00    0.00    0.00    22  |__call_rcu
14:37:32     1000         -   3854610   91.00    4.00    0.00    0.00   95.00     4  |__CPU 0/TCG
14:37:32     1000         -   3854612    0.00    0.00    0.00    0.00    0.00     6  |__CPU 1/TCG
14:37:32     1000         -   3854613   93.00    6.00    0.00    0.00   99.00     0  |__CPU 2/TCG
14:37:32     1000         -   3854614    0.00    0.00    0.00    0.00    0.00    23  |__CPU 3/TCG
14:37:33     1000   3854589         -  188.00    8.00    0.00    0.00  196.00     2  qemu-system-aar
14:37:33     1000         -   3854589    0.00    1.00    0.00    0.00    1.00     2  |__qemu-system-aar
14:37:33     1000         -   3854597    0.00    0.00    0.00    0.00    0.00    22  |__call_rcu
14:37:33     1000         -   3854610   92.00    3.00    0.00    0.00   95.00     4  |__CPU 0/TCG
14:37:33     1000         -   3854612    1.00    0.00    0.00    0.00    1.00     6  |__CPU 1/TCG
14:37:33     1000         -   3854613   95.00    4.00    0.00    0.00   99.00     0  |__CPU 2/TCG
14:37:33     1000         -   3854614    0.00    0.00    0.00    0.00    0.00    23  |__CPU 3/TCG
14:37:34     1000   3854589         -  190.00    6.00    0.00    0.00  196.00     5  qemu-system-aar
14:37:34     1000         -   3854589    1.00    0.00    0.00    0.00    1.00     5  |__qemu-system-aar
14:37:34     1000         -   3854597    0.00    0.00    0.00    0.00    0.00    22  |__call_rcu
14:37:34     1000         -   3854610   93.00    3.00    0.00    0.00   96.00     4  |__CPU 0/TCG
14:37:34     1000         -   3854612    0.00    0.00    0.00    0.00    0.00     3  |__CPU 1/TCG
14:37:34     1000         -   3854613   95.00    4.00    0.00    0.00   99.00     0  |__CPU 2/TCG
14:37:34     1000         -   3854614    0.00    0.00    0.00    0.00    0.00    23  |__CPU 3/TCG
14:37:35     1000   3854589         -  187.00    9.00    0.00    0.00  196.00    17  qemu-system-aar
14:37:35     1000         -   3854589    0.00    1.00    0.00    0.00    1.00    17  |__qemu-system-aar
14:37:35     1000         -   3854597    0.00    0.00    0.00    0.00    0.00    22  |__call_rcu
14:37:35     1000         -   3854610   91.00    4.00    0.00    0.00   95.00     4  |__CPU 0/TCG
14:37:35     1000         -   3854612    1.00    0.00    0.00    0.00    1.00     5  |__CPU 1/TCG
14:37:35     1000         -   3854613   95.00    4.00    0.00    0.00   99.00     0  |__CPU 2/TCG
14:37:35     1000         -   3854614    0.00    0.00    0.00    0.00    0.00    23  |__CPU 3/TCG
14:37:36     1000   3854589         -  190.00    6.00    0.00    0.00  196.00     2  qemu-system-aar
14:37:36     1000         -   3854589    1.00    2.00    0.00    0.00    3.00     2  |__qemu-system-aar
14:37:36     1000         -   3854597    0.00    0.00    0.00    0.00    0.00    22  |__call_rcu
14:37:36     1000         -   3854610   92.00    4.00    0.00    0.00   96.00    20  |__CPU 0/TCG
14:37:36     1000         -   3854612    1.00    0.00    0.00    0.00    1.00     5  |__CPU 1/TCG
14:37:36     1000         -   3854613   96.00    3.00    0.00    0.00   99.00    16  |__CPU 2/TCG
14:37:36     1000         -   3854614    0.00    0.00    0.00    0.00    0.00    23  |__CPU 3/TCG
14:37:37     1000   3854589         -  187.00    9.00    0.00    0.00  196.00    23  qemu-system-aar
14:37:37     1000         -   3854589    0.00    0.00    0.00    0.00    0.00    23  |__qemu-system-aar
14:37:37     1000         -   3854597    0.00    0.00    0.00    0.00    0.00    22  |__call_rcu
14:37:37     1000         -   3854610   90.00    4.00    0.00    0.00   94.00    20  |__CPU 0/TCG
14:37:37     1000         -   3854612    0.00    0.00    0.00    0.00    0.00     3  |__CPU 1/TCG
14:37:37     1000         -   3854613   95.00    4.00    0.00    0.00   99.00    16  |__CPU 2/TCG
14:37:37     1000         -   3854614    0.00    0.00    0.00    0.00    0.00    23  |__CPU 3/TCG
14:37:38     1000   3854589         -  188.00    9.00    0.00    0.00  197.00    23  qemu-system-aar
14:37:38     1000         -   3854589    1.00    1.00    0.00    0.00    2.00    23  |__qemu-system-aar
14:37:38     1000         -   3854597    0.00    0.00    0.00    0.00    0.00    22  |__call_rcu
14:37:38     1000         -   3854610   92.00    4.00    0.00    0.00   96.00    20  |__CPU 0/TCG
14:37:38     1000         -   3854612    1.00    0.00    0.00    0.00    1.00     5  |__CPU 1/TCG
14:37:38     1000         -   3854613   95.00    4.00    0.00    0.00   99.00    16  |__CPU 2/TCG
14:37:38     1000         -   3854614    0.00    0.00    0.00    0.00    0.00    23  |__CPU 3/TCG
14:37:39     1000   3854589         -  189.00    7.00    0.00    0.00  196.00    23  qemu-system-aar
14:37:39     1000         -   3854589    0.00    1.00    0.00    0.00    1.00    23  |__qemu-system-aar
14:37:39     1000         -   3854597    0.00    0.00    0.00    0.00    0.00    22  |__call_rcu
14:37:39     1000         -   3854610   91.00    4.00    0.00    0.00   95.00    20  |__CPU 0/TCG
14:37:39     1000         -   3854612    1.00    0.00    0.00    0.00    1.00     5  |__CPU 1/TCG
14:37:39     1000         -   3854613   95.00    3.00    0.00    0.00   98.00    16  |__CPU 2/TCG
14:37:39     1000         -   3854614    0.00    0.00    0.00    0.00    0.00    23  |__CPU 3/TCG
14:37:40     1000   3854589         -  187.00    8.00    0.00    0.00  195.00    23  qemu-system-aar
14:37:40     1000         -   3854589    1.00    0.00    0.00    0.00    1.00    23  |__qemu-system-aar
14:37:40     1000         -   3854597    0.00    0.00    0.00    0.00    0.00    22  |__call_rcu
14:37:40     1000         -   3854610   91.00    4.00    0.00    0.00   95.00    20  |__CPU 0/TCG
14:37:40     1000         -   3854612    0.00    0.00    0.00    0.00    0.00     5  |__CPU 1/TCG
14:37:40     1000         -   3854613   94.00    5.00    0.00    0.00   99.00    16  |__CPU 2/TCG
14:37:40     1000         -   3854614    0.00    0.00    0.00    0.00    0.00    23  |__CPU 3/TCG
14:37:41     1000   3854589         -  191.00    6.00    0.00    0.00  197.00     3  qemu-system-aar
14:37:41     1000         -   3854589    0.00    2.00    0.00    0.00    2.00     3  |__qemu-system-aar
14:37:41     1000         -   3854597    0.00    0.00    0.00    0.00    0.00    22  |__call_rcu
14:37:41     1000         -   3854610   94.00    2.00    0.00    0.00   96.00    20  |__CPU 0/TCG
14:37:41     1000         -   3854612    1.00    0.00    0.00    0.00    1.00     6  |__CPU 1/TCG
14:37:41     1000         -   3854613   96.00    3.00    0.00    0.00   99.00     0  |__CPU 2/TCG
14:37:41     1000         -   3854614    0.00    0.00    0.00    0.00    0.00    23  |__CPU 3/TCG
14:37:42     1000   3854589         -  190.00    6.00    0.00    0.00  196.00    23  qemu-system-aar
14:37:42     1000         -   3854589    2.00    0.00    0.00    0.00    2.00    23  |__qemu-system-aar
14:37:42     1000         -   3854597    0.00    0.00    0.00    0.00    0.00    22  |__call_rcu
14:37:42     1000         -   3854610   93.00    2.00    0.00    0.00   95.00    20  |__CPU 0/TCG
14:37:42     1000         -   3854612    1.00    0.00    0.00    0.00    1.00     5  |__CPU 1/TCG
14:37:42     1000         -   3854613   96.00    3.00    0.00    0.00   99.00     0  |__CPU 2/TCG
14:37:42     1000         -   3854614    0.00    0.00    0.00    0.00    0.00    23  |__CPU 3/TCG
14:37:43     1000   3854589         -  187.00    9.00    0.00    0.00  196.00    23  qemu-system-aar
14:37:43     1000         -   3854589    0.00    1.00    0.00    0.00    1.00    23  |__qemu-system-aar
14:37:43     1000         -   3854597    0.00    0.00    0.00    0.00    0.00    22  |__call_rcu
14:37:43     1000         -   3854610   91.00    5.00    0.00    0.00   96.00    20  |__CPU 0/TCG
14:37:43     1000         -   3854612    0.00    0.00    0.00    0.00    0.00     5  |__CPU 1/TCG
14:37:43     1000         -   3854613   94.00    5.00    0.00    0.00   99.00     0  |__CPU 2/TCG
14:37:43     1000         -   3854614    0.00    0.00    0.00    0.00    0.00    23  |__CPU 3/TCG
14:37:44     1000   3854589         -  190.00    7.00    0.00    0.00  197.00    23  qemu-system-aar
14:37:44     1000         -   3854589    0.00    1.00    0.00    0.00    1.00    23  |__qemu-system-aar
14:37:44     1000         -   3854597    0.00    0.00    0.00    0.00    0.00    22  |__call_rcu
14:37:44     1000         -   3854610   92.00    3.00    0.00    0.00   95.00    20  |__CPU 0/TCG
14:37:44     1000         -   3854612    1.00    0.00    0.00    0.00    1.00     5  |__CPU 1/TCG
14:37:44     1000         -   3854613   95.00    3.00    0.00    0.00   98.00     0  |__CPU 2/TCG
14:37:44     1000         -   3854614    0.00    0.00    0.00    0.00    0.00    23  |__CPU 3/TCG
14:37:45     1000   3854589         -  188.00    8.00    0.00    0.00  196.00     2  qemu-system-aar
14:37:45     1000         -   3854589    1.00    0.00    0.00    0.00    1.00     2  |__qemu-system-aar
14:37:45     1000         -   3854597    0.00    0.00    0.00    0.00    0.00    22  |__call_rcu
14:37:45     1000         -   3854610   91.00    3.00    0.00    0.00   94.00    20  |__CPU 0/TCG
14:37:45     1000         -   3854612    0.00    0.00    0.00    0.00    0.00     6  |__CPU 1/TCG
14:37:45     1000         -   3854613   95.00    5.00    0.00    0.00  100.00    16  |__CPU 2/TCG
14:37:45     1000         -   3854614    0.00    0.00    0.00    0.00    0.00    23  |__CPU 3/TCG
14:37:46     1000   3854589         -  190.00    6.00    0.00    0.00  196.00     5  qemu-system-aar
14:37:46     1000         -   3854589    1.00    1.00    0.00    0.00    2.00     5  |__qemu-system-aar
14:37:46     1000         -   3854597    0.00    0.00    0.00    0.00    0.00    22  |__call_rcu
14:37:46     1000         -   3854610   93.00    3.00    0.00    0.00   96.00    20  |__CPU 0/TCG
14:37:46     1000         -   3854612    1.00    0.00    0.00    0.00    1.00     7  |__CPU 1/TCG
14:37:46     1000         -   3854613   96.00    3.00    0.00    0.00   99.00    16  |__CPU 2/TCG
14:37:46     1000         -   3854614    0.00    0.00    0.00    0.00    0.00    23  |__CPU 3/TCG
14:37:47     1000   3854589         -  187.00    9.00    0.00    0.00  196.00     5  qemu-system-aar
14:37:47     1000         -   3854589    0.00    1.00    0.00    0.00    1.00     5  |__qemu-system-aar
14:37:47     1000         -   3854597    0.00    0.00    0.00    0.00    0.00    22  |__call_rcu
14:37:47     1000         -   3854610   91.00    5.00    0.00    0.00   96.00    20  |__CPU 0/TCG
14:37:47     1000         -   3854612    1.00    0.00    0.00    0.00    1.00    19  |__CPU 1/TCG
14:37:47     1000         -   3854613   95.00    4.00    0.00    0.00   99.00    16  |__CPU 2/TCG
14:37:47     1000         -   3854614    0.00    0.00    0.00    0.00    0.00    23  |__CPU 3/TCG
14:37:48     1000   3854589         -  189.00    7.00    0.00    0.00  196.00    19  qemu-system-aar
14:37:48     1000         -   3854589    1.00    1.00    0.00    0.00    2.00    19  |__qemu-system-aar
14:37:48     1000         -   3854597    0.00    0.00    0.00    0.00    0.00    22  |__call_rcu
14:37:48     1000         -   3854610   91.00    3.00    0.00    0.00   94.00    20  |__CPU 0/TCG
14:37:48     1000         -   3854612    0.00    0.00    0.00    0.00    0.00    23  |__CPU 1/TCG
14:37:48     1000         -   3854613   96.00    3.00    0.00    0.00   99.00    16  |__CPU 2/TCG
14:37:48     1000         -   3854614    0.00    0.00    0.00    0.00    0.00    23  |__CPU 3/TCG
14:37:49     1000   3854589         -  189.00    7.00    0.00    0.00  196.00    19  qemu-system-aar
14:37:49     1000         -   3854589    0.00    1.00    0.00    0.00    1.00    19  |__qemu-system-aar
14:37:49     1000         -   3854597    0.00    0.00    0.00    0.00    0.00    22  |__call_rcu
14:37:49     1000         -   3854610   93.00    3.00    0.00    0.00   96.00    20  |__CPU 0/TCG
14:37:49     1000         -   3854612    0.00    0.00    0.00    0.00    0.00    22  |__CPU 1/TCG
14:37:49     1000         -   3854613   94.00    5.00    0.00    0.00   99.00    16  |__CPU 2/TCG
14:37:49     1000         -   3854614    0.00    0.00    0.00    0.00    0.00    23  |__CPU 3/TCG
14:37:50     1000   3854589         -  189.00    7.00    0.00    0.00  196.00    19  qemu-system-aar
14:37:50     1000         -   3854589    0.00    1.00    0.00    0.00    1.00    19  |__qemu-system-aar
14:37:50     1000         -   3854597    0.00    0.00    0.00    0.00    0.00    22  |__call_rcu
14:37:50     1000         -   3854610   93.00    2.00    0.00    0.00   95.00    20  |__CPU 0/TCG
14:37:50     1000         -   3854612    1.00    0.00    0.00    0.00    1.00     5  |__CPU 1/TCG
14:37:50     1000         -   3854613   95.00    3.00    0.00    0.00   98.00    16  |__CPU 2/TCG
14:37:50     1000         -   3854614    0.00    0.00    0.00    0.00    0.00    23  |__CPU 3/TCG
14:37:51     1000   3854589         -  191.00    6.00    0.00    0.00  197.00     2  qemu-system-aar
14:37:51     1000         -   3854589    1.00    0.00    0.00    0.00    1.00     2  |__qemu-system-aar
14:37:51     1000         -   3854597    0.00    0.00    0.00    0.00    0.00    22  |__call_rcu
14:37:51     1000         -   3854610   93.00    2.00    0.00    0.00   95.00    20  |__CPU 0/TCG
14:37:51     1000         -   3854612    1.00    0.00    0.00    0.00    1.00     4  |__CPU 1/TCG
14:37:51     1000         -   3854613   96.00    4.00    0.00    0.00  100.00    16  |__CPU 2/TCG
14:37:51     1000         -   3854614    0.00    0.00    0.00    0.00    0.00    23  |__CPU 3/TCG
14:37:52     1000   3854589         -  189.00    6.00    0.00    0.00  195.00     7  qemu-system-aar
14:37:52     1000         -   3854589    1.00    1.00    0.00    0.00    2.00     7  |__qemu-system-aar
14:37:52     1000         -   3854597    0.00    0.00    0.00    0.00    0.00    22  |__call_rcu
14:37:52     1000         -   3854610   92.00    3.00    0.00    0.00   95.00    20  |__CPU 0/TCG
14:37:52     1000         -   3854612    0.00    0.00    0.00    0.00    0.00     4  |__CPU 1/TCG
14:37:52     1000         -   3854613   95.00    3.00    0.00    0.00   98.00    16  |__CPU 2/TCG
14:37:52     1000         -   3854614    0.00    0.00    0.00    0.00    0.00    23  |__CPU 3/TCG
14:37:53     1000   3854589         -  188.00    8.00    0.00    0.00  196.00    17  qemu-system-aar
14:37:53     1000         -   3854589    0.00    1.00    0.00    0.00    1.00    17  |__qemu-system-aar
14:37:53     1000         -   3854597    0.00    0.00    0.00    0.00    0.00    22  |__call_rcu
14:37:53     1000         -   3854610   92.00    3.00    0.00    0.00   95.00    20  |__CPU 0/TCG
14:37:53     1000         -   3854612    1.00    0.00    0.00    0.00    1.00     4  |__CPU 1/TCG
14:37:53     1000         -   3854613   94.00    5.00    0.00    0.00   99.00    16  |__CPU 2/TCG
14:37:53     1000         -   3854614    0.00    0.00    0.00    0.00    0.00    23  |__CPU 3/TCG
14:37:54     1000   3854589         -  189.00    8.00    0.00    0.00  197.00    19  qemu-system-aar
14:37:54     1000         -   3854589    1.00    1.00    0.00    0.00    2.00    19  |__qemu-system-aar
14:37:54     1000         -   3854597    0.00    0.00    0.00    0.00    0.00    22  |__call_rcu
14:37:54     1000         -   3854610   92.00    4.00    0.00    0.00   96.00    20  |__CPU 0/TCG
14:37:54     1000         -   3854612    1.00    0.00    0.00    0.00    1.00     4  |__CPU 1/TCG
14:37:54     1000         -   3854613   95.00    4.00    0.00    0.00   99.00    16  |__CPU 2/TCG
14:37:54     1000         -   3854614    0.00    0.00    0.00    0.00    0.00    23  |__CPU 3/TCG
14:37:55     1000   3854589         -  187.00    9.00    0.00    0.00  196.00    17  qemu-system-aar
14:37:55     1000         -   3854589    0.00    1.00    0.00    0.00    1.00    17  |__qemu-system-aar
14:37:55     1000         -   3854597    0.00    0.00    0.00    0.00    0.00    22  |__call_rcu
14:37:55     1000         -   3854610   91.00    4.00    0.00    0.00   95.00    20  |__CPU 0/TCG
14:37:55     1000         -   3854612    0.00    0.00    0.00    0.00    0.00     4  |__CPU 1/TCG
14:37:55     1000         -   3854613   95.00    4.00    0.00    0.00   99.00     0  |__CPU 2/TCG
14:37:55     1000         -   3854614    0.00    0.00    0.00    0.00    0.00    23  |__CPU 3/TCG
14:37:56     1000   3854589         -  191.00    5.00    0.00    0.00  196.00    17  qemu-system-aar
14:37:56     1000         -   3854589    1.00    0.00    0.00    0.00    1.00    17  |__qemu-system-aar
14:37:56     1000         -   3854597    0.00    0.00    0.00    0.00    0.00    22  |__call_rcu
14:37:56     1000         -   3854610   94.00    2.00    0.00    0.00   96.00    20  |__CPU 0/TCG
14:37:56     1000         -   3854612    1.00    0.00    0.00    0.00    1.00    18  |__CPU 1/TCG
14:37:56     1000         -   3854613   95.00    4.00    0.00    0.00   99.00     0  |__CPU 2/TCG
14:37:56     1000         -   3854614    0.00    0.00    0.00    0.00    0.00    23  |__CPU 3/TCG
14:37:57     1000   3854589         -  188.00    9.00    0.00    0.00  197.00    21  qemu-system-aar
14:37:57     1000         -   3854589    0.00    1.00    0.00    0.00    1.00    21  |__qemu-system-aar
14:37:57     1000         -   3854597    0.00    0.00    0.00    0.00    0.00    22  |__call_rcu
14:37:57     1000         -   3854610   92.00    4.00    0.00    0.00   96.00    20  |__CPU 0/TCG
14:37:57     1000         -   3854612    0.00    0.00    0.00    0.00    0.00     4  |__CPU 1/TCG
14:37:57     1000         -   3854613   95.00    4.00    0.00    0.00   99.00    16  |__CPU 2/TCG
14:37:57     1000         -   3854614    0.00    0.00    0.00    0.00    0.00    23  |__CPU 3/TCG
14:37:58     1000   3854589         -  187.00    9.00    0.00    0.00  196.00    21  qemu-system-aar
14:37:58     1000         -   3854589    1.00    1.00    0.00    0.00    2.00    21  |__qemu-system-aar
14:37:58     1000         -   3854597    0.00    0.00    0.00    0.00    0.00    22  |__call_rcu
14:37:58     1000         -   3854610   91.00    4.00    0.00    0.00   95.00    20  |__CPU 0/TCG
14:37:58     1000         -   3854612    1.00    0.00    0.00    0.00    1.00     4  |__CPU 1/TCG
14:37:58     1000         -   3854613   94.00    5.00    0.00    0.00   99.00    16  |__CPU 2/TCG
14:37:58     1000         -   3854614    0.00    0.00    0.00    0.00    0.00    23  |__CPU 3/TCG
14:37:59     1000   3854589         -  188.00    8.00    0.00    0.00  196.00     5  qemu-system-aar
14:37:59     1000         -   3854589    0.00    0.00    0.00    0.00    0.00     5  |__qemu-system-aar
14:37:59     1000         -   3854597    0.00    0.00    0.00    0.00    0.00    22  |__call_rcu
14:37:59     1000         -   3854610   92.00    4.00    0.00    0.00   96.00    20  |__CPU 0/TCG
14:37:59     1000         -   3854612    1.00    0.00    0.00    0.00    1.00    18  |__CPU 1/TCG
14:37:59     1000         -   3854613   95.00    4.00    0.00    0.00   99.00    16  |__CPU 2/TCG
14:37:59     1000         -   3854614    0.00    0.00    0.00    0.00    0.00    23  |__CPU 3/TCG
14:38:00     1000   3854589         -  189.00    7.00    0.00    0.00  196.00     1  qemu-system-aar
14:38:00     1000         -   3854589    1.00    1.00    0.00    0.00    2.00     1  |__qemu-system-aar
14:38:00     1000         -   3854597    0.00    0.00    0.00    0.00    0.00    22  |__call_rcu
14:38:00     1000         -   3854610   91.00    3.00    0.00    0.00   94.00    20  |__CPU 0/TCG
14:38:00     1000         -   3854612    0.00    0.00    0.00    0.00    0.00    18  |__CPU 1/TCG
14:38:00     1000         -   3854613   95.00    4.00    0.00    0.00   99.00    16  |__CPU 2/TCG
14:38:00     1000         -   3854614    0.00    0.00    0.00    0.00    0.00    23  |__CPU 3/TCG
14:38:01     1000   3854589         -  189.00    7.00    0.00    0.00  196.00     5  qemu-system-aar
14:38:01     1000         -   3854589    0.00    1.00    0.00    0.00    1.00     5  |__qemu-system-aar
14:38:01     1000         -   3854597    0.00    0.00    0.00    0.00    0.00    22  |__call_rcu
14:38:01     1000         -   3854610   93.00    3.00    0.00    0.00   96.00     4  |__CPU 0/TCG
14:38:01     1000         -   3854612    0.00    0.00    0.00    0.00    0.00     3  |__CPU 1/TCG
14:38:01     1000         -   3854613   95.00    4.00    0.00    0.00   99.00    16  |__CPU 2/TCG
14:38:01     1000         -   3854614    0.00    0.00    0.00    0.00    0.00    23  |__CPU 3/TCG
14:38:02     1000   3854589         -  187.00   10.00    0.00    0.00  197.00     1  qemu-system-aar
14:38:02     1000         -   3854589    1.00    1.00    0.00    0.00    2.00     1  |__qemu-system-aar
14:38:02     1000         -   3854597    0.00    0.00    0.00    0.00    0.00    22  |__call_rcu
14:38:02     1000         -   3854610   90.00    5.00    0.00    0.00   95.00     4  |__CPU 0/TCG
14:38:02     1000         -   3854612    0.00    1.00    0.00    0.00    1.00    21  |__CPU 1/TCG
14:38:02     1000         -   3854613   95.00    4.00    0.00    0.00   99.00    16  |__CPU 2/TCG
14:38:02     1000         -   3854614    0.00    0.00    0.00    0.00    0.00    23  |__CPU 3/TCG
14:38:03     1000   3854589         -  188.00    8.00    0.00    0.00  196.00     7  qemu-system-aar
14:38:03     1000         -   3854589    0.00    1.00    0.00    0.00    1.00     7  |__qemu-system-aar
14:38:03     1000         -   3854597    0.00    0.00    0.00    0.00    0.00    22  |__call_rcu
14:38:03     1000         -   3854610   93.00    3.00    0.00    0.00   96.00     4  |__CPU 0/TCG
14:38:03     1000         -   3854612    1.00    0.00    0.00    0.00    1.00    21  |__CPU 1/TCG
14:38:03     1000         -   3854613   94.00    4.00    0.00    0.00   98.00     0  |__CPU 2/TCG
14:38:03     1000         -   3854614    0.00    0.00    0.00    0.00    0.00    23  |__CPU 3/TCG
14:38:04     1000   3854589         -  189.00    7.00    0.00    0.00  196.00     6  qemu-system-aar
14:38:04     1000         -   3854589    0.00    2.00    0.00    0.00    2.00     6  |__qemu-system-aar
14:38:04     1000         -   3854597    0.00    0.00    0.00    0.00    0.00    22  |__call_rcu
14:38:04     1000         -   3854610   92.00    3.00    0.00    0.00   95.00    20  |__CPU 0/TCG
14:38:04     1000         -   3854612    0.00    0.00    0.00    0.00    0.00    21  |__CPU 1/TCG
14:38:04     1000         -   3854613   95.00    4.00    0.00    0.00   99.00    16  |__CPU 2/TCG
14:38:04     1000         -   3854614    0.00    0.00    0.00    0.00    0.00    23  |__CPU 3/TCG
14:38:05     1000   3854589         -  191.00    6.00    0.00    0.00  197.00     7  qemu-system-aar
14:38:05     1000         -   3854589    0.00    1.00    0.00    0.00    1.00     7  |__qemu-system-aar
14:38:05     1000         -   3854597    0.00    0.00    0.00    0.00    0.00    22  |__call_rcu
14:38:05     1000         -   3854610   93.00    3.00    0.00    0.00   96.00     4  |__CPU 0/TCG
14:38:05     1000         -   3854612    1.00    0.00    0.00    0.00    1.00    21  |__CPU 1/TCG
14:38:05     1000         -   3854613   97.00    3.00    0.00    0.00  100.00    16  |__CPU 2/TCG
14:38:05     1000         -   3854614    0.00    0.00    0.00    0.00    0.00    23  |__CPU 3/TCG
14:38:06     1000   3854589         -  189.00    7.00    0.00    0.00  196.00    17  qemu-system-aar
14:38:06     1000         -   3854589    1.00    0.00    0.00    0.00    1.00    17  |__qemu-system-aar
14:38:06     1000         -   3854597    0.00    0.00    0.00    0.00    0.00    22  |__call_rcu
14:38:06     1000         -   3854610   92.00    3.00    0.00    0.00   95.00     4  |__CPU 0/TCG
14:38:06     1000         -   3854612    0.00    0.00    0.00    0.00    0.00    21  |__CPU 1/TCG
14:38:06     1000         -   3854613   95.00    4.00    0.00    0.00   99.00    16  |__CPU 2/TCG
14:38:06     1000         -   3854614    0.00    0.00    0.00    0.00    0.00    23  |__CPU 3/TCG
14:38:07     1000   3854589         -  189.00    7.00    0.00    0.00  196.00    18  qemu-system-aar
14:38:07     1000         -   3854589    0.00    1.00    0.00    0.00    1.00    18  |__qemu-system-aar
14:38:07     1000         -   3854597    0.00    0.00    0.00    0.00    0.00    22  |__call_rcu
14:38:07     1000         -   3854610   93.00    3.00    0.00    0.00   96.00    20  |__CPU 0/TCG
14:38:07     1000         -   3854612    0.00    0.00    0.00    0.00    0.00    21  |__CPU 1/TCG
14:38:07     1000         -   3854613   95.00    4.00    0.00    0.00   99.00    16  |__CPU 2/TCG
14:38:07     1000         -   3854614    0.00    0.00    0.00    0.00    0.00    23  |__CPU 3/TCG
14:38:08     1000   3854589         -  190.00    6.00    0.00    0.00  196.00    23  qemu-system-aar
14:38:08     1000         -   3854589    1.00    1.00    0.00    0.00    2.00    23  |__qemu-system-aar
14:38:08     1000         -   3854597    0.00    0.00    0.00    0.00    0.00    22  |__call_rcu
14:38:08     1000         -   3854610   93.00    2.00    0.00    0.00   95.00    20  |__CPU 0/TCG
14:38:08     1000         -   3854612    1.00    1.00    0.00    0.00    2.00     6  |__CPU 1/TCG
14:38:08     1000         -   3854613   95.00    4.00    0.00    0.00   99.00    16  |__CPU 2/TCG
14:38:08     1000         -   3854614    0.00    0.00    0.00    0.00    0.00    23  |__CPU 3/TCG
14:38:09     1000   3854589         -  189.00    8.00    0.00    0.00  197.00    19  qemu-system-aar
14:38:09     1000         -   3854589    1.00    0.00    0.00    0.00    1.00    19  |__qemu-system-aar
14:38:09     1000         -   3854597    0.00    0.00    0.00    0.00    0.00    22  |__call_rcu
14:38:09     1000         -   3854610   92.00    4.00    0.00    0.00   96.00    20  |__CPU 0/TCG
14:38:09     1000         -   3854612    0.00    0.00    0.00    0.00    0.00     6  |__CPU 1/TCG
14:38:09     1000         -   3854613   94.00    4.00    0.00    0.00   98.00    16  |__CPU 2/TCG
14:38:09     1000         -   3854614    0.00    0.00    0.00    0.00    0.00    23  |__CPU 3/TCG
14:38:10     1000   3854589         -  188.00    7.00    0.00    0.00  195.00    19  qemu-system-aar
14:38:10     1000         -   3854589    0.00    2.00    0.00    0.00    2.00    19  |__qemu-system-aar
14:38:10     1000         -   3854597    0.00    0.00    0.00    0.00    0.00    22  |__call_rcu
14:38:10     1000         -   3854610   92.00    3.00    0.00    0.00   95.00    20  |__CPU 0/TCG
14:38:10     1000         -   3854612    1.00    0.00    0.00    0.00    1.00     6  |__CPU 1/TCG
14:38:10     1000         -   3854613   96.00    4.00    0.00    0.00  100.00    16  |__CPU 2/TCG
14:38:10     1000         -   3854614    0.00    0.00    0.00    0.00    0.00    23  |__CPU 3/TCG
14:38:11     1000   3854589         -  190.00    7.00    0.00    0.00  197.00     5  qemu-system-aar
14:38:11     1000         -   3854589    1.00    0.00    0.00    0.00    1.00     5  |__qemu-system-aar
14:38:11     1000         -   3854597    0.00    0.00    0.00    0.00    0.00    22  |__call_rcu
14:38:11     1000         -   3854610   92.00    3.00    0.00    0.00   95.00    20  |__CPU 0/TCG
14:38:11     1000         -   3854612    0.00    0.00    0.00    0.00    0.00    21  |__CPU 1/TCG
14:38:11     1000         -   3854613   95.00    3.00    0.00    1.00   98.00    16  |__CPU 2/TCG
14:38:11     1000         -   3854614    0.00    0.00    0.00    0.00    0.00    23  |__CPU 3/TCG
14:38:12     1000   3854589         -  190.00    6.00    0.00    0.00  196.00     7  qemu-system-aar
14:38:12     1000         -   3854589    0.00    1.00    0.00    0.00    1.00     7  |__qemu-system-aar
14:38:12     1000         -   3854597    0.00    0.00    0.00    0.00    0.00    22  |__call_rcu
14:38:12     1000         -   3854610   93.00    3.00    0.00    0.00   96.00    20  |__CPU 0/TCG
14:38:12     1000         -   3854612    1.00    0.00    0.00    0.00    1.00    21  |__CPU 1/TCG
14:38:12     1000         -   3854613   95.00    3.00    0.00    0.00   98.00    16  |__CPU 2/TCG
14:38:12     1000         -   3854614    0.00    0.00    0.00    0.00    0.00    23  |__CPU 3/TCG
14:38:13     1000   3854589         -  189.00    7.00    0.00    0.00  196.00     7  qemu-system-aar
14:38:13     1000         -   3854589    1.00    1.00    0.00    0.00    2.00     7  |__qemu-system-aar
14:38:13     1000         -   3854597    0.00    0.00    0.00    0.00    0.00    22  |__call_rcu
14:38:13     1000         -   3854610   93.00    3.00    0.00    0.00   96.00    20  |__CPU 0/TCG
14:38:13     1000         -   3854612    0.00    0.00    0.00    0.00    0.00    21  |__CPU 1/TCG
14:38:13     1000         -   3854613   95.00    4.00    0.00    0.00   99.00    16  |__CPU 2/TCG
14:38:13     1000         -   3854614    0.00    0.00    0.00    0.00    0.00    23  |__CPU 3/TCG
14:38:14     1000   3854589         -  190.00    7.00    0.00    0.00  197.00    18  qemu-system-aar
14:38:14     1000         -   3854589    0.00    1.00    0.00    0.00    1.00    18  |__qemu-system-aar
14:38:14     1000         -   3854597    0.00    0.00    0.00    0.00    0.00    22  |__call_rcu
14:38:14     1000         -   3854610   93.00    3.00    0.00    0.00   96.00     4  |__CPU 0/TCG
14:38:14     1000         -   3854612    1.00    0.00    0.00    0.00    1.00    21  |__CPU 1/TCG
14:38:14     1000         -   3854613   95.00    4.00    0.00    0.00   99.00    16  |__CPU 2/TCG
14:38:14     1000         -   3854614    0.00    0.00    0.00    0.00    0.00    23  |__CPU 3/TCG
14:38:15     1000   3854589         -  188.00    8.00    0.00    0.00  196.00    18  qemu-system-aar
14:38:15     1000         -   3854589    0.00    1.00    0.00    0.00    1.00    18  |__qemu-system-aar
14:38:15     1000         -   3854597    0.00    0.00    0.00    0.00    0.00    22  |__call_rcu
14:38:15     1000         -   3854610   91.00    4.00    0.00    0.00   95.00    20  |__CPU 0/TCG
14:38:15     1000         -   3854612    1.00    0.00    0.00    0.00    1.00    21  |__CPU 1/TCG
14:38:15     1000         -   3854613   95.00    4.00    0.00    0.00   99.00    16  |__CPU 2/TCG
14:38:15     1000         -   3854614    0.00    0.00    0.00    0.00    0.00    23  |__CPU 3/TCG
14:38:16     1000   3854589         -  188.00    8.00    0.00    0.00  196.00    18  qemu-system-aar
14:38:16     1000         -   3854589    1.00    1.00    0.00    0.00    2.00    18  |__qemu-system-aar
14:38:16     1000         -   3854597    0.00    0.00    0.00    0.00    0.00    22  |__call_rcu
14:38:16     1000         -   3854610   91.00    4.00    0.00    0.00   95.00    20  |__CPU 0/TCG
14:38:16     1000         -   3854612    0.00    0.00    0.00    0.00    0.00    21  |__CPU 1/TCG
14:38:16     1000         -   3854613   95.00    4.00    0.00    0.00   99.00    16  |__CPU 2/TCG
14:38:16     1000         -   3854614    0.00    0.00    0.00    0.00    0.00    23  |__CPU 3/TCG
14:38:17     1000   3854589         -  188.00    9.00    0.00    0.00  197.00     7  qemu-system-aar
14:38:17     1000         -   3854589    1.00    0.00    0.00    0.00    1.00     7  |__qemu-system-aar
14:38:17     1000         -   3854597    0.00    0.00    0.00    0.00    0.00    22  |__call_rcu
14:38:17     1000         -   3854610   92.00    4.00    0.00    0.00   96.00    20  |__CPU 0/TCG
14:38:17     1000         -   3854612    0.00    1.00    0.00    0.00    1.00     1  |__CPU 1/TCG
14:38:17     1000         -   3854613   95.00    4.00    0.00    0.00   99.00    16  |__CPU 2/TCG
14:38:17     1000         -   3854614    0.00    0.00    0.00    0.00    0.00    23  |__CPU 3/TCG
14:38:18     1000   3854589         -  189.00    7.00    0.00    0.00  196.00    18  qemu-system-aar
14:38:18     1000         -   3854589    1.00    1.00    0.00    0.00    2.00    18  |__qemu-system-aar
14:38:18     1000         -   3854597    0.00    0.00    0.00    0.00    0.00    22  |__call_rcu
14:38:18     1000         -   3854610   91.00    4.00    0.00    0.00   95.00    20  |__CPU 0/TCG
14:38:18     1000         -   3854612    0.00    0.00    0.00    0.00    0.00     2  |__CPU 1/TCG
14:38:18     1000         -   3854613   96.00    4.00    0.00    0.00  100.00     0  |__CPU 2/TCG
14:38:18     1000         -   3854614    0.00    0.00    0.00    0.00    0.00    23  |__CPU 3/TCG
14:38:19     1000   3854589         -  186.00   10.00    0.00    0.00  196.00     1  qemu-system-aar
14:38:19     1000         -   3854589    0.00    1.00    0.00    0.00    1.00     1  |__qemu-system-aar
14:38:19     1000         -   3854597    0.00    0.00    0.00    0.00    0.00    22  |__call_rcu
14:38:19     1000         -   3854610   90.00    5.00    0.00    0.00   95.00    20  |__CPU 0/TCG
14:38:19     1000         -   3854612    0.00    0.00    0.00    0.00    0.00     2  |__CPU 1/TCG
14:38:19     1000         -   3854613   94.00    5.00    0.00    0.00   99.00     0  |__CPU 2/TCG
14:38:19     1000         -   3854614    0.00    0.00    0.00    0.00    0.00    23  |__CPU 3/TCG
14:38:20     1000   3854589         -  188.00    8.00    0.00    0.00  196.00     6  qemu-system-aar
14:38:20     1000         -   3854589    0.00    1.00    0.00    0.00    1.00     6  |__qemu-system-aar
14:38:20     1000         -   3854597    0.00    0.00    0.00    0.00    0.00    22  |__call_rcu
14:38:20     1000         -   3854610   92.00    3.00    0.00    0.00   95.00    20  |__CPU 0/TCG
14:38:20     1000         -   3854612    1.00    0.00    0.00    0.00    1.00     2  |__CPU 1/TCG
14:38:20     1000         -   3854613   94.00    4.00    0.00    0.00   98.00     0  |__CPU 2/TCG
14:38:20     1000         -   3854614    0.00    0.00    0.00    0.00    0.00    23  |__CPU 3/TCG
14:38:21     1000   3854589         -  190.00    6.00    0.00    0.00  196.00     7  qemu-system-aar
14:38:21     1000         -   3854589    1.00    0.00    0.00    0.00    1.00     7  |__qemu-system-aar
14:38:21     1000         -   3854597    0.00    0.00    0.00    0.00    0.00    22  |__call_rcu
14:38:21     1000         -   3854610   94.00    2.00    0.00    0.00   96.00    20  |__CPU 0/TCG
14:38:21     1000         -   3854612    0.00    0.00    0.00    0.00    0.00     0  |__CPU 1/TCG
14:38:21     1000         -   3854613   96.00    3.00    0.00    0.00   99.00    16  |__CPU 2/TCG
14:38:21     1000         -   3854614    0.00    0.00    0.00    0.00    0.00    23  |__CPU 3/TCG
14:38:22     1000   3854589         -  190.00    7.00    0.00    0.00  197.00     7  qemu-system-aar
14:38:22     1000         -   3854589    0.00    2.00    0.00    0.00    2.00     7  |__qemu-system-aar
14:38:22     1000         -   3854597    0.00    0.00    0.00    0.00    0.00    22  |__call_rcu
14:38:22     1000         -   3854610   91.00    4.00    0.00    0.00   95.00    20  |__CPU 0/TCG
14:38:22     1000         -   3854612    1.00    0.00    0.00    0.00    1.00    21  |__CPU 1/TCG
14:38:22     1000         -   3854613   95.00    4.00    0.00    0.00   99.00    16  |__CPU 2/TCG
14:38:22     1000         -   3854614    0.00    0.00    0.00    0.00    0.00    23  |__CPU 3/TCG
14:38:23     1000   3854589         -  187.00    9.00    0.00    0.00  196.00    19  qemu-system-aar
14:38:23     1000         -   3854589    0.00    1.00    0.00    0.00    1.00    19  |__qemu-system-aar
14:38:23     1000         -   3854597    0.00    0.00    0.00    0.00    0.00    22  |__call_rcu
14:38:23     1000         -   3854610   91.00    4.00    0.00    0.00   95.00    20  |__CPU 0/TCG
14:38:23     1000         -   3854612    0.00    1.00    0.00    0.00    1.00    23  |__CPU 1/TCG
14:38:23     1000         -   3854613   95.00    3.00    0.00    0.00   98.00    16  |__CPU 2/TCG
14:38:23     1000         -   3854614    0.00    0.00    0.00    0.00    0.00    23  |__CPU 3/TCG
14:38:24     1000   3854589         -  190.00    6.00    0.00    0.00  196.00    22  qemu-system-aar
14:38:24     1000         -   3854589    0.00    1.00    0.00    0.00    1.00    22  |__qemu-system-aar
14:38:24     1000         -   3854597    0.00    0.00    0.00    0.00    0.00    22  |__call_rcu
14:38:24     1000         -   3854610   94.00    2.00    0.00    0.00   96.00     4  |__CPU 0/TCG
14:38:24     1000         -   3854612    1.00    0.00    0.00    0.00    1.00    21  |__CPU 1/TCG
14:38:24     1000         -   3854613   95.00    5.00    0.00    0.00  100.00    16  |__CPU 2/TCG
14:38:24     1000         -   3854614    0.00    0.00    0.00    0.00    0.00    23  |__CPU 3/TCG
14:38:25     1000   3854589         -  187.00    9.00    0.00    0.00  196.00    22  qemu-system-aar
14:38:25     1000         -   3854589    1.00    1.00    0.00    0.00    2.00    22  |__qemu-system-aar
14:38:25     1000         -   3854597    0.00    0.00    0.00    0.00    0.00    22  |__call_rcu
14:38:25     1000         -   3854610   90.00    5.00    0.00    0.00   95.00    20  |__CPU 0/TCG
14:38:25     1000         -   3854612    0.00    0.00    0.00    0.00    0.00    21  |__CPU 1/TCG
14:38:25     1000         -   3854613   95.00    4.00    0.00    0.00   99.00    16  |__CPU 2/TCG
14:38:25     1000         -   3854614    0.00    0.00    0.00    0.00    0.00    23  |__CPU 3/TCG
14:38:26     1000   3854589         -  191.00    6.00    0.00    0.00  197.00     5  qemu-system-aar
14:38:26     1000         -   3854589    0.00    1.00    0.00    0.00    1.00     5  |__qemu-system-aar
14:38:26     1000         -   3854597    0.00    0.00    0.00    0.00    0.00    22  |__call_rcu
14:38:26     1000         -   3854610   94.00    2.00    0.00    0.00   96.00    20  |__CPU 0/TCG
14:38:26     1000         -   3854612    1.00    0.00    0.00    0.00    1.00    19  |__CPU 1/TCG
14:38:26     1000         -   3854613   96.00    3.00    0.00    0.00   99.00    16  |__CPU 2/TCG
14:38:26     1000         -   3854614    0.00    0.00    0.00    0.00    0.00    23  |__CPU 3/TCG
14:38:27     1000   3854589         -  189.00    7.00    0.00    0.00  196.00    23  qemu-system-aar
14:38:27     1000         -   3854589    1.00    0.00    0.00    0.00    1.00    23  |__qemu-system-aar
14:38:27     1000         -   3854597    0.00    0.00    0.00    0.00    0.00    22  |__call_rcu
14:38:27     1000         -   3854610   92.00    3.00    0.00    0.00   95.00    20  |__CPU 0/TCG
14:38:27     1000         -   3854612    1.00    0.00    0.00    0.00    1.00    21  |__CPU 1/TCG
14:38:27     1000         -   3854613   95.00    4.00    0.00    0.00   99.00    16  |__CPU 2/TCG
14:38:27     1000         -   3854614    0.00    0.00    0.00    0.00    0.00    23  |__CPU 3/TCG
14:38:28     1000   3854589         -  190.00    7.00    0.00    0.00  197.00     5  qemu-system-aar
14:38:28     1000         -   3854589    1.00    1.00    0.00    0.00    2.00     5  |__qemu-system-aar
14:38:28     1000         -   3854597    0.00    0.00    0.00    0.00    0.00    22  |__call_rcu
14:38:28     1000         -   3854610   93.00    3.00    0.00    0.00   96.00    20  |__CPU 0/TCG
14:38:28     1000         -   3854612    0.00    0.00    0.00    0.00    0.00    19  |__CPU 1/TCG
14:38:28     1000         -   3854613   95.00    3.00    0.00    0.00   98.00    16  |__CPU 2/TCG
14:38:28     1000         -   3854614    0.00    0.00    0.00    0.00    0.00    23  |__CPU 3/TCG
14:38:29     1000   3854589         -  190.00    6.00    0.00    0.00  196.00    23  qemu-system-aar
14:38:29     1000         -   3854589    0.00    1.00    0.00    0.00    1.00    23  |__qemu-system-aar
14:38:29     1000         -   3854597    0.00    0.00    0.00    0.00    0.00    22  |__call_rcu
14:38:29     1000         -   3854610   92.00    3.00    0.00    0.00   95.00     4  |__CPU 0/TCG
14:38:29     1000         -   3854612    1.00    0.00    0.00    0.00    1.00    19  |__CPU 1/TCG
14:38:29     1000         -   3854613   96.00    3.00    0.00    0.00   99.00    16  |__CPU 2/TCG
14:38:29     1000         -   3854614    0.00    0.00    0.00    0.00    0.00    23  |__CPU 3/TCG
14:38:30     1000   3854589         -  187.00    9.00    0.00    0.00  196.00    23  qemu-system-aar
14:38:30     1000         -   3854589    1.00    1.00    0.00    0.00    2.00    23  |__qemu-system-aar
14:38:30     1000         -   3854597    0.00    0.00    0.00    0.00    0.00    22  |__call_rcu
14:38:30     1000         -   3854610   91.00    4.00    0.00    0.00   95.00    20  |__CPU 0/TCG
14:38:30     1000         -   3854612    0.00    0.00    0.00    0.00    0.00    21  |__CPU 1/TCG
14:38:30     1000         -   3854613   94.00    5.00    0.00    0.00   99.00    16  |__CPU 2/TCG
14:38:30     1000         -   3854614    0.00    0.00    0.00    0.00    0.00    23  |__CPU 3/TCG
14:38:31     1000   3854589         -  190.00    6.00    0.00    0.00  196.00    23  qemu-system-aar
14:38:31     1000         -   3854589    0.00    1.00    0.00    0.00    1.00    23  |__qemu-system-aar
14:38:31     1000         -   3854597    0.00    0.00    0.00    0.00    0.00    22  |__call_rcu
14:38:31     1000         -   3854610   94.00    2.00    0.00    0.00   96.00    20  |__CPU 0/TCG
14:38:31     1000         -   3854612    1.00    0.00    0.00    0.00    1.00    21  |__CPU 1/TCG
14:38:31     1000         -   3854613   95.00    4.00    0.00    0.00   99.00    16  |__CPU 2/TCG
14:38:31     1000         -   3854614    0.00    0.00    0.00    0.00    0.00    23  |__CPU 3/TCG
14:38:32     1000   3854589         -  188.00    7.00    0.00    0.00  195.00    23  qemu-system-aar
14:38:32     1000         -   3854589    0.00    1.00    0.00    0.00    1.00    23  |__qemu-system-aar
14:38:32     1000         -   3854597    0.00    0.00    0.00    0.00    0.00    22  |__call_rcu
14:38:32     1000         -   3854610   91.00    4.00    0.00    0.00   95.00    20  |__CPU 0/TCG
14:38:32     1000         -   3854612    0.00    0.00    0.00    0.00    0.00     1  |__CPU 1/TCG
14:38:32     1000         -   3854613   95.00    3.00    0.00    0.00   98.00    16  |__CPU 2/TCG
14:38:32     1000         -   3854614    0.00    0.00    0.00    0.00    0.00    23  |__CPU 3/TCG
14:38:33     1000   3854589         -  190.00    7.00    0.00    0.00  197.00    23  qemu-system-aar
14:38:33     1000         -   3854589    1.00    1.00    0.00    0.00    2.00    23  |__qemu-system-aar
14:38:33     1000         -   3854597    0.00    0.00    0.00    0.00    0.00    22  |__call_rcu
14:38:33     1000         -   3854610   93.00    2.00    0.00    0.00   95.00     4  |__CPU 0/TCG
14:38:33     1000         -   3854612    1.00    0.00    0.00    0.00    1.00    19  |__CPU 1/TCG
14:38:33     1000         -   3854613   96.00    4.00    0.00    0.00  100.00     0  |__CPU 2/TCG
14:38:33     1000         -   3854614    0.00    0.00    0.00    0.00    0.00    23  |__CPU 3/TCG
14:38:34     1000   3854589         -  187.00    9.00    0.00    0.00  196.00    21  qemu-system-aar
14:38:34     1000         -   3854589    0.00    1.00    0.00    0.00    1.00    21  |__qemu-system-aar
14:38:34     1000         -   3854597    0.00    0.00    0.00    0.00    0.00    22  |__call_rcu
14:38:34     1000         -   3854610   91.00    5.00    0.00    0.00   96.00     4  |__CPU 0/TCG
14:38:34     1000         -   3854612    0.00    0.00    0.00    0.00    0.00    19  |__CPU 1/TCG
14:38:34     1000         -   3854613   94.00    4.00    0.00    0.00   98.00     0  |__CPU 2/TCG
14:38:34     1000         -   3854614    0.00    0.00    0.00    0.00    0.00    23  |__CPU 3/TCG
14:38:35     1000   3854589         -  187.00    9.00    0.00    0.00  196.00    23  qemu-system-aar
14:38:35     1000         -   3854589    1.00    0.00    0.00    0.00    1.00    23  |__qemu-system-aar
14:38:35     1000         -   3854597    0.00    0.00    0.00    0.00    0.00    22  |__call_rcu
14:38:35     1000         -   3854610   90.00    4.00    0.00    0.00   94.00     4  |__CPU 0/TCG
14:38:35     1000         -   3854612    1.00    0.00    0.00    0.00    1.00    19  |__CPU 1/TCG
14:38:35     1000         -   3854613   95.00    5.00    0.00    0.00  100.00     0  |__CPU 2/TCG
14:38:35     1000         -   3854614    0.00    0.00    0.00    0.00    0.00    23  |__CPU 3/TCG
14:38:36     1000   3854589         -  191.00    4.00    0.00    0.00  195.00    21  qemu-system-aar
14:38:36     1000         -   3854589    1.00    0.00    0.00    0.00    1.00    21  |__qemu-system-aar
14:38:36     1000         -   3854597    0.00    0.00    0.00    0.00    0.00    22  |__call_rcu
14:38:36     1000         -   3854610   94.00    2.00    0.00    0.00   96.00     4  |__CPU 0/TCG
14:38:36     1000         -   3854612    0.00    0.00    0.00    0.00    0.00     1  |__CPU 1/TCG
14:38:36     1000         -   3854613   96.00    2.00    0.00    0.00   98.00    16  |__CPU 2/TCG
14:38:36     1000         -   3854614    0.00    0.00    0.00    0.00    0.00    23  |__CPU 3/TCG
14:38:37     1000   3854589         -  189.00    8.00    0.00    0.00  197.00    23  qemu-system-aar
14:38:37     1000         -   3854589    1.00    2.00    0.00    0.00    3.00    23  |__qemu-system-aar
14:38:37     1000         -   3854597    0.00    0.00    0.00    0.00    0.00    22  |__call_rcu
14:38:37     1000         -   3854610   93.00    2.00    0.00    0.00   95.00     4  |__CPU 0/TCG
14:38:37     1000         -   3854612    0.00    1.00    0.00    0.00    1.00    19  |__CPU 1/TCG
14:38:37     1000         -   3854613   94.00    5.00    0.00    0.00   99.00    16  |__CPU 2/TCG
14:38:37     1000         -   3854614    0.00    0.00    0.00    0.00    0.00    23  |__CPU 3/TCG
14:38:38     1000   3854589         -  191.00    5.00    0.00    0.00  196.00    23  qemu-system-aar
14:38:38     1000         -   3854589    0.00    0.00    0.00    0.00    0.00    23  |__qemu-system-aar
14:38:38     1000         -   3854597    0.00    0.00    0.00    0.00    0.00    22  |__call_rcu
14:38:38     1000         -   3854610   93.00    3.00    0.00    0.00   96.00     4  |__CPU 0/TCG
14:38:38     1000         -   3854612    1.00    0.00    0.00    0.00    1.00    19  |__CPU 1/TCG
14:38:38     1000         -   3854613   97.00    3.00    0.00    0.00  100.00    16  |__CPU 2/TCG
14:38:38     1000         -   3854614    0.00    0.00    0.00    0.00    0.00    23  |__CPU 3/TCG
14:38:39     1000   3854589         -  189.00    7.00    0.00    0.00  196.00    23  qemu-system-aar
14:38:39     1000         -   3854589    1.00    1.00    0.00    0.00    2.00    23  |__qemu-system-aar
14:38:39     1000         -   3854597    0.00    0.00    0.00    0.00    0.00    22  |__call_rcu
14:38:39     1000         -   3854610   92.00    3.00    0.00    0.00   95.00     4  |__CPU 0/TCG
14:38:39     1000         -   3854612    0.00    0.00    0.00    0.00    0.00     1  |__CPU 1/TCG
14:38:39     1000         -   3854613   95.00    3.00    0.00    0.00   98.00    16  |__CPU 2/TCG
14:38:39     1000         -   3854614    0.00    0.00    0.00    0.00    0.00    23  |__CPU 3/TCG
14:38:40     1000   3854589         -  186.00    9.00    0.00    0.00  195.00    23  qemu-system-aar
14:38:40     1000         -   3854589    0.00    1.00    0.00    0.00    1.00    23  |__qemu-system-aar
14:38:40     1000         -   3854597    0.00    0.00    0.00    0.00    0.00    22  |__call_rcu
14:38:40     1000         -   3854610   91.00    4.00    0.00    0.00   95.00    20  |__CPU 0/TCG
14:38:40     1000         -   3854612    0.00    1.00    0.00    0.00    1.00    21  |__CPU 1/TCG
14:38:40     1000         -   3854613   94.00    5.00    0.00    0.00   99.00    16  |__CPU 2/TCG
14:38:40     1000         -   3854614    0.00    0.00    0.00    0.00    0.00    23  |__CPU 3/TCG
14:38:41     1000   3854589         -  189.00    8.00    0.00    0.00  197.00     2  qemu-system-aar
14:38:41     1000         -   3854589    1.00    1.00    0.00    0.00    2.00     2  |__qemu-system-aar
14:38:41     1000         -   3854597    0.00    0.00    0.00    0.00    0.00    22  |__call_rcu
14:38:41     1000         -   3854610   92.00    3.00    0.00    0.00   95.00    20  |__CPU 0/TCG
14:38:41     1000         -   3854612    0.00    0.00    0.00    0.00    0.00    21  |__CPU 1/TCG
14:38:41     1000         -   3854613   94.00    5.00    0.00    0.00   99.00     0  |__CPU 2/TCG
14:38:41     1000         -   3854614    0.00    0.00    0.00    0.00    0.00    23  |__CPU 3/TCG
14:38:42     1000   3854589         -  188.00    9.00    0.00    0.00  197.00     2  qemu-system-aar
14:38:42     1000         -   3854589    0.00    1.00    0.00    0.00    1.00     2  |__qemu-system-aar
14:38:42     1000         -   3854597    0.00    0.00    0.00    0.00    0.00    22  |__call_rcu
14:38:42     1000         -   3854610   92.00    4.00    0.00    0.00   96.00     4  |__CPU 0/TCG
14:38:42     1000         -   3854612    1.00    0.00    0.00    0.00    1.00    21  |__CPU 1/TCG
14:38:42     1000         -   3854613   95.00    4.00    0.00    0.00   99.00    16  |__CPU 2/TCG
14:38:42     1000         -   3854614    0.00    0.00    0.00    0.00    0.00    23  |__CPU 3/TCG
14:38:43     1000   3854589         -  190.00    6.00    0.00    0.00  196.00    16  qemu-system-aar
14:38:43     1000         -   3854589    1.00    1.00    0.00    0.00    2.00    16  |__qemu-system-aar
14:38:43     1000         -   3854597    0.00    0.00    0.00    0.00    0.00    22  |__call_rcu
14:38:43     1000         -   3854610   92.00    3.00    0.00    0.00   95.00    20  |__CPU 0/TCG
14:38:43     1000         -   3854612    1.00    0.00    0.00    0.00    1.00    21  |__CPU 1/TCG
14:38:43     1000         -   3854613   95.00    4.00    0.00    0.00   99.00     0  |__CPU 2/TCG
14:38:43     1000         -   3854614    0.00    0.00    0.00    0.00    0.00    23  |__CPU 3/TCG
14:38:44     1000   3854589         -  190.00    8.00    0.00    0.00  198.00    16  qemu-system-aar
14:38:44     1000         -   3854589    1.00    1.00    0.00    0.00    2.00    16  |__qemu-system-aar
14:38:44     1000         -   3854597    0.00    0.00    0.00    0.00    0.00    22  |__call_rcu
14:38:44     1000         -   3854610   93.00    3.00    0.00    0.00   96.00    20  |__CPU 0/TCG
14:38:44     1000         -   3854612    0.00    0.00    0.00    0.00    0.00    19  |__CPU 1/TCG
14:38:44     1000         -   3854613   95.00    3.00    0.00    0.00   98.00     0  |__CPU 2/TCG
14:38:44     1000         -   3854614    0.00    0.00    0.00    0.00    0.00    23  |__CPU 3/TCG
14:38:45     1000   3854589         -  189.00    8.00    0.00    0.00  197.00    16  qemu-system-aar
14:38:45     1000         -   3854589    1.00    1.00    0.00    0.00    2.00    16  |__qemu-system-aar
14:38:45     1000         -   3854597    0.00    0.00    0.00    0.00    0.00    22  |__call_rcu
14:38:45     1000         -   3854610   91.00    4.00    0.00    0.00   95.00    20  |__CPU 0/TCG
14:38:45     1000         -   3854612    0.00    0.00    0.00    0.00    0.00    19  |__CPU 1/TCG
14:38:45     1000         -   3854613   95.00    4.00    0.00    0.00   99.00     0  |__CPU 2/TCG
14:38:45     1000         -   3854614    0.00    0.00    0.00    0.00    0.00    23  |__CPU 3/TCG
14:38:46     1000   3854589         -  190.00    7.00    0.00    0.00  197.00    19  qemu-system-aar
14:38:46     1000         -   3854589    1.00    1.00    0.00    0.00    2.00    19  |__qemu-system-aar
14:38:46     1000         -   3854597    0.00    0.00    0.00    0.00    0.00    22  |__call_rcu
14:38:46     1000         -   3854610   93.00    3.00    0.00    0.00   96.00    20  |__CPU 0/TCG
14:38:46     1000         -   3854612    1.00    0.00    0.00    0.00    1.00    21  |__CPU 1/TCG
14:38:46     1000         -   3854613   95.00    4.00    0.00    0.00   99.00    16  |__CPU 2/TCG
14:38:46     1000         -   3854614    0.00    0.00    0.00    0.00    0.00    23  |__CPU 3/TCG
14:38:47     1000   3854589         -  188.00    7.00    0.00    0.00  195.00    21  qemu-system-aar
14:38:47     1000         -   3854589    1.00    1.00    0.00    0.00    2.00    21  |__qemu-system-aar
14:38:47     1000         -   3854597    0.00    0.00    0.00    0.00    0.00    22  |__call_rcu
14:38:47     1000         -   3854610   92.00    4.00    0.00    1.00   96.00    20  |__CPU 0/TCG
14:38:47     1000         -   3854612    1.00    0.00    0.00    0.00    1.00    19  |__CPU 1/TCG
14:38:47     1000         -   3854613   95.00    4.00    0.00    0.00   99.00    16  |__CPU 2/TCG
14:38:47     1000         -   3854614    0.00    0.00    0.00    0.00    0.00    23  |__CPU 3/TCG
14:38:48     1000   3854589         -  189.00    8.00    0.00    0.00  197.00    23  qemu-system-aar
14:38:48     1000         -   3854589    0.00    1.00    0.00    0.00    1.00    23  |__qemu-system-aar
14:38:48     1000         -   3854597    0.00    0.00    0.00    0.00    0.00    22  |__call_rcu
14:38:48     1000         -   3854610   92.00    3.00    0.00    0.00   95.00    20  |__CPU 0/TCG
14:38:48     1000         -   3854612    0.00    0.00    0.00    0.00    0.00    22  |__CPU 1/TCG
14:38:48     1000         -   3854613   95.00    4.00    0.00    0.00   99.00    16  |__CPU 2/TCG
14:38:48     1000         -   3854614    0.00    0.00    0.00    0.00    0.00    23  |__CPU 3/TCG
14:38:49     1000   3854589         -  189.00    7.00    0.00    0.00  196.00    23  qemu-system-aar
14:38:49     1000         -   3854589    0.00    1.00    0.00    0.00    1.00    23  |__qemu-system-aar
14:38:49     1000         -   3854597    0.00    0.00    0.00    0.00    0.00    22  |__call_rcu
14:38:49     1000         -   3854610   92.00    3.00    0.00    0.00   95.00    20  |__CPU 0/TCG
14:38:49     1000         -   3854612    1.00    0.00    0.00    0.00    1.00    22  |__CPU 1/TCG
14:38:49     1000         -   3854613   95.00    4.00    0.00    0.00   99.00    16  |__CPU 2/TCG
14:38:49     1000         -   3854614    0.00    0.00    0.00    0.00    0.00    23  |__CPU 3/TCG
14:38:50     1000   3854589         -  187.00    9.00    0.00    0.00  196.00    21  qemu-system-aar
14:38:50     1000         -   3854589    0.00    1.00    0.00    0.00    1.00    21  |__qemu-system-aar
14:38:50     1000         -   3854597    0.00    0.00    0.00    0.00    0.00    22  |__call_rcu
14:38:50     1000         -   3854610   91.00    5.00    0.00    0.00   96.00    20  |__CPU 0/TCG
14:38:50     1000         -   3854612    0.00    0.00    0.00    0.00    0.00    19  |__CPU 1/TCG
14:38:50     1000         -   3854613   95.00    4.00    0.00    0.00   99.00    16  |__CPU 2/TCG
14:38:50     1000         -   3854614    0.00    0.00    0.00    0.00    0.00    23  |__CPU 3/TCG
14:38:51     1000   3854589         -  189.00    8.00    0.00    0.00  197.00    21  qemu-system-aar
14:38:51     1000         -   3854589    1.00    1.00    0.00    0.00    2.00    21  |__qemu-system-aar
14:38:51     1000         -   3854597    0.00    0.00    0.00    0.00    0.00    22  |__call_rcu
14:38:51     1000         -   3854610   92.00    4.00    0.00    0.00   96.00    20  |__CPU 0/TCG
14:38:51     1000         -   3854612    0.00    0.00    0.00    0.00    0.00    19  |__CPU 1/TCG
14:38:51     1000         -   3854613   95.00    3.00    0.00    0.00   98.00    16  |__CPU 2/TCG
14:38:51     1000         -   3854614    0.00    0.00    0.00    0.00    0.00    23  |__CPU 3/TCG
14:38:52     1000   3854589         -  190.00    6.00    0.00    0.00  196.00    21  qemu-system-aar
14:38:52     1000         -   3854589    0.00    1.00    0.00    0.00    1.00    21  |__qemu-system-aar
14:38:52     1000         -   3854597    0.00    0.00    0.00    0.00    0.00    22  |__call_rcu
14:38:52     1000         -   3854610   93.00    2.00    0.00    0.00   95.00    20  |__CPU 0/TCG
14:38:52     1000         -   3854612    1.00    0.00    0.00    0.00    1.00    19  |__CPU 1/TCG
14:38:52     1000         -   3854613   96.00    4.00    0.00    0.00  100.00    16  |__CPU 2/TCG
14:38:52     1000         -   3854614    0.00    0.00    0.00    0.00    0.00    23  |__CPU 3/TCG
14:38:53     1000   3854589         -  190.00    6.00    0.00    0.00  196.00    21  qemu-system-aar
14:38:53     1000         -   3854589    1.00    1.00    0.00    0.00    2.00    21  |__qemu-system-aar
14:38:53     1000         -   3854597    0.00    0.00    0.00    0.00    0.00    22  |__call_rcu
14:38:53     1000         -   3854610   92.00    3.00    0.00    0.00   95.00    20  |__CPU 0/TCG
14:38:53     1000         -   3854612    0.00    0.00    0.00    0.00    0.00    22  |__CPU 1/TCG
14:38:53     1000         -   3854613   95.00    3.00    0.00    0.00   98.00    16  |__CPU 2/TCG
14:38:53     1000         -   3854614    0.00    0.00    0.00    0.00    0.00    23  |__CPU 3/TCG
14:38:54     1000   3854589         -  189.00    8.00    0.00    0.00  197.00    21  qemu-system-aar
14:38:54     1000         -   3854589    0.00    1.00    0.00    0.00    1.00    21  |__qemu-system-aar
14:38:54     1000         -   3854597    0.00    0.00    0.00    0.00    0.00    22  |__call_rcu
14:38:54     1000         -   3854610   93.00    3.00    0.00    0.00   96.00    20  |__CPU 0/TCG
14:38:54     1000         -   3854612    1.00    0.00    0.00    0.00    1.00    22  |__CPU 1/TCG
14:38:54     1000         -   3854613   95.00    4.00    0.00    0.00   99.00    16  |__CPU 2/TCG
14:38:54     1000         -   3854614    0.00    0.00    0.00    0.00    0.00    23  |__CPU 3/TCG
14:38:55     1000   3854589         -  187.00    9.00    0.00    0.00  196.00    21  qemu-system-aar
14:38:55     1000         -   3854589    1.00    0.00    0.00    0.00    1.00    21  |__qemu-system-aar
14:38:55     1000         -   3854597    0.00    0.00    0.00    0.00    0.00    22  |__call_rcu
14:38:55     1000         -   3854610   91.00    4.00    0.00    0.00   95.00    20  |__CPU 0/TCG
14:38:55     1000         -   3854612    0.00    0.00    0.00    0.00    0.00    22  |__CPU 1/TCG
14:38:55     1000         -   3854613   95.00    5.00    0.00    0.00  100.00    16  |__CPU 2/TCG
14:38:55     1000         -   3854614    0.00    0.00    0.00    0.00    0.00    23  |__CPU 3/TCG
14:38:56     1000   3854589         -  191.00    6.00    0.00    0.00  197.00    21  qemu-system-aar
14:38:56     1000         -   3854589    1.00    0.00    0.00    0.00    1.00    21  |__qemu-system-aar
14:38:56     1000         -   3854597    0.00    0.00    0.00    0.00    0.00    22  |__call_rcu
14:38:56     1000         -   3854610   93.00    3.00    0.00    0.00   96.00    20  |__CPU 0/TCG
14:38:56     1000         -   3854612    1.00    1.00    0.00    0.00    2.00    19  |__CPU 1/TCG
14:38:56     1000         -   3854613   95.00    3.00    0.00    0.00   98.00    16  |__CPU 2/TCG
14:38:56     1000         -   3854614    0.00    0.00    0.00    0.00    0.00    23  |__CPU 3/TCG
14:38:57     1000   3854589         -  189.00    7.00    0.00    0.00  196.00     2  qemu-system-aar
14:38:57     1000         -   3854589    1.00    1.00    0.00    0.00    2.00     2  |__qemu-system-aar
14:38:57     1000         -   3854597    0.00    0.00    0.00    0.00    0.00    22  |__call_rcu
14:38:57     1000         -   3854610   92.00    4.00    0.00    0.00   96.00    20  |__CPU 0/TCG
14:38:57     1000         -   3854612    0.00    0.00    0.00    0.00    0.00    19  |__CPU 1/TCG
14:38:57     1000         -   3854613   95.00    4.00    0.00    0.00   99.00     0  |__CPU 2/TCG
14:38:57     1000         -   3854614    0.00    0.00    0.00    0.00    0.00    23  |__CPU 3/TCG
14:38:58     1000   3854589         -  189.00    8.00    0.00    0.00  197.00     2  qemu-system-aar
14:38:58     1000         -   3854589    0.00    1.00    0.00    0.00    1.00     2  |__qemu-system-aar
14:38:58     1000         -   3854597    0.00    0.00    0.00    0.00    0.00    22  |__call_rcu
14:38:58     1000         -   3854610   93.00    2.00    0.00    0.00   95.00    20  |__CPU 0/TCG
14:38:58     1000         -   3854612    1.00    0.00    0.00    0.00    1.00    19  |__CPU 1/TCG
14:38:58     1000         -   3854613   95.00    4.00    0.00    0.00   99.00     0  |__CPU 2/TCG
14:38:58     1000         -   3854614    0.00    0.00    0.00    0.00    0.00    23  |__CPU 3/TCG
14:38:59     1000   3854589         -  188.00    7.00    0.00    0.00  195.00     2  qemu-system-aar
14:38:59     1000         -   3854589    0.00    1.00    0.00    0.00    1.00     2  |__qemu-system-aar
14:38:59     1000         -   3854597    0.00    0.00    0.00    0.00    0.00    22  |__call_rcu
14:38:59     1000         -   3854610   92.00    4.00    0.00    0.00   96.00    20  |__CPU 0/TCG
14:38:59     1000         -   3854612    0.00    0.00    0.00    0.00    0.00    19  |__CPU 1/TCG
14:38:59     1000         -   3854613   95.00    4.00    0.00    0.00   99.00     0  |__CPU 2/TCG
14:38:59     1000         -   3854614    0.00    0.00    0.00    0.00    0.00    23  |__CPU 3/TCG
14:39:00     1000   3854589         -  188.00    7.00    0.00    0.00  195.00    23  qemu-system-aar
14:39:00     1000         -   3854589    0.00    1.00    0.00    0.00    1.00    23  |__qemu-system-aar
14:39:00     1000         -   3854597    0.00    0.00    0.00    0.00    0.00    22  |__call_rcu
14:39:00     1000         -   3854610   91.00    3.00    0.00    0.00   94.00    20  |__CPU 0/TCG
14:39:00     1000         -   3854612    1.00    0.00    0.00    0.00    1.00    19  |__CPU 1/TCG
14:39:00     1000         -   3854613   95.00    4.00    0.00    0.00   99.00     0  |__CPU 2/TCG
14:39:00     1000         -   3854614    0.00    0.00    0.00    0.00    0.00    23  |__CPU 3/TCG
14:39:01     1000   3854589         -  190.00    8.00    0.00    0.00  198.00    21  qemu-system-aar
14:39:01     1000         -   3854589    1.00    1.00    0.00    0.00    2.00    21  |__qemu-system-aar
14:39:01     1000         -   3854597    0.00    0.00    0.00    0.00    0.00    22  |__call_rcu
14:39:01     1000         -   3854610   93.00    3.00    0.00    0.00   96.00    20  |__CPU 0/TCG
14:39:01     1000         -   3854612    1.00    0.00    0.00    0.00    1.00    19  |__CPU 1/TCG
14:39:01     1000         -   3854613   95.00    3.00    0.00    0.00   98.00     0  |__CPU 2/TCG
14:39:01     1000         -   3854614    0.00    0.00    0.00    0.00    0.00    23  |__CPU 3/TCG
14:39:02     1000   3854589         -  190.00    6.00    0.00    0.00  196.00     1  qemu-system-aar
14:39:02     1000         -   3854589    1.00    0.00    0.00    0.00    1.00     1  |__qemu-system-aar
14:39:02     1000         -   3854597    0.00    0.00    0.00    0.00    0.00    22  |__call_rcu
14:39:02     1000         -   3854610   93.00    3.00    0.00    0.00   96.00    20  |__CPU 0/TCG
14:39:02     1000         -   3854612    0.00    0.00    0.00    0.00    0.00     3  |__CPU 1/TCG
14:39:02     1000         -   3854613   96.00    4.00    0.00    0.00  100.00     0  |__CPU 2/TCG
14:39:02     1000         -   3854614    0.00    0.00    0.00    0.00    0.00    23  |__CPU 3/TCG
14:39:03     1000   3854589         -  189.00    7.00    0.00    0.00  196.00     7  qemu-system-aar
14:39:03     1000         -   3854589    0.00    1.00    0.00    0.00    1.00     7  |__qemu-system-aar
14:39:03     1000         -   3854597    0.00    0.00    0.00    0.00    0.00    22  |__call_rcu
14:39:03     1000         -   3854610   92.00    3.00    0.00    0.00   95.00    20  |__CPU 0/TCG
14:39:03     1000         -   3854612    0.00    0.00    0.00    0.00    0.00     2  |__CPU 1/TCG
14:39:03     1000         -   3854613   95.00    3.00    0.00    0.00   98.00     0  |__CPU 2/TCG
14:39:03     1000         -   3854614    0.00    0.00    0.00    0.00    0.00    23  |__CPU 3/TCG
14:39:04     1000   3854589         -  190.00    7.00    0.00    0.00  197.00     7  qemu-system-aar
14:39:04     1000         -   3854589    1.00    1.00    0.00    0.00    2.00     7  |__qemu-system-aar
14:39:04     1000         -   3854597    0.00    0.00    0.00    0.00    0.00    22  |__call_rcu
14:39:04     1000         -   3854610   93.00    3.00    0.00    0.00   96.00    20  |__CPU 0/TCG
14:39:04     1000         -   3854612    0.00    0.00    0.00    0.00    0.00     2  |__CPU 1/TCG
14:39:04     1000         -   3854613   96.00    4.00    0.00    0.00  100.00     0  |__CPU 2/TCG
14:39:04     1000         -   3854614    0.00    0.00    0.00    0.00    0.00    23  |__CPU 3/TCG
14:39:05     1000   3854589         -  189.00    7.00    0.00    0.00  196.00     7  qemu-system-aar
14:39:05     1000         -   3854589    1.00    0.00    0.00    0.00    1.00     7  |__qemu-system-aar
14:39:05     1000         -   3854597    0.00    0.00    0.00    0.00    0.00    22  |__call_rcu
14:39:05     1000         -   3854610   92.00    4.00    0.00    0.00   96.00    20  |__CPU 0/TCG
14:39:05     1000         -   3854612    1.00    0.00    0.00    0.00    1.00     2  |__CPU 1/TCG
14:39:05     1000         -   3854613   95.00    4.00    0.00    0.00   99.00    16  |__CPU 2/TCG
14:39:05     1000         -   3854614    0.00    0.00    0.00    0.00    0.00    23  |__CPU 3/TCG
14:39:06     1000   3854589         -  191.00    7.00    0.00    0.00  198.00    17  qemu-system-aar
14:39:06     1000         -   3854589    0.00    1.00    0.00    0.00    1.00    17  |__qemu-system-aar
14:39:06     1000         -   3854597    0.00    0.00    0.00    0.00    0.00    22  |__call_rcu
14:39:06     1000         -   3854610   92.00    3.00    0.00    0.00   95.00    20  |__CPU 0/TCG
14:39:06     1000         -   3854612    1.00    0.00    0.00    0.00    1.00    21  |__CPU 1/TCG
14:39:06     1000         -   3854613   96.00    2.00    0.00    0.00   98.00    16  |__CPU 2/TCG
14:39:06     1000         -   3854614    0.00    0.00    0.00    0.00    0.00    23  |__CPU 3/TCG
14:39:07     1000   3854589         -  190.00    6.00    0.00    0.00  196.00    17  qemu-system-aar
14:39:07     1000         -   3854589    1.00    1.00    0.00    0.00    2.00    17  |__qemu-system-aar
14:39:07     1000         -   3854597    0.00    0.00    0.00    0.00    0.00    22  |__call_rcu
14:39:07     1000         -   3854610   93.00    4.00    0.00    0.00   97.00    20  |__CPU 0/TCG
14:39:07     1000         -   3854612    0.00    0.00    0.00    0.00    0.00    21  |__CPU 1/TCG
14:39:07     1000         -   3854613   96.00    3.00    0.00    0.00   99.00    16  |__CPU 2/TCG
14:39:07     1000         -   3854614    0.00    0.00    0.00    0.00    0.00    23  |__CPU 3/TCG
14:39:08     1000   3854589         -  188.00    8.00    0.00    0.00  196.00    17  qemu-system-aar
14:39:08     1000         -   3854589    0.00    1.00    0.00    0.00    1.00    17  |__qemu-system-aar
14:39:08     1000         -   3854597    0.00    0.00    0.00    0.00    0.00    22  |__call_rcu
14:39:08     1000         -   3854610   92.00    3.00    0.00    0.00   95.00    20  |__CPU 0/TCG
14:39:08     1000         -   3854612    1.00    0.00    0.00    0.00    1.00     2  |__CPU 1/TCG
14:39:08     1000         -   3854613   95.00    5.00    0.00    0.00  100.00    16  |__CPU 2/TCG
14:39:08     1000         -   3854614    0.00    0.00    0.00    0.00    0.00    23  |__CPU 3/TCG
14:39:09     1000   3854589         -  191.00    7.00    0.00    0.00  198.00    17  qemu-system-aar
14:39:09     1000         -   3854589    1.00    0.00    0.00    0.00    1.00    17  |__qemu-system-aar
14:39:09     1000         -   3854597    0.00    0.00    0.00    0.00    0.00    22  |__call_rcu
14:39:09     1000         -   3854610   93.00    3.00    0.00    0.00   96.00    20  |__CPU 0/TCG
14:39:09     1000         -   3854612    0.00    0.00    0.00    0.00    0.00    21  |__CPU 1/TCG
14:39:09     1000         -   3854613   95.00    3.00    0.00    0.00   98.00    16  |__CPU 2/TCG
14:39:09     1000         -   3854614    0.00    0.00    0.00    0.00    0.00    23  |__CPU 3/TCG
14:39:10     1000   3854589         -  189.00    6.00    0.00    0.00  195.00    21  qemu-system-aar
14:39:10     1000         -   3854589    0.00    1.00    0.00    0.00    1.00    21  |__qemu-system-aar
14:39:10     1000         -   3854597    0.00    0.00    0.00    0.00    0.00    22  |__call_rcu
14:39:10     1000         -   3854610   93.00    3.00    0.00    0.00   96.00    20  |__CPU 0/TCG
14:39:10     1000         -   3854612    1.00    0.00    0.00    0.00    1.00     3  |__CPU 1/TCG
14:39:10     1000         -   3854613   96.00    4.00    0.00    0.00  100.00    16  |__CPU 2/TCG
14:39:10     1000         -   3854614    0.00    0.00    0.00    0.00    0.00    23  |__CPU 3/TCG
14:39:11     1000   3854589         -  190.00    7.00    0.00    0.00  197.00    21  qemu-system-aar
14:39:11     1000         -   3854589    1.00    1.00    0.00    0.00    2.00    21  |__qemu-system-aar
14:39:11     1000         -   3854597    0.00    0.00    0.00    0.00    0.00    22  |__call_rcu
14:39:11     1000         -   3854610   92.00    3.00    0.00    0.00   95.00     4  |__CPU 0/TCG
14:39:11     1000         -   3854612    0.00    0.00    0.00    0.00    0.00     3  |__CPU 1/TCG
14:39:11     1000         -   3854613   95.00    3.00    0.00    0.00   98.00    16  |__CPU 2/TCG
14:39:11     1000         -   3854614    0.00    0.00    0.00    0.00    0.00    23  |__CPU 3/TCG
14:39:12     1000   3854589         -  189.00    8.00    0.00    0.00  197.00    21  qemu-system-aar
14:39:12     1000         -   3854589    0.00    2.00    0.00    0.00    2.00    21  |__qemu-system-aar
14:39:12     1000         -   3854597    0.00    0.00    0.00    0.00    0.00    22  |__call_rcu
14:39:12     1000         -   3854610   93.00    3.00    0.00    0.00   96.00     4  |__CPU 0/TCG
14:39:12     1000         -   3854612    1.00    0.00    0.00    0.00    1.00     3  |__CPU 1/TCG
14:39:12     1000         -   3854613   95.00    5.00    0.00    0.00  100.00     0  |__CPU 2/TCG
14:39:12     1000         -   3854614    0.00    0.00    0.00    0.00    0.00    23  |__CPU 3/TCG
14:39:13     1000   3854589         -  187.00    8.00    0.00    0.00  195.00    18  qemu-system-aar
14:39:13     1000         -   3854589    0.00    1.00    0.00    0.00    1.00    18  |__qemu-system-aar
14:39:13     1000         -   3854597    0.00    0.00    0.00    0.00    0.00    22  |__call_rcu
14:39:13     1000         -   3854610   91.00    5.00    0.00    0.00   96.00     4  |__CPU 0/TCG
14:39:13     1000         -   3854612    0.00    0.00    0.00    0.00    0.00     6  |__CPU 1/TCG
14:39:13     1000         -   3854613   95.00    3.00    0.00    0.00   98.00     0  |__CPU 2/TCG
14:39:13     1000         -   3854614    0.00    0.00    0.00    0.00    0.00    23  |__CPU 3/TCG
14:39:14     1000   3854589         -  189.00    8.00    0.00    0.00  197.00    17  qemu-system-aar
14:39:14     1000         -   3854589    0.00    0.00    0.00    0.00    0.00    17  |__qemu-system-aar
14:39:14     1000         -   3854597    0.00    0.00    0.00    0.00    0.00    22  |__call_rcu
14:39:14     1000         -   3854610   92.00    3.00    0.00    0.00   95.00     4  |__CPU 0/TCG
14:39:14     1000         -   3854612    1.00    0.00    0.00    0.00    1.00     3  |__CPU 1/TCG
14:39:14     1000         -   3854613   95.00    4.00    0.00    0.00   99.00    16  |__CPU 2/TCG
14:39:14     1000         -   3854614    0.00    0.00    0.00    0.00    0.00    23  |__CPU 3/TCG
14:39:15     1000   3854589         -  188.00    8.00    0.00    0.00  196.00    17  qemu-system-aar
14:39:15     1000         -   3854589    2.00    0.00    0.00    0.00    2.00    17  |__qemu-system-aar
14:39:15     1000         -   3854597    0.00    0.00    0.00    0.00    0.00    22  |__call_rcu
14:39:15     1000         -   3854610   92.00    4.00    0.00    0.00   96.00    20  |__CPU 0/TCG
14:39:15     1000         -   3854612    0.00    0.00    0.00    0.00    0.00     3  |__CPU 1/TCG
14:39:15     1000         -   3854613   94.00    5.00    0.00    0.00   99.00     0  |__CPU 2/TCG
14:39:15     1000         -   3854614    0.00    0.00    0.00    0.00    0.00    23  |__CPU 3/TCG
14:39:16     1000   3854589         -  196.00    3.00    0.00    0.00  199.00    19  qemu-system-aar
14:39:16     1000         -   3854589    0.00    1.00    0.00    0.00    1.00    19  |__qemu-system-aar
14:39:16     1000         -   3854597    0.00    0.00    0.00    0.00    0.00    22  |__call_rcu
14:39:16     1000         -   3854610   97.00    1.00    0.00    0.00   98.00    20  |__CPU 0/TCG
14:39:16     1000         -   3854612    1.00    0.00    0.00    0.00    1.00     3  |__CPU 1/TCG
14:39:16     1000         -   3854613   98.00    2.00    0.00    0.00  100.00     0  |__CPU 2/TCG
14:39:16     1000         -   3854614    0.00    0.00    0.00    0.00    0.00    23  |__CPU 3/TCG
14:39:17     1000   3854589         -  189.00    7.00    0.00    0.00  196.00    21  qemu-system-aar
14:39:17     1000         -   3854589    1.00    1.00    0.00    0.00    2.00    21  |__qemu-system-aar
14:39:17     1000         -   3854597    0.00    0.00    0.00    0.00    0.00    22  |__call_rcu
14:39:17     1000         -   3854610   92.00    3.00    0.00    0.00   95.00    20  |__CPU 0/TCG
14:39:17     1000         -   3854612    0.00    0.00    0.00    0.00    0.00    17  |__CPU 1/TCG
14:39:17     1000         -   3854613   96.00    3.00    0.00    0.00   99.00    16  |__CPU 2/TCG
14:39:17     1000         -   3854614    0.00    0.00    0.00    0.00    0.00    23  |__CPU 3/TCG
14:39:18     1000   3854589         -  189.00    7.00    0.00    0.00  196.00    21  qemu-system-aar
14:39:18     1000         -   3854589    0.00    0.00    0.00    0.00    0.00    21  |__qemu-system-aar
14:39:18     1000         -   3854597    0.00    0.00    0.00    0.00    0.00    22  |__call_rcu
14:39:18     1000         -   3854610   92.00    4.00    0.00    0.00   96.00    20  |__CPU 0/TCG
14:39:18     1000         -   3854612    1.00    0.00    0.00    0.00    1.00    17  |__CPU 1/TCG
14:39:18     1000         -   3854613   95.00    4.00    0.00    0.00   99.00    16  |__CPU 2/TCG
14:39:18     1000         -   3854614    0.00    0.00    0.00    0.00    0.00    23  |__CPU 3/TCG
14:39:19     1000   3854589         -  187.00    9.00    0.00    0.00  196.00    18  qemu-system-aar
14:39:19     1000         -   3854589    0.00    1.00    0.00    0.00    1.00    18  |__qemu-system-aar
14:39:19     1000         -   3854597    0.00    0.00    0.00    0.00    0.00    22  |__call_rcu
14:39:19     1000         -   3854610   91.00    3.00    0.00    0.00   94.00    20  |__CPU 0/TCG
14:39:19     1000         -   3854612    0.00    0.00    0.00    0.00    0.00    17  |__CPU 1/TCG
14:39:19     1000         -   3854613   94.00    4.00    0.00    0.00   98.00    16  |__CPU 2/TCG
14:39:19     1000         -   3854614    0.00    0.00    0.00    0.00    0.00    23  |__CPU 3/TCG
14:39:20     1000   3854589         -  185.00   10.00    0.00    0.00  195.00    21  qemu-system-aar
14:39:20     1000         -   3854589    0.00    2.00    0.00    0.00    2.00    21  |__qemu-system-aar
14:39:20     1000         -   3854597    0.00    0.00    0.00    0.00    0.00    22  |__call_rcu
14:39:20     1000         -   3854610   90.00    4.00    0.00    0.00   94.00     4  |__CPU 0/TCG
14:39:20     1000         -   3854612    1.00    0.00    0.00    0.00    1.00    19  |__CPU 1/TCG
14:39:20     1000         -   3854613   93.00    6.00    0.00    0.00   99.00    16  |__CPU 2/TCG
14:39:20     1000         -   3854614    0.00    0.00    0.00    0.00    0.00    23  |__CPU 3/TCG
14:39:21     1000   3854589         -  187.00    9.00    0.00    0.00  196.00    21  qemu-system-aar
14:39:21     1000         -   3854589    1.00    1.00    0.00    0.00    2.00    21  |__qemu-system-aar
14:39:21     1000         -   3854597    0.00    0.00    0.00    0.00    0.00    22  |__call_rcu
14:39:21     1000         -   3854610   91.00    5.00    0.00    0.00   96.00    20  |__CPU 0/TCG
14:39:21     1000         -   3854612    0.00    0.00    0.00    0.00    0.00    19  |__CPU 1/TCG
14:39:21     1000         -   3854613   94.00    5.00    0.00    0.00   99.00     0  |__CPU 2/TCG
14:39:21     1000         -   3854614    0.00    0.00    0.00    0.00    0.00    23  |__CPU 3/TCG
14:39:22     1000   3854589         -  189.00    7.00    0.00    0.00  196.00    21  qemu-system-aar
14:39:22     1000         -   3854589    1.00    0.00    0.00    0.00    1.00    21  |__qemu-system-aar
14:39:22     1000         -   3854597    0.00    0.00    0.00    0.00    0.00    22  |__call_rcu
14:39:22     1000         -   3854610   93.00    3.00    0.00    0.00   96.00    20  |__CPU 0/TCG
14:39:22     1000         -   3854612    1.00    0.00    0.00    0.00    1.00    17  |__CPU 1/TCG
14:39:22     1000         -   3854613   95.00    4.00    0.00    0.00   99.00    16  |__CPU 2/TCG
14:39:22     1000         -   3854614    0.00    0.00    0.00    0.00    0.00    23  |__CPU 3/TCG
14:39:23     1000   3854589         -  188.00    8.00    0.00    0.00  196.00    21  qemu-system-aar
14:39:23     1000         -   3854589    0.00    2.00    0.00    0.00    2.00    21  |__qemu-system-aar
14:39:23     1000         -   3854597    0.00    0.00    0.00    0.00    0.00    22  |__call_rcu
14:39:23     1000         -   3854610   92.00    3.00    0.00    0.00   95.00    20  |__CPU 0/TCG
14:39:23     1000         -   3854612    0.00    0.00    0.00    0.00    0.00    19  |__CPU 1/TCG
14:39:23     1000         -   3854613   95.00    4.00    0.00    0.00   99.00    16  |__CPU 2/TCG
14:39:23     1000         -   3854614    0.00    0.00    0.00    0.00    0.00    23  |__CPU 3/TCG
14:39:24     1000   3854589         -  188.00    8.00    0.00    0.00  196.00    23  qemu-system-aar
14:39:24     1000         -   3854589    0.00    1.00    0.00    0.00    1.00    23  |__qemu-system-aar
14:39:24     1000         -   3854597    0.00    0.00    0.00    0.00    0.00    22  |__call_rcu
14:39:24     1000         -   3854610   93.00    3.00    0.00    0.00   96.00     4  |__CPU 0/TCG
14:39:24     1000         -   3854612    1.00    0.00    0.00    0.00    1.00    17  |__CPU 1/TCG
14:39:24     1000         -   3854613   94.00    5.00    0.00    0.00   99.00     0  |__CPU 2/TCG
14:39:24     1000         -   3854614    0.00    0.00    0.00    0.00    0.00    23  |__CPU 3/TCG
14:39:25     1000   3854589         -  186.00   10.00    0.00    0.00  196.00     7  qemu-system-aar
14:39:25     1000         -   3854589    0.00    1.00    0.00    0.00    1.00     7  |__qemu-system-aar
14:39:25     1000         -   3854597    0.00    0.00    0.00    0.00    0.00    22  |__call_rcu
14:39:25     1000         -   3854610   90.00    3.00    0.00    0.00   93.00     4  |__CPU 0/TCG
14:39:25     1000         -   3854612    0.00    0.00    0.00    0.00    0.00    19  |__CPU 1/TCG
14:39:25     1000         -   3854613   93.00    6.00    0.00    0.00   99.00     0  |__CPU 2/TCG
14:39:25     1000         -   3854614    0.00    0.00    0.00    0.00    0.00    23  |__CPU 3/TCG
14:39:26     1000   3854589         -  190.00    6.00    0.00    0.00  196.00     7  qemu-system-aar
14:39:26     1000         -   3854589    0.00    1.00    0.00    0.00    1.00     7  |__qemu-system-aar
14:39:26     1000         -   3854597    0.00    0.00    0.00    0.00    0.00    22  |__call_rcu
14:39:26     1000         -   3854610   93.00    3.00    0.00    0.00   96.00     4  |__CPU 0/TCG
14:39:26     1000         -   3854612    1.00    0.00    0.00    0.00    1.00    19  |__CPU 1/TCG
14:39:26     1000         -   3854613   96.00    3.00    0.00    0.00   99.00     0  |__CPU 2/TCG
14:39:26     1000         -   3854614    0.00    0.00    0.00    0.00    0.00    23  |__CPU 3/TCG
14:39:27     1000   3854589         -  189.00    8.00    0.00    0.00  197.00     7  qemu-system-aar
14:39:27     1000         -   3854589    1.00    1.00    0.00    0.00    2.00     7  |__qemu-system-aar
14:39:27     1000         -   3854597    0.00    0.00    0.00    0.00    0.00    22  |__call_rcu
14:39:27     1000         -   3854610   93.00    3.00    0.00    0.00   96.00     4  |__CPU 0/TCG
14:39:27     1000         -   3854612    1.00    0.00    0.00    0.00    1.00     0  |__CPU 1/TCG
14:39:27     1000         -   3854613   95.00    4.00    0.00    0.00   99.00     0  |__CPU 2/TCG
14:39:27     1000         -   3854614    0.00    0.00    0.00    0.00    0.00    23  |__CPU 3/TCG
14:39:28     1000   3854589         -  189.00    7.00    0.00    0.00  196.00     7  qemu-system-aar
14:39:28     1000         -   3854589    0.00    1.00    0.00    0.00    1.00     7  |__qemu-system-aar
14:39:28     1000         -   3854597    0.00    0.00    0.00    0.00    0.00    22  |__call_rcu
14:39:28     1000         -   3854610   92.00    4.00    0.00    0.00   96.00     4  |__CPU 0/TCG
14:39:28     1000         -   3854612    0.00    0.00    0.00    0.00    0.00     0  |__CPU 1/TCG
14:39:28     1000         -   3854613   95.00    4.00    0.00    0.00   99.00    16  |__CPU 2/TCG
14:39:28     1000         -   3854614    0.00    0.00    0.00    0.00    0.00    23  |__CPU 3/TCG
14:39:29     1000   3854589         -  189.00    7.00    0.00    0.00  196.00     7  qemu-system-aar
14:39:29     1000         -   3854589    0.00    1.00    0.00    0.00    1.00     7  |__qemu-system-aar
14:39:29     1000         -   3854597    0.00    0.00    0.00    0.00    0.00    22  |__call_rcu
14:39:29     1000         -   3854610   91.00    4.00    0.00    0.00   95.00     4  |__CPU 0/TCG
14:39:29     1000         -   3854612    1.00    0.00    0.00    0.00    1.00     0  |__CPU 1/TCG
14:39:29     1000         -   3854613   96.00    3.00    0.00    0.00   99.00    16  |__CPU 2/TCG
14:39:29     1000         -   3854614    0.00    0.00    0.00    0.00    0.00    23  |__CPU 3/TCG
14:39:30     1000   3854589         -  188.00    8.00    0.00    0.00  196.00    18  qemu-system-aar
14:39:30     1000         -   3854589    0.00    1.00    0.00    0.00    1.00    18  |__qemu-system-aar
14:39:30     1000         -   3854597    0.00    0.00    0.00    0.00    0.00    22  |__call_rcu
14:39:30     1000         -   3854610   92.00    3.00    0.00    0.00   95.00     4  |__CPU 0/TCG
14:39:30     1000         -   3854612    0.00    0.00    0.00    0.00    0.00    27  |__CPU 1/TCG
14:39:30     1000         -   3854613   95.00    4.00    0.00    0.00   99.00    16  |__CPU 2/TCG
14:39:30     1000         -   3854614    0.00    0.00    0.00    0.00    0.00    23  |__CPU 3/TCG
14:39:31     1000   3854589         -  189.00    7.00    0.00    0.00  196.00     6  qemu-system-aar
14:39:31     1000         -   3854589    0.00    1.00    0.00    0.00    1.00     6  |__qemu-system-aar
14:39:31     1000         -   3854597    0.00    0.00    0.00    0.00    0.00    22  |__call_rcu
14:39:31     1000         -   3854610   92.00    3.00    0.00    0.00   95.00     4  |__CPU 0/TCG
14:39:31     1000         -   3854612    1.00    0.00    0.00    0.00    1.00     7  |__CPU 1/TCG
14:39:31     1000         -   3854613   95.00    4.00    0.00    0.00   99.00    16  |__CPU 2/TCG
14:39:31     1000         -   3854614    0.00    0.00    0.00    0.00    0.00    23  |__CPU 3/TCG
14:39:32     1000   3854589         -  188.00    8.00    0.00    0.00  196.00     6  qemu-system-aar
14:39:32     1000         -   3854589    0.00    1.00    0.00    0.00    1.00     6  |__qemu-system-aar
14:39:32     1000         -   3854597    0.00    0.00    0.00    0.00    0.00    22  |__call_rcu
14:39:32     1000         -   3854610   92.00    3.00    0.00    0.00   95.00     4  |__CPU 0/TCG
14:39:32     1000         -   3854612    0.00    0.00    0.00    0.00    0.00     7  |__CPU 1/TCG
14:39:32     1000         -   3854613   93.00    5.00    0.00    0.00   98.00    16  |__CPU 2/TCG
14:39:32     1000         -   3854614    0.00    0.00    0.00    0.00    0.00    23  |__CPU 3/TCG
14:39:33     1000   3854589         -  189.00    7.00    0.00    0.00  196.00     6  qemu-system-aar
14:39:33     1000         -   3854589    1.00    2.00    0.00    0.00    3.00     6  |__qemu-system-aar
14:39:33     1000         -   3854597    0.00    0.00    0.00    0.00    0.00    22  |__call_rcu
14:39:33     1000         -   3854610   92.00    3.00    0.00    0.00   95.00    20  |__CPU 0/TCG
14:39:33     1000         -   3854612    1.00    0.00    0.00    0.00    1.00    18  |__CPU 1/TCG
14:39:33     1000         -   3854613   96.00    3.00    0.00    0.00   99.00    16  |__CPU 2/TCG
14:39:33     1000         -   3854614    0.00    0.00    0.00    0.00    0.00    23  |__CPU 3/TCG
14:39:34     1000   3854589         -  188.00    8.00    0.00    0.00  196.00     6  qemu-system-aar
14:39:34     1000         -   3854589    0.00    1.00    0.00    0.00    1.00     6  |__qemu-system-aar
14:39:34     1000         -   3854597    0.00    0.00    0.00    0.00    0.00    22  |__call_rcu
14:39:34     1000         -   3854610   92.00    4.00    0.00    0.00   96.00    20  |__CPU 0/TCG
14:39:34     1000         -   3854612    0.00    0.00    0.00    0.00    0.00    16  |__CPU 1/TCG
14:39:34     1000         -   3854613   95.00    4.00    0.00    0.00   99.00     0  |__CPU 2/TCG
14:39:34     1000         -   3854614    0.00    0.00    0.00    0.00    0.00    23  |__CPU 3/TCG
14:39:35     1000   3854589         -  188.00    7.00    0.00    0.00  195.00    18  qemu-system-aar
14:39:35     1000         -   3854589    0.00    1.00    0.00    0.00    1.00    18  |__qemu-system-aar
14:39:35     1000         -   3854597    0.00    0.00    0.00    0.00    0.00    22  |__call_rcu
14:39:35     1000         -   3854610   91.00    4.00    0.00    0.00   95.00    20  |__CPU 0/TCG
14:39:35     1000         -   3854612    1.00    0.00    0.00    0.00    1.00    16  |__CPU 1/TCG
14:39:35     1000         -   3854613   95.00    4.00    0.00    0.00   99.00     0  |__CPU 2/TCG
14:39:35     1000         -   3854614    0.00    0.00    0.00    0.00    0.00    23  |__CPU 3/TCG
14:39:36     1000   3854589         -  188.00    8.00    0.00    0.00  196.00    18  qemu-system-aar
14:39:36     1000         -   3854589    0.00    1.00    0.00    0.00    1.00    18  |__qemu-system-aar
14:39:36     1000         -   3854597    0.00    0.00    0.00    0.00    0.00    22  |__call_rcu
14:39:36     1000         -   3854610   91.00    4.00    0.00    0.00   95.00    20  |__CPU 0/TCG
14:39:36     1000         -   3854612    1.00    0.00    0.00    0.00    1.00    16  |__CPU 1/TCG
14:39:36     1000         -   3854613   96.00    3.00    0.00    0.00   99.00     0  |__CPU 2/TCG
14:39:36     1000         -   3854614    0.00    0.00    0.00    0.00    0.00    23  |__CPU 3/TCG
14:39:37     1000   3854589         -  188.00    8.00    0.00    0.00  196.00    18  qemu-system-aar
14:39:37     1000         -   3854589    1.00    0.00    0.00    0.00    1.00    18  |__qemu-system-aar
14:39:37     1000         -   3854597    0.00    0.00    0.00    0.00    0.00    22  |__call_rcu
14:39:37     1000         -   3854610   91.00    4.00    0.00    0.00   95.00    20  |__CPU 0/TCG
14:39:37     1000         -   3854612    0.00    0.00    0.00    0.00    0.00    16  |__CPU 1/TCG
14:39:37     1000         -   3854613   95.00    4.00    0.00    0.00   99.00     0  |__CPU 2/TCG
14:39:37     1000         -   3854614    0.00    0.00    0.00    0.00    0.00    23  |__CPU 3/TCG
14:39:38     1000   3854589         -  189.00    8.00    0.00    0.00  197.00     7  qemu-system-aar
14:39:38     1000         -   3854589    0.00    1.00    0.00    0.00    1.00     7  |__qemu-system-aar
14:39:38     1000         -   3854597    0.00    0.00    0.00    0.00    0.00    22  |__call_rcu
14:39:38     1000         -   3854610   92.00    3.00    0.00    0.00   95.00    20  |__CPU 0/TCG
14:39:38     1000         -   3854612    1.00    0.00    0.00    0.00    1.00    16  |__CPU 1/TCG
14:39:38     1000         -   3854613   95.00    5.00    0.00    0.00  100.00     0  |__CPU 2/TCG
14:39:38     1000         -   3854614    0.00    0.00    0.00    0.00    0.00    23  |__CPU 3/TCG
14:39:39     1000   3854589         -  186.00    9.00    0.00    0.00  195.00     1  qemu-system-aar
14:39:39     1000         -   3854589    0.00    1.00    0.00    0.00    1.00     1  |__qemu-system-aar
14:39:39     1000         -   3854597    0.00    0.00    0.00    0.00    0.00    22  |__call_rcu
14:39:39     1000         -   3854610   91.00    4.00    0.00    0.00   95.00    20  |__CPU 0/TCG
14:39:39     1000         -   3854612    1.00    0.00    0.00    0.00    1.00    16  |__CPU 1/TCG
14:39:39     1000         -   3854613   94.00    5.00    0.00    0.00   99.00     0  |__CPU 2/TCG
14:39:39     1000         -   3854614    0.00    0.00    0.00    0.00    0.00    23  |__CPU 3/TCG
14:39:40     1000   3854589         -  188.00    8.00    0.00    0.00  196.00     7  qemu-system-aar
14:39:40     1000         -   3854589    1.00    1.00    0.00    0.00    2.00     7  |__qemu-system-aar
14:39:40     1000         -   3854597    0.00    0.00    0.00    0.00    0.00    22  |__call_rcu
14:39:40     1000         -   3854610   91.00    3.00    0.00    0.00   94.00    20  |__CPU 0/TCG
14:39:40     1000         -   3854612    0.00    1.00    0.00    0.00    1.00    16  |__CPU 1/TCG
14:39:40     1000         -   3854613   94.00    4.00    0.00    0.00   98.00     0  |__CPU 2/TCG
14:39:40     1000         -   3854614    0.00    0.00    0.00    0.00    0.00    23  |__CPU 3/TCG
14:39:41     1000   3854589         -  187.00    9.00    0.00    0.00  196.00     7  qemu-system-aar
14:39:41     1000         -   3854589    1.00    1.00    0.00    0.00    2.00     7  |__qemu-system-aar
14:39:41     1000         -   3854597    0.00    0.00    0.00    0.00    0.00    22  |__call_rcu
14:39:41     1000         -   3854610   91.00    5.00    0.00    0.00   96.00    20  |__CPU 0/TCG
14:39:41     1000         -   3854612    1.00    0.00    0.00    0.00    1.00    16  |__CPU 1/TCG
14:39:41     1000         -   3854613   95.00    4.00    0.00    0.00   99.00     0  |__CPU 2/TCG
14:39:41     1000         -   3854614    0.00    0.00    0.00    0.00    0.00    23  |__CPU 3/TCG
14:39:42     1000   3854589         -  189.00    7.00    0.00    0.00  196.00     7  qemu-system-aar
14:39:42     1000         -   3854589    0.00    1.00    0.00    0.00    1.00     7  |__qemu-system-aar
14:39:42     1000         -   3854597    0.00    0.00    0.00    0.00    0.00    22  |__call_rcu
14:39:42     1000         -   3854610   92.00    4.00    0.00    0.00   96.00     4  |__CPU 0/TCG
14:39:42     1000         -   3854612    0.00    0.00    0.00    0.00    0.00    18  |__CPU 1/TCG
14:39:42     1000         -   3854613   96.00    3.00    0.00    0.00   99.00    16  |__CPU 2/TCG
14:39:42     1000         -   3854614    0.00    0.00    0.00    0.00    0.00    23  |__CPU 3/TCG
14:39:43     1000   3854589         -  188.00    8.00    0.00    0.00  196.00     7  qemu-system-aar
14:39:43     1000         -   3854589    0.00    1.00    0.00    0.00    1.00     7  |__qemu-system-aar
14:39:43     1000         -   3854597    0.00    0.00    0.00    0.00    0.00    22  |__call_rcu
14:39:43     1000         -   3854610   91.00    4.00    0.00    0.00   95.00    20  |__CPU 0/TCG
14:39:43     1000         -   3854612    1.00    0.00    0.00    0.00    1.00    18  |__CPU 1/TCG
14:39:43     1000         -   3854613   95.00    4.00    0.00    0.00   99.00    16  |__CPU 2/TCG
14:39:43     1000         -   3854614    0.00    0.00    0.00    0.00    0.00    23  |__CPU 3/TCG
14:39:44     1000   3854589         -  189.00    7.00    0.00    0.00  196.00     7  qemu-system-aar
14:39:44     1000         -   3854589    0.00    1.00    0.00    0.00    1.00     7  |__qemu-system-aar
14:39:44     1000         -   3854597    0.00    0.00    0.00    0.00    0.00    22  |__call_rcu
14:39:44     1000         -   3854610   91.00    3.00    0.00    0.00   94.00     4  |__CPU 0/TCG
14:39:44     1000         -   3854612    1.00    0.00    0.00    0.00    1.00    18  |__CPU 1/TCG
14:39:44     1000         -   3854613   95.00    3.00    0.00    0.00   98.00    16  |__CPU 2/TCG
14:39:44     1000         -   3854614    0.00    0.00    0.00    0.00    0.00    23  |__CPU 3/TCG
14:39:45     1000   3854589         -  190.00    7.00    0.00    0.00  197.00    17  qemu-system-aar
14:39:45     1000         -   3854589    1.00    0.00    0.00    0.00    1.00    17  |__qemu-system-aar
14:39:45     1000         -   3854597    0.00    0.00    0.00    0.00    0.00    22  |__call_rcu
14:39:45     1000         -   3854610   93.00    3.00    0.00    0.00   96.00    20  |__CPU 0/TCG
14:39:45     1000         -   3854612    0.00    0.00    0.00    0.00    0.00    18  |__CPU 1/TCG
14:39:45     1000         -   3854613   96.00    4.00    0.00    0.00  100.00    16  |__CPU 2/TCG
14:39:45     1000         -   3854614    0.00    0.00    0.00    0.00    0.00    23  |__CPU 3/TCG
14:39:46     1000   3854589         -  189.00    8.00    0.00    0.00  197.00     5  qemu-system-aar
14:39:46     1000         -   3854589    1.00    1.00    0.00    0.00    2.00     5  |__qemu-system-aar
14:39:46     1000         -   3854597    0.00    0.00    0.00    0.00    0.00    22  |__call_rcu
14:39:46     1000         -   3854610   92.00    4.00    0.00    0.00   96.00    20  |__CPU 0/TCG
14:39:46     1000         -   3854612    1.00    0.00    0.00    0.00    1.00    18  |__CPU 1/TCG
14:39:46     1000         -   3854613   95.00    3.00    0.00    0.00   98.00    16  |__CPU 2/TCG
14:39:46     1000         -   3854614    0.00    0.00    0.00    0.00    0.00    23  |__CPU 3/TCG
14:39:47     1000   3854589         -  190.00    6.00    0.00    0.00  196.00     5  qemu-system-aar
14:39:47     1000         -   3854589    1.00    1.00    0.00    0.00    2.00     5  |__qemu-system-aar
14:39:47     1000         -   3854597    0.00    0.00    0.00    0.00    0.00    22  |__call_rcu
14:39:47     1000         -   3854610   93.00    3.00    0.00    0.00   96.00    20  |__CPU 0/TCG
14:39:47     1000         -   3854612    0.00    0.00    0.00    0.00    0.00    18  |__CPU 1/TCG
14:39:47     1000         -   3854613   95.00    4.00    0.00    0.00   99.00    16  |__CPU 2/TCG
14:39:47     1000         -   3854614    0.00    0.00    0.00    0.00    0.00    23  |__CPU 3/TCG
14:39:48     1000   3854589         -  188.00    8.00    0.00    0.00  196.00     7  qemu-system-aar
14:39:48     1000         -   3854589    0.00    1.00    0.00    0.00    1.00     7  |__qemu-system-aar
14:39:48     1000         -   3854597    0.00    0.00    0.00    0.00    0.00    22  |__call_rcu
14:39:48     1000         -   3854610   92.00    4.00    0.00    0.00   96.00    20  |__CPU 0/TCG
14:39:48     1000         -   3854612    1.00    0.00    0.00    0.00    1.00    18  |__CPU 1/TCG
14:39:48     1000         -   3854613   96.00    3.00    0.00    0.00   99.00    16  |__CPU 2/TCG
14:39:48     1000         -   3854614    0.00    0.00    0.00    0.00    0.00    23  |__CPU 3/TCG
14:39:49     1000   3854589         -  189.00    7.00    0.00    0.00  196.00    19  qemu-system-aar
14:39:49     1000         -   3854589    1.00    0.00    0.00    0.00    1.00    19  |__qemu-system-aar
14:39:49     1000         -   3854597    0.00    0.00    0.00    0.00    0.00    22  |__call_rcu
14:39:49     1000         -   3854610   91.00    3.00    0.00    0.00   94.00    20  |__CPU 0/TCG
14:39:49     1000         -   3854612    0.00    0.00    0.00    0.00    0.00    18  |__CPU 1/TCG
14:39:49     1000         -   3854613   95.00    4.00    0.00    0.00   99.00    16  |__CPU 2/TCG
14:39:49     1000         -   3854614    0.00    0.00    0.00    0.00    0.00    23  |__CPU 3/TCG
14:39:50     1000   3854589         -  191.00    6.00    0.00    0.00  197.00    19  qemu-system-aar
14:39:50     1000         -   3854589    1.00    1.00    0.00    0.00    2.00    19  |__qemu-system-aar
14:39:50     1000         -   3854597    0.00    0.00    0.00    0.00    0.00    22  |__call_rcu
14:39:50     1000         -   3854610   94.00    3.00    0.00    0.00   97.00    20  |__CPU 0/TCG
14:39:50     1000         -   3854612    1.00    0.00    0.00    0.00    1.00    18  |__CPU 1/TCG
14:39:50     1000         -   3854613   96.00    3.00    0.00    0.00   99.00    16  |__CPU 2/TCG
14:39:50     1000         -   3854614    0.00    0.00    0.00    0.00    0.00    23  |__CPU 3/TCG
14:39:51     1000   3854589         -  190.00    7.00    0.00    0.00  197.00    19  qemu-system-aar
14:39:51     1000         -   3854589    0.00    1.00    0.00    0.00    1.00    19  |__qemu-system-aar
14:39:51     1000         -   3854597    0.00    0.00    0.00    0.00    0.00    22  |__call_rcu
14:39:51     1000         -   3854610   93.00    3.00    0.00    0.00   96.00    20  |__CPU 0/TCG
14:39:51     1000         -   3854612    1.00    0.00    0.00    0.00    1.00    21  |__CPU 1/TCG
14:39:51     1000         -   3854613   95.00    3.00    0.00    0.00   98.00    16  |__CPU 2/TCG
14:39:51     1000         -   3854614    0.00    0.00    0.00    0.00    0.00    23  |__CPU 3/TCG
14:39:52     1000   3854589         -  190.00    7.00    0.00    0.00  197.00     7  qemu-system-aar
14:39:52     1000         -   3854589    0.00    1.00    0.00    0.00    1.00     7  |__qemu-system-aar
14:39:52     1000         -   3854597    0.00    0.00    0.00    0.00    0.00    22  |__call_rcu
14:39:52     1000         -   3854610   93.00    2.00    0.00    0.00   95.00    20  |__CPU 0/TCG
14:39:52     1000         -   3854612    0.00    0.00    0.00    0.00    0.00    21  |__CPU 1/TCG
14:39:52     1000         -   3854613   95.00    4.00    0.00    0.00   99.00    16  |__CPU 2/TCG
14:39:52     1000         -   3854614    0.00    0.00    0.00    0.00    0.00    23  |__CPU 3/TCG
14:39:53     1000   3854589         -  188.00    7.00    0.00    0.00  195.00     7  qemu-system-aar
14:39:53     1000         -   3854589    0.00    1.00    0.00    0.00    1.00     7  |__qemu-system-aar
14:39:53     1000         -   3854597    0.00    0.00    0.00    0.00    0.00    22  |__call_rcu
14:39:53     1000         -   3854610   93.00    3.00    0.00    0.00   96.00    20  |__CPU 0/TCG
14:39:53     1000         -   3854612    0.00    0.00    0.00    0.00    0.00    21  |__CPU 1/TCG
14:39:53     1000         -   3854613   94.00    5.00    0.00    0.00   99.00    16  |__CPU 2/TCG
14:39:53     1000         -   3854614    0.00    0.00    0.00    0.00    0.00    23  |__CPU 3/TCG
14:39:54     1000   3854589         -  189.00    8.00    0.00    0.00  197.00    21  qemu-system-aar
14:39:54     1000         -   3854589    1.00    1.00    0.00    0.00    2.00    21  |__qemu-system-aar
14:39:54     1000         -   3854597    0.00    0.00    0.00    0.00    0.00    22  |__call_rcu
14:39:54     1000         -   3854610   91.00    4.00    0.00    0.00   95.00     4  |__CPU 0/TCG
14:39:54     1000         -   3854612    1.00    0.00    0.00    0.00    1.00    18  |__CPU 1/TCG
14:39:54     1000         -   3854613   96.00    3.00    0.00    0.00   99.00    16  |__CPU 2/TCG
14:39:54     1000         -   3854614    0.00    0.00    0.00    0.00    0.00    23  |__CPU 3/TCG
14:39:55     1000   3854589         -  190.00    6.00    0.00    0.00  196.00     3  qemu-system-aar
14:39:55     1000         -   3854589    0.00    1.00    0.00    0.00    1.00     3  |__qemu-system-aar
14:39:55     1000         -   3854597    0.00    0.00    0.00    0.00    0.00    22  |__call_rcu
14:39:55     1000         -   3854610   94.00    2.00    0.00    0.00   96.00     4  |__CPU 0/TCG
14:39:55     1000         -   3854612    0.00    0.00    0.00    0.00    0.00    18  |__CPU 1/TCG
14:39:55     1000         -   3854613   95.00    4.00    0.00    0.00   99.00    16  |__CPU 2/TCG
14:39:55     1000         -   3854614    0.00    0.00    0.00    0.00    0.00    23  |__CPU 3/TCG
14:39:56     1000   3854589         -  190.00    7.00    0.00    0.00  197.00    21  qemu-system-aar
14:39:56     1000         -   3854589    1.00    1.00    0.00    0.00    2.00    21  |__qemu-system-aar
14:39:56     1000         -   3854597    0.00    0.00    0.00    0.00    0.00    22  |__call_rcu
14:39:56     1000         -   3854610   92.00    3.00    0.00    0.00   95.00     4  |__CPU 0/TCG
14:39:56     1000         -   3854612    0.00    1.00    0.00    0.00    1.00    18  |__CPU 1/TCG
14:39:56     1000         -   3854613   96.00    3.00    0.00    0.00   99.00    16  |__CPU 2/TCG
14:39:56     1000         -   3854614    0.00    0.00    0.00    0.00    0.00    23  |__CPU 3/TCG
14:39:57     1000   3854589         -  190.00    7.00    0.00    0.00  197.00    21  qemu-system-aar
14:39:57     1000         -   3854589    1.00    1.00    0.00    0.00    2.00    21  |__qemu-system-aar
14:39:57     1000         -   3854597    0.00    0.00    0.00    0.00    0.00    22  |__call_rcu
14:39:57     1000         -   3854610   93.00    3.00    0.00    0.00   96.00     4  |__CPU 0/TCG
14:39:57     1000         -   3854612    0.00    0.00    0.00    0.00    0.00    18  |__CPU 1/TCG
14:39:57     1000         -   3854613   94.00    4.00    0.00    0.00   98.00    16  |__CPU 2/TCG
14:39:57     1000         -   3854614    0.00    0.00    0.00    0.00    0.00    23  |__CPU 3/TCG
14:39:58     1000   3854589         -  189.00    7.00    0.00    0.00  196.00    21  qemu-system-aar
14:39:58     1000         -   3854589    0.00    1.00    0.00    0.00    1.00    21  |__qemu-system-aar
14:39:58     1000         -   3854597    0.00    0.00    0.00    0.00    0.00    22  |__call_rcu
14:39:58     1000         -   3854610   92.00    3.00    0.00    0.00   95.00     4  |__CPU 0/TCG
14:39:58     1000         -   3854612    1.00    0.00    0.00    0.00    1.00    18  |__CPU 1/TCG
14:39:58     1000         -   3854613   95.00    4.00    0.00    0.00   99.00     0  |__CPU 2/TCG
14:39:58     1000         -   3854614    0.00    0.00    0.00    0.00    0.00    23  |__CPU 3/TCG
14:39:59     1000   3854589         -  190.00    6.00    0.00    0.00  196.00    19  qemu-system-aar
14:39:59     1000         -   3854589    0.00    1.00    0.00    0.00    1.00    19  |__qemu-system-aar
14:39:59     1000         -   3854597    0.00    0.00    0.00    0.00    0.00    22  |__call_rcu
14:39:59     1000         -   3854610   93.00    3.00    0.00    0.00   96.00     4  |__CPU 0/TCG
14:39:59     1000         -   3854612    1.00    0.00    0.00    0.00    1.00    18  |__CPU 1/TCG
14:39:59     1000         -   3854613   96.00    3.00    0.00    0.00   99.00     0  |__CPU 2/TCG
14:39:59     1000         -   3854614    0.00    0.00    0.00    0.00    0.00    23  |__CPU 3/TCG
14:40:00     1000   3854589         -  189.00    7.00    0.00    0.00  196.00    21  qemu-system-aar
14:40:00     1000         -   3854589    0.00    1.00    0.00    0.00    1.00    21  |__qemu-system-aar
14:40:00     1000         -   3854597    0.00    0.00    0.00    0.00    0.00    22  |__call_rcu
14:40:00     1000         -   3854610   92.00    3.00    0.00    0.00   95.00     4  |__CPU 0/TCG
14:40:00     1000         -   3854612    0.00    0.00    0.00    0.00    0.00    19  |__CPU 1/TCG
14:40:00     1000         -   3854613   95.00    3.00    0.00    0.00   98.00    16  |__CPU 2/TCG
14:40:00     1000         -   3854614    0.00    0.00    0.00    0.00    0.00    23  |__CPU 3/TCG
14:40:01     1000   3854589         -  196.00    3.00    0.00    0.00  199.00    19  qemu-system-aar
14:40:01     1000         -   3854589    1.00    1.00    0.00    0.00    2.00    19  |__qemu-system-aar
14:40:01     1000         -   3854597    0.00    0.00    0.00    0.00    0.00    22  |__call_rcu
14:40:01     1000         -   3854610   97.00    2.00    0.00    0.00   99.00     4  |__CPU 0/TCG
14:40:01     1000         -   3854612    1.00    0.00    0.00    0.00    1.00    18  |__CPU 1/TCG
14:40:01     1000         -   3854613   98.00    2.00    0.00    0.00  100.00    16  |__CPU 2/TCG
14:40:01     1000         -   3854614    0.00    0.00    0.00    0.00    0.00    23  |__CPU 3/TCG
14:40:02     1000   3854589         -  201.00    0.00    0.00    0.00  201.00    19  qemu-system-aar
14:40:02     1000         -   3854589    0.00    0.00    0.00    0.00    0.00    19  |__qemu-system-aar
14:40:02     1000         -   3854597    0.00    0.00    0.00    0.00    0.00    22  |__call_rcu
14:40:02     1000         -   3854610  100.00    0.00    0.00    0.00  100.00    20  |__CPU 0/TCG
14:40:02     1000         -   3854612    0.00    0.00    0.00    0.00    0.00    18  |__CPU 1/TCG
14:40:02     1000         -   3854613  100.00    0.00    0.00    0.00  100.00    16  |__CPU 2/TCG
14:40:02     1000         -   3854614    0.00    0.00    0.00    0.00    0.00    23  |__CPU 3/TCG
14:40:03     1000   3854589         -  186.00   10.00    0.00    0.00  196.00    21  qemu-system-aar
14:40:03     1000         -   3854589    1.00    1.00    0.00    0.00    2.00    21  |__qemu-system-aar
14:40:03     1000         -   3854597    0.00    0.00    0.00    0.00    0.00    22  |__call_rcu
14:40:03     1000         -   3854610   91.00    4.00    0.00    0.00   95.00     4  |__CPU 0/TCG
14:40:03     1000         -   3854612    1.00    0.00    0.00    0.00    1.00    20  |__CPU 1/TCG
14:40:03     1000         -   3854613   94.00    5.00    0.00    0.00   99.00     0  |__CPU 2/TCG
14:40:03     1000         -   3854614    0.00    0.00    0.00    0.00    0.00    23  |__CPU 3/TCG
14:40:04     1000   3854589         -  187.00    9.00    0.00    0.00  196.00     0  qemu-system-aar
14:40:04     1000         -   3854589    0.00    1.00    0.00    0.00    1.00     0  |__qemu-system-aar
14:40:04     1000         -   3854597    0.00    0.00    0.00    0.00    0.00    22  |__call_rcu
14:40:04     1000         -   3854610   90.00    5.00    0.00    0.00   95.00    16  |__CPU 0/TCG
14:40:04     1000         -   3854612    0.00    0.00    0.00    0.00    0.00    18  |__CPU 1/TCG
14:40:04     1000         -   3854613   94.00    4.00    0.00    0.00   98.00    20  |__CPU 2/TCG
14:40:04     1000         -   3854614    0.00    0.00    0.00    0.00    0.00    23  |__CPU 3/TCG
14:40:05     1000   3854589         -  187.00    9.00    0.00    0.00  196.00     0  qemu-system-aar
14:40:05     1000         -   3854589    1.00    1.00    0.00    0.00    2.00     0  |__qemu-system-aar
14:40:05     1000         -   3854597    0.00    0.00    0.00    0.00    0.00    22  |__call_rcu
14:40:05     1000         -   3854610   91.00    4.00    0.00    0.00   95.00    16  |__CPU 0/TCG
14:40:05     1000         -   3854612    1.00    0.00    0.00    0.00    1.00    18  |__CPU 1/TCG
14:40:05     1000         -   3854613   94.00    5.00    0.00    0.00   99.00    20  |__CPU 2/TCG
14:40:05     1000         -   3854614    0.00    0.00    0.00    0.00    0.00    23  |__CPU 3/TCG
14:40:06     1000   3854589         -  189.00    8.00    0.00    0.00  197.00     0  qemu-system-aar
14:40:06     1000         -   3854589    1.00    1.00    0.00    0.00    2.00     0  |__qemu-system-aar
14:40:06     1000         -   3854597    0.00    0.00    0.00    0.00    0.00    22  |__call_rcu
14:40:06     1000         -   3854610   92.00    4.00    0.00    0.00   96.00    16  |__CPU 0/TCG
14:40:06     1000         -   3854612    1.00    0.00    0.00    0.00    1.00    20  |__CPU 1/TCG
14:40:06     1000         -   3854613   95.00    4.00    0.00    0.00   99.00     4  |__CPU 2/TCG
14:40:06     1000         -   3854614    0.00    0.00    0.00    0.00    0.00    23  |__CPU 3/TCG
14:40:07     1000   3854589         -  188.00    8.00    0.00    0.00  196.00    21  qemu-system-aar
14:40:07     1000         -   3854589    0.00    2.00    0.00    0.00    2.00    21  |__qemu-system-aar
14:40:07     1000         -   3854597    0.00    0.00    0.00    0.00    0.00    22  |__call_rcu
14:40:07     1000         -   3854610   91.00    3.00    0.00    1.00   94.00    16  |__CPU 0/TCG
14:40:07     1000         -   3854612    0.00    0.00    0.00    0.00    0.00    18  |__CPU 1/TCG
14:40:07     1000         -   3854613   95.00    4.00    0.00    0.00   99.00     4  |__CPU 2/TCG
14:40:07     1000         -   3854614    0.00    0.00    0.00    0.00    0.00    23  |__CPU 3/TCG
14:40:08     1000   3854589         -  188.00    8.00    0.00    0.00  196.00    21  qemu-system-aar
14:40:08     1000         -   3854589    1.00    0.00    0.00    0.00    1.00    21  |__qemu-system-aar
14:40:08     1000         -   3854597    0.00    0.00    0.00    0.00    0.00    22  |__call_rcu
14:40:08     1000         -   3854610   92.00    4.00    0.00    0.00   96.00    16  |__CPU 0/TCG
14:40:08     1000         -   3854612    1.00    0.00    0.00    0.00    1.00    18  |__CPU 1/TCG
14:40:08     1000         -   3854613   94.00    5.00    0.00    0.00   99.00     4  |__CPU 2/TCG
14:40:08     1000         -   3854614    0.00    0.00    0.00    0.00    0.00    23  |__CPU 3/TCG
14:40:09     1000   3854589         -  189.00    7.00    0.00    0.00  196.00    21  qemu-system-aar
14:40:09     1000         -   3854589    1.00    1.00    0.00    0.00    2.00    21  |__qemu-system-aar
14:40:09     1000         -   3854597    0.00    0.00    0.00    0.00    0.00    22  |__call_rcu
14:40:09     1000         -   3854610   92.00    3.00    0.00    0.00   95.00     0  |__CPU 0/TCG
14:40:09     1000         -   3854612    1.00    0.00    0.00    0.00    1.00    18  |__CPU 1/TCG
14:40:09     1000         -   3854613   95.00    4.00    0.00    0.00   99.00     4  |__CPU 2/TCG
14:40:09     1000         -   3854614    0.00    0.00    0.00    0.00    0.00    23  |__CPU 3/TCG
14:40:10     1000   3854589         -  187.00    9.00    0.00    0.00  196.00     1  qemu-system-aar
14:40:10     1000         -   3854589    0.00    0.00    0.00    0.00    0.00     1  |__qemu-system-aar
14:40:10     1000         -   3854597    0.00    0.00    0.00    0.00    0.00    22  |__call_rcu
14:40:10     1000         -   3854610   91.00    4.00    0.00    0.00   95.00     0  |__CPU 0/TCG
14:40:10     1000         -   3854612    0.00    0.00    0.00    0.00    0.00    20  |__CPU 1/TCG
14:40:10     1000         -   3854613   94.00    5.00    0.00    0.00   99.00     4  |__CPU 2/TCG
14:40:10     1000         -   3854614    0.00    0.00    0.00    0.00    0.00    23  |__CPU 3/TCG
14:40:11     1000   3854589         -  188.00    8.00    0.00    0.00  196.00    21  qemu-system-aar
14:40:11     1000         -   3854589    1.00    1.00    0.00    0.00    2.00    21  |__qemu-system-aar
14:40:11     1000         -   3854597    0.00    0.00    0.00    0.00    0.00    22  |__call_rcu
14:40:11     1000         -   3854610   90.00    4.00    0.00    0.00   94.00     0  |__CPU 0/TCG
14:40:11     1000         -   3854612    1.00    0.00    0.00    0.00    1.00    20  |__CPU 1/TCG
14:40:11     1000         -   3854613   96.00    3.00    0.00    0.00   99.00     4  |__CPU 2/TCG
14:40:11     1000         -   3854614    0.00    0.00    0.00    0.00    0.00    23  |__CPU 3/TCG
14:40:12     1000   3854589         -  185.00    9.00    0.00    0.00  194.00    22  qemu-system-aar
14:40:12     1000         -   3854589    0.00    1.00    0.00    0.00    1.00    22  |__qemu-system-aar
14:40:12     1000         -   3854597    0.00    0.00    0.00    0.00    0.00    22  |__call_rcu
14:40:12     1000         -   3854610   91.00    4.00    0.00    0.00   95.00     0  |__CPU 0/TCG
14:40:12     1000         -   3854612    0.00    0.00    0.00    0.00    0.00    20  |__CPU 1/TCG
14:40:12     1000         -   3854613   94.00    5.00    0.00    0.00   99.00     4  |__CPU 2/TCG
14:40:12     1000         -   3854614    0.00    0.00    0.00    0.00    0.00    23  |__CPU 3/TCG
14:40:13     1000   3854589         -  187.00    9.00    0.00    0.00  196.00    22  qemu-system-aar
14:40:13     1000         -   3854589    0.00    0.00    0.00    0.00    0.00    22  |__qemu-system-aar
14:40:13     1000         -   3854597    0.00    0.00    0.00    0.00    0.00    22  |__call_rcu
14:40:13     1000         -   3854610   91.00    4.00    0.00    0.00   95.00     0  |__CPU 0/TCG
14:40:13     1000         -   3854612    1.00    0.00    0.00    0.00    1.00    20  |__CPU 1/TCG
14:40:13     1000         -   3854613   95.00    4.00    0.00    0.00   99.00     4  |__CPU 2/TCG
14:40:13     1000         -   3854614    0.00    0.00    0.00    0.00    0.00    23  |__CPU 3/TCG
14:40:14     1000   3854589         -  184.00   11.00    0.00    0.00  195.00    22  qemu-system-aar
14:40:14     1000         -   3854589    1.00    1.00    0.00    0.00    2.00    22  |__qemu-system-aar
14:40:14     1000         -   3854597    0.00    0.00    0.00    0.00    0.00    22  |__call_rcu
14:40:14     1000         -   3854610   89.00    5.00    0.00    0.00   94.00     0  |__CPU 0/TCG
14:40:14     1000         -   3854612    1.00    1.00    0.00    0.00    2.00    20  |__CPU 1/TCG
14:40:14     1000         -   3854613   93.00    6.00    0.00    0.00   99.00     4  |__CPU 2/TCG
14:40:14     1000         -   3854614    0.00    0.00    0.00    0.00    0.00    23  |__CPU 3/TCG
14:40:15     1000   3854589         -  187.00    9.00    0.00    0.00  196.00    22  qemu-system-aar
14:40:15     1000         -   3854589    1.00    1.00    0.00    0.00    2.00    22  |__qemu-system-aar
14:40:15     1000         -   3854597    0.00    0.00    0.00    0.00    0.00    22  |__call_rcu
14:40:15     1000         -   3854610   91.00    4.00    0.00    0.00   95.00     0  |__CPU 0/TCG
14:40:15     1000         -   3854612    0.00    0.00    0.00    0.00    0.00    18  |__CPU 1/TCG
14:40:15     1000         -   3854613   94.00    5.00    0.00    0.00   99.00     4  |__CPU 2/TCG
14:40:15     1000         -   3854614    0.00    0.00    0.00    0.00    0.00    23  |__CPU 3/TCG
14:40:16     1000   3854589         -  189.00    7.00    0.00    0.00  196.00    23  qemu-system-aar
14:40:16     1000         -   3854589    0.00    0.00    0.00    0.00    0.00    23  |__qemu-system-aar
14:40:16     1000         -   3854597    0.00    0.00    0.00    0.00    0.00    22  |__call_rcu
14:40:16     1000         -   3854610   91.00    3.00    0.00    0.00   94.00    16  |__CPU 0/TCG
14:40:16     1000         -   3854612    1.00    0.00    0.00    0.00    1.00    18  |__CPU 1/TCG
14:40:16     1000         -   3854613   95.00    4.00    0.00    0.00   99.00     4  |__CPU 2/TCG
14:40:16     1000         -   3854614    0.00    0.00    0.00    0.00    0.00    23  |__CPU 3/TCG
14:40:17     1000   3854589         -  187.00    8.00    0.00    0.00  195.00    22  qemu-system-aar
14:40:17     1000         -   3854589    0.00    1.00    0.00    0.00    1.00    22  |__qemu-system-aar
14:40:17     1000         -   3854597    0.00    0.00    0.00    0.00    0.00    22  |__call_rcu
14:40:17     1000         -   3854610   92.00    4.00    0.00    0.00   96.00    16  |__CPU 0/TCG
14:40:17     1000         -   3854612    0.00    0.00    0.00    0.00    0.00    18  |__CPU 1/TCG
14:40:17     1000         -   3854613   95.00    5.00    0.00    0.00  100.00    20  |__CPU 2/TCG
14:40:17     1000         -   3854614    0.00    0.00    0.00    0.00    0.00    23  |__CPU 3/TCG
14:40:18     1000   3854589         -  184.00   11.00    0.00    0.00  195.00    22  qemu-system-aar
14:40:18     1000         -   3854589    1.00    1.00    0.00    0.00    2.00    22  |__qemu-system-aar
14:40:18     1000         -   3854597    0.00    0.00    0.00    0.00    0.00    22  |__call_rcu
14:40:18     1000         -   3854610   88.00    4.00    0.00    0.00   92.00    16  |__CPU 0/TCG
14:40:18     1000         -   3854612    1.00    0.00    0.00    0.00    1.00    20  |__CPU 1/TCG
14:40:18     1000         -   3854613   93.00    5.00    0.00    0.00   98.00     4  |__CPU 2/TCG
14:40:18     1000         -   3854614    0.00    0.00    0.00    0.00    0.00    23  |__CPU 3/TCG
14:40:19     1000   3854589         -  185.00    9.00    0.00    0.00  194.00     4  qemu-system-aar
14:40:19     1000         -   3854589    1.00    0.00    0.00    0.00    1.00     4  |__qemu-system-aar
14:40:19     1000         -   3854597    0.00    0.00    0.00    0.00    0.00    22  |__call_rcu
14:40:19     1000         -   3854610   90.00    4.00    0.00    0.00   94.00    16  |__CPU 0/TCG
14:40:19     1000         -   3854612    1.00    0.00    0.00    0.00    1.00    18  |__CPU 1/TCG
14:40:19     1000         -   3854613   94.00    6.00    0.00    0.00  100.00    20  |__CPU 2/TCG
14:40:19     1000         -   3854614    0.00    0.00    0.00    0.00    0.00    23  |__CPU 3/TCG
14:40:20     1000   3854589         -  186.00    9.00    0.00    0.00  195.00     4  qemu-system-aar
14:40:20     1000         -   3854589    1.00    1.00    0.00    0.00    2.00     4  |__qemu-system-aar
14:40:20     1000         -   3854597    0.00    0.00    0.00    0.00    0.00    22  |__call_rcu
14:40:20     1000         -   3854610   91.00    4.00    0.00    0.00   95.00    16  |__CPU 0/TCG
14:40:20     1000         -   3854612    0.00    0.00    0.00    0.00    0.00    18  |__CPU 1/TCG
14:40:20     1000         -   3854613   93.00    5.00    0.00    0.00   98.00    20  |__CPU 2/TCG
14:40:20     1000         -   3854614    0.00    0.00    0.00    0.00    0.00    23  |__CPU 3/TCG
14:40:21     1000   3854589         -  188.00    9.00    0.00    0.00  197.00     7  qemu-system-aar
14:40:21     1000         -   3854589    0.00    1.00    0.00    0.00    1.00     7  |__qemu-system-aar
14:40:21     1000         -   3854597    0.00    0.00    0.00    0.00    0.00    22  |__call_rcu
14:40:21     1000         -   3854610   91.00    4.00    0.00    0.00   95.00     0  |__CPU 0/TCG
14:40:21     1000         -   3854612    1.00    0.00    0.00    0.00    1.00    18  |__CPU 1/TCG
14:40:21     1000         -   3854613   95.00    4.00    0.00    0.00   99.00    20  |__CPU 2/TCG
14:40:21     1000         -   3854614    0.00    0.00    0.00    0.00    0.00    23  |__CPU 3/TCG
14:40:22     1000   3854589         -  184.00   10.00    0.00    0.00  194.00     7  qemu-system-aar
14:40:22     1000         -   3854589    0.00    1.00    0.00    0.00    1.00     7  |__qemu-system-aar
14:40:22     1000         -   3854597    0.00    0.00    0.00    0.00    0.00    22  |__call_rcu
14:40:22     1000         -   3854610   89.00    4.00    0.00    0.00   93.00    16  |__CPU 0/TCG
14:40:22     1000         -   3854612    0.00    0.00    0.00    0.00    0.00    19  |__CPU 1/TCG
14:40:22     1000         -   3854613   93.00    6.00    0.00    0.00   99.00    20  |__CPU 2/TCG
14:40:22     1000         -   3854614    0.00    0.00    0.00    0.00    0.00    23  |__CPU 3/TCG
14:40:23     1000   3854589         -  187.00    8.00    0.00    0.00  195.00     3  qemu-system-aar
14:40:23     1000         -   3854589    0.00    2.00    0.00    0.00    2.00     3  |__qemu-system-aar
14:40:23     1000         -   3854597    0.00    0.00    0.00    0.00    0.00    22  |__call_rcu
14:40:23     1000         -   3854610   91.00    3.00    0.00    0.00   94.00    16  |__CPU 0/TCG
14:40:23     1000         -   3854612    1.00    0.00    0.00    0.00    1.00    19  |__CPU 1/TCG
14:40:23     1000         -   3854613   95.00    5.00    0.00    0.00  100.00    20  |__CPU 2/TCG
14:40:23     1000         -   3854614    0.00    0.00    0.00    0.00    0.00    23  |__CPU 3/TCG
14:40:24     1000   3854589         -  184.00   11.00    0.00    0.00  195.00     3  qemu-system-aar
14:40:24     1000         -   3854589    1.00    0.00    0.00    0.00    1.00     3  |__qemu-system-aar
14:40:24     1000         -   3854597    0.00    0.00    0.00    0.00    0.00    22  |__call_rcu
14:40:24     1000         -   3854610   89.00    4.00    0.00    0.00   93.00    16  |__CPU 0/TCG
14:40:24     1000         -   3854612    0.00    0.00    0.00    0.00    0.00    19  |__CPU 1/TCG
14:40:24     1000         -   3854613   92.00    6.00    0.00    0.00   98.00    20  |__CPU 2/TCG
14:40:24     1000         -   3854614    0.00    0.00    0.00    0.00    0.00    23  |__CPU 3/TCG
14:40:25     1000   3854589         -  185.00    9.00    0.00    0.00  194.00     6  qemu-system-aar
14:40:25     1000         -   3854589    0.00    1.00    0.00    0.00    1.00     6  |__qemu-system-aar
14:40:25     1000         -   3854597    0.00    0.00    0.00    0.00    0.00    22  |__call_rcu
14:40:25     1000         -   3854610   90.00    5.00    0.00    0.00   95.00    16  |__CPU 0/TCG
14:40:25     1000         -   3854612    1.00    0.00    0.00    0.00    1.00    19  |__CPU 1/TCG
14:40:25     1000         -   3854613   95.00    5.00    0.00    0.00  100.00    20  |__CPU 2/TCG
14:40:25     1000         -   3854614    0.00    0.00    0.00    0.00    0.00    23  |__CPU 3/TCG
14:40:26     1000   3854589         -  185.00   10.00    0.00    0.00  195.00     2  qemu-system-aar
14:40:26     1000         -   3854589    1.00    1.00    0.00    0.00    2.00     2  |__qemu-system-aar
14:40:26     1000         -   3854597    0.00    0.00    0.00    0.00    0.00    22  |__call_rcu
14:40:26     1000         -   3854610   89.00    5.00    0.00    0.00   94.00    16  |__CPU 0/TCG
14:40:26     1000         -   3854612    0.00    0.00    0.00    0.00    0.00    19  |__CPU 1/TCG
14:40:26     1000         -   3854613   94.00    4.00    0.00    0.00   98.00    20  |__CPU 2/TCG
14:40:26     1000         -   3854614    0.00    0.00    0.00    0.00    0.00    23  |__CPU 3/TCG
14:40:27     1000   3854589         -  184.00   11.00    0.00    0.00  195.00     3  qemu-system-aar
14:40:27     1000         -   3854589    0.00    0.00    0.00    0.00    0.00     3  |__qemu-system-aar
14:40:27     1000         -   3854597    0.00    0.00    0.00    0.00    0.00    22  |__call_rcu
14:40:27     1000         -   3854610   90.00    4.00    0.00    0.00   94.00    16  |__CPU 0/TCG
14:40:27     1000         -   3854612    1.00    0.00    0.00    0.00    1.00    18  |__CPU 1/TCG
14:40:27     1000         -   3854613   93.00    6.00    0.00    0.00   99.00    20  |__CPU 2/TCG
14:40:27     1000         -   3854614    0.00    0.00    0.00    0.00    0.00    23  |__CPU 3/TCG
14:40:28     1000   3854589         -  186.00    8.00    0.00    0.00  194.00     3  qemu-system-aar
14:40:28     1000         -   3854589    0.00    1.00    0.00    0.00    1.00     3  |__qemu-system-aar
14:40:28     1000         -   3854597    0.00    0.00    0.00    0.00    0.00    22  |__call_rcu
14:40:28     1000         -   3854610   90.00    4.00    0.00    0.00   94.00    16  |__CPU 0/TCG
14:40:28     1000         -   3854612    0.00    0.00    0.00    0.00    0.00     4  |__CPU 1/TCG
14:40:28     1000         -   3854613   95.00    4.00    0.00    0.00   99.00    20  |__CPU 2/TCG
14:40:28     1000         -   3854614    0.00    0.00    0.00    0.00    0.00    23  |__CPU 3/TCG
14:40:29     1000   3854589         -  186.00    9.00    0.00    0.00  195.00     6  qemu-system-aar
14:40:29     1000         -   3854589    1.00    0.00    0.00    0.00    1.00     6  |__qemu-system-aar
14:40:29     1000         -   3854597    0.00    0.00    0.00    0.00    0.00    22  |__call_rcu
14:40:29     1000         -   3854610   89.00    4.00    0.00    0.00   93.00    16  |__CPU 0/TCG
14:40:29     1000         -   3854612    1.00    0.00    0.00    0.00    1.00     4  |__CPU 1/TCG
14:40:29     1000         -   3854613   95.00    5.00    0.00    0.00  100.00    20  |__CPU 2/TCG
14:40:29     1000         -   3854614    0.00    0.00    0.00    0.00    0.00    23  |__CPU 3/TCG
14:40:30     1000   3854589         -  188.00    8.00    0.00    0.00  196.00     6  qemu-system-aar
14:40:30     1000         -   3854589    0.00    1.00    0.00    0.00    1.00     6  |__qemu-system-aar
14:40:30     1000         -   3854597    0.00    0.00    0.00    0.00    0.00    22  |__call_rcu
14:40:30     1000         -   3854610   92.00    3.00    0.00    0.00   95.00    16  |__CPU 0/TCG
14:40:30     1000         -   3854612    0.00    0.00    0.00    0.00    0.00    18  |__CPU 1/TCG
14:40:30     1000         -   3854613   95.00    4.00    0.00    0.00   99.00    20  |__CPU 2/TCG
14:40:30     1000         -   3854614    0.00    0.00    0.00    0.00    0.00    23  |__CPU 3/TCG
14:40:31     1000   3854589         -  186.14    6.93    0.00    0.00  193.07     7  qemu-system-aar
14:40:31     1000         -   3854589    0.00    0.99    0.00    0.00    0.99     7  |__qemu-system-aar
14:40:31     1000         -   3854597    0.00    0.00    0.00    0.00    0.00    22  |__call_rcu
14:40:31     1000         -   3854610   90.10    3.96    0.00    0.00   94.06     0  |__CPU 0/TCG
14:40:31     1000         -   3854612    0.99    0.00    0.00    0.00    0.99     5  |__CPU 1/TCG
14:40:31     1000         -   3854613   94.06    3.96    0.00    0.00   98.02    20  |__CPU 2/TCG
14:40:31     1000         -   3854614    0.00    0.00    0.00    0.00    0.00    23  |__CPU 3/TCG
14:40:32     1000   3854589         -  186.00   10.00    0.00    0.00  196.00     7  qemu-system-aar
14:40:32     1000         -   3854589    1.00    1.00    0.00    0.00    2.00     7  |__qemu-system-aar
14:40:32     1000         -   3854597    0.00    0.00    0.00    0.00    0.00    22  |__call_rcu
14:40:32     1000         -   3854610   90.00    5.00    0.00    0.00   95.00     0  |__CPU 0/TCG
14:40:32     1000         -   3854612    1.00    0.00    0.00    0.00    1.00     5  |__CPU 1/TCG
14:40:32     1000         -   3854613   94.00    5.00    0.00    0.00   99.00    20  |__CPU 2/TCG
14:40:32     1000         -   3854614    0.00    0.00    0.00    0.00    0.00    23  |__CPU 3/TCG
14:40:33     1000   3854589         -  188.00    7.00    0.00    0.00  195.00    17  qemu-system-aar
14:40:33     1000         -   3854589    0.00    1.00    0.00    0.00    1.00    17  |__qemu-system-aar
14:40:33     1000         -   3854597    0.00    0.00    0.00    0.00    0.00    22  |__call_rcu
14:40:33     1000         -   3854610   91.00    3.00    0.00    0.00   94.00     0  |__CPU 0/TCG
14:40:33     1000         -   3854612    0.00    0.00    0.00    0.00    0.00    18  |__CPU 1/TCG
14:40:33     1000         -   3854613   95.00    4.00    0.00    0.00   99.00     4  |__CPU 2/TCG
14:40:33     1000         -   3854614    0.00    0.00    0.00    0.00    0.00    23  |__CPU 3/TCG
14:40:34     1000   3854589         -  187.00    9.00    0.00    0.00  196.00    20  qemu-system-aar
14:40:34     1000         -   3854589    0.00    2.00    0.00    0.00    2.00    20  |__qemu-system-aar
14:40:34     1000         -   3854597    0.00    0.00    0.00    0.00    0.00    22  |__call_rcu
14:40:34     1000         -   3854610   91.00    4.00    0.00    0.00   95.00     0  |__CPU 0/TCG
14:40:34     1000         -   3854612    1.00    0.00    0.00    0.00    1.00    18  |__CPU 1/TCG
14:40:34     1000         -   3854613   95.00    4.00    0.00    0.00   99.00     4  |__CPU 2/TCG
14:40:34     1000         -   3854614    0.00    0.00    0.00    0.00    0.00    23  |__CPU 3/TCG
14:40:35     1000   3854589         -  188.00    7.00    0.00    0.00  195.00     7  qemu-system-aar
14:40:35     1000         -   3854589    1.00    0.00    0.00    0.00    1.00     7  |__qemu-system-aar
14:40:35     1000         -   3854597    0.00    0.00    0.00    0.00    0.00    22  |__call_rcu
14:40:35     1000         -   3854610   91.00    4.00    0.00    0.00   95.00     0  |__CPU 0/TCG
14:40:35     1000         -   3854612    1.00    0.00    0.00    0.00    1.00     5  |__CPU 1/TCG
14:40:35     1000         -   3854613   95.00    4.00    0.00    0.00   99.00     4  |__CPU 2/TCG
14:40:35     1000         -   3854614    0.00    0.00    0.00    0.00    0.00    23  |__CPU 3/TCG
14:40:36     1000   3854589         -  184.00   11.00    0.00    0.00  195.00     7  qemu-system-aar
14:40:36     1000         -   3854589    0.00    1.00    0.00    0.00    1.00     7  |__qemu-system-aar
14:40:36     1000         -   3854597    0.00    0.00    0.00    0.00    0.00    22  |__call_rcu
14:40:36     1000         -   3854610   89.00    4.00    0.00    0.00   93.00     0  |__CPU 0/TCG
14:40:36     1000         -   3854612    0.00    0.00    0.00    0.00    0.00     5  |__CPU 1/TCG
14:40:36     1000         -   3854613   93.00    6.00    0.00    0.00   99.00    20  |__CPU 2/TCG
14:40:36     1000         -   3854614    0.00    0.00    0.00    0.00    0.00    23  |__CPU 3/TCG
14:40:37     1000   3854589         -  187.00    8.00    0.00    0.00  195.00     7  qemu-system-aar
14:40:37     1000         -   3854589    0.00    1.00    0.00    0.00    1.00     7  |__qemu-system-aar
14:40:37     1000         -   3854597    0.00    0.00    0.00    0.00    0.00    22  |__call_rcu
14:40:37     1000         -   3854610   92.00    2.00    0.00    0.00   94.00     0  |__CPU 0/TCG
14:40:37     1000         -   3854612    1.00    0.00    0.00    0.00    1.00     5  |__CPU 1/TCG
14:40:37     1000         -   3854613   94.00    5.00    0.00    0.00   99.00    20  |__CPU 2/TCG
14:40:37     1000         -   3854614    0.00    0.00    0.00    0.00    0.00    23  |__CPU 3/TCG
14:40:38     1000   3854589         -  187.00    8.00    0.00    0.00  195.00    17  qemu-system-aar
14:40:38     1000         -   3854589    1.00    0.00    0.00    0.00    1.00    17  |__qemu-system-aar
14:40:38     1000         -   3854597    0.00    0.00    0.00    0.00    0.00    22  |__call_rcu
14:40:38     1000         -   3854610   91.00    4.00    0.00    0.00   95.00     0  |__CPU 0/TCG
14:40:38     1000         -   3854612    1.00    0.00    0.00    0.00    1.00    18  |__CPU 1/TCG
14:40:38     1000         -   3854613   94.00    5.00    0.00    0.00   99.00    20  |__CPU 2/TCG
14:40:38     1000         -   3854614    0.00    0.00    0.00    0.00    0.00    23  |__CPU 3/TCG
14:40:39     1000   3854589         -  185.00   10.00    0.00    0.00  195.00    17  qemu-system-aar
14:40:39     1000         -   3854589    0.00    1.00    0.00    0.00    1.00    17  |__qemu-system-aar
14:40:39     1000         -   3854597    0.00    0.00    0.00    0.00    0.00    22  |__call_rcu
14:40:39     1000         -   3854610   90.00    4.00    0.00    0.00   94.00    16  |__CPU 0/TCG
14:40:39     1000         -   3854612    0.00    0.00    0.00    0.00    0.00    18  |__CPU 1/TCG
14:40:39     1000         -   3854613   94.00    5.00    0.00    0.00   99.00    20  |__CPU 2/TCG
14:40:39     1000         -   3854614    0.00    0.00    0.00    0.00    0.00    23  |__CPU 3/TCG
14:40:40     1000   3854589         -  185.00    8.00    0.00    0.00  193.00     7  qemu-system-aar
14:40:40     1000         -   3854589    0.00    1.00    0.00    0.00    1.00     7  |__qemu-system-aar
14:40:40     1000         -   3854597    0.00    0.00    0.00    0.00    0.00    22  |__call_rcu
14:40:40     1000         -   3854610   89.00    4.00    0.00    0.00   93.00    16  |__CPU 0/TCG
14:40:40     1000         -   3854612    1.00    0.00    0.00    0.00    1.00    18  |__CPU 1/TCG
14:40:40     1000         -   3854613   94.00    5.00    0.00    0.00   99.00    20  |__CPU 2/TCG
14:40:40     1000         -   3854614    0.00    0.00    0.00    0.00    0.00    23  |__CPU 3/TCG
14:40:41     1000   3854589         -  183.00   10.00    0.00    0.00  193.00    17  qemu-system-aar
14:40:41     1000         -   3854589    1.00    0.00    0.00    0.00    1.00    17  |__qemu-system-aar
14:40:41     1000         -   3854597    0.00    0.00    0.00    0.00    0.00    22  |__call_rcu
14:40:41     1000         -   3854610   88.00    3.00    0.00    0.00   91.00    16  |__CPU 0/TCG
14:40:41     1000         -   3854612    1.00    0.00    0.00    0.00    1.00     5  |__CPU 1/TCG
14:40:41     1000         -   3854613   94.00    5.00    0.00    0.00   99.00     4  |__CPU 2/TCG
14:40:41     1000         -   3854614    0.00    0.00    0.00    0.00    0.00    23  |__CPU 3/TCG
14:40:42     1000   3854589         -  183.00   11.00    0.00    0.00  194.00     7  qemu-system-aar
14:40:42     1000         -   3854589    0.00    2.00    0.00    0.00    2.00     7  |__qemu-system-aar
14:40:42     1000         -   3854597    0.00    0.00    0.00    0.00    0.00    22  |__call_rcu
14:40:42     1000         -   3854610   87.00    5.00    0.00    0.00   92.00     0  |__CPU 0/TCG
14:40:42     1000         -   3854612    0.00    0.00    0.00    0.00    0.00    18  |__CPU 1/TCG
14:40:42     1000         -   3854613   94.00    6.00    0.00    0.00  100.00     4  |__CPU 2/TCG
14:40:42     1000         -   3854614    0.00    0.00    0.00    0.00    0.00    23  |__CPU 3/TCG
14:40:43     1000   3854589         -  184.00   10.00    0.00    0.00  194.00    17  qemu-system-aar
14:40:43     1000         -   3854589    0.00    1.00    0.00    0.00    1.00    17  |__qemu-system-aar
14:40:43     1000         -   3854597    0.00    0.00    0.00    0.00    0.00    22  |__call_rcu
14:40:43     1000         -   3854610   89.00    5.00    0.00    0.00   94.00     0  |__CPU 0/TCG
14:40:43     1000         -   3854612    1.00    0.00    0.00    0.00    1.00     5  |__CPU 1/TCG
14:40:43     1000         -   3854613   93.00    5.00    0.00    0.00   98.00     4  |__CPU 2/TCG
14:40:43     1000         -   3854614    0.00    0.00    0.00    0.00    0.00    23  |__CPU 3/TCG
14:40:44     1000   3854589         -  183.00   10.00    0.00    0.00  193.00    17  qemu-system-aar
14:40:44     1000         -   3854589    0.00    1.00    0.00    0.00    1.00    17  |__qemu-system-aar
14:40:44     1000         -   3854597    0.00    0.00    0.00    0.00    0.00    22  |__call_rcu
14:40:44     1000         -   3854610   89.00    4.00    0.00    0.00   93.00     0  |__CPU 0/TCG
14:40:44     1000         -   3854612    1.00    0.00    0.00    0.00    1.00     5  |__CPU 1/TCG
14:40:44     1000         -   3854613   93.00    6.00    0.00    0.00   99.00     4  |__CPU 2/TCG
14:40:44     1000         -   3854614    0.00    0.00    0.00    0.00    0.00    23  |__CPU 3/TCG
14:40:45     1000   3854589         -  186.00    9.00    0.00    0.00  195.00    17  qemu-system-aar
14:40:45     1000         -   3854589    0.00    1.00    0.00    0.00    1.00    17  |__qemu-system-aar
14:40:45     1000         -   3854597    0.00    0.00    0.00    0.00    0.00    22  |__call_rcu
14:40:45     1000         -   3854610   90.00    4.00    0.00    0.00   94.00     0  |__CPU 0/TCG
14:40:45     1000         -   3854612    0.00    0.00    0.00    0.00    0.00    19  |__CPU 1/TCG
14:40:45     1000         -   3854613   94.00    5.00    0.00    0.00   99.00    20  |__CPU 2/TCG
14:40:45     1000         -   3854614    0.00    0.00    0.00    0.00    0.00    23  |__CPU 3/TCG
14:40:46     1000   3854589         -  187.00   10.00    0.00    0.00  197.00     1  qemu-system-aar
14:40:46     1000         -   3854589    0.00    1.00    0.00    0.00    1.00     1  |__qemu-system-aar
14:40:46     1000         -   3854597    0.00    0.00    0.00    0.00    0.00    22  |__call_rcu
14:40:46     1000         -   3854610   91.00    4.00    0.00    0.00   95.00     0  |__CPU 0/TCG
14:40:46     1000         -   3854612    1.00    0.00    0.00    0.00    1.00    19  |__CPU 1/TCG
14:40:46     1000         -   3854613   94.00    5.00    0.00    0.00   99.00    20  |__CPU 2/TCG
14:40:46     1000         -   3854614    0.00    0.00    0.00    0.00    0.00    23  |__CPU 3/TCG
14:40:47     1000   3854589         -  184.00   11.00    0.00    0.00  195.00     1  qemu-system-aar
14:40:47     1000         -   3854589    0.00    1.00    0.00    0.00    1.00     1  |__qemu-system-aar
14:40:47     1000         -   3854597    0.00    0.00    0.00    0.00    0.00    22  |__call_rcu
14:40:47     1000         -   3854610   89.00    5.00    0.00    0.00   94.00     0  |__CPU 0/TCG
14:40:47     1000         -   3854612    1.00    0.00    0.00    0.00    1.00    19  |__CPU 1/TCG
14:40:47     1000         -   3854613   94.00    5.00    0.00    0.00   99.00    20  |__CPU 2/TCG
14:40:47     1000         -   3854614    0.00    0.00    0.00    0.00    0.00    23  |__CPU 3/TCG
14:40:48     1000   3854589         -  187.00    7.00    0.00    0.00  194.00    18  qemu-system-aar
14:40:48     1000         -   3854589    1.00    1.00    0.00    0.00    2.00    18  |__qemu-system-aar
14:40:48     1000         -   3854597    0.00    0.00    0.00    0.00    0.00    22  |__call_rcu
14:40:48     1000         -   3854610   90.00    4.00    0.00    0.00   94.00    16  |__CPU 0/TCG
14:40:48     1000         -   3854612    0.00    0.00    0.00    0.00    0.00    19  |__CPU 1/TCG
14:40:48     1000         -   3854613   96.00    3.00    0.00    0.00   99.00    20  |__CPU 2/TCG
14:40:48     1000         -   3854614    0.00    0.00    0.00    0.00    0.00    23  |__CPU 3/TCG
14:40:49     1000   3854589         -  183.00    9.00    0.00    0.00  192.00    18  qemu-system-aar
14:40:49     1000         -   3854589    1.00    0.00    0.00    0.00    1.00    18  |__qemu-system-aar
14:40:49     1000         -   3854597    0.00    0.00    0.00    0.00    0.00    22  |__call_rcu
14:40:49     1000         -   3854610   88.00    4.00    0.00    0.00   92.00    16  |__CPU 0/TCG
14:40:49     1000         -   3854612    1.00    0.00    0.00    0.00    1.00    19  |__CPU 1/TCG
14:40:49     1000         -   3854613   93.00    6.00    0.00    0.00   99.00    20  |__CPU 2/TCG
14:40:49     1000         -   3854614    0.00    0.00    0.00    0.00    0.00    23  |__CPU 3/TCG
14:40:50     1000   3854589         -  185.00   10.00    0.00    0.00  195.00     5  qemu-system-aar
14:40:50     1000         -   3854589    0.00    1.00    0.00    0.00    1.00     5  |__qemu-system-aar
14:40:50     1000         -   3854597    0.00    0.00    0.00    0.00    0.00    22  |__call_rcu
14:40:50     1000         -   3854610   90.00    3.00    0.00    0.00   93.00     0  |__CPU 0/TCG
14:40:50     1000         -   3854612    1.00    0.00    0.00    0.00    1.00    19  |__CPU 1/TCG
14:40:50     1000         -   3854613   94.00    6.00    0.00    0.00  100.00    20  |__CPU 2/TCG
14:40:50     1000         -   3854614    0.00    0.00    0.00    0.00    0.00    23  |__CPU 3/TCG
14:40:51     1000   3854589         -  185.00   10.00    0.00    0.00  195.00     7  qemu-system-aar
14:40:51     1000         -   3854589    0.00    1.00    0.00    0.00    1.00     7  |__qemu-system-aar
14:40:51     1000         -   3854597    0.00    0.00    0.00    0.00    0.00    22  |__call_rcu
14:40:51     1000         -   3854610   90.00    4.00    0.00    0.00   94.00    16  |__CPU 0/TCG
14:40:51     1000         -   3854612    0.00    0.00    0.00    0.00    0.00     6  |__CPU 1/TCG
14:40:51     1000         -   3854613   93.00    5.00    0.00    0.00   98.00    20  |__CPU 2/TCG
14:40:51     1000         -   3854614    0.00    0.00    0.00    0.00    0.00    23  |__CPU 3/TCG
14:40:52     1000   3854589         -  185.00    9.00    0.00    0.00  194.00    19  qemu-system-aar
14:40:52     1000         -   3854589    0.00    1.00    0.00    0.00    1.00    19  |__qemu-system-aar
14:40:52     1000         -   3854597    0.00    0.00    0.00    0.00    0.00    22  |__call_rcu
14:40:52     1000         -   3854610   90.00    4.00    0.00    0.00   94.00    16  |__CPU 0/TCG
14:40:52     1000         -   3854612    1.00    0.00    0.00    0.00    1.00     3  |__CPU 1/TCG
14:40:52     1000         -   3854613   94.00    6.00    0.00    0.00  100.00    20  |__CPU 2/TCG
14:40:52     1000         -   3854614    0.00    0.00    0.00    0.00    0.00    23  |__CPU 3/TCG
14:40:53     1000   3854589         -  192.00    6.00    0.00    0.00  198.00    19  qemu-system-aar
14:40:53     1000         -   3854589    0.00    1.00    0.00    0.00    1.00    19  |__qemu-system-aar
14:40:53     1000         -   3854597    0.00    0.00    0.00    0.00    0.00    22  |__call_rcu
14:40:53     1000         -   3854610   93.00    3.00    0.00    0.00   96.00    16  |__CPU 0/TCG
14:40:53     1000         -   3854612    0.00    0.00    0.00    0.00    0.00     5  |__CPU 1/TCG
14:40:53     1000         -   3854613   96.00    2.00    0.00    1.00   98.00    20  |__CPU 2/TCG
14:40:53     1000         -   3854614    0.00    0.00    0.00    0.00    0.00    23  |__CPU 3/TCG
14:40:54     1000   3854589         -  185.00    9.00    0.00    0.00  194.00    19  qemu-system-aar
14:40:54     1000         -   3854589    1.00    1.00    0.00    0.00    2.00    19  |__qemu-system-aar
14:40:54     1000         -   3854597    0.00    0.00    0.00    0.00    0.00    22  |__call_rcu
14:40:54     1000         -   3854610   89.00    5.00    0.00    0.00   94.00    16  |__CPU 0/TCG
14:40:54     1000         -   3854612    1.00    0.00    0.00    0.00    1.00     3  |__CPU 1/TCG
14:40:54     1000         -   3854613   95.00    5.00    0.00    0.00  100.00     4  |__CPU 2/TCG
14:40:54     1000         -   3854614    0.00    0.00    0.00    0.00    0.00    23  |__CPU 3/TCG
14:40:55     1000   3854589         -  186.00    9.00    0.00    0.00  195.00    19  qemu-system-aar
14:40:55     1000         -   3854589    0.00    0.00    0.00    0.00    0.00    19  |__qemu-system-aar
14:40:55     1000         -   3854597    0.00    0.00    0.00    0.00    0.00    22  |__call_rcu
14:40:55     1000         -   3854610   90.00    4.00    0.00    0.00   94.00    16  |__CPU 0/TCG
14:40:55     1000         -   3854612    0.00    0.00    0.00    0.00    0.00     3  |__CPU 1/TCG
14:40:55     1000         -   3854613   95.00    4.00    0.00    0.00   99.00     4  |__CPU 2/TCG
14:40:55     1000         -   3854614    0.00    0.00    0.00    0.00    0.00    23  |__CPU 3/TCG
14:40:56     1000   3854589         -  189.00    7.00    0.00    0.00  196.00    21  qemu-system-aar
14:40:56     1000         -   3854589    0.00    1.00    0.00    0.00    1.00    21  |__qemu-system-aar
14:40:56     1000         -   3854597    0.00    0.00    0.00    0.00    0.00    22  |__call_rcu
14:40:56     1000         -   3854610   92.00    4.00    0.00    0.00   96.00     0  |__CPU 0/TCG
14:40:56     1000         -   3854612    1.00    0.00    0.00    0.00    1.00     1  |__CPU 1/TCG
14:40:56     1000         -   3854613   96.00    3.00    0.00    0.00   99.00     4  |__CPU 2/TCG
14:40:56     1000         -   3854614    0.00    0.00    0.00    0.00    0.00    23  |__CPU 3/TCG
14:40:57     1000   3854589         -  195.00    3.00    0.00    0.00  198.00    21  qemu-system-aar
14:40:57     1000         -   3854589    0.00    1.00    0.00    0.00    1.00    21  |__qemu-system-aar
14:40:57     1000         -   3854597    0.00    0.00    0.00    0.00    0.00    22  |__call_rcu
14:40:57     1000         -   3854610   96.00    1.00    0.00    0.00   97.00     0  |__CPU 0/TCG
14:40:57     1000         -   3854612    0.00    0.00    0.00    0.00    0.00     1  |__CPU 1/TCG
14:40:57     1000         -   3854613   98.00    2.00    0.00    0.00  100.00    20  |__CPU 2/TCG
14:40:57     1000         -   3854614    0.00    0.00    0.00    0.00    0.00    23  |__CPU 3/TCG
14:40:58     1000   3854589         -  187.00    9.00    0.00    0.00  196.00     4  qemu-system-aar
14:40:58     1000         -   3854589    1.00    1.00    0.00    0.00    2.00     4  |__qemu-system-aar
14:40:58     1000         -   3854597    0.00    0.00    0.00    0.00    0.00    22  |__call_rcu
14:40:58     1000         -   3854610   91.00    5.00    0.00    0.00   96.00     0  |__CPU 0/TCG
14:40:58     1000         -   3854612    0.00    0.00    0.00    0.00    0.00     1  |__CPU 1/TCG
14:40:58     1000         -   3854613   94.00    4.00    0.00    0.00   98.00    20  |__CPU 2/TCG
14:40:58     1000         -   3854614    0.00    0.00    0.00    0.00    0.00    23  |__CPU 3/TCG
14:40:59     1000   3854589         -  187.00    8.00    0.00    0.00  195.00     4  qemu-system-aar
14:40:59     1000         -   3854589    1.00    1.00    0.00    0.00    2.00     4  |__qemu-system-aar
14:40:59     1000         -   3854597    0.00    0.00    0.00    0.00    0.00    22  |__call_rcu
14:40:59     1000         -   3854610   89.00    4.00    0.00    0.00   93.00     0  |__CPU 0/TCG
14:40:59     1000         -   3854612    1.00    0.00    0.00    0.00    1.00     3  |__CPU 1/TCG
14:40:59     1000         -   3854613   96.00    4.00    0.00    0.00  100.00    20  |__CPU 2/TCG
14:40:59     1000         -   3854614    0.00    0.00    0.00    0.00    0.00    23  |__CPU 3/TCG
14:41:00     1000   3854589         -  186.00    9.00    0.00    0.00  195.00    21  qemu-system-aar
14:41:00     1000         -   3854589    1.00    1.00    0.00    0.00    2.00    21  |__qemu-system-aar
14:41:00     1000         -   3854597    0.00    0.00    0.00    0.00    0.00    22  |__call_rcu
14:41:00     1000         -   3854610   90.00    4.00    0.00    0.00   94.00     0  |__CPU 0/TCG
14:41:00     1000         -   3854612    0.00    0.00    0.00    0.00    0.00     2  |__CPU 1/TCG
14:41:00     1000         -   3854613   94.00    4.00    0.00    0.00   98.00    20  |__CPU 2/TCG
14:41:00     1000         -   3854614    0.00    0.00    0.00    0.00    0.00    23  |__CPU 3/TCG
14:41:01     1000   3854589         -  186.00   10.00    0.00    0.00  196.00    21  qemu-system-aar
14:41:01     1000         -   3854589    0.00    0.00    0.00    0.00    0.00    21  |__qemu-system-aar
14:41:01     1000         -   3854597    0.00    0.00    0.00    0.00    0.00    22  |__call_rcu
14:41:01     1000         -   3854610   90.00    5.00    0.00    0.00   95.00     0  |__CPU 0/TCG
14:41:01     1000         -   3854612    1.00    0.00    0.00    0.00    1.00     2  |__CPU 1/TCG
14:41:01     1000         -   3854613   94.00    6.00    0.00    0.00  100.00    20  |__CPU 2/TCG
14:41:01     1000         -   3854614    0.00    0.00    0.00    0.00    0.00    23  |__CPU 3/TCG
14:41:02     1000   3854589         -  183.00   10.00    0.00    0.00  193.00    21  qemu-system-aar
14:41:02     1000         -   3854589    0.00    1.00    0.00    0.00    1.00    21  |__qemu-system-aar
14:41:02     1000         -   3854597    0.00    0.00    0.00    0.00    0.00    22  |__call_rcu
14:41:02     1000         -   3854610   89.00    4.00    0.00    0.00   93.00    16  |__CPU 0/TCG
14:41:02     1000         -   3854612    1.00    0.00    0.00    0.00    1.00     1  |__CPU 1/TCG
14:41:02     1000         -   3854613   94.00    5.00    0.00    0.00   99.00    20  |__CPU 2/TCG
14:41:02     1000         -   3854614    0.00    0.00    0.00    0.00    0.00    23  |__CPU 3/TCG
14:41:03     1000   3854589         -  185.00    9.00    0.00    0.00  194.00    21  qemu-system-aar
14:41:03     1000         -   3854589    0.00    1.00    0.00    0.00    1.00    21  |__qemu-system-aar
14:41:03     1000         -   3854597    0.00    0.00    0.00    0.00    0.00    22  |__call_rcu
14:41:03     1000         -   3854610   89.00    3.00    0.00    0.00   92.00     0  |__CPU 0/TCG
14:41:03     1000         -   3854612    0.00    0.00    0.00    0.00    0.00     1  |__CPU 1/TCG
14:41:03     1000         -   3854613   93.00    6.00    0.00    0.00   99.00     4  |__CPU 2/TCG
14:41:03     1000         -   3854614    0.00    0.00    0.00    0.00    0.00    23  |__CPU 3/TCG
14:41:04     1000   3854589         -  184.00   10.00    0.00    0.00  194.00    21  qemu-system-aar
14:41:04     1000         -   3854589    1.00    1.00    0.00    0.00    2.00    21  |__qemu-system-aar
14:41:04     1000         -   3854597    0.00    0.00    0.00    0.00    0.00    22  |__call_rcu
14:41:04     1000         -   3854610   89.00    5.00    0.00    0.00   94.00     0  |__CPU 0/TCG
14:41:04     1000         -   3854612    1.00    0.00    0.00    0.00    1.00     1  |__CPU 1/TCG
14:41:04     1000         -   3854613   94.00    5.00    0.00    0.00   99.00     4  |__CPU 2/TCG
14:41:04     1000         -   3854614    0.00    0.00    0.00    0.00    0.00    23  |__CPU 3/TCG
14:41:05     1000   3854589         -  183.00   11.00    0.00    0.00  194.00    19  qemu-system-aar
14:41:05     1000         -   3854589    0.00    1.00    0.00    0.00    1.00    19  |__qemu-system-aar
14:41:05     1000         -   3854597    0.00    0.00    0.00    0.00    0.00    22  |__call_rcu
14:41:05     1000         -   3854610   89.00    5.00    0.00    0.00   94.00     0  |__CPU 0/TCG
14:41:05     1000         -   3854612    0.00    0.00    0.00    0.00    0.00     1  |__CPU 1/TCG
14:41:05     1000         -   3854613   93.00    5.00    0.00    0.00   98.00     4  |__CPU 2/TCG
14:41:05     1000         -   3854614    0.00    0.00    0.00    0.00    0.00    23  |__CPU 3/TCG
14:41:06     1000   3854589         -  185.00   11.00    0.00    0.00  196.00    21  qemu-system-aar
14:41:06     1000         -   3854589    1.00    0.00    0.00    0.00    1.00    21  |__qemu-system-aar
14:41:06     1000         -   3854597    0.00    0.00    0.00    0.00    0.00    22  |__call_rcu
14:41:06     1000         -   3854610   90.00    4.00    0.00    0.00   94.00     0  |__CPU 0/TCG
14:41:06     1000         -   3854612    1.00    0.00    0.00    0.00    1.00     2  |__CPU 1/TCG
14:41:06     1000         -   3854613   93.00    7.00    0.00    0.00  100.00     4  |__CPU 2/TCG
14:41:06     1000         -   3854614    0.00    0.00    0.00    0.00    0.00    23  |__CPU 3/TCG
14:41:07     1000   3854589         -  186.00    8.00    0.00    0.00  194.00    21  qemu-system-aar
14:41:07     1000         -   3854589    1.00    1.00    0.00    0.00    2.00    21  |__qemu-system-aar
14:41:07     1000         -   3854597    0.00    0.00    0.00    0.00    0.00    22  |__call_rcu
14:41:07     1000         -   3854610   90.00    4.00    0.00    1.00   94.00     0  |__CPU 0/TCG
14:41:07     1000         -   3854612    0.00    0.00    0.00    0.00    0.00     1  |__CPU 1/TCG
14:41:07     1000         -   3854613   94.00    4.00    0.00    0.00   98.00    20  |__CPU 2/TCG
14:41:07     1000         -   3854614    0.00    0.00    0.00    0.00    0.00    23  |__CPU 3/TCG
14:41:08     1000   3854589         -  188.00    7.00    0.00    0.00  195.00    19  qemu-system-aar
14:41:08     1000         -   3854589    0.00    1.00    0.00    0.00    1.00    19  |__qemu-system-aar
14:41:08     1000         -   3854597    0.00    0.00    0.00    0.00    0.00    22  |__call_rcu
14:41:08     1000         -   3854610   91.00    3.00    0.00    0.00   94.00    16  |__CPU 0/TCG
14:41:08     1000         -   3854612    1.00    0.00    0.00    0.00    1.00    20  |__CPU 1/TCG
14:41:08     1000         -   3854613   96.00    4.00    0.00    0.00  100.00     4  |__CPU 2/TCG
14:41:08     1000         -   3854614    0.00    0.00    0.00    0.00    0.00    23  |__CPU 3/TCG
14:41:09     1000   3854589         -  184.00   10.00    0.00    0.00  194.00    19  qemu-system-aar
14:41:09     1000         -   3854589    1.00    0.00    0.00    0.00    1.00    19  |__qemu-system-aar
14:41:09     1000         -   3854597    0.00    0.00    0.00    0.00    0.00    22  |__call_rcu
14:41:09     1000         -   3854610   90.00    4.00    0.00    0.00   94.00     0  |__CPU 0/TCG
14:41:09     1000         -   3854612    0.00    0.00    0.00    0.00    0.00    21  |__CPU 1/TCG
14:41:09     1000         -   3854613   93.00    5.00    0.00    0.00   98.00     4  |__CPU 2/TCG
14:41:09     1000         -   3854614    0.00    0.00    0.00    0.00    0.00    23  |__CPU 3/TCG
14:41:10     1000   3854589         -  188.00    7.00    0.00    0.00  195.00    19  qemu-system-aar
14:41:10     1000         -   3854589    0.00    1.00    0.00    0.00    1.00    19  |__qemu-system-aar
14:41:10     1000         -   3854597    0.00    0.00    0.00    0.00    0.00    22  |__call_rcu
14:41:10     1000         -   3854610   91.00    4.00    0.00    0.00   95.00     0  |__CPU 0/TCG
14:41:10     1000         -   3854612    1.00    0.00    0.00    0.00    1.00    21  |__CPU 1/TCG
14:41:10     1000         -   3854613   95.00    4.00    0.00    0.00   99.00     4  |__CPU 2/TCG
14:41:10     1000         -   3854614    0.00    0.00    0.00    0.00    0.00    23  |__CPU 3/TCG
14:41:11     1000   3854589         -  188.00    8.00    0.00    0.00  196.00    19  qemu-system-aar
14:41:11     1000         -   3854589    0.00    1.00    0.00    0.00    1.00    19  |__qemu-system-aar
14:41:11     1000         -   3854597    0.00    0.00    0.00    0.00    0.00    22  |__call_rcu
14:41:11     1000         -   3854610   92.00    2.00    0.00    0.00   94.00    16  |__CPU 0/TCG
14:41:11     1000         -   3854612    0.00    1.00    0.00    0.00    1.00    21  |__CPU 1/TCG
14:41:11     1000         -   3854613   95.00    5.00    0.00    0.00  100.00     4  |__CPU 2/TCG
14:41:11     1000         -   3854614    0.00    0.00    0.00    0.00    0.00    23  |__CPU 3/TCG
14:41:12     1000   3854589         -  188.00    7.00    0.00    0.00  195.00    21  qemu-system-aar
14:41:12     1000         -   3854589    0.00    1.00    0.00    0.00    1.00    21  |__qemu-system-aar
14:41:12     1000         -   3854597    0.00    0.00    0.00    0.00    0.00    22  |__call_rcu
14:41:12     1000         -   3854610   91.00    3.00    0.00    0.00   94.00    16  |__CPU 0/TCG
14:41:12     1000         -   3854612    0.00    0.00    0.00    0.00    0.00    22  |__CPU 1/TCG
14:41:12     1000         -   3854613   94.00    4.00    0.00    0.00   98.00     4  |__CPU 2/TCG
14:41:12     1000         -   3854614    0.00    0.00    0.00    0.00    0.00    23  |__CPU 3/TCG
14:41:13     1000   3854589         -  187.00    8.00    0.00    0.00  195.00    19  qemu-system-aar
14:41:13     1000         -   3854589    1.00    1.00    0.00    0.00    2.00    19  |__qemu-system-aar
14:41:13     1000         -   3854597    0.00    0.00    0.00    0.00    0.00    22  |__call_rcu
14:41:13     1000         -   3854610   90.00    3.00    0.00    0.00   93.00    16  |__CPU 0/TCG
14:41:13     1000         -   3854612    1.00    0.00    0.00    0.00    1.00     1  |__CPU 1/TCG
14:41:13     1000         -   3854613   95.00    4.00    0.00    0.00   99.00     4  |__CPU 2/TCG
14:41:13     1000         -   3854614    0.00    0.00    0.00    0.00    0.00    23  |__CPU 3/TCG
14:41:14     1000   3854589         -  183.00   11.00    0.00    0.00  194.00    19  qemu-system-aar
14:41:14     1000         -   3854589    0.00    1.00    0.00    0.00    1.00    19  |__qemu-system-aar
14:41:14     1000         -   3854597    0.00    0.00    0.00    0.00    0.00    22  |__call_rcu
14:41:14     1000         -   3854610   89.00    5.00    0.00    0.00   94.00     0  |__CPU 0/TCG
14:41:14     1000         -   3854612    0.00    1.00    0.00    0.00    1.00    22  |__CPU 1/TCG
14:41:14     1000         -   3854613   93.00    6.00    0.00    0.00   99.00     4  |__CPU 2/TCG
14:41:14     1000         -   3854614    0.00    0.00    0.00    0.00    0.00    23  |__CPU 3/TCG
14:41:15     1000   3854589         -  189.00    7.00    0.00    0.00  196.00    21  qemu-system-aar
14:41:15     1000         -   3854589    1.00    0.00    0.00    0.00    1.00    21  |__qemu-system-aar
14:41:15     1000         -   3854597    0.00    0.00    0.00    0.00    0.00    22  |__call_rcu
14:41:15     1000         -   3854610   93.00    3.00    0.00    0.00   96.00     0  |__CPU 0/TCG
14:41:15     1000         -   3854612    0.00    0.00    0.00    0.00    0.00    22  |__CPU 1/TCG
14:41:15     1000         -   3854613   95.00    5.00    0.00    0.00  100.00     4  |__CPU 2/TCG
14:41:15     1000         -   3854614    0.00    0.00    0.00    0.00    0.00    23  |__CPU 3/TCG
14:41:16     1000   3854589         -  187.00    8.00    0.00    0.00  195.00    21  qemu-system-aar
14:41:16     1000         -   3854589    0.00    1.00    0.00    0.00    1.00    21  |__qemu-system-aar
14:41:16     1000         -   3854597    0.00    0.00    0.00    0.00    0.00    22  |__call_rcu
14:41:16     1000         -   3854610   90.00    4.00    0.00    0.00   94.00     0  |__CPU 0/TCG
14:41:16     1000         -   3854612    1.00    0.00    0.00    0.00    1.00    22  |__CPU 1/TCG
14:41:16     1000         -   3854613   95.00    4.00    0.00    0.00   99.00    20  |__CPU 2/TCG
14:41:16     1000         -   3854614    0.00    0.00    0.00    0.00    0.00    23  |__CPU 3/TCG
14:41:17     1000   3854589         -  193.00    6.00    0.00    0.00  199.00    21  qemu-system-aar
14:41:17     1000         -   3854589    0.00    1.00    0.00    0.00    1.00    21  |__qemu-system-aar
14:41:17     1000         -   3854597    0.00    0.00    0.00    0.00    0.00    22  |__call_rcu
14:41:17     1000         -   3854610   95.00    2.00    0.00    0.00   97.00    16  |__CPU 0/TCG
14:41:17     1000         -   3854612    1.00    0.00    0.00    0.00    1.00    22  |__CPU 1/TCG
14:41:17     1000         -   3854613   96.00    3.00    0.00    0.00   99.00    20  |__CPU 2/TCG
14:41:17     1000         -   3854614    0.00    0.00    0.00    0.00    0.00    23  |__CPU 3/TCG
14:41:18     1000   3854589         -  191.00    6.00    0.00    0.00  197.00    22  qemu-system-aar
14:41:18     1000         -   3854589    0.00    1.00    0.00    0.00    1.00    22  |__qemu-system-aar
14:41:18     1000         -   3854597    0.00    0.00    0.00    0.00    0.00    22  |__call_rcu
14:41:18     1000         -   3854610   93.00    3.00    0.00    0.00   96.00    16  |__CPU 0/TCG
14:41:18     1000         -   3854612    0.00    0.00    0.00    0.00    0.00    23  |__CPU 1/TCG
14:41:18     1000         -   3854613   96.00    3.00    0.00    0.00   99.00     4  |__CPU 2/TCG
14:41:18     1000         -   3854614    0.00    0.00    0.00    0.00    0.00    23  |__CPU 3/TCG
14:41:19     1000   3854589         -  184.00   10.00    0.00    0.00  194.00    22  qemu-system-aar
14:41:19     1000         -   3854589    1.00    1.00    0.00    0.00    2.00    22  |__qemu-system-aar
14:41:19     1000         -   3854597    0.00    0.00    0.00    0.00    0.00    22  |__call_rcu
14:41:19     1000         -   3854610   90.00    4.00    0.00    0.00   94.00     0  |__CPU 0/TCG
14:41:19     1000         -   3854612    1.00    0.00    0.00    0.00    1.00    23  |__CPU 1/TCG
14:41:19     1000         -   3854613   94.00    5.00    0.00    0.00   99.00    20  |__CPU 2/TCG
14:41:19     1000         -   3854614    0.00    0.00    0.00    0.00    0.00    23  |__CPU 3/TCG
14:41:20     1000   3854589         -  188.00    7.00    0.00    0.00  195.00    22  qemu-system-aar
14:41:20     1000         -   3854589    0.00    1.00    0.00    0.00    1.00    22  |__qemu-system-aar
14:41:20     1000         -   3854597    0.00    0.00    0.00    0.00    0.00    22  |__call_rcu
14:41:20     1000         -   3854610   91.00    3.00    0.00    0.00   94.00     0  |__CPU 0/TCG
14:41:20     1000         -   3854612    1.00    0.00    0.00    0.00    1.00    23  |__CPU 1/TCG
14:41:20     1000         -   3854613   94.00    5.00    0.00    0.00   99.00    20  |__CPU 2/TCG
14:41:20     1000         -   3854614    0.00    0.00    0.00    0.00    0.00    23  |__CPU 3/TCG
14:41:21     1000   3854589         -  184.00   10.00    0.00    0.00  194.00    22  qemu-system-aar
14:41:21     1000         -   3854589    0.00    1.00    0.00    0.00    1.00    22  |__qemu-system-aar
14:41:21     1000         -   3854597    0.00    0.00    0.00    0.00    0.00    22  |__call_rcu
14:41:21     1000         -   3854610   89.00    5.00    0.00    0.00   94.00     0  |__CPU 0/TCG
14:41:21     1000         -   3854612    0.00    0.00    0.00    0.00    0.00    23  |__CPU 1/TCG
14:41:21     1000         -   3854613   94.00    5.00    0.00    0.00   99.00    20  |__CPU 2/TCG
14:41:21     1000         -   3854614    0.00    0.00    0.00    0.00    0.00    23  |__CPU 3/TCG
14:41:22     1000   3854589         -  186.00   10.00    0.00    0.00  196.00     2  qemu-system-aar
14:41:22     1000         -   3854589    0.00    1.00    0.00    0.00    1.00     2  |__qemu-system-aar
14:41:22     1000         -   3854597    0.00    0.00    0.00    0.00    0.00    22  |__call_rcu
14:41:22     1000         -   3854610   91.00    4.00    0.00    0.00   95.00     0  |__CPU 0/TCG
14:41:22     1000         -   3854612    0.00    1.00    0.00    0.00    1.00    23  |__CPU 1/TCG
14:41:22     1000         -   3854613   94.00    5.00    0.00    0.00   99.00    20  |__CPU 2/TCG
14:41:22     1000         -   3854614    0.00    0.00    0.00    0.00    0.00    23  |__CPU 3/TCG
14:41:23     1000   3854589         -  186.00    9.00    0.00    0.00  195.00    22  qemu-system-aar
14:41:23     1000         -   3854589    0.00    1.00    0.00    0.00    1.00    22  |__qemu-system-aar
14:41:23     1000         -   3854597    0.00    0.00    0.00    0.00    0.00    22  |__call_rcu
14:41:23     1000         -   3854610   89.00    4.00    0.00    0.00   93.00     0  |__CPU 0/TCG
14:41:23     1000         -   3854612    1.00    0.00    0.00    0.00    1.00     5  |__CPU 1/TCG
14:41:23     1000         -   3854613   95.00    4.00    0.00    0.00   99.00     4  |__CPU 2/TCG
14:41:23     1000         -   3854614    0.00    0.00    0.00    0.00    0.00    23  |__CPU 3/TCG
14:41:24     1000   3854589         -  183.00   11.00    0.00    0.00  194.00    23  qemu-system-aar
14:41:24     1000         -   3854589    1.00    0.00    0.00    0.00    1.00    23  |__qemu-system-aar
14:41:24     1000         -   3854597    0.00    0.00    0.00    0.00    0.00    22  |__call_rcu
14:41:24     1000         -   3854610   88.00    6.00    0.00    0.00   94.00    16  |__CPU 0/TCG
14:41:24     1000         -   3854612    0.00    0.00    0.00    0.00    0.00     5  |__CPU 1/TCG
14:41:24     1000         -   3854613   93.00    6.00    0.00    0.00   99.00    20  |__CPU 2/TCG
14:41:24     1000         -   3854614    0.00    0.00    0.00    0.00    0.00    23  |__CPU 3/TCG
14:41:25     1000   3854589         -  184.00   11.00    0.00    0.00  195.00    23  qemu-system-aar
14:41:25     1000         -   3854589    1.00    0.00    0.00    0.00    1.00    23  |__qemu-system-aar
14:41:25     1000         -   3854597    0.00    0.00    0.00    0.00    0.00    22  |__call_rcu
14:41:25     1000         -   3854610   89.00    4.00    0.00    0.00   93.00    16  |__CPU 0/TCG
14:41:25     1000         -   3854612    1.00    0.00    0.00    0.00    1.00     5  |__CPU 1/TCG
14:41:25     1000         -   3854613   93.00    6.00    0.00    0.00   99.00    20  |__CPU 2/TCG
14:41:25     1000         -   3854614    0.00    0.00    0.00    0.00    0.00    23  |__CPU 3/TCG
14:41:26     1000   3854589         -  184.00    9.00    0.00    0.00  193.00    22  qemu-system-aar
14:41:26     1000         -   3854589    1.00    1.00    0.00    0.00    2.00    22  |__qemu-system-aar
14:41:26     1000         -   3854597    0.00    0.00    0.00    0.00    0.00    22  |__call_rcu
14:41:26     1000         -   3854610   90.00    4.00    0.00    0.00   94.00    16  |__CPU 0/TCG
14:41:26     1000         -   3854612    1.00    0.00    0.00    0.00    1.00     3  |__CPU 1/TCG
14:41:26     1000         -   3854613   93.00    6.00    0.00    0.00   99.00    20  |__CPU 2/TCG
14:41:26     1000         -   3854614    0.00    0.00    0.00    0.00    0.00    23  |__CPU 3/TCG
14:41:27     1000   3854589         -  184.00   10.00    0.00    0.00  194.00    22  qemu-system-aar
14:41:27     1000         -   3854589    0.00    1.00    0.00    0.00    1.00    22  |__qemu-system-aar
14:41:27     1000         -   3854597    0.00    0.00    0.00    0.00    0.00    22  |__call_rcu
14:41:27     1000         -   3854610   88.00    5.00    0.00    0.00   93.00    16  |__CPU 0/TCG
14:41:27     1000         -   3854612    0.00    0.00    0.00    0.00    0.00     3  |__CPU 1/TCG
14:41:27     1000         -   3854613   95.00    4.00    0.00    0.00   99.00    20  |__CPU 2/TCG
14:41:27     1000         -   3854614    0.00    0.00    0.00    0.00    0.00    23  |__CPU 3/TCG
14:41:28     1000   3854589         -  183.00    9.00    0.00    0.00  192.00    23  qemu-system-aar
14:41:28     1000         -   3854589    0.00    0.00    0.00    0.00    0.00    23  |__qemu-system-aar
14:41:28     1000         -   3854597    0.00    0.00    0.00    0.00    0.00    22  |__call_rcu
14:41:28     1000         -   3854610   88.00    3.00    0.00    0.00   91.00    16  |__CPU 0/TCG
14:41:28     1000         -   3854612    1.00    0.00    0.00    0.00    1.00     3  |__CPU 1/TCG
14:41:28     1000         -   3854613   93.00    6.00    0.00    0.00   99.00    20  |__CPU 2/TCG
14:41:28     1000         -   3854614    0.00    0.00    0.00    0.00    0.00    23  |__CPU 3/TCG
14:41:29     1000   3854589         -  184.00   10.00    0.00    0.00  194.00    22  qemu-system-aar
14:41:29     1000         -   3854589    1.00    1.00    0.00    0.00    2.00    22  |__qemu-system-aar
14:41:29     1000         -   3854597    0.00    0.00    0.00    0.00    0.00    22  |__call_rcu
14:41:29     1000         -   3854610   88.00    4.00    0.00    0.00   92.00    16  |__CPU 0/TCG
14:41:29     1000         -   3854612    1.00    0.00    0.00    0.00    1.00     5  |__CPU 1/TCG
14:41:29     1000         -   3854613   94.00    6.00    0.00    0.00  100.00    20  |__CPU 2/TCG
14:41:29     1000         -   3854614    0.00    0.00    0.00    0.00    0.00    23  |__CPU 3/TCG
14:41:30     1000   3854589         -  186.00    8.00    0.00    0.00  194.00    22  qemu-system-aar
14:41:30     1000         -   3854589    1.00    0.00    0.00    0.00    1.00    22  |__qemu-system-aar
14:41:30     1000         -   3854597    0.00    0.00    0.00    0.00    0.00    22  |__call_rcu
14:41:30     1000         -   3854610   89.00    5.00    0.00    0.00   94.00    16  |__CPU 0/TCG
14:41:30     1000         -   3854612    0.00    0.00    0.00    0.00    0.00     3  |__CPU 1/TCG
14:41:30     1000         -   3854613   95.00    4.00    0.00    0.00   99.00    20  |__CPU 2/TCG
14:41:30     1000         -   3854614    0.00    0.00    0.00    0.00    0.00    23  |__CPU 3/TCG
14:41:31     1000   3854589         -  183.00   10.00    0.00    0.00  193.00    22  qemu-system-aar
14:41:31     1000         -   3854589    0.00    1.00    0.00    0.00    1.00    22  |__qemu-system-aar
14:41:31     1000         -   3854597    0.00    0.00    0.00    0.00    0.00    22  |__call_rcu
14:41:31     1000         -   3854610   88.00    4.00    0.00    0.00   92.00    16  |__CPU 0/TCG
14:41:31     1000         -   3854612    1.00    0.00    0.00    0.00    1.00     1  |__CPU 1/TCG
14:41:31     1000         -   3854613   94.00    5.00    0.00    0.00   99.00    20  |__CPU 2/TCG
14:41:31     1000         -   3854614    0.00    0.00    0.00    0.00    0.00    23  |__CPU 3/TCG
14:41:32     1000   3854589         -  181.00   12.00    0.00    0.00  193.00    23  qemu-system-aar
14:41:32     1000         -   3854589    0.00    1.00    0.00    0.00    1.00    23  |__qemu-system-aar
14:41:32     1000         -   3854597    0.00    0.00    0.00    0.00    0.00    22  |__call_rcu
14:41:32     1000         -   3854610   88.00    4.00    0.00    0.00   92.00    16  |__CPU 0/TCG
14:41:32     1000         -   3854612    1.00    0.00    0.00    0.00    1.00     3  |__CPU 1/TCG
14:41:32     1000         -   3854613   91.00    7.00    0.00    0.00   98.00    20  |__CPU 2/TCG
14:41:32     1000         -   3854614    0.00    0.00    0.00    0.00    0.00    23  |__CPU 3/TCG
14:41:33     1000   3854589         -  186.00    8.00    0.00    0.00  194.00    22  qemu-system-aar
14:41:33     1000         -   3854589    1.00    1.00    0.00    0.00    2.00    22  |__qemu-system-aar
14:41:33     1000         -   3854597    0.00    0.00    0.00    0.00    0.00    22  |__call_rcu
14:41:33     1000         -   3854610   90.00    4.00    0.00    0.00   94.00     0  |__CPU 0/TCG
14:41:33     1000         -   3854612    0.00    0.00    0.00    0.00    0.00     3  |__CPU 1/TCG
14:41:33     1000         -   3854613   95.00    5.00    0.00    0.00  100.00    20  |__CPU 2/TCG
14:41:33     1000         -   3854614    0.00    0.00    0.00    0.00    0.00    23  |__CPU 3/TCG
14:41:34     1000   3854589         -  184.00   10.00    0.00    0.00  194.00    22  qemu-system-aar
14:41:34     1000         -   3854589    0.00    1.00    0.00    0.00    1.00    22  |__qemu-system-aar
14:41:34     1000         -   3854597    0.00    0.00    0.00    0.00    0.00    22  |__call_rcu
14:41:34     1000         -   3854610   88.00    4.00    0.00    0.00   92.00     0  |__CPU 0/TCG
14:41:34     1000         -   3854612    1.00    0.00    0.00    0.00    1.00     3  |__CPU 1/TCG
14:41:34     1000         -   3854613   94.00    5.00    0.00    0.00   99.00    20  |__CPU 2/TCG
14:41:34     1000         -   3854614    0.00    0.00    0.00    0.00    0.00    23  |__CPU 3/TCG
14:41:35     1000   3854589         -  185.00    9.00    0.00    0.00  194.00     1  qemu-system-aar
14:41:35     1000         -   3854589    1.00    0.00    0.00    0.00    1.00     1  |__qemu-system-aar
14:41:35     1000         -   3854597    0.00    0.00    0.00    0.00    0.00    22  |__call_rcu
14:41:35     1000         -   3854610   90.00    4.00    0.00    0.00   94.00     0  |__CPU 0/TCG
14:41:35     1000         -   3854612    0.00    0.00    0.00    0.00    0.00     3  |__CPU 1/TCG
14:41:35     1000         -   3854613   94.00    5.00    0.00    0.00   99.00    20  |__CPU 2/TCG
14:41:35     1000         -   3854614    0.00    0.00    0.00    0.00    0.00    23  |__CPU 3/TCG
14:41:36     1000   3854589         -  187.00    8.00    0.00    0.00  195.00    23  qemu-system-aar
14:41:36     1000         -   3854589    0.00    1.00    0.00    0.00    1.00    23  |__qemu-system-aar
14:41:36     1000         -   3854597    0.00    0.00    0.00    0.00    0.00    22  |__call_rcu
14:41:36     1000         -   3854610   90.00    4.00    0.00    0.00   94.00     0  |__CPU 0/TCG
14:41:36     1000         -   3854612    1.00    0.00    0.00    0.00    1.00     5  |__CPU 1/TCG
14:41:36     1000         -   3854613   95.00    3.00    0.00    0.00   98.00    20  |__CPU 2/TCG
14:41:36     1000         -   3854614    0.00    0.00    0.00    0.00    0.00    23  |__CPU 3/TCG
14:41:37     1000   3854589         -  187.00    8.00    0.00    0.00  195.00    23  qemu-system-aar
14:41:37     1000         -   3854589    1.00    0.00    0.00    0.00    1.00    23  |__qemu-system-aar
14:41:37     1000         -   3854597    0.00    0.00    0.00    0.00    0.00    22  |__call_rcu
14:41:37     1000         -   3854610   91.00    3.00    0.00    0.00   94.00    16  |__CPU 0/TCG
14:41:37     1000         -   3854612    1.00    0.00    0.00    0.00    1.00     5  |__CPU 1/TCG
14:41:37     1000         -   3854613   95.00    5.00    0.00    0.00  100.00    20  |__CPU 2/TCG
14:41:37     1000         -   3854614    0.00    0.00    0.00    0.00    0.00    23  |__CPU 3/TCG
14:41:38     1000   3854589         -  188.00    7.00    0.00    0.00  195.00    18  qemu-system-aar
14:41:38     1000         -   3854589    1.00    0.00    0.00    0.00    1.00    18  |__qemu-system-aar
14:41:38     1000         -   3854597    0.00    0.00    0.00    0.00    0.00    22  |__call_rcu
14:41:38     1000         -   3854610   90.00    4.00    0.00    0.00   94.00    16  |__CPU 0/TCG
14:41:38     1000         -   3854612    0.00    0.00    0.00    0.00    0.00     3  |__CPU 1/TCG
14:41:38     1000         -   3854613   96.00    3.00    0.00    0.00   99.00     4  |__CPU 2/TCG
14:41:38     1000         -   3854614    0.00    0.00    0.00    0.00    0.00    23  |__CPU 3/TCG
14:41:39     1000   3854589         -  184.00   10.00    0.00    0.00  194.00     5  qemu-system-aar
14:41:39     1000         -   3854589    0.00    2.00    0.00    0.00    2.00     5  |__qemu-system-aar
14:41:39     1000         -   3854597    0.00    0.00    0.00    0.00    0.00    22  |__call_rcu
14:41:39     1000         -   3854610   89.00    4.00    0.00    0.00   93.00    16  |__CPU 0/TCG
14:41:39     1000         -   3854612    1.00    0.00    0.00    0.00    1.00     3  |__CPU 1/TCG
14:41:39     1000         -   3854613   93.00    5.00    0.00    0.00   98.00     4  |__CPU 2/TCG
14:41:39     1000         -   3854614    0.00    0.00    0.00    0.00    0.00    23  |__CPU 3/TCG
14:41:40     1000   3854589         -  187.00    9.00    0.00    0.00  196.00    18  qemu-system-aar
14:41:40     1000         -   3854589    0.00    1.00    0.00    0.00    1.00    18  |__qemu-system-aar
14:41:40     1000         -   3854597    0.00    0.00    0.00    0.00    0.00    22  |__call_rcu
14:41:40     1000         -   3854610   90.00    5.00    0.00    0.00   95.00     0  |__CPU 0/TCG
14:41:40     1000         -   3854612    1.00    0.00    0.00    0.00    1.00     3  |__CPU 1/TCG
14:41:40     1000         -   3854613   95.00    5.00    0.00    0.00  100.00     4  |__CPU 2/TCG
14:41:40     1000         -   3854614    0.00    0.00    0.00    0.00    0.00    23  |__CPU 3/TCG
14:41:41     1000   3854589         -  187.00    8.00    0.00    0.00  195.00     6  qemu-system-aar
14:41:41     1000         -   3854589    0.00    0.00    0.00    0.00    0.00     6  |__qemu-system-aar
14:41:41     1000         -   3854597    0.00    0.00    0.00    0.00    0.00    22  |__call_rcu
14:41:41     1000         -   3854610   91.00    4.00    0.00    0.00   95.00     0  |__CPU 0/TCG
14:41:41     1000         -   3854612    0.00    0.00    0.00    0.00    0.00     3  |__CPU 1/TCG
14:41:41     1000         -   3854613   95.00    4.00    0.00    0.00   99.00     4  |__CPU 2/TCG
14:41:41     1000         -   3854614    0.00    0.00    0.00    0.00    0.00    23  |__CPU 3/TCG
14:41:42     1000   3854589         -  186.00    8.00    0.00    0.00  194.00     7  qemu-system-aar
14:41:42     1000         -   3854589    2.00    0.00    0.00    0.00    2.00     7  |__qemu-system-aar
14:41:42     1000         -   3854597    0.00    0.00    0.00    0.00    0.00    22  |__call_rcu
14:41:42     1000         -   3854610   89.00    4.00    0.00    0.00   93.00     0  |__CPU 0/TCG
14:41:42     1000         -   3854612    1.00    0.00    0.00    0.00    1.00     6  |__CPU 1/TCG
14:41:42     1000         -   3854613   95.00    4.00    0.00    0.00   99.00     4  |__CPU 2/TCG
14:41:42     1000         -   3854614    0.00    0.00    0.00    0.00    0.00    23  |__CPU 3/TCG
14:41:43     1000   3854589         -  184.00   10.00    0.00    0.00  194.00    17  qemu-system-aar
14:41:43     1000         -   3854589    0.00    1.00    0.00    0.00    1.00    17  |__qemu-system-aar
14:41:43     1000         -   3854597    0.00    0.00    0.00    0.00    0.00    22  |__call_rcu
14:41:43     1000         -   3854610   89.00    5.00    0.00    0.00   94.00     0  |__CPU 0/TCG
14:41:43     1000         -   3854612    1.00    0.00    0.00    0.00    1.00     6  |__CPU 1/TCG
14:41:43     1000         -   3854613   94.00    5.00    0.00    0.00   99.00     4  |__CPU 2/TCG
14:41:43     1000         -   3854614    0.00    0.00    0.00    0.00    0.00    23  |__CPU 3/TCG
14:41:44     1000   3854589         -  185.00   11.00    0.00    0.00  196.00    17  qemu-system-aar
14:41:44     1000         -   3854589    0.00    1.00    0.00    0.00    1.00    17  |__qemu-system-aar
14:41:44     1000         -   3854597    0.00    0.00    0.00    0.00    0.00    22  |__call_rcu
14:41:44     1000         -   3854610   89.00    4.00    0.00    0.00   93.00    16  |__CPU 0/TCG
14:41:44     1000         -   3854612    0.00    0.00    0.00    0.00    0.00     6  |__CPU 1/TCG
14:41:44     1000         -   3854613   93.00    6.00    0.00    0.00   99.00    20  |__CPU 2/TCG
14:41:44     1000         -   3854614    0.00    0.00    0.00    0.00    0.00    23  |__CPU 3/TCG
14:41:45     1000   3854589         -  186.00    8.00    0.00    0.00  194.00     7  qemu-system-aar
14:41:45     1000         -   3854589    0.00    1.00    0.00    0.00    1.00     7  |__qemu-system-aar
14:41:45     1000         -   3854597    0.00    0.00    0.00    0.00    0.00    22  |__call_rcu
14:41:45     1000         -   3854610   90.00    4.00    0.00    0.00   94.00     0  |__CPU 0/TCG
14:41:45     1000         -   3854612    1.00    0.00    0.00    0.00    1.00     6  |__CPU 1/TCG
14:41:45     1000         -   3854613   95.00    4.00    0.00    0.00   99.00     4  |__CPU 2/TCG
14:41:45     1000         -   3854614    0.00    0.00    0.00    0.00    0.00    23  |__CPU 3/TCG
14:41:46     1000   3854589         -  185.00   11.00    0.00    0.00  196.00    17  qemu-system-aar
14:41:46     1000         -   3854589    0.00    1.00    0.00    0.00    1.00    17  |__qemu-system-aar
14:41:46     1000         -   3854597    0.00    0.00    0.00    0.00    0.00    22  |__call_rcu
14:41:46     1000         -   3854610   90.00    5.00    0.00    0.00   95.00     0  |__CPU 0/TCG
14:41:46     1000         -   3854612    1.00    0.00    0.00    0.00    1.00     6  |__CPU 1/TCG
14:41:46     1000         -   3854613   93.00    6.00    0.00    0.00   99.00     4  |__CPU 2/TCG
14:41:46     1000         -   3854614    0.00    0.00    0.00    0.00    0.00    23  |__CPU 3/TCG
14:41:47     1000   3854589         -  186.00    9.00    0.00    0.00  195.00    18  qemu-system-aar
14:41:47     1000         -   3854589    1.00    1.00    0.00    0.00    2.00    18  |__qemu-system-aar
14:41:47     1000         -   3854597    0.00    0.00    0.00    0.00    0.00    22  |__call_rcu
14:41:47     1000         -   3854610   91.00    3.00    0.00    0.00   94.00     0  |__CPU 0/TCG
14:41:47     1000         -   3854612    0.00    0.00    0.00    0.00    0.00     6  |__CPU 1/TCG
14:41:47     1000         -   3854613   94.00    5.00    0.00    0.00   99.00     4  |__CPU 2/TCG
14:41:47     1000         -   3854614    0.00    0.00    0.00    0.00    0.00    23  |__CPU 3/TCG
14:41:48     1000   3854589         -  186.00    9.00    0.00    0.00  195.00    21  qemu-system-aar
14:41:48     1000         -   3854589    0.00    1.00    0.00    0.00    1.00    21  |__qemu-system-aar
14:41:48     1000         -   3854597    0.00    0.00    0.00    0.00    0.00    22  |__call_rcu
14:41:48     1000         -   3854610   90.00    4.00    0.00    0.00   94.00    16  |__CPU 0/TCG
14:41:48     1000         -   3854612    1.00    0.00    0.00    0.00    1.00     3  |__CPU 1/TCG
14:41:48     1000         -   3854613   95.00    4.00    0.00    0.00   99.00     4  |__CPU 2/TCG
14:41:48     1000         -   3854614    0.00    0.00    0.00    0.00    0.00    23  |__CPU 3/TCG
14:41:49     1000   3854589         -  185.00   10.00    0.00    0.00  195.00    19  qemu-system-aar
14:41:49     1000         -   3854589    1.00    1.00    0.00    0.00    2.00    19  |__qemu-system-aar
14:41:49     1000         -   3854597    0.00    0.00    0.00    0.00    0.00    22  |__call_rcu
14:41:49     1000         -   3854610   91.00    5.00    0.00    0.00   96.00    16  |__CPU 0/TCG
14:41:49     1000         -   3854612    0.00    0.00    0.00    0.00    0.00     3  |__CPU 1/TCG
14:41:49     1000         -   3854613   92.00    6.00    0.00    0.00   98.00     4  |__CPU 2/TCG
14:41:49     1000         -   3854614    0.00    0.00    0.00    0.00    0.00    23  |__CPU 3/TCG
14:41:50     1000   3854589         -  187.00    9.00    0.00    0.00  196.00    21  qemu-system-aar
14:41:50     1000         -   3854589    0.00    0.00    0.00    0.00    0.00    21  |__qemu-system-aar
14:41:50     1000         -   3854597    0.00    0.00    0.00    0.00    0.00    22  |__call_rcu
14:41:50     1000         -   3854610   91.00    3.00    0.00    0.00   94.00     0  |__CPU 0/TCG
14:41:50     1000         -   3854612    1.00    0.00    0.00    0.00    1.00     6  |__CPU 1/TCG
14:41:50     1000         -   3854613   95.00    5.00    0.00    0.00  100.00    20  |__CPU 2/TCG
14:41:50     1000         -   3854614    0.00    0.00    0.00    0.00    0.00    23  |__CPU 3/TCG
14:41:51     1000   3854589         -  187.00    8.00    0.00    0.00  195.00    22  qemu-system-aar
14:41:51     1000         -   3854589    0.00    1.00    0.00    0.00    1.00    22  |__qemu-system-aar
14:41:51     1000         -   3854597    0.00    0.00    0.00    0.00    0.00    22  |__call_rcu
14:41:51     1000         -   3854610   91.00    4.00    0.00    0.00   95.00     0  |__CPU 0/TCG
14:41:51     1000         -   3854612    1.00    0.00    0.00    0.00    1.00     3  |__CPU 1/TCG
14:41:51     1000         -   3854613   94.00    4.00    0.00    0.00   98.00    20  |__CPU 2/TCG
14:41:51     1000         -   3854614    0.00    0.00    0.00    0.00    0.00    23  |__CPU 3/TCG
14:41:52     1000   3854589         -  187.00    8.00    0.00    0.00  195.00    22  qemu-system-aar
14:41:52     1000         -   3854589    1.00    1.00    0.00    0.00    2.00    22  |__qemu-system-aar
14:41:52     1000         -   3854597    0.00    0.00    0.00    0.00    0.00    22  |__call_rcu
14:41:52     1000         -   3854610   90.00    4.00    0.00    0.00   94.00     1  |__CPU 0/TCG
14:41:52     1000         -   3854612    0.00    0.00    0.00    0.00    0.00     6  |__CPU 1/TCG
14:41:52     1000         -   3854613   96.00    4.00    0.00    0.00  100.00    20  |__CPU 2/TCG
14:41:52     1000         -   3854614    0.00    0.00    0.00    0.00    0.00    23  |__CPU 3/TCG
14:41:53     1000   3854589         -  187.00    8.00    0.00    0.00  195.00    23  qemu-system-aar
14:41:53     1000         -   3854589    0.00    1.00    0.00    0.00    1.00    23  |__qemu-system-aar
14:41:53     1000         -   3854597    0.00    0.00    0.00    0.00    0.00    22  |__call_rcu
14:41:53     1000         -   3854610   91.00    3.00    0.00    0.00   94.00     0  |__CPU 0/TCG
14:41:53     1000         -   3854612    0.00    1.00    0.00    0.00    1.00     6  |__CPU 1/TCG
14:41:53     1000         -   3854613   94.00    5.00    0.00    0.00   99.00    20  |__CPU 2/TCG
14:41:53     1000         -   3854614    0.00    0.00    0.00    0.00    0.00    23  |__CPU 3/TCG
14:41:54     1000   3854589         -  184.00    9.00    0.00    0.00  193.00    23  qemu-system-aar
14:41:54     1000         -   3854589    0.00    1.00    0.00    0.00    1.00    23  |__qemu-system-aar
14:41:54     1000         -   3854597    0.00    0.00    0.00    0.00    0.00    22  |__call_rcu
14:41:54     1000         -   3854610   88.00    4.00    0.00    0.00   92.00    16  |__CPU 0/TCG
14:41:54     1000         -   3854612    0.00    0.00    0.00    0.00    0.00     6  |__CPU 1/TCG
14:41:54     1000         -   3854613   94.00    5.00    0.00    0.00   99.00    20  |__CPU 2/TCG
14:41:54     1000         -   3854614    0.00    0.00    0.00    0.00    0.00    23  |__CPU 3/TCG
14:41:55     1000   3854589         -  187.00    8.00    0.00    0.00  195.00    23  qemu-system-aar
14:41:55     1000         -   3854589    1.00    0.00    0.00    0.00    1.00    23  |__qemu-system-aar
14:41:55     1000         -   3854597    0.00    0.00    0.00    0.00    0.00    22  |__call_rcu
14:41:55     1000         -   3854610   91.00    4.00    0.00    0.00   95.00    16  |__CPU 0/TCG
14:41:55     1000         -   3854612    1.00    0.00    0.00    0.00    1.00     6  |__CPU 1/TCG
14:41:55     1000         -   3854613   95.00    4.00    0.00    0.00   99.00    20  |__CPU 2/TCG
14:41:55     1000         -   3854614    0.00    0.00    0.00    0.00    0.00    23  |__CPU 3/TCG
14:41:56     1000   3854589         -  185.00    9.00    0.00    0.00  194.00    22  qemu-system-aar
14:41:56     1000         -   3854589    0.00    1.00    0.00    0.00    1.00    22  |__qemu-system-aar
14:41:56     1000         -   3854597    0.00    0.00    0.00    0.00    0.00    22  |__call_rcu
14:41:56     1000         -   3854610   89.00    4.00    0.00    0.00   93.00    16  |__CPU 0/TCG
14:41:56     1000         -   3854612    0.00    0.00    0.00    0.00    0.00     6  |__CPU 1/TCG
14:41:56     1000         -   3854613   95.00    4.00    0.00    0.00   99.00    20  |__CPU 2/TCG
14:41:56     1000         -   3854614    0.00    0.00    0.00    0.00    0.00    23  |__CPU 3/TCG
14:41:57     1000   3854589         -  186.00    9.00    0.00    0.00  195.00    22  qemu-system-aar
14:41:57     1000         -   3854589    1.00    1.00    0.00    0.00    2.00    22  |__qemu-system-aar
14:41:57     1000         -   3854597    0.00    0.00    0.00    0.00    0.00    22  |__call_rcu
14:41:57     1000         -   3854610   89.00    4.00    0.00    0.00   93.00    16  |__CPU 0/TCG
14:41:57     1000         -   3854612    0.00    0.00    0.00    0.00    0.00     6  |__CPU 1/TCG
14:41:57     1000         -   3854613   95.00    5.00    0.00    0.00  100.00    20  |__CPU 2/TCG
14:41:57     1000         -   3854614    0.00    0.00    0.00    0.00    0.00    23  |__CPU 3/TCG
14:41:58     1000   3854589         -  185.00    9.00    0.00    0.00  194.00    22  qemu-system-aar
14:41:58     1000         -   3854589    0.00    1.00    0.00    0.00    1.00    22  |__qemu-system-aar
14:41:58     1000         -   3854597    0.00    0.00    0.00    0.00    0.00    22  |__call_rcu
14:41:58     1000         -   3854610   90.00    5.00    0.00    1.00   95.00    16  |__CPU 0/TCG
14:41:58     1000         -   3854612    1.00    0.00    0.00    0.00    1.00     1  |__CPU 1/TCG
14:41:58     1000         -   3854613   94.00    4.00    0.00    0.00   98.00    20  |__CPU 2/TCG
14:41:58     1000         -   3854614    0.00    0.00    0.00    0.00    0.00    23  |__CPU 3/TCG
14:41:59     1000   3854589         -  183.00   11.00    0.00    0.00  194.00    22  qemu-system-aar
14:41:59     1000         -   3854589    0.00    1.00    0.00    0.00    1.00    22  |__qemu-system-aar
14:41:59     1000         -   3854597    0.00    0.00    0.00    0.00    0.00    22  |__call_rcu
14:41:59     1000         -   3854610   88.00    5.00    0.00    0.00   93.00    16  |__CPU 0/TCG
14:41:59     1000         -   3854612    1.00    0.00    0.00    0.00    1.00     6  |__CPU 1/TCG
14:41:59     1000         -   3854613   94.00    6.00    0.00    0.00  100.00    20  |__CPU 2/TCG
14:41:59     1000         -   3854614    0.00    0.00    0.00    0.00    0.00    23  |__CPU 3/TCG
14:42:00     1000   3854589         -  185.00    9.00    0.00    0.00  194.00    22  qemu-system-aar
14:42:00     1000         -   3854589    0.00    1.00    0.00    0.00    1.00    22  |__qemu-system-aar
14:42:00     1000         -   3854597    0.00    0.00    0.00    0.00    0.00    22  |__call_rcu
14:42:00     1000         -   3854610   90.00    4.00    0.00    0.00   94.00    16  |__CPU 0/TCG
14:42:00     1000         -   3854612    0.00    0.00    0.00    0.00    0.00     1  |__CPU 1/TCG
14:42:00     1000         -   3854613   94.00    5.00    0.00    0.00   99.00    20  |__CPU 2/TCG
14:42:00     1000         -   3854614    0.00    0.00    0.00    0.00    0.00    23  |__CPU 3/TCG
14:42:01     1000   3854589         -  186.00    9.00    0.00    0.00  195.00    22  qemu-system-aar
14:42:01     1000         -   3854589    1.00    0.00    0.00    0.00    1.00    22  |__qemu-system-aar
14:42:01     1000         -   3854597    0.00    0.00    0.00    0.00    0.00    22  |__call_rcu
14:42:01     1000         -   3854610   90.00    4.00    0.00    0.00   94.00     0  |__CPU 0/TCG
14:42:01     1000         -   3854612    1.00    0.00    0.00    0.00    1.00     1  |__CPU 1/TCG
14:42:01     1000         -   3854613   94.00    5.00    0.00    0.00   99.00     4  |__CPU 2/TCG
14:42:01     1000         -   3854614    0.00    0.00    0.00    0.00    0.00    23  |__CPU 3/TCG
14:42:02     1000   3854589         -  184.00   10.00    0.00    0.00  194.00    22  qemu-system-aar
14:42:02     1000         -   3854589    0.00    1.00    0.00    0.00    1.00    22  |__qemu-system-aar
14:42:02     1000         -   3854597    0.00    0.00    0.00    0.00    0.00    22  |__call_rcu
14:42:02     1000         -   3854610   88.00    4.00    0.00    0.00   92.00    16  |__CPU 0/TCG
14:42:02     1000         -   3854612    0.00    0.00    0.00    0.00    0.00     6  |__CPU 1/TCG
14:42:02     1000         -   3854613   94.00    5.00    0.00    0.00   99.00     4  |__CPU 2/TCG
14:42:02     1000         -   3854614    0.00    0.00    0.00    0.00    0.00    23  |__CPU 3/TCG
14:42:03     1000   3854589         -  184.00   10.00    0.00    0.00  194.00    22  qemu-system-aar
14:42:03     1000         -   3854589    0.00    1.00    0.00    0.00    1.00    22  |__qemu-system-aar
14:42:03     1000         -   3854597    0.00    0.00    0.00    0.00    0.00    22  |__call_rcu
14:42:03     1000         -   3854610   89.00    5.00    0.00    0.00   94.00    16  |__CPU 0/TCG
14:42:03     1000         -   3854612    0.00    0.00    0.00    0.00    0.00     1  |__CPU 1/TCG
14:42:03     1000         -   3854613   94.00    5.00    0.00    0.00   99.00     4  |__CPU 2/TCG
14:42:03     1000         -   3854614    0.00    0.00    0.00    0.00    0.00    23  |__CPU 3/TCG
14:42:04     1000   3854589         -  180.00   11.00    0.00    0.00  191.00    23  qemu-system-aar
14:42:04     1000         -   3854589    1.00    1.00    0.00    0.00    2.00    23  |__qemu-system-aar
14:42:04     1000         -   3854597    0.00    0.00    0.00    0.00    0.00    22  |__call_rcu
14:42:04     1000         -   3854610   87.00    4.00    0.00    0.00   91.00     0  |__CPU 0/TCG
14:42:04     1000         -   3854612    1.00    0.00    0.00    0.00    1.00     6  |__CPU 1/TCG
14:42:04     1000         -   3854613   92.00    7.00    0.00    0.00   99.00     4  |__CPU 2/TCG
14:42:04     1000         -   3854614    0.00    0.00    0.00    0.00    0.00    23  |__CPU 3/TCG
14:42:05     1000   3854589         -  184.00   10.00    0.00    0.00  194.00    22  qemu-system-aar
14:42:05     1000         -   3854589    0.00    1.00    0.00    0.00    1.00    22  |__qemu-system-aar
14:42:05     1000         -   3854597    0.00    0.00    0.00    0.00    0.00    22  |__call_rcu
14:42:05     1000         -   3854610   88.00    4.00    0.00    0.00   92.00    16  |__CPU 0/TCG
14:42:05     1000         -   3854612    0.00    0.00    0.00    0.00    0.00     6  |__CPU 1/TCG
14:42:05     1000         -   3854613   94.00    5.00    0.00    0.00   99.00    20  |__CPU 2/TCG
14:42:05     1000         -   3854614    0.00    0.00    0.00    0.00    0.00    23  |__CPU 3/TCG
14:42:06     1000   3854589         -  186.00    8.00    0.00    0.00  194.00    23  qemu-system-aar
14:42:06     1000         -   3854589    0.00    1.00    0.00    0.00    1.00    23  |__qemu-system-aar
14:42:06     1000         -   3854597    0.00    0.00    0.00    0.00    0.00    22  |__call_rcu
14:42:06     1000         -   3854610   89.00    4.00    0.00    0.00   93.00    16  |__CPU 0/TCG
14:42:06     1000         -   3854612    1.00    0.00    0.00    0.00    1.00     6  |__CPU 1/TCG
14:42:06     1000         -   3854613   95.00    4.00    0.00    0.00   99.00    20  |__CPU 2/TCG
14:42:06     1000         -   3854614    0.00    0.00    0.00    0.00    0.00    23  |__CPU 3/TCG
14:42:07     1000   3854589         -  185.00   10.00    0.00    0.00  195.00    23  qemu-system-aar
14:42:07     1000         -   3854589    1.00    1.00    0.00    0.00    2.00    23  |__qemu-system-aar
14:42:07     1000         -   3854597    0.00    0.00    0.00    0.00    0.00    22  |__call_rcu
14:42:07     1000         -   3854610   90.00    5.00    0.00    0.00   95.00     0  |__CPU 0/TCG
14:42:07     1000         -   3854612    1.00    0.00    0.00    0.00    1.00     6  |__CPU 1/TCG
14:42:07     1000         -   3854613   94.00    5.00    0.00    0.00   99.00     4  |__CPU 2/TCG
14:42:07     1000         -   3854614    0.00    0.00    0.00    0.00    0.00    23  |__CPU 3/TCG
14:42:08     1000   3854589         -  182.00   10.00    0.00    0.00  192.00    22  qemu-system-aar
14:42:08     1000         -   3854589    0.00    1.00    0.00    0.00    1.00    22  |__qemu-system-aar
14:42:08     1000         -   3854597    0.00    0.00    0.00    0.00    0.00    22  |__call_rcu
14:42:08     1000         -   3854610   88.00    3.00    0.00    0.00   91.00    16  |__CPU 0/TCG
14:42:08     1000         -   3854612    0.00    0.00    0.00    0.00    0.00     6  |__CPU 1/TCG
14:42:08     1000         -   3854613   92.00    6.00    0.00    0.00   98.00     4  |__CPU 2/TCG
14:42:08     1000         -   3854614    0.00    0.00    0.00    0.00    0.00    23  |__CPU 3/TCG
14:42:09     1000   3854589         -  182.00   11.00    0.00    0.00  193.00    22  qemu-system-aar
14:42:09     1000         -   3854589    0.00    0.00    0.00    0.00    0.00    22  |__qemu-system-aar
14:42:09     1000         -   3854597    0.00    0.00    0.00    0.00    0.00    22  |__call_rcu
14:42:09     1000         -   3854610   88.00    5.00    0.00    0.00   93.00    16  |__CPU 0/TCG
14:42:09     1000         -   3854612    1.00    0.00    0.00    0.00    1.00     6  |__CPU 1/TCG
14:42:09     1000         -   3854613   93.00    7.00    0.00    0.00  100.00     4  |__CPU 2/TCG
14:42:09     1000         -   3854614    0.00    0.00    0.00    0.00    0.00    23  |__CPU 3/TCG
