Linux 6.17.0-40-generic (9950x) 	08/16/26 	_x86_64_	(32 CPU)

# Time        UID      TGID       TID    %usr %system  %guest   %wait    %CPU   CPU  Command
14:12:35     1000   3735172         -  102.00    6.00    0.00    0.00  108.00     5  qemu-system-aar
14:12:35     1000         -   3735172    1.00    4.00    0.00    0.00    5.00     5  |__qemu-system-aar
14:12:35     1000         -   3735179    0.00    0.00    0.00    0.00    0.00    23  |__call_rcu
14:12:35     1000         -   3735180    0.00    0.00    0.00    0.00    0.00    20  |__worker
14:12:35     1000         -   3735194   93.00    1.00    0.00    0.00   94.00    16  |__CPU 0/TCG
14:12:35     1000         -   3735195    1.00    0.00    0.00    0.00    1.00     1  |__CPU 1/TCG
14:12:35     1000         -   3735196    5.00    0.00    0.00    0.00    5.00     4  |__CPU 2/TCG
14:12:35     1000         -   3735197    0.00    0.00    0.00    0.00    0.00     7  |__CPU 3/TCG
14:12:36     1000   3735172         -  165.00   21.00    0.00    0.00  186.00     6  qemu-system-aar
14:12:36     1000         -   3735172    0.00    0.00    0.00    0.00    0.00     6  |__qemu-system-aar
14:12:36     1000         -   3735179    0.00    0.00    0.00    0.00    0.00    23  |__call_rcu
14:12:36     1000         -   3735180    0.00    0.00    0.00    0.00    0.00    20  |__worker
14:12:36     1000         -   3735194   77.00    9.00    0.00    0.00   86.00    16  |__CPU 0/TCG
14:12:36     1000         -   3735195    1.00    0.00    0.00    0.00    1.00     1  |__CPU 1/TCG
14:12:36     1000         -   3735196   87.00   11.00    0.00    0.00   98.00     4  |__CPU 2/TCG
14:12:36     1000         -   3735197    0.00    0.00    0.00    0.00    0.00     7  |__CPU 3/TCG
14:12:37     1000   3735172         -  147.00   32.00    0.00    0.00  179.00     6  qemu-system-aar
14:12:37     1000         -   3735172    0.00    1.00    0.00    0.00    1.00     6  |__qemu-system-aar
14:12:37     1000         -   3735179    0.00    0.00    0.00    0.00    0.00    23  |__call_rcu
14:12:37     1000         -   3735180    0.00    0.00    0.00    0.00    0.00    20  |__worker
14:12:37     1000         -   3735194   64.00   14.00    0.00    0.00   78.00    16  |__CPU 0/TCG
14:12:37     1000         -   3735195    1.00    0.00    0.00    0.00    1.00     1  |__CPU 1/TCG
14:12:37     1000         -   3735196   81.00   17.00    0.00    0.00   98.00     4  |__CPU 2/TCG
14:12:37     1000         -   3735197    0.00    0.00    0.00    0.00    0.00     7  |__CPU 3/TCG
14:12:38     1000   3735172         -  154.00   27.00    0.00    0.00  181.00    25  qemu-system-aar
14:12:38     1000         -   3735172    1.00    1.00    0.00    0.00    2.00    25  |__qemu-system-aar
14:12:38     1000         -   3735179    0.00    0.00    0.00    0.00    0.00    23  |__call_rcu
14:12:38     1000         -   3735180    0.00    0.00    0.00    0.00    0.00    20  |__worker
14:12:38     1000         -   3735194   68.00   13.00    0.00    0.00   81.00    16  |__CPU 0/TCG
14:12:38     1000         -   3735195    1.00    0.00    0.00    0.00    1.00     1  |__CPU 1/TCG
14:12:38     1000         -   3735196   85.00   13.00    0.00    0.00   98.00     3  |__CPU 2/TCG
14:12:38     1000         -   3735197    0.00    0.00    0.00    0.00    0.00     7  |__CPU 3/TCG
14:12:39     1000   3735172         -  143.00   32.00    0.00    0.00  175.00    24  qemu-system-aar
14:12:39     1000         -   3735172    0.00    1.00    0.00    0.00    1.00    24  |__qemu-system-aar
14:12:39     1000         -   3735179    0.00    0.00    0.00    0.00    0.00    23  |__call_rcu
14:12:39     1000         -   3735180    0.00    0.00    0.00    0.00    0.00    20  |__worker
14:12:39     1000         -   3735194   59.00   16.00    0.00    0.00   75.00    16  |__CPU 0/TCG
14:12:39     1000         -   3735195    1.00    0.00    0.00    0.00    1.00     1  |__CPU 1/TCG
14:12:39     1000         -   3735196   82.00   16.00    0.00    0.00   98.00    20  |__CPU 2/TCG
14:12:39     1000         -   3735197    0.00    0.00    0.00    0.00    0.00     7  |__CPU 3/TCG
14:12:40     1000   3735172         -  145.00   33.00    0.00    0.00  178.00    25  qemu-system-aar
14:12:40     1000         -   3735172    0.00    2.00    0.00    0.00    2.00    25  |__qemu-system-aar
14:12:40     1000         -   3735179    0.00    0.00    0.00    0.00    0.00    23  |__call_rcu
14:12:40     1000         -   3735180    0.00    0.00    0.00    0.00    0.00    20  |__worker
14:12:40     1000         -   3735194   62.00   15.00    0.00    0.00   77.00    16  |__CPU 0/TCG
14:12:40     1000         -   3735195    1.00    0.00    0.00    0.00    1.00     1  |__CPU 1/TCG
14:12:40     1000         -   3735196   80.00   18.00    0.00    0.00   98.00    20  |__CPU 2/TCG
14:12:40     1000         -   3735197    0.00    0.00    0.00    0.00    0.00     7  |__CPU 3/TCG
14:12:41     1000   3735172         -  185.00    9.00    0.00    0.00  194.00    26  qemu-system-aar
14:12:41     1000         -   3735172    1.00    1.00    0.00    0.00    2.00    26  |__qemu-system-aar
14:12:41     1000         -   3735179    0.00    0.00    0.00    0.00    0.00    23  |__call_rcu
14:12:41     1000         -   3735180    0.00    0.00    0.00    0.00    0.00    20  |__worker
14:12:41     1000         -   3735194   89.00    4.00    0.00    0.00   93.00     0  |__CPU 0/TCG
14:12:41     1000         -   3735195    1.00    0.00    0.00    0.00    1.00    27  |__CPU 1/TCG
14:12:41     1000         -   3735196   94.00    5.00    0.00    0.00   99.00    20  |__CPU 2/TCG
14:12:41     1000         -   3735197    0.00    0.00    0.00    0.00    0.00     7  |__CPU 3/TCG
14:12:42     1000   3735172         -  183.00   11.00    0.00    0.00  194.00    25  qemu-system-aar
14:12:42     1000         -   3735172    0.00    1.00    0.00    0.00    1.00    25  |__qemu-system-aar
14:12:42     1000         -   3735179    0.00    0.00    0.00    0.00    0.00    23  |__call_rcu
14:12:42     1000         -   3735180    0.00    0.00    0.00    0.00    0.00    20  |__worker
14:12:42     1000         -   3735194   87.00    5.00    0.00    0.00   92.00    16  |__CPU 0/TCG
14:12:42     1000         -   3735195    0.00    0.00    0.00    0.00    0.00    27  |__CPU 1/TCG
14:12:42     1000         -   3735196   94.00    6.00    0.00    0.00  100.00    20  |__CPU 2/TCG
14:12:42     1000         -   3735197    0.00    0.00    0.00    0.00    0.00     7  |__CPU 3/TCG
14:12:43     1000   3735172         -  138.00   35.00    0.00    0.00  173.00    26  qemu-system-aar
14:12:43     1000         -   3735172    0.00    1.00    0.00    0.00    1.00    26  |__qemu-system-aar
14:12:43     1000         -   3735179    0.00    0.00    0.00    0.00    0.00    23  |__call_rcu
14:12:43     1000         -   3735180    0.00    0.00    0.00    0.00    0.00    20  |__worker
14:12:43     1000         -   3735194   56.00   17.00    0.00    0.00   73.00    16  |__CPU 0/TCG
14:12:43     1000         -   3735195    0.00    0.00    0.00    0.00    0.00    27  |__CPU 1/TCG
14:12:43     1000         -   3735196   80.00   18.00    0.00    0.00   98.00     4  |__CPU 2/TCG
14:12:43     1000         -   3735197    0.00    0.00    0.00    0.00    0.00     7  |__CPU 3/TCG
14:12:44     1000   3735172         -  137.00   35.00    0.00    0.00  172.00    18  qemu-system-aar
14:12:44     1000         -   3735172    1.00    0.00    0.00    0.00    1.00    18  |__qemu-system-aar
14:12:44     1000         -   3735179    0.00    0.00    0.00    0.00    0.00    23  |__call_rcu
14:12:44     1000         -   3735180    0.00    0.00    0.00    0.00    0.00    20  |__worker
14:12:44     1000         -   3735194   54.00   17.00    0.00    0.00   71.00    16  |__CPU 0/TCG
14:12:44     1000         -   3735195    1.00    0.00    0.00    0.00    1.00    28  |__CPU 1/TCG
14:12:44     1000         -   3735196   82.00   18.00    0.00    0.00  100.00    20  |__CPU 2/TCG
14:12:44     1000         -   3735197    0.00    0.00    0.00    0.00    0.00     7  |__CPU 3/TCG
14:12:45     1000   3735172         -  146.00   30.00    0.00    0.00  176.00    19  qemu-system-aar
14:12:45     1000         -   3735172    0.00    1.00    0.00    0.00    1.00    19  |__qemu-system-aar
14:12:45     1000         -   3735179    0.00    0.00    0.00    0.00    0.00    23  |__call_rcu
14:12:45     1000         -   3735194   61.00   15.00    0.00    0.00   76.00     0  |__CPU 0/TCG
14:12:45     1000         -   3735195    1.00    0.00    0.00    0.00    1.00    20  |__CPU 1/TCG
14:12:45     1000         -   3735196   84.00   15.00    0.00    0.00   99.00     4  |__CPU 2/TCG
14:12:45     1000         -   3735197    0.00    0.00    0.00    0.00    0.00     7  |__CPU 3/TCG
14:12:46     1000   3735172         -  171.00   17.00    0.00    0.00  188.00    21  qemu-system-aar
14:12:46     1000         -   3735172    0.00    0.00    0.00    0.00    0.00    21  |__qemu-system-aar
14:12:46     1000         -   3735179    0.00    0.00    0.00    0.00    0.00    23  |__call_rcu
14:12:46     1000         -   3735194   81.00    7.00    0.00    0.00   88.00     4  |__CPU 0/TCG
14:12:46     1000         -   3735195    0.00    0.00    0.00    0.00    0.00    23  |__CPU 1/TCG
14:12:46     1000         -   3735196   89.00   10.00    0.00    0.00   99.00     0  |__CPU 2/TCG
14:12:46     1000         -   3735197    0.00    0.00    0.00    0.00    0.00     7  |__CPU 3/TCG
14:12:47     1000   3735172         -  186.00   10.00    0.00    0.00  196.00    19  qemu-system-aar
14:12:47     1000         -   3735172    0.00    2.00    0.00    0.00    2.00    19  |__qemu-system-aar
14:12:47     1000         -   3735179    0.00    0.00    0.00    0.00    0.00    23  |__call_rcu
14:12:47     1000         -   3735194   91.00    3.00    0.00    0.00   94.00     4  |__CPU 0/TCG
14:12:47     1000         -   3735195    1.00    0.00    0.00    0.00    1.00    23  |__CPU 1/TCG
14:12:47     1000         -   3735196   93.00    5.00    0.00    0.00   98.00     0  |__CPU 2/TCG
14:12:47     1000         -   3735197    0.00    0.00    0.00    0.00    0.00     7  |__CPU 3/TCG
14:12:48     1000   3735172         -  187.00    8.00    0.00    0.00  195.00     5  qemu-system-aar
14:12:48     1000         -   3735172    1.00    0.00    0.00    0.00    1.00     5  |__qemu-system-aar
14:12:48     1000         -   3735179    0.00    0.00    0.00    0.00    0.00    23  |__call_rcu
14:12:48     1000         -   3735194   91.00    3.00    0.00    0.00   94.00     4  |__CPU 0/TCG
14:12:48     1000         -   3735195    0.00    0.00    0.00    0.00    0.00    23  |__CPU 1/TCG
14:12:48     1000         -   3735196   95.00    5.00    0.00    0.00  100.00    16  |__CPU 2/TCG
14:12:48     1000         -   3735197    0.00    0.00    0.00    0.00    0.00     7  |__CPU 3/TCG
14:12:49     1000   3735172         -  187.00    9.00    0.00    0.00  196.00     6  qemu-system-aar
14:12:49     1000         -   3735172    1.00    1.00    0.00    0.00    2.00     6  |__qemu-system-aar
14:12:49     1000         -   3735179    0.00    0.00    0.00    0.00    0.00    23  |__call_rcu
14:12:49     1000         -   3735194   89.00    5.00    0.00    0.00   94.00    16  |__CPU 0/TCG
14:12:49     1000         -   3735195    1.00    0.00    0.00    0.00    1.00    23  |__CPU 1/TCG
14:12:49     1000         -   3735196   95.00    3.00    0.00    0.00   98.00    20  |__CPU 2/TCG
14:12:49     1000         -   3735197    0.00    0.00    0.00    0.00    0.00     7  |__CPU 3/TCG
14:12:50     1000   3735172         -  188.00    6.00    0.00    0.00  194.00     7  qemu-system-aar
14:12:50     1000         -   3735172    0.00    1.00    0.00    0.00    1.00     7  |__qemu-system-aar
14:12:50     1000         -   3735179    0.00    0.00    0.00    0.00    0.00    23  |__call_rcu
14:12:50     1000         -   3735194   91.00    3.00    0.00    0.00   94.00    16  |__CPU 0/TCG
14:12:50     1000         -   3735195    1.00    1.00    0.00    0.00    2.00     3  |__CPU 1/TCG
14:12:50     1000         -   3735196   96.00    4.00    0.00    0.00  100.00     4  |__CPU 2/TCG
14:12:50     1000         -   3735197    0.00    0.00    0.00    0.00    0.00     7  |__CPU 3/TCG
14:12:51     1000   3735172         -  184.00    9.00    0.00    0.00  193.00     7  qemu-system-aar
14:12:51     1000         -   3735172    0.00    1.00    0.00    0.00    1.00     7  |__qemu-system-aar
14:12:51     1000         -   3735179    0.00    0.00    0.00    0.00    0.00    23  |__call_rcu
14:12:51     1000         -   3735194   89.00    3.00    0.00    0.00   92.00     0  |__CPU 0/TCG
14:12:51     1000         -   3735195    0.00    0.00    0.00    0.00    0.00    22  |__CPU 1/TCG
14:12:51     1000         -   3735196   94.00    5.00    0.00    0.00   99.00     4  |__CPU 2/TCG
14:12:51     1000         -   3735197    0.00    0.00    0.00    0.00    0.00     7  |__CPU 3/TCG
14:12:52     1000   3735172         -  190.00    6.00    0.00    0.00  196.00     3  qemu-system-aar
14:12:52     1000         -   3735172    1.00    1.00    0.00    0.00    2.00     3  |__qemu-system-aar
14:12:52     1000         -   3735179    0.00    0.00    0.00    0.00    0.00    23  |__call_rcu
14:12:52     1000         -   3735194   93.00    2.00    0.00    0.00   95.00     0  |__CPU 0/TCG
14:12:52     1000         -   3735195    1.00    0.00    0.00    0.00    1.00    22  |__CPU 1/TCG
14:12:52     1000         -   3735196   95.00    4.00    0.00    0.00   99.00     4  |__CPU 2/TCG
14:12:52     1000         -   3735197    0.00    0.00    0.00    0.00    0.00     7  |__CPU 3/TCG
14:12:53     1000   3735172         -  183.00   10.00    0.00    0.00  193.00    17  qemu-system-aar
14:12:53     1000         -   3735172    0.00    1.00    0.00    0.00    1.00    17  |__qemu-system-aar
14:12:53     1000         -   3735179    0.00    0.00    0.00    0.00    0.00    23  |__call_rcu
14:12:53     1000         -   3735194   88.00    5.00    0.00    0.00   93.00    16  |__CPU 0/TCG
14:12:53     1000         -   3735195    0.00    0.00    0.00    0.00    0.00    22  |__CPU 1/TCG
14:12:53     1000         -   3735196   93.00    6.00    0.00    0.00   99.00    20  |__CPU 2/TCG
14:12:53     1000         -   3735197    0.00    0.00    0.00    0.00    0.00     7  |__CPU 3/TCG
14:12:54     1000   3735172         -  181.00   12.00    0.00    0.00  193.00     7  qemu-system-aar
14:12:54     1000         -   3735172    0.00    1.00    0.00    0.00    1.00     7  |__qemu-system-aar
14:12:54     1000         -   3735179    0.00    0.00    0.00    0.00    0.00    23  |__call_rcu
14:12:54     1000         -   3735194   86.00    4.00    0.00    0.00   90.00    16  |__CPU 0/TCG
14:12:54     1000         -   3735195    1.00    0.00    0.00    0.00    1.00    22  |__CPU 1/TCG
14:12:54     1000         -   3735196   93.00    6.00    0.00    0.00   99.00    20  |__CPU 2/TCG
14:12:54     1000         -   3735197    0.00    0.00    0.00    0.00    0.00     7  |__CPU 3/TCG
14:12:55     1000   3735172         -  176.00   13.00    0.00    0.00  189.00     7  qemu-system-aar
14:12:55     1000         -   3735172    1.00    0.00    0.00    0.00    1.00     7  |__qemu-system-aar
14:12:55     1000         -   3735179    0.00    0.00    0.00    0.00    0.00    23  |__call_rcu
14:12:55     1000         -   3735194   82.00    7.00    0.00    0.00   89.00    16  |__CPU 0/TCG
14:12:55     1000         -   3735195    0.00    0.00    0.00    0.00    0.00    22  |__CPU 1/TCG
14:12:55     1000         -   3735196   93.00    7.00    0.00    0.00  100.00    20  |__CPU 2/TCG
14:12:55     1000         -   3735197    0.00    0.00    0.00    0.00    0.00     7  |__CPU 3/TCG
14:12:56     1000   3735172         -  178.00   11.00    0.00    0.00  189.00    17  qemu-system-aar
14:12:56     1000         -   3735172    0.00    1.00    0.00    0.00    1.00    17  |__qemu-system-aar
14:12:56     1000         -   3735179    0.00    0.00    0.00    0.00    0.00    23  |__call_rcu
14:12:56     1000         -   3735194   82.00    7.00    0.00    0.00   89.00    16  |__CPU 0/TCG
14:12:56     1000         -   3735195    1.00    0.00    0.00    0.00    1.00    22  |__CPU 1/TCG
14:12:56     1000         -   3735196   94.00    4.00    0.00    0.00   98.00    20  |__CPU 2/TCG
14:12:56     1000         -   3735197    0.00    0.00    0.00    0.00    0.00     7  |__CPU 3/TCG
14:12:57     1000   3735172         -  177.00   14.00    0.00    0.00  191.00    17  qemu-system-aar
14:12:57     1000         -   3735172    1.00    1.00    0.00    0.00    2.00    17  |__qemu-system-aar
14:12:57     1000         -   3735179    0.00    0.00    0.00    0.00    0.00    23  |__call_rcu
14:12:57     1000         -   3735194   83.00    6.00    0.00    0.00   89.00    16  |__CPU 0/TCG
14:12:57     1000         -   3735195    1.00    0.00    0.00    0.00    1.00    18  |__CPU 1/TCG
14:12:57     1000         -   3735196   92.00    8.00    0.00    0.00  100.00    20  |__CPU 2/TCG
14:12:57     1000         -   3735197    0.00    0.00    0.00    0.00    0.00     7  |__CPU 3/TCG
14:12:58     1000   3735172         -  179.00   12.00    0.00    0.00  191.00    17  qemu-system-aar
14:12:58     1000         -   3735172    0.00    1.00    0.00    0.00    1.00    17  |__qemu-system-aar
14:12:58     1000         -   3735179    0.00    0.00    0.00    0.00    0.00    23  |__call_rcu
14:12:58     1000         -   3735194   85.00    5.00    0.00    0.00   90.00    16  |__CPU 0/TCG
14:12:58     1000         -   3735195    0.00    0.00    0.00    0.00    0.00    21  |__CPU 1/TCG
14:12:58     1000         -   3735196   92.00    6.00    0.00    0.00   98.00    20  |__CPU 2/TCG
14:12:58     1000         -   3735197    0.00    0.00    0.00    0.00    0.00     7  |__CPU 3/TCG
14:12:59     1000   3735172         -  197.00    1.00    0.00    0.00  198.00    18  qemu-system-aar
14:12:59     1000         -   3735172    1.00    1.00    0.00    0.00    2.00    17  |__qemu-system-aar
14:12:59     1000         -   3735179    0.00    0.00    0.00    0.00    0.00    23  |__call_rcu
14:12:59     1000         -   3735194   98.00    0.00    0.00    0.00   98.00    16  |__CPU 0/TCG
14:12:59     1000         -   3735195    1.00    0.00    0.00    0.00    1.00    21  |__CPU 1/TCG
14:12:59     1000         -   3735196   99.00    2.00    0.00    0.00  101.00    20  |__CPU 2/TCG
14:12:59     1000         -   3735197    0.00    0.00    0.00    0.00    0.00     7  |__CPU 3/TCG
14:13:00     1000   3735172         -  180.00   12.00    0.00    0.00  192.00    17  qemu-system-aar
14:13:00     1000         -   3735172    0.00    1.00    0.00    0.00    1.00    17  |__qemu-system-aar
14:13:00     1000         -   3735179    0.00    0.00    0.00    0.00    0.00    23  |__call_rcu
14:13:00     1000         -   3735194   85.00    5.00    0.00    0.00   90.00     0  |__CPU 0/TCG
14:13:00     1000         -   3735195    0.00    0.00    0.00    0.00    0.00    19  |__CPU 1/TCG
14:13:00     1000         -   3735196   92.00    6.00    0.00    0.00   98.00    20  |__CPU 2/TCG
14:13:00     1000         -   3735197    0.00    0.00    0.00    0.00    0.00     7  |__CPU 3/TCG
14:13:01     1000   3735172         -  182.00   12.00    0.00    0.00  194.00    17  qemu-system-aar
14:13:01     1000         -   3735172    0.00    0.00    0.00    0.00    0.00    17  |__qemu-system-aar
14:13:01     1000         -   3735179    0.00    0.00    0.00    0.00    0.00    23  |__call_rcu
14:13:01     1000         -   3735194   88.00    5.00    0.00    1.00   93.00    16  |__CPU 0/TCG
14:13:01     1000         -   3735195    1.00    0.00    0.00    0.00    1.00    19  |__CPU 1/TCG
14:13:01     1000         -   3735196   93.00    7.00    0.00    0.00  100.00    20  |__CPU 2/TCG
14:13:01     1000         -   3735197    0.00    0.00    0.00    0.00    0.00     7  |__CPU 3/TCG
14:13:02     1000   3735172         -  174.00   14.00    0.00    0.00  188.00    23  qemu-system-aar
14:13:02     1000         -   3735172    2.00    0.00    0.00    0.00    2.00    23  |__qemu-system-aar
14:13:02     1000         -   3735179    0.00    0.00    0.00    0.00    0.00    23  |__call_rcu
14:13:02     1000         -   3735194   81.00    7.00    0.00    0.00   88.00    16  |__CPU 0/TCG
14:13:02     1000         -   3735195    0.00    0.00    0.00    0.00    0.00    19  |__CPU 1/TCG
14:13:02     1000         -   3735196   91.00    7.00    0.00    0.00   98.00     4  |__CPU 2/TCG
14:13:02     1000         -   3735197    0.00    0.00    0.00    0.00    0.00     7  |__CPU 3/TCG
14:13:03     1000   3735172         -  177.00   13.00    0.00    0.00  190.00    23  qemu-system-aar
14:13:03     1000         -   3735172    0.00    2.00    0.00    0.00    2.00    23  |__qemu-system-aar
14:13:03     1000         -   3735179    0.00    0.00    0.00    0.00    0.00    23  |__call_rcu
14:13:03     1000         -   3735194   84.00    5.00    0.00    0.00   89.00     0  |__CPU 0/TCG
14:13:03     1000         -   3735195    1.00    0.00    0.00    0.00    1.00    21  |__CPU 1/TCG
14:13:03     1000         -   3735196   92.00    8.00    0.00    0.00  100.00    20  |__CPU 2/TCG
14:13:03     1000         -   3735197    0.00    0.00    0.00    0.00    0.00     7  |__CPU 3/TCG
14:13:04     1000   3735172         -  181.00   11.00    0.00    0.00  192.00    18  qemu-system-aar
14:13:04     1000         -   3735172    0.00    0.00    0.00    0.00    0.00    18  |__qemu-system-aar
14:13:04     1000         -   3735179    0.00    0.00    0.00    0.00    0.00    23  |__call_rcu
14:13:04     1000         -   3735194   87.00    5.00    0.00    0.00   92.00    16  |__CPU 0/TCG
14:13:04     1000         -   3735195    0.00    0.00    0.00    0.00    0.00    21  |__CPU 1/TCG
14:13:04     1000         -   3735196   93.00    6.00    0.00    0.00   99.00    20  |__CPU 2/TCG
14:13:04     1000         -   3735197    0.00    0.00    0.00    0.00    0.00     7  |__CPU 3/TCG
14:13:05     1000   3735172         -  179.00   12.00    0.00    0.00  191.00    23  qemu-system-aar
14:13:05     1000         -   3735172    0.00    1.00    0.00    0.00    1.00    23  |__qemu-system-aar
14:13:05     1000         -   3735179    0.00    0.00    0.00    0.00    0.00    23  |__call_rcu
14:13:05     1000         -   3735194   83.00    6.00    0.00    0.00   89.00    16  |__CPU 0/TCG
14:13:05     1000         -   3735195    1.00    0.00    0.00    0.00    1.00    21  |__CPU 1/TCG
14:13:05     1000         -   3735196   94.00    5.00    0.00    0.00   99.00    20  |__CPU 2/TCG
14:13:05     1000         -   3735197    0.00    0.00    0.00    0.00    0.00     7  |__CPU 3/TCG
14:13:06     1000   3735172         -  178.00   13.00    0.00    0.00  191.00    18  qemu-system-aar
14:13:06     1000         -   3735172    1.00    1.00    0.00    0.00    2.00    18  |__qemu-system-aar
14:13:06     1000         -   3735179    0.00    0.00    0.00    0.00    0.00    23  |__call_rcu
14:13:06     1000         -   3735194   83.00    6.00    0.00    0.00   89.00    16  |__CPU 0/TCG
14:13:06     1000         -   3735195    1.00    0.00    0.00    0.00    1.00    21  |__CPU 1/TCG
14:13:06     1000         -   3735196   93.00    6.00    0.00    0.00   99.00    20  |__CPU 2/TCG
14:13:06     1000         -   3735197    0.00    0.00    0.00    0.00    0.00     7  |__CPU 3/TCG
14:13:07     1000   3735172         -  179.00   11.00    0.00    0.00  190.00    23  qemu-system-aar
14:13:07     1000         -   3735172    1.00    1.00    0.00    0.00    2.00    23  |__qemu-system-aar
14:13:07     1000         -   3735179    0.00    0.00    0.00    0.00    0.00    23  |__call_rcu
14:13:07     1000         -   3735194   84.00    6.00    0.00    0.00   90.00    16  |__CPU 0/TCG
14:13:07     1000         -   3735195    0.00    0.00    0.00    0.00    0.00    19  |__CPU 1/TCG
14:13:07     1000         -   3735196   93.00    6.00    0.00    0.00   99.00    20  |__CPU 2/TCG
14:13:07     1000         -   3735197    0.00    0.00    0.00    0.00    0.00     7  |__CPU 3/TCG
14:13:08     1000   3735172         -  181.00   11.00    0.00    0.00  192.00    23  qemu-system-aar
14:13:08     1000         -   3735172    0.00    1.00    0.00    0.00    1.00    23  |__qemu-system-aar
14:13:08     1000         -   3735179    0.00    0.00    0.00    0.00    0.00    23  |__call_rcu
14:13:08     1000         -   3735194   86.00    6.00    0.00    0.00   92.00    16  |__CPU 0/TCG
14:13:08     1000         -   3735195    1.00    0.00    0.00    0.00    1.00    21  |__CPU 1/TCG
14:13:08     1000         -   3735196   94.00    4.00    0.00    0.00   98.00    20  |__CPU 2/TCG
14:13:08     1000         -   3735197    0.00    0.00    0.00    0.00    0.00     7  |__CPU 3/TCG
14:13:09     1000   3735172         -  175.00   15.00    0.00    0.00  190.00     2  qemu-system-aar
14:13:09     1000         -   3735172    0.00    1.00    0.00    0.00    1.00     2  |__qemu-system-aar
14:13:09     1000         -   3735179    0.00    0.00    0.00    0.00    0.00    23  |__call_rcu
14:13:09     1000         -   3735194   82.00    6.00    0.00    0.00   88.00     0  |__CPU 0/TCG
14:13:09     1000         -   3735195    0.00    0.00    0.00    0.00    0.00    21  |__CPU 1/TCG
14:13:09     1000         -   3735196   91.00    9.00    0.00    0.00  100.00    20  |__CPU 2/TCG
14:13:09     1000         -   3735197    0.00    0.00    0.00    0.00    0.00     7  |__CPU 3/TCG
14:13:10     1000   3735172         -  184.00   10.00    0.00    0.00  194.00     2  qemu-system-aar
14:13:10     1000         -   3735172    1.00    1.00    0.00    0.00    2.00     2  |__qemu-system-aar
14:13:10     1000         -   3735179    0.00    0.00    0.00    0.00    0.00    23  |__call_rcu
14:13:10     1000         -   3735194   90.00    4.00    0.00    0.00   94.00     0  |__CPU 0/TCG
14:13:10     1000         -   3735195    1.00    0.00    0.00    0.00    1.00    21  |__CPU 1/TCG
14:13:10     1000         -   3735196   93.00    6.00    0.00    0.00   99.00    20  |__CPU 2/TCG
14:13:10     1000         -   3735197    0.00    0.00    0.00    0.00    0.00     7  |__CPU 3/TCG
14:13:11     1000   3735172         -  182.00   12.00    0.00    0.00  194.00    17  qemu-system-aar
14:13:11     1000         -   3735172    0.00    0.00    0.00    0.00    0.00    17  |__qemu-system-aar
14:13:11     1000         -   3735179    0.00    0.00    0.00    0.00    0.00    23  |__call_rcu
14:13:11     1000         -   3735194   86.00    6.00    0.00    0.00   92.00     0  |__CPU 0/TCG
14:13:11     1000         -   3735195    0.00    0.00    0.00    0.00    0.00    21  |__CPU 1/TCG
14:13:11     1000         -   3735196   93.00    6.00    0.00    0.00   99.00    20  |__CPU 2/TCG
14:13:11     1000         -   3735197    0.00    0.00    0.00    0.00    0.00     7  |__CPU 3/TCG
14:13:12     1000   3735172         -  185.00    9.00    0.00    0.00  194.00    17  qemu-system-aar
14:13:12     1000         -   3735172    1.00    1.00    0.00    0.00    2.00    17  |__qemu-system-aar
14:13:12     1000         -   3735179    0.00    0.00    0.00    0.00    0.00    23  |__call_rcu
14:13:12     1000         -   3735194   89.00    3.00    0.00    0.00   92.00    16  |__CPU 0/TCG
14:13:12     1000         -   3735195    1.00    0.00    0.00    0.00    1.00    19  |__CPU 1/TCG
14:13:12     1000         -   3735196   94.00    5.00    0.00    0.00   99.00     4  |__CPU 2/TCG
14:13:12     1000         -   3735197    0.00    0.00    0.00    0.00    0.00     7  |__CPU 3/TCG
14:13:13     1000   3735172         -  184.00   10.00    0.00    0.00  194.00    17  qemu-system-aar
14:13:13     1000         -   3735172    0.00    1.00    0.00    0.00    1.00    17  |__qemu-system-aar
14:13:13     1000         -   3735179    0.00    0.00    0.00    0.00    0.00    23  |__call_rcu
14:13:13     1000         -   3735194   90.00    5.00    0.00    0.00   95.00    16  |__CPU 0/TCG
14:13:13     1000         -   3735195    1.00    0.00    0.00    0.00    1.00    19  |__CPU 1/TCG
14:13:13     1000         -   3735196   94.00    5.00    0.00    0.00   99.00    20  |__CPU 2/TCG
14:13:13     1000         -   3735197    0.00    0.00    0.00    0.00    0.00     7  |__CPU 3/TCG
14:13:14     1000   3735172         -  183.00   11.00    0.00    0.00  194.00    23  qemu-system-aar
14:13:14     1000         -   3735172    1.00    1.00    0.00    0.00    2.00    23  |__qemu-system-aar
14:13:14     1000         -   3735179    0.00    0.00    0.00    0.00    0.00    23  |__call_rcu
14:13:14     1000         -   3735194   87.00    5.00    0.00    0.00   92.00    16  |__CPU 0/TCG
14:13:14     1000         -   3735195    0.00    0.00    0.00    0.00    0.00    19  |__CPU 1/TCG
14:13:14     1000         -   3735196   94.00    5.00    0.00    0.00   99.00    20  |__CPU 2/TCG
14:13:14     1000         -   3735197    0.00    0.00    0.00    0.00    0.00     7  |__CPU 3/TCG
14:13:15     1000   3735172         -  184.00   11.00    0.00    0.00  195.00    22  qemu-system-aar
14:13:15     1000         -   3735172    1.00    0.00    0.00    0.00    1.00    22  |__qemu-system-aar
14:13:15     1000         -   3735179    0.00    0.00    0.00    0.00    0.00    23  |__call_rcu
14:13:15     1000         -   3735194   90.00    5.00    0.00    0.00   95.00    16  |__CPU 0/TCG
14:13:15     1000         -   3735195    1.00    0.00    0.00    0.00    1.00    21  |__CPU 1/TCG
14:13:15     1000         -   3735196   93.00    7.00    0.00    0.00  100.00     4  |__CPU 2/TCG
14:13:15     1000         -   3735197    0.00    0.00    0.00    0.00    0.00     7  |__CPU 3/TCG
14:13:16     1000   3735172         -  184.00   11.00    0.00    0.00  195.00    22  qemu-system-aar
14:13:16     1000         -   3735172    0.00    1.00    0.00    0.00    1.00    22  |__qemu-system-aar
14:13:16     1000         -   3735179    0.00    0.00    0.00    0.00    0.00    23  |__call_rcu
14:13:16     1000         -   3735194   89.00    4.00    0.00    0.00   93.00    16  |__CPU 0/TCG
14:13:16     1000         -   3735195    1.00    0.00    0.00    0.00    1.00    19  |__CPU 1/TCG
14:13:16     1000         -   3735196   92.00    6.00    0.00    0.00   98.00     4  |__CPU 2/TCG
14:13:16     1000         -   3735197    0.00    0.00    0.00    0.00    0.00     7  |__CPU 3/TCG
14:13:17     1000   3735172         -  184.00   10.00    0.00    0.00  194.00    22  qemu-system-aar
14:13:17     1000         -   3735172    1.00    1.00    0.00    0.00    2.00    22  |__qemu-system-aar
14:13:17     1000         -   3735179    0.00    0.00    0.00    0.00    0.00    23  |__call_rcu
14:13:17     1000         -   3735194   89.00    4.00    0.00    0.00   93.00    16  |__CPU 0/TCG
14:13:17     1000         -   3735195    0.00    0.00    0.00    0.00    0.00    19  |__CPU 1/TCG
14:13:17     1000         -   3735196   94.00    6.00    0.00    0.00  100.00    20  |__CPU 2/TCG
14:13:17     1000         -   3735197    0.00    0.00    0.00    0.00    0.00     7  |__CPU 3/TCG
14:13:18     1000   3735172         -  185.00   10.00    0.00    0.00  195.00    22  qemu-system-aar
14:13:18     1000         -   3735172    0.00    1.00    0.00    0.00    1.00    22  |__qemu-system-aar
14:13:18     1000         -   3735179    0.00    0.00    0.00    0.00    0.00    23  |__call_rcu
14:13:18     1000         -   3735194   90.00    5.00    0.00    0.00   95.00    16  |__CPU 0/TCG
14:13:18     1000         -   3735195    1.00    0.00    0.00    0.00    1.00    19  |__CPU 1/TCG
14:13:18     1000         -   3735196   94.00    4.00    0.00    0.00   98.00    20  |__CPU 2/TCG
14:13:18     1000         -   3735197    0.00    0.00    0.00    0.00    0.00     7  |__CPU 3/TCG
14:13:19     1000   3735172         -  187.00    9.00    0.00    0.00  196.00    22  qemu-system-aar
14:13:19     1000         -   3735172    1.00    1.00    0.00    0.00    2.00    22  |__qemu-system-aar
14:13:19     1000         -   3735179    0.00    0.00    0.00    0.00    0.00    23  |__call_rcu
14:13:19     1000         -   3735194   90.00    4.00    0.00    0.00   94.00    16  |__CPU 0/TCG
14:13:19     1000         -   3735195    0.00    0.00    0.00    0.00    0.00    19  |__CPU 1/TCG
14:13:19     1000         -   3735196   94.00    5.00    0.00    0.00   99.00    20  |__CPU 2/TCG
14:13:19     1000         -   3735197    0.00    0.00    0.00    0.00    0.00     7  |__CPU 3/TCG
14:13:20     1000   3735172         -  186.00    8.00    0.00    0.00  194.00    22  qemu-system-aar
14:13:20     1000         -   3735172    0.00    0.00    0.00    0.00    0.00    22  |__qemu-system-aar
14:13:20     1000         -   3735179    0.00    0.00    0.00    0.00    0.00    23  |__call_rcu
14:13:20     1000         -   3735194   89.00    5.00    0.00    0.00   94.00    16  |__CPU 0/TCG
14:13:20     1000         -   3735195    1.00    0.00    0.00    0.00    1.00    19  |__CPU 1/TCG
14:13:20     1000         -   3735196   96.00    3.00    0.00    0.00   99.00    20  |__CPU 2/TCG
14:13:20     1000         -   3735197    0.00    0.00    0.00    0.00    0.00     7  |__CPU 3/TCG
14:13:21     1000   3735172         -  183.00   11.00    0.00    0.00  194.00    22  qemu-system-aar
14:13:21     1000         -   3735172    1.00    1.00    0.00    0.00    2.00    22  |__qemu-system-aar
14:13:21     1000         -   3735179    0.00    0.00    0.00    0.00    0.00    23  |__call_rcu
14:13:21     1000         -   3735194   88.00    5.00    0.00    0.00   93.00    16  |__CPU 0/TCG
14:13:21     1000         -   3735195    1.00    0.00    0.00    0.00    1.00    19  |__CPU 1/TCG
14:13:21     1000         -   3735196   93.00    6.00    0.00    0.00   99.00    20  |__CPU 2/TCG
14:13:21     1000         -   3735197    0.00    0.00    0.00    0.00    0.00     7  |__CPU 3/TCG
14:13:22     1000   3735172         -  185.00   10.00    0.00    0.00  195.00     2  qemu-system-aar
14:13:22     1000         -   3735172    0.00    0.00    0.00    0.00    0.00     2  |__qemu-system-aar
14:13:22     1000         -   3735179    0.00    0.00    0.00    0.00    0.00    23  |__call_rcu
14:13:22     1000         -   3735194   88.00    4.00    0.00    0.00   92.00    16  |__CPU 0/TCG
14:13:22     1000         -   3735195    0.00    0.00    0.00    0.00    0.00    19  |__CPU 1/TCG
14:13:22     1000         -   3735196   95.00    5.00    0.00    0.00  100.00    20  |__CPU 2/TCG
14:13:22     1000         -   3735197    0.00    0.00    0.00    0.00    0.00     7  |__CPU 3/TCG
14:13:23     1000   3735172         -  183.00   10.00    0.00    0.00  193.00    22  qemu-system-aar
14:13:23     1000         -   3735172    1.00    1.00    0.00    0.00    2.00    22  |__qemu-system-aar
14:13:23     1000         -   3735179    0.00    0.00    0.00    0.00    0.00    23  |__call_rcu
14:13:23     1000         -   3735194   89.00    5.00    0.00    0.00   94.00    16  |__CPU 0/TCG
14:13:23     1000         -   3735195    1.00    0.00    0.00    0.00    1.00    19  |__CPU 1/TCG
14:13:23     1000         -   3735196   93.00    6.00    0.00    0.00   99.00    20  |__CPU 2/TCG
14:13:23     1000         -   3735197    0.00    0.00    0.00    0.00    0.00     7  |__CPU 3/TCG
14:13:24     1000   3735172         -  187.00    7.00    0.00    0.00  194.00    22  qemu-system-aar
14:13:24     1000         -   3735172    1.00    1.00    0.00    0.00    2.00    22  |__qemu-system-aar
14:13:24     1000         -   3735179    0.00    0.00    0.00    0.00    0.00    23  |__call_rcu
14:13:24     1000         -   3735194   90.00    3.00    0.00    0.00   93.00    16  |__CPU 0/TCG
14:13:24     1000         -   3735195    1.00    0.00    0.00    0.00    1.00    19  |__CPU 1/TCG
14:13:24     1000         -   3735196   95.00    4.00    0.00    0.00   99.00    20  |__CPU 2/TCG
14:13:24     1000         -   3735197    0.00    0.00    0.00    0.00    0.00     7  |__CPU 3/TCG
14:13:25     1000   3735172         -  186.00    9.00    0.00    0.00  195.00     2  qemu-system-aar
14:13:25     1000         -   3735172    0.00    0.00    0.00    0.00    0.00     2  |__qemu-system-aar
14:13:25     1000         -   3735179    0.00    0.00    0.00    0.00    0.00    23  |__call_rcu
14:13:25     1000         -   3735194   89.00    4.00    0.00    0.00   93.00    16  |__CPU 0/TCG
14:13:25     1000         -   3735195    0.00    0.00    0.00    0.00    0.00     1  |__CPU 1/TCG
14:13:25     1000         -   3735196   94.00    4.00    0.00    0.00   98.00    20  |__CPU 2/TCG
14:13:25     1000         -   3735197    0.00    0.00    0.00    0.00    0.00     7  |__CPU 3/TCG
14:13:26     1000   3735172         -  181.00   12.00    0.00    0.00  193.00    22  qemu-system-aar
14:13:26     1000         -   3735172    1.00    0.00    0.00    0.00    1.00    22  |__qemu-system-aar
14:13:26     1000         -   3735179    0.00    0.00    0.00    0.00    0.00    23  |__call_rcu
14:13:26     1000         -   3735194   88.00    5.00    0.00    0.00   93.00    16  |__CPU 0/TCG
14:13:26     1000         -   3735195    1.00    0.00    0.00    0.00    1.00     1  |__CPU 1/TCG
14:13:26     1000         -   3735196   93.00    7.00    0.00    0.00  100.00    20  |__CPU 2/TCG
14:13:26     1000         -   3735197    0.00    0.00    0.00    0.00    0.00     7  |__CPU 3/TCG
14:13:27     1000   3735172         -  186.00    8.00    0.00    0.00  194.00    19  qemu-system-aar
14:13:27     1000         -   3735172    1.00    1.00    0.00    0.00    2.00    19  |__qemu-system-aar
14:13:27     1000         -   3735179    0.00    0.00    0.00    0.00    0.00    23  |__call_rcu
14:13:27     1000         -   3735194   89.00    4.00    0.00    0.00   93.00    16  |__CPU 0/TCG
14:13:27     1000         -   3735195    1.00    0.00    0.00    0.00    1.00    21  |__CPU 1/TCG
14:13:27     1000         -   3735196   95.00    4.00    0.00    0.00   99.00     4  |__CPU 2/TCG
14:13:27     1000         -   3735197    0.00    0.00    0.00    0.00    0.00     7  |__CPU 3/TCG
14:13:28     1000   3735172         -  185.00    9.00    0.00    0.00  194.00    19  qemu-system-aar
14:13:28     1000         -   3735172    0.00    2.00    0.00    0.00    2.00    19  |__qemu-system-aar
14:13:28     1000         -   3735179    0.00    0.00    0.00    0.00    0.00    23  |__call_rcu
14:13:28     1000         -   3735194   89.00    4.00    0.00    0.00   93.00    16  |__CPU 0/TCG
14:13:28     1000         -   3735195    0.00    0.00    0.00    0.00    0.00    21  |__CPU 1/TCG
14:13:28     1000         -   3735196   94.00    5.00    0.00    0.00   99.00    20  |__CPU 2/TCG
14:13:28     1000         -   3735197    0.00    0.00    0.00    0.00    0.00     7  |__CPU 3/TCG
14:13:29     1000   3735172         -  182.00   13.00    0.00    0.00  195.00     2  qemu-system-aar
14:13:29     1000         -   3735172    0.00    1.00    0.00    0.00    1.00     2  |__qemu-system-aar
14:13:29     1000         -   3735179    0.00    0.00    0.00    0.00    0.00    23  |__call_rcu
14:13:29     1000         -   3735194   88.00    6.00    0.00    0.00   94.00    16  |__CPU 0/TCG
14:13:29     1000         -   3735195    0.00    1.00    0.00    0.00    1.00     1  |__CPU 1/TCG
14:13:29     1000         -   3735196   92.00    6.00    0.00    0.00   98.00    20  |__CPU 2/TCG
14:13:29     1000         -   3735197    0.00    0.00    0.00    0.00    0.00     7  |__CPU 3/TCG
14:13:30     1000   3735172         -  185.00    9.00    0.00    0.00  194.00    23  qemu-system-aar
14:13:30     1000         -   3735172    0.00    1.00    0.00    0.00    1.00    23  |__qemu-system-aar
14:13:30     1000         -   3735179    0.00    0.00    0.00    0.00    0.00    23  |__call_rcu
14:13:30     1000         -   3735194   89.00    4.00    0.00    0.00   93.00     0  |__CPU 0/TCG
14:13:30     1000         -   3735195    1.00    0.00    0.00    0.00    1.00    21  |__CPU 1/TCG
14:13:30     1000         -   3735196   95.00    5.00    0.00    0.00  100.00    20  |__CPU 2/TCG
14:13:30     1000         -   3735197    0.00    0.00    0.00    0.00    0.00     7  |__CPU 3/TCG
14:13:31     1000   3735172         -  182.00   11.00    0.00    0.00  193.00    23  qemu-system-aar
14:13:31     1000         -   3735172    0.00    1.00    0.00    0.00    1.00    23  |__qemu-system-aar
14:13:31     1000         -   3735179    0.00    0.00    0.00    0.00    0.00    23  |__call_rcu
14:13:31     1000         -   3735194   88.00    5.00    0.00    0.00   93.00     0  |__CPU 0/TCG
14:13:31     1000         -   3735195    0.00    0.00    0.00    0.00    0.00     2  |__CPU 1/TCG
14:13:31     1000         -   3735196   93.00    6.00    0.00    0.00   99.00    20  |__CPU 2/TCG
14:13:31     1000         -   3735197    0.00    0.00    0.00    0.00    0.00     7  |__CPU 3/TCG
14:13:32     1000   3735172         -  182.00   12.00    0.00    0.00  194.00     2  qemu-system-aar
14:13:32     1000         -   3735172    0.00    2.00    0.00    0.00    2.00     2  |__qemu-system-aar
14:13:32     1000         -   3735179    0.00    0.00    0.00    0.00    0.00    23  |__call_rcu
14:13:32     1000         -   3735194   88.00    5.00    0.00    0.00   93.00     0  |__CPU 0/TCG
14:13:32     1000         -   3735195    1.00    0.00    0.00    0.00    1.00    21  |__CPU 1/TCG
14:13:32     1000         -   3735196   93.00    6.00    0.00    0.00   99.00    20  |__CPU 2/TCG
14:13:32     1000         -   3735197    0.00    0.00    0.00    0.00    0.00     7  |__CPU 3/TCG
14:13:33     1000   3735172         -  183.00   12.00    0.00    0.00  195.00     1  qemu-system-aar
14:13:33     1000         -   3735172    0.00    1.00    0.00    0.00    1.00     1  |__qemu-system-aar
14:13:33     1000         -   3735179    0.00    0.00    0.00    0.00    0.00    23  |__call_rcu
14:13:33     1000         -   3735194   88.00    5.00    0.00    0.00   93.00     0  |__CPU 0/TCG
14:13:33     1000         -   3735195    0.00    0.00    0.00    0.00    0.00    21  |__CPU 1/TCG
14:13:33     1000         -   3735196   93.00    6.00    0.00    0.00   99.00    20  |__CPU 2/TCG
14:13:33     1000         -   3735197    0.00    0.00    0.00    0.00    0.00     7  |__CPU 3/TCG
14:13:34     1000   3735172         -  183.00   10.00    0.00    0.00  193.00     6  qemu-system-aar
14:13:34     1000         -   3735172    0.00    1.00    0.00    0.00    1.00     6  |__qemu-system-aar
14:13:34     1000         -   3735179    0.00    0.00    0.00    0.00    0.00    23  |__call_rcu
14:13:34     1000         -   3735194   89.00    4.00    0.00    0.00   93.00     0  |__CPU 0/TCG
14:13:34     1000         -   3735195    1.00    0.00    0.00    0.00    1.00    21  |__CPU 1/TCG
14:13:34     1000         -   3735196   93.00    6.00    0.00    0.00   99.00    20  |__CPU 2/TCG
14:13:34     1000         -   3735197    0.00    0.00    0.00    0.00    0.00     7  |__CPU 3/TCG
14:13:35     1000   3735172         -  184.00   11.00    0.00    0.00  195.00     6  qemu-system-aar
14:13:35     1000         -   3735172    1.00    1.00    0.00    0.00    2.00     6  |__qemu-system-aar
14:13:35     1000         -   3735179    0.00    0.00    0.00    0.00    0.00    23  |__call_rcu
14:13:35     1000         -   3735194   89.00    5.00    0.00    0.00   94.00     0  |__CPU 0/TCG
14:13:35     1000         -   3735195    0.00    0.00    0.00    0.00    0.00    20  |__CPU 1/TCG
14:13:35     1000         -   3735196   93.00    6.00    0.00    0.00   99.00     4  |__CPU 2/TCG
14:13:35     1000         -   3735197    0.00    0.00    0.00    0.00    0.00     7  |__CPU 3/TCG
14:13:36     1000   3735172         -  181.00   12.00    0.00    0.00  193.00     6  qemu-system-aar
14:13:36     1000         -   3735172    0.00    1.00    0.00    0.00    1.00     6  |__qemu-system-aar
14:13:36     1000         -   3735179    0.00    0.00    0.00    0.00    0.00    23  |__call_rcu
14:13:36     1000         -   3735194   87.00    6.00    0.00    0.00   93.00     0  |__CPU 0/TCG
14:13:36     1000         -   3735195    1.00    0.00    0.00    0.00    1.00    20  |__CPU 1/TCG
14:13:36     1000         -   3735196   93.00    6.00    0.00    0.00   99.00     4  |__CPU 2/TCG
14:13:36     1000         -   3735197    0.00    0.00    0.00    0.00    0.00     7  |__CPU 3/TCG
14:13:37     1000   3735172         -  187.00    8.00    0.00    0.00  195.00     6  qemu-system-aar
14:13:37     1000         -   3735172    0.00    1.00    0.00    0.00    1.00     6  |__qemu-system-aar
14:13:37     1000         -   3735179    0.00    0.00    0.00    0.00    0.00    23  |__call_rcu
14:13:37     1000         -   3735194   90.00    2.00    0.00    0.00   92.00     0  |__CPU 0/TCG
14:13:37     1000         -   3735195    0.00    0.00    0.00    0.00    0.00    20  |__CPU 1/TCG
14:13:37     1000         -   3735196   94.00    5.00    0.00    0.00   99.00     4  |__CPU 2/TCG
14:13:37     1000         -   3735197    0.00    0.00    0.00    0.00    0.00     7  |__CPU 3/TCG
14:13:38     1000   3735172         -  184.00   10.00    0.00    0.00  194.00     7  qemu-system-aar
14:13:38     1000         -   3735172    0.00    1.00    0.00    0.00    1.00     7  |__qemu-system-aar
14:13:38     1000         -   3735179    0.00    0.00    0.00    0.00    0.00    23  |__call_rcu
14:13:38     1000         -   3735194   89.00    5.00    0.00    0.00   94.00     0  |__CPU 0/TCG
14:13:38     1000         -   3735195    1.00    0.00    0.00    0.00    1.00    20  |__CPU 1/TCG
14:13:38     1000         -   3735196   94.00    5.00    0.00    0.00   99.00     4  |__CPU 2/TCG
14:13:38     1000         -   3735197    0.00    0.00    0.00    0.00    0.00     7  |__CPU 3/TCG
14:13:39     1000   3735172         -  183.00   11.00    0.00    0.00  194.00     6  qemu-system-aar
14:13:39     1000         -   3735172    0.00    1.00    0.00    0.00    1.00     6  |__qemu-system-aar
14:13:39     1000         -   3735179    0.00    0.00    0.00    0.00    0.00    23  |__call_rcu
14:13:39     1000         -   3735194   89.00    4.00    0.00    0.00   93.00     0  |__CPU 0/TCG
14:13:39     1000         -   3735195    1.00    0.00    0.00    0.00    1.00     2  |__CPU 1/TCG
14:13:39     1000         -   3735196   93.00    6.00    0.00    0.00   99.00    20  |__CPU 2/TCG
14:13:39     1000         -   3735197    0.00    0.00    0.00    0.00    0.00     7  |__CPU 3/TCG
14:13:40     1000   3735172         -  183.00   10.00    0.00    0.00  193.00     2  qemu-system-aar
14:13:40     1000         -   3735172    1.00    1.00    0.00    0.00    2.00     2  |__qemu-system-aar
14:13:40     1000         -   3735179    0.00    0.00    0.00    0.00    0.00    23  |__call_rcu
14:13:40     1000         -   3735194   88.00    4.00    0.00    0.00   92.00     0  |__CPU 0/TCG
14:13:40     1000         -   3735195    0.00    0.00    0.00    0.00    0.00     3  |__CPU 1/TCG
14:13:40     1000         -   3735196   93.00    6.00    0.00    0.00   99.00    20  |__CPU 2/TCG
14:13:40     1000         -   3735197    0.00    0.00    0.00    0.00    0.00     7  |__CPU 3/TCG
14:13:41     1000   3735172         -  185.00    9.00    0.00    0.00  194.00     3  qemu-system-aar
14:13:41     1000         -   3735172    1.00    1.00    0.00    0.00    2.00     3  |__qemu-system-aar
14:13:41     1000         -   3735179    0.00    0.00    0.00    0.00    0.00    23  |__call_rcu
14:13:41     1000         -   3735194   89.00    5.00    0.00    0.00   94.00    16  |__CPU 0/TCG
14:13:41     1000         -   3735195    0.00    0.00    0.00    0.00    0.00     2  |__CPU 1/TCG
14:13:41     1000         -   3735196   95.00    5.00    0.00    0.00  100.00    20  |__CPU 2/TCG
14:13:41     1000         -   3735197    0.00    0.00    0.00    0.00    0.00     7  |__CPU 3/TCG
14:13:42     1000   3735172         -  183.00   11.00    0.00    0.00  194.00     3  qemu-system-aar
14:13:42     1000         -   3735172    0.00    1.00    0.00    0.00    1.00     3  |__qemu-system-aar
14:13:42     1000         -   3735179    0.00    0.00    0.00    0.00    0.00    23  |__call_rcu
14:13:42     1000         -   3735194   88.00    5.00    0.00    1.00   93.00    16  |__CPU 0/TCG
14:13:42     1000         -   3735195    1.00    0.00    0.00    0.00    1.00     4  |__CPU 1/TCG
14:13:42     1000         -   3735196   94.00    5.00    0.00    0.00   99.00    20  |__CPU 2/TCG
14:13:42     1000         -   3735197    0.00    0.00    0.00    0.00    0.00     7  |__CPU 3/TCG
14:13:43     1000   3735172         -  186.00    9.00    0.00    0.00  195.00     3  qemu-system-aar
14:13:43     1000         -   3735172    0.00    1.00    0.00    0.00    1.00     3  |__qemu-system-aar
14:13:43     1000         -   3735179    0.00    0.00    0.00    0.00    0.00    23  |__call_rcu
14:13:43     1000         -   3735194   88.00    5.00    0.00    0.00   93.00    16  |__CPU 0/TCG
14:13:43     1000         -   3735195    1.00    0.00    0.00    0.00    1.00     4  |__CPU 1/TCG
14:13:43     1000         -   3735196   95.00    4.00    0.00    0.00   99.00    20  |__CPU 2/TCG
14:13:43     1000         -   3735197    0.00    0.00    0.00    0.00    0.00     7  |__CPU 3/TCG
14:13:44     1000   3735172         -  184.00   10.00    0.00    0.00  194.00     3  qemu-system-aar
14:13:44     1000         -   3735172    0.00    1.00    0.00    0.00    1.00     3  |__qemu-system-aar
14:13:44     1000         -   3735179    0.00    0.00    0.00    0.00    0.00    23  |__call_rcu
14:13:44     1000         -   3735194   89.00    4.00    0.00    0.00   93.00     0  |__CPU 0/TCG
14:13:44     1000         -   3735195    0.00    0.00    0.00    0.00    0.00     4  |__CPU 1/TCG
14:13:44     1000         -   3735196   93.00    5.00    0.00    0.00   98.00    20  |__CPU 2/TCG
14:13:44     1000         -   3735197    0.00    0.00    0.00    0.00    0.00     7  |__CPU 3/TCG
14:13:45     1000   3735172         -  183.00   12.00    0.00    0.00  195.00     5  qemu-system-aar
14:13:45     1000         -   3735172    1.00    1.00    0.00    0.00    2.00     5  |__qemu-system-aar
14:13:45     1000         -   3735179    0.00    0.00    0.00    0.00    0.00    23  |__call_rcu
14:13:45     1000         -   3735194   88.00    6.00    0.00    0.00   94.00     0  |__CPU 0/TCG
14:13:45     1000         -   3735195    1.00    0.00    0.00    0.00    1.00     4  |__CPU 1/TCG
14:13:45     1000         -   3735196   93.00    6.00    0.00    0.00   99.00    20  |__CPU 2/TCG
14:13:45     1000         -   3735197    0.00    0.00    0.00    0.00    0.00     7  |__CPU 3/TCG
14:13:46     1000   3735172         -  182.00   11.00    0.00    0.00  193.00     2  qemu-system-aar
14:13:46     1000         -   3735172    1.00    0.00    0.00    0.00    1.00     2  |__qemu-system-aar
14:13:46     1000         -   3735179    0.00    0.00    0.00    0.00    0.00    23  |__call_rcu
14:13:46     1000         -   3735194   86.00    6.00    0.00    0.00   92.00     0  |__CPU 0/TCG
14:13:46     1000         -   3735195    0.00    0.00    0.00    0.00    0.00     4  |__CPU 1/TCG
14:13:46     1000         -   3735196   95.00    5.00    0.00    0.00  100.00    20  |__CPU 2/TCG
14:13:46     1000         -   3735197    0.00    0.00    0.00    0.00    0.00     7  |__CPU 3/TCG
14:13:47     1000   3735172         -  186.00    9.00    0.00    0.00  195.00    18  qemu-system-aar
14:13:47     1000         -   3735172    0.00    1.00    0.00    0.00    1.00    18  |__qemu-system-aar
14:13:47     1000         -   3735179    0.00    0.00    0.00    0.00    0.00    23  |__call_rcu
14:13:47     1000         -   3735194   89.00    5.00    0.00    0.00   94.00    16  |__CPU 0/TCG
14:13:47     1000         -   3735195    1.00    0.00    0.00    0.00    1.00     2  |__CPU 1/TCG
14:13:47     1000         -   3735196   95.00    4.00    0.00    0.00   99.00    20  |__CPU 2/TCG
14:13:47     1000         -   3735197    0.00    0.00    0.00    0.00    0.00     7  |__CPU 3/TCG
14:13:48     1000   3735172         -  184.00   10.00    0.00    0.00  194.00    23  qemu-system-aar
14:13:48     1000         -   3735172    1.00    0.00    0.00    0.00    1.00    23  |__qemu-system-aar
14:13:48     1000         -   3735179    0.00    0.00    0.00    0.00    0.00    23  |__call_rcu
14:13:48     1000         -   3735194   89.00    4.00    0.00    0.00   93.00    16  |__CPU 0/TCG
14:13:48     1000         -   3735195    0.00    0.00    0.00    0.00    0.00     2  |__CPU 1/TCG
14:13:48     1000         -   3735196   93.00    6.00    0.00    0.00   99.00    20  |__CPU 2/TCG
14:13:48     1000         -   3735197    0.00    0.00    0.00    0.00    0.00     7  |__CPU 3/TCG
14:13:49     1000   3735172         -  184.00   10.00    0.00    0.00  194.00    23  qemu-system-aar
14:13:49     1000         -   3735172    0.00    1.00    0.00    0.00    1.00    23  |__qemu-system-aar
14:13:49     1000         -   3735179    0.00    0.00    0.00    0.00    0.00    23  |__call_rcu
14:13:49     1000         -   3735194   89.00    5.00    0.00    0.00   94.00    16  |__CPU 0/TCG
14:13:49     1000         -   3735195    1.00    0.00    0.00    0.00    1.00     2  |__CPU 1/TCG
14:13:49     1000         -   3735196   94.00    5.00    0.00    0.00   99.00     4  |__CPU 2/TCG
14:13:49     1000         -   3735197    0.00    0.00    0.00    0.00    0.00     7  |__CPU 3/TCG
14:13:50     1000   3735172         -  187.00    9.00    0.00    0.00  196.00     3  qemu-system-aar
14:13:50     1000         -   3735172    0.00    1.00    0.00    0.00    1.00     3  |__qemu-system-aar
14:13:50     1000         -   3735179    0.00    0.00    0.00    0.00    0.00    23  |__call_rcu
14:13:50     1000         -   3735194   90.00    4.00    0.00    0.00   94.00     0  |__CPU 0/TCG
14:13:50     1000         -   3735195    1.00    0.00    0.00    0.00    1.00     2  |__CPU 1/TCG
14:13:50     1000         -   3735196   95.00    4.00    0.00    0.00   99.00     4  |__CPU 2/TCG
14:13:50     1000         -   3735197    0.00    0.00    0.00    0.00    0.00     7  |__CPU 3/TCG
14:13:51     1000   3735172         -  183.00   11.00    0.00    0.00  194.00     3  qemu-system-aar
14:13:51     1000         -   3735172    1.00    2.00    0.00    0.00    3.00     3  |__qemu-system-aar
14:13:51     1000         -   3735179    0.00    0.00    0.00    0.00    0.00    23  |__call_rcu
14:13:51     1000         -   3735194   87.00    6.00    0.00    0.00   93.00     0  |__CPU 0/TCG
14:13:51     1000         -   3735195    0.00    0.00    0.00    0.00    0.00     6  |__CPU 1/TCG
14:13:51     1000         -   3735196   94.00    5.00    0.00    0.00   99.00     4  |__CPU 2/TCG
14:13:51     1000         -   3735197    0.00    0.00    0.00    0.00    0.00     7  |__CPU 3/TCG
14:13:52     1000   3735172         -  182.00   12.00    0.00    0.00  194.00     5  qemu-system-aar
14:13:52     1000         -   3735172    0.00    1.00    0.00    0.00    1.00     5  |__qemu-system-aar
14:13:52     1000         -   3735179    0.00    0.00    0.00    0.00    0.00    23  |__call_rcu
14:13:52     1000         -   3735194   88.00    6.00    0.00    0.00   94.00     0  |__CPU 0/TCG
14:13:52     1000         -   3735195    1.00    0.00    0.00    0.00    1.00     6  |__CPU 1/TCG
14:13:52     1000         -   3735196   93.00    6.00    0.00    0.00   99.00     4  |__CPU 2/TCG
14:13:52     1000         -   3735197    0.00    0.00    0.00    0.00    0.00     7  |__CPU 3/TCG
14:13:53     1000   3735172         -  185.00   10.00    0.00    0.00  195.00    17  qemu-system-aar
14:13:53     1000         -   3735172    0.00    1.00    0.00    0.00    1.00    17  |__qemu-system-aar
14:13:53     1000         -   3735179    0.00    0.00    0.00    0.00    0.00    23  |__call_rcu
14:13:53     1000         -   3735194   89.00    5.00    0.00    0.00   94.00     0  |__CPU 0/TCG
14:13:53     1000         -   3735195    1.00    0.00    0.00    0.00    1.00     6  |__CPU 1/TCG
14:13:53     1000         -   3735196   95.00    4.00    0.00    0.00   99.00     4  |__CPU 2/TCG
14:13:53     1000         -   3735197    0.00    0.00    0.00    0.00    0.00     7  |__CPU 3/TCG
14:13:54     1000   3735172         -  184.00   10.00    0.00    0.00  194.00     5  qemu-system-aar
14:13:54     1000         -   3735172    0.00    1.00    0.00    0.00    1.00     5  |__qemu-system-aar
14:13:54     1000         -   3735179    0.00    0.00    0.00    0.00    0.00    23  |__call_rcu
14:13:54     1000         -   3735194   89.00    4.00    0.00    0.00   93.00    16  |__CPU 0/TCG
14:13:54     1000         -   3735195    0.00    0.00    0.00    0.00    0.00     6  |__CPU 1/TCG
14:13:54     1000         -   3735196   93.00    6.00    0.00    0.00   99.00    20  |__CPU 2/TCG
14:13:54     1000         -   3735197    0.00    0.00    0.00    0.00    0.00     7  |__CPU 3/TCG
14:13:55     1000   3735172         -  183.00   11.00    0.00    0.00  194.00     5  qemu-system-aar
14:13:55     1000         -   3735172    1.00    1.00    0.00    0.00    2.00     5  |__qemu-system-aar
14:13:55     1000         -   3735179    0.00    0.00    0.00    0.00    0.00    23  |__call_rcu
14:13:55     1000         -   3735194   88.00    5.00    0.00    0.00   93.00    16  |__CPU 0/TCG
14:13:55     1000         -   3735195    0.00    1.00    0.00    0.00    1.00     2  |__CPU 1/TCG
14:13:55     1000         -   3735196   93.00    6.00    0.00    0.00   99.00    20  |__CPU 2/TCG
14:13:55     1000         -   3735197    0.00    0.00    0.00    0.00    0.00     7  |__CPU 3/TCG
14:13:56     1000   3735172         -  182.00   13.00    0.00    0.00  195.00    17  qemu-system-aar
14:13:56     1000         -   3735172    0.00    1.00    0.00    0.00    1.00    17  |__qemu-system-aar
14:13:56     1000         -   3735179    0.00    0.00    0.00    0.00    0.00    23  |__call_rcu
14:13:56     1000         -   3735194   88.00    5.00    0.00    0.00   93.00    16  |__CPU 0/TCG
14:13:56     1000         -   3735195    0.00    0.00    0.00    0.00    0.00     6  |__CPU 1/TCG
14:13:56     1000         -   3735196   92.00    7.00    0.00    0.00   99.00    20  |__CPU 2/TCG
14:13:56     1000         -   3735197    0.00    0.00    0.00    0.00    0.00     7  |__CPU 3/TCG
14:13:57     1000   3735172         -  185.00   10.00    0.00    0.00  195.00    17  qemu-system-aar
14:13:57     1000         -   3735172    0.00    1.00    0.00    0.00    1.00    17  |__qemu-system-aar
14:13:57     1000         -   3735179    0.00    0.00    0.00    0.00    0.00    23  |__call_rcu
14:13:57     1000         -   3735194   90.00    4.00    0.00    0.00   94.00    16  |__CPU 0/TCG
14:13:57     1000         -   3735195    0.00    1.00    0.00    0.00    1.00    18  |__CPU 1/TCG
14:13:57     1000         -   3735196   94.00    5.00    0.00    0.00   99.00    20  |__CPU 2/TCG
14:13:57     1000         -   3735197    0.00    0.00    0.00    0.00    0.00     7  |__CPU 3/TCG
14:13:58     1000   3735172         -  186.00    7.00    0.00    0.00  193.00    18  qemu-system-aar
14:13:58     1000         -   3735172    0.00    1.00    0.00    0.00    1.00    18  |__qemu-system-aar
14:13:58     1000         -   3735179    0.00    0.00    0.00    0.00    0.00    23  |__call_rcu
14:13:58     1000         -   3735194   90.00    4.00    0.00    0.00   94.00     0  |__CPU 0/TCG
14:13:58     1000         -   3735195    0.00    0.00    0.00    0.00    0.00    19  |__CPU 1/TCG
14:13:58     1000         -   3735196   95.00    4.00    0.00    0.00   99.00    20  |__CPU 2/TCG
14:13:58     1000         -   3735197    0.00    0.00    0.00    0.00    0.00     7  |__CPU 3/TCG
14:13:59     1000   3735172         -  184.00   11.00    0.00    0.00  195.00    18  qemu-system-aar
14:13:59     1000         -   3735172    1.00    1.00    0.00    0.00    2.00    18  |__qemu-system-aar
14:13:59     1000         -   3735179    0.00    0.00    0.00    0.00    0.00    23  |__call_rcu
14:13:59     1000         -   3735194   89.00    4.00    0.00    0.00   93.00     0  |__CPU 0/TCG
14:13:59     1000         -   3735195    1.00    0.00    0.00    0.00    1.00    20  |__CPU 1/TCG
14:13:59     1000         -   3735196   93.00    7.00    0.00    0.00  100.00     4  |__CPU 2/TCG
14:13:59     1000         -   3735197    0.00    0.00    0.00    0.00    0.00     7  |__CPU 3/TCG
14:14:00     1000   3735172         -  184.00   10.00    0.00    0.00  194.00    17  qemu-system-aar
14:14:00     1000         -   3735172    1.00    0.00    0.00    0.00    1.00    17  |__qemu-system-aar
14:14:00     1000         -   3735179    0.00    0.00    0.00    0.00    0.00    23  |__call_rcu
14:14:00     1000         -   3735194   88.00    5.00    0.00    0.00   93.00     0  |__CPU 0/TCG
14:14:00     1000         -   3735195    1.00    0.00    0.00    0.00    1.00    20  |__CPU 1/TCG
14:14:00     1000         -   3735196   94.00    4.00    0.00    0.00   98.00     4  |__CPU 2/TCG
14:14:00     1000         -   3735197    0.00    0.00    0.00    0.00    0.00     7  |__CPU 3/TCG
14:14:01     1000   3735172         -  181.00   13.00    0.00    0.00  194.00    17  qemu-system-aar
14:14:01     1000         -   3735172    1.00    1.00    0.00    0.00    2.00    17  |__qemu-system-aar
14:14:01     1000         -   3735179    0.00    0.00    0.00    0.00    0.00    23  |__call_rcu
14:14:01     1000         -   3735194   88.00    5.00    0.00    0.00   93.00    16  |__CPU 0/TCG
14:14:01     1000         -   3735195    0.00    0.00    0.00    0.00    0.00    20  |__CPU 1/TCG
14:14:01     1000         -   3735196   91.00    8.00    0.00    0.00   99.00     4  |__CPU 2/TCG
14:14:01     1000         -   3735197    0.00    0.00    0.00    0.00    0.00     7  |__CPU 3/TCG
14:14:02     1000   3735172         -  187.00    8.00    0.00    0.00  195.00     3  qemu-system-aar
14:14:02     1000         -   3735172    0.00    1.00    0.00    0.00    1.00     3  |__qemu-system-aar
14:14:02     1000         -   3735179    0.00    0.00    0.00    0.00    0.00    23  |__call_rcu
14:14:02     1000         -   3735194   91.00    3.00    0.00    0.00   94.00    16  |__CPU 0/TCG
14:14:02     1000         -   3735195    1.00    0.00    0.00    0.00    1.00    20  |__CPU 1/TCG
14:14:02     1000         -   3735196   95.00    4.00    0.00    0.00   99.00     4  |__CPU 2/TCG
14:14:02     1000         -   3735197    0.00    0.00    0.00    0.00    0.00     7  |__CPU 3/TCG
14:14:03     1000   3735172         -  183.00   12.00    0.00    0.00  195.00     5  qemu-system-aar
14:14:03     1000         -   3735172    1.00    1.00    0.00    0.00    2.00     5  |__qemu-system-aar
14:14:03     1000         -   3735179    0.00    0.00    0.00    0.00    0.00    23  |__call_rcu
14:14:03     1000         -   3735194   88.00    5.00    0.00    0.00   93.00    16  |__CPU 0/TCG
14:14:03     1000         -   3735195    0.00    0.00    0.00    0.00    0.00    18  |__CPU 1/TCG
14:14:03     1000         -   3735196   93.00    6.00    0.00    0.00   99.00     4  |__CPU 2/TCG
14:14:03     1000         -   3735197    0.00    0.00    0.00    0.00    0.00     7  |__CPU 3/TCG
14:14:04     1000   3735172         -  184.00    9.00    0.00    0.00  193.00     3  qemu-system-aar
14:14:04     1000         -   3735172    0.00    0.00    0.00    0.00    0.00     3  |__qemu-system-aar
14:14:04     1000         -   3735179    0.00    0.00    0.00    0.00    0.00    23  |__call_rcu
14:14:04     1000         -   3735194   88.00    5.00    0.00    0.00   93.00     0  |__CPU 0/TCG
14:14:04     1000         -   3735195    1.00    0.00    0.00    0.00    1.00    18  |__CPU 1/TCG
14:14:04     1000         -   3735196   95.00    5.00    0.00    0.00  100.00    20  |__CPU 2/TCG
14:14:04     1000         -   3735197    0.00    0.00    0.00    0.00    0.00     7  |__CPU 3/TCG
14:14:05     1000   3735172         -  185.00   10.00    0.00    0.00  195.00     2  qemu-system-aar
14:14:05     1000         -   3735172    1.00    1.00    0.00    0.00    2.00     2  |__qemu-system-aar
14:14:05     1000         -   3735179    0.00    0.00    0.00    0.00    0.00    23  |__call_rcu
14:14:05     1000         -   3735194   90.00    5.00    0.00    0.00   95.00     0  |__CPU 0/TCG
14:14:05     1000         -   3735195    0.00    0.00    0.00    0.00    0.00     5  |__CPU 1/TCG
14:14:05     1000         -   3735196   94.00    5.00    0.00    0.00   99.00    20  |__CPU 2/TCG
14:14:05     1000         -   3735197    0.00    0.00    0.00    0.00    0.00     7  |__CPU 3/TCG
14:14:06     1000   3735172         -  182.00   11.00    0.00    0.00  193.00     6  qemu-system-aar
14:14:06     1000         -   3735172    0.00    1.00    0.00    0.00    1.00     6  |__qemu-system-aar
14:14:06     1000         -   3735179    0.00    0.00    0.00    0.00    0.00    23  |__call_rcu
14:14:06     1000         -   3735194   87.00    5.00    0.00    0.00   92.00     0  |__CPU 0/TCG
14:14:06     1000         -   3735195    1.00    0.00    0.00    0.00    1.00     5  |__CPU 1/TCG
14:14:06     1000         -   3735196   93.00    6.00    0.00    0.00   99.00    20  |__CPU 2/TCG
14:14:06     1000         -   3735197    0.00    0.00    0.00    0.00    0.00     7  |__CPU 3/TCG
14:14:07     1000   3735172         -  181.19   10.89    0.00    0.00  192.08     6  qemu-system-aar
14:14:07     1000         -   3735172    0.00    0.99    0.00    0.00    0.99     6  |__qemu-system-aar
14:14:07     1000         -   3735179    0.00    0.00    0.00    0.00    0.00    23  |__call_rcu
14:14:07     1000         -   3735194   87.13    3.96    0.00    0.00   91.09     0  |__CPU 0/TCG
14:14:07     1000         -   3735195    0.00    0.00    0.00    0.00    0.00    18  |__CPU 1/TCG
14:14:07     1000         -   3735196   91.09    5.94    0.00    0.00   97.03    20  |__CPU 2/TCG
14:14:07     1000         -   3735197    0.00    0.00    0.00    0.00    0.00     7  |__CPU 3/TCG
14:14:08     1000   3735172         -  182.00   12.00    0.00    0.00  194.00     6  qemu-system-aar
14:14:08     1000         -   3735172    1.00    1.00    0.00    0.00    2.00     6  |__qemu-system-aar
14:14:08     1000         -   3735179    0.00    0.00    0.00    0.00    0.00    23  |__call_rcu
14:14:08     1000         -   3735194   88.00    5.00    0.00    0.00   93.00     0  |__CPU 0/TCG
14:14:08     1000         -   3735195    1.00    0.00    0.00    0.00    1.00    18  |__CPU 1/TCG
14:14:08     1000         -   3735196   93.00    7.00    0.00    0.00  100.00    20  |__CPU 2/TCG
14:14:08     1000         -   3735197    0.00    0.00    0.00    0.00    0.00     7  |__CPU 3/TCG
14:14:09     1000   3735172         -  183.00   11.00    0.00    0.00  194.00     6  qemu-system-aar
14:14:09     1000         -   3735172    1.00    0.00    0.00    0.00    1.00     6  |__qemu-system-aar
14:14:09     1000         -   3735179    0.00    0.00    0.00    0.00    0.00    23  |__call_rcu
14:14:09     1000         -   3735194   88.00    5.00    0.00    0.00   93.00    16  |__CPU 0/TCG
14:14:09     1000         -   3735195    1.00    0.00    0.00    0.00    1.00     7  |__CPU 1/TCG
14:14:09     1000         -   3735196   93.00    6.00    0.00    0.00   99.00    20  |__CPU 2/TCG
14:14:09     1000         -   3735197    0.00    0.00    0.00    0.00    0.00     7  |__CPU 3/TCG
14:14:10     1000   3735172         -  184.00   11.00    0.00    0.00  195.00     5  qemu-system-aar
14:14:10     1000         -   3735172    0.00    1.00    0.00    0.00    1.00     5  |__qemu-system-aar
14:14:10     1000         -   3735179    0.00    0.00    0.00    0.00    0.00    23  |__call_rcu
14:14:10     1000         -   3735194   89.00    5.00    0.00    0.00   94.00    16  |__CPU 0/TCG
14:14:10     1000         -   3735195    0.00    0.00    0.00    0.00    0.00     7  |__CPU 1/TCG
14:14:10     1000         -   3735196   94.00    5.00    0.00    0.00   99.00    20  |__CPU 2/TCG
14:14:10     1000         -   3735197    0.00    0.00    0.00    0.00    0.00     7  |__CPU 3/TCG
14:14:11     1000   3735172         -  188.00    7.00    0.00    0.00  195.00     5  qemu-system-aar
14:14:11     1000         -   3735172    1.00    1.00    0.00    0.00    2.00     5  |__qemu-system-aar
14:14:11     1000         -   3735179    0.00    0.00    0.00    0.00    0.00    23  |__call_rcu
14:14:11     1000         -   3735194   92.00    2.00    0.00    0.00   94.00    16  |__CPU 0/TCG
14:14:11     1000         -   3735195    1.00    0.00    0.00    0.00    1.00    18  |__CPU 1/TCG
14:14:11     1000         -   3735196   95.00    5.00    0.00    0.00  100.00    20  |__CPU 2/TCG
14:14:11     1000         -   3735197    0.00    0.00    0.00    0.00    0.00     7  |__CPU 3/TCG
14:14:12     1000   3735172         -  185.00    9.00    0.00    0.00  194.00     7  qemu-system-aar
14:14:12     1000         -   3735172    1.00    0.00    0.00    0.00    1.00     7  |__qemu-system-aar
14:14:12     1000         -   3735179    0.00    0.00    0.00    0.00    0.00    23  |__call_rcu
14:14:12     1000         -   3735194   90.00    4.00    0.00    0.00   94.00    16  |__CPU 0/TCG
14:14:12     1000         -   3735195    0.00    0.00    0.00    0.00    0.00    18  |__CPU 1/TCG
14:14:12     1000         -   3735196   93.00    5.00    0.00    0.00   98.00    20  |__CPU 2/TCG
14:14:12     1000         -   3735197    0.00    0.00    0.00    0.00    0.00     7  |__CPU 3/TCG
14:14:13     1000   3735172         -  185.00    9.00    0.00    0.00  194.00     7  qemu-system-aar
14:14:13     1000         -   3735172    0.00    1.00    0.00    0.00    1.00     7  |__qemu-system-aar
14:14:13     1000         -   3735179    0.00    0.00    0.00    0.00    0.00    23  |__call_rcu
14:14:13     1000         -   3735194   89.00    4.00    0.00    0.00   93.00    16  |__CPU 0/TCG
14:14:13     1000         -   3735195    1.00    0.00    0.00    0.00    1.00    18  |__CPU 1/TCG
14:14:13     1000         -   3735196   94.00    5.00    0.00    0.00   99.00    20  |__CPU 2/TCG
14:14:13     1000         -   3735197    0.00    0.00    0.00    0.00    0.00     7  |__CPU 3/TCG
14:14:14     1000   3735172         -  186.00    9.00    0.00    0.00  195.00    19  qemu-system-aar
14:14:14     1000         -   3735172    1.00    1.00    0.00    0.00    2.00    19  |__qemu-system-aar
14:14:14     1000         -   3735179    0.00    0.00    0.00    0.00    0.00    23  |__call_rcu
14:14:14     1000         -   3735194   90.00    4.00    0.00    0.00   94.00    16  |__CPU 0/TCG
14:14:14     1000         -   3735195    1.00    0.00    0.00    0.00    1.00     7  |__CPU 1/TCG
14:14:14     1000         -   3735196   95.00    5.00    0.00    0.00  100.00    20  |__CPU 2/TCG
14:14:14     1000         -   3735197    0.00    0.00    0.00    0.00    0.00     7  |__CPU 3/TCG
14:14:15     1000   3735172         -  186.00    9.00    0.00    0.00  195.00    21  qemu-system-aar
14:14:15     1000         -   3735172    1.00    0.00    0.00    0.00    1.00    21  |__qemu-system-aar
14:14:15     1000         -   3735179    0.00    0.00    0.00    0.00    0.00    23  |__call_rcu
14:14:15     1000         -   3735194   89.00    5.00    0.00    0.00   94.00    16  |__CPU 0/TCG
14:14:15     1000         -   3735195    0.00    0.00    0.00    0.00    0.00    19  |__CPU 1/TCG
14:14:15     1000         -   3735196   94.00    4.00    0.00    0.00   98.00    20  |__CPU 2/TCG
14:14:15     1000         -   3735197    0.00    0.00    0.00    0.00    0.00     7  |__CPU 3/TCG
14:14:16     1000   3735172         -  184.00   10.00    0.00    0.00  194.00     3  qemu-system-aar
14:14:16     1000         -   3735172    0.00    1.00    0.00    0.00    1.00     3  |__qemu-system-aar
14:14:16     1000         -   3735179    0.00    0.00    0.00    0.00    0.00    23  |__call_rcu
14:14:16     1000         -   3735194   88.00    4.00    0.00    0.00   92.00    16  |__CPU 0/TCG
14:14:16     1000         -   3735195    1.00    0.00    0.00    0.00    1.00    19  |__CPU 1/TCG
14:14:16     1000         -   3735196   95.00    5.00    0.00    0.00  100.00    20  |__CPU 2/TCG
14:14:16     1000         -   3735197    0.00    0.00    0.00    0.00    0.00     7  |__CPU 3/TCG
14:14:17     1000   3735172         -  186.00    9.00    0.00    0.00  195.00    18  qemu-system-aar
14:14:17     1000         -   3735172    0.00    1.00    0.00    0.00    1.00    18  |__qemu-system-aar
14:14:17     1000         -   3735179    0.00    0.00    0.00    0.00    0.00    23  |__call_rcu
14:14:17     1000         -   3735194   90.00    4.00    0.00    0.00   94.00    16  |__CPU 0/TCG
14:14:17     1000         -   3735195    0.00    0.00    0.00    0.00    0.00    19  |__CPU 1/TCG
14:14:17     1000         -   3735196   94.00    5.00    0.00    0.00   99.00     4  |__CPU 2/TCG
14:14:17     1000         -   3735197    0.00    0.00    0.00    0.00    0.00     7  |__CPU 3/TCG
14:14:18     1000   3735172         -  184.00   10.00    0.00    0.00  194.00    22  qemu-system-aar
14:14:18     1000         -   3735172    1.00    1.00    0.00    0.00    2.00    22  |__qemu-system-aar
14:14:18     1000         -   3735179    0.00    0.00    0.00    0.00    0.00    23  |__call_rcu
14:14:18     1000         -   3735194   90.00    4.00    0.00    0.00   94.00    16  |__CPU 0/TCG
14:14:18     1000         -   3735195    1.00    0.00    0.00    0.00    1.00     7  |__CPU 1/TCG
14:14:18     1000         -   3735196   93.00    6.00    0.00    0.00   99.00    20  |__CPU 2/TCG
14:14:18     1000         -   3735197    0.00    0.00    0.00    0.00    0.00     7  |__CPU 3/TCG
14:14:19     1000   3735172         -  183.00   11.00    0.00    0.00  194.00    22  qemu-system-aar
14:14:19     1000         -   3735172    1.00    0.00    0.00    0.00    1.00    22  |__qemu-system-aar
14:14:19     1000         -   3735179    0.00    0.00    0.00    0.00    0.00    23  |__call_rcu
14:14:19     1000         -   3735194   87.00    6.00    0.00    0.00   93.00    16  |__CPU 0/TCG
14:14:19     1000         -   3735195    0.00    0.00    0.00    0.00    0.00     7  |__CPU 1/TCG
14:14:19     1000         -   3735196   93.00    6.00    0.00    0.00   99.00    20  |__CPU 2/TCG
14:14:19     1000         -   3735197    0.00    0.00    0.00    0.00    0.00     7  |__CPU 3/TCG
14:14:20     1000   3735172         -  184.00   10.00    0.00    0.00  194.00    23  qemu-system-aar
14:14:20     1000         -   3735172    0.00    1.00    0.00    0.00    1.00    23  |__qemu-system-aar
14:14:20     1000         -   3735179    0.00    0.00    0.00    0.00    0.00    23  |__call_rcu
14:14:20     1000         -   3735194   89.00    4.00    0.00    0.00   93.00     0  |__CPU 0/TCG
14:14:20     1000         -   3735195    1.00    0.00    0.00    0.00    1.00     7  |__CPU 1/TCG
14:14:20     1000         -   3735196   94.00    5.00    0.00    0.00   99.00    20  |__CPU 2/TCG
14:14:20     1000         -   3735197    0.00    0.00    0.00    0.00    0.00     7  |__CPU 3/TCG
14:14:21     1000   3735172         -  184.00   10.00    0.00    0.00  194.00    23  qemu-system-aar
14:14:21     1000         -   3735172    1.00    1.00    0.00    0.00    2.00    23  |__qemu-system-aar
14:14:21     1000         -   3735179    0.00    0.00    0.00    0.00    0.00    23  |__call_rcu
14:14:21     1000         -   3735194   88.00    4.00    0.00    0.00   92.00    16  |__CPU 0/TCG
14:14:21     1000         -   3735195    0.00    0.00    0.00    0.00    0.00     7  |__CPU 1/TCG
14:14:21     1000         -   3735196   94.00    5.00    0.00    0.00   99.00    20  |__CPU 2/TCG
14:14:21     1000         -   3735197    0.00    0.00    0.00    0.00    0.00     7  |__CPU 3/TCG
14:14:22     1000   3735172         -  183.00   10.00    0.00    0.00  193.00     3  qemu-system-aar
14:14:22     1000         -   3735172    0.00    0.00    0.00    0.00    0.00     3  |__qemu-system-aar
14:14:22     1000         -   3735179    0.00    0.00    0.00    0.00    0.00    23  |__call_rcu
14:14:22     1000         -   3735194   89.00    4.00    0.00    0.00   93.00    16  |__CPU 0/TCG
14:14:22     1000         -   3735195    1.00    0.00    0.00    0.00    1.00     7  |__CPU 1/TCG
14:14:22     1000         -   3735196   93.00    6.00    0.00    0.00   99.00    20  |__CPU 2/TCG
14:14:22     1000         -   3735197    0.00    0.00    0.00    0.00    0.00     7  |__CPU 3/TCG
14:14:23     1000   3735172         -  184.00   10.00    0.00    0.00  194.00     5  qemu-system-aar
14:14:23     1000         -   3735172    1.00    1.00    0.00    0.00    2.00     5  |__qemu-system-aar
14:14:23     1000         -   3735179    0.00    0.00    0.00    0.00    0.00    23  |__call_rcu
14:14:23     1000         -   3735194   88.00    5.00    0.00    0.00   93.00    16  |__CPU 0/TCG
14:14:23     1000         -   3735195    0.00    0.00    0.00    0.00    0.00     0  |__CPU 1/TCG
14:14:23     1000         -   3735196   94.00    5.00    0.00    0.00   99.00    20  |__CPU 2/TCG
14:14:23     1000         -   3735197    0.00    0.00    0.00    0.00    0.00     7  |__CPU 3/TCG
14:14:24     1000   3735172         -  184.00   10.00    0.00    0.00  194.00    17  qemu-system-aar
14:14:24     1000         -   3735172    1.00    0.00    0.00    0.00    1.00    17  |__qemu-system-aar
14:14:24     1000         -   3735179    0.00    0.00    0.00    0.00    0.00    23  |__call_rcu
14:14:24     1000         -   3735194   89.00    5.00    0.00    0.00   94.00    16  |__CPU 0/TCG
14:14:24     1000         -   3735195    1.00    0.00    0.00    0.00    1.00    20  |__CPU 1/TCG
14:14:24     1000         -   3735196   94.00    5.00    0.00    0.00   99.00     4  |__CPU 2/TCG
14:14:24     1000         -   3735197    0.00    0.00    0.00    0.00    0.00     7  |__CPU 3/TCG
14:14:25     1000   3735172         -  185.00    8.00    0.00    0.00  193.00    17  qemu-system-aar
14:14:25     1000         -   3735172    1.00    1.00    0.00    0.00    2.00    17  |__qemu-system-aar
14:14:25     1000         -   3735179    0.00    0.00    0.00    0.00    0.00    23  |__call_rcu
14:14:25     1000         -   3735194   89.00    4.00    0.00    0.00   93.00    16  |__CPU 0/TCG
14:14:25     1000         -   3735195    1.00    1.00    0.00    0.00    2.00     0  |__CPU 1/TCG
14:14:25     1000         -   3735196   95.00    4.00    0.00    0.00   99.00    20  |__CPU 2/TCG
14:14:25     1000         -   3735197    0.00    0.00    0.00    0.00    0.00     7  |__CPU 3/TCG
14:14:26     1000   3735172         -  181.00   12.00    0.00    0.00  193.00     6  qemu-system-aar
14:14:26     1000         -   3735172    0.00    1.00    0.00    0.00    1.00     6  |__qemu-system-aar
14:14:26     1000         -   3735179    0.00    0.00    0.00    0.00    0.00    23  |__call_rcu
14:14:26     1000         -   3735194   86.00    4.00    0.00    0.00   90.00    16  |__CPU 0/TCG
14:14:26     1000         -   3735195    0.00    0.00    0.00    0.00    0.00     0  |__CPU 1/TCG
14:14:26     1000         -   3735196   93.00    7.00    0.00    0.00  100.00    20  |__CPU 2/TCG
14:14:26     1000         -   3735197    0.00    0.00    0.00    0.00    0.00     7  |__CPU 3/TCG
14:14:27     1000   3735172         -  184.00   10.00    0.00    0.00  194.00    17  qemu-system-aar
14:14:27     1000         -   3735172    0.00    1.00    0.00    0.00    1.00    17  |__qemu-system-aar
14:14:27     1000         -   3735179    0.00    0.00    0.00    0.00    0.00    23  |__call_rcu
14:14:27     1000         -   3735194   88.00    5.00    0.00    0.00   93.00    16  |__CPU 0/TCG
14:14:27     1000         -   3735195    1.00    0.00    0.00    0.00    1.00     0  |__CPU 1/TCG
14:14:27     1000         -   3735196   94.00    5.00    0.00    0.00   99.00    20  |__CPU 2/TCG
14:14:27     1000         -   3735197    0.00    0.00    0.00    0.00    0.00     7  |__CPU 3/TCG
14:14:28     1000   3735172         -  181.00   11.00    0.00    0.00  192.00    17  qemu-system-aar
14:14:28     1000         -   3735172    1.00    0.00    0.00    0.00    1.00    17  |__qemu-system-aar
14:14:28     1000         -   3735179    0.00    0.00    0.00    0.00    0.00    23  |__call_rcu
14:14:28     1000         -   3735194   86.00    6.00    0.00    0.00   92.00    16  |__CPU 0/TCG
14:14:28     1000         -   3735195    0.00    0.00    0.00    0.00    0.00     0  |__CPU 1/TCG
14:14:28     1000         -   3735196   93.00    5.00    0.00    0.00   98.00    20  |__CPU 2/TCG
14:14:28     1000         -   3735197    0.00    0.00    0.00    0.00    0.00     7  |__CPU 3/TCG
14:14:29     1000   3735172         -  184.00   10.00    0.00    0.00  194.00    17  qemu-system-aar
14:14:29     1000         -   3735172    0.00    1.00    0.00    0.00    1.00    17  |__qemu-system-aar
14:14:29     1000         -   3735179    0.00    0.00    0.00    0.00    0.00    23  |__call_rcu
14:14:29     1000         -   3735194   89.00    4.00    0.00    0.00   93.00     0  |__CPU 0/TCG
14:14:29     1000         -   3735195    1.00    0.00    0.00    0.00    1.00    19  |__CPU 1/TCG
14:14:29     1000         -   3735196   94.00    6.00    0.00    0.00  100.00    20  |__CPU 2/TCG
14:14:29     1000         -   3735197    0.00    0.00    0.00    0.00    0.00     7  |__CPU 3/TCG
14:14:30     1000   3735172         -  185.00   11.00    0.00    0.00  196.00    17  qemu-system-aar
14:14:30     1000         -   3735172    1.00    1.00    0.00    0.00    2.00    17  |__qemu-system-aar
14:14:30     1000         -   3735179    0.00    0.00    0.00    0.00    0.00    23  |__call_rcu
14:14:30     1000         -   3735194   88.00    6.00    0.00    0.00   94.00     0  |__CPU 0/TCG
14:14:30     1000         -   3735195    0.00    0.00    0.00    0.00    0.00    19  |__CPU 1/TCG
14:14:30     1000         -   3735196   94.00    5.00    0.00    0.00   99.00    20  |__CPU 2/TCG
14:14:30     1000         -   3735197    0.00    0.00    0.00    0.00    0.00     7  |__CPU 3/TCG
14:14:31     1000   3735172         -  183.00   10.00    0.00    0.00  193.00    17  qemu-system-aar
14:14:31     1000         -   3735172    0.00    1.00    0.00    0.00    1.00    17  |__qemu-system-aar
14:14:31     1000         -   3735179    0.00    0.00    0.00    0.00    0.00    23  |__call_rcu
14:14:31     1000         -   3735194   89.00    4.00    0.00    1.00   93.00     0  |__CPU 0/TCG
14:14:31     1000         -   3735195    1.00    0.00    0.00    0.00    1.00    19  |__CPU 1/TCG
14:14:31     1000         -   3735196   93.00    5.00    0.00    0.00   98.00    20  |__CPU 2/TCG
14:14:31     1000         -   3735197    0.00    0.00    0.00    0.00    0.00     7  |__CPU 3/TCG
14:14:32     1000   3735172         -  185.00    9.00    0.00    0.00  194.00    22  qemu-system-aar
14:14:32     1000         -   3735172    0.00    1.00    0.00    0.00    1.00    22  |__qemu-system-aar
14:14:32     1000         -   3735179    0.00    0.00    0.00    0.00    0.00    23  |__call_rcu
14:14:32     1000         -   3735194   89.00    4.00    0.00    0.00   93.00    16  |__CPU 0/TCG
14:14:32     1000         -   3735195    1.00    0.00    0.00    0.00    1.00     1  |__CPU 1/TCG
14:14:32     1000         -   3735196   95.00    5.00    0.00    0.00  100.00    20  |__CPU 2/TCG
14:14:32     1000         -   3735197    0.00    0.00    0.00    0.00    0.00     7  |__CPU 3/TCG
14:14:33     1000   3735172         -  184.00   10.00    0.00    0.00  194.00    22  qemu-system-aar
14:14:33     1000         -   3735172    1.00    1.00    0.00    0.00    2.00    22  |__qemu-system-aar
14:14:33     1000         -   3735179    0.00    0.00    0.00    0.00    0.00    23  |__call_rcu
14:14:33     1000         -   3735194   87.00    5.00    0.00    0.00   92.00    16  |__CPU 0/TCG
14:14:33     1000         -   3735195    0.00    0.00    0.00    0.00    0.00     1  |__CPU 1/TCG
14:14:33     1000         -   3735196   94.00    5.00    0.00    0.00   99.00    20  |__CPU 2/TCG
14:14:33     1000         -   3735197    0.00    0.00    0.00    0.00    0.00     7  |__CPU 3/TCG
14:14:34     1000   3735172         -  180.00   11.00    0.00    0.00  191.00    22  qemu-system-aar
14:14:34     1000         -   3735172    0.00    1.00    0.00    0.00    1.00    22  |__qemu-system-aar
14:14:34     1000         -   3735179    0.00    0.00    0.00    0.00    0.00    23  |__call_rcu
14:14:34     1000         -   3735194   86.00    5.00    0.00    0.00   91.00    16  |__CPU 0/TCG
14:14:34     1000         -   3735195    0.00    0.00    0.00    0.00    0.00     0  |__CPU 1/TCG
14:14:34     1000         -   3735196   93.00    6.00    0.00    0.00   99.00    20  |__CPU 2/TCG
14:14:34     1000         -   3735197    0.00    0.00    0.00    0.00    0.00     7  |__CPU 3/TCG
14:14:35     1000   3735172         -  176.00   14.00    0.00    0.00  190.00    19  qemu-system-aar
14:14:35     1000         -   3735172    0.00    1.00    0.00    0.00    1.00    19  |__qemu-system-aar
14:14:35     1000         -   3735179    0.00    0.00    0.00    0.00    0.00    23  |__call_rcu
14:14:35     1000         -   3735194   83.00    6.00    0.00    0.00   89.00    16  |__CPU 0/TCG
14:14:35     1000         -   3735195    1.00    0.00    0.00    0.00    1.00     0  |__CPU 1/TCG
14:14:35     1000         -   3735196   92.00    7.00    0.00    0.00   99.00     4  |__CPU 2/TCG
14:14:35     1000         -   3735197    0.00    0.00    0.00    0.00    0.00     7  |__CPU 3/TCG
14:14:36     1000   3735172         -  174.00   14.00    0.00    0.00  188.00    19  qemu-system-aar
14:14:36     1000         -   3735172    1.00    1.00    0.00    0.00    2.00    19  |__qemu-system-aar
14:14:36     1000         -   3735179    0.00    0.00    0.00    0.00    0.00    23  |__call_rcu
14:14:36     1000         -   3735194   81.00    6.00    0.00    0.00   87.00    16  |__CPU 0/TCG
14:14:36     1000         -   3735195    0.00    0.00    0.00    0.00    0.00     0  |__CPU 1/TCG
14:14:36     1000         -   3735196   91.00    8.00    0.00    0.00   99.00     4  |__CPU 2/TCG
14:14:36     1000         -   3735197    0.00    0.00    0.00    0.00    0.00     7  |__CPU 3/TCG
14:14:37     1000   3735172         -  175.00   12.00    0.00    0.00  187.00    19  qemu-system-aar
14:14:37     1000         -   3735172    0.00    1.00    0.00    0.00    1.00    19  |__qemu-system-aar
14:14:37     1000         -   3735179    0.00    0.00    0.00    0.00    0.00    23  |__call_rcu
14:14:37     1000         -   3735194   80.00    6.00    0.00    0.00   86.00    16  |__CPU 0/TCG
14:14:37     1000         -   3735195    1.00    0.00    0.00    0.00    1.00     0  |__CPU 1/TCG
14:14:37     1000         -   3735196   94.00    6.00    0.00    0.00  100.00    20  |__CPU 2/TCG
14:14:37     1000         -   3735197    0.00    0.00    0.00    0.00    0.00     7  |__CPU 3/TCG
14:14:38     1000   3735172         -  177.00   14.00    0.00    0.00  191.00    22  qemu-system-aar
14:14:38     1000         -   3735172    0.00    1.00    0.00    0.00    1.00    22  |__qemu-system-aar
14:14:38     1000         -   3735179    0.00    0.00    0.00    0.00    0.00    23  |__call_rcu
14:14:38     1000         -   3735194   84.00    6.00    0.00    0.00   90.00    16  |__CPU 0/TCG
14:14:38     1000         -   3735195    0.00    0.00    0.00    0.00    0.00     0  |__CPU 1/TCG
14:14:38     1000         -   3735196   91.00    7.00    0.00    0.00   98.00    20  |__CPU 2/TCG
14:14:38     1000         -   3735197    0.00    0.00    0.00    0.00    0.00     7  |__CPU 3/TCG
14:14:39     1000   3735172         -  172.00   16.00    0.00    0.00  188.00     1  qemu-system-aar
14:14:39     1000         -   3735172    1.00    0.00    0.00    0.00    1.00     1  |__qemu-system-aar
14:14:39     1000         -   3735179    0.00    0.00    0.00    0.00    0.00    23  |__call_rcu
14:14:39     1000         -   3735194   81.00    6.00    0.00    0.00   87.00    16  |__CPU 0/TCG
14:14:39     1000         -   3735195    1.00    0.00    0.00    0.00    1.00     3  |__CPU 1/TCG
14:14:39     1000         -   3735196   90.00   10.00    0.00    0.00  100.00    20  |__CPU 2/TCG
14:14:39     1000         -   3735197    0.00    0.00    0.00    0.00    0.00     7  |__CPU 3/TCG
14:14:40     1000   3735172         -  176.00   14.00    0.00    0.00  190.00     1  qemu-system-aar
14:14:40     1000         -   3735172    1.00    0.00    0.00    0.00    1.00     1  |__qemu-system-aar
14:14:40     1000         -   3735179    0.00    0.00    0.00    0.00    0.00    23  |__call_rcu
14:14:40     1000         -   3735194   82.00    7.00    0.00    0.00   89.00    16  |__CPU 0/TCG
14:14:40     1000         -   3735195    1.00    1.00    0.00    0.00    2.00     4  |__CPU 1/TCG
14:14:40     1000         -   3735196   91.00    8.00    0.00    0.00   99.00    20  |__CPU 2/TCG
14:14:40     1000         -   3735197    0.00    0.00    0.00    0.00    0.00     7  |__CPU 3/TCG
14:14:41     1000   3735172         -  176.00   13.00    0.00    0.00  189.00     5  qemu-system-aar
14:14:41     1000         -   3735172    0.00    1.00    0.00    0.00    1.00     5  |__qemu-system-aar
14:14:41     1000         -   3735179    0.00    0.00    0.00    0.00    0.00    23  |__call_rcu
14:14:41     1000         -   3735194   83.00    5.00    0.00    0.00   88.00    16  |__CPU 0/TCG
14:14:41     1000         -   3735195    0.00    0.00    0.00    0.00    0.00     4  |__CPU 1/TCG
14:14:41     1000         -   3735196   92.00    7.00    0.00    0.00   99.00    20  |__CPU 2/TCG
14:14:41     1000         -   3735197    0.00    0.00    0.00    0.00    0.00     7  |__CPU 3/TCG
14:14:42     1000   3735172         -  176.00   14.00    0.00    0.00  190.00     3  qemu-system-aar
14:14:42     1000         -   3735172    1.00    1.00    0.00    0.00    2.00     3  |__qemu-system-aar
14:14:42     1000         -   3735179    0.00    0.00    0.00    0.00    0.00    23  |__call_rcu
14:14:42     1000         -   3735194   82.00    7.00    0.00    0.00   89.00    16  |__CPU 0/TCG
14:14:42     1000         -   3735195    1.00    0.00    0.00    0.00    1.00     6  |__CPU 1/TCG
14:14:42     1000         -   3735196   93.00    7.00    0.00    0.00  100.00     4  |__CPU 2/TCG
14:14:42     1000         -   3735197    0.00    0.00    0.00    0.00    0.00     7  |__CPU 3/TCG
14:14:43     1000   3735172         -  177.00   13.00    0.00    0.00  190.00     3  qemu-system-aar
14:14:43     1000         -   3735172    0.00    1.00    0.00    0.00    1.00     3  |__qemu-system-aar
14:14:43     1000         -   3735179    0.00    0.00    0.00    0.00    0.00    23  |__call_rcu
14:14:43     1000         -   3735194   83.00    6.00    0.00    0.00   89.00    16  |__CPU 0/TCG
14:14:43     1000         -   3735195    0.00    0.00    0.00    0.00    0.00     7  |__CPU 1/TCG
14:14:43     1000         -   3735196   93.00    6.00    0.00    0.00   99.00    20  |__CPU 2/TCG
14:14:43     1000         -   3735197    0.00    0.00    0.00    0.00    0.00     7  |__CPU 3/TCG
14:14:44     1000   3735172         -  183.00    9.00    0.00    0.00  192.00     5  qemu-system-aar
14:14:44     1000         -   3735172    0.00    1.00    0.00    0.00    1.00     5  |__qemu-system-aar
14:14:44     1000         -   3735179    0.00    0.00    0.00    0.00    0.00    23  |__call_rcu
14:14:44     1000         -   3735194   87.00    4.00    0.00    0.00   91.00    16  |__CPU 0/TCG
14:14:44     1000         -   3735195    1.00    0.00    0.00    0.00    1.00     7  |__CPU 1/TCG
14:14:44     1000         -   3735196   93.00    5.00    0.00    0.00   98.00    20  |__CPU 2/TCG
14:14:44     1000         -   3735197    0.00    0.00    0.00    0.00    0.00     7  |__CPU 3/TCG
14:14:45     1000   3735172         -  183.00   12.00    0.00    0.00  195.00     6  qemu-system-aar
14:14:45     1000         -   3735172    1.00    0.00    0.00    0.00    1.00     6  |__qemu-system-aar
14:14:45     1000         -   3735179    0.00    0.00    0.00    0.00    0.00    23  |__call_rcu
14:14:45     1000         -   3735194   88.00    6.00    0.00    0.00   94.00    16  |__CPU 0/TCG
14:14:45     1000         -   3735195    1.00    0.00    0.00    0.00    1.00     3  |__CPU 1/TCG
14:14:45     1000         -   3735196   93.00    6.00    0.00    0.00   99.00    20  |__CPU 2/TCG
14:14:45     1000         -   3735197    0.00    0.00    0.00    0.00    0.00     7  |__CPU 3/TCG
14:14:46     1000   3735172         -  181.00   12.00    0.00    0.00  193.00     5  qemu-system-aar
14:14:46     1000         -   3735172    1.00    1.00    0.00    0.00    2.00     5  |__qemu-system-aar
14:14:46     1000         -   3735179    0.00    0.00    0.00    0.00    0.00    23  |__call_rcu
14:14:46     1000         -   3735194   87.00    5.00    0.00    0.00   92.00    16  |__CPU 0/TCG
14:14:46     1000         -   3735195    0.00    0.00    0.00    0.00    0.00     2  |__CPU 1/TCG
14:14:46     1000         -   3735196   93.00    6.00    0.00    0.00   99.00    20  |__CPU 2/TCG
14:14:46     1000         -   3735197    0.00    0.00    0.00    0.00    0.00     7  |__CPU 3/TCG
14:14:47     1000   3735172         -  183.00   11.00    0.00    0.00  194.00    21  qemu-system-aar
14:14:47     1000         -   3735172    1.00    1.00    0.00    0.00    2.00    21  |__qemu-system-aar
14:14:47     1000         -   3735179    0.00    0.00    0.00    0.00    0.00    23  |__call_rcu
14:14:47     1000         -   3735194   88.00    5.00    0.00    0.00   93.00    16  |__CPU 0/TCG
14:14:47     1000         -   3735195    0.00    0.00    0.00    0.00    0.00     3  |__CPU 1/TCG
14:14:47     1000         -   3735196   93.00    6.00    0.00    0.00   99.00    20  |__CPU 2/TCG
14:14:47     1000         -   3735197    0.00    0.00    0.00    0.00    0.00     7  |__CPU 3/TCG
14:14:48     1000   3735172         -  183.00   11.00    0.00    0.00  194.00    23  qemu-system-aar
14:14:48     1000         -   3735172    0.00    1.00    0.00    0.00    1.00    23  |__qemu-system-aar
14:14:48     1000         -   3735179    0.00    0.00    0.00    0.00    0.00    23  |__call_rcu
14:14:48     1000         -   3735194   88.00    6.00    0.00    0.00   94.00    16  |__CPU 0/TCG
14:14:48     1000         -   3735195    1.00    0.00    0.00    0.00    1.00     2  |__CPU 1/TCG
14:14:48     1000         -   3735196   94.00    5.00    0.00    0.00   99.00    20  |__CPU 2/TCG
14:14:48     1000         -   3735197    0.00    0.00    0.00    0.00    0.00     7  |__CPU 3/TCG
14:14:49     1000   3735172         -  185.00   10.00    0.00    0.00  195.00    23  qemu-system-aar
14:14:49     1000         -   3735172    0.00    1.00    0.00    0.00    1.00    23  |__qemu-system-aar
14:14:49     1000         -   3735179    0.00    0.00    0.00    0.00    0.00    23  |__call_rcu
14:14:49     1000         -   3735194   89.00    4.00    0.00    0.00   93.00    16  |__CPU 0/TCG
14:14:49     1000         -   3735195    0.00    0.00    0.00    0.00    0.00     3  |__CPU 1/TCG
14:14:49     1000         -   3735196   94.00    6.00    0.00    0.00  100.00    20  |__CPU 2/TCG
14:14:49     1000         -   3735197    0.00    0.00    0.00    0.00    0.00     7  |__CPU 3/TCG
14:14:50     1000   3735172         -  186.00    8.00    0.00    0.00  194.00    22  qemu-system-aar
14:14:50     1000         -   3735172    1.00    1.00    0.00    0.00    2.00    22  |__qemu-system-aar
14:14:50     1000         -   3735179    0.00    0.00    0.00    0.00    0.00    23  |__call_rcu
14:14:50     1000         -   3735194   90.00    4.00    0.00    0.00   94.00    16  |__CPU 0/TCG
14:14:50     1000         -   3735195    1.00    0.00    0.00    0.00    1.00     4  |__CPU 1/TCG
14:14:50     1000         -   3735196   95.00    4.00    0.00    0.00   99.00    20  |__CPU 2/TCG
14:14:50     1000         -   3735197    0.00    0.00    0.00    0.00    0.00     7  |__CPU 3/TCG
14:14:51     1000   3735172         -  181.00   13.00    0.00    0.00  194.00    16  qemu-system-aar
14:14:51     1000         -   3735172    0.00    1.00    0.00    0.00    1.00    16  |__qemu-system-aar
14:14:51     1000         -   3735179    0.00    0.00    0.00    0.00    0.00    23  |__call_rcu
14:14:51     1000         -   3735194   87.00    6.00    0.00    0.00   93.00     0  |__CPU 0/TCG
14:14:51     1000         -   3735195    0.00    1.00    0.00    0.00    1.00     7  |__CPU 1/TCG
14:14:51     1000         -   3735196   93.00    6.00    0.00    0.00   99.00    20  |__CPU 2/TCG
14:14:51     1000         -   3735197    0.00    0.00    0.00    0.00    0.00     7  |__CPU 3/TCG
14:14:52     1000   3735172         -  186.00   10.00    0.00    0.00  196.00    16  qemu-system-aar
14:14:52     1000         -   3735172    1.00    1.00    0.00    0.00    2.00    16  |__qemu-system-aar
14:14:52     1000         -   3735179    0.00    0.00    0.00    0.00    0.00    23  |__call_rcu
14:14:52     1000         -   3735194   89.00    4.00    0.00    0.00   93.00     0  |__CPU 0/TCG
14:14:52     1000         -   3735195    1.00    0.00    0.00    0.00    1.00     7  |__CPU 1/TCG
14:14:52     1000         -   3735196   93.00    6.00    0.00    0.00   99.00    20  |__CPU 2/TCG
14:14:52     1000         -   3735197    0.00    0.00    0.00    0.00    0.00     7  |__CPU 3/TCG
14:14:53     1000   3735172         -  182.00   12.00    0.00    0.00  194.00     1  qemu-system-aar
14:14:53     1000         -   3735172    1.00    0.00    0.00    0.00    1.00     1  |__qemu-system-aar
14:14:53     1000         -   3735179    0.00    0.00    0.00    0.00    0.00    23  |__call_rcu
14:14:53     1000         -   3735194   89.00    5.00    0.00    0.00   94.00     0  |__CPU 0/TCG
14:14:53     1000         -   3735195    1.00    0.00    0.00    0.00    1.00     3  |__CPU 1/TCG
14:14:53     1000         -   3735196   93.00    6.00    0.00    0.00   99.00    20  |__CPU 2/TCG
14:14:53     1000         -   3735197    0.00    0.00    0.00    0.00    0.00     7  |__CPU 3/TCG
14:14:54     1000   3735172         -  184.00   10.00    0.00    0.00  194.00    19  qemu-system-aar
14:14:54     1000         -   3735172    0.00    1.00    0.00    0.00    1.00    19  |__qemu-system-aar
14:14:54     1000         -   3735179    0.00    0.00    0.00    0.00    0.00    23  |__call_rcu
14:14:54     1000         -   3735194   88.00    4.00    0.00    0.00   92.00    16  |__CPU 0/TCG
14:14:54     1000         -   3735195    0.00    0.00    0.00    0.00    0.00     3  |__CPU 1/TCG
14:14:54     1000         -   3735196   93.00    6.00    0.00    0.00   99.00    20  |__CPU 2/TCG
14:14:54     1000         -   3735197    0.00    0.00    0.00    0.00    0.00     7  |__CPU 3/TCG
14:14:55     1000   3735172         -  184.00   10.00    0.00    0.00  194.00    23  qemu-system-aar
14:14:55     1000         -   3735172    0.00    1.00    0.00    0.00    1.00    23  |__qemu-system-aar
14:14:55     1000         -   3735179    0.00    0.00    0.00    0.00    0.00    23  |__call_rcu
14:14:55     1000         -   3735194   89.00    5.00    0.00    0.00   94.00    16  |__CPU 0/TCG
14:14:55     1000         -   3735195    0.00    0.00    0.00    0.00    0.00     3  |__CPU 1/TCG
14:14:55     1000         -   3735196   94.00    5.00    0.00    0.00   99.00    20  |__CPU 2/TCG
14:14:55     1000         -   3735197    0.00    0.00    0.00    0.00    0.00     7  |__CPU 3/TCG
14:14:56     1000   3735172         -  184.00   10.00    0.00    0.00  194.00    19  qemu-system-aar
14:14:56     1000         -   3735172    2.00    0.00    0.00    0.00    2.00    19  |__qemu-system-aar
14:14:56     1000         -   3735179    0.00    0.00    0.00    0.00    0.00    23  |__call_rcu
14:14:56     1000         -   3735194   88.00    5.00    0.00    0.00   93.00    16  |__CPU 0/TCG
14:14:56     1000         -   3735195    1.00    0.00    0.00    0.00    1.00     6  |__CPU 1/TCG
14:14:56     1000         -   3735196   94.00    5.00    0.00    0.00   99.00     4  |__CPU 2/TCG
14:14:56     1000         -   3735197    0.00    0.00    0.00    0.00    0.00     7  |__CPU 3/TCG
14:14:57     1000   3735172         -  182.00   12.00    0.00    0.00  194.00     1  qemu-system-aar
14:14:57     1000         -   3735172    0.00    1.00    0.00    0.00    1.00     1  |__qemu-system-aar
14:14:57     1000         -   3735179    0.00    0.00    0.00    0.00    0.00    23  |__call_rcu
14:14:57     1000         -   3735194   87.00    5.00    0.00    0.00   92.00    16  |__CPU 0/TCG
14:14:57     1000         -   3735195    1.00    0.00    0.00    0.00    1.00     6  |__CPU 1/TCG
14:14:57     1000         -   3735196   93.00    6.00    0.00    0.00   99.00     4  |__CPU 2/TCG
14:14:57     1000         -   3735197    0.00    0.00    0.00    0.00    0.00     7  |__CPU 3/TCG
14:14:58     1000   3735172         -  183.00   11.00    0.00    0.00  194.00     6  qemu-system-aar
14:14:58     1000         -   3735172    0.00    1.00    0.00    0.00    1.00     6  |__qemu-system-aar
14:14:58     1000         -   3735179    0.00    0.00    0.00    0.00    0.00    23  |__call_rcu
14:14:58     1000         -   3735194   89.00    5.00    0.00    0.00   94.00    16  |__CPU 0/TCG
14:14:58     1000         -   3735195    0.00    0.00    0.00    0.00    0.00     2  |__CPU 1/TCG
14:14:58     1000         -   3735196   94.00    5.00    0.00    0.00   99.00     4  |__CPU 2/TCG
14:14:58     1000         -   3735197    0.00    0.00    0.00    0.00    0.00     7  |__CPU 3/TCG
14:14:59     1000   3735172         -  184.00   10.00    0.00    0.00  194.00     6  qemu-system-aar
14:14:59     1000         -   3735172    0.00    1.00    0.00    0.00    1.00     6  |__qemu-system-aar
14:14:59     1000         -   3735179    0.00    0.00    0.00    0.00    0.00    23  |__call_rcu
14:14:59     1000         -   3735194   89.00    4.00    0.00    0.00   93.00    16  |__CPU 0/TCG
14:14:59     1000         -   3735195    0.00    0.00    0.00    0.00    0.00     3  |__CPU 1/TCG
14:14:59     1000         -   3735196   93.00    7.00    0.00    0.00  100.00     4  |__CPU 2/TCG
14:14:59     1000         -   3735197    0.00    0.00    0.00    0.00    0.00     7  |__CPU 3/TCG
14:15:00     1000   3735172         -  182.00   10.00    0.00    0.00  192.00     7  qemu-system-aar
14:15:00     1000         -   3735172    1.00    1.00    0.00    0.00    2.00     7  |__qemu-system-aar
14:15:00     1000         -   3735179    0.00    0.00    0.00    0.00    0.00    23  |__call_rcu
14:15:00     1000         -   3735194   88.00    4.00    0.00    0.00   92.00    16  |__CPU 0/TCG
14:15:00     1000         -   3735195    1.00    0.00    0.00    0.00    1.00     3  |__CPU 1/TCG
14:15:00     1000         -   3735196   93.00    6.00    0.00    0.00   99.00     4  |__CPU 2/TCG
14:15:00     1000         -   3735197    0.00    0.00    0.00    0.00    0.00     7  |__CPU 3/TCG
14:15:01     1000   3735172         -  181.00   13.00    0.00    0.00  194.00     7  qemu-system-aar
14:15:01     1000         -   3735172    0.00    1.00    0.00    0.00    1.00     7  |__qemu-system-aar
14:15:01     1000         -   3735179    0.00    0.00    0.00    0.00    0.00    23  |__call_rcu
14:15:01     1000         -   3735194   88.00    4.00    0.00    0.00   92.00     0  |__CPU 0/TCG
14:15:01     1000         -   3735195    0.00    0.00    0.00    0.00    0.00    16  |__CPU 1/TCG
14:15:01     1000         -   3735196   92.00    7.00    0.00    0.00   99.00     4  |__CPU 2/TCG
14:15:01     1000         -   3735197    0.00    0.00    0.00    0.00    0.00     7  |__CPU 3/TCG
14:15:02     1000   3735172         -  183.00   10.00    0.00    0.00  193.00    22  qemu-system-aar
14:15:02     1000         -   3735172    0.00    2.00    0.00    0.00    2.00    22  |__qemu-system-aar
14:15:02     1000         -   3735179    0.00    0.00    0.00    0.00    0.00    23  |__call_rcu
14:15:02     1000         -   3735194   88.00    5.00    0.00    0.00   93.00    16  |__CPU 0/TCG
14:15:02     1000         -   3735195    1.00    0.00    0.00    0.00    1.00     3  |__CPU 1/TCG
14:15:02     1000         -   3735196   93.00    6.00    0.00    0.00   99.00     4  |__CPU 2/TCG
14:15:02     1000         -   3735197    0.00    0.00    0.00    0.00    0.00     7  |__CPU 3/TCG
14:15:03     1000   3735172         -  184.00   11.00    0.00    0.00  195.00    22  qemu-system-aar
14:15:03     1000         -   3735172    1.00    0.00    0.00    0.00    1.00    22  |__qemu-system-aar
14:15:03     1000         -   3735179    0.00    0.00    0.00    0.00    0.00    23  |__call_rcu
14:15:03     1000         -   3735194   89.00    5.00    0.00    0.00   94.00    16  |__CPU 0/TCG
14:15:03     1000         -   3735195    0.00    1.00    0.00    0.00    1.00    23  |__CPU 1/TCG
14:15:03     1000         -   3735196   93.00    6.00    0.00    0.00   99.00     4  |__CPU 2/TCG
14:15:03     1000         -   3735197    0.00    0.00    0.00    0.00    0.00     7  |__CPU 3/TCG
14:15:04     1000   3735172         -  184.00   11.00    0.00    0.00  195.00    22  qemu-system-aar
14:15:04     1000         -   3735172    1.00    1.00    0.00    0.00    2.00    22  |__qemu-system-aar
14:15:04     1000         -   3735179    0.00    0.00    0.00    0.00    0.00    23  |__call_rcu
14:15:04     1000         -   3735194   89.00    5.00    0.00    0.00   94.00     0  |__CPU 0/TCG
14:15:04     1000         -   3735195    1.00    0.00    0.00    0.00    1.00    23  |__CPU 1/TCG
14:15:04     1000         -   3735196   93.00    5.00    0.00    0.00   98.00     4  |__CPU 2/TCG
14:15:04     1000         -   3735197    0.00    0.00    0.00    0.00    0.00     7  |__CPU 3/TCG
14:15:05     1000   3735172         -  182.00   12.00    0.00    0.00  194.00    23  qemu-system-aar
14:15:05     1000         -   3735172    1.00    0.00    0.00    0.00    1.00    23  |__qemu-system-aar
14:15:05     1000         -   3735179    0.00    0.00    0.00    0.00    0.00    23  |__call_rcu
14:15:05     1000         -   3735194   87.00    6.00    0.00    0.00   93.00     0  |__CPU 0/TCG
14:15:05     1000         -   3735195    0.00    0.00    0.00    0.00    0.00     2  |__CPU 1/TCG
14:15:05     1000         -   3735196   93.00    6.00    0.00    0.00   99.00     4  |__CPU 2/TCG
14:15:05     1000         -   3735197    0.00    0.00    0.00    0.00    0.00     7  |__CPU 3/TCG
14:15:06     1000   3735172         -  183.00   11.00    0.00    0.00  194.00    23  qemu-system-aar
14:15:06     1000         -   3735172    0.00    1.00    0.00    0.00    1.00    23  |__qemu-system-aar
14:15:06     1000         -   3735179    0.00    0.00    0.00    0.00    0.00    23  |__call_rcu
14:15:06     1000         -   3735194   89.00    4.00    0.00    0.00   93.00    16  |__CPU 0/TCG
14:15:06     1000         -   3735195    1.00    0.00    0.00    0.00    1.00     2  |__CPU 1/TCG
14:15:06     1000         -   3735196   94.00    6.00    0.00    0.00  100.00     4  |__CPU 2/TCG
14:15:06     1000         -   3735197    0.00    0.00    0.00    0.00    0.00     7  |__CPU 3/TCG
14:15:07     1000   3735172         -  185.00   10.00    0.00    0.00  195.00    23  qemu-system-aar
14:15:07     1000         -   3735172    0.00    1.00    0.00    0.00    1.00    23  |__qemu-system-aar
14:15:07     1000         -   3735179    0.00    0.00    0.00    0.00    0.00    23  |__call_rcu
14:15:07     1000         -   3735194   88.00    6.00    0.00    0.00   94.00    16  |__CPU 0/TCG
14:15:07     1000         -   3735195    0.00    0.00    0.00    0.00    0.00     2  |__CPU 1/TCG
14:15:07     1000         -   3735196   95.00    4.00    0.00    0.00   99.00    20  |__CPU 2/TCG
14:15:07     1000         -   3735197    0.00    0.00    0.00    0.00    0.00     7  |__CPU 3/TCG
14:15:08     1000   3735172         -  184.00   11.00    0.00    0.00  195.00     0  qemu-system-aar
14:15:08     1000         -   3735172    1.00    0.00    0.00    0.00    1.00     0  |__qemu-system-aar
14:15:08     1000         -   3735179    0.00    0.00    0.00    0.00    0.00    23  |__call_rcu
14:15:08     1000         -   3735194   90.00    4.00    0.00    0.00   94.00    16  |__CPU 0/TCG
14:15:08     1000         -   3735195    1.00    0.00    0.00    0.00    1.00     6  |__CPU 1/TCG
14:15:08     1000         -   3735196   93.00    6.00    0.00    0.00   99.00    20  |__CPU 2/TCG
14:15:08     1000         -   3735197    0.00    0.00    0.00    0.00    0.00     7  |__CPU 3/TCG
14:15:09     1000   3735172         -  185.00   10.00    0.00    0.00  195.00    23  qemu-system-aar
14:15:09     1000         -   3735172    1.00    1.00    0.00    0.00    2.00    23  |__qemu-system-aar
14:15:09     1000         -   3735179    0.00    0.00    0.00    0.00    0.00    23  |__call_rcu
14:15:09     1000         -   3735194   88.00    5.00    0.00    0.00   93.00    16  |__CPU 0/TCG
14:15:09     1000         -   3735195    0.00    0.00    0.00    0.00    0.00     6  |__CPU 1/TCG
14:15:09     1000         -   3735196   94.00    5.00    0.00    0.00   99.00    20  |__CPU 2/TCG
14:15:09     1000         -   3735197    0.00    0.00    0.00    0.00    0.00     7  |__CPU 3/TCG
14:15:10     1000   3735172         -  184.00   10.00    0.00    0.00  194.00    23  qemu-system-aar
14:15:10     1000         -   3735172    0.00    1.00    0.00    0.00    1.00    23  |__qemu-system-aar
14:15:10     1000         -   3735179    0.00    0.00    0.00    0.00    0.00    23  |__call_rcu
14:15:10     1000         -   3735194   89.00    5.00    0.00    1.00   94.00    16  |__CPU 0/TCG
14:15:10     1000         -   3735195    1.00    0.00    0.00    0.00    1.00     6  |__CPU 1/TCG
14:15:10     1000         -   3735196   94.00    5.00    0.00    0.00   99.00     4  |__CPU 2/TCG
14:15:10     1000         -   3735197    0.00    0.00    0.00    0.00    0.00     7  |__CPU 3/TCG
14:15:11     1000   3735172         -  182.00   12.00    0.00    0.00  194.00    23  qemu-system-aar
14:15:11     1000         -   3735172    1.00    0.00    0.00    0.00    1.00    23  |__qemu-system-aar
14:15:11     1000         -   3735179    0.00    0.00    0.00    0.00    0.00    23  |__call_rcu
14:15:11     1000         -   3735194   87.00    5.00    0.00    0.00   92.00    16  |__CPU 0/TCG
14:15:11     1000         -   3735195    0.00    0.00    0.00    0.00    0.00     1  |__CPU 1/TCG
14:15:11     1000         -   3735196   92.00    7.00    0.00    0.00   99.00    20  |__CPU 2/TCG
14:15:11     1000         -   3735197    0.00    0.00    0.00    0.00    0.00     7  |__CPU 3/TCG
14:15:12     1000   3735172         -  183.00   10.00    0.00    0.00  193.00     6  qemu-system-aar
14:15:12     1000         -   3735172    1.00    1.00    0.00    0.00    2.00     6  |__qemu-system-aar
14:15:12     1000         -   3735179    0.00    0.00    0.00    0.00    0.00    23  |__call_rcu
14:15:12     1000         -   3735194   89.00    5.00    0.00    0.00   94.00    16  |__CPU 0/TCG
14:15:12     1000         -   3735195    0.00    1.00    0.00    0.00    1.00     1  |__CPU 1/TCG
14:15:12     1000         -   3735196   94.00    5.00    0.00    0.00   99.00    20  |__CPU 2/TCG
14:15:12     1000         -   3735197    0.00    0.00    0.00    0.00    0.00     7  |__CPU 3/TCG
14:15:13     1000   3735172         -  182.00   13.00    0.00    0.00  195.00    23  qemu-system-aar
14:15:13     1000         -   3735172    0.00    1.00    0.00    0.00    1.00    23  |__qemu-system-aar
14:15:13     1000         -   3735179    0.00    0.00    0.00    0.00    0.00    23  |__call_rcu
14:15:13     1000         -   3735194   88.00    5.00    0.00    0.00   93.00     0  |__CPU 0/TCG
14:15:13     1000         -   3735195    1.00    0.00    0.00    0.00    1.00     1  |__CPU 1/TCG
14:15:13     1000         -   3735196   92.00    7.00    0.00    0.00   99.00    20  |__CPU 2/TCG
14:15:13     1000         -   3735197    0.00    0.00    0.00    0.00    0.00     7  |__CPU 3/TCG
14:15:14     1000   3735172         -  182.00   11.00    0.00    0.00  193.00     2  qemu-system-aar
14:15:14     1000         -   3735172    1.00    0.00    0.00    0.00    1.00     2  |__qemu-system-aar
14:15:14     1000         -   3735179    0.00    0.00    0.00    0.00    0.00    23  |__call_rcu
14:15:14     1000         -   3735194   88.00    5.00    0.00    0.00   93.00    16  |__CPU 0/TCG
14:15:14     1000         -   3735195    0.00    0.00    0.00    0.00    0.00     2  |__CPU 1/TCG
14:15:14     1000         -   3735196   93.00    6.00    0.00    0.00   99.00    20  |__CPU 2/TCG
14:15:14     1000         -   3735197    0.00    0.00    0.00    0.00    0.00     7  |__CPU 3/TCG
14:15:15     1000   3735172         -  185.00   10.00    0.00    0.00  195.00     6  qemu-system-aar
14:15:15     1000         -   3735172    0.00    1.00    0.00    0.00    1.00     6  |__qemu-system-aar
14:15:15     1000         -   3735179    0.00    0.00    0.00    0.00    0.00    23  |__call_rcu
14:15:15     1000         -   3735194   89.00    5.00    0.00    0.00   94.00    16  |__CPU 0/TCG
14:15:15     1000         -   3735195    1.00    0.00    0.00    0.00    1.00     3  |__CPU 1/TCG
14:15:15     1000         -   3735196   94.00    5.00    0.00    0.00   99.00    20  |__CPU 2/TCG
14:15:15     1000         -   3735197    0.00    0.00    0.00    0.00    0.00     7  |__CPU 3/TCG
14:15:16     1000   3735172         -  182.00   11.00    0.00    0.00  193.00     3  qemu-system-aar
14:15:16     1000         -   3735172    0.00    1.00    0.00    0.00    1.00     3  |__qemu-system-aar
14:15:16     1000         -   3735179    0.00    0.00    0.00    0.00    0.00    23  |__call_rcu
14:15:16     1000         -   3735194   87.00    5.00    0.00    0.00   92.00    16  |__CPU 0/TCG
14:15:16     1000         -   3735195    0.00    0.00    0.00    0.00    0.00     1  |__CPU 1/TCG
14:15:16     1000         -   3735196   93.00    6.00    0.00    0.00   99.00    20  |__CPU 2/TCG
14:15:16     1000         -   3735197    0.00    0.00    0.00    0.00    0.00     7  |__CPU 3/TCG
14:15:17     1000   3735172         -  185.00   10.00    0.00    0.00  195.00     3  qemu-system-aar
14:15:17     1000         -   3735172    1.00    1.00    0.00    0.00    2.00     3  |__qemu-system-aar
14:15:17     1000         -   3735179    0.00    0.00    0.00    0.00    0.00    23  |__call_rcu
14:15:17     1000         -   3735194   90.00    4.00    0.00    0.00   94.00    16  |__CPU 0/TCG
14:15:17     1000         -   3735195    1.00    0.00    0.00    0.00    1.00     1  |__CPU 1/TCG
14:15:17     1000         -   3735196   94.00    6.00    0.00    0.00  100.00     4  |__CPU 2/TCG
14:15:17     1000         -   3735197    0.00    0.00    0.00    0.00    0.00     7  |__CPU 3/TCG
14:15:18     1000   3735172         -  183.00   12.00    0.00    0.00  195.00    21  qemu-system-aar
14:15:18     1000         -   3735172    0.00    1.00    0.00    0.00    1.00    21  |__qemu-system-aar
14:15:18     1000         -   3735179    0.00    0.00    0.00    0.00    0.00    23  |__call_rcu
14:15:18     1000         -   3735194   87.00    6.00    0.00    0.00   93.00    16  |__CPU 0/TCG
14:15:18     1000         -   3735195    1.00    0.00    0.00    0.00    1.00     1  |__CPU 1/TCG
14:15:18     1000         -   3735196   93.00    6.00    0.00    0.00   99.00    20  |__CPU 2/TCG
14:15:18     1000         -   3735197    0.00    0.00    0.00    0.00    0.00     7  |__CPU 3/TCG
14:15:19     1000   3735172         -  184.00   10.00    0.00    0.00  194.00    21  qemu-system-aar
14:15:19     1000         -   3735172    2.00    0.00    0.00    0.00    2.00    21  |__qemu-system-aar
14:15:19     1000         -   3735179    0.00    0.00    0.00    0.00    0.00    23  |__call_rcu
14:15:19     1000         -   3735194   89.00    4.00    0.00    0.00   93.00    16  |__CPU 0/TCG
14:15:19     1000         -   3735195    0.00    0.00    0.00    0.00    0.00     1  |__CPU 1/TCG
14:15:19     1000         -   3735196   94.00    5.00    0.00    0.00   99.00    20  |__CPU 2/TCG
14:15:19     1000         -   3735197    0.00    0.00    0.00    0.00    0.00     7  |__CPU 3/TCG
14:15:20     1000   3735172         -  183.00   10.00    0.00    0.00  193.00     3  qemu-system-aar
14:15:20     1000         -   3735172    0.00    0.00    0.00    0.00    0.00     3  |__qemu-system-aar
14:15:20     1000         -   3735179    0.00    0.00    0.00    0.00    0.00    23  |__call_rcu
14:15:20     1000         -   3735194   88.00    5.00    0.00    0.00   93.00    16  |__CPU 0/TCG
14:15:20     1000         -   3735195    1.00    0.00    0.00    0.00    1.00     5  |__CPU 1/TCG
14:15:20     1000         -   3735196   94.00    5.00    0.00    0.00   99.00     1  |__CPU 2/TCG
14:15:20     1000         -   3735197    0.00    0.00    0.00    0.00    0.00     7  |__CPU 3/TCG
14:15:21     1000   3735172         -  185.00   10.00    0.00    0.00  195.00    21  qemu-system-aar
14:15:21     1000         -   3735172    1.00    1.00    0.00    0.00    2.00    21  |__qemu-system-aar
14:15:21     1000         -   3735179    0.00    0.00    0.00    0.00    0.00    23  |__call_rcu
14:15:21     1000         -   3735194   88.00    5.00    0.00    0.00   93.00    16  |__CPU 0/TCG
14:15:21     1000         -   3735195    1.00    0.00    0.00    0.00    1.00     1  |__CPU 1/TCG
14:15:21     1000         -   3735196   94.00    5.00    0.00    0.00   99.00    20  |__CPU 2/TCG
14:15:21     1000         -   3735197    0.00    0.00    0.00    0.00    0.00     7  |__CPU 3/TCG
14:15:22     1000   3735172         -  183.00   10.00    0.00    0.00  193.00    21  qemu-system-aar
14:15:22     1000         -   3735172    0.00    1.00    0.00    0.00    1.00    21  |__qemu-system-aar
14:15:22     1000         -   3735179    0.00    0.00    0.00    0.00    0.00    23  |__call_rcu
14:15:22     1000         -   3735194   88.00    5.00    0.00    0.00   93.00    16  |__CPU 0/TCG
14:15:22     1000         -   3735195    0.00    0.00    0.00    0.00    0.00     1  |__CPU 1/TCG
14:15:22     1000         -   3735196   94.00    5.00    0.00    0.00   99.00     4  |__CPU 2/TCG
14:15:22     1000         -   3735197    0.00    0.00    0.00    0.00    0.00     7  |__CPU 3/TCG
14:15:23     1000   3735172         -  180.00   13.00    0.00    0.00  193.00    22  qemu-system-aar
14:15:23     1000         -   3735172    1.00    1.00    0.00    0.00    2.00    22  |__qemu-system-aar
14:15:23     1000         -   3735179    0.00    0.00    0.00    0.00    0.00    23  |__call_rcu
14:15:23     1000         -   3735194   86.00    6.00    0.00    0.00   92.00     0  |__CPU 0/TCG
14:15:23     1000         -   3735195    1.00    0.00    0.00    0.00    1.00     1  |__CPU 1/TCG
14:15:23     1000         -   3735196   92.00    7.00    0.00    0.00   99.00    20  |__CPU 2/TCG
14:15:23     1000         -   3735197    0.00    0.00    0.00    0.00    0.00     7  |__CPU 3/TCG
14:15:24     1000   3735172         -  184.00   10.00    0.00    0.00  194.00    21  qemu-system-aar
14:15:24     1000         -   3735172    0.00    1.00    0.00    0.00    1.00    21  |__qemu-system-aar
14:15:24     1000         -   3735179    0.00    0.00    0.00    0.00    0.00    23  |__call_rcu
14:15:24     1000         -   3735194   89.00    4.00    0.00    0.00   93.00     0  |__CPU 0/TCG
14:15:24     1000         -   3735195    0.00    0.00    0.00    0.00    0.00     1  |__CPU 1/TCG
14:15:24     1000         -   3735196   94.00    5.00    0.00    0.00   99.00    20  |__CPU 2/TCG
14:15:24     1000         -   3735197    0.00    0.00    0.00    0.00    0.00     7  |__CPU 3/TCG
14:15:25     1000   3735172         -  182.00   12.00    0.00    0.00  194.00    22  qemu-system-aar
14:15:25     1000         -   3735172    0.00    1.00    0.00    0.00    1.00    22  |__qemu-system-aar
14:15:25     1000         -   3735179    0.00    0.00    0.00    0.00    0.00    23  |__call_rcu
14:15:25     1000         -   3735194   88.00    5.00    0.00    0.00   93.00     0  |__CPU 0/TCG
14:15:25     1000         -   3735195    0.00    0.00    0.00    0.00    0.00     2  |__CPU 1/TCG
14:15:25     1000         -   3735196   93.00    7.00    0.00    0.00  100.00    20  |__CPU 2/TCG
14:15:25     1000         -   3735197    0.00    0.00    0.00    0.00    0.00     7  |__CPU 3/TCG
14:15:26     1000   3735172         -  184.00   10.00    0.00    0.00  194.00     5  qemu-system-aar
14:15:26     1000         -   3735172    1.00    0.00    0.00    0.00    1.00     5  |__qemu-system-aar
14:15:26     1000         -   3735179    0.00    0.00    0.00    0.00    0.00    23  |__call_rcu
14:15:26     1000         -   3735194   88.00    5.00    0.00    0.00   93.00    16  |__CPU 0/TCG
14:15:26     1000         -   3735195    1.00    0.00    0.00    0.00    1.00     3  |__CPU 1/TCG
14:15:26     1000         -   3735196   93.00    5.00    0.00    0.00   98.00    20  |__CPU 2/TCG
14:15:26     1000         -   3735197    0.00    0.00    0.00    0.00    0.00     7  |__CPU 3/TCG
14:15:27     1000   3735172         -  183.00   11.00    0.00    0.00  194.00     4  qemu-system-aar
14:15:27     1000         -   3735172    0.00    2.00    0.00    0.00    2.00     4  |__qemu-system-aar
14:15:27     1000         -   3735179    0.00    0.00    0.00    0.00    0.00    23  |__call_rcu
14:15:27     1000         -   3735194   88.00    5.00    0.00    0.00   93.00    16  |__CPU 0/TCG
14:15:27     1000         -   3735195    1.00    0.00    0.00    0.00    1.00     2  |__CPU 1/TCG
14:15:27     1000         -   3735196   94.00    5.00    0.00    0.00   99.00    20  |__CPU 2/TCG
14:15:27     1000         -   3735197    0.00    0.00    0.00    0.00    0.00     7  |__CPU 3/TCG
14:15:28     1000   3735172         -  185.00   10.00    0.00    0.00  195.00     4  qemu-system-aar
14:15:28     1000         -   3735172    0.00    2.00    0.00    0.00    2.00     4  |__qemu-system-aar
14:15:28     1000         -   3735179    0.00    0.00    0.00    0.00    0.00    23  |__call_rcu
14:15:28     1000         -   3735194   89.00    4.00    0.00    0.00   93.00    16  |__CPU 0/TCG
14:15:28     1000         -   3735195    0.00    0.00    0.00    0.00    0.00     3  |__CPU 1/TCG
14:15:28     1000         -   3735196   93.00    6.00    0.00    0.00   99.00    20  |__CPU 2/TCG
14:15:28     1000         -   3735197    0.00    0.00    0.00    0.00    0.00     7  |__CPU 3/TCG
14:15:29     1000   3735172         -  185.00   11.00    0.00    0.00  196.00     7  qemu-system-aar
14:15:29     1000         -   3735172    1.00    1.00    0.00    0.00    2.00     7  |__qemu-system-aar
14:15:29     1000         -   3735179    0.00    0.00    0.00    0.00    0.00    23  |__call_rcu
14:15:29     1000         -   3735194   90.00    4.00    0.00    0.00   94.00    16  |__CPU 0/TCG
14:15:29     1000         -   3735195    1.00    0.00    0.00    0.00    1.00     2  |__CPU 1/TCG
14:15:29     1000         -   3735196   93.00    6.00    0.00    1.00   99.00    20  |__CPU 2/TCG
14:15:29     1000         -   3735197    0.00    0.00    0.00    0.00    0.00     7  |__CPU 3/TCG
14:15:30     1000   3735172         -  186.00    8.00    0.00    0.00  194.00    22  qemu-system-aar
14:15:30     1000         -   3735172    1.00    1.00    0.00    0.00    2.00    22  |__qemu-system-aar
14:15:30     1000         -   3735179    0.00    0.00    0.00    0.00    0.00    23  |__call_rcu
14:15:30     1000         -   3735194   90.00    4.00    0.00    0.00   94.00    16  |__CPU 0/TCG
14:15:30     1000         -   3735195    0.00    0.00    0.00    0.00    0.00     4  |__CPU 1/TCG
14:15:30     1000         -   3735196   95.00    5.00    0.00    0.00  100.00    20  |__CPU 2/TCG
14:15:30     1000         -   3735197    0.00    0.00    0.00    0.00    0.00     7  |__CPU 3/TCG
14:15:31     1000   3735172         -  186.00    9.00    0.00    0.00  195.00     7  qemu-system-aar
14:15:31     1000         -   3735172    0.00    0.00    0.00    0.00    0.00     7  |__qemu-system-aar
14:15:31     1000         -   3735179    0.00    0.00    0.00    0.00    0.00    23  |__call_rcu
14:15:31     1000         -   3735194   90.00    4.00    0.00    0.00   94.00    16  |__CPU 0/TCG
14:15:31     1000         -   3735195    1.00    0.00    0.00    0.00    1.00     4  |__CPU 1/TCG
14:15:31     1000         -   3735196   94.00    4.00    0.00    0.00   98.00    20  |__CPU 2/TCG
14:15:31     1000         -   3735197    0.00    0.00    0.00    0.00    0.00     7  |__CPU 3/TCG
14:15:32     1000   3735172         -  184.00   10.00    0.00    0.00  194.00     7  qemu-system-aar
14:15:32     1000         -   3735172    1.00    1.00    0.00    0.00    2.00     7  |__qemu-system-aar
14:15:32     1000         -   3735179    0.00    0.00    0.00    0.00    0.00    23  |__call_rcu
14:15:32     1000         -   3735194   88.00    5.00    0.00    0.00   93.00    16  |__CPU 0/TCG
14:15:32     1000         -   3735195    1.00    0.00    0.00    0.00    1.00     2  |__CPU 1/TCG
14:15:32     1000         -   3735196   94.00    5.00    0.00    0.00   99.00    20  |__CPU 2/TCG
14:15:32     1000         -   3735197    0.00    0.00    0.00    0.00    0.00     7  |__CPU 3/TCG
14:15:33     1000   3735172         -  181.00   12.00    0.00    0.00  193.00     7  qemu-system-aar
14:15:33     1000         -   3735172    0.00    1.00    0.00    0.00    1.00     7  |__qemu-system-aar
14:15:33     1000         -   3735179    0.00    0.00    0.00    0.00    0.00    23  |__call_rcu
14:15:33     1000         -   3735194   87.00    5.00    0.00    0.00   92.00    16  |__CPU 0/TCG
14:15:33     1000         -   3735195    0.00    0.00    0.00    0.00    0.00     1  |__CPU 1/TCG
14:15:33     1000         -   3735196   93.00    7.00    0.00    0.00  100.00    20  |__CPU 2/TCG
14:15:33     1000         -   3735197    0.00    0.00    0.00    0.00    0.00     7  |__CPU 3/TCG
14:15:34     1000   3735172         -  182.00   11.00    0.00    0.00  193.00     7  qemu-system-aar
14:15:34     1000         -   3735172    0.00    1.00    0.00    0.00    1.00     7  |__qemu-system-aar
14:15:34     1000         -   3735179    0.00    0.00    0.00    0.00    0.00    23  |__call_rcu
14:15:34     1000         -   3735194   88.00    5.00    0.00    0.00   93.00    16  |__CPU 0/TCG
14:15:34     1000         -   3735195    1.00    0.00    0.00    0.00    1.00     2  |__CPU 1/TCG
14:15:34     1000         -   3735196   93.00    6.00    0.00    0.00   99.00    20  |__CPU 2/TCG
14:15:34     1000         -   3735197    0.00    0.00    0.00    0.00    0.00     7  |__CPU 3/TCG
14:15:35     1000   3735172         -  181.00   13.00    0.00    0.00  194.00    18  qemu-system-aar
14:15:35     1000         -   3735172    1.00    1.00    0.00    0.00    2.00    18  |__qemu-system-aar
14:15:35     1000         -   3735179    0.00    0.00    0.00    0.00    0.00    23  |__call_rcu
14:15:35     1000         -   3735194   87.00    6.00    0.00    0.00   93.00    16  |__CPU 0/TCG
14:15:35     1000         -   3735195    0.00    0.00    0.00    0.00    0.00     2  |__CPU 1/TCG
14:15:35     1000         -   3735196   92.00    6.00    0.00    0.00   98.00    20  |__CPU 2/TCG
14:15:35     1000         -   3735197    0.00    0.00    0.00    0.00    0.00     7  |__CPU 3/TCG
14:15:36     1000   3735172         -  179.00   13.00    0.00    0.00  192.00    18  qemu-system-aar
14:15:36     1000         -   3735172    0.00    0.00    0.00    0.00    0.00    18  |__qemu-system-aar
14:15:36     1000         -   3735179    0.00    0.00    0.00    0.00    0.00    23  |__call_rcu
14:15:36     1000         -   3735194   84.00    7.00    0.00    0.00   91.00    16  |__CPU 0/TCG
14:15:36     1000         -   3735195    0.00    1.00    0.00    0.00    1.00     1  |__CPU 1/TCG
14:15:36     1000         -   3735196   93.00    7.00    0.00    0.00  100.00    20  |__CPU 2/TCG
14:15:36     1000         -   3735197    0.00    0.00    0.00    0.00    0.00     7  |__CPU 3/TCG
14:15:37     1000   3735172         -  184.00   10.00    0.00    0.00  194.00    23  qemu-system-aar
14:15:37     1000         -   3735172    1.00    1.00    0.00    0.00    2.00    23  |__qemu-system-aar
14:15:37     1000         -   3735179    0.00    0.00    0.00    0.00    0.00    23  |__call_rcu
14:15:37     1000         -   3735194   88.00    5.00    0.00    0.00   93.00    16  |__CPU 0/TCG
14:15:37     1000         -   3735195    0.00    0.00    0.00    0.00    0.00     2  |__CPU 1/TCG
14:15:37     1000         -   3735196   94.00    5.00    0.00    0.00   99.00    20  |__CPU 2/TCG
14:15:37     1000         -   3735197    0.00    0.00    0.00    0.00    0.00     7  |__CPU 3/TCG
14:15:38     1000   3735172         -  179.00   12.00    0.00    0.00  191.00    23  qemu-system-aar
14:15:38     1000         -   3735172    0.00    1.00    0.00    0.00    1.00    23  |__qemu-system-aar
14:15:38     1000         -   3735179    0.00    0.00    0.00    0.00    0.00    23  |__call_rcu
14:15:38     1000         -   3735194   86.00    5.00    0.00    0.00   91.00    16  |__CPU 0/TCG
14:15:38     1000         -   3735195    1.00    0.00    0.00    0.00    1.00     2  |__CPU 1/TCG
14:15:38     1000         -   3735196   92.00    6.00    0.00    0.00   98.00    20  |__CPU 2/TCG
14:15:38     1000         -   3735197    0.00    0.00    0.00    0.00    0.00     7  |__CPU 3/TCG
14:15:39     1000   3735172         -  181.00   12.00    0.00    0.00  193.00    23  qemu-system-aar
14:15:39     1000         -   3735172    1.00    1.00    0.00    0.00    2.00    23  |__qemu-system-aar
14:15:39     1000         -   3735179    0.00    0.00    0.00    0.00    0.00    23  |__call_rcu
14:15:39     1000         -   3735194   85.00    5.00    0.00    0.00   90.00    16  |__CPU 0/TCG
14:15:39     1000         -   3735195    0.00    0.00    0.00    0.00    0.00     3  |__CPU 1/TCG
14:15:39     1000         -   3735196   94.00    6.00    0.00    0.00  100.00    20  |__CPU 2/TCG
14:15:39     1000         -   3735197    0.00    0.00    0.00    0.00    0.00     7  |__CPU 3/TCG
14:15:40     1000   3735172         -  178.00   13.00    0.00    0.00  191.00     3  qemu-system-aar
14:15:40     1000         -   3735172    0.00    1.00    0.00    0.00    1.00     3  |__qemu-system-aar
14:15:40     1000         -   3735179    0.00    0.00    0.00    0.00    0.00    23  |__call_rcu
14:15:40     1000         -   3735194   85.00    6.00    0.00    0.00   91.00    16  |__CPU 0/TCG
14:15:40     1000         -   3735195    1.00    0.00    0.00    0.00    1.00     2  |__CPU 1/TCG
14:15:40     1000         -   3735196   91.00    8.00    0.00    0.00   99.00    20  |__CPU 2/TCG
14:15:40     1000         -   3735197    0.00    0.00    0.00    0.00    0.00     7  |__CPU 3/TCG
14:15:41     1000   3735172         -  180.00   11.00    0.00    0.00  191.00     7  qemu-system-aar
14:15:41     1000         -   3735172    0.00    1.00    0.00    0.00    1.00     7  |__qemu-system-aar
14:15:41     1000         -   3735179    0.00    0.00    0.00    0.00    0.00    23  |__call_rcu
14:15:41     1000         -   3735194   85.00    6.00    0.00    0.00   91.00    16  |__CPU 0/TCG
14:15:41     1000         -   3735195    0.00    0.00    0.00    0.00    0.00     2  |__CPU 1/TCG
14:15:41     1000         -   3735196   95.00    5.00    0.00    0.00  100.00     4  |__CPU 2/TCG
14:15:41     1000         -   3735197    0.00    0.00    0.00    0.00    0.00     7  |__CPU 3/TCG
14:15:42     1000   3735172         -  178.00   13.00    0.00    0.00  191.00     3  qemu-system-aar
14:15:42     1000         -   3735172    1.00    1.00    0.00    0.00    2.00     3  |__qemu-system-aar
14:15:42     1000         -   3735179    0.00    0.00    0.00    0.00    0.00    23  |__call_rcu
14:15:42     1000         -   3735194   84.00    5.00    0.00    0.00   89.00    16  |__CPU 0/TCG
14:15:42     1000         -   3735195    1.00    0.00    0.00    0.00    1.00     2  |__CPU 1/TCG
14:15:42     1000         -   3735196   92.00    7.00    0.00    0.00   99.00     4  |__CPU 2/TCG
14:15:42     1000         -   3735197    0.00    0.00    0.00    0.00    0.00     7  |__CPU 3/TCG
14:15:43     1000   3735172         -  174.00   15.00    0.00    0.00  189.00     7  qemu-system-aar
14:15:43     1000         -   3735172    0.00    1.00    0.00    0.00    1.00     7  |__qemu-system-aar
14:15:43     1000         -   3735179    0.00    0.00    0.00    0.00    0.00    23  |__call_rcu
14:15:43     1000         -   3735194   82.00    7.00    0.00    0.00   89.00    16  |__CPU 0/TCG
14:15:43     1000         -   3735195    0.00    0.00    0.00    0.00    0.00     5  |__CPU 1/TCG
14:15:43     1000         -   3735196   91.00    8.00    0.00    0.00   99.00     4  |__CPU 2/TCG
14:15:43     1000         -   3735197    0.00    0.00    0.00    0.00    0.00     7  |__CPU 3/TCG
14:15:44     1000   3735172         -  175.00   15.00    0.00    0.00  190.00     3  qemu-system-aar
14:15:44     1000         -   3735172    1.00    0.00    0.00    0.00    1.00     3  |__qemu-system-aar
14:15:44     1000         -   3735179    0.00    0.00    0.00    0.00    0.00    23  |__call_rcu
14:15:44     1000         -   3735194   83.00    6.00    0.00    0.00   89.00     0  |__CPU 0/TCG
14:15:44     1000         -   3735195    1.00    0.00    0.00    0.00    1.00    16  |__CPU 1/TCG
14:15:44     1000         -   3735196   90.00    8.00    0.00    0.00   98.00     4  |__CPU 2/TCG
14:15:44     1000         -   3735197    0.00    0.00    0.00    0.00    0.00     7  |__CPU 3/TCG
14:15:45     1000   3735172         -  179.00   11.00    0.00    0.00  190.00     7  qemu-system-aar
14:15:45     1000         -   3735172    0.00    1.00    0.00    0.00    1.00     7  |__qemu-system-aar
14:15:45     1000         -   3735179    0.00    0.00    0.00    0.00    0.00    23  |__call_rcu
14:15:45     1000         -   3735194   84.00    5.00    0.00    0.00   89.00    16  |__CPU 0/TCG
14:15:45     1000         -   3735195    0.00    0.00    0.00    0.00    0.00    17  |__CPU 1/TCG
14:15:45     1000         -   3735196   94.00    6.00    0.00    0.00  100.00     4  |__CPU 2/TCG
14:15:45     1000         -   3735197    0.00    0.00    0.00    0.00    0.00     7  |__CPU 3/TCG
14:15:46     1000   3735172         -  177.00   13.00    0.00    0.00  190.00     7  qemu-system-aar
14:15:46     1000         -   3735172    1.00    1.00    0.00    0.00    2.00     7  |__qemu-system-aar
14:15:46     1000         -   3735179    0.00    0.00    0.00    0.00    0.00    23  |__call_rcu
14:15:46     1000         -   3735194   83.00    6.00    0.00    0.00   89.00     0  |__CPU 0/TCG
14:15:46     1000         -   3735195    1.00    0.00    0.00    0.00    1.00    17  |__CPU 1/TCG
14:15:46     1000         -   3735196   92.00    7.00    0.00    0.00   99.00    20  |__CPU 2/TCG
14:15:46     1000         -   3735197    0.00    0.00    0.00    0.00    0.00     7  |__CPU 3/TCG
14:15:47     1000   3735172         -  178.00   12.00    0.00    0.00  190.00     6  qemu-system-aar
14:15:47     1000         -   3735172    1.00    0.00    0.00    0.00    1.00     6  |__qemu-system-aar
14:15:47     1000         -   3735179    0.00    0.00    0.00    0.00    0.00    23  |__call_rcu
14:15:47     1000         -   3735194   84.00    6.00    0.00    0.00   90.00     0  |__CPU 0/TCG
14:15:47     1000         -   3735195    0.00    0.00    0.00    0.00    0.00    17  |__CPU 1/TCG
14:15:47     1000         -   3735196   93.00    6.00    0.00    0.00   99.00    20  |__CPU 2/TCG
14:15:47     1000         -   3735197    0.00    0.00    0.00    0.00    0.00     7  |__CPU 3/TCG
14:15:48     1000   3735172         -  186.00    8.00    0.00    0.00  194.00     6  qemu-system-aar
14:15:48     1000         -   3735172    0.00    2.00    0.00    0.00    2.00     6  |__qemu-system-aar
14:15:48     1000         -   3735179    0.00    0.00    0.00    0.00    0.00    23  |__call_rcu
14:15:48     1000         -   3735194   89.00    4.00    0.00    0.00   93.00     0  |__CPU 0/TCG
14:15:48     1000         -   3735195    1.00    0.00    0.00    0.00    1.00     4  |__CPU 1/TCG
14:15:48     1000         -   3735196   95.00    4.00    0.00    0.00   99.00    20  |__CPU 2/TCG
14:15:48     1000         -   3735197    0.00    0.00    0.00    0.00    0.00     7  |__CPU 3/TCG
14:15:49     1000   3735172         -  183.00   12.00    0.00    0.00  195.00     6  qemu-system-aar
14:15:49     1000         -   3735172    0.00    1.00    0.00    0.00    1.00     6  |__qemu-system-aar
14:15:49     1000         -   3735179    0.00    0.00    0.00    0.00    0.00    23  |__call_rcu
14:15:49     1000         -   3735194   88.00    6.00    0.00    0.00   94.00     0  |__CPU 0/TCG
14:15:49     1000         -   3735195    0.00    0.00    0.00    0.00    0.00     7  |__CPU 1/TCG
14:15:49     1000         -   3735196   94.00    5.00    0.00    0.00   99.00    20  |__CPU 2/TCG
14:15:49     1000         -   3735197    0.00    0.00    0.00    0.00    0.00     7  |__CPU 3/TCG
14:15:50     1000   3735172         -  184.00   10.00    0.00    0.00  194.00     6  qemu-system-aar
14:15:50     1000         -   3735172    0.00    1.00    0.00    0.00    1.00     6  |__qemu-system-aar
14:15:50     1000         -   3735179    0.00    0.00    0.00    0.00    0.00    23  |__call_rcu
14:15:50     1000         -   3735194   88.00    5.00    0.00    0.00   93.00     0  |__CPU 0/TCG
14:15:50     1000         -   3735195    1.00    0.00    0.00    0.00    1.00    17  |__CPU 1/TCG
14:15:50     1000         -   3735196   94.00    4.00    0.00    0.00   98.00    20  |__CPU 2/TCG
14:15:50     1000         -   3735197    0.00    0.00    0.00    0.00    0.00     7  |__CPU 3/TCG
14:15:51     1000   3735172         -  181.00   12.00    0.00    0.00  193.00     6  qemu-system-aar
14:15:51     1000         -   3735172    0.00    1.00    0.00    0.00    1.00     6  |__qemu-system-aar
14:15:51     1000         -   3735179    0.00    0.00    0.00    0.00    0.00    23  |__call_rcu
14:15:51     1000         -   3735194   86.00    6.00    0.00    1.00   92.00     0  |__CPU 0/TCG
14:15:51     1000         -   3735195    0.00    0.00    0.00    0.00    0.00    17  |__CPU 1/TCG
14:15:51     1000         -   3735196   94.00    6.00    0.00    0.00  100.00    20  |__CPU 2/TCG
14:15:51     1000         -   3735197    0.00    0.00    0.00    0.00    0.00     7  |__CPU 3/TCG
14:15:52     1000   3735172         -  185.00   10.00    0.00    0.00  195.00     6  qemu-system-aar
14:15:52     1000         -   3735172    0.00    2.00    0.00    0.00    2.00     6  |__qemu-system-aar
14:15:52     1000         -   3735179    0.00    0.00    0.00    0.00    0.00    23  |__call_rcu
14:15:52     1000         -   3735194   89.00    4.00    0.00    0.00   93.00     0  |__CPU 0/TCG
14:15:52     1000         -   3735195    0.00    0.00    0.00    0.00    0.00     7  |__CPU 1/TCG
14:15:52     1000         -   3735196   93.00    6.00    0.00    0.00   99.00    20  |__CPU 2/TCG
14:15:52     1000         -   3735197    0.00    0.00    0.00    0.00    0.00     7  |__CPU 3/TCG
14:15:53     1000   3735172         -  183.00   11.00    0.00    0.00  194.00    23  qemu-system-aar
14:15:53     1000         -   3735172    1.00    0.00    0.00    0.00    1.00    23  |__qemu-system-aar
14:15:53     1000         -   3735179    0.00    0.00    0.00    0.00    0.00    23  |__call_rcu
14:15:53     1000         -   3735194   88.00    5.00    0.00    0.00   93.00     0  |__CPU 0/TCG
14:15:53     1000         -   3735195    1.00    0.00    0.00    0.00    1.00     7  |__CPU 1/TCG
14:15:53     1000         -   3735196   94.00    5.00    0.00    0.00   99.00     4  |__CPU 2/TCG
14:15:53     1000         -   3735197    0.00    0.00    0.00    0.00    0.00     7  |__CPU 3/TCG
14:15:54     1000   3735172         -  184.00    9.00    0.00    0.00  193.00    23  qemu-system-aar
14:15:54     1000         -   3735172    0.00    2.00    0.00    0.00    2.00    23  |__qemu-system-aar
14:15:54     1000         -   3735179    0.00    0.00    0.00    0.00    0.00    23  |__call_rcu
14:15:54     1000         -   3735194   89.00    5.00    0.00    0.00   94.00     0  |__CPU 0/TCG
14:15:54     1000         -   3735195    0.00    0.00    0.00    0.00    0.00     7  |__CPU 1/TCG
14:15:54     1000         -   3735196   94.00    5.00    0.00    0.00   99.00    20  |__CPU 2/TCG
14:15:54     1000         -   3735197    0.00    0.00    0.00    0.00    0.00     7  |__CPU 3/TCG
14:15:55     1000   3735172         -  181.00   11.00    0.00    0.00  192.00    23  qemu-system-aar
14:15:55     1000         -   3735172    0.00    1.00    0.00    0.00    1.00    23  |__qemu-system-aar
14:15:55     1000         -   3735179    0.00    0.00    0.00    0.00    0.00    23  |__call_rcu
14:15:55     1000         -   3735194   85.00    4.00    0.00    0.00   89.00    16  |__CPU 0/TCG
14:15:55     1000         -   3735195    1.00    0.00    0.00    0.00    1.00     1  |__CPU 1/TCG
14:15:55     1000         -   3735196   94.00    5.00    0.00    0.00   99.00     4  |__CPU 2/TCG
14:15:55     1000         -   3735197    0.00    0.00    0.00    0.00    0.00     7  |__CPU 3/TCG
14:15:56     1000   3735172         -  183.00    9.00    0.00    0.00  192.00    23  qemu-system-aar
14:15:56     1000         -   3735172    0.00    1.00    0.00    0.00    1.00    23  |__qemu-system-aar
14:15:56     1000         -   3735179    0.00    0.00    0.00    0.00    0.00    23  |__call_rcu
14:15:56     1000         -   3735194   88.00    4.00    0.00    0.00   92.00     0  |__CPU 0/TCG
14:15:56     1000         -   3735195    0.00    0.00    0.00    0.00    0.00     1  |__CPU 1/TCG
14:15:56     1000         -   3735196   93.00    6.00    0.00    0.00   99.00    20  |__CPU 2/TCG
14:15:56     1000         -   3735197    0.00    0.00    0.00    0.00    0.00     7  |__CPU 3/TCG
14:15:57     1000   3735172         -  174.00   15.00    0.00    0.00  189.00     7  qemu-system-aar
14:15:57     1000         -   3735172    0.00    1.00    0.00    0.00    1.00     7  |__qemu-system-aar
14:15:57     1000         -   3735179    0.00    0.00    0.00    0.00    0.00    23  |__call_rcu
14:15:57     1000         -   3735194   82.00    6.00    0.00    0.00   88.00    16  |__CPU 0/TCG
14:15:57     1000         -   3735195    1.00    0.00    0.00    0.00    1.00    17  |__CPU 1/TCG
14:15:57     1000         -   3735196   91.00    8.00    0.00    0.00   99.00    20  |__CPU 2/TCG
14:15:57     1000         -   3735197    0.00    0.00    0.00    0.00    0.00     7  |__CPU 3/TCG
14:15:58     1000   3735172         -  176.00   14.00    0.00    0.00  190.00    21  qemu-system-aar
14:15:58     1000         -   3735172    1.00    1.00    0.00    0.00    2.00    21  |__qemu-system-aar
14:15:58     1000         -   3735179    0.00    0.00    0.00    0.00    0.00    23  |__call_rcu
14:15:58     1000         -   3735194   83.00    6.00    0.00    0.00   89.00    16  |__CPU 0/TCG
14:15:58     1000         -   3735195    0.00    0.00    0.00    0.00    0.00    17  |__CPU 1/TCG
14:15:58     1000         -   3735196   92.00    7.00    0.00    0.00   99.00    20  |__CPU 2/TCG
14:15:58     1000         -   3735197    0.00    0.00    0.00    0.00    0.00     7  |__CPU 3/TCG
14:15:59     1000   3735172         -  175.00   13.00    0.00    0.00  188.00    21  qemu-system-aar
14:15:59     1000         -   3735172    1.00    0.00    0.00    0.00    1.00    21  |__qemu-system-aar
14:15:59     1000         -   3735179    0.00    0.00    0.00    0.00    0.00    23  |__call_rcu
14:15:59     1000         -   3735194   82.00    6.00    0.00    0.00   88.00    16  |__CPU 0/TCG
14:15:59     1000         -   3735195    1.00    0.00    0.00    0.00    1.00    17  |__CPU 1/TCG
14:15:59     1000         -   3735196   91.00    8.00    0.00    0.00   99.00    20  |__CPU 2/TCG
14:15:59     1000         -   3735197    0.00    0.00    0.00    0.00    0.00     7  |__CPU 3/TCG
14:16:00     1000   3735172         -  182.00   12.00    0.00    0.00  194.00    21  qemu-system-aar
14:16:00     1000         -   3735172    0.00    1.00    0.00    0.00    1.00    21  |__qemu-system-aar
14:16:00     1000         -   3735179    0.00    0.00    0.00    0.00    0.00    23  |__call_rcu
14:16:00     1000         -   3735194   88.00    4.00    0.00    0.00   92.00    16  |__CPU 0/TCG
14:16:00     1000         -   3735195    0.00    0.00    0.00    0.00    0.00    17  |__CPU 1/TCG
14:16:00     1000         -   3735196   93.00    6.00    0.00    0.00   99.00     4  |__CPU 2/TCG
14:16:00     1000         -   3735197    0.00    0.00    0.00    0.00    0.00     7  |__CPU 3/TCG
14:16:01     1000   3735172         -  183.00   10.00    0.00    0.00  193.00    21  qemu-system-aar
14:16:01     1000         -   3735172    1.00    1.00    0.00    0.00    2.00    21  |__qemu-system-aar
14:16:01     1000         -   3735179    0.00    0.00    0.00    0.00    0.00    23  |__call_rcu
14:16:01     1000         -   3735194   87.00    5.00    0.00    0.00   92.00    16  |__CPU 0/TCG
14:16:01     1000         -   3735195    1.00    0.00    0.00    0.00    1.00    17  |__CPU 1/TCG
14:16:01     1000         -   3735196   94.00    6.00    0.00    0.00  100.00    20  |__CPU 2/TCG
14:16:01     1000         -   3735197    0.00    0.00    0.00    0.00    0.00     7  |__CPU 3/TCG
14:16:02     1000   3735172         -  185.00    9.00    0.00    0.00  194.00    21  qemu-system-aar
14:16:02     1000         -   3735172    0.00    0.00    0.00    0.00    0.00    21  |__qemu-system-aar
14:16:02     1000         -   3735179    0.00    0.00    0.00    0.00    0.00    23  |__call_rcu
14:16:02     1000         -   3735194   90.00    4.00    0.00    0.00   94.00    16  |__CPU 0/TCG
14:16:02     1000         -   3735195    0.00    0.00    0.00    0.00    0.00     1  |__CPU 1/TCG
14:16:02     1000         -   3735196   94.00    5.00    0.00    0.00   99.00     4  |__CPU 2/TCG
14:16:02     1000         -   3735197    0.00    0.00    0.00    0.00    0.00     7  |__CPU 3/TCG
14:16:03     1000   3735172         -  185.00   10.00    0.00    0.00  195.00    23  qemu-system-aar
14:16:03     1000         -   3735172    0.00    1.00    0.00    0.00    1.00    23  |__qemu-system-aar
14:16:03     1000         -   3735179    0.00    0.00    0.00    0.00    0.00    23  |__call_rcu
14:16:03     1000         -   3735194   91.00    4.00    0.00    0.00   95.00    16  |__CPU 0/TCG
14:16:03     1000         -   3735195    0.00    0.00    0.00    0.00    0.00    17  |__CPU 1/TCG
14:16:03     1000         -   3735196   93.00    6.00    0.00    0.00   99.00     4  |__CPU 2/TCG
14:16:03     1000         -   3735197    0.00    0.00    0.00    0.00    0.00     7  |__CPU 3/TCG
14:16:04     1000   3735172         -  188.00    8.00    0.00    0.00  196.00    23  qemu-system-aar
14:16:04     1000         -   3735172    1.00    1.00    0.00    0.00    2.00    23  |__qemu-system-aar
14:16:04     1000         -   3735179    0.00    0.00    0.00    0.00    0.00    23  |__call_rcu
14:16:04     1000         -   3735194   91.00    3.00    0.00    0.00   94.00     0  |__CPU 0/TCG
14:16:04     1000         -   3735195    1.00    1.00    0.00    0.00    2.00    17  |__CPU 1/TCG
14:16:04     1000         -   3735196   94.00    5.00    0.00    0.00   99.00     4  |__CPU 2/TCG
14:16:04     1000         -   3735197    0.00    0.00    0.00    0.00    0.00     7  |__CPU 3/TCG
14:16:05     1000   3735172         -  187.00    8.00    0.00    0.00  195.00    23  qemu-system-aar
14:16:05     1000         -   3735172    1.00    1.00    0.00    0.00    2.00    23  |__qemu-system-aar
14:16:05     1000         -   3735179    0.00    0.00    0.00    0.00    0.00    23  |__call_rcu
14:16:05     1000         -   3735194   91.00    4.00    0.00    0.00   95.00     0  |__CPU 0/TCG
14:16:05     1000         -   3735195    0.00    0.00    0.00    0.00    0.00    17  |__CPU 1/TCG
14:16:05     1000         -   3735196   96.00    3.00    0.00    0.00   99.00     4  |__CPU 2/TCG
14:16:05     1000         -   3735197    0.00    0.00    0.00    0.00    0.00     7  |__CPU 3/TCG
14:16:06     1000   3735172         -  183.00   11.00    0.00    0.00  194.00    23  qemu-system-aar
14:16:06     1000         -   3735172    0.00    1.00    0.00    0.00    1.00    23  |__qemu-system-aar
14:16:06     1000         -   3735179    0.00    0.00    0.00    0.00    0.00    23  |__call_rcu
14:16:06     1000         -   3735194   89.00    4.00    0.00    0.00   93.00     0  |__CPU 0/TCG
14:16:06     1000         -   3735195    0.00    0.00    0.00    0.00    0.00    17  |__CPU 1/TCG
14:16:06     1000         -   3735196   93.00    6.00    0.00    0.00   99.00    20  |__CPU 2/TCG
14:16:06     1000         -   3735197    0.00    0.00    0.00    0.00    0.00     7  |__CPU 3/TCG
14:16:07     1000   3735172         -  183.00   11.00    0.00    0.00  194.00    23  qemu-system-aar
14:16:07     1000         -   3735172    0.00    1.00    0.00    0.00    1.00    23  |__qemu-system-aar
14:16:07     1000         -   3735179    0.00    0.00    0.00    0.00    0.00    23  |__call_rcu
14:16:07     1000         -   3735194   87.00    6.00    0.00    0.00   93.00    16  |__CPU 0/TCG
14:16:07     1000         -   3735195    0.00    0.00    0.00    0.00    0.00    18  |__CPU 1/TCG
14:16:07     1000         -   3735196   94.00    5.00    0.00    0.00   99.00    20  |__CPU 2/TCG
14:16:07     1000         -   3735197    0.00    0.00    0.00    0.00    0.00     7  |__CPU 3/TCG
14:16:08     1000   3735172         -  184.00   10.00    0.00    0.00  194.00    23  qemu-system-aar
14:16:08     1000         -   3735172    0.00    1.00    0.00    0.00    1.00    23  |__qemu-system-aar
14:16:08     1000         -   3735179    0.00    0.00    0.00    0.00    0.00    23  |__call_rcu
14:16:08     1000         -   3735194   89.00    5.00    0.00    0.00   94.00    16  |__CPU 0/TCG
14:16:08     1000         -   3735195    1.00    0.00    0.00    0.00    1.00    17  |__CPU 1/TCG
14:16:08     1000         -   3735196   94.00    5.00    0.00    0.00   99.00    20  |__CPU 2/TCG
14:16:08     1000         -   3735197    0.00    0.00    0.00    0.00    0.00     7  |__CPU 3/TCG
14:16:09     1000   3735172         -  185.00   10.00    0.00    0.00  195.00    23  qemu-system-aar
14:16:09     1000         -   3735172    1.00    1.00    0.00    0.00    2.00    23  |__qemu-system-aar
14:16:09     1000         -   3735179    0.00    0.00    0.00    0.00    0.00    23  |__call_rcu
14:16:09     1000         -   3735194   89.00    5.00    0.00    0.00   94.00    16  |__CPU 0/TCG
14:16:09     1000         -   3735195    1.00    0.00    0.00    0.00    1.00    17  |__CPU 1/TCG
14:16:09     1000         -   3735196   93.00    6.00    0.00    0.00   99.00     4  |__CPU 2/TCG
14:16:09     1000         -   3735197    0.00    0.00    0.00    0.00    0.00     7  |__CPU 3/TCG
14:16:10     1000   3735172         -  187.00    8.00    0.00    0.00  195.00     7  qemu-system-aar
14:16:10     1000         -   3735172    1.00    0.00    0.00    0.00    1.00     7  |__qemu-system-aar
14:16:10     1000         -   3735179    0.00    0.00    0.00    0.00    0.00    23  |__call_rcu
14:16:10     1000         -   3735194   90.00    3.00    0.00    0.00   93.00    16  |__CPU 0/TCG
14:16:10     1000         -   3735195    0.00    0.00    0.00    0.00    0.00    17  |__CPU 1/TCG
14:16:10     1000         -   3735196   95.00    4.00    0.00    0.00   99.00     4  |__CPU 2/TCG
14:16:10     1000         -   3735197    0.00    0.00    0.00    0.00    0.00     7  |__CPU 3/TCG
14:16:11     1000   3735172         -  184.00   11.00    0.00    0.00  195.00     6  qemu-system-aar
14:16:11     1000         -   3735172    1.00    1.00    0.00    0.00    2.00     6  |__qemu-system-aar
14:16:11     1000         -   3735179    0.00    0.00    0.00    0.00    0.00    23  |__call_rcu
14:16:11     1000         -   3735194   90.00    4.00    0.00    0.00   94.00    16  |__CPU 0/TCG
14:16:11     1000         -   3735195    1.00    0.00    0.00    0.00    1.00    18  |__CPU 1/TCG
14:16:11     1000         -   3735196   93.00    6.00    0.00    0.00   99.00     4  |__CPU 2/TCG
14:16:11     1000         -   3735197    0.00    0.00    0.00    0.00    0.00     7  |__CPU 3/TCG
14:16:12     1000   3735172         -  185.00    9.00    0.00    0.00  194.00     7  qemu-system-aar
14:16:12     1000         -   3735172    0.00    0.00    0.00    0.00    0.00     7  |__qemu-system-aar
14:16:12     1000         -   3735179    0.00    0.00    0.00    0.00    0.00    23  |__call_rcu
14:16:12     1000         -   3735194   89.00    5.00    0.00    0.00   94.00    16  |__CPU 0/TCG
14:16:12     1000         -   3735195    0.00    0.00    0.00    0.00    0.00    17  |__CPU 1/TCG
14:16:12     1000         -   3735196   95.00    4.00    0.00    0.00   99.00     4  |__CPU 2/TCG
14:16:12     1000         -   3735197    0.00    0.00    0.00    0.00    0.00     7  |__CPU 3/TCG
14:16:13     1000   3735172         -  183.00   11.00    0.00    0.00  194.00    17  qemu-system-aar
14:16:13     1000         -   3735172    0.00    1.00    0.00    0.00    1.00    17  |__qemu-system-aar
14:16:13     1000         -   3735179    0.00    0.00    0.00    0.00    0.00    23  |__call_rcu
14:16:13     1000         -   3735194   87.00    6.00    0.00    0.00   93.00    16  |__CPU 0/TCG
14:16:13     1000         -   3735195    1.00    0.00    0.00    0.00    1.00    20  |__CPU 1/TCG
14:16:13     1000         -   3735196   93.00    6.00    0.00    0.00   99.00     4  |__CPU 2/TCG
14:16:13     1000         -   3735197    0.00    0.00    0.00    0.00    0.00     7  |__CPU 3/TCG
14:16:14     1000   3735172         -  184.00   11.00    0.00    0.00  195.00    23  qemu-system-aar
14:16:14     1000         -   3735172    1.00    1.00    0.00    0.00    2.00    23  |__qemu-system-aar
14:16:14     1000         -   3735179    0.00    0.00    0.00    0.00    0.00    23  |__call_rcu
14:16:14     1000         -   3735194   89.00    4.00    0.00    0.00   93.00    16  |__CPU 0/TCG
14:16:14     1000         -   3735195    1.00    0.00    0.00    0.00    1.00    20  |__CPU 1/TCG
14:16:14     1000         -   3735196   93.00    6.00    0.00    0.00   99.00     4  |__CPU 2/TCG
14:16:14     1000         -   3735197    0.00    0.00    0.00    0.00    0.00     7  |__CPU 3/TCG
14:16:15     1000   3735172         -  184.00   10.00    0.00    0.00  194.00     5  qemu-system-aar
14:16:15     1000         -   3735172    0.00    1.00    0.00    0.00    1.00     5  |__qemu-system-aar
14:16:15     1000         -   3735179    0.00    0.00    0.00    0.00    0.00    23  |__call_rcu
14:16:15     1000         -   3735194   89.00    5.00    0.00    0.00   94.00    16  |__CPU 0/TCG
14:16:15     1000         -   3735195    0.00    0.00    0.00    0.00    0.00    20  |__CPU 1/TCG
14:16:15     1000         -   3735196   94.00    6.00    0.00    0.00  100.00     4  |__CPU 2/TCG
14:16:15     1000         -   3735197    0.00    0.00    0.00    0.00    0.00     7  |__CPU 3/TCG
14:16:16     1000   3735172         -  187.00    9.00    0.00    0.00  196.00     5  qemu-system-aar
14:16:16     1000         -   3735172    1.00    1.00    0.00    0.00    2.00     5  |__qemu-system-aar
14:16:16     1000         -   3735179    0.00    0.00    0.00    0.00    0.00    23  |__call_rcu
14:16:16     1000         -   3735194   90.00    4.00    0.00    0.00   94.00     0  |__CPU 0/TCG
14:16:16     1000         -   3735195    1.00    0.00    0.00    0.00    1.00    17  |__CPU 1/TCG
14:16:16     1000         -   3735196   95.00    4.00    0.00    0.00   99.00     4  |__CPU 2/TCG
14:16:16     1000         -   3735197    0.00    0.00    0.00    0.00    0.00     7  |__CPU 3/TCG
14:16:17     1000   3735172         -  183.00    9.00    0.00    0.00  192.00    23  qemu-system-aar
14:16:17     1000         -   3735172    1.00    0.00    0.00    0.00    1.00    23  |__qemu-system-aar
14:16:17     1000         -   3735179    0.00    0.00    0.00    0.00    0.00    23  |__call_rcu
14:16:17     1000         -   3735194   89.00    4.00    0.00    0.00   93.00     0  |__CPU 0/TCG
14:16:17     1000         -   3735195    0.00    0.00    0.00    0.00    0.00    17  |__CPU 1/TCG
14:16:17     1000         -   3735196   93.00    5.00    0.00    0.00   98.00     4  |__CPU 2/TCG
14:16:17     1000         -   3735197    0.00    0.00    0.00    0.00    0.00     7  |__CPU 3/TCG
14:16:18     1000   3735172         -  183.00   11.00    0.00    0.00  194.00     6  qemu-system-aar
14:16:18     1000         -   3735172    0.00    1.00    0.00    0.00    1.00     6  |__qemu-system-aar
14:16:18     1000         -   3735179    0.00    0.00    0.00    0.00    0.00    23  |__call_rcu
14:16:18     1000         -   3735194   88.00    5.00    0.00    0.00   93.00    16  |__CPU 0/TCG
14:16:18     1000         -   3735195    1.00    0.00    0.00    0.00    1.00    17  |__CPU 1/TCG
14:16:18     1000         -   3735196   94.00    6.00    0.00    0.00  100.00     4  |__CPU 2/TCG
14:16:18     1000         -   3735197    0.00    0.00    0.00    0.00    0.00     7  |__CPU 3/TCG
14:16:19     1000   3735172         -  187.00    9.00    0.00    0.00  196.00     5  qemu-system-aar
14:16:19     1000         -   3735172    0.00    2.00    0.00    0.00    2.00     5  |__qemu-system-aar
14:16:19     1000         -   3735179    0.00    0.00    0.00    0.00    0.00    23  |__call_rcu
14:16:19     1000         -   3735194   92.00    3.00    0.00    0.00   95.00    16  |__CPU 0/TCG
14:16:19     1000         -   3735195    0.00    0.00    0.00    0.00    0.00    17  |__CPU 1/TCG
14:16:19     1000         -   3735196   93.00    5.00    0.00    0.00   98.00    20  |__CPU 2/TCG
14:16:19     1000         -   3735197    0.00    0.00    0.00    0.00    0.00     7  |__CPU 3/TCG
14:16:20     1000   3735172         -  186.00    9.00    0.00    0.00  195.00     5  qemu-system-aar
14:16:20     1000         -   3735172    0.00    1.00    0.00    0.00    1.00     5  |__qemu-system-aar
14:16:20     1000         -   3735179    0.00    0.00    0.00    0.00    0.00    23  |__call_rcu
14:16:20     1000         -   3735194   90.00    4.00    0.00    0.00   94.00    16  |__CPU 0/TCG
14:16:20     1000         -   3735195    1.00    0.00    0.00    0.00    1.00    17  |__CPU 1/TCG
14:16:20     1000         -   3735196   94.00    5.00    0.00    0.00   99.00    20  |__CPU 2/TCG
14:16:20     1000         -   3735197    0.00    0.00    0.00    0.00    0.00     7  |__CPU 3/TCG
14:16:21     1000   3735172         -  187.00    9.00    0.00    0.00  196.00     3  qemu-system-aar
14:16:21     1000         -   3735172    1.00    0.00    0.00    0.00    1.00     3  |__qemu-system-aar
14:16:21     1000         -   3735179    0.00    0.00    0.00    0.00    0.00    23  |__call_rcu
14:16:21     1000         -   3735194   90.00    5.00    0.00    0.00   95.00    16  |__CPU 0/TCG
14:16:21     1000         -   3735195    0.00    0.00    0.00    0.00    0.00    20  |__CPU 1/TCG
14:16:21     1000         -   3735196   95.00    4.00    0.00    0.00   99.00     4  |__CPU 2/TCG
14:16:21     1000         -   3735197    0.00    0.00    0.00    0.00    0.00     7  |__CPU 3/TCG
14:16:22     1000   3735172         -  186.00   10.00    0.00    0.00  196.00     7  qemu-system-aar
14:16:22     1000         -   3735172    1.00    0.00    0.00    0.00    1.00     7  |__qemu-system-aar
14:16:22     1000         -   3735179    0.00    0.00    0.00    0.00    0.00    23  |__call_rcu
14:16:22     1000         -   3735194   91.00    4.00    0.00    0.00   95.00    16  |__CPU 0/TCG
14:16:22     1000         -   3735195    1.00    0.00    0.00    0.00    1.00    20  |__CPU 1/TCG
14:16:22     1000         -   3735196   94.00    6.00    0.00    0.00  100.00     4  |__CPU 2/TCG
14:16:22     1000         -   3735197    0.00    0.00    0.00    0.00    0.00     7  |__CPU 3/TCG
14:16:23     1000   3735172         -  186.00   10.00    0.00    0.00  196.00     7  qemu-system-aar
14:16:23     1000         -   3735172    1.00    1.00    0.00    0.00    2.00     7  |__qemu-system-aar
14:16:23     1000         -   3735179    0.00    0.00    0.00    0.00    0.00    23  |__call_rcu
14:16:23     1000         -   3735194   90.00    4.00    0.00    0.00   94.00    16  |__CPU 0/TCG
14:16:23     1000         -   3735195    1.00    0.00    0.00    0.00    1.00    20  |__CPU 1/TCG
14:16:23     1000         -   3735196   93.00    5.00    0.00    0.00   98.00     4  |__CPU 2/TCG
14:16:23     1000         -   3735197    0.00    0.00    0.00    0.00    0.00     7  |__CPU 3/TCG
14:16:24     1000   3735172         -  184.00    9.00    0.00    0.00  193.00     7  qemu-system-aar
14:16:24     1000         -   3735172    0.00    2.00    0.00    0.00    2.00     7  |__qemu-system-aar
14:16:24     1000         -   3735179    0.00    0.00    0.00    0.00    0.00    23  |__call_rcu
14:16:24     1000         -   3735194   89.00    4.00    0.00    0.00   93.00     0  |__CPU 0/TCG
14:16:24     1000         -   3735195    0.00    0.00    0.00    0.00    0.00    20  |__CPU 1/TCG
14:16:24     1000         -   3735196   95.00    5.00    0.00    0.00  100.00     4  |__CPU 2/TCG
14:16:24     1000         -   3735197    0.00    0.00    0.00    0.00    0.00     7  |__CPU 3/TCG
14:16:25     1000   3735172         -  185.00   10.00    0.00    0.00  195.00    17  qemu-system-aar
14:16:25     1000         -   3735172    0.00    0.00    0.00    0.00    0.00    17  |__qemu-system-aar
14:16:25     1000         -   3735179    0.00    0.00    0.00    0.00    0.00    23  |__call_rcu
14:16:25     1000         -   3735194   90.00    4.00    0.00    0.00   94.00     0  |__CPU 0/TCG
14:16:25     1000         -   3735195    1.00    0.00    0.00    0.00    1.00    19  |__CPU 1/TCG
14:16:25     1000         -   3735196   93.00    5.00    0.00    0.00   98.00     4  |__CPU 2/TCG
14:16:25     1000         -   3735197    0.00    0.00    0.00    0.00    0.00     7  |__CPU 3/TCG
14:16:26     1000   3735172         -  186.00    9.00    0.00    0.00  195.00    18  qemu-system-aar
14:16:26     1000         -   3735172    0.00    2.00    0.00    0.00    2.00    18  |__qemu-system-aar
14:16:26     1000         -   3735179    0.00    0.00    0.00    0.00    0.00    23  |__call_rcu
14:16:26     1000         -   3735194   89.00    5.00    0.00    1.00   94.00     0  |__CPU 0/TCG
14:16:26     1000         -   3735195    0.00    0.00    0.00    0.00    0.00    17  |__CPU 1/TCG
14:16:26     1000         -   3735196   95.00    5.00    0.00    0.00  100.00     4  |__CPU 2/TCG
14:16:26     1000         -   3735197    0.00    0.00    0.00    0.00    0.00     7  |__CPU 3/TCG
14:16:27     1000   3735172         -  185.00    9.00    0.00    0.00  194.00     2  qemu-system-aar
14:16:27     1000         -   3735172    0.00    1.00    0.00    0.00    1.00     2  |__qemu-system-aar
14:16:27     1000         -   3735179    0.00    0.00    0.00    0.00    0.00    23  |__call_rcu
14:16:27     1000         -   3735194   90.00    4.00    0.00    0.00   94.00     0  |__CPU 0/TCG
14:16:27     1000         -   3735195    0.00    0.00    0.00    0.00    0.00    17  |__CPU 1/TCG
14:16:27     1000         -   3735196   94.00    5.00    0.00    0.00   99.00    20  |__CPU 2/TCG
14:16:27     1000         -   3735197    0.00    0.00    0.00    0.00    0.00     7  |__CPU 3/TCG
14:16:28     1000   3735172         -  182.00   12.00    0.00    0.00  194.00    19  qemu-system-aar
14:16:28     1000         -   3735172    1.00    1.00    0.00    0.00    2.00    19  |__qemu-system-aar
14:16:28     1000         -   3735179    0.00    0.00    0.00    0.00    0.00    23  |__call_rcu
14:16:28     1000         -   3735194   87.00    5.00    0.00    0.00   92.00     0  |__CPU 0/TCG
14:16:28     1000         -   3735195    1.00    0.00    0.00    0.00    1.00    17  |__CPU 1/TCG
14:16:28     1000         -   3735196   93.00    6.00    0.00    0.00   99.00     4  |__CPU 2/TCG
14:16:28     1000         -   3735197    0.00    0.00    0.00    0.00    0.00     7  |__CPU 3/TCG
14:16:29     1000   3735172         -  185.00   10.00    0.00    0.00  195.00     1  qemu-system-aar
14:16:29     1000         -   3735172    0.00    1.00    0.00    0.00    1.00     1  |__qemu-system-aar
14:16:29     1000         -   3735179    0.00    0.00    0.00    0.00    0.00    23  |__call_rcu
14:16:29     1000         -   3735194   90.00    4.00    0.00    0.00   94.00     0  |__CPU 0/TCG
14:16:29     1000         -   3735195    0.00    0.00    0.00    0.00    0.00    17  |__CPU 1/TCG
14:16:29     1000         -   3735196   94.00    5.00    0.00    0.00   99.00     4  |__CPU 2/TCG
14:16:29     1000         -   3735197    0.00    0.00    0.00    0.00    0.00     7  |__CPU 3/TCG
14:16:30     1000   3735172         -  186.00    9.00    0.00    0.00  195.00    19  qemu-system-aar
14:16:30     1000         -   3735172    0.00    1.00    0.00    0.00    1.00    19  |__qemu-system-aar
14:16:30     1000         -   3735179    0.00    0.00    0.00    0.00    0.00    23  |__call_rcu
14:16:30     1000         -   3735194   91.00    4.00    0.00    0.00   95.00    16  |__CPU 0/TCG
14:16:30     1000         -   3735195    0.00    0.00    0.00    0.00    0.00    17  |__CPU 1/TCG
14:16:30     1000         -   3735196   94.00    5.00    0.00    0.00   99.00    20  |__CPU 2/TCG
14:16:30     1000         -   3735197    0.00    0.00    0.00    0.00    0.00     7  |__CPU 3/TCG
14:16:31     1000   3735172         -  186.00    8.00    0.00    0.00  194.00     2  qemu-system-aar
14:16:31     1000         -   3735172    0.00    1.00    0.00    0.00    1.00     2  |__qemu-system-aar
14:16:31     1000         -   3735179    0.00    0.00    0.00    0.00    0.00    23  |__call_rcu
14:16:31     1000         -   3735194   90.00    3.00    0.00    0.00   93.00     0  |__CPU 0/TCG
14:16:31     1000         -   3735195    1.00    0.00    0.00    0.00    1.00    17  |__CPU 1/TCG
14:16:31     1000         -   3735196   95.00    5.00    0.00    0.00  100.00    20  |__CPU 2/TCG
14:16:31     1000         -   3735197    0.00    0.00    0.00    0.00    0.00     7  |__CPU 3/TCG
14:16:32     1000   3735172         -  183.00   11.00    0.00    0.00  194.00    17  qemu-system-aar
14:16:32     1000         -   3735172    1.00    1.00    0.00    0.00    2.00    17  |__qemu-system-aar
14:16:32     1000         -   3735179    0.00    0.00    0.00    0.00    0.00    23  |__call_rcu
14:16:32     1000         -   3735194   88.00    6.00    0.00    0.00   94.00    16  |__CPU 0/TCG
14:16:32     1000         -   3735195    0.00    0.00    0.00    0.00    0.00    19  |__CPU 1/TCG
14:16:32     1000         -   3735196   93.00    5.00    0.00    0.00   98.00    20  |__CPU 2/TCG
14:16:32     1000         -   3735197    0.00    0.00    0.00    0.00    0.00     7  |__CPU 3/TCG
14:16:33     1000   3735172         -  185.00   10.00    0.00    0.00  195.00    17  qemu-system-aar
14:16:33     1000         -   3735172    0.00    1.00    0.00    0.00    1.00    17  |__qemu-system-aar
14:16:33     1000         -   3735179    0.00    0.00    0.00    0.00    0.00    23  |__call_rcu
14:16:33     1000         -   3735194   90.00    4.00    0.00    0.00   94.00    16  |__CPU 0/TCG
14:16:33     1000         -   3735195    1.00    0.00    0.00    0.00    1.00    18  |__CPU 1/TCG
14:16:33     1000         -   3735196   94.00    6.00    0.00    0.00  100.00    20  |__CPU 2/TCG
14:16:33     1000         -   3735197    0.00    0.00    0.00    0.00    0.00     7  |__CPU 3/TCG
14:16:34     1000   3735172         -  186.00   10.00    0.00    0.00  196.00    18  qemu-system-aar
14:16:34     1000         -   3735172    2.00    0.00    0.00    0.00    2.00    18  |__qemu-system-aar
14:16:34     1000         -   3735179    0.00    0.00    0.00    0.00    0.00    23  |__call_rcu
14:16:34     1000         -   3735194   91.00    4.00    0.00    0.00   95.00    16  |__CPU 0/TCG
14:16:34     1000         -   3735195    0.00    0.00    0.00    0.00    0.00    19  |__CPU 1/TCG
14:16:34     1000         -   3735196   93.00    6.00    0.00    0.00   99.00    20  |__CPU 2/TCG
14:16:34     1000         -   3735197    0.00    0.00    0.00    0.00    0.00     7  |__CPU 3/TCG
14:16:35     1000   3735172         -  183.00   12.00    0.00    0.00  195.00    18  qemu-system-aar
14:16:35     1000         -   3735172    1.00    0.00    0.00    0.00    1.00    18  |__qemu-system-aar
14:16:35     1000         -   3735179    0.00    0.00    0.00    0.00    0.00    23  |__call_rcu
14:16:35     1000         -   3735194   87.00    6.00    0.00    0.00   93.00    16  |__CPU 0/TCG
14:16:35     1000         -   3735195    1.00    0.00    0.00    0.00    1.00    21  |__CPU 1/TCG
14:16:35     1000         -   3735196   94.00    5.00    0.00    0.00   99.00    20  |__CPU 2/TCG
14:16:35     1000         -   3735197    0.00    0.00    0.00    0.00    0.00     7  |__CPU 3/TCG
14:16:36     1000   3735172         -  185.00    9.00    0.00    0.00  194.00    17  qemu-system-aar
14:16:36     1000         -   3735172    0.00    0.00    0.00    0.00    0.00    17  |__qemu-system-aar
14:16:36     1000         -   3735179    0.00    0.00    0.00    0.00    0.00    23  |__call_rcu
14:16:36     1000         -   3735194   91.00    4.00    0.00    0.00   95.00    16  |__CPU 0/TCG
14:16:36     1000         -   3735195    0.00    0.00    0.00    0.00    0.00    21  |__CPU 1/TCG
14:16:36     1000         -   3735196   93.00    6.00    0.00    0.00   99.00    20  |__CPU 2/TCG
14:16:36     1000         -   3735197    0.00    0.00    0.00    0.00    0.00     7  |__CPU 3/TCG
14:16:37     1000   3735172         -  187.00    9.00    0.00    0.00  196.00    17  qemu-system-aar
14:16:37     1000         -   3735172    2.00    1.00    0.00    0.00    3.00    17  |__qemu-system-aar
14:16:37     1000         -   3735179    0.00    0.00    0.00    0.00    0.00    23  |__call_rcu
14:16:37     1000         -   3735194   90.00    4.00    0.00    0.00   94.00    16  |__CPU 0/TCG
14:16:37     1000         -   3735195    1.00    0.00    0.00    0.00    1.00    21  |__CPU 1/TCG
14:16:37     1000         -   3735196   94.00    5.00    0.00    0.00   99.00    20  |__CPU 2/TCG
14:16:37     1000         -   3735197    0.00    0.00    0.00    0.00    0.00     7  |__CPU 3/TCG
14:16:38     1000   3735172         -  183.00   11.00    0.00    0.00  194.00    19  qemu-system-aar
14:16:38     1000         -   3735172    0.00    0.00    0.00    0.00    0.00    19  |__qemu-system-aar
14:16:38     1000         -   3735179    0.00    0.00    0.00    0.00    0.00    23  |__call_rcu
14:16:38     1000         -   3735194   89.00    4.00    0.00    0.00   93.00    16  |__CPU 0/TCG
14:16:38     1000         -   3735195    0.00    0.00    0.00    0.00    0.00    22  |__CPU 1/TCG
14:16:38     1000         -   3735196   93.00    5.00    0.00    0.00   98.00    20  |__CPU 2/TCG
14:16:38     1000         -   3735197    0.00    0.00    0.00    0.00    0.00     7  |__CPU 3/TCG
14:16:39     1000   3735172         -  184.00   10.00    0.00    0.00  194.00    19  qemu-system-aar
14:16:39     1000         -   3735172    1.00    0.00    0.00    0.00    1.00    19  |__qemu-system-aar
14:16:39     1000         -   3735179    0.00    0.00    0.00    0.00    0.00    23  |__call_rcu
14:16:39     1000         -   3735194   88.00    6.00    0.00    0.00   94.00    16  |__CPU 0/TCG
14:16:39     1000         -   3735195    1.00    0.00    0.00    0.00    1.00    21  |__CPU 1/TCG
14:16:39     1000         -   3735196   94.00    6.00    0.00    0.00  100.00    20  |__CPU 2/TCG
14:16:39     1000         -   3735197    0.00    0.00    0.00    0.00    0.00     7  |__CPU 3/TCG
14:16:40     1000   3735172         -  186.00   10.00    0.00    0.00  196.00    19  qemu-system-aar
14:16:40     1000         -   3735172    0.00    2.00    0.00    0.00    2.00    19  |__qemu-system-aar
14:16:40     1000         -   3735179    0.00    0.00    0.00    0.00    0.00    23  |__call_rcu
14:16:40     1000         -   3735194   90.00    4.00    0.00    0.00   94.00    16  |__CPU 0/TCG
14:16:40     1000         -   3735195    0.00    0.00    0.00    0.00    0.00    22  |__CPU 1/TCG
14:16:40     1000         -   3735196   94.00    4.00    0.00    0.00   98.00    20  |__CPU 2/TCG
14:16:40     1000         -   3735197    0.00    0.00    0.00    0.00    0.00     7  |__CPU 3/TCG
14:16:41     1000   3735172         -  186.00    8.00    0.00    0.00  194.00    22  qemu-system-aar
14:16:41     1000         -   3735172    0.00    1.00    0.00    0.00    1.00    22  |__qemu-system-aar
14:16:41     1000         -   3735179    0.00    0.00    0.00    0.00    0.00    23  |__call_rcu
14:16:41     1000         -   3735194   89.00    4.00    0.00    0.00   93.00    16  |__CPU 0/TCG
14:16:41     1000         -   3735195    1.00    0.00    0.00    0.00    1.00    21  |__CPU 1/TCG
14:16:41     1000         -   3735196   95.00    5.00    0.00    0.00  100.00    20  |__CPU 2/TCG
14:16:41     1000         -   3735197    0.00    0.00    0.00    0.00    0.00     7  |__CPU 3/TCG
14:16:42     1000   3735172         -  185.00   10.00    0.00    0.00  195.00    23  qemu-system-aar
14:16:42     1000         -   3735172    1.00    1.00    0.00    0.00    2.00    23  |__qemu-system-aar
14:16:42     1000         -   3735179    0.00    0.00    0.00    0.00    0.00    23  |__call_rcu
14:16:42     1000         -   3735194   91.00    3.00    0.00    0.00   94.00    16  |__CPU 0/TCG
14:16:42     1000         -   3735195    0.00    0.00    0.00    0.00    0.00    22  |__CPU 1/TCG
14:16:42     1000         -   3735196   94.00    5.00    0.00    0.00   99.00    20  |__CPU 2/TCG
14:16:42     1000         -   3735197    0.00    0.00    0.00    0.00    0.00     7  |__CPU 3/TCG
14:16:43     1000   3735172         -  177.00   14.00    0.00    0.00  191.00    23  qemu-system-aar
14:16:43     1000         -   3735172    0.00    0.00    0.00    0.00    0.00    23  |__qemu-system-aar
14:16:43     1000         -   3735179    0.00    0.00    0.00    0.00    0.00    23  |__call_rcu
14:16:43     1000         -   3735194   85.00    7.00    0.00    0.00   92.00     0  |__CPU 0/TCG
14:16:43     1000         -   3735195    1.00    0.00    0.00    0.00    1.00     3  |__CPU 1/TCG
14:16:43     1000         -   3735196   91.00    8.00    0.00    0.00   99.00    20  |__CPU 2/TCG
14:16:43     1000         -   3735197    0.00    0.00    0.00    0.00    0.00     7  |__CPU 3/TCG
14:16:44     1000   3735172         -  182.00   11.00    0.00    0.00  193.00     6  qemu-system-aar
14:16:44     1000         -   3735172    1.00    1.00    0.00    0.00    2.00     6  |__qemu-system-aar
14:16:44     1000         -   3735179    0.00    0.00    0.00    0.00    0.00    23  |__call_rcu
14:16:44     1000         -   3735194   86.00    5.00    0.00    0.00   91.00    16  |__CPU 0/TCG
14:16:44     1000         -   3735195    1.00    0.00    0.00    0.00    1.00    21  |__CPU 1/TCG
14:16:44     1000         -   3735196   93.00    6.00    0.00    0.00   99.00    20  |__CPU 2/TCG
14:16:44     1000         -   3735197    0.00    0.00    0.00    0.00    0.00     7  |__CPU 3/TCG
14:16:45     1000   3735172         -  193.00    4.00    0.00    0.00  197.00    23  qemu-system-aar
14:16:45     1000         -   3735172    1.00    0.00    0.00    0.00    1.00    23  |__qemu-system-aar
14:16:45     1000         -   3735179    0.00    0.00    0.00    0.00    0.00    23  |__call_rcu
14:16:45     1000         -   3735194   95.00    2.00    0.00    0.00   97.00    16  |__CPU 0/TCG
14:16:45     1000         -   3735195    0.00    0.00    0.00    0.00    0.00     3  |__CPU 1/TCG
14:16:45     1000         -   3735196   97.00    2.00    0.00    0.00   99.00    20  |__CPU 2/TCG
14:16:45     1000         -   3735197    0.00    0.00    0.00    0.00    0.00     7  |__CPU 3/TCG
14:16:46     1000   3735172         -  186.00    9.00    0.00    0.00  195.00     2  qemu-system-aar
14:16:46     1000         -   3735172    0.00    2.00    0.00    0.00    2.00     2  |__qemu-system-aar
14:16:46     1000         -   3735179    0.00    0.00    0.00    0.00    0.00    23  |__call_rcu
14:16:46     1000         -   3735194   90.00    3.00    0.00    0.00   93.00    16  |__CPU 0/TCG
14:16:46     1000         -   3735195    1.00    0.00    0.00    0.00    1.00     4  |__CPU 1/TCG
14:16:46     1000         -   3735196   95.00    5.00    0.00    0.00  100.00    20  |__CPU 2/TCG
14:16:46     1000         -   3735197    0.00    0.00    0.00    0.00    0.00     7  |__CPU 3/TCG
14:16:47     1000   3735172         -  187.00    9.00    0.00    0.00  196.00    22  qemu-system-aar
14:16:47     1000         -   3735172    0.00    1.00    0.00    0.00    1.00    22  |__qemu-system-aar
14:16:47     1000         -   3735179    0.00    0.00    0.00    0.00    0.00    23  |__call_rcu
14:16:47     1000         -   3735194   90.00    4.00    0.00    0.00   94.00    16  |__CPU 0/TCG
14:16:47     1000         -   3735195    0.00    0.00    0.00    0.00    0.00     4  |__CPU 1/TCG
14:16:47     1000         -   3735196   94.00    4.00    0.00    0.00   98.00    20  |__CPU 2/TCG
14:16:47     1000         -   3735197    0.00    0.00    0.00    0.00    0.00     7  |__CPU 3/TCG
14:16:48     1000   3735172         -  184.00   10.00    0.00    0.00  194.00     1  qemu-system-aar
14:16:48     1000         -   3735172    1.00    0.00    0.00    0.00    1.00     1  |__qemu-system-aar
14:16:48     1000         -   3735179    0.00    0.00    0.00    0.00    0.00    23  |__call_rcu
14:16:48     1000         -   3735194   90.00    5.00    0.00    0.00   95.00    16  |__CPU 0/TCG
14:16:48     1000         -   3735195    0.00    0.00    0.00    0.00    0.00     4  |__CPU 1/TCG
14:16:48     1000         -   3735196   94.00    6.00    0.00    0.00  100.00    20  |__CPU 2/TCG
14:16:48     1000         -   3735197    0.00    0.00    0.00    0.00    0.00     7  |__CPU 3/TCG
14:16:49     1000   3735172         -  185.00   11.00    0.00    0.00  196.00     1  qemu-system-aar
14:16:49     1000         -   3735172    0.00    1.00    0.00    0.00    1.00     1  |__qemu-system-aar
14:16:49     1000         -   3735179    0.00    0.00    0.00    0.00    0.00    23  |__call_rcu
14:16:49     1000         -   3735194   89.00    5.00    0.00    0.00   94.00    16  |__CPU 0/TCG
14:16:49     1000         -   3735195    1.00    1.00    0.00    0.00    2.00     4  |__CPU 1/TCG
14:16:49     1000         -   3735196   93.00    5.00    0.00    0.00   98.00    20  |__CPU 2/TCG
14:16:49     1000         -   3735197    0.00    0.00    0.00    0.00    0.00     7  |__CPU 3/TCG
14:16:50     1000   3735172         -  185.00    9.00    0.00    0.00  194.00    17  qemu-system-aar
14:16:50     1000         -   3735172    1.00    1.00    0.00    0.00    2.00    17  |__qemu-system-aar
14:16:50     1000         -   3735179    0.00    0.00    0.00    0.00    0.00    23  |__call_rcu
14:16:50     1000         -   3735194   90.00    4.00    0.00    0.00   94.00    16  |__CPU 0/TCG
14:16:50     1000         -   3735195    0.00    0.00    0.00    0.00    0.00     4  |__CPU 1/TCG
14:16:50     1000         -   3735196   94.00    6.00    0.00    0.00  100.00    20  |__CPU 2/TCG
14:16:50     1000         -   3735197    0.00    0.00    0.00    0.00    0.00     7  |__CPU 3/TCG
14:16:51     1000   3735172         -  187.00    9.00    0.00    0.00  196.00    17  qemu-system-aar
14:16:51     1000         -   3735172    0.00    1.00    0.00    0.00    1.00    17  |__qemu-system-aar
14:16:51     1000         -   3735179    0.00    0.00    0.00    0.00    0.00    23  |__call_rcu
14:16:51     1000         -   3735194   90.00    4.00    0.00    0.00   94.00    16  |__CPU 0/TCG
14:16:51     1000         -   3735195    1.00    0.00    0.00    0.00    1.00     4  |__CPU 1/TCG
14:16:51     1000         -   3735196   95.00    4.00    0.00    0.00   99.00    20  |__CPU 2/TCG
14:16:51     1000         -   3735197    0.00    0.00    0.00    0.00    0.00     7  |__CPU 3/TCG
14:16:52     1000   3735172         -  185.00    9.00    0.00    0.00  194.00    19  qemu-system-aar
14:16:52     1000         -   3735172    0.00    1.00    0.00    0.00    1.00    19  |__qemu-system-aar
14:16:52     1000         -   3735179    0.00    0.00    0.00    0.00    0.00    23  |__call_rcu
14:16:52     1000         -   3735194   89.00    5.00    0.00    0.00   94.00    16  |__CPU 0/TCG
14:16:52     1000         -   3735195    1.00    0.00    0.00    0.00    1.00     4  |__CPU 1/TCG
14:16:52     1000         -   3735196   95.00    4.00    0.00    0.00   99.00    20  |__CPU 2/TCG
14:16:52     1000         -   3735197    0.00    0.00    0.00    0.00    0.00     7  |__CPU 3/TCG
14:16:53     1000   3735172         -  183.00   11.00    0.00    0.00  194.00     5  qemu-system-aar
14:16:53     1000         -   3735172    1.00    0.00    0.00    0.00    1.00     5  |__qemu-system-aar
14:16:53     1000         -   3735179    0.00    0.00    0.00    0.00    0.00    23  |__call_rcu
14:16:53     1000         -   3735194   88.00    5.00    0.00    0.00   93.00    16  |__CPU 0/TCG
14:16:53     1000         -   3735195    0.00    0.00    0.00    0.00    0.00     3  |__CPU 1/TCG
14:16:53     1000         -   3735196   93.00    6.00    0.00    0.00   99.00    20  |__CPU 2/TCG
14:16:53     1000         -   3735197    0.00    0.00    0.00    0.00    0.00     7  |__CPU 3/TCG
14:16:54     1000   3735172         -  185.00   11.00    0.00    0.00  196.00    18  qemu-system-aar
14:16:54     1000         -   3735172    0.00    1.00    0.00    0.00    1.00    18  |__qemu-system-aar
14:16:54     1000         -   3735179    0.00    0.00    0.00    0.00    0.00    23  |__call_rcu
14:16:54     1000         -   3735194   90.00    5.00    0.00    0.00   95.00    16  |__CPU 0/TCG
14:16:54     1000         -   3735195    0.00    0.00    0.00    0.00    0.00     3  |__CPU 1/TCG
14:16:54     1000         -   3735196   93.00    6.00    0.00    0.00   99.00    20  |__CPU 2/TCG
14:16:54     1000         -   3735197    0.00    0.00    0.00    0.00    0.00     7  |__CPU 3/TCG
14:16:55     1000   3735172         -  184.00   11.00    0.00    0.00  195.00    18  qemu-system-aar
14:16:55     1000         -   3735172    1.00    1.00    0.00    0.00    2.00    18  |__qemu-system-aar
14:16:55     1000         -   3735179    0.00    0.00    0.00    0.00    0.00    23  |__call_rcu
14:16:55     1000         -   3735194   89.00    4.00    0.00    0.00   93.00    16  |__CPU 0/TCG
14:16:55     1000         -   3735195    1.00    0.00    0.00    0.00    1.00     3  |__CPU 1/TCG
14:16:55     1000         -   3735196   94.00    6.00    0.00    0.00  100.00    20  |__CPU 2/TCG
14:16:55     1000         -   3735197    0.00    0.00    0.00    0.00    0.00     7  |__CPU 3/TCG
14:16:56     1000   3735172         -  183.00   11.00    0.00    0.00  194.00    23  qemu-system-aar
14:16:56     1000         -   3735172    1.00    0.00    0.00    0.00    1.00    23  |__qemu-system-aar
14:16:56     1000         -   3735179    0.00    0.00    0.00    0.00    0.00    23  |__call_rcu
14:16:56     1000         -   3735194   88.00    6.00    0.00    0.00   94.00    16  |__CPU 0/TCG
14:16:56     1000         -   3735195    1.00    0.00    0.00    0.00    1.00     3  |__CPU 1/TCG
14:16:56     1000         -   3735196   94.00    5.00    0.00    0.00   99.00    20  |__CPU 2/TCG
14:16:56     1000         -   3735197    0.00    0.00    0.00    0.00    0.00     7  |__CPU 3/TCG
14:16:57     1000   3735172         -  189.00    8.00    0.00    0.00  197.00    23  qemu-system-aar
14:16:57     1000         -   3735172    0.00    1.00    0.00    0.00    1.00    23  |__qemu-system-aar
14:16:57     1000         -   3735179    0.00    0.00    0.00    0.00    0.00    23  |__call_rcu
14:16:57     1000         -   3735194   92.00    3.00    0.00    0.00   95.00    16  |__CPU 0/TCG
14:16:57     1000         -   3735195    0.00    0.00    0.00    0.00    0.00     3  |__CPU 1/TCG
14:16:57     1000         -   3735196   95.00    4.00    0.00    0.00   99.00    20  |__CPU 2/TCG
14:16:57     1000         -   3735197    0.00    0.00    0.00    0.00    0.00     7  |__CPU 3/TCG
14:16:58     1000   3735172         -  184.00    9.00    0.00    0.00  193.00    23  qemu-system-aar
14:16:58     1000         -   3735172    0.00    1.00    0.00    0.00    1.00    23  |__qemu-system-aar
14:16:58     1000         -   3735179    0.00    0.00    0.00    0.00    0.00    23  |__call_rcu
14:16:58     1000         -   3735194   90.00    4.00    0.00    0.00   94.00    16  |__CPU 0/TCG
14:16:58     1000         -   3735195    0.00    0.00    0.00    0.00    0.00     7  |__CPU 1/TCG
14:16:58     1000         -   3735196   93.00    6.00    0.00    0.00   99.00    20  |__CPU 2/TCG
14:16:58     1000         -   3735197    0.00    0.00    0.00    0.00    0.00     7  |__CPU 3/TCG
14:16:59     1000   3735172         -  176.00   15.00    0.00    0.00  191.00    17  qemu-system-aar
14:16:59     1000         -   3735172    1.00    1.00    0.00    0.00    2.00    17  |__qemu-system-aar
14:16:59     1000         -   3735179    0.00    0.00    0.00    0.00    0.00    23  |__call_rcu
14:16:59     1000         -   3735194   84.00    6.00    0.00    0.00   90.00     0  |__CPU 0/TCG
14:16:59     1000         -   3735195    1.00    0.00    0.00    0.00    1.00     7  |__CPU 1/TCG
14:16:59     1000         -   3735196   90.00    9.00    0.00    0.00   99.00    20  |__CPU 2/TCG
14:16:59     1000         -   3735197    0.00    0.00    0.00    0.00    0.00     7  |__CPU 3/TCG
14:17:00     1000   3735172         -  184.00   10.00    0.00    0.00  194.00     6  qemu-system-aar
14:17:00     1000         -   3735172    0.00    1.00    0.00    0.00    1.00     6  |__qemu-system-aar
14:17:00     1000         -   3735179    0.00    0.00    0.00    0.00    0.00    23  |__call_rcu
14:17:00     1000         -   3735194   88.00    4.00    0.00    0.00   92.00    16  |__CPU 0/TCG
14:17:00     1000         -   3735195    0.00    0.00    0.00    0.00    0.00     7  |__CPU 1/TCG
14:17:00     1000         -   3735196   94.00    5.00    0.00    0.00   99.00    20  |__CPU 2/TCG
14:17:00     1000         -   3735197    0.00    0.00    0.00    0.00    0.00     7  |__CPU 3/TCG
14:17:01     1000   3735172         -  185.00   10.00    0.00    0.00  195.00     6  qemu-system-aar
14:17:01     1000         -   3735172    0.00    1.00    0.00    0.00    1.00     6  |__qemu-system-aar
14:17:01     1000         -   3735179    0.00    0.00    0.00    0.00    0.00    23  |__call_rcu
14:17:01     1000         -   3735194   90.00    4.00    0.00    0.00   94.00    16  |__CPU 0/TCG
14:17:01     1000         -   3735195    1.00    0.00    0.00    0.00    1.00     7  |__CPU 1/TCG
14:17:01     1000         -   3735196   94.00    5.00    0.00    0.00   99.00    20  |__CPU 2/TCG
14:17:01     1000         -   3735197    0.00    0.00    0.00    0.00    0.00     7  |__CPU 3/TCG
14:17:02     1000   3735172         -  185.00   10.00    0.00    0.00  195.00    17  qemu-system-aar
14:17:02     1000         -   3735172    1.00    1.00    0.00    0.00    2.00    17  |__qemu-system-aar
14:17:02     1000         -   3735179    0.00    0.00    0.00    0.00    0.00    23  |__call_rcu
14:17:02     1000         -   3735194   89.00    5.00    0.00    0.00   94.00    16  |__CPU 0/TCG
14:17:02     1000         -   3735195    0.00    0.00    0.00    0.00    0.00     3  |__CPU 1/TCG
14:17:02     1000         -   3735196   94.00    5.00    0.00    0.00   99.00     4  |__CPU 2/TCG
14:17:02     1000         -   3735197    0.00    0.00    0.00    0.00    0.00     7  |__CPU 3/TCG
14:17:03     1000   3735172         -  184.00    9.00    0.00    0.00  193.00     6  qemu-system-aar
14:17:03     1000         -   3735172    0.00    1.00    0.00    0.00    1.00     6  |__qemu-system-aar
14:17:03     1000         -   3735179    0.00    0.00    0.00    0.00    0.00    23  |__call_rcu
14:17:03     1000         -   3735194   89.00    5.00    0.00    0.00   94.00    16  |__CPU 0/TCG
14:17:03     1000         -   3735195    1.00    0.00    0.00    0.00    1.00     3  |__CPU 1/TCG
14:17:03     1000         -   3735196   95.00    4.00    0.00    0.00   99.00    20  |__CPU 2/TCG
14:17:03     1000         -   3735197    0.00    0.00    0.00    0.00    0.00     7  |__CPU 3/TCG
14:17:04     1000   3735172         -  184.00   11.00    0.00    0.00  195.00     7  qemu-system-aar
14:17:04     1000         -   3735172    0.00    1.00    0.00    0.00    1.00     7  |__qemu-system-aar
14:17:04     1000         -   3735179    0.00    0.00    0.00    0.00    0.00    23  |__call_rcu
14:17:04     1000         -   3735194   88.00    5.00    0.00    0.00   93.00    16  |__CPU 0/TCG
14:17:04     1000         -   3735195    1.00    0.00    0.00    0.00    1.00     3  |__CPU 1/TCG
14:17:04     1000         -   3735196   94.00    5.00    0.00    0.00   99.00     4  |__CPU 2/TCG
14:17:04     1000         -   3735197    0.00    0.00    0.00    0.00    0.00     7  |__CPU 3/TCG
14:17:05     1000   3735172         -  181.00   11.00    0.00    0.00  192.00     7  qemu-system-aar
14:17:05     1000         -   3735172    1.00    1.00    0.00    0.00    2.00     7  |__qemu-system-aar
14:17:05     1000         -   3735179    0.00    0.00    0.00    0.00    0.00    23  |__call_rcu
14:17:05     1000         -   3735194   86.00    5.00    0.00    0.00   91.00     0  |__CPU 0/TCG
14:17:05     1000         -   3735195    0.00    0.00    0.00    0.00    0.00     3  |__CPU 1/TCG
14:17:05     1000         -   3735196   93.00    6.00    0.00    0.00   99.00     4  |__CPU 2/TCG
14:17:05     1000         -   3735197    0.00    0.00    0.00    0.00    0.00     7  |__CPU 3/TCG
14:17:06     1000   3735172         -  182.00   12.00    0.00    0.00  194.00     6  qemu-system-aar
14:17:06     1000         -   3735172    0.00    0.00    0.00    0.00    0.00     6  |__qemu-system-aar
14:17:06     1000         -   3735179    0.00    0.00    0.00    0.00    0.00    23  |__call_rcu
14:17:06     1000         -   3735194   87.00    5.00    0.00    0.00   92.00    16  |__CPU 0/TCG
14:17:06     1000         -   3735195    0.00    0.00    0.00    0.00    0.00     3  |__CPU 1/TCG
14:17:06     1000         -   3735196   93.00    7.00    0.00    0.00  100.00     4  |__CPU 2/TCG
14:17:06     1000         -   3735197    0.00    0.00    0.00    0.00    0.00     7  |__CPU 3/TCG
14:17:07     1000   3735172         -  182.00   11.00    0.00    0.00  193.00     6  qemu-system-aar
14:17:07     1000         -   3735172    1.00    1.00    0.00    0.00    2.00     6  |__qemu-system-aar
14:17:07     1000         -   3735179    0.00    0.00    0.00    0.00    0.00    23  |__call_rcu
14:17:07     1000         -   3735194   88.00    5.00    0.00    0.00   93.00    16  |__CPU 0/TCG
14:17:07     1000         -   3735195    0.00    1.00    0.00    0.00    1.00     7  |__CPU 1/TCG
14:17:07     1000         -   3735196   93.00    6.00    0.00    0.00   99.00    20  |__CPU 2/TCG
14:17:07     1000         -   3735197    0.00    0.00    0.00    0.00    0.00     7  |__CPU 3/TCG
14:17:08     1000   3735172         -  184.00   11.00    0.00    0.00  195.00     6  qemu-system-aar
14:17:08     1000         -   3735172    1.00    0.00    0.00    0.00    1.00     6  |__qemu-system-aar
14:17:08     1000         -   3735179    0.00    0.00    0.00    0.00    0.00    23  |__call_rcu
14:17:08     1000         -   3735194   88.00    5.00    0.00    0.00   93.00    16  |__CPU 0/TCG
14:17:08     1000         -   3735195    1.00    0.00    0.00    0.00    1.00     7  |__CPU 1/TCG
14:17:08     1000         -   3735196   93.00    5.00    0.00    0.00   98.00    20  |__CPU 2/TCG
14:17:08     1000         -   3735197    0.00    0.00    0.00    0.00    0.00     7  |__CPU 3/TCG
14:17:09     1000   3735172         -  185.00    9.00    0.00    0.00  194.00     6  qemu-system-aar
14:17:09     1000         -   3735172    0.00    2.00    0.00    0.00    2.00     6  |__qemu-system-aar
14:17:09     1000         -   3735179    0.00    0.00    0.00    0.00    0.00    23  |__call_rcu
14:17:09     1000         -   3735194   90.00    4.00    0.00    0.00   94.00    16  |__CPU 0/TCG
14:17:09     1000         -   3735195    1.00    0.00    0.00    0.00    1.00     3  |__CPU 1/TCG
14:17:09     1000         -   3735196   95.00    5.00    0.00    0.00  100.00    20  |__CPU 2/TCG
14:17:09     1000         -   3735197    0.00    0.00    0.00    0.00    0.00     7  |__CPU 3/TCG
14:17:10     1000   3735172         -  183.00   10.00    0.00    0.00  193.00     7  qemu-system-aar
14:17:10     1000         -   3735172    0.00    1.00    0.00    0.00    1.00     7  |__qemu-system-aar
14:17:10     1000         -   3735179    0.00    0.00    0.00    0.00    0.00    23  |__call_rcu
14:17:10     1000         -   3735194   88.00    5.00    0.00    0.00   93.00    16  |__CPU 0/TCG
14:17:10     1000         -   3735195    0.00    0.00    0.00    0.00    0.00    20  |__CPU 1/TCG
14:17:10     1000         -   3735196   93.00    6.00    0.00    0.00   99.00     4  |__CPU 2/TCG
14:17:10     1000         -   3735197    0.00    0.00    0.00    0.00    0.00     7  |__CPU 3/TCG
14:17:11     1000   3735172         -  185.00   10.00    0.00    0.00  195.00    17  qemu-system-aar
14:17:11     1000         -   3735172    1.00    0.00    0.00    0.00    1.00    17  |__qemu-system-aar
14:17:11     1000         -   3735179    0.00    0.00    0.00    0.00    0.00    23  |__call_rcu
14:17:11     1000         -   3735194   89.00    4.00    0.00    0.00   93.00    16  |__CPU 0/TCG
14:17:11     1000         -   3735195    1.00    0.00    0.00    0.00    1.00    20  |__CPU 1/TCG
14:17:11     1000         -   3735196   95.00    4.00    0.00    0.00   99.00     4  |__CPU 2/TCG
14:17:11     1000         -   3735197    0.00    0.00    0.00    0.00    0.00     7  |__CPU 3/TCG
14:17:12     1000   3735172         -  188.00    7.00    0.00    0.00  195.00     6  qemu-system-aar
14:17:12     1000         -   3735172    1.00    0.00    0.00    0.00    1.00     6  |__qemu-system-aar
14:17:12     1000         -   3735179    0.00    0.00    0.00    0.00    0.00    23  |__call_rcu
14:17:12     1000         -   3735194   90.00    4.00    0.00    0.00   94.00     4  |__CPU 0/TCG
14:17:12     1000         -   3735195    0.00    0.00    0.00    0.00    0.00     3  |__CPU 1/TCG
14:17:12     1000         -   3735196   95.00    4.00    0.00    0.00   99.00    16  |__CPU 2/TCG
14:17:12     1000         -   3735197    0.00    0.00    0.00    0.00    0.00     7  |__CPU 3/TCG
14:17:13     1000   3735172         -  186.00    8.00    0.00    0.00  194.00     6  qemu-system-aar
14:17:13     1000         -   3735172    1.00    1.00    0.00    0.00    2.00     6  |__qemu-system-aar
14:17:13     1000         -   3735179    0.00    0.00    0.00    0.00    0.00    23  |__call_rcu
14:17:13     1000         -   3735194   90.00    4.00    0.00    0.00   94.00    20  |__CPU 0/TCG
14:17:13     1000         -   3735195    1.00    0.00    0.00    0.00    1.00     0  |__CPU 1/TCG
14:17:13     1000         -   3735196   95.00    4.00    0.00    0.00   99.00    16  |__CPU 2/TCG
14:17:13     1000         -   3735197    0.00    0.00    0.00    0.00    0.00     7  |__CPU 3/TCG
14:17:14     1000   3735172         -  185.00   11.00    0.00    0.00  196.00     6  qemu-system-aar
14:17:14     1000         -   3735172    0.00    1.00    0.00    0.00    1.00     6  |__qemu-system-aar
14:17:14     1000         -   3735179    0.00    0.00    0.00    0.00    0.00    23  |__call_rcu
14:17:14     1000         -   3735194   90.00    5.00    0.00    0.00   95.00    20  |__CPU 0/TCG
14:17:14     1000         -   3735195    1.00    0.00    0.00    0.00    1.00     0  |__CPU 1/TCG
14:17:14     1000         -   3735196   94.00    5.00    0.00    0.00   99.00    16  |__CPU 2/TCG
14:17:14     1000         -   3735197    0.00    0.00    0.00    0.00    0.00     7  |__CPU 3/TCG
14:17:15     1000   3735172         -  188.00    8.00    0.00    0.00  196.00     3  qemu-system-aar
14:17:15     1000         -   3735172    0.00    1.00    0.00    0.00    1.00     3  |__qemu-system-aar
14:17:15     1000         -   3735179    0.00    0.00    0.00    0.00    0.00    23  |__call_rcu
14:17:15     1000         -   3735194   91.00    4.00    0.00    0.00   95.00     4  |__CPU 0/TCG
14:17:15     1000         -   3735195    0.00    0.00    0.00    0.00    0.00     7  |__CPU 1/TCG
14:17:15     1000         -   3735196   94.00    5.00    0.00    0.00   99.00    16  |__CPU 2/TCG
14:17:15     1000         -   3735197    0.00    0.00    0.00    0.00    0.00     7  |__CPU 3/TCG
14:17:16     1000   3735172         -  186.00    9.00    0.00    0.00  195.00     3  qemu-system-aar
14:17:16     1000         -   3735172    1.00    1.00    0.00    0.00    2.00     3  |__qemu-system-aar
14:17:16     1000         -   3735179    0.00    0.00    0.00    0.00    0.00    23  |__call_rcu
14:17:16     1000         -   3735194   90.00    3.00    0.00    0.00   93.00     4  |__CPU 0/TCG
14:17:16     1000         -   3735195    1.00    0.00    0.00    0.00    1.00     7  |__CPU 1/TCG
14:17:16     1000         -   3735196   94.00    4.00    0.00    0.00   98.00    16  |__CPU 2/TCG
14:17:16     1000         -   3735197    0.00    0.00    0.00    0.00    0.00     7  |__CPU 3/TCG
14:17:17     1000   3735172         -  186.00    9.00    0.00    0.00  195.00     7  qemu-system-aar
14:17:17     1000         -   3735172    0.00    1.00    0.00    0.00    1.00     7  |__qemu-system-aar
14:17:17     1000         -   3735179    0.00    0.00    0.00    0.00    0.00    23  |__call_rcu
14:17:17     1000         -   3735194   90.00    5.00    0.00    0.00   95.00     4  |__CPU 0/TCG
14:17:17     1000         -   3735195    0.00    0.00    0.00    0.00    0.00    16  |__CPU 1/TCG
14:17:17     1000         -   3735196   95.00    5.00    0.00    0.00  100.00     0  |__CPU 2/TCG
14:17:17     1000         -   3735197    0.00    0.00    0.00    0.00    0.00     7  |__CPU 3/TCG
14:17:18     1000   3735172         -  183.00   12.00    0.00    0.00  195.00     6  qemu-system-aar
14:17:18     1000         -   3735172    1.00    1.00    0.00    0.00    2.00     6  |__qemu-system-aar
14:17:18     1000         -   3735179    0.00    0.00    0.00    0.00    0.00    23  |__call_rcu
14:17:18     1000         -   3735194   89.00    4.00    0.00    0.00   93.00     4  |__CPU 0/TCG
14:17:18     1000         -   3735195    1.00    0.00    0.00    0.00    1.00    17  |__CPU 1/TCG
14:17:18     1000         -   3735196   92.00    7.00    0.00    0.00   99.00     0  |__CPU 2/TCG
14:17:18     1000         -   3735197    0.00    0.00    0.00    0.00    0.00     7  |__CPU 3/TCG
14:17:19     1000   3735172         -  187.00    8.00    0.00    0.00  195.00     6  qemu-system-aar
14:17:19     1000         -   3735172    0.00    1.00    0.00    0.00    1.00     6  |__qemu-system-aar
14:17:19     1000         -   3735179    0.00    0.00    0.00    0.00    0.00    23  |__call_rcu
14:17:19     1000         -   3735194   90.00    4.00    0.00    1.00   94.00     4  |__CPU 0/TCG
14:17:19     1000         -   3735195    0.00    0.00    0.00    0.00    0.00    16  |__CPU 1/TCG
14:17:19     1000         -   3735196   95.00    4.00    0.00    0.00   99.00     0  |__CPU 2/TCG
14:17:19     1000         -   3735197    0.00    0.00    0.00    0.00    0.00     7  |__CPU 3/TCG
14:17:20     1000   3735172         -  184.00   11.00    0.00    0.00  195.00     5  qemu-system-aar
14:17:20     1000         -   3735172    1.00    0.00    0.00    0.00    1.00     5  |__qemu-system-aar
14:17:20     1000         -   3735179    0.00    0.00    0.00    0.00    0.00    23  |__call_rcu
14:17:20     1000         -   3735194   89.00    5.00    0.00    0.00   94.00    20  |__CPU 0/TCG
14:17:20     1000         -   3735195    1.00    0.00    0.00    0.00    1.00    16  |__CPU 1/TCG
14:17:20     1000         -   3735196   93.00    6.00    0.00    0.00   99.00     0  |__CPU 2/TCG
14:17:20     1000         -   3735197    0.00    0.00    0.00    0.00    0.00     7  |__CPU 3/TCG
14:17:21     1000   3735172         -  185.00   10.00    0.00    0.00  195.00     7  qemu-system-aar
14:17:21     1000         -   3735172    1.00    0.00    0.00    0.00    1.00     7  |__qemu-system-aar
14:17:21     1000         -   3735179    0.00    0.00    0.00    0.00    0.00    23  |__call_rcu
14:17:21     1000         -   3735194   91.00    4.00    0.00    0.00   95.00    20  |__CPU 0/TCG
14:17:21     1000         -   3735195    0.00    0.00    0.00    0.00    0.00    16  |__CPU 1/TCG
14:17:21     1000         -   3735196   93.00    6.00    0.00    0.00   99.00     0  |__CPU 2/TCG
14:17:21     1000         -   3735197    0.00    0.00    0.00    0.00    0.00     7  |__CPU 3/TCG
14:17:22     1000   3735172         -  187.00    9.00    0.00    0.00  196.00     5  qemu-system-aar
14:17:22     1000         -   3735172    1.00    2.00    0.00    0.00    3.00     5  |__qemu-system-aar
14:17:22     1000         -   3735179    0.00    0.00    0.00    0.00    0.00    23  |__call_rcu
14:17:22     1000         -   3735194   91.00    3.00    0.00    0.00   94.00    20  |__CPU 0/TCG
14:17:22     1000         -   3735195    0.00    1.00    0.00    0.00    1.00    17  |__CPU 1/TCG
14:17:22     1000         -   3735196   94.00    5.00    0.00    0.00   99.00    16  |__CPU 2/TCG
14:17:22     1000         -   3735197    0.00    0.00    0.00    0.00    0.00     7  |__CPU 3/TCG
14:17:23     1000   3735172         -  185.00    9.00    0.00    0.00  194.00    19  qemu-system-aar
14:17:23     1000         -   3735172    1.00    0.00    0.00    0.00    1.00    19  |__qemu-system-aar
14:17:23     1000         -   3735179    0.00    0.00    0.00    0.00    0.00    23  |__call_rcu
14:17:23     1000         -   3735194   90.00    4.00    0.00    0.00   94.00     4  |__CPU 0/TCG
14:17:23     1000         -   3735195    1.00    0.00    0.00    0.00    1.00     6  |__CPU 1/TCG
14:17:23     1000         -   3735196   94.00    5.00    0.00    0.00   99.00    16  |__CPU 2/TCG
14:17:23     1000         -   3735197    0.00    0.00    0.00    0.00    0.00     7  |__CPU 3/TCG
14:17:24     1000   3735172         -  196.00    2.00    0.00    0.00  198.00    19  qemu-system-aar
14:17:24     1000         -   3735172    0.00    0.00    0.00    0.00    0.00    19  |__qemu-system-aar
14:17:24     1000         -   3735179    0.00    0.00    0.00    0.00    0.00    23  |__call_rcu
14:17:24     1000         -   3735194   96.00    1.00    0.00    0.00   97.00    20  |__CPU 0/TCG
14:17:24     1000         -   3735195    1.00    0.00    0.00    0.00    1.00     6  |__CPU 1/TCG
14:17:24     1000         -   3735196   97.00    2.00    0.00    0.00   99.00    16  |__CPU 2/TCG
14:17:24     1000         -   3735197    0.00    0.00    0.00    0.00    0.00     7  |__CPU 3/TCG
14:17:25     1000   3735172         -  187.00   10.00    0.00    0.00  197.00    19  qemu-system-aar
14:17:25     1000         -   3735172    1.00    1.00    0.00    0.00    2.00    19  |__qemu-system-aar
14:17:25     1000         -   3735179    0.00    0.00    0.00    0.00    0.00    23  |__call_rcu
14:17:25     1000         -   3735194   91.00    4.00    0.00    0.00   95.00    20  |__CPU 0/TCG
14:17:25     1000         -   3735195    0.00    0.00    0.00    0.00    0.00    17  |__CPU 1/TCG
14:17:25     1000         -   3735196   94.00    5.00    0.00    0.00   99.00    16  |__CPU 2/TCG
14:17:25     1000         -   3735197    0.00    0.00    0.00    0.00    0.00     7  |__CPU 3/TCG
14:17:26     1000   3735172         -  188.00    7.00    0.00    0.00  195.00     7  qemu-system-aar
14:17:26     1000         -   3735172    1.00    1.00    0.00    0.00    2.00     7  |__qemu-system-aar
14:17:26     1000         -   3735179    0.00    0.00    0.00    0.00    0.00    23  |__call_rcu
14:17:26     1000         -   3735194   92.00    3.00    0.00    0.00   95.00    20  |__CPU 0/TCG
14:17:26     1000         -   3735195    1.00    0.00    0.00    0.00    1.00    17  |__CPU 1/TCG
14:17:26     1000         -   3735196   95.00    4.00    0.00    0.00   99.00    16  |__CPU 2/TCG
14:17:26     1000         -   3735197    0.00    0.00    0.00    0.00    0.00     7  |__CPU 3/TCG
14:17:27     1000   3735172         -  185.00   10.00    0.00    0.00  195.00    22  qemu-system-aar
14:17:27     1000         -   3735172    0.00    0.00    0.00    0.00    0.00    22  |__qemu-system-aar
14:17:27     1000         -   3735179    0.00    0.00    0.00    0.00    0.00    23  |__call_rcu
14:17:27     1000         -   3735194   89.00    5.00    0.00    0.00   94.00    20  |__CPU 0/TCG
14:17:27     1000         -   3735195    1.00    0.00    0.00    0.00    1.00    17  |__CPU 1/TCG
14:17:27     1000         -   3735196   94.00    5.00    0.00    0.00   99.00    16  |__CPU 2/TCG
14:17:27     1000         -   3735197    0.00    0.00    0.00    0.00    0.00     7  |__CPU 3/TCG
14:17:28     1000   3735172         -  187.00    8.00    0.00    0.00  195.00     7  qemu-system-aar
14:17:28     1000         -   3735172    1.00    0.00    0.00    0.00    1.00     7  |__qemu-system-aar
14:17:28     1000         -   3735179    0.00    0.00    0.00    0.00    0.00    23  |__call_rcu
14:17:28     1000         -   3735194   91.00    3.00    0.00    0.00   94.00    20  |__CPU 0/TCG
14:17:28     1000         -   3735195    0.00    0.00    0.00    0.00    0.00     6  |__CPU 1/TCG
14:17:28     1000         -   3735196   95.00    4.00    0.00    0.00   99.00    16  |__CPU 2/TCG
14:17:28     1000         -   3735197    0.00    0.00    0.00    0.00    0.00     7  |__CPU 3/TCG
14:17:29     1000   3735172         -  185.00   11.00    0.00    0.00  196.00    22  qemu-system-aar
14:17:29     1000         -   3735172    1.00    1.00    0.00    0.00    2.00    22  |__qemu-system-aar
14:17:29     1000         -   3735179    0.00    0.00    0.00    0.00    0.00    23  |__call_rcu
14:17:29     1000         -   3735194   90.00    5.00    0.00    0.00   95.00    20  |__CPU 0/TCG
14:17:29     1000         -   3735195    0.00    0.00    0.00    0.00    0.00     6  |__CPU 1/TCG
14:17:29     1000         -   3735196   93.00    6.00    0.00    0.00   99.00    16  |__CPU 2/TCG
14:17:29     1000         -   3735197    0.00    0.00    0.00    0.00    0.00     7  |__CPU 3/TCG
14:17:30     1000   3735172         -  185.00   11.00    0.00    0.00  196.00     7  qemu-system-aar
14:17:30     1000         -   3735172    1.00    1.00    0.00    0.00    2.00     7  |__qemu-system-aar
14:17:30     1000         -   3735179    0.00    0.00    0.00    0.00    0.00    23  |__call_rcu
14:17:30     1000         -   3735194   90.00    5.00    0.00    0.00   95.00    20  |__CPU 0/TCG
14:17:30     1000         -   3735195    1.00    0.00    0.00    0.00    1.00    17  |__CPU 1/TCG
14:17:30     1000         -   3735196   94.00    5.00    0.00    0.00   99.00    16  |__CPU 2/TCG
14:17:30     1000         -   3735197    0.00    0.00    0.00    0.00    0.00     7  |__CPU 3/TCG
14:17:31     1000   3735172         -  185.00    9.00    0.00    0.00  194.00     7  qemu-system-aar
14:17:31     1000         -   3735172    1.00    0.00    0.00    0.00    1.00     7  |__qemu-system-aar
14:17:31     1000         -   3735179    0.00    0.00    0.00    0.00    0.00    23  |__call_rcu
14:17:31     1000         -   3735194   90.00    5.00    0.00    0.00   95.00    20  |__CPU 0/TCG
14:17:31     1000         -   3735195    0.00    0.00    0.00    0.00    0.00     6  |__CPU 1/TCG
14:17:31     1000         -   3735196   94.00    5.00    0.00    0.00   99.00    16  |__CPU 2/TCG
14:17:31     1000         -   3735197    0.00    0.00    0.00    0.00    0.00     7  |__CPU 3/TCG
14:17:32     1000   3735172         -  186.00   10.00    0.00    0.00  196.00    22  qemu-system-aar
14:17:32     1000         -   3735172    0.00    2.00    0.00    0.00    2.00    22  |__qemu-system-aar
14:17:32     1000         -   3735179    0.00    0.00    0.00    0.00    0.00    23  |__call_rcu
14:17:32     1000         -   3735194   90.00    4.00    0.00    0.00   94.00    20  |__CPU 0/TCG
14:17:32     1000         -   3735195    1.00    0.00    0.00    0.00    1.00    17  |__CPU 1/TCG
14:17:32     1000         -   3735196   94.00    5.00    0.00    0.00   99.00    16  |__CPU 2/TCG
14:17:32     1000         -   3735197    0.00    0.00    0.00    0.00    0.00     7  |__CPU 3/TCG
14:17:33     1000   3735172         -  183.00   12.00    0.00    0.00  195.00     7  qemu-system-aar
14:17:33     1000         -   3735172    0.00    1.00    0.00    0.00    1.00     7  |__qemu-system-aar
14:17:33     1000         -   3735179    0.00    0.00    0.00    0.00    0.00    23  |__call_rcu
14:17:33     1000         -   3735194   88.00    7.00    0.00    0.00   95.00    20  |__CPU 0/TCG
14:17:33     1000         -   3735195    0.00    0.00    0.00    0.00    0.00    17  |__CPU 1/TCG
14:17:33     1000         -   3735196   94.00    5.00    0.00    0.00   99.00    16  |__CPU 2/TCG
14:17:33     1000         -   3735197    0.00    0.00    0.00    0.00    0.00     7  |__CPU 3/TCG
14:17:34     1000   3735172         -  187.00    9.00    0.00    0.00  196.00     7  qemu-system-aar
14:17:34     1000         -   3735172    0.00    1.00    0.00    0.00    1.00     7  |__qemu-system-aar
14:17:34     1000         -   3735179    0.00    0.00    0.00    0.00    0.00    23  |__call_rcu
14:17:34     1000         -   3735194   91.00    4.00    0.00    0.00   95.00    20  |__CPU 0/TCG
14:17:34     1000         -   3735195    1.00    0.00    0.00    0.00    1.00     6  |__CPU 1/TCG
14:17:34     1000         -   3735196   94.00    5.00    0.00    0.00   99.00    16  |__CPU 2/TCG
14:17:34     1000         -   3735197    0.00    0.00    0.00    0.00    0.00     7  |__CPU 3/TCG
14:17:35     1000   3735172         -  188.00    8.00    0.00    0.00  196.00     7  qemu-system-aar
14:17:35     1000         -   3735172    0.00    1.00    0.00    0.00    1.00     7  |__qemu-system-aar
14:17:35     1000         -   3735179    0.00    0.00    0.00    0.00    0.00    23  |__call_rcu
14:17:35     1000         -   3735194   91.00    3.00    0.00    0.00   94.00    20  |__CPU 0/TCG
14:17:35     1000         -   3735195    1.00    0.00    0.00    0.00    1.00     6  |__CPU 1/TCG
14:17:35     1000         -   3735196   94.00    4.00    0.00    0.00   98.00    16  |__CPU 2/TCG
14:17:35     1000         -   3735197    0.00    0.00    0.00    0.00    0.00     7  |__CPU 3/TCG
14:17:36     1000   3735172         -  185.00   10.00    0.00    0.00  195.00    19  qemu-system-aar
14:17:36     1000         -   3735172    1.00    1.00    0.00    0.00    2.00    19  |__qemu-system-aar
14:17:36     1000         -   3735179    0.00    0.00    0.00    0.00    0.00    23  |__call_rcu
14:17:36     1000         -   3735194   90.00    5.00    0.00    0.00   95.00    20  |__CPU 0/TCG
14:17:36     1000         -   3735195    0.00    0.00    0.00    0.00    0.00     6  |__CPU 1/TCG
14:17:36     1000         -   3735196   94.00    6.00    0.00    0.00  100.00    16  |__CPU 2/TCG
14:17:36     1000         -   3735197    0.00    0.00    0.00    0.00    0.00     7  |__CPU 3/TCG
14:17:37     1000   3735172         -  185.00   11.00    0.00    0.00  196.00    19  qemu-system-aar
14:17:37     1000         -   3735172    0.00    1.00    0.00    0.00    1.00    19  |__qemu-system-aar
14:17:37     1000         -   3735179    0.00    0.00    0.00    0.00    0.00    23  |__call_rcu
14:17:37     1000         -   3735194   89.00    5.00    0.00    0.00   94.00    20  |__CPU 0/TCG
14:17:37     1000         -   3735195    1.00    0.00    0.00    0.00    1.00    21  |__CPU 1/TCG
14:17:37     1000         -   3735196   94.00    5.00    0.00    0.00   99.00    16  |__CPU 2/TCG
14:17:37     1000         -   3735197    0.00    0.00    0.00    0.00    0.00     7  |__CPU 3/TCG
14:17:38     1000   3735172         -  195.00    4.00    0.00    0.00  199.00    22  qemu-system-aar
14:17:38     1000         -   3735172    1.00    1.00    0.00    0.00    2.00    22  |__qemu-system-aar
14:17:38     1000         -   3735179    0.00    0.00    0.00    0.00    0.00    23  |__call_rcu
14:17:38     1000         -   3735194   97.00    1.00    0.00    0.00   98.00    20  |__CPU 0/TCG
14:17:38     1000         -   3735195    0.00    0.00    0.00    0.00    0.00     6  |__CPU 1/TCG
14:17:38     1000         -   3735196   97.00    2.00    0.00    0.00   99.00    16  |__CPU 2/TCG
14:17:38     1000         -   3735197    0.00    0.00    0.00    0.00    0.00     7  |__CPU 3/TCG
14:17:39     1000   3735172         -  201.00    0.00    0.00    0.00  201.00    22  qemu-system-aar
14:17:39     1000         -   3735172    0.00    0.00    0.00    0.00    0.00    22  |__qemu-system-aar
14:17:39     1000         -   3735179    0.00    0.00    0.00    0.00    0.00    23  |__call_rcu
14:17:39     1000         -   3735194   99.00    0.00    0.00    0.00   99.00    20  |__CPU 0/TCG
14:17:39     1000         -   3735195    0.00    0.00    0.00    0.00    0.00     6  |__CPU 1/TCG
14:17:39     1000         -   3735196  100.00    0.00    0.00    0.00  100.00    16  |__CPU 2/TCG
14:17:39     1000         -   3735197    0.00    0.00    0.00    0.00    0.00     7  |__CPU 3/TCG
14:17:40     1000   3735172         -  186.00    9.00    0.00    0.00  195.00    12  qemu-system-aar
14:17:40     1000         -   3735172    2.00    1.00    0.00    0.00    3.00    12  |__qemu-system-aar
14:17:40     1000         -   3735179    0.00    0.00    0.00    0.00    0.00    23  |__call_rcu
14:17:40     1000         -   3735194   91.00    5.00    0.00    0.00   96.00    20  |__CPU 0/TCG
14:17:40     1000         -   3735195    1.00    0.00    0.00    0.00    1.00    21  |__CPU 1/TCG
14:17:40     1000         -   3735196   93.00    5.00    0.00    0.00   98.00    16  |__CPU 2/TCG
14:17:40     1000         -   3735197    0.00    0.00    0.00    0.00    0.00     7  |__CPU 3/TCG
14:17:41     1000   3735172         -  185.00   12.00    0.00    0.00  197.00    12  qemu-system-aar
14:17:41     1000         -   3735172    1.00    0.00    0.00    0.00    1.00    12  |__qemu-system-aar
14:17:41     1000         -   3735179    0.00    0.00    0.00    0.00    0.00    23  |__call_rcu
14:17:41     1000         -   3735194   89.00    5.00    0.00    0.00   94.00    20  |__CPU 0/TCG
14:17:41     1000         -   3735195    1.00    0.00    0.00    0.00    1.00     6  |__CPU 1/TCG
14:17:41     1000         -   3735196   93.00    6.00    0.00    0.00   99.00     0  |__CPU 2/TCG
14:17:41     1000         -   3735197    0.00    0.00    0.00    0.00    0.00     7  |__CPU 3/TCG
14:17:42     1000   3735172         -  184.00   11.00    0.00    0.00  195.00    14  qemu-system-aar
14:17:42     1000         -   3735172    2.00    1.00    0.00    0.00    3.00    14  |__qemu-system-aar
14:17:42     1000         -   3735179    0.00    0.00    0.00    0.00    0.00    23  |__call_rcu
14:17:42     1000         -   3735194   89.00    5.00    0.00    0.00   94.00    20  |__CPU 0/TCG
14:17:42     1000         -   3735195    0.00    0.00    0.00    0.00    0.00     6  |__CPU 1/TCG
14:17:42     1000         -   3735196   93.00    6.00    0.00    0.00   99.00     0  |__CPU 2/TCG
14:17:42     1000         -   3735197    0.00    0.00    0.00    0.00    0.00     7  |__CPU 3/TCG
14:17:43     1000   3735172         -  184.00   11.00    0.00    0.00  195.00    11  qemu-system-aar
14:17:43     1000         -   3735172    0.00    1.00    0.00    0.00    1.00    11  |__qemu-system-aar
14:17:43     1000         -   3735179    0.00    0.00    0.00    0.00    0.00    23  |__call_rcu
14:17:43     1000         -   3735194   89.00    5.00    0.00    0.00   94.00    20  |__CPU 0/TCG
14:17:43     1000         -   3735195    1.00    0.00    0.00    0.00    1.00    15  |__CPU 1/TCG
14:17:43     1000         -   3735196   92.00    6.00    0.00    0.00   98.00     0  |__CPU 2/TCG
14:17:43     1000         -   3735197    0.00    0.00    0.00    0.00    0.00     7  |__CPU 3/TCG
14:17:44     1000   3735172         -  184.00   11.00    0.00    0.00  195.00     9  qemu-system-aar
14:17:44     1000         -   3735172    1.00    1.00    0.00    0.00    2.00     9  |__qemu-system-aar
14:17:44     1000         -   3735179    0.00    0.00    0.00    0.00    0.00    23  |__call_rcu
14:17:44     1000         -   3735194   90.00    4.00    0.00    0.00   94.00    20  |__CPU 0/TCG
14:17:44     1000         -   3735195    1.00    0.00    0.00    0.00    1.00    15  |__CPU 1/TCG
14:17:44     1000         -   3735196   93.00    6.00    0.00    0.00   99.00     0  |__CPU 2/TCG
14:17:44     1000         -   3735197    0.00    0.00    0.00    0.00    0.00     7  |__CPU 3/TCG
14:17:45     1000   3735172         -  186.00   10.00    0.00    0.00  196.00     8  qemu-system-aar
14:17:45     1000         -   3735172    1.00    2.00    0.00    0.00    3.00     8  |__qemu-system-aar
14:17:45     1000         -   3735179    0.00    0.00    0.00    0.00    0.00    23  |__call_rcu
14:17:45     1000         -   3735194   89.00    5.00    0.00    0.00   94.00    20  |__CPU 0/TCG
14:17:45     1000         -   3735195    0.00    0.00    0.00    0.00    0.00    15  |__CPU 1/TCG
14:17:45     1000         -   3735196   94.00    4.00    0.00    0.00   98.00    16  |__CPU 2/TCG
14:17:45     1000         -   3735197    0.00    0.00    0.00    0.00    0.00     7  |__CPU 3/TCG
14:17:46     1000   3735172         -  187.00    9.00    0.00    0.00  196.00     2  qemu-system-aar
14:17:46     1000         -   3735172    0.00    1.00    0.00    0.00    1.00     2  |__qemu-system-aar
14:17:46     1000         -   3735179    0.00    0.00    0.00    0.00    0.00    23  |__call_rcu
14:17:46     1000         -   3735194   90.00    5.00    0.00    0.00   95.00    20  |__CPU 0/TCG
14:17:46     1000         -   3735195    1.00    0.00    0.00    0.00    1.00    15  |__CPU 1/TCG
14:17:46     1000         -   3735196   96.00    4.00    0.00    0.00  100.00    16  |__CPU 2/TCG
14:17:46     1000         -   3735197    0.00    0.00    0.00    0.00    0.00     7  |__CPU 3/TCG
14:17:47     1000   3735172         -  199.00    1.00    0.00    0.00  200.00     2  qemu-system-aar
14:17:47     1000         -   3735172    0.00    1.00    0.00    0.00    1.00     2  |__qemu-system-aar
14:17:47     1000         -   3735179    0.00    0.00    0.00    0.00    0.00    23  |__call_rcu
14:17:47     1000         -   3735194   98.00    0.00    0.00    0.00   98.00     4  |__CPU 0/TCG
14:17:47     1000         -   3735195    1.00    0.00    0.00    0.00    1.00     6  |__CPU 1/TCG
14:17:47     1000         -   3735196   98.00    0.00    0.00    0.00   98.00    16  |__CPU 2/TCG
14:17:47     1000         -   3735197    0.00    0.00    0.00    0.00    0.00     7  |__CPU 3/TCG
14:17:48     1000   3735172         -  187.00    9.00    0.00    0.00  196.00     2  qemu-system-aar
14:17:48     1000         -   3735172    0.00    1.00    0.00    0.00    1.00     2  |__qemu-system-aar
14:17:48     1000         -   3735179    0.00    0.00    0.00    0.00    0.00    23  |__call_rcu
14:17:48     1000         -   3735194   90.00    5.00    0.00    0.00   95.00     4  |__CPU 0/TCG
14:17:48     1000         -   3735195    0.00    0.00    0.00    0.00    0.00     7  |__CPU 1/TCG
14:17:48     1000         -   3735196   96.00    4.00    0.00    0.00  100.00    16  |__CPU 2/TCG
14:17:48     1000         -   3735197    0.00    0.00    0.00    0.00    0.00     7  |__CPU 3/TCG
14:17:49     1000   3735172         -  186.00   10.00    0.00    0.00  196.00     5  qemu-system-aar
14:17:49     1000         -   3735172    0.00    1.00    0.00    0.00    1.00     5  |__qemu-system-aar
14:17:49     1000         -   3735179    0.00    0.00    0.00    0.00    0.00    23  |__call_rcu
14:17:49     1000         -   3735194   91.00    4.00    0.00    0.00   95.00    20  |__CPU 0/TCG
14:17:49     1000         -   3735195    1.00    0.00    0.00    0.00    1.00     7  |__CPU 1/TCG
14:17:49     1000         -   3735196   94.00    6.00    0.00    0.00  100.00    16  |__CPU 2/TCG
14:17:49     1000         -   3735197    0.00    0.00    0.00    0.00    0.00     7  |__CPU 3/TCG
14:17:50     1000   3735172         -  185.00    9.00    0.00    0.00  194.00     5  qemu-system-aar
14:17:50     1000         -   3735172    1.00    1.00    0.00    0.00    2.00     5  |__qemu-system-aar
14:17:50     1000         -   3735179    0.00    0.00    0.00    0.00    0.00    23  |__call_rcu
14:17:50     1000         -   3735194   89.00    6.00    0.00    0.00   95.00    20  |__CPU 0/TCG
14:17:50     1000         -   3735195    1.00    0.00    0.00    0.00    1.00     7  |__CPU 1/TCG
14:17:50     1000         -   3735196   94.00    4.00    0.00    0.00   98.00    16  |__CPU 2/TCG
14:17:50     1000         -   3735197    0.00    0.00    0.00    0.00    0.00     7  |__CPU 3/TCG
14:17:51     1000   3735172         -  185.00   10.00    0.00    0.00  195.00     3  qemu-system-aar
14:17:51     1000         -   3735172    0.00    1.00    0.00    0.00    1.00     3  |__qemu-system-aar
14:17:51     1000         -   3735179    0.00    0.00    0.00    0.00    0.00    23  |__call_rcu
14:17:51     1000         -   3735194   89.00    4.00    0.00    0.00   93.00    20  |__CPU 0/TCG
14:17:51     1000         -   3735195    0.00    0.00    0.00    0.00    0.00     6  |__CPU 1/TCG
14:17:51     1000         -   3735196   94.00    5.00    0.00    0.00   99.00    16  |__CPU 2/TCG
14:17:51     1000         -   3735197    0.00    0.00    0.00    0.00    0.00     7  |__CPU 3/TCG
14:17:52     1000   3735172         -  186.00   10.00    0.00    0.00  196.00     5  qemu-system-aar
14:17:52     1000         -   3735172    1.00    1.00    0.00    0.00    2.00     5  |__qemu-system-aar
14:17:52     1000         -   3735179    0.00    0.00    0.00    0.00    0.00    23  |__call_rcu
14:17:52     1000         -   3735194   91.00    4.00    0.00    0.00   95.00    20  |__CPU 0/TCG
14:17:52     1000         -   3735195    1.00    0.00    0.00    0.00    1.00     7  |__CPU 1/TCG
14:17:52     1000         -   3735196   94.00    6.00    0.00    0.00  100.00     0  |__CPU 2/TCG
14:17:52     1000         -   3735197    0.00    0.00    0.00    0.00    0.00     7  |__CPU 3/TCG
14:17:53     1000   3735172         -  185.00   11.00    0.00    0.00  196.00     3  qemu-system-aar
14:17:53     1000         -   3735172    0.00    1.00    0.00    0.00    1.00     3  |__qemu-system-aar
14:17:53     1000         -   3735179    0.00    0.00    0.00    0.00    0.00    23  |__call_rcu
14:17:53     1000         -   3735194   89.00    5.00    0.00    0.00   94.00     4  |__CPU 0/TCG
14:17:53     1000         -   3735195    1.00    0.00    0.00    0.00    1.00     7  |__CPU 1/TCG
14:17:53     1000         -   3735196   93.00    5.00    0.00    0.00   98.00     0  |__CPU 2/TCG
14:17:53     1000         -   3735197    0.00    0.00    0.00    0.00    0.00     7  |__CPU 3/TCG
14:17:54     1000   3735172         -  186.00    9.00    0.00    0.00  195.00     2  qemu-system-aar
14:17:54     1000         -   3735172    1.00    0.00    0.00    0.00    1.00     2  |__qemu-system-aar
14:17:54     1000         -   3735179    0.00    0.00    0.00    0.00    0.00    23  |__call_rcu
14:17:54     1000         -   3735194   90.00    5.00    0.00    0.00   95.00     4  |__CPU 0/TCG
14:17:54     1000         -   3735195    0.00    0.00    0.00    0.00    0.00     7  |__CPU 1/TCG
14:17:54     1000         -   3735196   94.00    5.00    0.00    0.00   99.00     0  |__CPU 2/TCG
14:17:54     1000         -   3735197    0.00    0.00    0.00    0.00    0.00     7  |__CPU 3/TCG
14:17:55     1000   3735172         -  185.00   11.00    0.00    0.00  196.00     3  qemu-system-aar
14:17:55     1000         -   3735172    1.00    1.00    0.00    0.00    2.00     3  |__qemu-system-aar
14:17:55     1000         -   3735179    0.00    0.00    0.00    0.00    0.00    23  |__call_rcu
14:17:55     1000         -   3735194   90.00    4.00    0.00    0.00   94.00     4  |__CPU 0/TCG
14:17:55     1000         -   3735195    1.00    0.00    0.00    0.00    1.00     7  |__CPU 1/TCG
14:17:55     1000         -   3735196   93.00    6.00    0.00    0.00   99.00     0  |__CPU 2/TCG
14:17:55     1000         -   3735197    0.00    0.00    0.00    0.00    0.00     7  |__CPU 3/TCG
14:17:56     1000   3735172         -  183.00   11.00    0.00    0.00  194.00    18  qemu-system-aar
14:17:56     1000         -   3735172    0.00    0.00    0.00    0.00    0.00    18  |__qemu-system-aar
14:17:56     1000         -   3735179    0.00    0.00    0.00    0.00    0.00    23  |__call_rcu
14:17:56     1000         -   3735194   90.00    4.00    0.00    0.00   94.00    20  |__CPU 0/TCG
14:17:56     1000         -   3735195    1.00    0.00    0.00    0.00    1.00     3  |__CPU 1/TCG
14:17:56     1000         -   3735196   92.00    7.00    0.00    0.00   99.00     0  |__CPU 2/TCG
14:17:56     1000         -   3735197    0.00    0.00    0.00    0.00    0.00     7  |__CPU 3/TCG
14:17:57     1000   3735172         -  183.00   12.00    0.00    0.00  195.00     3  qemu-system-aar
14:17:57     1000         -   3735172    0.00    1.00    0.00    0.00    1.00     3  |__qemu-system-aar
14:17:57     1000         -   3735179    0.00    0.00    0.00    0.00    0.00    23  |__call_rcu
14:17:57     1000         -   3735194   89.00    5.00    0.00    0.00   94.00     4  |__CPU 0/TCG
14:17:57     1000         -   3735195    0.00    0.00    0.00    0.00    0.00     6  |__CPU 1/TCG
14:17:57     1000         -   3735196   93.00    6.00    0.00    0.00   99.00     0  |__CPU 2/TCG
14:17:57     1000         -   3735197    0.00    0.00    0.00    0.00    0.00     7  |__CPU 3/TCG
14:17:58     1000   3735172         -  181.00   13.00    0.00    0.00  194.00    22  qemu-system-aar
14:17:58     1000         -   3735172    0.00    2.00    0.00    0.00    2.00    22  |__qemu-system-aar
14:17:58     1000         -   3735179    0.00    0.00    0.00    0.00    0.00    23  |__call_rcu
14:17:58     1000         -   3735194   88.00    6.00    0.00    0.00   94.00     4  |__CPU 0/TCG
14:17:58     1000         -   3735195    1.00    0.00    0.00    0.00    1.00     6  |__CPU 1/TCG
14:17:58     1000         -   3735196   92.00    7.00    0.00    0.00   99.00     0  |__CPU 2/TCG
14:17:58     1000         -   3735197    0.00    0.00    0.00    0.00    0.00     7  |__CPU 3/TCG
14:17:59     1000   3735172         -  188.00    7.00    0.00    0.00  195.00    22  qemu-system-aar
14:17:59     1000         -   3735172    1.00    0.00    0.00    0.00    1.00    22  |__qemu-system-aar
14:17:59     1000         -   3735179    0.00    0.00    0.00    0.00    0.00    23  |__call_rcu
14:17:59     1000         -   3735194   91.00    2.00    0.00    0.00   93.00    20  |__CPU 0/TCG
14:17:59     1000         -   3735195    0.00    0.00    0.00    0.00    0.00     3  |__CPU 1/TCG
14:17:59     1000         -   3735196   95.00    5.00    0.00    0.00  100.00     0  |__CPU 2/TCG
14:17:59     1000         -   3735197    0.00    0.00    0.00    0.00    0.00     7  |__CPU 3/TCG
14:18:00     1000   3735172         -  186.00    9.00    0.00    0.00  195.00    18  qemu-system-aar
14:18:00     1000         -   3735172    1.00    0.00    0.00    0.00    1.00    18  |__qemu-system-aar
14:18:00     1000         -   3735179    0.00    0.00    0.00    0.00    0.00    23  |__call_rcu
14:18:00     1000         -   3735194   90.00    5.00    0.00    0.00   95.00     4  |__CPU 0/TCG
14:18:00     1000         -   3735195    1.00    0.00    0.00    0.00    1.00     3  |__CPU 1/TCG
14:18:00     1000         -   3735196   94.00    4.00    0.00    0.00   98.00     0  |__CPU 2/TCG
14:18:00     1000         -   3735197    0.00    0.00    0.00    0.00    0.00     7  |__CPU 3/TCG
14:18:01     1000   3735172         -  187.00    9.00    0.00    0.00  196.00    19  qemu-system-aar
14:18:01     1000         -   3735172    1.00    1.00    0.00    0.00    2.00    19  |__qemu-system-aar
14:18:01     1000         -   3735179    0.00    0.00    0.00    0.00    0.00    23  |__call_rcu
14:18:01     1000         -   3735194   91.00    4.00    0.00    0.00   95.00    20  |__CPU 0/TCG
14:18:01     1000         -   3735195    0.00    0.00    0.00    0.00    0.00     3  |__CPU 1/TCG
14:18:01     1000         -   3735196   95.00    4.00    0.00    0.00   99.00    16  |__CPU 2/TCG
14:18:01     1000         -   3735197    0.00    0.00    0.00    0.00    0.00     7  |__CPU 3/TCG
14:18:02     1000   3735172         -  187.00    8.00    0.00    0.00  195.00    22  qemu-system-aar
14:18:02     1000         -   3735172    1.00    1.00    0.00    0.00    2.00    22  |__qemu-system-aar
14:18:02     1000         -   3735179    0.00    0.00    0.00    0.00    0.00    23  |__call_rcu
14:18:02     1000         -   3735194   90.00    4.00    0.00    0.00   94.00     4  |__CPU 0/TCG
14:18:02     1000         -   3735195    1.00    0.00    0.00    0.00    1.00     6  |__CPU 1/TCG
14:18:02     1000         -   3735196   95.00    4.00    0.00    0.00   99.00     0  |__CPU 2/TCG
14:18:02     1000         -   3735197    0.00    0.00    0.00    0.00    0.00     7  |__CPU 3/TCG
14:18:03     1000   3735172         -  183.00   12.00    0.00    0.00  195.00    22  qemu-system-aar
14:18:03     1000         -   3735172    0.00    0.00    0.00    0.00    0.00    22  |__qemu-system-aar
14:18:03     1000         -   3735179    0.00    0.00    0.00    0.00    0.00    23  |__call_rcu
14:18:03     1000         -   3735194   89.00    5.00    0.00    0.00   94.00     4  |__CPU 0/TCG
14:18:03     1000         -   3735195    0.00    0.00    0.00    0.00    0.00     6  |__CPU 1/TCG
14:18:03     1000         -   3735196   92.00    7.00    0.00    0.00   99.00     0  |__CPU 2/TCG
14:18:03     1000         -   3735197    0.00    0.00    0.00    0.00    0.00     7  |__CPU 3/TCG
14:18:04     1000   3735172         -  186.00   10.00    0.00    0.00  196.00    23  qemu-system-aar
14:18:04     1000         -   3735172    1.00    2.00    0.00    0.00    3.00    23  |__qemu-system-aar
14:18:04     1000         -   3735179    0.00    0.00    0.00    0.00    0.00    23  |__call_rcu
14:18:04     1000         -   3735194   91.00    4.00    0.00    0.00   95.00     4  |__CPU 0/TCG
14:18:04     1000         -   3735195    1.00    0.00    0.00    0.00    1.00     3  |__CPU 1/TCG
14:18:04     1000         -   3735196   94.00    5.00    0.00    0.00   99.00    16  |__CPU 2/TCG
14:18:04     1000         -   3735197    0.00    0.00    0.00    0.00    0.00     7  |__CPU 3/TCG
14:18:05     1000   3735172         -  187.00    8.00    0.00    0.00  195.00    23  qemu-system-aar
14:18:05     1000         -   3735172    0.00    1.00    0.00    0.00    1.00    23  |__qemu-system-aar
14:18:05     1000         -   3735179    0.00    0.00    0.00    0.00    0.00    23  |__call_rcu
14:18:05     1000         -   3735194   90.00    4.00    0.00    0.00   94.00     4  |__CPU 0/TCG
14:18:05     1000         -   3735195    0.00    0.00    0.00    0.00    0.00     3  |__CPU 1/TCG
14:18:05     1000         -   3735196   94.00    4.00    0.00    0.00   98.00    16  |__CPU 2/TCG
14:18:05     1000         -   3735197    0.00    0.00    0.00    0.00    0.00     7  |__CPU 3/TCG
14:18:06     1000   3735172         -  187.00    8.00    0.00    0.00  195.00    23  qemu-system-aar
14:18:06     1000         -   3735172    0.00    0.00    0.00    0.00    0.00    23  |__qemu-system-aar
14:18:06     1000         -   3735179    0.00    0.00    0.00    0.00    0.00    23  |__call_rcu
14:18:06     1000         -   3735194   91.00    4.00    0.00    0.00   95.00    20  |__CPU 0/TCG
14:18:06     1000         -   3735195    1.00    0.00    0.00    0.00    1.00     3  |__CPU 1/TCG
14:18:06     1000         -   3735196   95.00    5.00    0.00    0.00  100.00    16  |__CPU 2/TCG
14:18:06     1000         -   3735197    0.00    0.00    0.00    0.00    0.00     7  |__CPU 3/TCG
14:18:07     1000   3735172         -  188.00    8.00    0.00    0.00  196.00    23  qemu-system-aar
14:18:07     1000         -   3735172    0.00    2.00    0.00    0.00    2.00    23  |__qemu-system-aar
14:18:07     1000         -   3735179    0.00    0.00    0.00    0.00    0.00    23  |__call_rcu
14:18:07     1000         -   3735194   92.00    3.00    0.00    0.00   95.00    20  |__CPU 0/TCG
14:18:07     1000         -   3735195    1.00    0.00    0.00    0.00    1.00     3  |__CPU 1/TCG
14:18:07     1000         -   3735196   95.00    4.00    0.00    0.00   99.00     0  |__CPU 2/TCG
14:18:07     1000         -   3735197    0.00    0.00    0.00    0.00    0.00     7  |__CPU 3/TCG
14:18:08     1000   3735172         -  186.00   10.00    0.00    0.00  196.00    23  qemu-system-aar
14:18:08     1000         -   3735172    0.00    1.00    0.00    0.00    1.00    23  |__qemu-system-aar
14:18:08     1000         -   3735179    0.00    0.00    0.00    0.00    0.00    23  |__call_rcu
14:18:08     1000         -   3735194   90.00    4.00    0.00    0.00   94.00    20  |__CPU 0/TCG
14:18:08     1000         -   3735195    0.00    0.00    0.00    0.00    0.00     3  |__CPU 1/TCG
14:18:08     1000         -   3735196   94.00    5.00    0.00    1.00   99.00     0  |__CPU 2/TCG
14:18:08     1000         -   3735197    0.00    0.00    0.00    0.00    0.00     7  |__CPU 3/TCG
14:18:09     1000   3735172         -  187.00    9.00    0.00    0.00  196.00     1  qemu-system-aar
14:18:09     1000         -   3735172    0.00    2.00    0.00    0.00    2.00     1  |__qemu-system-aar
14:18:09     1000         -   3735179    0.00    0.00    0.00    0.00    0.00    23  |__call_rcu
14:18:09     1000         -   3735194   91.00    5.00    0.00    0.00   96.00    20  |__CPU 0/TCG
14:18:09     1000         -   3735195    1.00    0.00    0.00    0.00    1.00     3  |__CPU 1/TCG
14:18:09     1000         -   3735196   94.00    4.00    0.00    0.00   98.00     0  |__CPU 2/TCG
14:18:09     1000         -   3735197    0.00    0.00    0.00    0.00    0.00     7  |__CPU 3/TCG
14:18:10     1000   3735172         -  186.00    9.00    0.00    0.00  195.00     2  qemu-system-aar
14:18:10     1000         -   3735172    1.00    1.00    0.00    0.00    2.00     2  |__qemu-system-aar
14:18:10     1000         -   3735179    0.00    0.00    0.00    0.00    0.00    23  |__call_rcu
14:18:10     1000         -   3735194   90.00    4.00    0.00    0.00   94.00     4  |__CPU 0/TCG
14:18:10     1000         -   3735195    0.00    0.00    0.00    0.00    0.00     3  |__CPU 1/TCG
14:18:10     1000         -   3735196   94.00    5.00    0.00    0.00   99.00     0  |__CPU 2/TCG
14:18:10     1000         -   3735197    0.00    0.00    0.00    0.00    0.00     7  |__CPU 3/TCG
14:18:11     1000   3735172         -  186.00   10.00    0.00    0.00  196.00     1  qemu-system-aar
14:18:11     1000         -   3735172    0.00    1.00    0.00    0.00    1.00     1  |__qemu-system-aar
14:18:11     1000         -   3735179    0.00    0.00    0.00    0.00    0.00    23  |__call_rcu
14:18:11     1000         -   3735194   92.00    4.00    0.00    0.00   96.00    20  |__CPU 0/TCG
14:18:11     1000         -   3735195    1.00    0.00    0.00    0.00    1.00     3  |__CPU 1/TCG
14:18:11     1000         -   3735196   93.00    6.00    0.00    0.00   99.00    16  |__CPU 2/TCG
14:18:11     1000         -   3735197    0.00    0.00    0.00    0.00    0.00     7  |__CPU 3/TCG
14:18:12     1000   3735172         -  187.00    8.00    0.00    0.00  195.00     7  qemu-system-aar
14:18:12     1000         -   3735172    1.00    0.00    0.00    0.00    1.00     7  |__qemu-system-aar
14:18:12     1000         -   3735179    0.00    0.00    0.00    0.00    0.00    23  |__call_rcu
14:18:12     1000         -   3735194   90.00    4.00    0.00    0.00   94.00    20  |__CPU 0/TCG
14:18:12     1000         -   3735195    1.00    0.00    0.00    0.00    1.00     3  |__CPU 1/TCG
14:18:12     1000         -   3735196   95.00    4.00    0.00    0.00   99.00    16  |__CPU 2/TCG
14:18:12     1000         -   3735197    0.00    0.00    0.00    0.00    0.00     7  |__CPU 3/TCG
14:18:13     1000   3735172         -  187.00    9.00    0.00    0.00  196.00    18  qemu-system-aar
14:18:13     1000         -   3735172    0.00    1.00    0.00    0.00    1.00    18  |__qemu-system-aar
14:18:13     1000         -   3735179    0.00    0.00    0.00    0.00    0.00    23  |__call_rcu
14:18:13     1000         -   3735194   91.00    4.00    0.00    0.00   95.00    20  |__CPU 0/TCG
14:18:13     1000         -   3735195    0.00    0.00    0.00    0.00    0.00     1  |__CPU 1/TCG
14:18:13     1000         -   3735196   95.00    4.00    0.00    0.00   99.00    16  |__CPU 2/TCG
14:18:13     1000         -   3735197    0.00    0.00    0.00    0.00    0.00     7  |__CPU 3/TCG
14:18:14     1000   3735172         -  186.00   10.00    0.00    0.00  196.00    19  qemu-system-aar
14:18:14     1000         -   3735172    1.00    1.00    0.00    0.00    2.00    19  |__qemu-system-aar
14:18:14     1000         -   3735179    0.00    0.00    0.00    0.00    0.00    23  |__call_rcu
14:18:14     1000         -   3735194   90.00    5.00    0.00    0.00   95.00    20  |__CPU 0/TCG
14:18:14     1000         -   3735195    1.00    0.00    0.00    0.00    1.00     1  |__CPU 1/TCG
14:18:14     1000         -   3735196   94.00    5.00    0.00    0.00   99.00    16  |__CPU 2/TCG
14:18:14     1000         -   3735197    0.00    0.00    0.00    0.00    0.00     7  |__CPU 3/TCG
14:18:15     1000   3735172         -  188.00    8.00    0.00    0.00  196.00    19  qemu-system-aar
14:18:15     1000         -   3735172    1.00    0.00    0.00    0.00    1.00    19  |__qemu-system-aar
14:18:15     1000         -   3735179    0.00    0.00    0.00    0.00    0.00    23  |__call_rcu
14:18:15     1000         -   3735194   91.00    4.00    0.00    0.00   95.00    20  |__CPU 0/TCG
14:18:15     1000         -   3735195    1.00    0.00    0.00    0.00    1.00     1  |__CPU 1/TCG
14:18:15     1000         -   3735196   95.00    4.00    0.00    0.00   99.00    16  |__CPU 2/TCG
14:18:15     1000         -   3735197    0.00    0.00    0.00    0.00    0.00     7  |__CPU 3/TCG
14:18:16     1000   3735172         -  188.00    8.00    0.00    0.00  196.00    23  qemu-system-aar
14:18:16     1000         -   3735172    1.00    1.00    0.00    0.00    2.00    23  |__qemu-system-aar
14:18:16     1000         -   3735179    0.00    0.00    0.00    0.00    0.00    23  |__call_rcu
14:18:16     1000         -   3735194   91.00    4.00    0.00    0.00   95.00     4  |__CPU 0/TCG
14:18:16     1000         -   3735195    0.00    0.00    0.00    0.00    0.00     5  |__CPU 1/TCG
14:18:16     1000         -   3735196   95.00    4.00    0.00    0.00   99.00     0  |__CPU 2/TCG
14:18:16     1000         -   3735197    0.00    0.00    0.00    0.00    0.00     7  |__CPU 3/TCG
14:18:17     1000   3735172         -  188.00    8.00    0.00    0.00  196.00    21  qemu-system-aar
14:18:17     1000         -   3735172    0.00    0.00    0.00    0.00    0.00    21  |__qemu-system-aar
14:18:17     1000         -   3735179    0.00    0.00    0.00    0.00    0.00    23  |__call_rcu
14:18:17     1000         -   3735194   92.00    3.00    0.00    0.00   95.00    20  |__CPU 0/TCG
14:18:17     1000         -   3735195    1.00    0.00    0.00    0.00    1.00     5  |__CPU 1/TCG
14:18:17     1000         -   3735196   94.00    5.00    0.00    0.00   99.00    16  |__CPU 2/TCG
14:18:17     1000         -   3735197    0.00    0.00    0.00    0.00    0.00     7  |__CPU 3/TCG
14:18:18     1000   3735172         -  185.00   10.00    0.00    0.00  195.00    21  qemu-system-aar
14:18:18     1000         -   3735172    1.00    1.00    0.00    0.00    2.00    21  |__qemu-system-aar
14:18:18     1000         -   3735179    0.00    0.00    0.00    0.00    0.00    23  |__call_rcu
14:18:18     1000         -   3735194   90.00    5.00    0.00    0.00   95.00    20  |__CPU 0/TCG
14:18:18     1000         -   3735195    0.00    0.00    0.00    0.00    0.00    22  |__CPU 1/TCG
14:18:18     1000         -   3735196   94.00    5.00    0.00    0.00   99.00    16  |__CPU 2/TCG
14:18:18     1000         -   3735197    0.00    0.00    0.00    0.00    0.00     7  |__CPU 3/TCG
14:18:19     1000   3735172         -  186.00   10.00    0.00    0.00  196.00    21  qemu-system-aar
14:18:19     1000         -   3735172    1.00    1.00    0.00    0.00    2.00    21  |__qemu-system-aar
14:18:19     1000         -   3735179    0.00    0.00    0.00    0.00    0.00    23  |__call_rcu
14:18:19     1000         -   3735194   90.00    4.00    0.00    0.00   94.00    20  |__CPU 0/TCG
14:18:19     1000         -   3735195    1.00    0.00    0.00    0.00    1.00    22  |__CPU 1/TCG
14:18:19     1000         -   3735196   94.00    5.00    0.00    0.00   99.00    16  |__CPU 2/TCG
14:18:19     1000         -   3735197    0.00    0.00    0.00    0.00    0.00     7  |__CPU 3/TCG
14:18:20     1000   3735172         -  186.00    9.00    0.00    0.00  195.00    22  qemu-system-aar
14:18:20     1000         -   3735172    0.00    1.00    0.00    0.00    1.00    22  |__qemu-system-aar
14:18:20     1000         -   3735179    0.00    0.00    0.00    0.00    0.00    23  |__call_rcu
14:18:20     1000         -   3735194   90.00    5.00    0.00    0.00   95.00     4  |__CPU 0/TCG
14:18:20     1000         -   3735195    1.00    0.00    0.00    0.00    1.00    16  |__CPU 1/TCG
14:18:20     1000         -   3735196   94.00    4.00    0.00    0.00   98.00     0  |__CPU 2/TCG
14:18:20     1000         -   3735197    0.00    0.00    0.00    0.00    0.00     7  |__CPU 3/TCG
14:18:21     1000   3735172         -  186.00   10.00    0.00    0.00  196.00    21  qemu-system-aar
14:18:21     1000         -   3735172    0.00    1.00    0.00    0.00    1.00    21  |__qemu-system-aar
14:18:21     1000         -   3735179    0.00    0.00    0.00    0.00    0.00    23  |__call_rcu
14:18:21     1000         -   3735194   89.00    5.00    0.00    0.00   94.00     4  |__CPU 0/TCG
14:18:21     1000         -   3735195    0.00    0.00    0.00    0.00    0.00    16  |__CPU 1/TCG
14:18:21     1000         -   3735196   94.00    5.00    0.00    0.00   99.00     0  |__CPU 2/TCG
14:18:21     1000         -   3735197    0.00    0.00    0.00    0.00    0.00     7  |__CPU 3/TCG
14:18:22     1000   3735172         -  186.00    9.00    0.00    0.00  195.00    21  qemu-system-aar
14:18:22     1000         -   3735172    0.00    2.00    0.00    0.00    2.00    21  |__qemu-system-aar
14:18:22     1000         -   3735179    0.00    0.00    0.00    0.00    0.00    23  |__call_rcu
14:18:22     1000         -   3735194   91.00    4.00    0.00    0.00   95.00     4  |__CPU 0/TCG
14:18:22     1000         -   3735195    1.00    0.00    0.00    0.00    1.00    16  |__CPU 1/TCG
14:18:22     1000         -   3735196   95.00    5.00    0.00    0.00  100.00     0  |__CPU 2/TCG
14:18:22     1000         -   3735197    0.00    0.00    0.00    0.00    0.00     7  |__CPU 3/TCG
14:18:23     1000   3735172         -  186.00    9.00    0.00    0.00  195.00    22  qemu-system-aar
14:18:23     1000         -   3735172    1.00    1.00    0.00    0.00    2.00    22  |__qemu-system-aar
14:18:23     1000         -   3735179    0.00    0.00    0.00    0.00    0.00    23  |__call_rcu
14:18:23     1000         -   3735194   89.00    5.00    0.00    1.00   94.00     4  |__CPU 0/TCG
14:18:23     1000         -   3735195    0.00    0.00    0.00    0.00    0.00    16  |__CPU 1/TCG
14:18:23     1000         -   3735196   94.00    4.00    0.00    0.00   98.00     0  |__CPU 2/TCG
14:18:23     1000         -   3735197    0.00    0.00    0.00    0.00    0.00     7  |__CPU 3/TCG
14:18:24     1000   3735172         -  185.00   11.00    0.00    0.00  196.00    22  qemu-system-aar
14:18:24     1000         -   3735172    0.00    1.00    0.00    0.00    1.00    22  |__qemu-system-aar
14:18:24     1000         -   3735179    0.00    0.00    0.00    0.00    0.00    23  |__call_rcu
14:18:24     1000         -   3735194   91.00    4.00    0.00    0.00   95.00     4  |__CPU 0/TCG
14:18:24     1000         -   3735195    1.00    0.00    0.00    0.00    1.00    16  |__CPU 1/TCG
14:18:24     1000         -   3735196   94.00    6.00    0.00    0.00  100.00     0  |__CPU 2/TCG
14:18:24     1000         -   3735197    0.00    0.00    0.00    0.00    0.00     7  |__CPU 3/TCG
14:18:25     1000   3735172         -  187.00    9.00    0.00    0.00  196.00    23  qemu-system-aar
14:18:25     1000         -   3735172    0.00    1.00    0.00    0.00    1.00    23  |__qemu-system-aar
14:18:25     1000         -   3735179    0.00    0.00    0.00    0.00    0.00    23  |__call_rcu
14:18:25     1000         -   3735194   89.00    5.00    0.00    0.00   94.00     4  |__CPU 0/TCG
14:18:25     1000         -   3735195    1.00    0.00    0.00    0.00    1.00     1  |__CPU 1/TCG
14:18:25     1000         -   3735196   95.00    4.00    0.00    0.00   99.00    16  |__CPU 2/TCG
14:18:25     1000         -   3735197    0.00    0.00    0.00    0.00    0.00     7  |__CPU 3/TCG
14:18:26     1000   3735172         -  187.00    9.00    0.00    0.00  196.00    22  qemu-system-aar
14:18:26     1000         -   3735172    1.00    0.00    0.00    0.00    1.00    22  |__qemu-system-aar
14:18:26     1000         -   3735179    0.00    0.00    0.00    0.00    0.00    23  |__call_rcu
14:18:26     1000         -   3735194   92.00    4.00    0.00    0.00   96.00     4  |__CPU 0/TCG
14:18:26     1000         -   3735195    0.00    0.00    0.00    0.00    0.00     1  |__CPU 1/TCG
14:18:26     1000         -   3735196   94.00    4.00    0.00    0.00   98.00    16  |__CPU 2/TCG
14:18:26     1000         -   3735197    0.00    0.00    0.00    0.00    0.00     7  |__CPU 3/TCG
14:18:27     1000   3735172         -  188.00    7.00    0.00    0.00  195.00    23  qemu-system-aar
14:18:27     1000         -   3735172    0.00    1.00    0.00    0.00    1.00    23  |__qemu-system-aar
14:18:27     1000         -   3735179    0.00    0.00    0.00    0.00    0.00    23  |__call_rcu
14:18:27     1000         -   3735194   91.00    3.00    0.00    0.00   94.00    20  |__CPU 0/TCG
14:18:27     1000         -   3735195    1.00    0.00    0.00    0.00    1.00    16  |__CPU 1/TCG
14:18:27     1000         -   3735196   95.00    4.00    0.00    0.00   99.00     0  |__CPU 2/TCG
14:18:27     1000         -   3735197    0.00    0.00    0.00    0.00    0.00     7  |__CPU 3/TCG
14:18:28     1000   3735172         -  185.00   11.00    0.00    0.00  196.00    23  qemu-system-aar
14:18:28     1000         -   3735172    0.00    1.00    0.00    0.00    1.00    23  |__qemu-system-aar
14:18:28     1000         -   3735179    0.00    0.00    0.00    0.00    0.00    23  |__call_rcu
14:18:28     1000         -   3735194   91.00    4.00    0.00    0.00   95.00    20  |__CPU 0/TCG
14:18:28     1000         -   3735195    0.00    0.00    0.00    0.00    0.00    16  |__CPU 1/TCG
14:18:28     1000         -   3735196   93.00    6.00    0.00    0.00   99.00     0  |__CPU 2/TCG
14:18:28     1000         -   3735197    0.00    0.00    0.00    0.00    0.00     7  |__CPU 3/TCG
14:18:29     1000   3735172         -  187.00    9.00    0.00    0.00  196.00    22  qemu-system-aar
14:18:29     1000         -   3735172    0.00    2.00    0.00    0.00    2.00    22  |__qemu-system-aar
14:18:29     1000         -   3735179    0.00    0.00    0.00    0.00    0.00    23  |__call_rcu
14:18:29     1000         -   3735194   91.00    5.00    0.00    0.00   96.00     4  |__CPU 0/TCG
14:18:29     1000         -   3735195    1.00    0.00    0.00    0.00    1.00    16  |__CPU 1/TCG
14:18:29     1000         -   3735196   94.00    5.00    0.00    0.00   99.00     0  |__CPU 2/TCG
14:18:29     1000         -   3735197    0.00    0.00    0.00    0.00    0.00     7  |__CPU 3/TCG
14:18:30     1000   3735172         -  187.00    8.00    0.00    0.00  195.00    23  qemu-system-aar
14:18:30     1000         -   3735172    1.00    1.00    0.00    0.00    2.00    23  |__qemu-system-aar
14:18:30     1000         -   3735179    0.00    0.00    0.00    0.00    0.00    23  |__call_rcu
14:18:30     1000         -   3735194   90.00    3.00    0.00    0.00   93.00     4  |__CPU 0/TCG
14:18:30     1000         -   3735195    1.00    0.00    0.00    0.00    1.00    16  |__CPU 1/TCG
14:18:30     1000         -   3735196   95.00    4.00    0.00    0.00   99.00     0  |__CPU 2/TCG
14:18:30     1000         -   3735197    0.00    0.00    0.00    0.00    0.00     7  |__CPU 3/TCG
14:18:31     1000   3735172         -  185.00   11.00    0.00    0.00  196.00     1  qemu-system-aar
14:18:31     1000         -   3735172    0.00    1.00    0.00    0.00    1.00     1  |__qemu-system-aar
14:18:31     1000         -   3735179    0.00    0.00    0.00    0.00    0.00    23  |__call_rcu
14:18:31     1000         -   3735194   90.00    5.00    0.00    0.00   95.00     4  |__CPU 0/TCG
14:18:31     1000         -   3735195    0.00    0.00    0.00    0.00    0.00    16  |__CPU 1/TCG
14:18:31     1000         -   3735196   94.00    6.00    0.00    0.00  100.00     0  |__CPU 2/TCG
14:18:31     1000         -   3735197    0.00    0.00    0.00    0.00    0.00     7  |__CPU 3/TCG
14:18:32     1000   3735172         -  187.00    9.00    0.00    0.00  196.00     5  qemu-system-aar
14:18:32     1000         -   3735172    0.00    1.00    0.00    0.00    1.00     5  |__qemu-system-aar
14:18:32     1000         -   3735179    0.00    0.00    0.00    0.00    0.00    23  |__call_rcu
14:18:32     1000         -   3735194   92.00    3.00    0.00    0.00   95.00     4  |__CPU 0/TCG
14:18:32     1000         -   3735195    1.00    0.00    0.00    0.00    1.00     2  |__CPU 1/TCG
14:18:32     1000         -   3735196   93.00    5.00    0.00    0.00   98.00    16  |__CPU 2/TCG
14:18:32     1000         -   3735197    0.00    0.00    0.00    0.00    0.00     7  |__CPU 3/TCG
14:18:33     1000   3735172         -  187.00    8.00    0.00    0.00  195.00     7  qemu-system-aar
14:18:33     1000         -   3735172    0.00    1.00    0.00    0.00    1.00     7  |__qemu-system-aar
14:18:33     1000         -   3735179    0.00    0.00    0.00    0.00    0.00    23  |__call_rcu
14:18:33     1000         -   3735194   91.00    4.00    0.00    0.00   95.00     4  |__CPU 0/TCG
14:18:33     1000         -   3735195    0.00    0.00    0.00    0.00    0.00     2  |__CPU 1/TCG
14:18:33     1000         -   3735196   95.00    4.00    0.00    0.00   99.00    16  |__CPU 2/TCG
14:18:33     1000         -   3735197    0.00    0.00    0.00    0.00    0.00     7  |__CPU 3/TCG
14:18:34     1000   3735172         -  187.00    9.00    0.00    0.00  196.00     7  qemu-system-aar
14:18:34     1000         -   3735172    0.00    2.00    0.00    0.00    2.00     7  |__qemu-system-aar
14:18:34     1000         -   3735179    0.00    0.00    0.00    0.00    0.00    23  |__call_rcu
14:18:34     1000         -   3735194   90.00    4.00    0.00    0.00   94.00    20  |__CPU 0/TCG
14:18:34     1000         -   3735195    1.00    0.00    0.00    0.00    1.00     5  |__CPU 1/TCG
14:18:34     1000         -   3735196   94.00    5.00    0.00    0.00   99.00     0  |__CPU 2/TCG
14:18:34     1000         -   3735197    0.00    0.00    0.00    0.00    0.00     7  |__CPU 3/TCG
14:18:35     1000   3735172         -  187.00    9.00    0.00    0.00  196.00     7  qemu-system-aar
14:18:35     1000         -   3735172    0.00    1.00    0.00    0.00    1.00     7  |__qemu-system-aar
14:18:35     1000         -   3735179    0.00    0.00    0.00    0.00    0.00    23  |__call_rcu
14:18:35     1000         -   3735194   90.00    5.00    0.00    0.00   95.00    20  |__CPU 0/TCG
14:18:35     1000         -   3735195    1.00    0.00    0.00    0.00    1.00     5  |__CPU 1/TCG
14:18:35     1000         -   3735196   95.00    4.00    0.00    0.00   99.00    16  |__CPU 2/TCG
14:18:35     1000         -   3735197    0.00    0.00    0.00    0.00    0.00     7  |__CPU 3/TCG
14:18:36     1000   3735172         -  187.00    8.00    0.00    0.00  195.00     7  qemu-system-aar
14:18:36     1000         -   3735172    1.00    0.00    0.00    0.00    1.00     7  |__qemu-system-aar
14:18:36     1000         -   3735179    0.00    0.00    0.00    0.00    0.00    23  |__call_rcu
14:18:36     1000         -   3735194   91.00    4.00    0.00    0.00   95.00     4  |__CPU 0/TCG
14:18:36     1000         -   3735195    0.00    0.00    0.00    0.00    0.00     5  |__CPU 1/TCG
14:18:36     1000         -   3735196   95.00    4.00    0.00    0.00   99.00    16  |__CPU 2/TCG
14:18:36     1000         -   3735197    0.00    0.00    0.00    0.00    0.00     7  |__CPU 3/TCG
14:18:37     1000   3735172         -  188.00    8.00    0.00    0.00  196.00    18  qemu-system-aar
14:18:37     1000         -   3735172    1.00    1.00    0.00    0.00    2.00    18  |__qemu-system-aar
14:18:37     1000         -   3735179    0.00    0.00    0.00    0.00    0.00    23  |__call_rcu
14:18:37     1000         -   3735194   91.00    4.00    0.00    0.00   95.00     4  |__CPU 0/TCG
14:18:37     1000         -   3735195    1.00    0.00    0.00    0.00    1.00     2  |__CPU 1/TCG
14:18:37     1000         -   3735196   96.00    3.00    0.00    0.00   99.00    16  |__CPU 2/TCG
14:18:37     1000         -   3735197    0.00    0.00    0.00    0.00    0.00     7  |__CPU 3/TCG
14:18:38     1000   3735172         -  185.00   11.00    0.00    0.00  196.00     7  qemu-system-aar
14:18:38     1000         -   3735172    0.00    1.00    0.00    0.00    1.00     7  |__qemu-system-aar
14:18:38     1000         -   3735179    0.00    0.00    0.00    0.00    0.00    23  |__call_rcu
14:18:38     1000         -   3735194   88.00    6.00    0.00    0.00   94.00     4  |__CPU 0/TCG
14:18:38     1000         -   3735195    0.00    0.00    0.00    0.00    0.00     2  |__CPU 1/TCG
14:18:38     1000         -   3735196   94.00    5.00    0.00    0.00   99.00    16  |__CPU 2/TCG
14:18:38     1000         -   3735197    0.00    0.00    0.00    0.00    0.00     7  |__CPU 3/TCG
14:18:39     1000   3735172         -  187.00    9.00    0.00    0.00  196.00    18  qemu-system-aar
14:18:39     1000         -   3735172    1.00    1.00    0.00    0.00    2.00    18  |__qemu-system-aar
14:18:39     1000         -   3735179    0.00    0.00    0.00    0.00    0.00    23  |__call_rcu
14:18:39     1000         -   3735194   90.00    5.00    0.00    0.00   95.00     4  |__CPU 0/TCG
14:18:39     1000         -   3735195    1.00    0.00    0.00    0.00    1.00     2  |__CPU 1/TCG
14:18:39     1000         -   3735196   95.00    4.00    0.00    0.00   99.00    16  |__CPU 2/TCG
14:18:39     1000         -   3735197    0.00    0.00    0.00    0.00    0.00     7  |__CPU 3/TCG
14:18:40     1000   3735172         -  184.00   10.00    0.00    0.00  194.00    19  qemu-system-aar
14:18:40     1000         -   3735172    0.00    1.00    0.00    0.00    1.00    19  |__qemu-system-aar
14:18:40     1000         -   3735179    0.00    0.00    0.00    0.00    0.00    23  |__call_rcu
14:18:40     1000         -   3735194   90.00    5.00    0.00    0.00   95.00     4  |__CPU 0/TCG
14:18:40     1000         -   3735195    1.00    0.00    0.00    0.00    1.00     2  |__CPU 1/TCG
14:18:40     1000         -   3735196   94.00    5.00    0.00    0.00   99.00    16  |__CPU 2/TCG
14:18:40     1000         -   3735197    0.00    0.00    0.00    0.00    0.00     7  |__CPU 3/TCG
14:18:41     1000   3735172         -  189.00    8.00    0.00    0.00  197.00    21  qemu-system-aar
14:18:41     1000         -   3735172    1.00    1.00    0.00    0.00    2.00    21  |__qemu-system-aar
14:18:41     1000         -   3735179    0.00    0.00    0.00    0.00    0.00    23  |__call_rcu
14:18:41     1000         -   3735194   91.00    4.00    0.00    0.00   95.00    20  |__CPU 0/TCG
14:18:41     1000         -   3735195    0.00    0.00    0.00    0.00    0.00     2  |__CPU 1/TCG
14:18:41     1000         -   3735196   95.00    4.00    0.00    0.00   99.00    16  |__CPU 2/TCG
14:18:41     1000         -   3735197    0.00    0.00    0.00    0.00    0.00     7  |__CPU 3/TCG
14:18:42     1000   3735172         -  186.00   10.00    0.00    0.00  196.00    19  qemu-system-aar
14:18:42     1000         -   3735172    0.00    0.00    0.00    0.00    0.00    19  |__qemu-system-aar
14:18:42     1000         -   3735179    0.00    0.00    0.00    0.00    0.00    23  |__call_rcu
14:18:42     1000         -   3735194   90.00    5.00    0.00    0.00   95.00    20  |__CPU 0/TCG
14:18:42     1000         -   3735195    1.00    0.00    0.00    0.00    1.00     2  |__CPU 1/TCG
14:18:42     1000         -   3735196   94.00    5.00    0.00    0.00   99.00     0  |__CPU 2/TCG
14:18:42     1000         -   3735197    0.00    0.00    0.00    0.00    0.00     7  |__CPU 3/TCG
14:18:43     1000   3735172         -  185.00    9.00    0.00    0.00  194.00    19  qemu-system-aar
14:18:43     1000         -   3735172    1.00    1.00    0.00    0.00    2.00    19  |__qemu-system-aar
14:18:43     1000         -   3735179    0.00    0.00    0.00    0.00    0.00    23  |__call_rcu
14:18:43     1000         -   3735194   90.00    4.00    0.00    0.00   94.00     4  |__CPU 0/TCG
14:18:43     1000         -   3735195    0.00    1.00    0.00    0.00    1.00     5  |__CPU 1/TCG
14:18:43     1000         -   3735196   94.00    5.00    0.00    0.00   99.00     0  |__CPU 2/TCG
14:18:43     1000         -   3735197    0.00    0.00    0.00    0.00    0.00     7  |__CPU 3/TCG
14:18:44     1000   3735172         -  186.00   10.00    0.00    0.00  196.00    19  qemu-system-aar
14:18:44     1000         -   3735172    0.00    1.00    0.00    0.00    1.00    19  |__qemu-system-aar
14:18:44     1000         -   3735179    0.00    0.00    0.00    0.00    0.00    23  |__call_rcu
14:18:44     1000         -   3735194   90.00    4.00    0.00    0.00   94.00    20  |__CPU 0/TCG
14:18:44     1000         -   3735195    0.00    1.00    0.00    0.00    1.00     5  |__CPU 1/TCG
14:18:44     1000         -   3735196   94.00    5.00    0.00    0.00   99.00    16  |__CPU 2/TCG
14:18:44     1000         -   3735197    0.00    0.00    0.00    0.00    0.00     7  |__CPU 3/TCG
14:18:45     1000   3735172         -  190.00    7.00    0.00    0.00  197.00    19  qemu-system-aar
14:18:45     1000         -   3735172    1.00    1.00    0.00    0.00    2.00    19  |__qemu-system-aar
14:18:45     1000         -   3735179    0.00    0.00    0.00    0.00    0.00    23  |__call_rcu
14:18:45     1000         -   3735194   92.00    4.00    0.00    0.00   96.00    20  |__CPU 0/TCG
14:18:45     1000         -   3735195    0.00    0.00    0.00    0.00    0.00     5  |__CPU 1/TCG
14:18:45     1000         -   3735196   96.00    3.00    0.00    0.00   99.00     0  |__CPU 2/TCG
14:18:45     1000         -   3735197    0.00    0.00    0.00    0.00    0.00     7  |__CPU 3/TCG
14:18:46     1000   3735172         -  188.00    7.00    0.00    0.00  195.00    21  qemu-system-aar
14:18:46     1000         -   3735172    0.00    1.00    0.00    0.00    1.00    21  |__qemu-system-aar
14:18:46     1000         -   3735179    0.00    0.00    0.00    0.00    0.00    23  |__call_rcu
14:18:46     1000         -   3735194   93.00    2.00    0.00    0.00   95.00    20  |__CPU 0/TCG
14:18:46     1000         -   3735195    0.00    0.00    0.00    0.00    0.00     5  |__CPU 1/TCG
14:18:46     1000         -   3735196   94.00    4.00    0.00    0.00   98.00     0  |__CPU 2/TCG
14:18:46     1000         -   3735197    0.00    0.00    0.00    0.00    0.00     7  |__CPU 3/TCG
14:18:47     1000   3735172         -  187.00    8.00    0.00    0.00  195.00    21  qemu-system-aar
14:18:47     1000         -   3735172    0.00    1.00    0.00    0.00    1.00    21  |__qemu-system-aar
14:18:47     1000         -   3735179    0.00    0.00    0.00    0.00    0.00    23  |__call_rcu
14:18:47     1000         -   3735194   90.00    4.00    0.00    0.00   94.00    20  |__CPU 0/TCG
14:18:47     1000         -   3735195    0.00    0.00    0.00    0.00    0.00     5  |__CPU 1/TCG
14:18:47     1000         -   3735196   95.00    5.00    0.00    0.00  100.00     0  |__CPU 2/TCG
14:18:47     1000         -   3735197    0.00    0.00    0.00    0.00    0.00     7  |__CPU 3/TCG
14:18:48     1000   3735172         -  184.00   10.00    0.00    0.00  194.00    21  qemu-system-aar
14:18:48     1000         -   3735172    1.00    1.00    0.00    0.00    2.00    21  |__qemu-system-aar
14:18:48     1000         -   3735179    0.00    0.00    0.00    0.00    0.00    23  |__call_rcu
14:18:48     1000         -   3735194   89.00    5.00    0.00    0.00   94.00    20  |__CPU 0/TCG
14:18:48     1000         -   3735195    1.00    0.00    0.00    0.00    1.00     2  |__CPU 1/TCG
14:18:48     1000         -   3735196   94.00    5.00    0.00    0.00   99.00     0  |__CPU 2/TCG
14:18:48     1000         -   3735197    0.00    0.00    0.00    0.00    0.00     7  |__CPU 3/TCG
14:18:49     1000   3735172         -  185.00   10.00    0.00    0.00  195.00    22  qemu-system-aar
14:18:49     1000         -   3735172    1.00    1.00    0.00    0.00    2.00    22  |__qemu-system-aar
14:18:49     1000         -   3735179    0.00    0.00    0.00    0.00    0.00    23  |__call_rcu
14:18:49     1000         -   3735194   90.00    4.00    0.00    0.00   94.00    20  |__CPU 0/TCG
14:18:49     1000         -   3735195    0.00    0.00    0.00    0.00    0.00     2  |__CPU 1/TCG
14:18:49     1000         -   3735196   93.00    5.00    0.00    0.00   98.00     0  |__CPU 2/TCG
14:18:49     1000         -   3735197    0.00    0.00    0.00    0.00    0.00     7  |__CPU 3/TCG
14:18:50     1000   3735172         -  187.00    9.00    0.00    0.00  196.00    22  qemu-system-aar
14:18:50     1000         -   3735172    0.00    1.00    0.00    0.00    1.00    22  |__qemu-system-aar
14:18:50     1000         -   3735179    0.00    0.00    0.00    0.00    0.00    23  |__call_rcu
14:18:50     1000         -   3735194   91.00    4.00    0.00    0.00   95.00    20  |__CPU 0/TCG
14:18:50     1000         -   3735195    1.00    0.00    0.00    0.00    1.00     2  |__CPU 1/TCG
14:18:50     1000         -   3735196   95.00    5.00    0.00    0.00  100.00    16  |__CPU 2/TCG
14:18:50     1000         -   3735197    0.00    0.00    0.00    0.00    0.00     7  |__CPU 3/TCG
14:18:51     1000   3735172         -  189.00    7.00    0.00    0.00  196.00    22  qemu-system-aar
14:18:51     1000         -   3735172    0.00    1.00    0.00    0.00    1.00    22  |__qemu-system-aar
14:18:51     1000         -   3735179    0.00    0.00    0.00    0.00    0.00    23  |__call_rcu
14:18:51     1000         -   3735194   91.00    3.00    0.00    0.00   94.00    20  |__CPU 0/TCG
14:18:51     1000         -   3735195    0.00    0.00    0.00    0.00    0.00     2  |__CPU 1/TCG
14:18:51     1000         -   3735196   95.00    3.00    0.00    0.00   98.00    16  |__CPU 2/TCG
14:18:51     1000         -   3735197    0.00    0.00    0.00    0.00    0.00     7  |__CPU 3/TCG
14:18:52     1000   3735172         -  187.00    8.00    0.00    0.00  195.00    22  qemu-system-aar
14:18:52     1000         -   3735172    1.00    0.00    0.00    0.00    1.00    22  |__qemu-system-aar
14:18:52     1000         -   3735179    0.00    0.00    0.00    0.00    0.00    23  |__call_rcu
14:18:52     1000         -   3735194   91.00    4.00    0.00    0.00   95.00    20  |__CPU 0/TCG
14:18:52     1000         -   3735195    1.00    0.00    0.00    0.00    1.00     2  |__CPU 1/TCG
14:18:52     1000         -   3735196   95.00    4.00    0.00    0.00   99.00    16  |__CPU 2/TCG
14:18:52     1000         -   3735197    0.00    0.00    0.00    0.00    0.00     7  |__CPU 3/TCG
14:18:53     1000   3735172         -  184.00   11.00    0.00    0.00  195.00    21  qemu-system-aar
14:18:53     1000         -   3735172    1.00    1.00    0.00    0.00    2.00    21  |__qemu-system-aar
14:18:53     1000         -   3735179    0.00    0.00    0.00    0.00    0.00    23  |__call_rcu
14:18:53     1000         -   3735194   88.00    6.00    0.00    0.00   94.00    20  |__CPU 0/TCG
14:18:53     1000         -   3735195    1.00    0.00    0.00    0.00    1.00     5  |__CPU 1/TCG
14:18:53     1000         -   3735196   94.00    5.00    0.00    0.00   99.00     0  |__CPU 2/TCG
14:18:53     1000         -   3735197    0.00    0.00    0.00    0.00    0.00     7  |__CPU 3/TCG
14:18:54     1000   3735172         -  186.00    9.00    0.00    0.00  195.00    22  qemu-system-aar
14:18:54     1000         -   3735172    0.00    1.00    0.00    0.00    1.00    22  |__qemu-system-aar
14:18:54     1000         -   3735179    0.00    0.00    0.00    0.00    0.00    23  |__call_rcu
14:18:54     1000         -   3735194   89.00    5.00    0.00    0.00   94.00    20  |__CPU 0/TCG
14:18:54     1000         -   3735195    0.00    0.00    0.00    0.00    0.00     5  |__CPU 1/TCG
14:18:54     1000         -   3735196   95.00    4.00    0.00    0.00   99.00    16  |__CPU 2/TCG
14:18:54     1000         -   3735197    0.00    0.00    0.00    0.00    0.00     7  |__CPU 3/TCG
14:18:55     1000   3735172         -  187.00    9.00    0.00    0.00  196.00    21  qemu-system-aar
14:18:55     1000         -   3735172    1.00    1.00    0.00    0.00    2.00    21  |__qemu-system-aar
14:18:55     1000         -   3735179    0.00    0.00    0.00    0.00    0.00    23  |__call_rcu
14:18:55     1000         -   3735194   91.00    4.00    0.00    0.00   95.00    20  |__CPU 0/TCG
14:18:55     1000         -   3735195    1.00    0.00    0.00    0.00    1.00     5  |__CPU 1/TCG
14:18:55     1000         -   3735196   95.00    5.00    0.00    0.00  100.00    16  |__CPU 2/TCG
14:18:55     1000         -   3735197    0.00    0.00    0.00    0.00    0.00     7  |__CPU 3/TCG
14:18:56     1000   3735172         -  185.00    9.00    0.00    0.00  194.00    21  qemu-system-aar
14:18:56     1000         -   3735172    0.00    1.00    0.00    0.00    1.00    21  |__qemu-system-aar
14:18:56     1000         -   3735179    0.00    0.00    0.00    0.00    0.00    23  |__call_rcu
14:18:56     1000         -   3735194   89.00    5.00    0.00    0.00   94.00    20  |__CPU 0/TCG
14:18:56     1000         -   3735195    0.00    0.00    0.00    0.00    0.00     5  |__CPU 1/TCG
14:18:56     1000         -   3735196   94.00    4.00    0.00    0.00   98.00    16  |__CPU 2/TCG
14:18:56     1000         -   3735197    0.00    0.00    0.00    0.00    0.00     7  |__CPU 3/TCG
14:18:57     1000   3735172         -  186.00   10.00    0.00    0.00  196.00    22  qemu-system-aar
14:18:57     1000         -   3735172    1.00    0.00    0.00    0.00    1.00    22  |__qemu-system-aar
14:18:57     1000         -   3735179    0.00    0.00    0.00    0.00    0.00    23  |__call_rcu
14:18:57     1000         -   3735194   90.00    4.00    0.00    0.00   94.00    20  |__CPU 0/TCG
14:18:57     1000         -   3735195    0.00    0.00    0.00    0.00    0.00     7  |__CPU 1/TCG
14:18:57     1000         -   3735196   94.00    5.00    0.00    0.00   99.00     0  |__CPU 2/TCG
14:18:57     1000         -   3735197    0.00    0.00    0.00    0.00    0.00     7  |__CPU 3/TCG
14:18:58     1000   3735172         -  185.00   10.00    0.00    0.00  195.00    21  qemu-system-aar
14:18:58     1000         -   3735172    0.00    1.00    0.00    0.00    1.00    21  |__qemu-system-aar
14:18:58     1000         -   3735179    0.00    0.00    0.00    0.00    0.00    23  |__call_rcu
14:18:58     1000         -   3735194   90.00    5.00    0.00    0.00   95.00    20  |__CPU 0/TCG
14:18:58     1000         -   3735195    1.00    0.00    0.00    0.00    1.00     1  |__CPU 1/TCG
14:18:58     1000         -   3735196   94.00    5.00    0.00    0.00   99.00     0  |__CPU 2/TCG
14:18:58     1000         -   3735197    0.00    0.00    0.00    0.00    0.00     7  |__CPU 3/TCG
14:18:59     1000   3735172         -  187.00    8.00    0.00    0.00  195.00    21  qemu-system-aar
14:18:59     1000         -   3735172    1.00    1.00    0.00    0.00    2.00    21  |__qemu-system-aar
14:18:59     1000         -   3735179    0.00    0.00    0.00    0.00    0.00    23  |__call_rcu
14:18:59     1000         -   3735194   90.00    4.00    0.00    0.00   94.00    20  |__CPU 0/TCG
14:18:59     1000         -   3735195    0.00    0.00    0.00    0.00    0.00     1  |__CPU 1/TCG
14:18:59     1000         -   3735196   95.00    4.00    0.00    0.00   99.00     0  |__CPU 2/TCG
14:18:59     1000         -   3735197    0.00    0.00    0.00    0.00    0.00     7  |__CPU 3/TCG
14:19:00     1000   3735172         -  187.00    8.00    0.00    0.00  195.00    21  qemu-system-aar
14:19:00     1000         -   3735172    0.00    1.00    0.00    0.00    1.00    21  |__qemu-system-aar
14:19:00     1000         -   3735179    0.00    0.00    0.00    0.00    0.00    23  |__call_rcu
14:19:00     1000         -   3735194   92.00    3.00    0.00    0.00   95.00     4  |__CPU 0/TCG
14:19:00     1000         -   3735195    1.00    0.00    0.00    0.00    1.00     1  |__CPU 1/TCG
14:19:00     1000         -   3735196   94.00    5.00    0.00    0.00   99.00    16  |__CPU 2/TCG
14:19:00     1000         -   3735197    0.00    0.00    0.00    0.00    0.00     7  |__CPU 3/TCG
14:19:01     1000   3735172         -  186.00    9.00    0.00    0.00  195.00    21  qemu-system-aar
14:19:01     1000         -   3735172    1.00    1.00    0.00    0.00    2.00    21  |__qemu-system-aar
14:19:01     1000         -   3735179    0.00    0.00    0.00    0.00    0.00    23  |__call_rcu
14:19:01     1000         -   3735194   89.00    5.00    0.00    0.00   94.00    20  |__CPU 0/TCG
14:19:01     1000         -   3735195    0.00    0.00    0.00    0.00    0.00     1  |__CPU 1/TCG
14:19:01     1000         -   3735196   95.00    4.00    0.00    0.00   99.00    16  |__CPU 2/TCG
14:19:01     1000         -   3735197    0.00    0.00    0.00    0.00    0.00     7  |__CPU 3/TCG
14:19:02     1000   3735172         -  188.00    8.00    0.00    0.00  196.00    21  qemu-system-aar
14:19:02     1000         -   3735172    1.00    0.00    0.00    0.00    1.00    21  |__qemu-system-aar
14:19:02     1000         -   3735179    0.00    0.00    0.00    0.00    0.00    23  |__call_rcu
14:19:02     1000         -   3735194   91.00    4.00    0.00    0.00   95.00    20  |__CPU 0/TCG
14:19:02     1000         -   3735195    1.00    0.00    0.00    0.00    1.00     1  |__CPU 1/TCG
14:19:02     1000         -   3735196   95.00    4.00    0.00    0.00   99.00    16  |__CPU 2/TCG
14:19:02     1000         -   3735197    0.00    0.00    0.00    0.00    0.00     7  |__CPU 3/TCG
14:19:03     1000   3735172         -  183.00   11.00    0.00    0.00  194.00    21  qemu-system-aar
14:19:03     1000         -   3735172    0.00    1.00    0.00    0.00    1.00    21  |__qemu-system-aar
14:19:03     1000         -   3735179    0.00    0.00    0.00    0.00    0.00    23  |__call_rcu
14:19:03     1000         -   3735194   87.00    5.00    0.00    0.00   92.00     4  |__CPU 0/TCG
14:19:03     1000         -   3735195    0.00    0.00    0.00    0.00    0.00     1  |__CPU 1/TCG
14:19:03     1000         -   3735196   94.00    4.00    0.00    0.00   98.00     0  |__CPU 2/TCG
14:19:03     1000         -   3735197    0.00    0.00    0.00    0.00    0.00     7  |__CPU 3/TCG
14:19:04     1000   3735172         -  185.00    9.00    0.00    0.00  194.00    21  qemu-system-aar
14:19:04     1000         -   3735172    0.00    1.00    0.00    0.00    1.00    21  |__qemu-system-aar
14:19:04     1000         -   3735179    0.00    0.00    0.00    0.00    0.00    23  |__call_rcu
14:19:04     1000         -   3735194   90.00    4.00    0.00    0.00   94.00     4  |__CPU 0/TCG
14:19:04     1000         -   3735195    1.00    0.00    0.00    0.00    1.00     5  |__CPU 1/TCG
14:19:04     1000         -   3735196   94.00    5.00    0.00    0.00   99.00     0  |__CPU 2/TCG
14:19:04     1000         -   3735197    0.00    0.00    0.00    0.00    0.00     7  |__CPU 3/TCG
14:19:05     1000   3735172         -  183.00   11.00    0.00    0.00  194.00    21  qemu-system-aar
14:19:05     1000         -   3735172    1.00    1.00    0.00    0.00    2.00    21  |__qemu-system-aar
14:19:05     1000         -   3735179    0.00    0.00    0.00    0.00    0.00    23  |__call_rcu
14:19:05     1000         -   3735194   89.00    5.00    0.00    0.00   94.00     4  |__CPU 0/TCG
14:19:05     1000         -   3735195    0.00    0.00    0.00    0.00    0.00     1  |__CPU 1/TCG
14:19:05     1000         -   3735196   94.00    5.00    0.00    0.00   99.00     0  |__CPU 2/TCG
14:19:05     1000         -   3735197    0.00    0.00    0.00    0.00    0.00     7  |__CPU 3/TCG
14:19:06     1000   3735172         -  186.00    9.00    0.00    0.00  195.00    21  qemu-system-aar
14:19:06     1000         -   3735172    1.00    1.00    0.00    0.00    2.00    21  |__qemu-system-aar
14:19:06     1000         -   3735179    0.00    0.00    0.00    0.00    0.00    23  |__call_rcu
14:19:06     1000         -   3735194   89.00    5.00    0.00    0.00   94.00    20  |__CPU 0/TCG
14:19:06     1000         -   3735195    0.00    0.00    0.00    0.00    0.00     5  |__CPU 1/TCG
14:19:06     1000         -   3735196   95.00    5.00    0.00    0.00  100.00    16  |__CPU 2/TCG
14:19:06     1000         -   3735197    0.00    0.00    0.00    0.00    0.00     7  |__CPU 3/TCG
14:19:07     1000   3735172         -  185.00   10.00    0.00    0.00  195.00    21  qemu-system-aar
14:19:07     1000         -   3735172    0.00    0.00    0.00    0.00    0.00    21  |__qemu-system-aar
14:19:07     1000         -   3735179    0.00    0.00    0.00    0.00    0.00    23  |__call_rcu
14:19:07     1000         -   3735194   90.00    5.00    0.00    0.00   95.00    20  |__CPU 0/TCG
14:19:07     1000         -   3735195    1.00    0.00    0.00    0.00    1.00     6  |__CPU 1/TCG
14:19:07     1000         -   3735196   94.00    5.00    0.00    0.00   99.00    16  |__CPU 2/TCG
14:19:07     1000         -   3735197    0.00    0.00    0.00    0.00    0.00     7  |__CPU 3/TCG
14:19:08     1000   3735172         -  187.00    9.00    0.00    0.00  196.00    21  qemu-system-aar
14:19:08     1000         -   3735172    1.00    1.00    0.00    0.00    2.00    21  |__qemu-system-aar
14:19:08     1000         -   3735179    0.00    0.00    0.00    0.00    0.00    23  |__call_rcu
14:19:08     1000         -   3735194   89.00    4.00    0.00    0.00   93.00    20  |__CPU 0/TCG
14:19:08     1000         -   3735195    0.00    0.00    0.00    0.00    0.00     6  |__CPU 1/TCG
14:19:08     1000         -   3735196   94.00    4.00    0.00    0.00   98.00    16  |__CPU 2/TCG
14:19:08     1000         -   3735197    0.00    0.00    0.00    0.00    0.00     7  |__CPU 3/TCG
14:19:09     1000   3735172         -  185.00   10.00    0.00    0.00  195.00    23  qemu-system-aar
14:19:09     1000         -   3735172    0.00    1.00    0.00    0.00    1.00    23  |__qemu-system-aar
14:19:09     1000         -   3735179    0.00    0.00    0.00    0.00    0.00    23  |__call_rcu
14:19:09     1000         -   3735194   90.00    5.00    0.00    0.00   95.00     4  |__CPU 0/TCG
14:19:09     1000         -   3735195    1.00    0.00    0.00    0.00    1.00     5  |__CPU 1/TCG
14:19:09     1000         -   3735196   94.00    5.00    0.00    0.00   99.00    16  |__CPU 2/TCG
14:19:09     1000         -   3735197    0.00    0.00    0.00    0.00    0.00     7  |__CPU 3/TCG
14:19:10     1000   3735172         -  187.00    8.00    0.00    0.00  195.00     1  qemu-system-aar
14:19:10     1000         -   3735172    1.00    1.00    0.00    0.00    2.00     1  |__qemu-system-aar
14:19:10     1000         -   3735179    0.00    0.00    0.00    0.00    0.00    23  |__call_rcu
14:19:10     1000         -   3735194   90.00    4.00    0.00    0.00   94.00     4  |__CPU 0/TCG
14:19:10     1000         -   3735195    1.00    0.00    0.00    0.00    1.00     6  |__CPU 1/TCG
14:19:10     1000         -   3735196   95.00    4.00    0.00    0.00   99.00    16  |__CPU 2/TCG
14:19:10     1000         -   3735197    0.00    0.00    0.00    0.00    0.00     7  |__CPU 3/TCG
14:19:11     1000   3735172         -  182.00   12.00    0.00    0.00  194.00     3  qemu-system-aar
14:19:11     1000         -   3735172    0.00    2.00    0.00    0.00    2.00     3  |__qemu-system-aar
14:19:11     1000         -   3735179    0.00    0.00    0.00    0.00    0.00    23  |__call_rcu
14:19:11     1000         -   3735194   88.00    6.00    0.00    0.00   94.00     4  |__CPU 0/TCG
14:19:11     1000         -   3735195    0.00    0.00    0.00    0.00    0.00     6  |__CPU 1/TCG
14:19:11     1000         -   3735196   93.00    6.00    0.00    0.00   99.00    16  |__CPU 2/TCG
14:19:11     1000         -   3735197    0.00    0.00    0.00    0.00    0.00     7  |__CPU 3/TCG
14:19:12     1000   3735172         -  186.00   10.00    0.00    0.00  196.00     6  qemu-system-aar
14:19:12     1000         -   3735172    0.00    0.00    0.00    0.00    0.00     6  |__qemu-system-aar
14:19:12     1000         -   3735179    0.00    0.00    0.00    0.00    0.00    23  |__call_rcu
14:19:12     1000         -   3735194   91.00    3.00    0.00    0.00   94.00     4  |__CPU 0/TCG
14:19:12     1000         -   3735195    1.00    0.00    0.00    0.00    1.00     5  |__CPU 1/TCG
14:19:12     1000         -   3735196   93.00    6.00    0.00    0.00   99.00    16  |__CPU 2/TCG
14:19:12     1000         -   3735197    0.00    0.00    0.00    0.00    0.00     7  |__CPU 3/TCG
14:19:13     1000   3735172         -  187.00    8.00    0.00    0.00  195.00     6  qemu-system-aar
14:19:13     1000         -   3735172    0.00    2.00    0.00    0.00    2.00     6  |__qemu-system-aar
14:19:13     1000         -   3735179    0.00    0.00    0.00    0.00    0.00    23  |__call_rcu
14:19:13     1000         -   3735194   90.00    5.00    0.00    0.00   95.00    20  |__CPU 0/TCG
14:19:13     1000         -   3735195    1.00    0.00    0.00    0.00    1.00     7  |__CPU 1/TCG
14:19:13     1000         -   3735196   96.00    3.00    0.00    0.00   99.00    16  |__CPU 2/TCG
14:19:13     1000         -   3735197    0.00    0.00    0.00    0.00    0.00     7  |__CPU 3/TCG
14:19:14     1000   3735172         -  184.00   12.00    0.00    0.00  196.00     5  qemu-system-aar
14:19:14     1000         -   3735172    0.00    1.00    0.00    0.00    1.00     5  |__qemu-system-aar
14:19:14     1000         -   3735179    0.00    0.00    0.00    0.00    0.00    23  |__call_rcu
14:19:14     1000         -   3735194   89.00    5.00    0.00    0.00   94.00     4  |__CPU 0/TCG
14:19:14     1000         -   3735195    0.00    0.00    0.00    0.00    0.00     7  |__CPU 1/TCG
14:19:14     1000         -   3735196   93.00    6.00    0.00    0.00   99.00     0  |__CPU 2/TCG
14:19:14     1000         -   3735197    0.00    0.00    0.00    0.00    0.00     7  |__CPU 3/TCG
14:19:15     1000   3735172         -  185.00   10.00    0.00    0.00  195.00     7  qemu-system-aar
14:19:15     1000         -   3735172    0.00    1.00    0.00    0.00    1.00     7  |__qemu-system-aar
14:19:15     1000         -   3735179    0.00    0.00    0.00    0.00    0.00    23  |__call_rcu
14:19:15     1000         -   3735194   91.00    4.00    0.00    0.00   95.00     4  |__CPU 0/TCG
14:19:15     1000         -   3735195    1.00    0.00    0.00    0.00    1.00     6  |__CPU 1/TCG
14:19:15     1000         -   3735196   93.00    6.00    0.00    0.00   99.00     0  |__CPU 2/TCG
14:19:15     1000         -   3735197    0.00    0.00    0.00    0.00    0.00     7  |__CPU 3/TCG
14:19:16     1000   3735172         -  188.00    7.00    0.00    0.00  195.00    17  qemu-system-aar
14:19:16     1000         -   3735172    1.00    1.00    0.00    0.00    2.00    17  |__qemu-system-aar
14:19:16     1000         -   3735179    0.00    0.00    0.00    0.00    0.00    23  |__call_rcu
14:19:16     1000         -   3735194   90.00    4.00    0.00    0.00   94.00    20  |__CPU 0/TCG
14:19:16     1000         -   3735195    0.00    0.00    0.00    0.00    0.00     6  |__CPU 1/TCG
14:19:16     1000         -   3735196   95.00    4.00    0.00    0.00   99.00    16  |__CPU 2/TCG
14:19:16     1000         -   3735197    0.00    0.00    0.00    0.00    0.00     7  |__CPU 3/TCG
14:19:17     1000   3735172         -  185.00   11.00    0.00    0.00  196.00    17  qemu-system-aar
14:19:17     1000         -   3735172    0.00    1.00    0.00    0.00    1.00    17  |__qemu-system-aar
14:19:17     1000         -   3735179    0.00    0.00    0.00    0.00    0.00    23  |__call_rcu
14:19:17     1000         -   3735194   90.00    5.00    0.00    0.00   95.00    20  |__CPU 0/TCG
14:19:17     1000         -   3735195    1.00    0.00    0.00    0.00    1.00     6  |__CPU 1/TCG
14:19:17     1000         -   3735196   94.00    5.00    0.00    0.00   99.00     0  |__CPU 2/TCG
14:19:17     1000         -   3735197    0.00    0.00    0.00    0.00    0.00     7  |__CPU 3/TCG
14:19:18     1000   3735172         -  187.00    8.00    0.00    0.00  195.00    17  qemu-system-aar
14:19:18     1000         -   3735172    2.00    0.00    0.00    0.00    2.00    17  |__qemu-system-aar
14:19:18     1000         -   3735179    0.00    0.00    0.00    0.00    0.00    23  |__call_rcu
14:19:18     1000         -   3735194   91.00    3.00    0.00    0.00   94.00    20  |__CPU 0/TCG
14:19:18     1000         -   3735195    1.00    0.00    0.00    0.00    1.00     7  |__CPU 1/TCG
14:19:18     1000         -   3735196   94.00    5.00    0.00    0.00   99.00    16  |__CPU 2/TCG
14:19:18     1000         -   3735197    0.00    0.00    0.00    0.00    0.00     7  |__CPU 3/TCG
14:19:19     1000   3735172         -  187.00    9.00    0.00    0.00  196.00    19  qemu-system-aar
14:19:19     1000         -   3735172    1.00    0.00    0.00    0.00    1.00    19  |__qemu-system-aar
14:19:19     1000         -   3735179    0.00    0.00    0.00    0.00    0.00    23  |__call_rcu
14:19:19     1000         -   3735194   91.00    4.00    0.00    0.00   95.00    20  |__CPU 0/TCG
14:19:19     1000         -   3735195    0.00    0.00    0.00    0.00    0.00     7  |__CPU 1/TCG
14:19:19     1000         -   3735196   95.00    4.00    0.00    0.00   99.00    16  |__CPU 2/TCG
14:19:19     1000         -   3735197    0.00    0.00    0.00    0.00    0.00     7  |__CPU 3/TCG
14:19:20     1000   3735172         -  188.00    9.00    0.00    0.00  197.00    19  qemu-system-aar
14:19:20     1000         -   3735172    1.00    0.00    0.00    0.00    1.00    19  |__qemu-system-aar
14:19:20     1000         -   3735179    0.00    0.00    0.00    0.00    0.00    23  |__call_rcu
14:19:20     1000         -   3735194   91.00    4.00    0.00    0.00   95.00     4  |__CPU 0/TCG
14:19:20     1000         -   3735195    1.00    0.00    0.00    0.00    1.00     7  |__CPU 1/TCG
14:19:20     1000         -   3735196   94.00    4.00    0.00    0.00   98.00     0  |__CPU 2/TCG
14:19:20     1000         -   3735197    0.00    0.00    0.00    0.00    0.00     7  |__CPU 3/TCG
14:19:21     1000   3735172         -  186.00    9.00    0.00    0.00  195.00    19  qemu-system-aar
14:19:21     1000         -   3735172    1.00    1.00    0.00    0.00    2.00    19  |__qemu-system-aar
14:19:21     1000         -   3735179    0.00    0.00    0.00    0.00    0.00    23  |__call_rcu
14:19:21     1000         -   3735194   90.00    5.00    0.00    0.00   95.00     4  |__CPU 0/TCG
14:19:21     1000         -   3735195    1.00    0.00    0.00    0.00    1.00     6  |__CPU 1/TCG
14:19:21     1000         -   3735196   95.00    5.00    0.00    0.00  100.00    16  |__CPU 2/TCG
14:19:21     1000         -   3735197    0.00    0.00    0.00    0.00    0.00     7  |__CPU 3/TCG
14:19:22     1000   3735172         -  185.00   10.00    0.00    0.00  195.00    19  qemu-system-aar
14:19:22     1000         -   3735172    0.00    1.00    0.00    0.00    1.00    19  |__qemu-system-aar
14:19:22     1000         -   3735179    0.00    0.00    0.00    0.00    0.00    23  |__call_rcu
14:19:22     1000         -   3735194   90.00    4.00    0.00    0.00   94.00    20  |__CPU 0/TCG
14:19:22     1000         -   3735195    0.00    0.00    0.00    0.00    0.00     7  |__CPU 1/TCG
14:19:22     1000         -   3735196   93.00    6.00    0.00    0.00   99.00     0  |__CPU 2/TCG
14:19:22     1000         -   3735197    0.00    0.00    0.00    0.00    0.00     7  |__CPU 3/TCG
14:19:23     1000   3735172         -  186.00    9.00    0.00    0.00  195.00    17  qemu-system-aar
14:19:23     1000         -   3735172    0.00    1.00    0.00    0.00    1.00    17  |__qemu-system-aar
14:19:23     1000         -   3735179    0.00    0.00    0.00    0.00    0.00    23  |__call_rcu
14:19:23     1000         -   3735194   91.00    4.00    0.00    0.00   95.00    20  |__CPU 0/TCG
14:19:23     1000         -   3735195    1.00    0.00    0.00    0.00    1.00     6  |__CPU 1/TCG
14:19:23     1000         -   3735196   94.00    4.00    0.00    0.00   98.00     0  |__CPU 2/TCG
14:19:23     1000         -   3735197    0.00    0.00    0.00    0.00    0.00     7  |__CPU 3/TCG
14:19:24     1000   3735172         -  186.00    9.00    0.00    0.00  195.00    19  qemu-system-aar
14:19:24     1000         -   3735172    1.00    1.00    0.00    0.00    2.00    19  |__qemu-system-aar
14:19:24     1000         -   3735179    0.00    0.00    0.00    0.00    0.00    23  |__call_rcu
14:19:24     1000         -   3735194   90.00    4.00    0.00    0.00   94.00    20  |__CPU 0/TCG
14:19:24     1000         -   3735195    1.00    0.00    0.00    0.00    1.00     6  |__CPU 1/TCG
14:19:24     1000         -   3735196   94.00    5.00    0.00    0.00   99.00     0  |__CPU 2/TCG
14:19:24     1000         -   3735197    0.00    0.00    0.00    0.00    0.00     7  |__CPU 3/TCG
14:19:25     1000   3735172         -  187.00    9.00    0.00    0.00  196.00    19  qemu-system-aar
14:19:25     1000         -   3735172    0.00    1.00    0.00    0.00    1.00    19  |__qemu-system-aar
14:19:25     1000         -   3735179    0.00    0.00    0.00    0.00    0.00    23  |__call_rcu
14:19:25     1000         -   3735194   91.00    3.00    0.00    1.00   94.00    20  |__CPU 0/TCG
14:19:25     1000         -   3735195    0.00    0.00    0.00    0.00    0.00     6  |__CPU 1/TCG
14:19:25     1000         -   3735196   94.00    5.00    0.00    0.00   99.00    16  |__CPU 2/TCG
14:19:25     1000         -   3735197    0.00    0.00    0.00    0.00    0.00     7  |__CPU 3/TCG
14:19:26     1000   3735172         -  193.00    5.00    0.00    0.00  198.00    18  qemu-system-aar
14:19:26     1000         -   3735172    1.00    1.00    0.00    0.00    2.00    18  |__qemu-system-aar
14:19:26     1000         -   3735179    0.00    0.00    0.00    0.00    0.00    23  |__call_rcu
14:19:26     1000         -   3735194   95.00    2.00    0.00    0.00   97.00     4  |__CPU 0/TCG
14:19:26     1000         -   3735195    1.00    0.00    0.00    0.00    1.00     6  |__CPU 1/TCG
14:19:26     1000         -   3735196   97.00    2.00    0.00    0.00   99.00     0  |__CPU 2/TCG
14:19:26     1000         -   3735197    0.00    0.00    0.00    0.00    0.00     7  |__CPU 3/TCG
14:19:27     1000   3735172         -  187.00    8.00    0.00    0.00  195.00     2  qemu-system-aar
14:19:27     1000         -   3735172    1.00    0.00    0.00    0.00    1.00     2  |__qemu-system-aar
14:19:27     1000         -   3735179    0.00    0.00    0.00    0.00    0.00    23  |__call_rcu
14:19:27     1000         -   3735194   91.00    4.00    0.00    0.00   95.00     4  |__CPU 0/TCG
14:19:27     1000         -   3735195    1.00    0.00    0.00    0.00    1.00     6  |__CPU 1/TCG
14:19:27     1000         -   3735196   94.00    5.00    0.00    0.00   99.00     0  |__CPU 2/TCG
14:19:27     1000         -   3735197    0.00    0.00    0.00    0.00    0.00     7  |__CPU 3/TCG
14:19:28     1000   3735172         -  182.00   12.00    0.00    0.00  194.00    21  qemu-system-aar
14:19:28     1000         -   3735172    0.00    1.00    0.00    0.00    1.00    21  |__qemu-system-aar
14:19:28     1000         -   3735179    0.00    0.00    0.00    0.00    0.00    23  |__call_rcu
14:19:28     1000         -   3735194   89.00    5.00    0.00    0.00   94.00     4  |__CPU 0/TCG
14:19:28     1000         -   3735195    0.00    0.00    0.00    0.00    0.00     6  |__CPU 1/TCG
14:19:28     1000         -   3735196   92.00    7.00    0.00    0.00   99.00     0  |__CPU 2/TCG
14:19:28     1000         -   3735197    0.00    0.00    0.00    0.00    0.00     7  |__CPU 3/TCG
14:19:29     1000   3735172         -  187.00    9.00    0.00    0.00  196.00    21  qemu-system-aar
14:19:29     1000         -   3735172    0.00    1.00    0.00    0.00    1.00    21  |__qemu-system-aar
14:19:29     1000         -   3735179    0.00    0.00    0.00    0.00    0.00    23  |__call_rcu
14:19:29     1000         -   3735194   91.00    3.00    0.00    0.00   94.00    20  |__CPU 0/TCG
14:19:29     1000         -   3735195    1.00    0.00    0.00    0.00    1.00     6  |__CPU 1/TCG
14:19:29     1000         -   3735196   94.00    5.00    0.00    0.00   99.00    16  |__CPU 2/TCG
14:19:29     1000         -   3735197    0.00    0.00    0.00    0.00    0.00     7  |__CPU 3/TCG
14:19:30     1000   3735172         -  185.00   10.00    0.00    0.00  195.00    18  qemu-system-aar
14:19:30     1000         -   3735172    0.00    1.00    0.00    0.00    1.00    18  |__qemu-system-aar
14:19:30     1000         -   3735179    0.00    0.00    0.00    0.00    0.00    23  |__call_rcu
14:19:30     1000         -   3735194   89.00    5.00    0.00    0.00   94.00    20  |__CPU 0/TCG
14:19:30     1000         -   3735195    1.00    0.00    0.00    0.00    1.00    22  |__CPU 1/TCG
14:19:30     1000         -   3735196   94.00    5.00    0.00    0.00   99.00     0  |__CPU 2/TCG
14:19:30     1000         -   3735197    0.00    0.00    0.00    0.00    0.00     7  |__CPU 3/TCG
14:19:31     1000   3735172         -  185.00    9.00    0.00    0.00  194.00    21  qemu-system-aar
14:19:31     1000         -   3735172    1.00    1.00    0.00    0.00    2.00    21  |__qemu-system-aar
14:19:31     1000         -   3735179    0.00    0.00    0.00    0.00    0.00    23  |__call_rcu
14:19:31     1000         -   3735194   90.00    4.00    0.00    0.00   94.00    20  |__CPU 0/TCG
14:19:31     1000         -   3735195    0.00    0.00    0.00    0.00    0.00    22  |__CPU 1/TCG
14:19:31     1000         -   3735196   93.00    5.00    0.00    0.00   98.00    16  |__CPU 2/TCG
14:19:31     1000         -   3735197    0.00    0.00    0.00    0.00    0.00     7  |__CPU 3/TCG
14:19:32     1000   3735172         -  187.00    9.00    0.00    0.00  196.00    18  qemu-system-aar
14:19:32     1000         -   3735172    0.00    1.00    0.00    0.00    1.00    18  |__qemu-system-aar
14:19:32     1000         -   3735179    0.00    0.00    0.00    0.00    0.00    23  |__call_rcu
14:19:32     1000         -   3735194   89.00    5.00    0.00    0.00   94.00    20  |__CPU 0/TCG
14:19:32     1000         -   3735195    1.00    0.00    0.00    0.00    1.00    22  |__CPU 1/TCG
14:19:32     1000         -   3735196   96.00    3.00    0.00    0.00   99.00    16  |__CPU 2/TCG
14:19:32     1000         -   3735197    0.00    0.00    0.00    0.00    0.00     7  |__CPU 3/TCG
14:19:33     1000   3735172         -  188.00    8.00    0.00    0.00  196.00    18  qemu-system-aar
14:19:33     1000         -   3735172    0.00    2.00    0.00    0.00    2.00    18  |__qemu-system-aar
14:19:33     1000         -   3735179    0.00    0.00    0.00    0.00    0.00    23  |__call_rcu
14:19:33     1000         -   3735194   92.00    3.00    0.00    0.00   95.00    20  |__CPU 0/TCG
14:19:33     1000         -   3735195    0.00    0.00    0.00    0.00    0.00    22  |__CPU 1/TCG
14:19:33     1000         -   3735196   95.00    5.00    0.00    0.00  100.00    16  |__CPU 2/TCG
14:19:33     1000         -   3735197    0.00    0.00    0.00    0.00    0.00     7  |__CPU 3/TCG
14:19:34     1000   3735172         -  186.00   10.00    0.00    0.00  196.00    20  qemu-system-aar
14:19:34     1000         -   3735172    2.00    0.00    0.00    0.00    2.00    20  |__qemu-system-aar
14:19:34     1000         -   3735179    0.00    0.00    0.00    0.00    0.00    23  |__call_rcu
14:19:34     1000         -   3735194   90.00    5.00    0.00    0.00   95.00     4  |__CPU 0/TCG
14:19:34     1000         -   3735195    1.00    0.00    0.00    0.00    1.00    22  |__CPU 1/TCG
14:19:34     1000         -   3735196   94.00    5.00    0.00    0.00   99.00    16  |__CPU 2/TCG
14:19:34     1000         -   3735197    0.00    0.00    0.00    0.00    0.00     7  |__CPU 3/TCG
14:19:35     1000   3735172         -  187.00    9.00    0.00    0.00  196.00    20  qemu-system-aar
14:19:35     1000         -   3735172    1.00    1.00    0.00    0.00    2.00    20  |__qemu-system-aar
14:19:35     1000         -   3735179    0.00    0.00    0.00    0.00    0.00    23  |__call_rcu
14:19:35     1000         -   3735194   90.00    4.00    0.00    0.00   94.00     4  |__CPU 0/TCG
14:19:35     1000         -   3735195    1.00    0.00    0.00    0.00    1.00    23  |__CPU 1/TCG
14:19:35     1000         -   3735196   94.00    4.00    0.00    0.00   98.00     0  |__CPU 2/TCG
14:19:35     1000         -   3735197    0.00    0.00    0.00    0.00    0.00     7  |__CPU 3/TCG
14:19:36     1000   3735172         -  187.00    9.00    0.00    0.00  196.00    20  qemu-system-aar
14:19:36     1000         -   3735172    1.00    1.00    0.00    0.00    2.00    20  |__qemu-system-aar
14:19:36     1000         -   3735179    0.00    0.00    0.00    0.00    0.00    23  |__call_rcu
14:19:36     1000         -   3735194   91.00    4.00    0.00    0.00   95.00     4  |__CPU 0/TCG
14:19:36     1000         -   3735195    0.00    0.00    0.00    0.00    0.00    22  |__CPU 1/TCG
14:19:36     1000         -   3735196   94.00    5.00    0.00    0.00   99.00     0  |__CPU 2/TCG
14:19:36     1000         -   3735197    0.00    0.00    0.00    0.00    0.00     7  |__CPU 3/TCG
14:19:37     1000   3735172         -  187.00   10.00    0.00    0.00  197.00    20  qemu-system-aar
14:19:37     1000         -   3735172    1.00    1.00    0.00    0.00    2.00    20  |__qemu-system-aar
14:19:37     1000         -   3735179    0.00    0.00    0.00    0.00    0.00    23  |__call_rcu
14:19:37     1000         -   3735194   91.00    5.00    0.00    0.00   96.00     4  |__CPU 0/TCG
14:19:37     1000         -   3735195    1.00    0.00    0.00    0.00    1.00    23  |__CPU 1/TCG
14:19:37     1000         -   3735196   94.00    5.00    0.00    0.00   99.00    16  |__CPU 2/TCG
14:19:37     1000         -   3735197    0.00    0.00    0.00    0.00    0.00     7  |__CPU 3/TCG
14:19:38     1000   3735172         -  184.00   12.00    0.00    0.00  196.00    20  qemu-system-aar
14:19:38     1000         -   3735172    1.00    1.00    0.00    0.00    2.00    20  |__qemu-system-aar
14:19:38     1000         -   3735179    0.00    0.00    0.00    0.00    0.00    23  |__call_rcu
14:19:38     1000         -   3735194   89.00    5.00    0.00    0.00   94.00     4  |__CPU 0/TCG
14:19:38     1000         -   3735195    1.00    0.00    0.00    0.00    1.00    23  |__CPU 1/TCG
14:19:38     1000         -   3735196   91.00    7.00    0.00    0.00   98.00     0  |__CPU 2/TCG
14:19:38     1000         -   3735197    0.00    0.00    0.00    0.00    0.00     7  |__CPU 3/TCG
14:19:39     1000   3735172         -  186.00   10.00    0.00    0.00  196.00    21  qemu-system-aar
14:19:39     1000         -   3735172    1.00    2.00    0.00    0.00    3.00    21  |__qemu-system-aar
14:19:39     1000         -   3735179    0.00    0.00    0.00    0.00    0.00    23  |__call_rcu
14:19:39     1000         -   3735194   92.00    3.00    0.00    0.00   95.00     4  |__CPU 0/TCG
14:19:39     1000         -   3735195    0.00    0.00    0.00    0.00    0.00    23  |__CPU 1/TCG
14:19:39     1000         -   3735196   94.00    5.00    0.00    0.00   99.00     0  |__CPU 2/TCG
14:19:39     1000         -   3735197    0.00    0.00    0.00    0.00    0.00     7  |__CPU 3/TCG
14:19:40     1000   3735172         -  188.00    9.00    0.00    0.00  197.00    22  qemu-system-aar
14:19:40     1000         -   3735172    0.00    1.00    0.00    0.00    1.00    22  |__qemu-system-aar
14:19:40     1000         -   3735179    0.00    0.00    0.00    0.00    0.00    23  |__call_rcu
14:19:40     1000         -   3735194   91.00    4.00    0.00    0.00   95.00     4  |__CPU 0/TCG
14:19:40     1000         -   3735195    1.00    0.00    0.00    0.00    1.00    23  |__CPU 1/TCG
14:19:40     1000         -   3735196   95.00    4.00    0.00    0.00   99.00    16  |__CPU 2/TCG
14:19:40     1000         -   3735197    0.00    0.00    0.00    0.00    0.00     7  |__CPU 3/TCG
14:19:41     1000   3735172         -  186.00    9.00    0.00    0.00  195.00    21  qemu-system-aar
14:19:41     1000         -   3735172    0.00    1.00    0.00    0.00    1.00    21  |__qemu-system-aar
14:19:41     1000         -   3735179    0.00    0.00    0.00    0.00    0.00    23  |__call_rcu
14:19:41     1000         -   3735194   91.00    4.00    0.00    0.00   95.00     4  |__CPU 0/TCG
14:19:41     1000         -   3735195    1.00    0.00    0.00    0.00    1.00     2  |__CPU 1/TCG
14:19:41     1000         -   3735196   93.00    6.00    0.00    0.00   99.00     0  |__CPU 2/TCG
14:19:41     1000         -   3735197    0.00    0.00    0.00    0.00    0.00     7  |__CPU 3/TCG
14:19:42     1000   3735172         -  187.00    9.00    0.00    0.00  196.00    22  qemu-system-aar
14:19:42     1000         -   3735172    1.00    0.00    0.00    0.00    1.00    22  |__qemu-system-aar
14:19:42     1000         -   3735179    0.00    0.00    0.00    0.00    0.00    23  |__call_rcu
14:19:42     1000         -   3735194   91.00    4.00    0.00    0.00   95.00    20  |__CPU 0/TCG
14:19:42     1000         -   3735195    0.00    0.00    0.00    0.00    0.00    23  |__CPU 1/TCG
14:19:42     1000         -   3735196   94.00    5.00    0.00    0.00   99.00     0  |__CPU 2/TCG
14:19:42     1000         -   3735197    0.00    0.00    0.00    0.00    0.00     7  |__CPU 3/TCG
14:19:43     1000   3735172         -  186.00   10.00    0.00    0.00  196.00    22  qemu-system-aar
14:19:43     1000         -   3735172    1.00    1.00    0.00    0.00    2.00    22  |__qemu-system-aar
14:19:43     1000         -   3735179    0.00    0.00    0.00    0.00    0.00    23  |__call_rcu
14:19:43     1000         -   3735194   90.00    5.00    0.00    0.00   95.00    20  |__CPU 0/TCG
14:19:43     1000         -   3735195    1.00    0.00    0.00    0.00    1.00     2  |__CPU 1/TCG
14:19:43     1000         -   3735196   94.00    4.00    0.00    0.00   98.00    16  |__CPU 2/TCG
14:19:43     1000         -   3735197    0.00    0.00    0.00    0.00    0.00     7  |__CPU 3/TCG
14:19:44     1000   3735172         -  186.00   10.00    0.00    0.00  196.00    22  qemu-system-aar
14:19:44     1000         -   3735172    0.00    1.00    0.00    0.00    1.00    22  |__qemu-system-aar
14:19:44     1000         -   3735179    0.00    0.00    0.00    0.00    0.00    23  |__call_rcu
14:19:44     1000         -   3735194   91.00    3.00    0.00    0.00   94.00     4  |__CPU 0/TCG
14:19:44     1000         -   3735195    1.00    0.00    0.00    0.00    1.00    23  |__CPU 1/TCG
14:19:44     1000         -   3735196   94.00    6.00    0.00    0.00  100.00    16  |__CPU 2/TCG
14:19:44     1000         -   3735197    0.00    0.00    0.00    0.00    0.00     7  |__CPU 3/TCG
14:19:45     1000   3735172         -  188.00    8.00    0.00    0.00  196.00    21  qemu-system-aar
14:19:45     1000         -   3735172    0.00    1.00    0.00    0.00    1.00    21  |__qemu-system-aar
14:19:45     1000         -   3735179    0.00    0.00    0.00    0.00    0.00    23  |__call_rcu
14:19:45     1000         -   3735194   93.00    4.00    0.00    0.00   97.00    20  |__CPU 0/TCG
14:19:45     1000         -   3735195    0.00    0.00    0.00    0.00    0.00    23  |__CPU 1/TCG
14:19:45     1000         -   3735196   94.00    5.00    0.00    1.00   99.00    16  |__CPU 2/TCG
14:19:45     1000         -   3735197    0.00    0.00    0.00    0.00    0.00     7  |__CPU 3/TCG
14:19:46     1000   3735172         -  188.00    8.00    0.00    0.00  196.00    23  qemu-system-aar
14:19:46     1000         -   3735172    1.00    1.00    0.00    0.00    2.00    23  |__qemu-system-aar
14:19:46     1000         -   3735179    0.00    0.00    0.00    0.00    0.00    23  |__call_rcu
14:19:46     1000         -   3735194   90.00    4.00    0.00    0.00   94.00    20  |__CPU 0/TCG
14:19:46     1000         -   3735195    1.00    0.00    0.00    0.00    1.00     2  |__CPU 1/TCG
14:19:46     1000         -   3735196   95.00    3.00    0.00    0.00   98.00     0  |__CPU 2/TCG
14:19:46     1000         -   3735197    0.00    0.00    0.00    0.00    0.00     7  |__CPU 3/TCG
14:19:47     1000   3735172         -  186.00   10.00    0.00    0.00  196.00    21  qemu-system-aar
14:19:47     1000         -   3735172    0.00    1.00    0.00    0.00    1.00    21  |__qemu-system-aar
14:19:47     1000         -   3735179    0.00    0.00    0.00    0.00    0.00    23  |__call_rcu
14:19:47     1000         -   3735194   91.00    4.00    0.00    0.00   95.00    20  |__CPU 0/TCG
14:19:47     1000         -   3735195    1.00    0.00    0.00    0.00    1.00     2  |__CPU 1/TCG
14:19:47     1000         -   3735196   94.00    6.00    0.00    0.00  100.00     0  |__CPU 2/TCG
14:19:47     1000         -   3735197    0.00    0.00    0.00    0.00    0.00     7  |__CPU 3/TCG
14:19:48     1000   3735172         -  186.00   10.00    0.00    0.00  196.00     3  qemu-system-aar
14:19:48     1000         -   3735172    1.00    1.00    0.00    0.00    2.00     3  |__qemu-system-aar
14:19:48     1000         -   3735179    0.00    0.00    0.00    0.00    0.00    23  |__call_rcu
14:19:48     1000         -   3735194   91.00    4.00    0.00    0.00   95.00     4  |__CPU 0/TCG
14:19:48     1000         -   3735195    0.00    0.00    0.00    0.00    0.00    23  |__CPU 1/TCG
14:19:48     1000         -   3735196   93.00    5.00    0.00    0.00   98.00     0  |__CPU 2/TCG
14:19:48     1000         -   3735197    0.00    0.00    0.00    0.00    0.00     7  |__CPU 3/TCG
14:19:49     1000   3735172         -  185.00   11.00    0.00    0.00  196.00    17  qemu-system-aar
14:19:49     1000         -   3735172    0.00    1.00    0.00    0.00    1.00    17  |__qemu-system-aar
14:19:49     1000         -   3735179    0.00    0.00    0.00    0.00    0.00    23  |__call_rcu
14:19:49     1000         -   3735194   91.00    5.00    0.00    0.00   96.00     4  |__CPU 0/TCG
14:19:49     1000         -   3735195    1.00    0.00    0.00    0.00    1.00    23  |__CPU 1/TCG
14:19:49     1000         -   3735196   93.00    6.00    0.00    0.00   99.00     0  |__CPU 2/TCG
14:19:49     1000         -   3735197    0.00    0.00    0.00    0.00    0.00     7  |__CPU 3/TCG
14:19:50     1000   3735172         -  186.00   10.00    0.00    0.00  196.00    17  qemu-system-aar
14:19:50     1000         -   3735172    0.00    1.00    0.00    0.00    1.00    17  |__qemu-system-aar
14:19:50     1000         -   3735179    0.00    0.00    0.00    0.00    0.00    23  |__call_rcu
14:19:50     1000         -   3735194   90.00    4.00    0.00    0.00   94.00     4  |__CPU 0/TCG
14:19:50     1000         -   3735195    1.00    0.00    0.00    0.00    1.00    23  |__CPU 1/TCG
14:19:50     1000         -   3735196   93.00    6.00    0.00    0.00   99.00     0  |__CPU 2/TCG
14:19:50     1000         -   3735197    0.00    0.00    0.00    0.00    0.00     7  |__CPU 3/TCG
14:19:51     1000   3735172         -  186.00    9.00    0.00    0.00  195.00    22  qemu-system-aar
14:19:51     1000         -   3735172    1.00    1.00    0.00    0.00    2.00    22  |__qemu-system-aar
14:19:51     1000         -   3735179    0.00    0.00    0.00    0.00    0.00    23  |__call_rcu
14:19:51     1000         -   3735194   91.00    4.00    0.00    0.00   95.00     4  |__CPU 0/TCG
14:19:51     1000         -   3735195    0.00    0.00    0.00    0.00    0.00    23  |__CPU 1/TCG
14:19:51     1000         -   3735196   94.00    5.00    0.00    0.00   99.00     0  |__CPU 2/TCG
14:19:51     1000         -   3735197    0.00    0.00    0.00    0.00    0.00     7  |__CPU 3/TCG
14:19:52     1000   3735172         -  187.00    9.00    0.00    0.00  196.00    22  qemu-system-aar
14:19:52     1000         -   3735172    1.00    0.00    0.00    0.00    1.00    22  |__qemu-system-aar
14:19:52     1000         -   3735179    0.00    0.00    0.00    0.00    0.00    23  |__call_rcu
14:19:52     1000         -   3735194   91.00    4.00    0.00    0.00   95.00    20  |__CPU 0/TCG
14:19:52     1000         -   3735195    1.00    0.00    0.00    0.00    1.00    23  |__CPU 1/TCG
14:19:52     1000         -   3735196   94.00    5.00    0.00    0.00   99.00     0  |__CPU 2/TCG
14:19:52     1000         -   3735197    0.00    0.00    0.00    0.00    0.00     7  |__CPU 3/TCG
14:19:53     1000   3735172         -  185.00   11.00    0.00    0.00  196.00    19  qemu-system-aar
14:19:53     1000         -   3735172    0.00    1.00    0.00    0.00    1.00    19  |__qemu-system-aar
14:19:53     1000         -   3735179    0.00    0.00    0.00    0.00    0.00    23  |__call_rcu
14:19:53     1000         -   3735194   89.00    6.00    0.00    0.00   95.00    20  |__CPU 0/TCG
14:19:53     1000         -   3735195    1.00    0.00    0.00    0.00    1.00    23  |__CPU 1/TCG
14:19:53     1000         -   3735196   94.00    5.00    0.00    0.00   99.00    16  |__CPU 2/TCG
14:19:53     1000         -   3735197    0.00    0.00    0.00    0.00    0.00     7  |__CPU 3/TCG
14:19:54     1000   3735172         -  187.00    8.00    0.00    0.00  195.00    19  qemu-system-aar
14:19:54     1000         -   3735172    1.00    1.00    0.00    0.00    2.00    19  |__qemu-system-aar
14:19:54     1000         -   3735179    0.00    0.00    0.00    0.00    0.00    23  |__call_rcu
14:19:54     1000         -   3735194   91.00    3.00    0.00    0.00   94.00    20  |__CPU 0/TCG
14:19:54     1000         -   3735195    0.00    0.00    0.00    0.00    0.00    23  |__CPU 1/TCG
14:19:54     1000         -   3735196   94.00    4.00    0.00    0.00   98.00    16  |__CPU 2/TCG
14:19:54     1000         -   3735197    0.00    0.00    0.00    0.00    0.00     7  |__CPU 3/TCG
14:19:55     1000   3735172         -  187.00    9.00    0.00    0.00  196.00    22  qemu-system-aar
14:19:55     1000         -   3735172    0.00    1.00    0.00    0.00    1.00    22  |__qemu-system-aar
14:19:55     1000         -   3735179    0.00    0.00    0.00    0.00    0.00    23  |__call_rcu
14:19:55     1000         -   3735194   91.00    4.00    0.00    0.00   95.00    20  |__CPU 0/TCG
14:19:55     1000         -   3735195    1.00    0.00    0.00    0.00    1.00    23  |__CPU 1/TCG
14:19:55     1000         -   3735196   95.00    4.00    0.00    0.00   99.00    16  |__CPU 2/TCG
14:19:55     1000         -   3735197    0.00    0.00    0.00    0.00    0.00     7  |__CPU 3/TCG
14:19:56     1000   3735172         -  187.00   10.00    0.00    0.00  197.00    22  qemu-system-aar
14:19:56     1000         -   3735172    1.00    1.00    0.00    0.00    2.00    22  |__qemu-system-aar
14:19:56     1000         -   3735179    0.00    0.00    0.00    0.00    0.00    23  |__call_rcu
14:19:56     1000         -   3735194   90.00    5.00    0.00    0.00   95.00    20  |__CPU 0/TCG
14:19:56     1000         -   3735195    1.00    0.00    0.00    0.00    1.00    23  |__CPU 1/TCG
14:19:56     1000         -   3735196   94.00    5.00    0.00    0.00   99.00    16  |__CPU 2/TCG
14:19:56     1000         -   3735197    0.00    0.00    0.00    0.00    0.00     7  |__CPU 3/TCG
14:19:57     1000   3735172         -  187.00    8.00    0.00    0.00  195.00    19  qemu-system-aar
14:19:57     1000         -   3735172    0.00    1.00    0.00    0.00    1.00    19  |__qemu-system-aar
14:19:57     1000         -   3735179    0.00    0.00    0.00    0.00    0.00    23  |__call_rcu
14:19:57     1000         -   3735194   92.00    4.00    0.00    0.00   96.00    20  |__CPU 0/TCG
14:19:57     1000         -   3735195    0.00    0.00    0.00    0.00    0.00     1  |__CPU 1/TCG
14:19:57     1000         -   3735196   95.00    4.00    0.00    0.00   99.00     0  |__CPU 2/TCG
14:19:57     1000         -   3735197    0.00    0.00    0.00    0.00    0.00     7  |__CPU 3/TCG
14:19:58     1000   3735172         -  186.00    9.00    0.00    0.00  195.00     1  qemu-system-aar
14:19:58     1000         -   3735172    0.00    2.00    0.00    0.00    2.00     1  |__qemu-system-aar
14:19:58     1000         -   3735179    0.00    0.00    0.00    0.00    0.00    23  |__call_rcu
14:19:58     1000         -   3735194   89.00    5.00    0.00    0.00   94.00    20  |__CPU 0/TCG
14:19:58     1000         -   3735195    1.00    0.00    0.00    0.00    1.00    23  |__CPU 1/TCG
14:19:58     1000         -   3735196   95.00    4.00    0.00    0.00   99.00     0  |__CPU 2/TCG
14:19:58     1000         -   3735197    0.00    0.00    0.00    0.00    0.00     7  |__CPU 3/TCG
14:19:59     1000   3735172         -  188.00    8.00    0.00    0.00  196.00     1  qemu-system-aar
14:19:59     1000         -   3735172    0.00    1.00    0.00    0.00    1.00     1  |__qemu-system-aar
14:19:59     1000         -   3735179    0.00    0.00    0.00    0.00    0.00    23  |__call_rcu
14:19:59     1000         -   3735194   92.00    3.00    0.00    0.00   95.00     4  |__CPU 0/TCG
14:19:59     1000         -   3735195    0.00    0.00    0.00    0.00    0.00    23  |__CPU 1/TCG
14:19:59     1000         -   3735196   94.00    5.00    0.00    0.00   99.00     0  |__CPU 2/TCG
14:19:59     1000         -   3735197    0.00    0.00    0.00    0.00    0.00     7  |__CPU 3/TCG
14:20:00     1000   3735172         -  187.00    9.00    0.00    0.00  196.00     1  qemu-system-aar
14:20:00     1000         -   3735172    0.00    0.00    0.00    0.00    0.00     1  |__qemu-system-aar
14:20:00     1000         -   3735179    0.00    0.00    0.00    0.00    0.00    23  |__call_rcu
14:20:00     1000         -   3735194   91.00    4.00    0.00    0.00   95.00    20  |__CPU 0/TCG
14:20:00     1000         -   3735195    1.00    0.00    0.00    0.00    1.00     2  |__CPU 1/TCG
14:20:00     1000         -   3735196   94.00    5.00    0.00    0.00   99.00    16  |__CPU 2/TCG
14:20:00     1000         -   3735197    0.00    0.00    0.00    0.00    0.00     7  |__CPU 3/TCG
14:20:01     1000   3735172         -  189.00    8.00    0.00    0.00  197.00     1  qemu-system-aar
14:20:01     1000         -   3735172    1.00    2.00    0.00    0.00    3.00     1  |__qemu-system-aar
14:20:01     1000         -   3735179    0.00    0.00    0.00    0.00    0.00    23  |__call_rcu
14:20:01     1000         -   3735194   92.00    3.00    0.00    0.00   95.00    20  |__CPU 0/TCG
14:20:01     1000         -   3735195    1.00    0.00    0.00    0.00    1.00     2  |__CPU 1/TCG
14:20:01     1000         -   3735196   95.00    4.00    0.00    0.00   99.00    16  |__CPU 2/TCG
14:20:01     1000         -   3735197    0.00    0.00    0.00    0.00    0.00     7  |__CPU 3/TCG
14:20:02     1000   3735172         -  188.00    7.00    0.00    0.00  195.00     3  qemu-system-aar
14:20:02     1000         -   3735172    0.00    1.00    0.00    0.00    1.00     3  |__qemu-system-aar
14:20:02     1000         -   3735179    0.00    0.00    0.00    0.00    0.00    23  |__call_rcu
14:20:02     1000         -   3735194   92.00    4.00    0.00    0.00   96.00     4  |__CPU 0/TCG
14:20:02     1000         -   3735195    0.00    0.00    0.00    0.00    0.00     2  |__CPU 1/TCG
14:20:02     1000         -   3735196   95.00    3.00    0.00    0.00   98.00     0  |__CPU 2/TCG
14:20:02     1000         -   3735197    0.00    0.00    0.00    0.00    0.00     7  |__CPU 3/TCG
14:20:03     1000   3735172         -  186.00   10.00    0.00    0.00  196.00     5  qemu-system-aar
14:20:03     1000         -   3735172    1.00    0.00    0.00    0.00    1.00     5  |__qemu-system-aar
14:20:03     1000         -   3735179    0.00    0.00    0.00    0.00    0.00    23  |__call_rcu
14:20:03     1000         -   3735194   89.00    5.00    0.00    0.00   94.00     4  |__CPU 0/TCG
14:20:03     1000         -   3735195    1.00    0.00    0.00    0.00    1.00     6  |__CPU 1/TCG
14:20:03     1000         -   3735196   95.00    4.00    0.00    0.00   99.00     0  |__CPU 2/TCG
14:20:03     1000         -   3735197    0.00    0.00    0.00    0.00    0.00     7  |__CPU 3/TCG
14:20:04     1000   3735172         -  187.00    9.00    0.00    0.00  196.00     7  qemu-system-aar
14:20:04     1000         -   3735172    1.00    1.00    0.00    0.00    2.00     7  |__qemu-system-aar
14:20:04     1000         -   3735179    0.00    0.00    0.00    0.00    0.00    23  |__call_rcu
14:20:04     1000         -   3735194   91.00    5.00    0.00    0.00   96.00     4  |__CPU 0/TCG
14:20:04     1000         -   3735195    1.00    0.00    0.00    0.00    1.00     6  |__CPU 1/TCG
14:20:04     1000         -   3735196   94.00    5.00    0.00    0.00   99.00     0  |__CPU 2/TCG
14:20:04     1000         -   3735197    0.00    0.00    0.00    0.00    0.00     7  |__CPU 3/TCG
14:20:05     1000   3735172         -  187.00    9.00    0.00    0.00  196.00     7  qemu-system-aar
14:20:05     1000         -   3735172    0.00    1.00    0.00    0.00    1.00     7  |__qemu-system-aar
14:20:05     1000         -   3735179    0.00    0.00    0.00    0.00    0.00    23  |__call_rcu
14:20:05     1000         -   3735194   91.00    3.00    0.00    0.00   94.00     4  |__CPU 0/TCG
14:20:05     1000         -   3735195    0.00    0.00    0.00    0.00    0.00     6  |__CPU 1/TCG
14:20:05     1000         -   3735196   95.00    4.00    0.00    0.00   99.00     0  |__CPU 2/TCG
14:20:05     1000         -   3735197    0.00    0.00    0.00    0.00    0.00     7  |__CPU 3/TCG
