Linux 6.17.0-40-generic (9950x) 	08/16/26 	_x86_64_	(32 CPU)

# Time        UID      TGID       TID    %usr %system  %guest   %wait    %CPU   CPU  Command
05:42:43     1000   2779487         -  103.00    6.00    0.00    0.00  109.00    23  qemu-system-aar
05:42:43     1000         -   2779487    1.00    3.00    0.00    0.00    4.00    23  |__qemu-system-aar
05:42:43     1000         -   2779495    0.00    0.00    0.00    0.00    0.00     8  |__call_rcu
05:42:43     1000         -   2779496    0.00    0.00    0.00    0.00    0.00    14  |__worker
05:42:43     1000         -   2779510   93.00    1.00    0.00    0.00   94.00     4  |__CPU 0/TCG
05:42:43     1000         -   2779511    1.00    0.00    0.00    0.00    1.00     1  |__CPU 1/TCG
05:42:43     1000         -   2779512    6.00    0.00    0.00    0.00    6.00    16  |__CPU 2/TCG
05:42:43     1000         -   2779513    0.00    0.00    0.00    0.00    0.00     6  |__CPU 3/TCG
05:42:44     1000   2779487         -  199.00    5.00    0.00    0.00  204.00    23  qemu-system-aar
05:42:44     1000         -   2779487    1.00    3.00    0.00    0.00    4.00    23  |__qemu-system-aar
05:42:44     1000         -   2779495    0.00    0.00    0.00    0.00    0.00     8  |__call_rcu
05:42:44     1000         -   2779496    0.00    0.00    0.00    0.00    0.00    14  |__worker
05:42:44     1000         -   2779510   97.00    3.00    0.00    0.00  100.00     4  |__CPU 0/TCG
05:42:44     1000         -   2779511    1.00    0.00    0.00    0.00    1.00     2  |__CPU 1/TCG
05:42:44     1000         -   2779512   98.00    1.00    0.00    0.00   99.00    16  |__CPU 2/TCG
05:42:44     1000         -   2779513    0.00    0.00    0.00    0.00    0.00     6  |__CPU 3/TCG
05:42:45     1000   2779487         -  198.00    4.00    0.00    0.00  202.00    17  qemu-system-aar
05:42:45     1000         -   2779487    1.00    2.00    0.00    0.00    3.00    17  |__qemu-system-aar
05:42:45     1000         -   2779495    0.00    0.00    0.00    0.00    0.00     8  |__call_rcu
05:42:45     1000         -   2779496    0.00    0.00    0.00    0.00    0.00    14  |__worker
05:42:45     1000         -   2779510   97.00    1.00    0.00    0.00   98.00    20  |__CPU 0/TCG
05:42:45     1000         -   2779511    1.00    0.00    0.00    0.00    1.00     1  |__CPU 1/TCG
05:42:45     1000         -   2779512   98.00    2.00    0.00    0.00  100.00    16  |__CPU 2/TCG
05:42:45     1000         -   2779513    0.00    0.00    0.00    0.00    0.00     6  |__CPU 3/TCG
05:42:46     1000   2779487         -  199.00    4.00    0.00    0.00  203.00    19  qemu-system-aar
05:42:46     1000         -   2779487    2.00    2.00    0.00    0.00    4.00    19  |__qemu-system-aar
05:42:46     1000         -   2779495    0.00    0.00    0.00    0.00    0.00     8  |__call_rcu
05:42:46     1000         -   2779496    0.00    0.00    0.00    0.00    0.00    14  |__worker
05:42:46     1000         -   2779510   98.00    1.00    0.00    0.00   99.00    20  |__CPU 0/TCG
05:42:46     1000         -   2779511    1.00    0.00    0.00    0.00    1.00     9  |__CPU 1/TCG
05:42:46     1000         -   2779512   98.00    2.00    0.00    0.00  100.00    16  |__CPU 2/TCG
05:42:46     1000         -   2779513    0.00    0.00    0.00    0.00    0.00     6  |__CPU 3/TCG
05:42:47     1000   2779487         -  201.00    3.00    0.00    0.00  204.00     3  qemu-system-aar
05:42:47     1000         -   2779487    2.00    3.00    0.00    0.00    5.00     3  |__qemu-system-aar
05:42:47     1000         -   2779495    0.00    0.00    0.00    0.00    0.00     8  |__call_rcu
05:42:47     1000         -   2779496    0.00    0.00    0.00    0.00    0.00    14  |__worker
05:42:47     1000         -   2779510   98.00    1.00    0.00    0.00   99.00    20  |__CPU 0/TCG
05:42:47     1000         -   2779511    0.00    0.00    0.00    0.00    0.00     6  |__CPU 1/TCG
05:42:47     1000         -   2779512   98.00    0.00    0.00    0.00   98.00    16  |__CPU 2/TCG
05:42:47     1000         -   2779513    0.00    0.00    0.00    0.00    0.00     6  |__CPU 3/TCG
05:42:48     1000   2779487         -  202.00    2.00    0.00    0.00  204.00     3  qemu-system-aar
05:42:48     1000         -   2779487    1.00    2.00    0.00    0.00    3.00     3  |__qemu-system-aar
05:42:48     1000         -   2779495    0.00    0.00    0.00    0.00    0.00     8  |__call_rcu
05:42:48     1000         -   2779496    0.00    0.00    0.00    0.00    0.00    14  |__worker
05:42:48     1000         -   2779510  100.00    0.00    0.00    0.00  100.00    20  |__CPU 0/TCG
05:42:48     1000         -   2779511    1.00    0.00    0.00    0.00    1.00     6  |__CPU 1/TCG
05:42:48     1000         -   2779512  100.00    1.00    0.00    0.00  101.00     0  |__CPU 2/TCG
05:42:48     1000         -   2779513    0.00    0.00    0.00    0.00    0.00     6  |__CPU 3/TCG
05:42:49     1000   2779487         -  198.00    4.00    0.00    0.00  202.00    20  qemu-system-aar
05:42:49     1000         -   2779487    2.00    3.00    0.00    0.00    5.00    20  |__qemu-system-aar
05:42:49     1000         -   2779495    0.00    0.00    0.00    0.00    0.00     8  |__call_rcu
05:42:49     1000         -   2779496    0.00    0.00    0.00    0.00    0.00    14  |__worker
05:42:49     1000         -   2779510   96.00    1.00    0.00    0.00   97.00     4  |__CPU 0/TCG
05:42:49     1000         -   2779511    1.00    0.00    0.00    0.00    1.00     6  |__CPU 1/TCG
05:42:49     1000         -   2779512   98.00    1.00    0.00    0.00   99.00     0  |__CPU 2/TCG
05:42:49     1000         -   2779513    0.00    0.00    0.00    0.00    0.00     6  |__CPU 3/TCG
05:42:50     1000   2779487         -  196.00    6.00    0.00    0.00  202.00     1  qemu-system-aar
05:42:50     1000         -   2779487    1.00    4.00    0.00    0.00    5.00     1  |__qemu-system-aar
05:42:50     1000         -   2779495    0.00    0.00    0.00    0.00    0.00     8  |__call_rcu
05:42:50     1000         -   2779496    0.00    0.00    0.00    0.00    0.00    14  |__worker
05:42:50     1000         -   2779510   96.00    2.00    0.00    0.00   98.00    20  |__CPU 0/TCG
05:42:50     1000         -   2779511    0.00    0.00    0.00    0.00    0.00    21  |__CPU 1/TCG
05:42:50     1000         -   2779512   98.00    2.00    0.00    0.00  100.00    16  |__CPU 2/TCG
05:42:50     1000         -   2779513    0.00    0.00    0.00    0.00    0.00     6  |__CPU 3/TCG
05:42:51     1000   2779487         -  195.00    6.00    0.00    0.00  201.00     1  qemu-system-aar
05:42:51     1000         -   2779487    2.00    2.00    0.00    0.00    4.00     1  |__qemu-system-aar
05:42:51     1000         -   2779495    0.00    0.00    0.00    0.00    0.00     8  |__call_rcu
05:42:51     1000         -   2779496    0.00    0.00    0.00    0.00    0.00    14  |__worker
05:42:51     1000         -   2779510   95.00    1.00    0.00    0.00   96.00    20  |__CPU 0/TCG
05:42:51     1000         -   2779511    1.00    0.00    0.00    0.00    1.00    14  |__CPU 1/TCG
05:42:51     1000         -   2779512   98.00    2.00    0.00    0.00  100.00    16  |__CPU 2/TCG
05:42:51     1000         -   2779513    0.00    0.00    0.00    0.00    0.00     6  |__CPU 3/TCG
05:42:52     1000   2779487         -  198.00    3.00    0.00    0.00  201.00    18  qemu-system-aar
05:42:52     1000         -   2779487    1.00    2.00    0.00    0.00    3.00    18  |__qemu-system-aar
05:42:52     1000         -   2779495    0.00    0.00    0.00    0.00    0.00     8  |__call_rcu
05:42:52     1000         -   2779496    0.00    0.00    0.00    0.00    0.00    14  |__worker
05:42:52     1000         -   2779510   96.00    2.00    0.00    0.00   98.00    20  |__CPU 0/TCG
05:42:52     1000         -   2779511    0.00    0.00    0.00    0.00    0.00    17  |__CPU 1/TCG
05:42:52     1000         -   2779512   98.00    1.00    0.00    0.00   99.00    16  |__CPU 2/TCG
05:42:52     1000         -   2779513    0.00    0.00    0.00    0.00    0.00     6  |__CPU 3/TCG
05:42:53     1000   2779487         -  200.00    3.00    0.00    0.00  203.00    18  qemu-system-aar
05:42:53     1000         -   2779487    1.00    2.00    0.00    0.00    3.00    18  |__qemu-system-aar
05:42:53     1000         -   2779495    0.00    0.00    0.00    0.00    0.00     8  |__call_rcu
05:42:53     1000         -   2779510   99.00    0.00    0.00    0.00   99.00    20  |__CPU 0/TCG
05:42:53     1000         -   2779511    1.00    0.00    0.00    0.00    1.00    17  |__CPU 1/TCG
05:42:53     1000         -   2779512   98.00    1.00    0.00    0.00   99.00     0  |__CPU 2/TCG
05:42:53     1000         -   2779513    0.00    0.00    0.00    0.00    0.00     6  |__CPU 3/TCG
05:42:54     1000   2779487         -  199.00    5.00    0.00    0.00  204.00    17  qemu-system-aar
05:42:54     1000         -   2779487    2.00    3.00    0.00    0.00    5.00    17  |__qemu-system-aar
05:42:54     1000         -   2779495    0.00    0.00    0.00    0.00    0.00     8  |__call_rcu
05:42:54     1000         -   2779510   98.00    1.00    0.00    0.00   99.00    20  |__CPU 0/TCG
05:42:54     1000         -   2779511    0.00    0.00    0.00    0.00    0.00    19  |__CPU 1/TCG
05:42:54     1000         -   2779512   97.00    3.00    0.00    0.00  100.00    16  |__CPU 2/TCG
05:42:54     1000         -   2779513    0.00    0.00    0.00    0.00    0.00     6  |__CPU 3/TCG
05:42:55     1000   2779487         -  200.00    2.00    0.00    0.00  202.00    23  qemu-system-aar
05:42:55     1000         -   2779487    1.00    3.00    0.00    0.00    4.00    23  |__qemu-system-aar
05:42:55     1000         -   2779495    0.00    0.00    0.00    0.00    0.00     8  |__call_rcu
05:42:55     1000         -   2779510   99.00    1.00    0.00    0.00  100.00    20  |__CPU 0/TCG
05:42:55     1000         -   2779511    1.00    0.00    0.00    0.00    1.00    17  |__CPU 1/TCG
05:42:55     1000         -   2779512   99.00    1.00    0.00    0.00  100.00    16  |__CPU 2/TCG
05:42:55     1000         -   2779513    0.00    0.00    0.00    0.00    0.00     6  |__CPU 3/TCG
05:42:56     1000   2779487         -  201.00    2.00    0.00    0.00  203.00    22  qemu-system-aar
05:42:56     1000         -   2779487    1.00    2.00    0.00    0.00    3.00    22  |__qemu-system-aar
05:42:56     1000         -   2779495    0.00    0.00    0.00    0.00    0.00     8  |__call_rcu
05:42:56     1000         -   2779510   99.00    0.00    0.00    0.00   99.00    20  |__CPU 0/TCG
05:42:56     1000         -   2779511    0.00    0.00    0.00    0.00    0.00    17  |__CPU 1/TCG
05:42:56     1000         -   2779512   99.00    0.00    0.00    0.00   99.00    16  |__CPU 2/TCG
05:42:56     1000         -   2779513    0.00    0.00    0.00    0.00    0.00     6  |__CPU 3/TCG
05:42:57     1000   2779487         -  200.00    3.00    0.00    0.00  203.00    21  qemu-system-aar
05:42:57     1000         -   2779487    1.00    2.00    0.00    0.00    3.00    21  |__qemu-system-aar
05:42:57     1000         -   2779495    0.00    0.00    0.00    0.00    0.00     8  |__call_rcu
05:42:57     1000         -   2779510   99.00    0.00    0.00    0.00   99.00    20  |__CPU 0/TCG
05:42:57     1000         -   2779511    1.00    0.00    0.00    0.00    1.00    17  |__CPU 1/TCG
05:42:57     1000         -   2779512   99.00    1.00    0.00    0.00  100.00    16  |__CPU 2/TCG
05:42:57     1000         -   2779513    0.00    0.00    0.00    0.00    0.00     6  |__CPU 3/TCG
05:42:58     1000   2779487         -  201.00    2.00    0.00    0.00  203.00    23  qemu-system-aar
05:42:58     1000         -   2779487    1.00    2.00    0.00    0.00    3.00    23  |__qemu-system-aar
05:42:58     1000         -   2779495    0.00    0.00    0.00    0.00    0.00     8  |__call_rcu
05:42:58     1000         -   2779510   99.00    0.00    0.00    0.00   99.00    20  |__CPU 0/TCG
05:42:58     1000         -   2779511    0.00    0.00    0.00    0.00    0.00    17  |__CPU 1/TCG
05:42:58     1000         -   2779512   99.00    1.00    0.00    0.00  100.00    16  |__CPU 2/TCG
05:42:58     1000         -   2779513    0.00    0.00    0.00    0.00    0.00     6  |__CPU 3/TCG
05:42:59     1000   2779487         -  201.00    2.00    0.00    0.00  203.00     6  qemu-system-aar
05:42:59     1000         -   2779487    1.00    2.00    0.00    0.00    3.00     6  |__qemu-system-aar
05:42:59     1000         -   2779495    0.00    0.00    0.00    0.00    0.00     8  |__call_rcu
05:42:59     1000         -   2779510   99.00    1.00    0.00    0.00  100.00    20  |__CPU 0/TCG
05:42:59     1000         -   2779511    1.00    0.00    0.00    0.00    1.00    19  |__CPU 1/TCG
05:42:59     1000         -   2779512   99.00    1.00    0.00    0.00  100.00    16  |__CPU 2/TCG
05:42:59     1000         -   2779513    0.00    0.00    0.00    0.00    0.00     6  |__CPU 3/TCG
05:43:00     1000   2779487         -  200.00    2.00    0.00    0.00  202.00     7  qemu-system-aar
05:43:00     1000         -   2779487    1.00    3.00    0.00    0.00    4.00     7  |__qemu-system-aar
05:43:00     1000         -   2779495    0.00    0.00    0.00    0.00    0.00     8  |__call_rcu
05:43:00     1000         -   2779510   99.00    0.00    0.00    0.00   99.00    20  |__CPU 0/TCG
05:43:00     1000         -   2779511    0.00    0.00    0.00    0.00    0.00    19  |__CPU 1/TCG
05:43:00     1000         -   2779512   98.00    1.00    0.00    0.00   99.00    16  |__CPU 2/TCG
05:43:00     1000         -   2779513    0.00    0.00    0.00    0.00    0.00     6  |__CPU 3/TCG
05:43:01     1000   2779487         -  200.00    3.00    0.00    0.00  203.00    21  qemu-system-aar
05:43:01     1000         -   2779487    1.00    2.00    0.00    0.00    3.00    21  |__qemu-system-aar
05:43:01     1000         -   2779495    0.00    0.00    0.00    0.00    0.00     8  |__call_rcu
05:43:01     1000         -   2779510   99.00    1.00    0.00    0.00  100.00     4  |__CPU 0/TCG
05:43:01     1000         -   2779511    1.00    0.00    0.00    0.00    1.00    17  |__CPU 1/TCG
05:43:01     1000         -   2779512   99.00    1.00    0.00    0.00  100.00    16  |__CPU 2/TCG
05:43:01     1000         -   2779513    0.00    0.00    0.00    0.00    0.00     6  |__CPU 3/TCG
05:43:02     1000   2779487         -  200.00    4.00    0.00    0.00  204.00    21  qemu-system-aar
05:43:02     1000         -   2779487    1.00    3.00    0.00    0.00    4.00    21  |__qemu-system-aar
05:43:02     1000         -   2779495    0.00    0.00    0.00    0.00    0.00     8  |__call_rcu
05:43:02     1000         -   2779510   99.00    0.00    0.00    0.00   99.00    20  |__CPU 0/TCG
05:43:02     1000         -   2779511    0.00    1.00    0.00    0.00    1.00    18  |__CPU 1/TCG
05:43:02     1000         -   2779512   98.00    1.00    0.00    0.00   99.00     0  |__CPU 2/TCG
05:43:02     1000         -   2779513    0.00    0.00    0.00    0.00    0.00     6  |__CPU 3/TCG
05:43:03     1000   2779487         -  200.00    2.00    0.00    0.00  202.00    18  qemu-system-aar
05:43:03     1000         -   2779487    1.00    2.00    0.00    0.00    3.00    18  |__qemu-system-aar
05:43:03     1000         -   2779495    0.00    0.00    0.00    0.00    0.00     8  |__call_rcu
05:43:03     1000         -   2779510   99.00    0.00    0.00    0.00   99.00    20  |__CPU 0/TCG
05:43:03     1000         -   2779511    1.00    0.00    0.00    0.00    1.00    19  |__CPU 1/TCG
05:43:03     1000         -   2779512   99.00    1.00    0.00    0.00  100.00    16  |__CPU 2/TCG
05:43:03     1000         -   2779513    0.00    0.00    0.00    0.00    0.00     6  |__CPU 3/TCG
05:43:04     1000   2779487         -  200.00    3.00    0.00    0.00  203.00    17  qemu-system-aar
05:43:04     1000         -   2779487    1.00    3.00    0.00    0.00    4.00    17  |__qemu-system-aar
05:43:04     1000         -   2779495    0.00    0.00    0.00    0.00    0.00     8  |__call_rcu
05:43:04     1000         -   2779510   99.00    1.00    0.00    0.00  100.00    20  |__CPU 0/TCG
05:43:04     1000         -   2779511    0.00    0.00    0.00    0.00    0.00    19  |__CPU 1/TCG
05:43:04     1000         -   2779512   99.00    1.00    0.00    0.00  100.00     0  |__CPU 2/TCG
05:43:04     1000         -   2779513    0.00    0.00    0.00    0.00    0.00     6  |__CPU 3/TCG
05:43:05     1000   2779487         -  200.00    3.00    0.00    0.00  203.00    18  qemu-system-aar
05:43:05     1000         -   2779487    1.00    2.00    0.00    0.00    3.00    18  |__qemu-system-aar
05:43:05     1000         -   2779495    0.00    0.00    0.00    0.00    0.00     8  |__call_rcu
05:43:05     1000         -   2779510   99.00    0.00    0.00    0.00   99.00    20  |__CPU 0/TCG
05:43:05     1000         -   2779511    1.00    0.00    0.00    0.00    1.00    17  |__CPU 1/TCG
05:43:05     1000         -   2779512   98.00    1.00    0.00    0.00   99.00    16  |__CPU 2/TCG
05:43:05     1000         -   2779513    0.00    0.00    0.00    0.00    0.00     6  |__CPU 3/TCG
05:43:06     1000   2779487         -  200.00    3.00    0.00    0.00  203.00     6  qemu-system-aar
05:43:06     1000         -   2779487    1.00    2.00    0.00    0.00    3.00     6  |__qemu-system-aar
05:43:06     1000         -   2779495    0.00    0.00    0.00    0.00    0.00     8  |__call_rcu
05:43:06     1000         -   2779510   99.00    1.00    0.00    0.00  100.00    20  |__CPU 0/TCG
05:43:06     1000         -   2779511    0.00    0.00    0.00    0.00    0.00    17  |__CPU 1/TCG
05:43:06     1000         -   2779512   99.00    1.00    0.00    0.00  100.00    16  |__CPU 2/TCG
05:43:06     1000         -   2779513    0.00    0.00    0.00    0.00    0.00     6  |__CPU 3/TCG
05:43:07     1000   2779487         -  201.00    2.00    0.00    0.00  203.00     6  qemu-system-aar
05:43:07     1000         -   2779487    1.00    2.00    0.00    0.00    3.00     6  |__qemu-system-aar
05:43:07     1000         -   2779495    0.00    0.00    0.00    0.00    0.00     8  |__call_rcu
05:43:07     1000         -   2779510   99.00    0.00    0.00    0.00   99.00    20  |__CPU 0/TCG
05:43:07     1000         -   2779511    1.00    0.00    0.00    0.00    1.00    17  |__CPU 1/TCG
05:43:07     1000         -   2779512   99.00    1.00    0.00    0.00  100.00    16  |__CPU 2/TCG
05:43:07     1000         -   2779513    0.00    0.00    0.00    0.00    0.00     6  |__CPU 3/TCG
05:43:08     1000   2779487         -  200.00    2.00    0.00    0.00  202.00     5  qemu-system-aar
05:43:08     1000         -   2779487    2.00    2.00    0.00    0.00    4.00     5  |__qemu-system-aar
05:43:08     1000         -   2779495    0.00    0.00    0.00    0.00    0.00     8  |__call_rcu
05:43:08     1000         -   2779510   98.00    1.00    0.00    0.00   99.00    20  |__CPU 0/TCG
05:43:08     1000         -   2779511    0.00    0.00    0.00    0.00    0.00    23  |__CPU 1/TCG
05:43:08     1000         -   2779512   98.00    1.00    0.00    0.00   99.00     0  |__CPU 2/TCG
05:43:08     1000         -   2779513    0.00    0.00    0.00    0.00    0.00     6  |__CPU 3/TCG
05:43:09     1000   2779487         -  200.00    3.00    0.00    0.00  203.00     6  qemu-system-aar
05:43:09     1000         -   2779487    1.00    3.00    0.00    0.00    4.00     6  |__qemu-system-aar
05:43:09     1000         -   2779495    0.00    0.00    0.00    0.00    0.00     8  |__call_rcu
05:43:09     1000         -   2779510  100.00    0.00    0.00    0.00  100.00    20  |__CPU 0/TCG
05:43:09     1000         -   2779511    0.00    0.00    0.00    0.00    0.00    23  |__CPU 1/TCG
05:43:09     1000         -   2779512   99.00    1.00    0.00    0.00  100.00     0  |__CPU 2/TCG
05:43:09     1000         -   2779513    0.00    0.00    0.00    0.00    0.00     6  |__CPU 3/TCG
05:43:10     1000   2779487         -  201.00    3.00    0.00    0.00  204.00     3  qemu-system-aar
05:43:10     1000         -   2779487    2.00    1.00    0.00    0.00    3.00     3  |__qemu-system-aar
05:43:10     1000         -   2779495    0.00    0.00    0.00    0.00    0.00     8  |__call_rcu
05:43:10     1000         -   2779510   99.00    0.00    0.00    0.00   99.00    20  |__CPU 0/TCG
05:43:10     1000         -   2779511    1.00    0.00    0.00    0.00    1.00    23  |__CPU 1/TCG
05:43:10     1000         -   2779512   98.00    1.00    0.00    0.00   99.00     0  |__CPU 2/TCG
05:43:10     1000         -   2779513    0.00    0.00    0.00    0.00    0.00     6  |__CPU 3/TCG
05:43:11     1000   2779487         -  201.00    2.00    0.00    0.00  203.00     6  qemu-system-aar
05:43:11     1000         -   2779487    1.00    2.00    0.00    0.00    3.00     6  |__qemu-system-aar
05:43:11     1000         -   2779495    0.00    0.00    0.00    0.00    0.00     8  |__call_rcu
05:43:11     1000         -   2779510   98.00    1.00    0.00    0.00   99.00    20  |__CPU 0/TCG
05:43:11     1000         -   2779511    1.00    0.00    0.00    0.00    1.00    23  |__CPU 1/TCG
05:43:11     1000         -   2779512   99.00    0.00    0.00    0.00   99.00     0  |__CPU 2/TCG
05:43:11     1000         -   2779513    0.00    0.00    0.00    0.00    0.00     6  |__CPU 3/TCG
05:43:12     1000   2779487         -  200.00    2.00    0.00    0.00  202.00     6  qemu-system-aar
05:43:12     1000         -   2779487    1.00    3.00    0.00    0.00    4.00     6  |__qemu-system-aar
05:43:12     1000         -   2779495    0.00    0.00    0.00    0.00    0.00     8  |__call_rcu
05:43:12     1000         -   2779510   99.00    0.00    0.00    0.00   99.00    20  |__CPU 0/TCG
05:43:12     1000         -   2779511    0.00    0.00    0.00    0.00    0.00    23  |__CPU 1/TCG
05:43:12     1000         -   2779512  100.00    1.00    0.00    0.00  101.00     0  |__CPU 2/TCG
05:43:12     1000         -   2779513    0.00    0.00    0.00    0.00    0.00     6  |__CPU 3/TCG
05:43:13     1000   2779487         -  200.00    2.00    0.00    0.00  202.00     6  qemu-system-aar
05:43:13     1000         -   2779487    1.00    2.00    0.00    0.00    3.00     6  |__qemu-system-aar
05:43:13     1000         -   2779495    0.00    0.00    0.00    0.00    0.00     8  |__call_rcu
05:43:13     1000         -   2779510  100.00    0.00    0.00    0.00  100.00     4  |__CPU 0/TCG
05:43:13     1000         -   2779511    0.00    0.00    0.00    0.00    0.00    23  |__CPU 1/TCG
05:43:13     1000         -   2779512   98.00    1.00    0.00    0.00   99.00     0  |__CPU 2/TCG
05:43:13     1000         -   2779513    0.00    0.00    0.00    0.00    0.00     6  |__CPU 3/TCG
05:43:14     1000   2779487         -  201.00    3.00    0.00    0.00  204.00    20  qemu-system-aar
05:43:14     1000         -   2779487    2.00    3.00    0.00    0.00    5.00    20  |__qemu-system-aar
05:43:14     1000         -   2779495    0.00    0.00    0.00    0.00    0.00     8  |__call_rcu
05:43:14     1000         -   2779510   98.00    1.00    0.00    0.00   99.00     4  |__CPU 0/TCG
05:43:14     1000         -   2779511    1.00    0.00    0.00    0.00    1.00    23  |__CPU 1/TCG
05:43:14     1000         -   2779512   99.00    1.00    0.00    0.00  100.00    16  |__CPU 2/TCG
05:43:14     1000         -   2779513    0.00    0.00    0.00    0.00    0.00     6  |__CPU 3/TCG
05:43:15     1000   2779487         -  201.00    3.00    0.00    0.00  204.00    20  qemu-system-aar
05:43:15     1000         -   2779487    2.00    2.00    0.00    0.00    4.00    20  |__qemu-system-aar
05:43:15     1000         -   2779495    0.00    0.00    0.00    0.00    0.00     8  |__call_rcu
05:43:15     1000         -   2779510   99.00    0.00    0.00    0.00   99.00     4  |__CPU 0/TCG
05:43:15     1000         -   2779511    0.00    0.00    0.00    0.00    0.00    23  |__CPU 1/TCG
05:43:15     1000         -   2779512   98.00    1.00    0.00    0.00   99.00    16  |__CPU 2/TCG
05:43:15     1000         -   2779513    0.00    0.00    0.00    0.00    0.00     6  |__CPU 3/TCG
05:43:16     1000   2779487         -  201.00    3.00    0.00    0.00  204.00     6  qemu-system-aar
05:43:16     1000         -   2779487    2.00    2.00    0.00    0.00    4.00     6  |__qemu-system-aar
05:43:16     1000         -   2779495    0.00    0.00    0.00    0.00    0.00     8  |__call_rcu
05:43:16     1000         -   2779510   99.00    1.00    0.00    0.00  100.00    20  |__CPU 0/TCG
05:43:16     1000         -   2779511    1.00    0.00    0.00    0.00    1.00    17  |__CPU 1/TCG
05:43:16     1000         -   2779512   99.00    0.00    0.00    0.00   99.00    16  |__CPU 2/TCG
05:43:16     1000         -   2779513    0.00    0.00    0.00    0.00    0.00     6  |__CPU 3/TCG
05:43:17     1000   2779487         -  201.00    2.00    0.00    0.00  203.00     7  qemu-system-aar
05:43:17     1000         -   2779487    1.00    2.00    0.00    0.00    3.00     7  |__qemu-system-aar
05:43:17     1000         -   2779495    0.00    0.00    0.00    0.00    0.00     8  |__call_rcu
05:43:17     1000         -   2779510   99.00    0.00    0.00    0.00   99.00    20  |__CPU 0/TCG
05:43:17     1000         -   2779511    0.00    0.00    0.00    0.00    0.00    17  |__CPU 1/TCG
05:43:17     1000         -   2779512   99.00    2.00    0.00    0.00  101.00    16  |__CPU 2/TCG
05:43:17     1000         -   2779513    0.00    0.00    0.00    0.00    0.00     6  |__CPU 3/TCG
05:43:18     1000   2779487         -  200.00    3.00    0.00    0.00  203.00     5  qemu-system-aar
05:43:18     1000         -   2779487    2.00    2.00    0.00    0.00    4.00     5  |__qemu-system-aar
05:43:18     1000         -   2779495    0.00    0.00    0.00    0.00    0.00     8  |__call_rcu
05:43:18     1000         -   2779510   99.00    1.00    0.00    0.00  100.00    20  |__CPU 0/TCG
05:43:18     1000         -   2779511    1.00    0.00    0.00    0.00    1.00    17  |__CPU 1/TCG
05:43:18     1000         -   2779512   98.00    1.00    0.00    0.00   99.00    16  |__CPU 2/TCG
05:43:18     1000         -   2779513    0.00    0.00    0.00    0.00    0.00     6  |__CPU 3/TCG
05:43:19     1000   2779487         -  199.00    4.00    0.00    0.00  203.00     6  qemu-system-aar
05:43:19     1000         -   2779487    0.00    3.00    0.00    0.00    3.00     6  |__qemu-system-aar
05:43:19     1000         -   2779495    0.00    0.00    0.00    0.00    0.00     8  |__call_rcu
05:43:19     1000         -   2779510   99.00    0.00    0.00    0.00   99.00    20  |__CPU 0/TCG
05:43:19     1000         -   2779511    0.00    0.00    0.00    0.00    0.00    17  |__CPU 1/TCG
05:43:19     1000         -   2779512   98.00    1.00    0.00    0.00   99.00    16  |__CPU 2/TCG
05:43:19     1000         -   2779513    0.00    0.00    0.00    0.00    0.00     6  |__CPU 3/TCG
05:43:20     1000   2779487         -  199.00    3.00    0.00    0.00  202.00    18  qemu-system-aar
05:43:20     1000         -   2779487    1.00    2.00    0.00    0.00    3.00    18  |__qemu-system-aar
05:43:20     1000         -   2779495    0.00    0.00    0.00    0.00    0.00     8  |__call_rcu
05:43:20     1000         -   2779510   99.00    1.00    0.00    0.00  100.00     4  |__CPU 0/TCG
05:43:20     1000         -   2779511    1.00    0.00    0.00    0.00    1.00    17  |__CPU 1/TCG
05:43:20     1000         -   2779512   99.00    2.00    0.00    0.00  101.00    16  |__CPU 2/TCG
05:43:20     1000         -   2779513    0.00    0.00    0.00    0.00    0.00     6  |__CPU 3/TCG
05:43:21     1000   2779487         -  200.00    3.00    0.00    0.00  203.00    22  qemu-system-aar
05:43:21     1000         -   2779487    1.00    2.00    0.00    0.00    3.00    22  |__qemu-system-aar
05:43:21     1000         -   2779495    0.00    0.00    0.00    0.00    0.00     8  |__call_rcu
05:43:21     1000         -   2779510   99.00    0.00    0.00    0.00   99.00     4  |__CPU 0/TCG
05:43:21     1000         -   2779511    1.00    0.00    0.00    0.00    1.00    17  |__CPU 1/TCG
05:43:21     1000         -   2779512   98.00    1.00    0.00    0.00   99.00    16  |__CPU 2/TCG
05:43:21     1000         -   2779513    0.00    0.00    0.00    0.00    0.00     6  |__CPU 3/TCG
05:43:22     1000   2779487         -  200.00    3.00    0.00    0.00  203.00    22  qemu-system-aar
05:43:22     1000         -   2779487    1.00    3.00    0.00    0.00    4.00    22  |__qemu-system-aar
05:43:22     1000         -   2779495    0.00    0.00    0.00    0.00    0.00     8  |__call_rcu
05:43:22     1000         -   2779510   98.00    1.00    0.00    0.00   99.00    20  |__CPU 0/TCG
05:43:22     1000         -   2779511    0.00    0.00    0.00    0.00    0.00    17  |__CPU 1/TCG
05:43:22     1000         -   2779512   99.00    1.00    0.00    0.00  100.00    16  |__CPU 2/TCG
05:43:22     1000         -   2779513    0.00    0.00    0.00    0.00    0.00     6  |__CPU 3/TCG
05:43:23     1000   2779487         -  199.00    4.00    0.00    0.00  203.00     2  qemu-system-aar
05:43:23     1000         -   2779487    1.00    2.00    0.00    0.00    3.00     2  |__qemu-system-aar
05:43:23     1000         -   2779495    0.00    0.00    0.00    0.00    0.00     8  |__call_rcu
05:43:23     1000         -   2779510   98.00    1.00    0.00    0.00   99.00    20  |__CPU 0/TCG
05:43:23     1000         -   2779511    1.00    0.00    0.00    0.00    1.00    17  |__CPU 1/TCG
05:43:23     1000         -   2779512   98.00    1.00    0.00    0.00   99.00     0  |__CPU 2/TCG
05:43:23     1000         -   2779513    0.00    0.00    0.00    0.00    0.00     6  |__CPU 3/TCG
05:43:24     1000   2779487         -  199.00    4.00    0.00    0.00  203.00     5  qemu-system-aar
05:43:24     1000         -   2779487    1.00    3.00    0.00    0.00    4.00     5  |__qemu-system-aar
05:43:24     1000         -   2779495    0.00    0.00    0.00    0.00    0.00     8  |__call_rcu
05:43:24     1000         -   2779510   99.00    0.00    0.00    0.00   99.00    20  |__CPU 0/TCG
05:43:24     1000         -   2779511    0.00    0.00    0.00    0.00    0.00    17  |__CPU 1/TCG
05:43:24     1000         -   2779512   98.00    2.00    0.00    0.00  100.00    16  |__CPU 2/TCG
05:43:24     1000         -   2779513    0.00    0.00    0.00    0.00    0.00     6  |__CPU 3/TCG
05:43:25     1000   2779487         -  199.00    4.00    0.00    0.00  203.00     2  qemu-system-aar
05:43:25     1000         -   2779487    0.00    3.00    0.00    0.00    3.00     2  |__qemu-system-aar
05:43:25     1000         -   2779495    0.00    0.00    0.00    0.00    0.00     8  |__call_rcu
05:43:25     1000         -   2779510   99.00    1.00    0.00    0.00  100.00    20  |__CPU 0/TCG
05:43:25     1000         -   2779511    1.00    0.00    0.00    0.00    1.00    19  |__CPU 1/TCG
05:43:25     1000         -   2779512   99.00    1.00    0.00    0.00  100.00    16  |__CPU 2/TCG
05:43:25     1000         -   2779513    0.00    0.00    0.00    0.00    0.00     6  |__CPU 3/TCG
05:43:26     1000   2779487         -  200.00    3.00    0.00    0.00  203.00     5  qemu-system-aar
05:43:26     1000         -   2779487    2.00    1.00    0.00    0.00    3.00     5  |__qemu-system-aar
05:43:26     1000         -   2779495    0.00    0.00    0.00    0.00    0.00     8  |__call_rcu
05:43:26     1000         -   2779510   98.00    1.00    0.00    0.00   99.00    20  |__CPU 0/TCG
05:43:26     1000         -   2779511    0.00    0.00    0.00    0.00    0.00    19  |__CPU 1/TCG
05:43:26     1000         -   2779512   99.00    0.00    0.00    0.00   99.00    16  |__CPU 2/TCG
05:43:26     1000         -   2779513    0.00    0.00    0.00    0.00    0.00     6  |__CPU 3/TCG
05:43:27     1000   2779487         -  200.00    2.00    0.00    0.00  202.00     7  qemu-system-aar
05:43:27     1000         -   2779487    1.00    3.00    0.00    0.00    4.00     7  |__qemu-system-aar
05:43:27     1000         -   2779495    0.00    0.00    0.00    0.00    0.00     8  |__call_rcu
05:43:27     1000         -   2779510   99.00    0.00    0.00    0.00   99.00     4  |__CPU 0/TCG
05:43:27     1000         -   2779511    0.00    0.00    0.00    0.00    0.00    17  |__CPU 1/TCG
05:43:27     1000         -   2779512   98.00    2.00    0.00    0.00  100.00    16  |__CPU 2/TCG
05:43:27     1000         -   2779513    0.00    0.00    0.00    0.00    0.00     6  |__CPU 3/TCG
05:43:28     1000   2779487         -  201.00    2.00    0.00    0.00  203.00    22  qemu-system-aar
05:43:28     1000         -   2779487    1.00    2.00    0.00    0.00    3.00    22  |__qemu-system-aar
05:43:28     1000         -   2779495    0.00    0.00    0.00    0.00    0.00     8  |__call_rcu
05:43:28     1000         -   2779510  100.00    0.00    0.00    0.00  100.00     4  |__CPU 0/TCG
05:43:28     1000         -   2779511    1.00    0.00    0.00    0.00    1.00    19  |__CPU 1/TCG
05:43:28     1000         -   2779512   99.00    1.00    0.00    0.00  100.00    16  |__CPU 2/TCG
05:43:28     1000         -   2779513    0.00    0.00    0.00    0.00    0.00     6  |__CPU 3/TCG
05:43:29     1000   2779487         -  200.00    3.00    0.00    0.00  203.00    21  qemu-system-aar
05:43:29     1000         -   2779487    2.00    2.00    0.00    0.00    4.00    21  |__qemu-system-aar
05:43:29     1000         -   2779495    0.00    0.00    0.00    0.00    0.00     8  |__call_rcu
05:43:29     1000         -   2779510   99.00    1.00    0.00    0.00  100.00     4  |__CPU 0/TCG
05:43:29     1000         -   2779511    0.00    0.00    0.00    0.00    0.00     1  |__CPU 1/TCG
05:43:29     1000         -   2779512   98.00    1.00    0.00    0.00   99.00    16  |__CPU 2/TCG
05:43:29     1000         -   2779513    0.00    0.00    0.00    0.00    0.00     6  |__CPU 3/TCG
05:43:30     1000   2779487         -  200.00    3.00    0.00    0.00  203.00    22  qemu-system-aar
05:43:30     1000         -   2779487    1.00    2.00    0.00    0.00    3.00    22  |__qemu-system-aar
05:43:30     1000         -   2779495    0.00    0.00    0.00    0.00    0.00     8  |__call_rcu
05:43:30     1000         -   2779510   99.00    0.00    0.00    0.00   99.00    20  |__CPU 0/TCG
05:43:30     1000         -   2779511    1.00    0.00    0.00    0.00    1.00    17  |__CPU 1/TCG
05:43:30     1000         -   2779512   99.00    1.00    0.00    0.00  100.00    16  |__CPU 2/TCG
05:43:30     1000         -   2779513    0.00    0.00    0.00    0.00    0.00     6  |__CPU 3/TCG
05:43:31     1000   2779487         -  200.00    2.00    0.00    0.00  202.00    21  qemu-system-aar
05:43:31     1000         -   2779487    1.00    2.00    0.00    0.00    3.00    21  |__qemu-system-aar
05:43:31     1000         -   2779495    0.00    0.00    0.00    0.00    0.00     8  |__call_rcu
05:43:31     1000         -   2779510   99.00    1.00    0.00    0.00  100.00    20  |__CPU 0/TCG
05:43:31     1000         -   2779511    0.00    0.00    0.00    0.00    0.00    17  |__CPU 1/TCG
05:43:31     1000         -   2779512   98.00    1.00    0.00    0.00   99.00    16  |__CPU 2/TCG
05:43:31     1000         -   2779513    0.00    0.00    0.00    0.00    0.00     6  |__CPU 3/TCG
05:43:32     1000   2779487         -  201.00    2.00    0.00    0.00  203.00    22  qemu-system-aar
05:43:32     1000         -   2779487    2.00    1.00    0.00    0.00    3.00    22  |__qemu-system-aar
05:43:32     1000         -   2779495    0.00    0.00    0.00    0.00    0.00     8  |__call_rcu
05:43:32     1000         -   2779510   99.00    0.00    0.00    0.00   99.00    20  |__CPU 0/TCG
05:43:32     1000         -   2779511    1.00    0.00    0.00    0.00    1.00    17  |__CPU 1/TCG
05:43:32     1000         -   2779512   99.00    1.00    0.00    0.00  100.00    16  |__CPU 2/TCG
05:43:32     1000         -   2779513    0.00    0.00    0.00    0.00    0.00     6  |__CPU 3/TCG
05:43:33     1000   2779487         -  200.00    3.00    0.00    0.00  203.00    23  qemu-system-aar
05:43:33     1000         -   2779487    1.00    2.00    0.00    0.00    3.00    23  |__qemu-system-aar
05:43:33     1000         -   2779495    0.00    0.00    0.00    0.00    0.00     8  |__call_rcu
05:43:33     1000         -   2779510   99.00    0.00    0.00    0.00   99.00    20  |__CPU 0/TCG
05:43:33     1000         -   2779511    0.00    0.00    0.00    0.00    0.00    17  |__CPU 1/TCG
05:43:33     1000         -   2779512   98.00    2.00    0.00    0.00  100.00    16  |__CPU 2/TCG
05:43:33     1000         -   2779513    0.00    0.00    0.00    0.00    0.00     6  |__CPU 3/TCG
05:43:34     1000   2779487         -  200.00    3.00    0.00    0.00  203.00     1  qemu-system-aar
05:43:34     1000         -   2779487    1.00    3.00    0.00    0.00    4.00     1  |__qemu-system-aar
05:43:34     1000         -   2779495    0.00    0.00    0.00    0.00    0.00     8  |__call_rcu
05:43:34     1000         -   2779510   99.00    1.00    0.00    0.00  100.00    20  |__CPU 0/TCG
05:43:34     1000         -   2779511    1.00    0.00    0.00    0.00    1.00    17  |__CPU 1/TCG
05:43:34     1000         -   2779512   98.00    1.00    0.00    0.00   99.00     0  |__CPU 2/TCG
05:43:34     1000         -   2779513    0.00    0.00    0.00    0.00    0.00     6  |__CPU 3/TCG
05:43:35     1000   2779487         -  199.00    3.00    0.00    0.00  202.00    23  qemu-system-aar
05:43:35     1000         -   2779487    1.00    2.00    0.00    0.00    3.00    23  |__qemu-system-aar
05:43:35     1000         -   2779495    0.00    0.00    0.00    0.00    0.00     8  |__call_rcu
05:43:35     1000         -   2779510   99.00    0.00    0.00    0.00   99.00     4  |__CPU 0/TCG
05:43:35     1000         -   2779511    0.00    0.00    0.00    0.00    0.00    17  |__CPU 1/TCG
05:43:35     1000         -   2779512   99.00    1.00    0.00    0.00  100.00     0  |__CPU 2/TCG
05:43:35     1000         -   2779513    0.00    0.00    0.00    0.00    0.00     6  |__CPU 3/TCG
05:43:36     1000   2779487         -  200.00    3.00    0.00    0.00  203.00     6  qemu-system-aar
05:43:36     1000         -   2779487    1.00    3.00    0.00    0.00    4.00     6  |__qemu-system-aar
05:43:36     1000         -   2779495    0.00    0.00    0.00    0.00    0.00     8  |__call_rcu
05:43:36     1000         -   2779510   99.00    0.00    0.00    0.00   99.00    20  |__CPU 0/TCG
05:43:36     1000         -   2779511    0.00    0.00    0.00    0.00    0.00    17  |__CPU 1/TCG
05:43:36     1000         -   2779512   98.00    2.00    0.00    0.00  100.00    16  |__CPU 2/TCG
05:43:36     1000         -   2779513    0.00    0.00    0.00    0.00    0.00     6  |__CPU 3/TCG
05:43:37     1000   2779487         -  200.00    3.00    0.00    0.00  203.00     5  qemu-system-aar
05:43:37     1000         -   2779487    1.00    2.00    0.00    0.00    3.00     5  |__qemu-system-aar
05:43:37     1000         -   2779495    0.00    0.00    0.00    0.00    0.00     8  |__call_rcu
05:43:37     1000         -   2779510   99.00    1.00    0.00    0.00  100.00    20  |__CPU 0/TCG
05:43:37     1000         -   2779511    1.00    0.00    0.00    0.00    1.00     1  |__CPU 1/TCG
05:43:37     1000         -   2779512   99.00    1.00    0.00    0.00  100.00    16  |__CPU 2/TCG
05:43:37     1000         -   2779513    0.00    0.00    0.00    0.00    0.00     6  |__CPU 3/TCG
05:43:38     1000   2779487         -  201.00    2.00    0.00    0.00  203.00    17  qemu-system-aar
05:43:38     1000         -   2779487    2.00    2.00    0.00    0.00    4.00    17  |__qemu-system-aar
05:43:38     1000         -   2779495    0.00    0.00    0.00    0.00    0.00     8  |__call_rcu
05:43:38     1000         -   2779510   99.00    0.00    0.00    0.00   99.00    20  |__CPU 0/TCG
05:43:38     1000         -   2779511    0.00    0.00    0.00    0.00    0.00     1  |__CPU 1/TCG
05:43:38     1000         -   2779512   98.00    1.00    0.00    0.00   99.00    16  |__CPU 2/TCG
05:43:38     1000         -   2779513    0.00    0.00    0.00    0.00    0.00     6  |__CPU 3/TCG
05:43:39     1000   2779487         -  200.00    3.00    0.00    0.00  203.00     2  qemu-system-aar
05:43:39     1000         -   2779487    2.00    1.00    0.00    0.00    3.00     2  |__qemu-system-aar
05:43:39     1000         -   2779495    0.00    0.00    0.00    0.00    0.00     8  |__call_rcu
05:43:39     1000         -   2779510   98.00    1.00    0.00    0.00   99.00    20  |__CPU 0/TCG
05:43:39     1000         -   2779511    1.00    0.00    0.00    0.00    1.00     1  |__CPU 1/TCG
05:43:39     1000         -   2779512   99.00    1.00    0.00    0.00  100.00    16  |__CPU 2/TCG
05:43:39     1000         -   2779513    0.00    0.00    0.00    0.00    0.00     6  |__CPU 3/TCG
05:43:40     1000   2779487         -  200.00    3.00    0.00    0.00  203.00     6  qemu-system-aar
05:43:40     1000         -   2779487    1.00    3.00    0.00    0.00    4.00     6  |__qemu-system-aar
05:43:40     1000         -   2779495    0.00    0.00    0.00    0.00    0.00     8  |__call_rcu
05:43:40     1000         -   2779510   99.00    0.00    0.00    0.00   99.00    20  |__CPU 0/TCG
05:43:40     1000         -   2779511    0.00    0.00    0.00    0.00    0.00     1  |__CPU 1/TCG
05:43:40     1000         -   2779512   98.00    1.00    0.00    0.00   99.00    16  |__CPU 2/TCG
05:43:40     1000         -   2779513    0.00    0.00    0.00    0.00    0.00     6  |__CPU 3/TCG
05:43:41     1000   2779487         -  200.00    2.00    0.00    0.00  202.00     7  qemu-system-aar
05:43:41     1000         -   2779487    1.00    2.00    0.00    0.00    3.00     7  |__qemu-system-aar
05:43:41     1000         -   2779495    0.00    0.00    0.00    0.00    0.00     8  |__call_rcu
05:43:41     1000         -   2779510   99.00    0.00    0.00    0.00   99.00    20  |__CPU 0/TCG
05:43:41     1000         -   2779511    1.00    0.00    0.00    0.00    1.00     1  |__CPU 1/TCG
05:43:41     1000         -   2779512   99.00    1.00    0.00    0.00  100.00    16  |__CPU 2/TCG
05:43:41     1000         -   2779513    0.00    0.00    0.00    0.00    0.00     6  |__CPU 3/TCG
05:43:42     1000   2779487         -  200.00    3.00    0.00    0.00  203.00     5  qemu-system-aar
05:43:42     1000         -   2779487    1.00    2.00    0.00    0.00    3.00     5  |__qemu-system-aar
05:43:42     1000         -   2779495    0.00    0.00    0.00    0.00    0.00     8  |__call_rcu
05:43:42     1000         -   2779510   99.00    1.00    0.00    0.00  100.00    20  |__CPU 0/TCG
05:43:42     1000         -   2779511    0.00    0.00    0.00    0.00    0.00     1  |__CPU 1/TCG
05:43:42     1000         -   2779512   99.00    1.00    0.00    0.00  100.00    16  |__CPU 2/TCG
05:43:42     1000         -   2779513    0.00    0.00    0.00    0.00    0.00     6  |__CPU 3/TCG
05:43:43     1000   2779487         -  200.00    3.00    0.00    0.00  203.00    21  qemu-system-aar
05:43:43     1000         -   2779487    1.00    2.00    0.00    0.00    3.00    21  |__qemu-system-aar
05:43:43     1000         -   2779495    0.00    0.00    0.00    0.00    0.00     8  |__call_rcu
05:43:43     1000         -   2779510   99.00    0.00    0.00    0.00   99.00    20  |__CPU 0/TCG
05:43:43     1000         -   2779511    0.00    0.00    0.00    0.00    0.00     1  |__CPU 1/TCG
05:43:43     1000         -   2779512   98.00    1.00    0.00    0.00   99.00    16  |__CPU 2/TCG
05:43:43     1000         -   2779513    0.00    0.00    0.00    0.00    0.00     6  |__CPU 3/TCG
05:43:44     1000   2779487         -  200.00    3.00    0.00    0.00  203.00    21  qemu-system-aar
05:43:44     1000         -   2779487    1.00    3.00    0.00    0.00    4.00    21  |__qemu-system-aar
05:43:44     1000         -   2779495    0.00    0.00    0.00    0.00    0.00     8  |__call_rcu
05:43:44     1000         -   2779510   99.00    1.00    0.00    0.00  100.00    20  |__CPU 0/TCG
05:43:44     1000         -   2779511    1.00    0.00    0.00    0.00    1.00    17  |__CPU 1/TCG
05:43:44     1000         -   2779512   98.00    2.00    0.00    0.00  100.00    16  |__CPU 2/TCG
05:43:44     1000         -   2779513    0.00    0.00    0.00    0.00    0.00     6  |__CPU 3/TCG
05:43:45     1000   2779487         -  200.00    3.00    0.00    0.00  203.00    18  qemu-system-aar
05:43:45     1000         -   2779487    1.00    2.00    0.00    0.00    3.00    18  |__qemu-system-aar
05:43:45     1000         -   2779495    0.00    0.00    0.00    0.00    0.00     8  |__call_rcu
05:43:45     1000         -   2779510   99.00    0.00    0.00    0.00   99.00    20  |__CPU 0/TCG
05:43:45     1000         -   2779511    0.00    0.00    0.00    0.00    0.00    17  |__CPU 1/TCG
05:43:45     1000         -   2779512   99.00    1.00    0.00    0.00  100.00    16  |__CPU 2/TCG
05:43:45     1000         -   2779513    0.00    0.00    0.00    0.00    0.00     6  |__CPU 3/TCG
05:43:46     1000   2779487         -  200.00    3.00    0.00    0.00  203.00    23  qemu-system-aar
05:43:46     1000         -   2779487    1.00    2.00    0.00    0.00    3.00    23  |__qemu-system-aar
05:43:46     1000         -   2779495    0.00    0.00    0.00    0.00    0.00     8  |__call_rcu
05:43:46     1000         -   2779510   98.00    1.00    0.00    0.00   99.00    20  |__CPU 0/TCG
05:43:46     1000         -   2779511    1.00    0.00    0.00    0.00    1.00    17  |__CPU 1/TCG
05:43:46     1000         -   2779512   99.00    1.00    0.00    0.00  100.00    16  |__CPU 2/TCG
05:43:46     1000         -   2779513    0.00    0.00    0.00    0.00    0.00     6  |__CPU 3/TCG
05:43:47     1000   2779487         -  200.00    2.00    0.00    0.00  202.00    21  qemu-system-aar
05:43:47     1000         -   2779487    1.00    2.00    0.00    0.00    3.00    21  |__qemu-system-aar
05:43:47     1000         -   2779495    0.00    0.00    0.00    0.00    0.00     8  |__call_rcu
05:43:47     1000         -   2779510   99.00    0.00    0.00    0.00   99.00     4  |__CPU 0/TCG
05:43:47     1000         -   2779511    0.00    0.00    0.00    0.00    0.00     1  |__CPU 1/TCG
05:43:47     1000         -   2779512   98.00    0.00    0.00    0.00   98.00    16  |__CPU 2/TCG
05:43:47     1000         -   2779513    0.00    0.00    0.00    0.00    0.00     6  |__CPU 3/TCG
05:43:48     1000   2779487         -  200.00    3.00    0.00    0.00  203.00    21  qemu-system-aar
05:43:48     1000         -   2779487    1.00    3.00    0.00    0.00    4.00    21  |__qemu-system-aar
05:43:48     1000         -   2779495    0.00    0.00    0.00    0.00    0.00     8  |__call_rcu
05:43:48     1000         -   2779510   99.00    1.00    0.00    0.00  100.00     4  |__CPU 0/TCG
05:43:48     1000         -   2779511    1.00    0.00    0.00    0.00    1.00     1  |__CPU 1/TCG
05:43:48     1000         -   2779512   98.00    2.00    0.00    0.00  100.00    16  |__CPU 2/TCG
05:43:48     1000         -   2779513    0.00    0.00    0.00    0.00    0.00     6  |__CPU 3/TCG
05:43:49     1000   2779487         -  201.00    2.00    0.00    0.00  203.00     7  qemu-system-aar
05:43:49     1000         -   2779487    1.00    2.00    0.00    0.00    3.00     7  |__qemu-system-aar
05:43:49     1000         -   2779495    0.00    0.00    0.00    0.00    0.00     8  |__call_rcu
05:43:49     1000         -   2779510  100.00    0.00    0.00    0.00  100.00    20  |__CPU 0/TCG
05:43:49     1000         -   2779511    0.00    0.00    0.00    0.00    0.00     1  |__CPU 1/TCG
05:43:49     1000         -   2779512  100.00    0.00    0.00    0.00  100.00    16  |__CPU 2/TCG
05:43:49     1000         -   2779513    0.00    0.00    0.00    0.00    0.00     6  |__CPU 3/TCG
05:43:50     1000   2779487         -  201.00    2.00    0.00    0.00  203.00     6  qemu-system-aar
05:43:50     1000         -   2779487    1.00    2.00    0.00    0.00    3.00     6  |__qemu-system-aar
05:43:50     1000         -   2779495    0.00    0.00    0.00    0.00    0.00     8  |__call_rcu
05:43:50     1000         -   2779510   99.00    0.00    0.00    0.00   99.00    20  |__CPU 0/TCG
05:43:50     1000         -   2779511    1.00    0.00    0.00    0.00    1.00    17  |__CPU 1/TCG
05:43:50     1000         -   2779512   98.00    2.00    0.00    0.00  100.00    16  |__CPU 2/TCG
05:43:50     1000         -   2779513    0.00    0.00    0.00    0.00    0.00     6  |__CPU 3/TCG
05:43:51     1000   2779487         -  200.00    3.00    0.00    0.00  203.00     7  qemu-system-aar
05:43:51     1000         -   2779487    2.00    2.00    0.00    0.00    4.00     7  |__qemu-system-aar
05:43:51     1000         -   2779495    0.00    0.00    0.00    0.00    0.00     8  |__call_rcu
05:43:51     1000         -   2779510   99.00    0.00    0.00    0.00   99.00    20  |__CPU 0/TCG
05:43:51     1000         -   2779511    0.00    0.00    0.00    0.00    0.00    17  |__CPU 1/TCG
05:43:51     1000         -   2779512   98.00    1.00    0.00    0.00   99.00    16  |__CPU 2/TCG
05:43:51     1000         -   2779513    0.00    0.00    0.00    0.00    0.00     6  |__CPU 3/TCG
05:43:52     1000   2779487         -  200.00    2.00    0.00    0.00  202.00     6  qemu-system-aar
05:43:52     1000         -   2779487    2.00    2.00    0.00    0.00    4.00     6  |__qemu-system-aar
05:43:52     1000         -   2779495    0.00    0.00    0.00    0.00    0.00     8  |__call_rcu
05:43:52     1000         -   2779510   99.00    0.00    0.00    0.00   99.00    20  |__CPU 0/TCG
05:43:52     1000         -   2779511    1.00    0.00    0.00    0.00    1.00     1  |__CPU 1/TCG
05:43:52     1000         -   2779512   98.00    2.00    0.00    0.00  100.00     0  |__CPU 2/TCG
05:43:52     1000         -   2779513    0.00    0.00    0.00    0.00    0.00     6  |__CPU 3/TCG
05:43:53     1000   2779487         -  199.00    4.00    0.00    0.00  203.00    18  qemu-system-aar
05:43:53     1000         -   2779487    0.00    2.00    0.00    0.00    2.00    18  |__qemu-system-aar
05:43:53     1000         -   2779495    0.00    0.00    0.00    0.00    0.00     8  |__call_rcu
05:43:53     1000         -   2779510   99.00    1.00    0.00    0.00  100.00    20  |__CPU 0/TCG
05:43:53     1000         -   2779511    0.00    0.00    0.00    0.00    0.00     2  |__CPU 1/TCG
05:43:53     1000         -   2779512   99.00    1.00    0.00    0.00  100.00    16  |__CPU 2/TCG
05:43:53     1000         -   2779513    0.00    0.00    0.00    0.00    0.00     6  |__CPU 3/TCG
05:43:54     1000   2779487         -  201.00    2.00    0.00    0.00  203.00    17  qemu-system-aar
05:43:54     1000         -   2779487    2.00    2.00    0.00    0.00    4.00    17  |__qemu-system-aar
05:43:54     1000         -   2779495    0.00    0.00    0.00    0.00    0.00     8  |__call_rcu
05:43:54     1000         -   2779510   99.00    1.00    0.00    0.00  100.00     4  |__CPU 0/TCG
05:43:54     1000         -   2779511    1.00    0.00    0.00    0.00    1.00     1  |__CPU 1/TCG
05:43:54     1000         -   2779512   98.00    1.00    0.00    0.00   99.00    16  |__CPU 2/TCG
05:43:54     1000         -   2779513    0.00    0.00    0.00    0.00    0.00     6  |__CPU 3/TCG
05:43:55     1000   2779487         -  200.00    2.00    0.00    0.00  202.00    19  qemu-system-aar
05:43:55     1000         -   2779487    1.00    3.00    0.00    0.00    4.00    19  |__qemu-system-aar
05:43:55     1000         -   2779495    0.00    0.00    0.00    0.00    0.00     8  |__call_rcu
05:43:55     1000         -   2779510   99.00    0.00    0.00    0.00   99.00     4  |__CPU 0/TCG
05:43:55     1000         -   2779511    0.00    0.00    0.00    0.00    0.00     1  |__CPU 1/TCG
05:43:55     1000         -   2779512   99.00    1.00    0.00    0.00  100.00    16  |__CPU 2/TCG
05:43:55     1000         -   2779513    0.00    0.00    0.00    0.00    0.00     6  |__CPU 3/TCG
05:43:56     1000   2779487         -  201.00    2.00    0.00    0.00  203.00    17  qemu-system-aar
05:43:56     1000         -   2779487    1.00    1.00    0.00    0.00    2.00    17  |__qemu-system-aar
05:43:56     1000         -   2779495    0.00    0.00    0.00    0.00    0.00     8  |__call_rcu
05:43:56     1000         -   2779510   99.00    0.00    0.00    0.00   99.00     4  |__CPU 0/TCG
05:43:56     1000         -   2779511    0.00    0.00    0.00    0.00    0.00     1  |__CPU 1/TCG
05:43:56     1000         -   2779512   99.00    0.00    0.00    0.00   99.00    16  |__CPU 2/TCG
05:43:56     1000         -   2779513    0.00    0.00    0.00    0.00    0.00     6  |__CPU 3/TCG
05:43:57     1000   2779487         -  200.00    2.00    0.00    0.00  202.00    19  qemu-system-aar
05:43:57     1000         -   2779487    1.00    3.00    0.00    0.00    4.00    19  |__qemu-system-aar
05:43:57     1000         -   2779495    0.00    0.00    0.00    0.00    0.00     8  |__call_rcu
05:43:57     1000         -   2779510   99.00    1.00    0.00    0.00  100.00     4  |__CPU 0/TCG
05:43:57     1000         -   2779511    1.00    0.00    0.00    0.00    1.00     5  |__CPU 1/TCG
05:43:57     1000         -   2779512   99.00    1.00    0.00    0.00  100.00    16  |__CPU 2/TCG
05:43:57     1000         -   2779513    0.00    0.00    0.00    0.00    0.00     6  |__CPU 3/TCG
05:43:58     1000   2779487         -  201.00    3.00    0.00    0.00  204.00    19  qemu-system-aar
05:43:58     1000         -   2779487    2.00    1.00    0.00    0.00    3.00    19  |__qemu-system-aar
05:43:58     1000         -   2779495    0.00    0.00    0.00    0.00    0.00     8  |__call_rcu
05:43:58     1000         -   2779510   99.00    0.00    0.00    0.00   99.00     4  |__CPU 0/TCG
05:43:58     1000         -   2779511    0.00    0.00    0.00    0.00    0.00     6  |__CPU 1/TCG
05:43:58     1000         -   2779512   98.00    1.00    0.00    0.00   99.00     0  |__CPU 2/TCG
05:43:58     1000         -   2779513    0.00    0.00    0.00    0.00    0.00     6  |__CPU 3/TCG
05:43:59     1000   2779487         -  200.00    2.00    0.00    0.00  202.00    21  qemu-system-aar
05:43:59     1000         -   2779487    1.00    3.00    0.00    0.00    4.00    21  |__qemu-system-aar
05:43:59     1000         -   2779495    0.00    0.00    0.00    0.00    0.00     8  |__call_rcu
05:43:59     1000         -   2779510   99.00    0.00    0.00    0.00   99.00     4  |__CPU 0/TCG
05:43:59     1000         -   2779511    1.00    0.00    0.00    0.00    1.00     6  |__CPU 1/TCG
05:43:59     1000         -   2779512  100.00    1.00    0.00    0.00  101.00     0  |__CPU 2/TCG
05:43:59     1000         -   2779513    0.00    0.00    0.00    0.00    0.00     6  |__CPU 3/TCG
05:44:00     1000   2779487         -  201.00    2.00    0.00    0.00  203.00    23  qemu-system-aar
05:44:00     1000         -   2779487    1.00    2.00    0.00    0.00    3.00    23  |__qemu-system-aar
05:44:00     1000         -   2779495    0.00    0.00    0.00    0.00    0.00     8  |__call_rcu
05:44:00     1000         -   2779510   99.00    0.00    0.00    0.00   99.00     4  |__CPU 0/TCG
05:44:00     1000         -   2779511    0.00    0.00    0.00    0.00    0.00     6  |__CPU 1/TCG
05:44:00     1000         -   2779512   98.00    1.00    0.00    0.00   99.00     0  |__CPU 2/TCG
05:44:00     1000         -   2779513    0.00    0.00    0.00    0.00    0.00     6  |__CPU 3/TCG
05:44:01     1000   2779487         -  199.00    4.00    0.00    0.00  203.00     1  qemu-system-aar
05:44:01     1000         -   2779487    1.00    2.00    0.00    0.00    3.00     1  |__qemu-system-aar
05:44:01     1000         -   2779495    0.00    0.00    0.00    0.00    0.00     8  |__call_rcu
05:44:01     1000         -   2779510   99.00    1.00    0.00    0.00  100.00     4  |__CPU 0/TCG
05:44:01     1000         -   2779511    1.00    0.00    0.00    0.00    1.00    18  |__CPU 1/TCG
05:44:01     1000         -   2779512   98.00    2.00    0.00    0.00  100.00     0  |__CPU 2/TCG
05:44:01     1000         -   2779513    0.00    0.00    0.00    0.00    0.00     6  |__CPU 3/TCG
05:44:02     1000   2779487         -  200.00    3.00    0.00    0.00  203.00     7  qemu-system-aar
05:44:02     1000         -   2779487    1.00    3.00    0.00    0.00    4.00     7  |__qemu-system-aar
05:44:02     1000         -   2779495    0.00    0.00    0.00    0.00    0.00     8  |__call_rcu
05:44:02     1000         -   2779510   98.00    1.00    0.00    0.00   99.00    20  |__CPU 0/TCG
05:44:02     1000         -   2779511    0.00    0.00    0.00    0.00    0.00    19  |__CPU 1/TCG
05:44:02     1000         -   2779512   99.00    1.00    0.00    0.00  100.00     0  |__CPU 2/TCG
05:44:02     1000         -   2779513    0.00    0.00    0.00    0.00    0.00     6  |__CPU 3/TCG
05:44:03     1000   2779487         -  199.00    3.00    0.00    0.00  202.00    19  qemu-system-aar
05:44:03     1000         -   2779487    1.00    2.00    0.00    0.00    3.00    19  |__qemu-system-aar
05:44:03     1000         -   2779495    0.00    0.00    0.00    0.00    0.00     8  |__call_rcu
05:44:03     1000         -   2779510  100.00    0.00    0.00    0.00  100.00    20  |__CPU 0/TCG
05:44:03     1000         -   2779511    0.00    1.00    0.00    0.00    1.00    18  |__CPU 1/TCG
05:44:03     1000         -   2779512   98.00    1.00    0.00    0.00   99.00     0  |__CPU 2/TCG
05:44:03     1000         -   2779513    0.00    0.00    0.00    0.00    0.00     6  |__CPU 3/TCG
05:44:04     1000   2779487         -  201.00    3.00    0.00    0.00  204.00    16  qemu-system-aar
05:44:04     1000         -   2779487    1.00    2.00    0.00    0.00    3.00    16  |__qemu-system-aar
05:44:04     1000         -   2779495    0.00    0.00    0.00    0.00    0.00     8  |__call_rcu
05:44:04     1000         -   2779510   98.00    0.00    0.00    0.00   98.00    20  |__CPU 0/TCG
05:44:04     1000         -   2779511    1.00    0.00    0.00    0.00    1.00    18  |__CPU 1/TCG
05:44:04     1000         -   2779512   99.00    1.00    0.00    0.00  100.00     0  |__CPU 2/TCG
05:44:04     1000         -   2779513    0.00    0.00    0.00    0.00    0.00     6  |__CPU 3/TCG
05:44:05     1000   2779487         -  201.00    2.00    0.00    0.00  203.00    17  qemu-system-aar
05:44:05     1000         -   2779487    1.00    3.00    0.00    0.00    4.00    17  |__qemu-system-aar
05:44:05     1000         -   2779495    0.00    0.00    0.00    0.00    0.00     8  |__call_rcu
05:44:05     1000         -   2779510  100.00    0.00    0.00    0.00  100.00    20  |__CPU 0/TCG
05:44:05     1000         -   2779511    0.00    0.00    0.00    0.00    0.00    18  |__CPU 1/TCG
05:44:05     1000         -   2779512   98.00    0.00    0.00    0.00   98.00    16  |__CPU 2/TCG
05:44:05     1000         -   2779513    0.00    0.00    0.00    0.00    0.00     6  |__CPU 3/TCG
05:44:06     1000   2779487         -  201.00    2.00    0.00    0.00  203.00     7  qemu-system-aar
05:44:06     1000         -   2779487    1.00    2.00    0.00    0.00    3.00     7  |__qemu-system-aar
05:44:06     1000         -   2779495    0.00    0.00    0.00    0.00    0.00     8  |__call_rcu
05:44:06     1000         -   2779510   99.00    1.00    0.00    0.00  100.00    20  |__CPU 0/TCG
05:44:06     1000         -   2779511    1.00    0.00    0.00    0.00    1.00    18  |__CPU 1/TCG
05:44:06     1000         -   2779512  100.00    1.00    0.00    0.00  101.00    16  |__CPU 2/TCG
05:44:06     1000         -   2779513    0.00    0.00    0.00    0.00    0.00     6  |__CPU 3/TCG
05:44:07     1000   2779487         -  200.00    3.00    0.00    0.00  203.00     7  qemu-system-aar
05:44:07     1000         -   2779487    1.00    2.00    0.00    0.00    3.00     7  |__qemu-system-aar
05:44:07     1000         -   2779495    0.00    0.00    0.00    0.00    0.00     8  |__call_rcu
05:44:07     1000         -   2779510   99.00    0.00    0.00    0.00   99.00    20  |__CPU 0/TCG
05:44:07     1000         -   2779511    0.00    0.00    0.00    0.00    0.00    18  |__CPU 1/TCG
05:44:07     1000         -   2779512   98.00    1.00    0.00    0.00   99.00    16  |__CPU 2/TCG
05:44:07     1000         -   2779513    0.00    0.00    0.00    0.00    0.00     6  |__CPU 3/TCG
05:44:08     1000   2779487         -  200.00    2.00    0.00    0.00  202.00    17  qemu-system-aar
05:44:08     1000         -   2779487    1.00    3.00    0.00    0.00    4.00    17  |__qemu-system-aar
05:44:08     1000         -   2779495    0.00    0.00    0.00    0.00    0.00     8  |__call_rcu
05:44:08     1000         -   2779510   99.00    0.00    0.00    0.00   99.00    20  |__CPU 0/TCG
05:44:08     1000         -   2779511    1.00    0.00    0.00    0.00    1.00    18  |__CPU 1/TCG
05:44:08     1000         -   2779512   99.00    1.00    0.00    0.00  100.00    16  |__CPU 2/TCG
05:44:08     1000         -   2779513    0.00    0.00    0.00    0.00    0.00     6  |__CPU 3/TCG
05:44:09     1000   2779487         -  200.00    2.00    0.00    0.00  202.00    17  qemu-system-aar
05:44:09     1000         -   2779487    1.00    2.00    0.00    0.00    3.00    17  |__qemu-system-aar
05:44:09     1000         -   2779495    0.00    0.00    0.00    0.00    0.00     8  |__call_rcu
05:44:09     1000         -   2779510   98.00    1.00    0.00    0.00   99.00    20  |__CPU 0/TCG
05:44:09     1000         -   2779511    0.00    0.00    0.00    0.00    0.00    18  |__CPU 1/TCG
05:44:09     1000         -   2779512   99.00    0.00    0.00    0.00   99.00    16  |__CPU 2/TCG
05:44:09     1000         -   2779513    0.00    0.00    0.00    0.00    0.00     6  |__CPU 3/TCG
05:44:10     1000   2779487         -  200.00    4.00    0.00    0.00  204.00    17  qemu-system-aar
05:44:10     1000         -   2779487    1.00    2.00    0.00    0.00    3.00    17  |__qemu-system-aar
05:44:10     1000         -   2779495    0.00    0.00    0.00    0.00    0.00     8  |__call_rcu
05:44:10     1000         -   2779510   99.00    1.00    0.00    0.00  100.00    20  |__CPU 0/TCG
05:44:10     1000         -   2779511    1.00    0.00    0.00    0.00    1.00    18  |__CPU 1/TCG
05:44:10     1000         -   2779512   99.00    1.00    0.00    0.00  100.00    16  |__CPU 2/TCG
05:44:10     1000         -   2779513    0.00    0.00    0.00    0.00    0.00     6  |__CPU 3/TCG
05:44:11     1000   2779487         -  201.00    2.00    0.00    0.00  203.00    21  qemu-system-aar
05:44:11     1000         -   2779487    1.00    3.00    0.00    0.00    4.00    21  |__qemu-system-aar
05:44:11     1000         -   2779495    0.00    0.00    0.00    0.00    0.00     8  |__call_rcu
05:44:11     1000         -   2779510   99.00    0.00    0.00    0.00   99.00    20  |__CPU 0/TCG
05:44:11     1000         -   2779511    0.00    0.00    0.00    0.00    0.00    17  |__CPU 1/TCG
05:44:11     1000         -   2779512   98.00    1.00    0.00    0.00   99.00    16  |__CPU 2/TCG
05:44:11     1000         -   2779513    0.00    0.00    0.00    0.00    0.00     6  |__CPU 3/TCG
05:44:12     1000   2779487         -  200.00    2.00    0.00    0.00  202.00    22  qemu-system-aar
05:44:12     1000         -   2779487    1.00    2.00    0.00    0.00    3.00    22  |__qemu-system-aar
05:44:12     1000         -   2779495    0.00    0.00    0.00    0.00    0.00     8  |__call_rcu
05:44:12     1000         -   2779510   99.00    0.00    0.00    0.00   99.00    20  |__CPU 0/TCG
05:44:12     1000         -   2779511    1.00    0.00    0.00    0.00    1.00    17  |__CPU 1/TCG
05:44:12     1000         -   2779512   99.00    1.00    0.00    0.00  100.00    16  |__CPU 2/TCG
05:44:12     1000         -   2779513    0.00    0.00    0.00    0.00    0.00     6  |__CPU 3/TCG
05:44:13     1000   2779487         -  200.00    3.00    0.00    0.00  203.00    21  qemu-system-aar
05:44:13     1000         -   2779487    2.00    2.00    0.00    0.00    4.00    21  |__qemu-system-aar
05:44:13     1000         -   2779495    0.00    0.00    0.00    0.00    0.00     8  |__call_rcu
05:44:13     1000         -   2779510   99.00    1.00    0.00    0.00  100.00    20  |__CPU 0/TCG
05:44:13     1000         -   2779511    0.00    0.00    0.00    0.00    0.00    18  |__CPU 1/TCG
05:44:13     1000         -   2779512   99.00    1.00    0.00    0.00  100.00    16  |__CPU 2/TCG
05:44:13     1000         -   2779513    0.00    0.00    0.00    0.00    0.00     6  |__CPU 3/TCG
05:44:14     1000   2779487         -  200.00    2.00    0.00    0.00  202.00    22  qemu-system-aar
05:44:14     1000         -   2779487    0.00    3.00    0.00    0.00    3.00    22  |__qemu-system-aar
05:44:14     1000         -   2779495    0.00    0.00    0.00    0.00    0.00     8  |__call_rcu
05:44:14     1000         -   2779510   99.00    0.00    0.00    0.00   99.00    20  |__CPU 0/TCG
05:44:14     1000         -   2779511    1.00    0.00    0.00    0.00    1.00    18  |__CPU 1/TCG
05:44:14     1000         -   2779512   98.00    1.00    0.00    0.00   99.00    16  |__CPU 2/TCG
05:44:14     1000         -   2779513    0.00    0.00    0.00    0.00    0.00     6  |__CPU 3/TCG
05:44:15     1000   2779487         -  200.00    4.00    0.00    0.00  204.00    23  qemu-system-aar
05:44:15     1000         -   2779487    1.00    2.00    0.00    0.00    3.00    23  |__qemu-system-aar
05:44:15     1000         -   2779495    0.00    0.00    0.00    0.00    0.00     8  |__call_rcu
05:44:15     1000         -   2779510   99.00    1.00    0.00    0.00  100.00    20  |__CPU 0/TCG
05:44:15     1000         -   2779511    0.00    0.00    0.00    0.00    0.00    17  |__CPU 1/TCG
05:44:15     1000         -   2779512   98.00    2.00    0.00    0.00  100.00    16  |__CPU 2/TCG
05:44:15     1000         -   2779513    0.00    0.00    0.00    0.00    0.00     6  |__CPU 3/TCG
05:44:16     1000   2779487         -  200.00    2.00    0.00    0.00  202.00     5  qemu-system-aar
05:44:16     1000         -   2779487    1.00    2.00    0.00    0.00    3.00     5  |__qemu-system-aar
05:44:16     1000         -   2779495    0.00    0.00    0.00    0.00    0.00     8  |__call_rcu
05:44:16     1000         -   2779510   99.00    0.00    0.00    0.00   99.00    20  |__CPU 0/TCG
05:44:16     1000         -   2779511    1.00    0.00    0.00    0.00    1.00    18  |__CPU 1/TCG
05:44:16     1000         -   2779512   99.00    1.00    0.00    0.00  100.00    16  |__CPU 2/TCG
05:44:16     1000         -   2779513    0.00    0.00    0.00    0.00    0.00     6  |__CPU 3/TCG
05:44:17     1000   2779487         -  200.00    3.00    0.00    0.00  203.00     6  qemu-system-aar
05:44:17     1000         -   2779487    1.00    3.00    0.00    0.00    4.00     6  |__qemu-system-aar
05:44:17     1000         -   2779495    0.00    0.00    0.00    0.00    0.00     8  |__call_rcu
05:44:17     1000         -   2779510   99.00    1.00    0.00    0.00  100.00    20  |__CPU 0/TCG
05:44:17     1000         -   2779511    0.00    0.00    0.00    0.00    0.00    18  |__CPU 1/TCG
05:44:17     1000         -   2779512   99.00    1.00    0.00    0.00  100.00    16  |__CPU 2/TCG
05:44:17     1000         -   2779513    0.00    0.00    0.00    0.00    0.00     6  |__CPU 3/TCG
05:44:18     1000   2779487         -  200.00    3.00    0.00    0.00  203.00     3  qemu-system-aar
05:44:18     1000         -   2779487    1.00    2.00    0.00    0.00    3.00     3  |__qemu-system-aar
05:44:18     1000         -   2779495    0.00    0.00    0.00    0.00    0.00     8  |__call_rcu
05:44:18     1000         -   2779510   99.00    0.00    0.00    0.00   99.00    20  |__CPU 0/TCG
05:44:18     1000         -   2779511    1.00    0.00    0.00    0.00    1.00    18  |__CPU 1/TCG
05:44:18     1000         -   2779512   98.00    1.00    0.00    0.00   99.00    16  |__CPU 2/TCG
05:44:18     1000         -   2779513    0.00    0.00    0.00    0.00    0.00     6  |__CPU 3/TCG
05:44:19     1000   2779487         -  200.00    3.00    0.00    0.00  203.00     7  qemu-system-aar
05:44:19     1000         -   2779487    1.00    3.00    0.00    0.00    4.00     7  |__qemu-system-aar
05:44:19     1000         -   2779495    0.00    0.00    0.00    0.00    0.00     8  |__call_rcu
05:44:19     1000         -   2779510   99.00    0.00    0.00    0.00   99.00    20  |__CPU 0/TCG
05:44:19     1000         -   2779511    0.00    0.00    0.00    0.00    0.00    18  |__CPU 1/TCG
05:44:19     1000         -   2779512   99.00    0.00    0.00    0.00   99.00    16  |__CPU 2/TCG
05:44:19     1000         -   2779513    0.00    0.00    0.00    0.00    0.00     6  |__CPU 3/TCG
05:44:20     1000   2779487         -  200.00    3.00    0.00    0.00  203.00     5  qemu-system-aar
05:44:20     1000         -   2779487    1.00    2.00    0.00    0.00    3.00     5  |__qemu-system-aar
05:44:20     1000         -   2779495    0.00    0.00    0.00    0.00    0.00     8  |__call_rcu
05:44:20     1000         -   2779510   99.00    1.00    0.00    0.00  100.00    20  |__CPU 0/TCG
05:44:20     1000         -   2779511    1.00    0.00    0.00    0.00    1.00    17  |__CPU 1/TCG
05:44:20     1000         -   2779512   99.00    1.00    0.00    0.00  100.00    16  |__CPU 2/TCG
05:44:20     1000         -   2779513    0.00    0.00    0.00    0.00    0.00     6  |__CPU 3/TCG
05:44:21     1000   2779487         -  200.00    3.00    0.00    0.00  203.00    19  qemu-system-aar
05:44:21     1000         -   2779487    1.00    2.00    0.00    0.00    3.00    19  |__qemu-system-aar
05:44:21     1000         -   2779495    0.00    0.00    0.00    0.00    0.00     8  |__call_rcu
05:44:21     1000         -   2779510   98.00    0.00    0.00    0.00   98.00    20  |__CPU 0/TCG
05:44:21     1000         -   2779511    0.00    0.00    0.00    0.00    0.00    17  |__CPU 1/TCG
05:44:21     1000         -   2779512   99.00    1.00    0.00    0.00  100.00    16  |__CPU 2/TCG
05:44:21     1000         -   2779513    0.00    0.00    0.00    0.00    0.00     6  |__CPU 3/TCG
05:44:22     1000   2779487         -  200.00    3.00    0.00    0.00  203.00    17  qemu-system-aar
05:44:22     1000         -   2779487    2.00    2.00    0.00    0.00    4.00    17  |__qemu-system-aar
05:44:22     1000         -   2779495    0.00    0.00    0.00    0.00    0.00     8  |__call_rcu
05:44:22     1000         -   2779510   99.00    1.00    0.00    0.00  100.00    20  |__CPU 0/TCG
05:44:22     1000         -   2779511    1.00    0.00    0.00    0.00    1.00    19  |__CPU 1/TCG
05:44:22     1000         -   2779512   99.00    1.00    0.00    0.00  100.00    16  |__CPU 2/TCG
05:44:22     1000         -   2779513    0.00    0.00    0.00    0.00    0.00     6  |__CPU 3/TCG
05:44:23     1000   2779487         -  201.00    2.00    0.00    0.00  203.00    19  qemu-system-aar
05:44:23     1000         -   2779487    1.00    2.00    0.00    0.00    3.00    19  |__qemu-system-aar
05:44:23     1000         -   2779495    0.00    0.00    0.00    0.00    0.00     8  |__call_rcu
05:44:23     1000         -   2779510   98.00    1.00    0.00    0.00   99.00     4  |__CPU 0/TCG
05:44:23     1000         -   2779511    0.00    0.00    0.00    0.00    0.00    16  |__CPU 1/TCG
05:44:23     1000         -   2779512   98.00    1.00    0.00    0.00   99.00     0  |__CPU 2/TCG
05:44:23     1000         -   2779513    0.00    0.00    0.00    0.00    0.00     6  |__CPU 3/TCG
05:44:24     1000   2779487         -  200.00    2.00    0.00    0.00  202.00    22  qemu-system-aar
05:44:24     1000         -   2779487    1.00    2.00    0.00    0.00    3.00    22  |__qemu-system-aar
05:44:24     1000         -   2779495    0.00    0.00    0.00    0.00    0.00     8  |__call_rcu
05:44:24     1000         -   2779510   99.00    0.00    0.00    0.00   99.00     4  |__CPU 0/TCG
05:44:24     1000         -   2779511    1.00    0.00    0.00    0.00    1.00    21  |__CPU 1/TCG
05:44:24     1000         -   2779512   99.00    1.00    0.00    0.00  100.00    16  |__CPU 2/TCG
05:44:24     1000         -   2779513    0.00    0.00    0.00    0.00    0.00     6  |__CPU 3/TCG
05:44:25     1000   2779487         -  201.00    2.00    0.00    0.00  203.00    22  qemu-system-aar
05:44:25     1000         -   2779487    2.00    1.00    0.00    0.00    3.00    22  |__qemu-system-aar
05:44:25     1000         -   2779495    0.00    0.00    0.00    0.00    0.00     8  |__call_rcu
05:44:25     1000         -   2779510   99.00    1.00    0.00    0.00  100.00     4  |__CPU 0/TCG
05:44:25     1000         -   2779511    0.00    0.00    0.00    0.00    0.00    21  |__CPU 1/TCG
05:44:25     1000         -   2779512   99.00    1.00    0.00    0.00  100.00    16  |__CPU 2/TCG
05:44:25     1000         -   2779513    0.00    0.00    0.00    0.00    0.00     6  |__CPU 3/TCG
05:44:26     1000   2779487         -  200.00    3.00    0.00    0.00  203.00    23  qemu-system-aar
05:44:26     1000         -   2779487    1.00    2.00    0.00    0.00    3.00    23  |__qemu-system-aar
05:44:26     1000         -   2779495    0.00    0.00    0.00    0.00    0.00     8  |__call_rcu
05:44:26     1000         -   2779510   99.00    0.00    0.00    0.00   99.00     4  |__CPU 0/TCG
05:44:26     1000         -   2779511    1.00    0.00    0.00    0.00    1.00    21  |__CPU 1/TCG
05:44:26     1000         -   2779512   98.00    1.00    0.00    0.00   99.00    16  |__CPU 2/TCG
05:44:26     1000         -   2779513    0.00    0.00    0.00    0.00    0.00     6  |__CPU 3/TCG
05:44:27     1000   2779487         -  201.00    2.00    0.00    0.00  203.00     3  qemu-system-aar
05:44:27     1000         -   2779487    2.00    3.00    0.00    0.00    5.00     3  |__qemu-system-aar
05:44:27     1000         -   2779495    0.00    0.00    0.00    0.00    0.00     8  |__call_rcu
05:44:27     1000         -   2779510   99.00    1.00    0.00    0.00  100.00     4  |__CPU 0/TCG
05:44:27     1000         -   2779511    0.00    0.00    0.00    0.00    0.00    21  |__CPU 1/TCG
05:44:27     1000         -   2779512   99.00    1.00    0.00    0.00  100.00     0  |__CPU 2/TCG
05:44:27     1000         -   2779513    0.00    0.00    0.00    0.00    0.00     6  |__CPU 3/TCG
05:44:28     1000   2779487         -  199.00    4.00    0.00    0.00  203.00     6  qemu-system-aar
05:44:28     1000         -   2779487    1.00    2.00    0.00    0.00    3.00     6  |__qemu-system-aar
05:44:28     1000         -   2779495    0.00    0.00    0.00    0.00    0.00     8  |__call_rcu
05:44:28     1000         -   2779510   99.00    0.00    0.00    0.00   99.00     4  |__CPU 0/TCG
05:44:28     1000         -   2779511    1.00    0.00    0.00    0.00    1.00    21  |__CPU 1/TCG
05:44:28     1000         -   2779512   98.00    2.00    0.00    0.00  100.00     0  |__CPU 2/TCG
05:44:28     1000         -   2779513    0.00    0.00    0.00    0.00    0.00     6  |__CPU 3/TCG
05:44:29     1000   2779487         -  200.00    3.00    0.00    0.00  203.00     1  qemu-system-aar
05:44:29     1000         -   2779487    1.00    2.00    0.00    0.00    3.00     1  |__qemu-system-aar
05:44:29     1000         -   2779495    0.00    0.00    0.00    0.00    0.00     8  |__call_rcu
05:44:29     1000         -   2779510   99.00    1.00    0.00    0.00  100.00     4  |__CPU 0/TCG
05:44:29     1000         -   2779511    0.00    0.00    0.00    0.00    0.00    21  |__CPU 1/TCG
05:44:29     1000         -   2779512   98.00    1.00    0.00    0.00   99.00     0  |__CPU 2/TCG
05:44:29     1000         -   2779513    0.00    0.00    0.00    0.00    0.00     6  |__CPU 3/TCG
05:44:30     1000   2779487         -  200.00    3.00    0.00    0.00  203.00     6  qemu-system-aar
05:44:30     1000         -   2779487    2.00    2.00    0.00    0.00    4.00     6  |__qemu-system-aar
05:44:30     1000         -   2779495    0.00    0.00    0.00    0.00    0.00     8  |__call_rcu
05:44:30     1000         -   2779510   99.00    0.00    0.00    0.00   99.00     4  |__CPU 0/TCG
05:44:30     1000         -   2779511    1.00    0.00    0.00    0.00    1.00    21  |__CPU 1/TCG
05:44:30     1000         -   2779512   99.00    1.00    0.00    0.00  100.00     0  |__CPU 2/TCG
05:44:30     1000         -   2779513    0.00    0.00    0.00    0.00    0.00     6  |__CPU 3/TCG
05:44:31     1000   2779487         -  200.00    2.00    0.00    0.00  202.00     7  qemu-system-aar
05:44:31     1000         -   2779487    1.00    2.00    0.00    0.00    3.00     7  |__qemu-system-aar
05:44:31     1000         -   2779495    0.00    0.00    0.00    0.00    0.00     8  |__call_rcu
05:44:31     1000         -   2779510   98.00    1.00    0.00    0.00   99.00     4  |__CPU 0/TCG
05:44:31     1000         -   2779511    0.00    0.00    0.00    0.00    0.00    21  |__CPU 1/TCG
05:44:31     1000         -   2779512   99.00    0.00    0.00    0.00   99.00     0  |__CPU 2/TCG
05:44:31     1000         -   2779513    0.00    0.00    0.00    0.00    0.00     6  |__CPU 3/TCG
05:44:32     1000   2779487         -  200.00    3.00    0.00    0.00  203.00    17  qemu-system-aar
05:44:32     1000         -   2779487    1.00    2.00    0.00    0.00    3.00    17  |__qemu-system-aar
05:44:32     1000         -   2779495    0.00    0.00    0.00    0.00    0.00     8  |__call_rcu
05:44:32     1000         -   2779510   99.00    0.00    0.00    0.00   99.00     4  |__CPU 0/TCG
05:44:32     1000         -   2779511    1.00    0.00    0.00    0.00    1.00    21  |__CPU 1/TCG
05:44:32     1000         -   2779512   99.00    1.00    0.00    0.00  100.00    16  |__CPU 2/TCG
05:44:32     1000         -   2779513    0.00    0.00    0.00    0.00    0.00     6  |__CPU 3/TCG
05:44:33     1000   2779487         -  200.00    3.00    0.00    0.00  203.00     1  qemu-system-aar
05:44:33     1000         -   2779487    1.00    3.00    0.00    0.00    4.00     1  |__qemu-system-aar
05:44:33     1000         -   2779495    0.00    0.00    0.00    0.00    0.00     8  |__call_rcu
05:44:33     1000         -   2779510   99.00    1.00    0.00    0.00  100.00    20  |__CPU 0/TCG
05:44:33     1000         -   2779511    0.00    0.00    0.00    0.00    0.00    21  |__CPU 1/TCG
05:44:33     1000         -   2779512   99.00    1.00    0.00    0.00  100.00     0  |__CPU 2/TCG
05:44:33     1000         -   2779513    0.00    0.00    0.00    0.00    0.00     6  |__CPU 3/TCG
05:44:34     1000   2779487         -  201.00    2.00    0.00    0.00  203.00    21  qemu-system-aar
05:44:34     1000         -   2779487    2.00    1.00    0.00    0.00    3.00    21  |__qemu-system-aar
05:44:34     1000         -   2779495    0.00    0.00    0.00    0.00    0.00     8  |__call_rcu
05:44:34     1000         -   2779510   99.00    0.00    0.00    0.00   99.00    20  |__CPU 0/TCG
05:44:34     1000         -   2779511    1.00    0.00    0.00    0.00    1.00     2  |__CPU 1/TCG
05:44:34     1000         -   2779512   99.00    1.00    0.00    0.00  100.00    16  |__CPU 2/TCG
05:44:34     1000         -   2779513    0.00    0.00    0.00    0.00    0.00     6  |__CPU 3/TCG
05:44:35     1000   2779487         -  201.00    3.00    0.00    0.00  204.00    21  qemu-system-aar
05:44:35     1000         -   2779487    1.00    2.00    0.00    0.00    3.00    21  |__qemu-system-aar
05:44:35     1000         -   2779495    0.00    0.00    0.00    0.00    0.00     8  |__call_rcu
05:44:35     1000         -   2779510   99.00    1.00    0.00    0.00  100.00    20  |__CPU 0/TCG
05:44:35     1000         -   2779511    1.00    0.00    0.00    0.00    1.00    23  |__CPU 1/TCG
05:44:35     1000         -   2779512   98.00    1.00    0.00    0.00   99.00    16  |__CPU 2/TCG
05:44:35     1000         -   2779513    0.00    0.00    0.00    0.00    0.00     6  |__CPU 3/TCG
05:44:36     1000   2779487         -  200.00    2.00    0.00    0.00  202.00    22  qemu-system-aar
05:44:36     1000         -   2779487    1.00    2.00    0.00    0.00    3.00    22  |__qemu-system-aar
05:44:36     1000         -   2779495    0.00    0.00    0.00    0.00    0.00     8  |__call_rcu
05:44:36     1000         -   2779510   99.00    0.00    0.00    0.00   99.00    20  |__CPU 0/TCG
05:44:36     1000         -   2779511    0.00    0.00    0.00    0.00    0.00    23  |__CPU 1/TCG
05:44:36     1000         -   2779512   99.00    1.00    0.00    0.00  100.00    16  |__CPU 2/TCG
05:44:36     1000         -   2779513    0.00    0.00    0.00    0.00    0.00     6  |__CPU 3/TCG
05:44:37     1000   2779487         -  200.00    3.00    0.00    0.00  203.00    22  qemu-system-aar
05:44:37     1000         -   2779487    2.00    2.00    0.00    0.00    4.00    22  |__qemu-system-aar
05:44:37     1000         -   2779495    0.00    0.00    0.00    0.00    0.00     8  |__call_rcu
05:44:37     1000         -   2779510   99.00    1.00    0.00    0.00  100.00    20  |__CPU 0/TCG
05:44:37     1000         -   2779511    1.00    0.00    0.00    0.00    1.00    23  |__CPU 1/TCG
05:44:37     1000         -   2779512   99.00    0.00    0.00    0.00   99.00    16  |__CPU 2/TCG
05:44:37     1000         -   2779513    0.00    0.00    0.00    0.00    0.00     6  |__CPU 3/TCG
05:44:38     1000   2779487         -  201.00    2.00    0.00    0.00  203.00    22  qemu-system-aar
05:44:38     1000         -   2779487    1.00    2.00    0.00    0.00    3.00    22  |__qemu-system-aar
05:44:38     1000         -   2779495    0.00    0.00    0.00    0.00    0.00     8  |__call_rcu
05:44:38     1000         -   2779510   99.00    0.00    0.00    0.00   99.00    20  |__CPU 0/TCG
05:44:38     1000         -   2779511    0.00    0.00    0.00    0.00    0.00    23  |__CPU 1/TCG
05:44:38     1000         -   2779512   98.00    1.00    0.00    0.00   99.00    16  |__CPU 2/TCG
05:44:38     1000         -   2779513    0.00    0.00    0.00    0.00    0.00     6  |__CPU 3/TCG
05:44:39     1000   2779487         -  201.00    2.00    0.00    0.00  203.00    21  qemu-system-aar
05:44:39     1000         -   2779487    2.00    2.00    0.00    0.00    4.00    21  |__qemu-system-aar
05:44:39     1000         -   2779495    0.00    0.00    0.00    0.00    0.00     8  |__call_rcu
05:44:39     1000         -   2779510   98.00    1.00    0.00    0.00   99.00    20  |__CPU 0/TCG
05:44:39     1000         -   2779511    1.00    0.00    0.00    0.00    1.00    23  |__CPU 1/TCG
05:44:39     1000         -   2779512   99.00    1.00    0.00    0.00  100.00     0  |__CPU 2/TCG
05:44:39     1000         -   2779513    0.00    0.00    0.00    0.00    0.00     6  |__CPU 3/TCG
05:44:40     1000   2779487         -  199.00    4.00    0.00    0.00  203.00     6  qemu-system-aar
05:44:40     1000         -   2779487    0.00    3.00    0.00    0.00    3.00     6  |__qemu-system-aar
05:44:40     1000         -   2779495    0.00    0.00    0.00    0.00    0.00     8  |__call_rcu
05:44:40     1000         -   2779510   99.00    1.00    0.00    0.00  100.00    20  |__CPU 0/TCG
05:44:40     1000         -   2779511    1.00    0.00    0.00    0.00    1.00    23  |__CPU 1/TCG
05:44:40     1000         -   2779512   99.00    1.00    0.00    0.00  100.00     0  |__CPU 2/TCG
05:44:40     1000         -   2779513    0.00    0.00    0.00    0.00    0.00     6  |__CPU 3/TCG
05:44:41     1000   2779487         -  201.00    2.00    0.00    0.00  203.00     7  qemu-system-aar
05:44:41     1000         -   2779487    2.00    2.00    0.00    0.00    4.00     7  |__qemu-system-aar
05:44:41     1000         -   2779495    0.00    0.00    0.00    0.00    0.00     8  |__call_rcu
05:44:41     1000         -   2779510   99.00    0.00    0.00    0.00   99.00    20  |__CPU 0/TCG
05:44:41     1000         -   2779511    0.00    0.00    0.00    0.00    0.00    22  |__CPU 1/TCG
05:44:41     1000         -   2779512   99.00    1.00    0.00    0.00  100.00     0  |__CPU 2/TCG
05:44:41     1000         -   2779513    0.00    0.00    0.00    0.00    0.00     6  |__CPU 3/TCG
05:44:42     1000   2779487         -  200.00    3.00    0.00    0.00  203.00     2  qemu-system-aar
05:44:42     1000         -   2779487    1.00    2.00    0.00    0.00    3.00     2  |__qemu-system-aar
05:44:42     1000         -   2779495    0.00    0.00    0.00    0.00    0.00     8  |__call_rcu
05:44:42     1000         -   2779510   98.00    1.00    0.00    0.00   99.00    20  |__CPU 0/TCG
05:44:42     1000         -   2779511    1.00    0.00    0.00    0.00    1.00    23  |__CPU 1/TCG
05:44:42     1000         -   2779512   98.00    1.00    0.00    0.00   99.00    16  |__CPU 2/TCG
05:44:42     1000         -   2779513    0.00    0.00    0.00    0.00    0.00     6  |__CPU 3/TCG
05:44:43     1000   2779487         -  200.00    4.00    0.00    0.00  204.00    23  qemu-system-aar
05:44:43     1000         -   2779487    2.00    2.00    0.00    0.00    4.00    23  |__qemu-system-aar
05:44:43     1000         -   2779495    0.00    0.00    0.00    0.00    0.00     8  |__call_rcu
05:44:43     1000         -   2779510   99.00    0.00    0.00    0.00   99.00    20  |__CPU 0/TCG
05:44:43     1000         -   2779511    0.00    0.00    0.00    0.00    0.00    22  |__CPU 1/TCG
05:44:43     1000         -   2779512   98.00    2.00    0.00    0.00  100.00    16  |__CPU 2/TCG
05:44:43     1000         -   2779513    0.00    0.00    0.00    0.00    0.00     6  |__CPU 3/TCG
05:44:44     1000   2779487         -  199.00    3.00    0.00    0.00  202.00    18  qemu-system-aar
05:44:44     1000         -   2779487    0.00    3.00    0.00    0.00    3.00    18  |__qemu-system-aar
05:44:44     1000         -   2779495    0.00    0.00    0.00    0.00    0.00     8  |__call_rcu
05:44:44     1000         -   2779510   99.00    0.00    0.00    0.00   99.00    20  |__CPU 0/TCG
05:44:44     1000         -   2779511    1.00    0.00    0.00    0.00    1.00    22  |__CPU 1/TCG
05:44:44     1000         -   2779512   99.00    1.00    0.00    0.00  100.00    16  |__CPU 2/TCG
05:44:44     1000         -   2779513    0.00    0.00    0.00    0.00    0.00     6  |__CPU 3/TCG
05:44:45     1000   2779487         -  200.00    3.00    0.00    0.00  203.00    19  qemu-system-aar
05:44:45     1000         -   2779487    1.00    2.00    0.00    0.00    3.00    19  |__qemu-system-aar
05:44:45     1000         -   2779495    0.00    0.00    0.00    0.00    0.00     8  |__call_rcu
05:44:45     1000         -   2779510  100.00    1.00    0.00    0.00  101.00    20  |__CPU 0/TCG
05:44:45     1000         -   2779511    1.00    0.00    0.00    0.00    1.00    22  |__CPU 1/TCG
05:44:45     1000         -   2779512   98.00    1.00    0.00    0.00   99.00     0  |__CPU 2/TCG
05:44:45     1000         -   2779513    0.00    0.00    0.00    0.00    0.00     6  |__CPU 3/TCG
05:44:46     1000   2779487         -  199.00    4.00    0.00    0.00  203.00    21  qemu-system-aar
05:44:46     1000         -   2779487    1.00    3.00    0.00    0.00    4.00    21  |__qemu-system-aar
05:44:46     1000         -   2779495    0.00    0.00    0.00    0.00    0.00     8  |__call_rcu
05:44:46     1000         -   2779510   98.00    0.00    0.00    0.00   98.00    20  |__CPU 0/TCG
05:44:46     1000         -   2779511    0.00    0.00    0.00    0.00    0.00    22  |__CPU 1/TCG
05:44:46     1000         -   2779512   98.00    1.00    0.00    0.00   99.00    16  |__CPU 2/TCG
05:44:46     1000         -   2779513    0.00    0.00    0.00    0.00    0.00     6  |__CPU 3/TCG
05:44:47     1000   2779487         -  200.00    3.00    0.00    0.00  203.00    21  qemu-system-aar
05:44:47     1000         -   2779487    2.00    1.00    0.00    0.00    3.00    21  |__qemu-system-aar
05:44:47     1000         -   2779495    0.00    0.00    0.00    0.00    0.00     8  |__call_rcu
05:44:47     1000         -   2779510   99.00    1.00    0.00    0.00  100.00    20  |__CPU 0/TCG
05:44:47     1000         -   2779511    1.00    0.00    0.00    0.00    1.00    22  |__CPU 1/TCG
05:44:47     1000         -   2779512   99.00    2.00    0.00    0.00  101.00    16  |__CPU 2/TCG
05:44:47     1000         -   2779513    0.00    0.00    0.00    0.00    0.00     6  |__CPU 3/TCG
05:44:48     1000   2779487         -  201.00    2.00    0.00    0.00  203.00    21  qemu-system-aar
05:44:48     1000         -   2779487    1.00    3.00    0.00    0.00    4.00    21  |__qemu-system-aar
05:44:48     1000         -   2779495    0.00    0.00    0.00    0.00    0.00     8  |__call_rcu
05:44:48     1000         -   2779510   99.00    0.00    0.00    0.00   99.00    20  |__CPU 0/TCG
05:44:48     1000         -   2779511    0.00    0.00    0.00    0.00    0.00    22  |__CPU 1/TCG
05:44:48     1000         -   2779512   99.00    0.00    0.00    0.00   99.00    16  |__CPU 2/TCG
05:44:48     1000         -   2779513    0.00    0.00    0.00    0.00    0.00     6  |__CPU 3/TCG
05:44:49     1000   2779487         -  201.00    2.00    0.00    0.00  203.00    19  qemu-system-aar
05:44:49     1000         -   2779487    1.00    2.00    0.00    0.00    3.00    19  |__qemu-system-aar
05:44:49     1000         -   2779495    0.00    0.00    0.00    0.00    0.00     8  |__call_rcu
05:44:49     1000         -   2779510  100.00    0.00    0.00    0.00  100.00     4  |__CPU 0/TCG
05:44:49     1000         -   2779511    1.00    0.00    0.00    0.00    1.00    22  |__CPU 1/TCG
05:44:49     1000         -   2779512   99.00    1.00    0.00    0.00  100.00    16  |__CPU 2/TCG
05:44:49     1000         -   2779513    0.00    0.00    0.00    0.00    0.00     6  |__CPU 3/TCG
05:44:50     1000   2779487         -  201.00    2.00    0.00    0.00  203.00    19  qemu-system-aar
05:44:50     1000         -   2779487    1.00    2.00    0.00    0.00    3.00    19  |__qemu-system-aar
05:44:50     1000         -   2779495    0.00    0.00    0.00    0.00    0.00     8  |__call_rcu
05:44:50     1000         -   2779510   99.00    0.00    0.00    0.00   99.00     4  |__CPU 0/TCG
05:44:50     1000         -   2779511    0.00    0.00    0.00    0.00    0.00    22  |__CPU 1/TCG
05:44:50     1000         -   2779512   99.00    1.00    0.00    0.00  100.00     0  |__CPU 2/TCG
05:44:50     1000         -   2779513    0.00    0.00    0.00    0.00    0.00     6  |__CPU 3/TCG
05:44:51     1000   2779487         -  200.00    2.00    0.00    0.00  202.00    17  qemu-system-aar
05:44:51     1000         -   2779487    1.00    2.00    0.00    0.00    3.00    17  |__qemu-system-aar
05:44:51     1000         -   2779495    0.00    0.00    0.00    0.00    0.00     8  |__call_rcu
05:44:51     1000         -   2779510   99.00    1.00    0.00    0.00  100.00     4  |__CPU 0/TCG
05:44:51     1000         -   2779511    1.00    0.00    0.00    0.00    1.00    22  |__CPU 1/TCG
05:44:51     1000         -   2779512   99.00    0.00    0.00    0.00   99.00     0  |__CPU 2/TCG
05:44:51     1000         -   2779513    0.00    0.00    0.00    0.00    0.00     6  |__CPU 3/TCG
05:44:52     1000   2779487         -  201.00    3.00    0.00    0.00  204.00     3  qemu-system-aar
05:44:52     1000         -   2779487    1.00    3.00    0.00    0.00    4.00     3  |__qemu-system-aar
05:44:52     1000         -   2779495    0.00    0.00    0.00    0.00    0.00     8  |__call_rcu
05:44:52     1000         -   2779510   98.00    0.00    0.00    0.00   98.00     4  |__CPU 0/TCG
05:44:52     1000         -   2779511    1.00    0.00    0.00    0.00    1.00    22  |__CPU 1/TCG
05:44:52     1000         -   2779512   98.00    1.00    0.00    0.00   99.00     0  |__CPU 2/TCG
05:44:52     1000         -   2779513    0.00    0.00    0.00    0.00    0.00     6  |__CPU 3/TCG
05:44:53     1000   2779487         -  200.00    3.00    0.00    0.00  203.00     3  qemu-system-aar
05:44:53     1000         -   2779487    2.00    2.00    0.00    0.00    4.00     3  |__qemu-system-aar
05:44:53     1000         -   2779495    0.00    0.00    0.00    0.00    0.00     8  |__call_rcu
05:44:53     1000         -   2779510   99.00    1.00    0.00    0.00  100.00     4  |__CPU 0/TCG
05:44:53     1000         -   2779511    0.00    1.00    0.00    0.00    1.00    22  |__CPU 1/TCG
05:44:53     1000         -   2779512   98.00    2.00    0.00    0.00  100.00    16  |__CPU 2/TCG
05:44:53     1000         -   2779513    0.00    0.00    0.00    0.00    0.00     6  |__CPU 3/TCG
05:44:54     1000   2779487         -  200.00    2.00    0.00    0.00  202.00     2  qemu-system-aar
05:44:54     1000         -   2779487    1.00    2.00    0.00    0.00    3.00     2  |__qemu-system-aar
05:44:54     1000         -   2779495    0.00    0.00    0.00    0.00    0.00     8  |__call_rcu
05:44:54     1000         -   2779510  100.00    0.00    0.00    0.00  100.00     4  |__CPU 0/TCG
05:44:54     1000         -   2779511    0.00    0.00    0.00    0.00    0.00    22  |__CPU 1/TCG
05:44:54     1000         -   2779512   99.00    1.00    0.00    0.00  100.00     0  |__CPU 2/TCG
05:44:54     1000         -   2779513    0.00    0.00    0.00    0.00    0.00     6  |__CPU 3/TCG
05:44:55     1000   2779487         -  201.00    3.00    0.00    0.00  204.00     2  qemu-system-aar
05:44:55     1000         -   2779487    1.00    2.00    0.00    0.00    3.00     2  |__qemu-system-aar
05:44:55     1000         -   2779495    0.00    0.00    0.00    0.00    0.00     8  |__call_rcu
05:44:55     1000         -   2779510   98.00    1.00    0.00    0.00   99.00    20  |__CPU 0/TCG
05:44:55     1000         -   2779511    0.00    1.00    0.00    0.00    1.00    22  |__CPU 1/TCG
05:44:55     1000         -   2779512   99.00    0.00    0.00    0.00   99.00     0  |__CPU 2/TCG
05:44:55     1000         -   2779513    0.00    0.00    0.00    0.00    0.00     6  |__CPU 3/TCG
05:44:56     1000   2779487         -  200.00    3.00    0.00    0.00  203.00     2  qemu-system-aar
05:44:56     1000         -   2779487    1.00    3.00    0.00    0.00    4.00     2  |__qemu-system-aar
05:44:56     1000         -   2779495    0.00    0.00    0.00    0.00    0.00     8  |__call_rcu
05:44:56     1000         -   2779510   99.00    0.00    0.00    0.00   99.00    20  |__CPU 0/TCG
05:44:56     1000         -   2779511    1.00    0.00    0.00    0.00    1.00    22  |__CPU 1/TCG
05:44:56     1000         -   2779512   99.00    1.00    0.00    0.00  100.00     0  |__CPU 2/TCG
05:44:56     1000         -   2779513    0.00    0.00    0.00    0.00    0.00     6  |__CPU 3/TCG
05:44:57     1000   2779487         -  200.00    2.00    0.00    0.00  202.00     3  qemu-system-aar
05:44:57     1000         -   2779487    1.00    1.00    0.00    0.00    2.00     3  |__qemu-system-aar
05:44:57     1000         -   2779495    0.00    0.00    0.00    0.00    0.00     8  |__call_rcu
05:44:57     1000         -   2779510   99.00    0.00    0.00    0.00   99.00    20  |__CPU 0/TCG
05:44:57     1000         -   2779511    0.00    0.00    0.00    0.00    0.00    22  |__CPU 1/TCG
05:44:57     1000         -   2779512   99.00    1.00    0.00    0.00  100.00     0  |__CPU 2/TCG
05:44:57     1000         -   2779513    0.00    0.00    0.00    0.00    0.00     6  |__CPU 3/TCG
05:44:58     1000   2779487         -  201.00    3.00    0.00    0.00  204.00     2  qemu-system-aar
05:44:58     1000         -   2779487    1.00    3.00    0.00    0.00    4.00     2  |__qemu-system-aar
05:44:58     1000         -   2779495    0.00    0.00    0.00    0.00    0.00     8  |__call_rcu
05:44:58     1000         -   2779510   99.00    1.00    0.00    0.00  100.00    20  |__CPU 0/TCG
05:44:58     1000         -   2779511    1.00    0.00    0.00    0.00    1.00    23  |__CPU 1/TCG
05:44:58     1000         -   2779512   99.00    1.00    0.00    0.00  100.00     0  |__CPU 2/TCG
05:44:58     1000         -   2779513    0.00    0.00    0.00    0.00    0.00     6  |__CPU 3/TCG
05:44:59     1000   2779487         -  200.00    2.00    0.00    0.00  202.00     5  qemu-system-aar
05:44:59     1000         -   2779487    1.00    3.00    0.00    0.00    4.00     5  |__qemu-system-aar
05:44:59     1000         -   2779495    0.00    0.00    0.00    0.00    0.00     8  |__call_rcu
05:44:59     1000         -   2779510   99.00    0.00    0.00    0.00   99.00    20  |__CPU 0/TCG
05:44:59     1000         -   2779511    0.00    0.00    0.00    0.00    0.00    23  |__CPU 1/TCG
05:44:59     1000         -   2779512   98.00    1.00    0.00    0.00   99.00     0  |__CPU 2/TCG
05:44:59     1000         -   2779513    0.00    0.00    0.00    0.00    0.00     6  |__CPU 3/TCG
05:45:00     1000   2779487         -  201.00    3.00    0.00    0.00  204.00    19  qemu-system-aar
05:45:00     1000         -   2779487    1.00    2.00    0.00    0.00    3.00    19  |__qemu-system-aar
05:45:00     1000         -   2779495    0.00    0.00    0.00    0.00    0.00     8  |__call_rcu
05:45:00     1000         -   2779510   99.00    0.00    0.00    0.00   99.00    20  |__CPU 0/TCG
05:45:00     1000         -   2779511    1.00    0.00    0.00    0.00    1.00    22  |__CPU 1/TCG
05:45:00     1000         -   2779512   99.00    1.00    0.00    0.00  100.00     0  |__CPU 2/TCG
05:45:00     1000         -   2779513    0.00    0.00    0.00    0.00    0.00     6  |__CPU 3/TCG
05:45:01     1000   2779487         -  200.00    2.00    0.00    0.00  202.00     2  qemu-system-aar
05:45:01     1000         -   2779487    2.00    2.00    0.00    0.00    4.00     2  |__qemu-system-aar
05:45:01     1000         -   2779495    0.00    0.00    0.00    0.00    0.00     8  |__call_rcu
05:45:01     1000         -   2779510   99.00    1.00    0.00    0.00  100.00    20  |__CPU 0/TCG
05:45:01     1000         -   2779511    0.00    0.00    0.00    0.00    0.00    22  |__CPU 1/TCG
05:45:01     1000         -   2779512   98.00    1.00    0.00    0.00   99.00     0  |__CPU 2/TCG
05:45:01     1000         -   2779513    0.00    0.00    0.00    0.00    0.00     6  |__CPU 3/TCG
05:45:02     1000   2779487         -  201.00    3.00    0.00    0.00  204.00     5  qemu-system-aar
05:45:02     1000         -   2779487    1.00    2.00    0.00    0.00    3.00     5  |__qemu-system-aar
05:45:02     1000         -   2779495    0.00    0.00    0.00    0.00    0.00     8  |__call_rcu
05:45:02     1000         -   2779510   99.00    0.00    0.00    0.00   99.00     4  |__CPU 0/TCG
05:45:02     1000         -   2779511    1.00    0.00    0.00    0.00    1.00    22  |__CPU 1/TCG
05:45:02     1000         -   2779512   99.00    1.00    0.00    0.00  100.00     0  |__CPU 2/TCG
05:45:02     1000         -   2779513    0.00    0.00    0.00    0.00    0.00     6  |__CPU 3/TCG
05:45:03     1000   2779487         -  200.00    2.00    0.00    0.00  202.00     6  qemu-system-aar
05:45:03     1000         -   2779487    1.00    2.00    0.00    0.00    3.00     6  |__qemu-system-aar
05:45:03     1000         -   2779495    0.00    0.00    0.00    0.00    0.00     8  |__call_rcu
05:45:03     1000         -   2779510   99.00    0.00    0.00    0.00   99.00    20  |__CPU 0/TCG
05:45:03     1000         -   2779511    1.00    0.00    0.00    0.00    1.00    22  |__CPU 1/TCG
05:45:03     1000         -   2779512   99.00    1.00    0.00    0.00  100.00    16  |__CPU 2/TCG
05:45:03     1000         -   2779513    0.00    0.00    0.00    0.00    0.00     6  |__CPU 3/TCG
05:45:04     1000   2779487         -  200.00    3.00    0.00    0.00  203.00     6  qemu-system-aar
05:45:04     1000         -   2779487    1.00    2.00    0.00    0.00    3.00     6  |__qemu-system-aar
05:45:04     1000         -   2779495    0.00    0.00    0.00    0.00    0.00     8  |__call_rcu
05:45:04     1000         -   2779510   99.00    1.00    0.00    0.00  100.00    20  |__CPU 0/TCG
05:45:04     1000         -   2779511    0.00    0.00    0.00    0.00    0.00    22  |__CPU 1/TCG
05:45:04     1000         -   2779512   98.00    1.00    0.00    0.00   99.00    16  |__CPU 2/TCG
05:45:04     1000         -   2779513    0.00    0.00    0.00    0.00    0.00     6  |__CPU 3/TCG
05:45:05     1000   2779487         -  200.00    3.00    0.00    0.00  203.00    17  qemu-system-aar
05:45:05     1000         -   2779487    1.00    3.00    0.00    0.00    4.00    17  |__qemu-system-aar
05:45:05     1000         -   2779495    0.00    0.00    0.00    0.00    0.00     8  |__call_rcu
05:45:05     1000         -   2779510   99.00    1.00    0.00    0.00  100.00    20  |__CPU 0/TCG
05:45:05     1000         -   2779511    0.00    0.00    0.00    0.00    0.00    22  |__CPU 1/TCG
05:45:05     1000         -   2779512   98.00    2.00    0.00    0.00  100.00    16  |__CPU 2/TCG
05:45:05     1000         -   2779513    0.00    0.00    0.00    0.00    0.00     6  |__CPU 3/TCG
05:45:06     1000   2779487         -  201.00    2.00    0.00    0.00  203.00    17  qemu-system-aar
05:45:06     1000         -   2779487    1.00    2.00    0.00    0.00    3.00    17  |__qemu-system-aar
05:45:06     1000         -   2779495    0.00    0.00    0.00    0.00    0.00     8  |__call_rcu
05:45:06     1000         -   2779510   99.00    0.00    0.00    0.00   99.00    20  |__CPU 0/TCG
05:45:06     1000         -   2779511    1.00    0.00    0.00    0.00    1.00    23  |__CPU 1/TCG
05:45:06     1000         -   2779512   99.00    1.00    0.00    0.00  100.00    16  |__CPU 2/TCG
05:45:06     1000         -   2779513    0.00    0.00    0.00    0.00    0.00     6  |__CPU 3/TCG
05:45:07     1000   2779487         -  200.00    3.00    0.00    0.00  203.00    18  qemu-system-aar
05:45:07     1000         -   2779487    2.00    2.00    0.00    0.00    4.00    18  |__qemu-system-aar
05:45:07     1000         -   2779495    0.00    0.00    0.00    0.00    0.00     8  |__call_rcu
05:45:07     1000         -   2779510   99.00    0.00    0.00    0.00   99.00    20  |__CPU 0/TCG
05:45:07     1000         -   2779511    0.00    0.00    0.00    0.00    0.00    23  |__CPU 1/TCG
05:45:07     1000         -   2779512   98.00    1.00    0.00    0.00   99.00    16  |__CPU 2/TCG
05:45:07     1000         -   2779513    0.00    0.00    0.00    0.00    0.00     6  |__CPU 3/TCG
05:45:08     1000   2779487         -  200.00    2.00    0.00    0.00  202.00    22  qemu-system-aar
05:45:08     1000         -   2779487    1.00    2.00    0.00    0.00    3.00    22  |__qemu-system-aar
05:45:08     1000         -   2779495    0.00    0.00    0.00    0.00    0.00     8  |__call_rcu
05:45:08     1000         -   2779510   99.00    0.00    0.00    0.00   99.00    20  |__CPU 0/TCG
05:45:08     1000         -   2779511    1.00    0.00    0.00    0.00    1.00    17  |__CPU 1/TCG
05:45:08     1000         -   2779512   99.00    1.00    0.00    0.00  100.00    16  |__CPU 2/TCG
05:45:08     1000         -   2779513    0.00    0.00    0.00    0.00    0.00     6  |__CPU 3/TCG
05:45:09     1000   2779487         -  201.00    3.00    0.00    0.00  204.00    19  qemu-system-aar
05:45:09     1000         -   2779487    1.00    2.00    0.00    0.00    3.00    19  |__qemu-system-aar
05:45:09     1000         -   2779495    0.00    0.00    0.00    0.00    0.00     8  |__call_rcu
05:45:09     1000         -   2779510   99.00    1.00    0.00    0.00  100.00    20  |__CPU 0/TCG
05:45:09     1000         -   2779511    1.00    0.00    0.00    0.00    1.00    23  |__CPU 1/TCG
05:45:09     1000         -   2779512   98.00    1.00    0.00    0.00   99.00    16  |__CPU 2/TCG
05:45:09     1000         -   2779513    0.00    0.00    0.00    0.00    0.00     6  |__CPU 3/TCG
05:45:10     1000   2779487         -  200.00    3.00    0.00    0.00  203.00    18  qemu-system-aar
05:45:10     1000         -   2779487    1.00    2.00    0.00    0.00    3.00    18  |__qemu-system-aar
05:45:10     1000         -   2779495    0.00    0.00    0.00    0.00    0.00     8  |__call_rcu
05:45:10     1000         -   2779510   99.00    0.00    0.00    0.00   99.00    20  |__CPU 0/TCG
05:45:10     1000         -   2779511    0.00    0.00    0.00    0.00    0.00    23  |__CPU 1/TCG
05:45:10     1000         -   2779512   98.00    2.00    0.00    0.00  100.00    16  |__CPU 2/TCG
05:45:10     1000         -   2779513    0.00    0.00    0.00    0.00    0.00     6  |__CPU 3/TCG
05:45:11     1000   2779487         -  199.00    3.00    0.00    0.00  202.00    23  qemu-system-aar
05:45:11     1000         -   2779487    1.00    3.00    0.00    0.00    4.00    23  |__qemu-system-aar
05:45:11     1000         -   2779495    0.00    0.00    0.00    0.00    0.00     8  |__call_rcu
05:45:11     1000         -   2779510   99.00    0.00    0.00    0.00   99.00    20  |__CPU 0/TCG
05:45:11     1000         -   2779511    1.00    0.00    0.00    0.00    1.00    17  |__CPU 1/TCG
05:45:11     1000         -   2779512   98.00    1.00    0.00    0.00   99.00    16  |__CPU 2/TCG
05:45:11     1000         -   2779513    0.00    0.00    0.00    0.00    0.00     6  |__CPU 3/TCG
05:45:12     1000   2779487         -  200.00    3.00    0.00    0.00  203.00    17  qemu-system-aar
05:45:12     1000         -   2779487    1.00    2.00    0.00    0.00    3.00    17  |__qemu-system-aar
05:45:12     1000         -   2779495    0.00    0.00    0.00    0.00    0.00     8  |__call_rcu
05:45:12     1000         -   2779510   99.00    1.00    0.00    0.00  100.00    20  |__CPU 0/TCG
05:45:12     1000         -   2779511    0.00    0.00    0.00    0.00    0.00    19  |__CPU 1/TCG
05:45:12     1000         -   2779512   99.00    1.00    0.00    0.00  100.00    16  |__CPU 2/TCG
05:45:12     1000         -   2779513    0.00    0.00    0.00    0.00    0.00     6  |__CPU 3/TCG
05:45:13     1000   2779487         -  199.00    4.00    0.00    0.00  203.00     7  qemu-system-aar
05:45:13     1000         -   2779487    1.00    3.00    0.00    0.00    4.00     7  |__qemu-system-aar
05:45:13     1000         -   2779495    0.00    0.00    0.00    0.00    0.00     8  |__call_rcu
05:45:13     1000         -   2779510   99.00    0.00    0.00    0.00   99.00    20  |__CPU 0/TCG
05:45:13     1000         -   2779511    1.00    0.00    0.00    0.00    1.00    19  |__CPU 1/TCG
05:45:13     1000         -   2779512   98.00    2.00    0.00    0.00  100.00    16  |__CPU 2/TCG
05:45:13     1000         -   2779513    0.00    0.00    0.00    0.00    0.00     6  |__CPU 3/TCG
05:45:14     1000   2779487         -  201.00    2.00    0.00    0.00  203.00    19  qemu-system-aar
05:45:14     1000         -   2779487    1.00    2.00    0.00    0.00    3.00    19  |__qemu-system-aar
05:45:14     1000         -   2779495    0.00    0.00    0.00    0.00    0.00     8  |__call_rcu
05:45:14     1000         -   2779510   99.00    1.00    0.00    0.00  100.00     4  |__CPU 0/TCG
05:45:14     1000         -   2779511    0.00    0.00    0.00    0.00    0.00    18  |__CPU 1/TCG
05:45:14     1000         -   2779512   99.00    1.00    0.00    0.00  100.00    16  |__CPU 2/TCG
05:45:14     1000         -   2779513    0.00    0.00    0.00    0.00    0.00     6  |__CPU 3/TCG
05:45:15     1000   2779487         -  200.00    3.00    0.00    0.00  203.00    19  qemu-system-aar
05:45:15     1000         -   2779487    1.00    2.00    0.00    0.00    3.00    19  |__qemu-system-aar
05:45:15     1000         -   2779495    0.00    0.00    0.00    0.00    0.00     8  |__call_rcu
05:45:15     1000         -   2779510   99.00    0.00    0.00    0.00   99.00    20  |__CPU 0/TCG
05:45:15     1000         -   2779511    1.00    0.00    0.00    0.00    1.00    18  |__CPU 1/TCG
05:45:15     1000         -   2779512   99.00    1.00    0.00    0.00  100.00    16  |__CPU 2/TCG
05:45:15     1000         -   2779513    0.00    0.00    0.00    0.00    0.00     6  |__CPU 3/TCG
05:45:16     1000   2779487         -  200.00    2.00    0.00    0.00  202.00    19  qemu-system-aar
05:45:16     1000         -   2779487    1.00    2.00    0.00    0.00    3.00    19  |__qemu-system-aar
05:45:16     1000         -   2779495    0.00    0.00    0.00    0.00    0.00     8  |__call_rcu
05:45:16     1000         -   2779510   99.00    0.00    0.00    0.00   99.00    20  |__CPU 0/TCG
05:45:16     1000         -   2779511    1.00    0.00    0.00    0.00    1.00    18  |__CPU 1/TCG
05:45:16     1000         -   2779512   99.00    0.00    0.00    0.00   99.00    16  |__CPU 2/TCG
05:45:16     1000         -   2779513    0.00    0.00    0.00    0.00    0.00     6  |__CPU 3/TCG
05:45:17     1000   2779487         -  201.00    3.00    0.00    0.00  204.00    19  qemu-system-aar
05:45:17     1000         -   2779487    1.00    3.00    0.00    0.00    4.00    19  |__qemu-system-aar
05:45:17     1000         -   2779495    0.00    0.00    0.00    0.00    0.00     8  |__call_rcu
05:45:17     1000         -   2779510   99.00    0.00    0.00    0.00   99.00    20  |__CPU 0/TCG
05:45:17     1000         -   2779511    0.00    0.00    0.00    0.00    0.00    18  |__CPU 1/TCG
05:45:17     1000         -   2779512   99.00    1.00    0.00    0.00  100.00    16  |__CPU 2/TCG
05:45:17     1000         -   2779513    0.00    0.00    0.00    0.00    0.00     6  |__CPU 3/TCG
05:45:18     1000   2779487         -  201.00    2.00    0.00    0.00  203.00     1  qemu-system-aar
05:45:18     1000         -   2779487    1.00    2.00    0.00    0.00    3.00     1  |__qemu-system-aar
05:45:18     1000         -   2779495    0.00    0.00    0.00    0.00    0.00     8  |__call_rcu
05:45:18     1000         -   2779510   99.00    1.00    0.00    0.00  100.00    20  |__CPU 0/TCG
05:45:18     1000         -   2779511    1.00    0.00    0.00    0.00    1.00    19  |__CPU 1/TCG
05:45:18     1000         -   2779512   99.00    0.00    0.00    0.00   99.00    16  |__CPU 2/TCG
05:45:18     1000         -   2779513    0.00    0.00    0.00    0.00    0.00     6  |__CPU 3/TCG
05:45:19     1000   2779487         -  200.00    2.00    0.00    0.00  202.00    18  qemu-system-aar
05:45:19     1000         -   2779487    2.00    2.00    0.00    0.00    4.00    18  |__qemu-system-aar
05:45:19     1000         -   2779495    0.00    0.00    0.00    0.00    0.00     8  |__call_rcu
05:45:19     1000         -   2779510   99.00    0.00    0.00    0.00   99.00    20  |__CPU 0/TCG
05:45:19     1000         -   2779511    0.00    0.00    0.00    0.00    0.00    21  |__CPU 1/TCG
05:45:19     1000         -   2779512   98.00    1.00    0.00    0.00   99.00    16  |__CPU 2/TCG
05:45:19     1000         -   2779513    0.00    0.00    0.00    0.00    0.00     6  |__CPU 3/TCG
05:45:20     1000   2779487         -  200.00    3.00    0.00    0.00  203.00    21  qemu-system-aar
05:45:20     1000         -   2779487    0.00    2.00    0.00    0.00    2.00    21  |__qemu-system-aar
05:45:20     1000         -   2779495    0.00    0.00    0.00    0.00    0.00     8  |__call_rcu
05:45:20     1000         -   2779510   99.00    1.00    0.00    0.00  100.00     4  |__CPU 0/TCG
05:45:20     1000         -   2779511    1.00    0.00    0.00    0.00    1.00    19  |__CPU 1/TCG
05:45:20     1000         -   2779512   99.00    1.00    0.00    0.00  100.00    16  |__CPU 2/TCG
05:45:20     1000         -   2779513    0.00    0.00    0.00    0.00    0.00     6  |__CPU 3/TCG
05:45:21     1000   2779487         -  201.00    1.00    0.00    0.00  202.00    21  qemu-system-aar
05:45:21     1000         -   2779487    2.00    2.00    0.00    0.00    4.00    21  |__qemu-system-aar
05:45:21     1000         -   2779495    0.00    0.00    0.00    0.00    0.00     8  |__call_rcu
05:45:21     1000         -   2779510   99.00    0.00    0.00    0.00   99.00    20  |__CPU 0/TCG
05:45:21     1000         -   2779511    1.00    0.00    0.00    0.00    1.00    19  |__CPU 1/TCG
05:45:21     1000         -   2779512   99.00    1.00    0.00    0.00  100.00    16  |__CPU 2/TCG
05:45:21     1000         -   2779513    0.00    0.00    0.00    0.00    0.00     6  |__CPU 3/TCG
05:45:22     1000   2779487         -  200.00    4.00    0.00    0.00  204.00     6  qemu-system-aar
05:45:22     1000         -   2779487    1.00    2.00    0.00    0.00    3.00     6  |__qemu-system-aar
05:45:22     1000         -   2779495    0.00    0.00    0.00    0.00    0.00     8  |__call_rcu
05:45:22     1000         -   2779510   99.00    1.00    0.00    0.00  100.00    20  |__CPU 0/TCG
05:45:22     1000         -   2779511    0.00    0.00    0.00    0.00    0.00    22  |__CPU 1/TCG
05:45:22     1000         -   2779512   98.00    1.00    0.00    0.00   99.00    16  |__CPU 2/TCG
05:45:22     1000         -   2779513    0.00    0.00    0.00    0.00    0.00     6  |__CPU 3/TCG
05:45:23     1000   2779487         -  200.00    2.00    0.00    0.00  202.00    21  qemu-system-aar
05:45:23     1000         -   2779487    1.00    2.00    0.00    0.00    3.00    21  |__qemu-system-aar
05:45:23     1000         -   2779495    0.00    0.00    0.00    0.00    0.00     8  |__call_rcu
05:45:23     1000         -   2779510   99.00    0.00    0.00    0.00   99.00    20  |__CPU 0/TCG
05:45:23     1000         -   2779511    1.00    0.00    0.00    0.00    1.00    22  |__CPU 1/TCG
05:45:23     1000         -   2779512   99.00    1.00    0.00    0.00  100.00    16  |__CPU 2/TCG
05:45:23     1000         -   2779513    0.00    0.00    0.00    0.00    0.00     6  |__CPU 3/TCG
05:45:24     1000   2779487         -  201.00    2.00    0.00    0.00  203.00     1  qemu-system-aar
05:45:24     1000         -   2779487    1.00    2.00    0.00    0.00    3.00     1  |__qemu-system-aar
05:45:24     1000         -   2779495    0.00    0.00    0.00    0.00    0.00     8  |__call_rcu
05:45:24     1000         -   2779510   99.00    0.00    0.00    0.00   99.00    20  |__CPU 0/TCG
05:45:24     1000         -   2779511    0.00    0.00    0.00    0.00    0.00    19  |__CPU 1/TCG
05:45:24     1000         -   2779512   98.00    1.00    0.00    0.00   99.00    16  |__CPU 2/TCG
05:45:24     1000         -   2779513    0.00    0.00    0.00    0.00    0.00     6  |__CPU 3/TCG
05:45:25     1000   2779487         -  199.00    4.00    0.00    0.00  203.00     3  qemu-system-aar
05:45:25     1000         -   2779487    1.00    3.00    0.00    0.00    4.00     3  |__qemu-system-aar
05:45:25     1000         -   2779495    0.00    0.00    0.00    0.00    0.00     8  |__call_rcu
05:45:25     1000         -   2779510   99.00    1.00    0.00    0.00  100.00    20  |__CPU 0/TCG
05:45:25     1000         -   2779511    0.00    0.00    0.00    0.00    0.00    22  |__CPU 1/TCG
05:45:25     1000         -   2779512   98.00    2.00    0.00    0.00  100.00    16  |__CPU 2/TCG
05:45:25     1000         -   2779513    0.00    0.00    0.00    0.00    0.00     6  |__CPU 3/TCG
05:45:26     1000   2779487         -  200.00    3.00    0.00    0.00  203.00     3  qemu-system-aar
05:45:26     1000         -   2779487    1.00    2.00    0.00    0.00    3.00     3  |__qemu-system-aar
05:45:26     1000         -   2779495    0.00    0.00    0.00    0.00    0.00     8  |__call_rcu
05:45:26     1000         -   2779510   98.00    0.00    0.00    0.00   98.00    20  |__CPU 0/TCG
05:45:26     1000         -   2779511    1.00    0.00    0.00    0.00    1.00    22  |__CPU 1/TCG
05:45:26     1000         -   2779512   99.00    1.00    0.00    0.00  100.00    16  |__CPU 2/TCG
05:45:26     1000         -   2779513    0.00    0.00    0.00    0.00    0.00     6  |__CPU 3/TCG
05:45:27     1000   2779487         -  199.00    3.00    0.00    0.00  202.00     6  qemu-system-aar
05:45:27     1000         -   2779487    1.00    2.00    0.00    0.00    3.00     6  |__qemu-system-aar
05:45:27     1000         -   2779495    0.00    0.00    0.00    0.00    0.00     8  |__call_rcu
05:45:27     1000         -   2779510   99.00    1.00    0.00    0.00  100.00    20  |__CPU 0/TCG
05:45:27     1000         -   2779511    1.00    0.00    0.00    0.00    1.00    22  |__CPU 1/TCG
05:45:27     1000         -   2779512   98.00    1.00    0.00    0.00   99.00    16  |__CPU 2/TCG
05:45:27     1000         -   2779513    0.00    0.00    0.00    0.00    0.00     6  |__CPU 3/TCG
05:45:28     1000   2779487         -  200.00    3.00    0.00    0.00  203.00     7  qemu-system-aar
05:45:28     1000         -   2779487    1.00    2.00    0.00    0.00    3.00     7  |__qemu-system-aar
05:45:28     1000         -   2779495    0.00    0.00    0.00    0.00    0.00     8  |__call_rcu
05:45:28     1000         -   2779510   99.00    1.00    0.00    0.00  100.00    20  |__CPU 0/TCG
05:45:28     1000         -   2779511    0.00    0.00    0.00    0.00    0.00    22  |__CPU 1/TCG
05:45:28     1000         -   2779512   99.00    1.00    0.00    0.00  100.00    16  |__CPU 2/TCG
05:45:28     1000         -   2779513    0.00    0.00    0.00    0.00    0.00     6  |__CPU 3/TCG
05:45:29     1000   2779487         -  200.00    2.00    0.00    0.00  202.00    19  qemu-system-aar
05:45:29     1000         -   2779487    1.00    3.00    0.00    0.00    4.00    19  |__qemu-system-aar
05:45:29     1000         -   2779495    0.00    0.00    0.00    0.00    0.00     8  |__call_rcu
05:45:29     1000         -   2779510   98.00    0.00    0.00    0.00   98.00    20  |__CPU 0/TCG
05:45:29     1000         -   2779511    1.00    0.00    0.00    0.00    1.00    22  |__CPU 1/TCG
05:45:29     1000         -   2779512   99.00    1.00    0.00    0.00  100.00    16  |__CPU 2/TCG
05:45:29     1000         -   2779513    0.00    0.00    0.00    0.00    0.00     6  |__CPU 3/TCG
05:45:30     1000   2779487         -  200.00    4.00    0.00    0.00  204.00    21  qemu-system-aar
05:45:30     1000         -   2779487    1.00    2.00    0.00    0.00    3.00    21  |__qemu-system-aar
05:45:30     1000         -   2779495    0.00    0.00    0.00    0.00    0.00     8  |__call_rcu
05:45:30     1000         -   2779510   99.00    1.00    0.00    0.00  100.00    20  |__CPU 0/TCG
05:45:30     1000         -   2779511    0.00    0.00    0.00    0.00    0.00    23  |__CPU 1/TCG
05:45:30     1000         -   2779512   99.00    1.00    0.00    0.00  100.00     0  |__CPU 2/TCG
05:45:30     1000         -   2779513    0.00    0.00    0.00    0.00    0.00     6  |__CPU 3/TCG
05:45:31     1000   2779487         -  200.00    3.00    0.00    0.00  203.00     1  qemu-system-aar
05:45:31     1000         -   2779487    1.00    3.00    0.00    0.00    4.00     1  |__qemu-system-aar
05:45:31     1000         -   2779495    0.00    0.00    0.00    0.00    0.00     8  |__call_rcu
05:45:31     1000         -   2779510   99.00    0.00    0.00    0.00   99.00    20  |__CPU 0/TCG
05:45:31     1000         -   2779511    1.00    0.00    0.00    0.00    1.00    22  |__CPU 1/TCG
05:45:31     1000         -   2779512   98.00    1.00    0.00    0.00   99.00    16  |__CPU 2/TCG
05:45:31     1000         -   2779513    0.00    0.00    0.00    0.00    0.00     6  |__CPU 3/TCG
05:45:32     1000   2779487         -  199.00    3.00    0.00    0.00  202.00     1  qemu-system-aar
05:45:32     1000         -   2779487    2.00    2.00    0.00    0.00    4.00     1  |__qemu-system-aar
05:45:32     1000         -   2779495    0.00    0.00    0.00    0.00    0.00     8  |__call_rcu
05:45:32     1000         -   2779510   99.00    1.00    0.00    0.00  100.00    20  |__CPU 0/TCG
05:45:32     1000         -   2779511    0.00    0.00    0.00    0.00    0.00    22  |__CPU 1/TCG
05:45:32     1000         -   2779512   98.00    2.00    0.00    0.00  100.00    16  |__CPU 2/TCG
05:45:32     1000         -   2779513    0.00    0.00    0.00    0.00    0.00     6  |__CPU 3/TCG
05:45:33     1000   2779487         -  201.00    2.00    0.00    0.00  203.00     6  qemu-system-aar
05:45:33     1000         -   2779487    1.00    2.00    0.00    0.00    3.00     6  |__qemu-system-aar
05:45:33     1000         -   2779495    0.00    0.00    0.00    0.00    0.00     8  |__call_rcu
05:45:33     1000         -   2779510   99.00    0.00    0.00    0.00   99.00     4  |__CPU 0/TCG
05:45:33     1000         -   2779511    1.00    0.00    0.00    0.00    1.00    22  |__CPU 1/TCG
05:45:33     1000         -   2779512   98.00    1.00    0.00    0.00   99.00    16  |__CPU 2/TCG
05:45:33     1000         -   2779513    0.00    0.00    0.00    0.00    0.00     6  |__CPU 3/TCG
05:45:34     1000   2779487         -  199.00    4.00    0.00    0.00  203.00    23  qemu-system-aar
05:45:34     1000         -   2779487    1.00    2.00    0.00    0.00    3.00    23  |__qemu-system-aar
05:45:34     1000         -   2779495    0.00    0.00    0.00    0.00    0.00     8  |__call_rcu
05:45:34     1000         -   2779510   99.00    1.00    0.00    0.00  100.00     4  |__CPU 0/TCG
05:45:34     1000         -   2779511    0.00    0.00    0.00    0.00    0.00    22  |__CPU 1/TCG
05:45:34     1000         -   2779512   99.00    1.00    0.00    0.00  100.00    16  |__CPU 2/TCG
05:45:34     1000         -   2779513    0.00    0.00    0.00    0.00    0.00     6  |__CPU 3/TCG
05:45:35     1000   2779487         -  201.00    3.00    0.00    0.00  204.00    23  qemu-system-aar
05:45:35     1000         -   2779487    1.00    2.00    0.00    0.00    3.00    23  |__qemu-system-aar
05:45:35     1000         -   2779495    0.00    0.00    0.00    0.00    0.00     8  |__call_rcu
05:45:35     1000         -   2779510   99.00    0.00    0.00    0.00   99.00     4  |__CPU 0/TCG
05:45:35     1000         -   2779511    1.00    0.00    0.00    0.00    1.00    22  |__CPU 1/TCG
05:45:35     1000         -   2779512   98.00    1.00    0.00    0.00   99.00     0  |__CPU 2/TCG
05:45:35     1000         -   2779513    0.00    0.00    0.00    0.00    0.00     6  |__CPU 3/TCG
05:45:36     1000   2779487         -  200.00    2.00    0.00    0.00  202.00     3  qemu-system-aar
05:45:36     1000         -   2779487    1.00    3.00    0.00    0.00    4.00     3  |__qemu-system-aar
05:45:36     1000         -   2779495    0.00    0.00    0.00    0.00    0.00     8  |__call_rcu
05:45:36     1000         -   2779510   99.00    0.00    0.00    0.00   99.00     4  |__CPU 0/TCG
05:45:36     1000         -   2779511    0.00    0.00    0.00    0.00    0.00    22  |__CPU 1/TCG
05:45:36     1000         -   2779512   99.00    1.00    0.00    0.00  100.00     0  |__CPU 2/TCG
05:45:36     1000         -   2779513    0.00    0.00    0.00    0.00    0.00     6  |__CPU 3/TCG
05:45:37     1000   2779487         -  200.00    3.00    0.00    0.00  203.00    19  qemu-system-aar
05:45:37     1000         -   2779487    1.00    2.00    0.00    0.00    3.00    19  |__qemu-system-aar
05:45:37     1000         -   2779495    0.00    0.00    0.00    0.00    0.00     8  |__call_rcu
05:45:37     1000         -   2779510   99.00    1.00    0.00    0.00  100.00     4  |__CPU 0/TCG
05:45:37     1000         -   2779511    1.00    0.00    0.00    0.00    1.00     3  |__CPU 1/TCG
05:45:37     1000         -   2779512   99.00    1.00    0.00    0.00  100.00     0  |__CPU 2/TCG
05:45:37     1000         -   2779513    0.00    0.00    0.00    0.00    0.00     6  |__CPU 3/TCG
05:45:38     1000   2779487         -  200.00    2.00    0.00    0.00  202.00     3  qemu-system-aar
05:45:38     1000         -   2779487    1.00    2.00    0.00    0.00    3.00     3  |__qemu-system-aar
05:45:38     1000         -   2779495    0.00    0.00    0.00    0.00    0.00     8  |__call_rcu
05:45:38     1000         -   2779510   99.00    0.00    0.00    0.00   99.00     4  |__CPU 0/TCG
05:45:38     1000         -   2779511    0.00    0.00    0.00    0.00    0.00     3  |__CPU 1/TCG
05:45:38     1000         -   2779512   98.00    1.00    0.00    0.00   99.00     0  |__CPU 2/TCG
05:45:38     1000         -   2779513    0.00    0.00    0.00    0.00    0.00     6  |__CPU 3/TCG
05:45:39     1000   2779487         -  200.00    4.00    0.00    0.00  204.00     5  qemu-system-aar
05:45:39     1000         -   2779487    2.00    1.00    0.00    0.00    3.00     5  |__qemu-system-aar
05:45:39     1000         -   2779495    0.00    0.00    0.00    0.00    0.00     8  |__call_rcu
05:45:39     1000         -   2779510   98.00    1.00    0.00    0.00   99.00     4  |__CPU 0/TCG
05:45:39     1000         -   2779511    1.00    0.00    0.00    0.00    1.00     1  |__CPU 1/TCG
05:45:39     1000         -   2779512   98.00    2.00    0.00    0.00  100.00     0  |__CPU 2/TCG
05:45:39     1000         -   2779513    0.00    0.00    0.00    0.00    0.00     6  |__CPU 3/TCG
05:45:40     1000   2779487         -  200.00    2.00    0.00    0.00  202.00     6  qemu-system-aar
05:45:40     1000         -   2779487    1.00    3.00    0.00    0.00    4.00     6  |__qemu-system-aar
05:45:40     1000         -   2779495    0.00    0.00    0.00    0.00    0.00     8  |__call_rcu
05:45:40     1000         -   2779510   99.00    1.00    0.00    0.00  100.00    20  |__CPU 0/TCG
05:45:40     1000         -   2779511    0.00    0.00    0.00    0.00    0.00     3  |__CPU 1/TCG
05:45:40     1000         -   2779512   99.00    0.00    0.00    0.00   99.00     0  |__CPU 2/TCG
05:45:40     1000         -   2779513    0.00    0.00    0.00    0.00    0.00     6  |__CPU 3/TCG
05:45:41     1000   2779487         -  200.00    3.00    0.00    0.00  203.00     1  qemu-system-aar
05:45:41     1000         -   2779487    1.00    2.00    0.00    0.00    3.00     1  |__qemu-system-aar
05:45:41     1000         -   2779495    0.00    0.00    0.00    0.00    0.00     8  |__call_rcu
05:45:41     1000         -   2779510   99.00    0.00    0.00    0.00   99.00    20  |__CPU 0/TCG
05:45:41     1000         -   2779511    0.00    0.00    0.00    0.00    0.00     3  |__CPU 1/TCG
05:45:41     1000         -   2779512   99.00    1.00    0.00    0.00  100.00     0  |__CPU 2/TCG
05:45:41     1000         -   2779513    0.00    0.00    0.00    0.00    0.00     6  |__CPU 3/TCG
05:45:42     1000   2779487         -  200.00    3.00    0.00    0.00  203.00     5  qemu-system-aar
05:45:42     1000         -   2779487    1.00    2.00    0.00    0.00    3.00     5  |__qemu-system-aar
05:45:42     1000         -   2779495    0.00    0.00    0.00    0.00    0.00     8  |__call_rcu
05:45:42     1000         -   2779510   99.00    1.00    0.00    0.00  100.00    20  |__CPU 0/TCG
05:45:42     1000         -   2779511    1.00    0.00    0.00    0.00    1.00     3  |__CPU 1/TCG
05:45:42     1000         -   2779512   99.00    1.00    0.00    0.00  100.00     0  |__CPU 2/TCG
05:45:42     1000         -   2779513    0.00    0.00    0.00    0.00    0.00     6  |__CPU 3/TCG
05:45:43     1000   2779487         -  200.00    2.00    0.00    0.00  202.00    18  qemu-system-aar
05:45:43     1000         -   2779487    2.00    2.00    0.00    0.00    4.00    18  |__qemu-system-aar
05:45:43     1000         -   2779495    0.00    0.00    0.00    0.00    0.00     8  |__call_rcu
05:45:43     1000         -   2779510   99.00    0.00    0.00    0.00   99.00    20  |__CPU 0/TCG
05:45:43     1000         -   2779511    1.00    0.00    0.00    0.00    1.00     3  |__CPU 1/TCG
05:45:43     1000         -   2779512   99.00    1.00    0.00    0.00  100.00     0  |__CPU 2/TCG
05:45:43     1000         -   2779513    0.00    0.00    0.00    0.00    0.00     6  |__CPU 3/TCG
05:45:44     1000   2779487         -  201.00    3.00    0.00    0.00  204.00     2  qemu-system-aar
05:45:44     1000         -   2779487    1.00    2.00    0.00    0.00    3.00     2  |__qemu-system-aar
05:45:44     1000         -   2779495    0.00    0.00    0.00    0.00    0.00     8  |__call_rcu
05:45:44     1000         -   2779510   99.00    0.00    0.00    0.00   99.00    20  |__CPU 0/TCG
05:45:44     1000         -   2779511    0.00    0.00    0.00    0.00    0.00     3  |__CPU 1/TCG
05:45:44     1000         -   2779512   98.00    1.00    0.00    0.00   99.00     0  |__CPU 2/TCG
05:45:44     1000         -   2779513    0.00    0.00    0.00    0.00    0.00     6  |__CPU 3/TCG
05:45:45     1000   2779487         -  200.00    2.00    0.00    0.00  202.00    18  qemu-system-aar
05:45:45     1000         -   2779487    1.00    2.00    0.00    0.00    3.00    18  |__qemu-system-aar
05:45:45     1000         -   2779495    0.00    0.00    0.00    0.00    0.00     8  |__call_rcu
05:45:45     1000         -   2779510   99.00    0.00    0.00    0.00   99.00    20  |__CPU 0/TCG
05:45:45     1000         -   2779511    1.00    0.00    0.00    0.00    1.00     3  |__CPU 1/TCG
05:45:45     1000         -   2779512   99.00    1.00    0.00    0.00  100.00     0  |__CPU 2/TCG
05:45:45     1000         -   2779513    0.00    0.00    0.00    0.00    0.00     6  |__CPU 3/TCG
05:45:46     1000   2779487         -  201.00    2.00    0.00    0.00  203.00     6  qemu-system-aar
05:45:46     1000         -   2779487    2.00    2.00    0.00    0.00    4.00     6  |__qemu-system-aar
05:45:46     1000         -   2779495    0.00    0.00    0.00    0.00    0.00     8  |__call_rcu
05:45:46     1000         -   2779510  100.00    1.00    0.00    0.00  101.00    20  |__CPU 0/TCG
05:45:46     1000         -   2779511    0.00    0.00    0.00    0.00    0.00     3  |__CPU 1/TCG
05:45:46     1000         -   2779512   98.00    1.00    0.00    0.00   99.00     0  |__CPU 2/TCG
05:45:46     1000         -   2779513    0.00    0.00    0.00    0.00    0.00     6  |__CPU 3/TCG
05:45:47     1000   2779487         -  200.00    3.00    0.00    1.00  203.00     6  qemu-system-aar
05:45:47     1000         -   2779487    1.00    3.00    0.00    1.00    4.00     6  |__qemu-system-aar
05:45:47     1000         -   2779495    0.00    0.00    0.00    0.00    0.00     8  |__call_rcu
05:45:47     1000         -   2779510   99.00    0.00    0.00    0.00   99.00    20  |__CPU 0/TCG
05:45:47     1000         -   2779511    0.00    0.00    0.00    0.00    0.00     3  |__CPU 1/TCG
05:45:47     1000         -   2779512   99.00    1.00    0.00    0.00  100.00     0  |__CPU 2/TCG
05:45:47     1000         -   2779513    0.00    0.00    0.00    0.00    0.00     6  |__CPU 3/TCG
05:45:48     1000   2779487         -  200.00    3.00    0.00    0.00  203.00     7  qemu-system-aar
05:45:48     1000         -   2779487    0.00    2.00    0.00    0.00    2.00     7  |__qemu-system-aar
05:45:48     1000         -   2779495    0.00    0.00    0.00    0.00    0.00     8  |__call_rcu
05:45:48     1000         -   2779510   99.00    0.00    0.00    0.00   99.00    20  |__CPU 0/TCG
05:45:48     1000         -   2779511    1.00    0.00    0.00    0.00    1.00     5  |__CPU 1/TCG
05:45:48     1000         -   2779512   98.00    1.00    0.00    0.00   99.00     0  |__CPU 2/TCG
05:45:48     1000         -   2779513    0.00    0.00    0.00    0.00    0.00     6  |__CPU 3/TCG
05:45:49     1000   2779487         -  200.00    2.00    0.00    0.00  202.00    16  qemu-system-aar
05:45:49     1000         -   2779487    2.00    2.00    0.00    0.00    4.00    16  |__qemu-system-aar
05:45:49     1000         -   2779495    0.00    0.00    0.00    0.00    0.00     8  |__call_rcu
05:45:49     1000         -   2779510   99.00    0.00    0.00    0.00   99.00    20  |__CPU 0/TCG
05:45:49     1000         -   2779511    0.00    0.00    0.00    0.00    0.00     3  |__CPU 1/TCG
05:45:49     1000         -   2779512   98.00    2.00    0.00    0.00  100.00     0  |__CPU 2/TCG
05:45:49     1000         -   2779513    0.00    0.00    0.00    0.00    0.00     6  |__CPU 3/TCG
05:45:50     1000   2779487         -  199.00    5.00    0.00    0.00  204.00    21  qemu-system-aar
05:45:50     1000         -   2779487    1.00    3.00    0.00    0.00    4.00    21  |__qemu-system-aar
05:45:50     1000         -   2779495    0.00    0.00    0.00    0.00    0.00     8  |__call_rcu
05:45:50     1000         -   2779510   98.00    1.00    0.00    0.00   99.00    20  |__CPU 0/TCG
05:45:50     1000         -   2779511    1.00    0.00    0.00    0.00    1.00     5  |__CPU 1/TCG
05:45:50     1000         -   2779512   99.00    1.00    0.00    0.00  100.00     2  |__CPU 2/TCG
05:45:50     1000         -   2779513    0.00    0.00    0.00    0.00    0.00     6  |__CPU 3/TCG
05:45:51     1000   2779487         -  199.00    3.00    0.00    0.00  202.00    19  qemu-system-aar
05:45:51     1000         -   2779487    0.00    3.00    0.00    0.00    3.00    19  |__qemu-system-aar
05:45:51     1000         -   2779495    0.00    0.00    0.00    0.00    0.00     8  |__call_rcu
05:45:51     1000         -   2779510   99.00    1.00    0.00    0.00  100.00    20  |__CPU 0/TCG
05:45:51     1000         -   2779511    0.00    0.00    0.00    0.00    0.00     5  |__CPU 1/TCG
05:45:51     1000         -   2779512   98.00    1.00    0.00    0.00   99.00     2  |__CPU 2/TCG
05:45:51     1000         -   2779513    0.00    0.00    0.00    0.00    0.00     6  |__CPU 3/TCG
05:45:52     1000   2779487         -  200.00    3.00    0.00    0.00  203.00     6  qemu-system-aar
05:45:52     1000         -   2779487    2.00    2.00    0.00    0.00    4.00     6  |__qemu-system-aar
05:45:52     1000         -   2779495    0.00    0.00    0.00    0.00    0.00     8  |__call_rcu
05:45:52     1000         -   2779510   99.00    0.00    0.00    0.00   99.00    20  |__CPU 0/TCG
05:45:52     1000         -   2779511    1.00    0.00    0.00    0.00    1.00     7  |__CPU 1/TCG
05:45:52     1000         -   2779512   99.00    1.00    0.00    0.00  100.00     2  |__CPU 2/TCG
05:45:52     1000         -   2779513    0.00    0.00    0.00    0.00    0.00     6  |__CPU 3/TCG
05:45:53     1000   2779487         -  201.00    2.00    0.00    0.00  203.00     7  qemu-system-aar
05:45:53     1000         -   2779487    1.00    2.00    0.00    0.00    3.00     7  |__qemu-system-aar
05:45:53     1000         -   2779495    0.00    0.00    0.00    0.00    0.00     8  |__call_rcu
05:45:53     1000         -   2779510   98.00    1.00    0.00    0.00   99.00     4  |__CPU 0/TCG
05:45:53     1000         -   2779511    0.00    0.00    0.00    0.00    0.00     5  |__CPU 1/TCG
05:45:53     1000         -   2779512   99.00    0.00    0.00    0.00   99.00     2  |__CPU 2/TCG
05:45:53     1000         -   2779513    0.00    0.00    0.00    0.00    0.00     6  |__CPU 3/TCG
05:45:54     1000   2779487         -  200.00    3.00    0.00    0.00  203.00    22  qemu-system-aar
05:45:54     1000         -   2779487    1.00    3.00    0.00    0.00    4.00    22  |__qemu-system-aar
05:45:54     1000         -   2779495    0.00    0.00    0.00    0.00    0.00     8  |__call_rcu
05:45:54     1000         -   2779510   99.00    0.00    0.00    0.00   99.00     4  |__CPU 0/TCG
05:45:54     1000         -   2779511    1.00    0.00    0.00    0.00    1.00     6  |__CPU 1/TCG
05:45:54     1000         -   2779512   99.00    2.00    0.00    0.00  101.00    16  |__CPU 2/TCG
05:45:54     1000         -   2779513    0.00    0.00    0.00    0.00    0.00     6  |__CPU 3/TCG
05:45:55     1000   2779487         -  201.00    2.00    0.00    0.00  203.00    23  qemu-system-aar
05:45:55     1000         -   2779487    1.00    2.00    0.00    0.00    3.00    23  |__qemu-system-aar
05:45:55     1000         -   2779495    0.00    0.00    0.00    0.00    0.00     8  |__call_rcu
05:45:55     1000         -   2779510   99.00    0.00    0.00    0.00   99.00    20  |__CPU 0/TCG
05:45:55     1000         -   2779511    0.00    0.00    0.00    0.00    0.00     6  |__CPU 1/TCG
05:45:55     1000         -   2779512   98.00    1.00    0.00    0.00   99.00    16  |__CPU 2/TCG
05:45:55     1000         -   2779513    0.00    0.00    0.00    0.00    0.00     6  |__CPU 3/TCG
05:45:56     1000   2779487         -  201.00    2.00    0.00    0.00  203.00     1  qemu-system-aar
05:45:56     1000         -   2779487    2.00    2.00    0.00    0.00    4.00     1  |__qemu-system-aar
05:45:56     1000         -   2779495    0.00    0.00    0.00    0.00    0.00     8  |__call_rcu
05:45:56     1000         -   2779510  100.00    1.00    0.00    0.00  101.00    20  |__CPU 0/TCG
05:45:56     1000         -   2779511    1.00    0.00    0.00    0.00    1.00     6  |__CPU 1/TCG
05:45:56     1000         -   2779512   99.00    1.00    0.00    0.00  100.00     0  |__CPU 2/TCG
05:45:56     1000         -   2779513    0.00    0.00    0.00    0.00    0.00     6  |__CPU 3/TCG
05:45:57     1000   2779487         -  199.00    3.00    0.00    0.00  202.00     1  qemu-system-aar
05:45:57     1000         -   2779487    1.00    2.00    0.00    0.00    3.00     1  |__qemu-system-aar
05:45:57     1000         -   2779495    0.00    0.00    0.00    0.00    0.00     8  |__call_rcu
05:45:57     1000         -   2779510   98.00    0.00    0.00    0.00   98.00    20  |__CPU 0/TCG
05:45:57     1000         -   2779511    1.00    0.00    0.00    0.00    1.00     6  |__CPU 1/TCG
05:45:57     1000         -   2779512   99.00    1.00    0.00    0.00  100.00     0  |__CPU 2/TCG
05:45:57     1000         -   2779513    0.00    0.00    0.00    0.00    0.00     6  |__CPU 3/TCG
05:45:58     1000   2779487         -  199.00    4.00    0.00    0.00  203.00     5  qemu-system-aar
05:45:58     1000         -   2779487    1.00    2.00    0.00    0.00    3.00     5  |__qemu-system-aar
05:45:58     1000         -   2779495    0.00    0.00    0.00    0.00    0.00     8  |__call_rcu
05:45:58     1000         -   2779510   99.00    1.00    0.00    0.00  100.00    20  |__CPU 0/TCG
05:45:58     1000         -   2779511    0.00    0.00    0.00    0.00    0.00     7  |__CPU 1/TCG
05:45:58     1000         -   2779512   97.00    2.00    0.00    0.00   99.00     0  |__CPU 2/TCG
05:45:58     1000         -   2779513    0.00    0.00    0.00    0.00    0.00     6  |__CPU 3/TCG
05:45:59     1000   2779487         -  201.00    2.00    0.00    0.00  203.00    22  qemu-system-aar
05:45:59     1000         -   2779487    1.00    2.00    0.00    0.00    3.00    22  |__qemu-system-aar
05:45:59     1000         -   2779495    0.00    0.00    0.00    0.00    0.00     8  |__call_rcu
05:45:59     1000         -   2779510   99.00    0.00    0.00    0.00   99.00    20  |__CPU 0/TCG
05:45:59     1000         -   2779511    1.00    0.00    0.00    0.00    1.00     7  |__CPU 1/TCG
05:45:59     1000         -   2779512   99.00    0.00    0.00    0.00   99.00     0  |__CPU 2/TCG
05:45:59     1000         -   2779513    0.00    0.00    0.00    0.00    0.00     6  |__CPU 3/TCG
05:46:00     1000   2779487         -  201.00    3.00    0.00    0.00  204.00     2  qemu-system-aar
05:46:00     1000         -   2779487    1.00    3.00    0.00    0.00    4.00     2  |__qemu-system-aar
05:46:00     1000         -   2779495    0.00    0.00    0.00    0.00    0.00     8  |__call_rcu
05:46:00     1000         -   2779510   99.00    0.00    0.00    0.00   99.00    20  |__CPU 0/TCG
05:46:00     1000         -   2779511    0.00    0.00    0.00    0.00    0.00     6  |__CPU 1/TCG
05:46:00     1000         -   2779512   99.00    1.00    0.00    0.00  100.00    16  |__CPU 2/TCG
05:46:00     1000         -   2779513    0.00    0.00    0.00    0.00    0.00     6  |__CPU 3/TCG
05:46:01     1000   2779487         -  200.00    2.00    0.00    0.00  202.00     1  qemu-system-aar
05:46:01     1000         -   2779487    2.00    1.00    0.00    0.00    3.00     1  |__qemu-system-aar
05:46:01     1000         -   2779495    0.00    0.00    0.00    0.00    0.00     8  |__call_rcu
05:46:01     1000         -   2779510   99.00    1.00    0.00    0.00  100.00    20  |__CPU 0/TCG
05:46:01     1000         -   2779511    1.00    0.00    0.00    0.00    1.00     2  |__CPU 1/TCG
05:46:01     1000         -   2779512   98.00    1.00    0.00    0.00   99.00    16  |__CPU 2/TCG
05:46:01     1000         -   2779513    0.00    0.00    0.00    0.00    0.00     6  |__CPU 3/TCG
05:46:02     1000   2779487         -  199.00    4.00    0.00    0.00  203.00    23  qemu-system-aar
05:46:02     1000         -   2779487    2.00    2.00    0.00    0.00    4.00    23  |__qemu-system-aar
05:46:02     1000         -   2779495    0.00    0.00    0.00    0.00    0.00     8  |__call_rcu
05:46:02     1000         -   2779510   98.00    0.00    0.00    0.00   98.00    20  |__CPU 0/TCG
05:46:02     1000         -   2779511    1.00    0.00    0.00    0.00    1.00    17  |__CPU 1/TCG
05:46:02     1000         -   2779512   98.00    2.00    0.00    0.00  100.00    16  |__CPU 2/TCG
05:46:02     1000         -   2779513    0.00    0.00    0.00    0.00    0.00     6  |__CPU 3/TCG
05:46:03     1000   2779487         -  201.00    2.00    0.00    0.00  203.00    23  qemu-system-aar
05:46:03     1000         -   2779487    1.00    2.00    0.00    0.00    3.00    23  |__qemu-system-aar
05:46:03     1000         -   2779495    0.00    0.00    0.00    0.00    0.00     8  |__call_rcu
05:46:03     1000         -   2779510   99.00    1.00    0.00    0.00  100.00    20  |__CPU 0/TCG
05:46:03     1000         -   2779511    0.00    0.00    0.00    0.00    0.00     7  |__CPU 1/TCG
05:46:03     1000         -   2779512   99.00    1.00    0.00    0.00  100.00    16  |__CPU 2/TCG
05:46:03     1000         -   2779513    0.00    0.00    0.00    0.00    0.00     6  |__CPU 3/TCG
05:46:04     1000   2779487         -  199.00    3.00    0.00    0.00  202.00    23  qemu-system-aar
05:46:04     1000         -   2779487    0.00    3.00    0.00    0.00    3.00    23  |__qemu-system-aar
05:46:04     1000         -   2779495    0.00    0.00    0.00    0.00    0.00     8  |__call_rcu
05:46:04     1000         -   2779510   99.00    1.00    0.00    0.00  100.00     4  |__CPU 0/TCG
05:46:04     1000         -   2779511    1.00    0.00    0.00    0.00    1.00    17  |__CPU 1/TCG
05:46:04     1000         -   2779512   99.00    1.00    0.00    0.00  100.00     0  |__CPU 2/TCG
05:46:04     1000         -   2779513    0.00    0.00    0.00    0.00    0.00     6  |__CPU 3/TCG
05:46:05     1000   2779487         -  199.00    5.00    0.00    0.00  204.00    16  qemu-system-aar
05:46:05     1000         -   2779487    2.00    2.00    0.00    0.00    4.00    16  |__qemu-system-aar
05:46:05     1000         -   2779495    0.00    0.00    0.00    0.00    0.00     8  |__call_rcu
05:46:05     1000         -   2779510   99.00    0.00    0.00    0.00   99.00     4  |__CPU 0/TCG
05:46:05     1000         -   2779511    0.00    0.00    0.00    0.00    0.00    17  |__CPU 1/TCG
05:46:05     1000         -   2779512   98.00    1.00    0.00    0.00   99.00     2  |__CPU 2/TCG
05:46:05     1000         -   2779513    0.00    0.00    0.00    0.00    0.00     6  |__CPU 3/TCG
05:46:06     1000   2779487         -  200.00    2.00    0.00    0.00  202.00     7  qemu-system-aar
05:46:06     1000         -   2779487    1.00    3.00    0.00    0.00    4.00     7  |__qemu-system-aar
05:46:06     1000         -   2779495    0.00    0.00    0.00    0.00    0.00     8  |__call_rcu
05:46:06     1000         -   2779510   98.00    1.00    0.00    0.00   99.00     4  |__CPU 0/TCG
05:46:06     1000         -   2779511    0.00    0.00    0.00    0.00    0.00    21  |__CPU 1/TCG
05:46:06     1000         -   2779512   98.00    1.00    0.00    0.00   99.00    18  |__CPU 2/TCG
05:46:06     1000         -   2779513    0.00    0.00    0.00    0.00    0.00     6  |__CPU 3/TCG
05:46:07     1000   2779487         -  200.00    3.00    0.00    0.00  203.00    20  qemu-system-aar
05:46:07     1000         -   2779487    1.00    2.00    0.00    0.00    3.00    20  |__qemu-system-aar
05:46:07     1000         -   2779495    0.00    0.00    0.00    0.00    0.00     8  |__call_rcu
05:46:07     1000         -   2779510   99.00    0.00    0.00    0.00   99.00     4  |__CPU 0/TCG
05:46:07     1000         -   2779511    1.00    0.00    0.00    0.00    1.00    21  |__CPU 1/TCG
05:46:07     1000         -   2779512   99.00    1.00    0.00    1.00  100.00     0  |__CPU 2/TCG
05:46:07     1000         -   2779513    0.00    0.00    0.00    0.00    0.00     6  |__CPU 3/TCG
05:46:08     1000   2779487         -  201.00    2.00    0.00    0.00  203.00    16  qemu-system-aar
05:46:08     1000         -   2779487    2.00    2.00    0.00    0.00    4.00    16  |__qemu-system-aar
05:46:08     1000         -   2779495    0.00    0.00    0.00    0.00    0.00     8  |__call_rcu
05:46:08     1000         -   2779510   99.00    0.00    0.00    0.00   99.00    20  |__CPU 0/TCG
05:46:08     1000         -   2779511    0.00    0.00    0.00    0.00    0.00    22  |__CPU 1/TCG
05:46:08     1000         -   2779512   99.00    1.00    0.00    0.00  100.00     0  |__CPU 2/TCG
05:46:08     1000         -   2779513    0.00    0.00    0.00    0.00    0.00     6  |__CPU 3/TCG
05:46:09     1000   2779487         -  201.00    3.00    0.00    0.00  204.00    18  qemu-system-aar
05:46:09     1000         -   2779487    1.00    3.00    0.00    0.00    4.00    18  |__qemu-system-aar
05:46:09     1000         -   2779495    0.00    0.00    0.00    0.00    0.00     8  |__call_rcu
05:46:09     1000         -   2779510   99.00    1.00    0.00    0.00  100.00    20  |__CPU 0/TCG
05:46:09     1000         -   2779511    1.00    0.00    0.00    0.00    1.00    22  |__CPU 1/TCG
05:46:09     1000         -   2779512   99.00    1.00    0.00    0.00  100.00     2  |__CPU 2/TCG
05:46:09     1000         -   2779513    0.00    0.00    0.00    0.00    0.00     6  |__CPU 3/TCG
05:46:10     1000   2779487         -  201.00    3.00    0.00    0.00  204.00    21  qemu-system-aar
05:46:10     1000         -   2779487    2.00    3.00    0.00    0.00    5.00    21  |__qemu-system-aar
05:46:10     1000         -   2779495    0.00    0.00    0.00    0.00    0.00     8  |__call_rcu
05:46:10     1000         -   2779510   99.00    1.00    0.00    0.00  100.00    20  |__CPU 0/TCG
05:46:10     1000         -   2779511    1.00    0.00    0.00    0.00    1.00    22  |__CPU 1/TCG
05:46:10     1000         -   2779512   99.00    0.00    0.00    0.00   99.00     2  |__CPU 2/TCG
05:46:10     1000         -   2779513    0.00    0.00    0.00    0.00    0.00     6  |__CPU 3/TCG
05:46:11     1000   2779487         -  200.00    2.00    0.00    0.00  202.00    21  qemu-system-aar
05:46:11     1000         -   2779487    0.00    2.00    0.00    0.00    2.00    21  |__qemu-system-aar
05:46:11     1000         -   2779495    0.00    0.00    0.00    0.00    0.00     8  |__call_rcu
05:46:11     1000         -   2779510   99.00    0.00    0.00    0.00   99.00    20  |__CPU 0/TCG
05:46:11     1000         -   2779511    0.00    0.00    0.00    0.00    0.00    22  |__CPU 1/TCG
05:46:11     1000         -   2779512   98.00    1.00    0.00    0.00   99.00     2  |__CPU 2/TCG
05:46:11     1000         -   2779513    0.00    0.00    0.00    0.00    0.00     6  |__CPU 3/TCG
05:46:12     1000   2779487         -  200.00    3.00    0.00    0.00  203.00    22  qemu-system-aar
05:46:12     1000         -   2779487    2.00    2.00    0.00    0.00    4.00    22  |__qemu-system-aar
05:46:12     1000         -   2779495    0.00    0.00    0.00    0.00    0.00     8  |__call_rcu
05:46:12     1000         -   2779510   98.00    1.00    0.00    0.00   99.00    20  |__CPU 0/TCG
05:46:12     1000         -   2779511    1.00    0.00    0.00    0.00    1.00     1  |__CPU 1/TCG
05:46:12     1000         -   2779512   99.00    1.00    0.00    0.00  100.00     0  |__CPU 2/TCG
05:46:12     1000         -   2779513    0.00    0.00    0.00    0.00    0.00     6  |__CPU 3/TCG
05:46:13     1000   2779487         -  200.00    3.00    0.00    0.00  203.00    23  qemu-system-aar
05:46:13     1000         -   2779487    1.00    2.00    0.00    0.00    3.00    23  |__qemu-system-aar
05:46:13     1000         -   2779495    0.00    0.00    0.00    0.00    0.00     8  |__call_rcu
05:46:13     1000         -   2779510   99.00    0.00    0.00    0.00   99.00    20  |__CPU 0/TCG
05:46:13     1000         -   2779511    0.00    0.00    0.00    0.00    0.00     3  |__CPU 1/TCG
05:46:13     1000         -   2779512   98.00    1.00    0.00    0.00   99.00    16  |__CPU 2/TCG
05:46:13     1000         -   2779513    0.00    0.00    0.00    0.00    0.00     6  |__CPU 3/TCG
05:46:14     1000   2779487         -  200.00    3.00    0.00    0.00  203.00    23  qemu-system-aar
05:46:14     1000         -   2779487    1.00    3.00    0.00    0.00    4.00    23  |__qemu-system-aar
05:46:14     1000         -   2779495    0.00    0.00    0.00    0.00    0.00     8  |__call_rcu
05:46:14     1000         -   2779510   99.00    1.00    0.00    0.00  100.00     4  |__CPU 0/TCG
05:46:14     1000         -   2779511    1.00    0.00    0.00    0.00    1.00     3  |__CPU 1/TCG
05:46:14     1000         -   2779512   99.00    1.00    0.00    0.00  100.00    16  |__CPU 2/TCG
05:46:14     1000         -   2779513    0.00    0.00    0.00    0.00    0.00     6  |__CPU 3/TCG
05:46:15     1000   2779487         -  201.00    2.00    0.00    0.00  203.00    23  qemu-system-aar
05:46:15     1000         -   2779487    1.00    2.00    0.00    0.00    3.00    23  |__qemu-system-aar
05:46:15     1000         -   2779495    0.00    0.00    0.00    0.00    0.00     8  |__call_rcu
05:46:15     1000         -   2779510   99.00    0.00    0.00    0.00   99.00    20  |__CPU 0/TCG
05:46:15     1000         -   2779511    1.00    0.00    0.00    0.00    1.00     3  |__CPU 1/TCG
05:46:15     1000         -   2779512   98.00    1.00    0.00    0.00   99.00    16  |__CPU 2/TCG
05:46:15     1000         -   2779513    0.00    0.00    0.00    0.00    0.00     6  |__CPU 3/TCG
05:46:16     1000   2779487         -  199.00    3.00    0.00    0.00  202.00    23  qemu-system-aar
05:46:16     1000         -   2779487    1.00    2.00    0.00    0.00    3.00    23  |__qemu-system-aar
05:46:16     1000         -   2779495    0.00    0.00    0.00    0.00    0.00     8  |__call_rcu
05:46:16     1000         -   2779510   99.00    0.00    0.00    0.00   99.00    20  |__CPU 0/TCG
05:46:16     1000         -   2779511    0.00    0.00    0.00    0.00    0.00     3  |__CPU 1/TCG
05:46:16     1000         -   2779512   99.00    1.00    0.00    0.00  100.00    16  |__CPU 2/TCG
05:46:16     1000         -   2779513    0.00    0.00    0.00    0.00    0.00     6  |__CPU 3/TCG
05:46:17     1000   2779487         -  200.00    4.00    0.00    0.00  204.00    23  qemu-system-aar
05:46:17     1000         -   2779487    2.00    1.00    0.00    0.00    3.00    23  |__qemu-system-aar
05:46:17     1000         -   2779495    0.00    0.00    0.00    0.00    0.00     8  |__call_rcu
05:46:17     1000         -   2779510   99.00    1.00    0.00    0.00  100.00    20  |__CPU 0/TCG
05:46:17     1000         -   2779511    1.00    0.00    0.00    0.00    1.00     3  |__CPU 1/TCG
05:46:17     1000         -   2779512   98.00    2.00    0.00    0.00  100.00    16  |__CPU 2/TCG
05:46:17     1000         -   2779513    0.00    0.00    0.00    0.00    0.00     6  |__CPU 3/TCG
05:46:18     1000   2779487         -  200.00    3.00    0.00    0.00  203.00    23  qemu-system-aar
05:46:18     1000         -   2779487    1.00    2.00    0.00    0.00    3.00    23  |__qemu-system-aar
05:46:18     1000         -   2779495    0.00    0.00    0.00    0.00    0.00     8  |__call_rcu
05:46:18     1000         -   2779510   99.00    0.00    0.00    0.00   99.00    20  |__CPU 0/TCG
05:46:18     1000         -   2779511    0.00    0.00    0.00    0.00    0.00     3  |__CPU 1/TCG
05:46:18     1000         -   2779512   99.00    0.00    0.00    0.00   99.00    16  |__CPU 2/TCG
05:46:18     1000         -   2779513    0.00    0.00    0.00    0.00    0.00     6  |__CPU 3/TCG
05:46:19     1000   2779487         -  199.00    3.00    0.00    0.00  202.00    23  qemu-system-aar
05:46:19     1000         -   2779487    1.00    3.00    0.00    0.00    4.00    23  |__qemu-system-aar
05:46:19     1000         -   2779495    0.00    0.00    0.00    0.00    0.00     8  |__call_rcu
05:46:19     1000         -   2779510   99.00    1.00    0.00    0.00  100.00    20  |__CPU 0/TCG
05:46:19     1000         -   2779511    1.00    0.00    0.00    0.00    1.00     3  |__CPU 1/TCG
05:46:19     1000         -   2779512   98.00    2.00    0.00    0.00  100.00    16  |__CPU 2/TCG
05:46:19     1000         -   2779513    0.00    0.00    0.00    0.00    0.00     6  |__CPU 3/TCG
05:46:20     1000   2779487         -  201.00    2.00    0.00    0.00  203.00    23  qemu-system-aar
05:46:20     1000         -   2779487    2.00    1.00    0.00    0.00    3.00    23  |__qemu-system-aar
05:46:20     1000         -   2779495    0.00    0.00    0.00    0.00    0.00     8  |__call_rcu
05:46:20     1000         -   2779510   98.00    0.00    0.00    0.00   98.00    20  |__CPU 0/TCG
05:46:20     1000         -   2779511    0.00    0.00    0.00    0.00    0.00     7  |__CPU 1/TCG
05:46:20     1000         -   2779512   99.00    0.00    0.00    0.00   99.00    16  |__CPU 2/TCG
05:46:20     1000         -   2779513    0.00    0.00    0.00    0.00    0.00     6  |__CPU 3/TCG
05:46:21     1000   2779487         -  200.00    3.00    0.00    0.00  203.00    23  qemu-system-aar
05:46:21     1000         -   2779487    1.00    3.00    0.00    0.00    4.00    23  |__qemu-system-aar
05:46:21     1000         -   2779495    0.00    0.00    0.00    0.00    0.00     8  |__call_rcu
05:46:21     1000         -   2779510   99.00    1.00    0.00    0.00  100.00    20  |__CPU 0/TCG
05:46:21     1000         -   2779511    1.00    0.00    0.00    0.00    1.00     5  |__CPU 1/TCG
05:46:21     1000         -   2779512   99.00    1.00    0.00    0.00  100.00     0  |__CPU 2/TCG
05:46:21     1000         -   2779513    0.00    0.00    0.00    0.00    0.00     6  |__CPU 3/TCG
05:46:22     1000   2779487         -  199.00    4.00    0.00    0.00  203.00    16  qemu-system-aar
05:46:22     1000         -   2779487    2.00    2.00    0.00    0.00    4.00    16  |__qemu-system-aar
05:46:22     1000         -   2779495    0.00    0.00    0.00    0.00    0.00     8  |__call_rcu
05:46:22     1000         -   2779510   99.00    0.00    0.00    0.00   99.00    20  |__CPU 0/TCG
05:46:22     1000         -   2779511    0.00    0.00    0.00    0.00    0.00     5  |__CPU 1/TCG
05:46:22     1000         -   2779512   98.00    2.00    0.00    0.00  100.00     0  |__CPU 2/TCG
05:46:22     1000         -   2779513    0.00    0.00    0.00    0.00    0.00     6  |__CPU 3/TCG
05:46:23     1000   2779487         -  200.00    3.00    0.00    0.00  203.00    23  qemu-system-aar
05:46:23     1000         -   2779487    2.00    2.00    0.00    0.00    4.00    23  |__qemu-system-aar
05:46:23     1000         -   2779495    0.00    0.00    0.00    0.00    0.00     8  |__call_rcu
05:46:23     1000         -   2779510   98.00    1.00    0.00    1.00   99.00    20  |__CPU 0/TCG
05:46:23     1000         -   2779511    1.00    0.00    0.00    0.00    1.00    17  |__CPU 1/TCG
05:46:23     1000         -   2779512   99.00    0.00    0.00    0.00   99.00     2  |__CPU 2/TCG
05:46:23     1000         -   2779513    0.00    0.00    0.00    0.00    0.00     6  |__CPU 3/TCG
05:46:24     1000   2779487         -  200.00    3.00    0.00    0.00  203.00     3  qemu-system-aar
05:46:24     1000         -   2779487    1.00    2.00    0.00    0.00    3.00     3  |__qemu-system-aar
05:46:24     1000         -   2779495    0.00    0.00    0.00    0.00    0.00     8  |__call_rcu
05:46:24     1000         -   2779510   99.00    1.00    0.00    0.00  100.00    20  |__CPU 0/TCG
05:46:24     1000         -   2779511    0.00    0.00    0.00    0.00    0.00    23  |__CPU 1/TCG
05:46:24     1000         -   2779512   99.00    1.00    0.00    0.00  100.00     2  |__CPU 2/TCG
05:46:24     1000         -   2779513    0.00    0.00    0.00    0.00    0.00     6  |__CPU 3/TCG
05:46:25     1000   2779487         -  200.00    2.00    0.00    0.00  202.00    20  qemu-system-aar
05:46:25     1000         -   2779487    2.00    2.00    0.00    0.00    4.00    20  |__qemu-system-aar
05:46:25     1000         -   2779495    0.00    0.00    0.00    0.00    0.00     8  |__call_rcu
05:46:25     1000         -   2779510   99.00    0.00    0.00    0.00   99.00     9  |__CPU 0/TCG
05:46:25     1000         -   2779511    1.00    0.00    0.00    0.00    1.00     1  |__CPU 1/TCG
05:46:25     1000         -   2779512   98.00    2.00    0.00    0.00  100.00     4  |__CPU 2/TCG
05:46:25     1000         -   2779513    0.00    0.00    0.00    0.00    0.00     6  |__CPU 3/TCG
05:46:26     1000   2779487         -  201.00    3.00    0.00    0.00  204.00     3  qemu-system-aar
05:46:26     1000         -   2779487    1.00    2.00    0.00    0.00    3.00     3  |__qemu-system-aar
05:46:26     1000         -   2779495    0.00    0.00    0.00    0.00    0.00     8  |__call_rcu
05:46:26     1000         -   2779510   99.00    1.00    0.00    0.00  100.00    16  |__CPU 0/TCG
05:46:26     1000         -   2779511    0.00    0.00    0.00    0.00    0.00    22  |__CPU 1/TCG
05:46:26     1000         -   2779512   99.00    1.00    0.00    0.00  100.00    20  |__CPU 2/TCG
05:46:26     1000         -   2779513    0.00    0.00    0.00    0.00    0.00     6  |__CPU 3/TCG
05:46:27     1000   2779487         -  200.00    3.00    0.00    0.00  203.00    18  qemu-system-aar
05:46:27     1000         -   2779487    0.00    3.00    0.00    0.00    3.00    18  |__qemu-system-aar
05:46:27     1000         -   2779495    0.00    0.00    0.00    0.00    0.00     8  |__call_rcu
05:46:27     1000         -   2779510   99.00    0.00    0.00    0.00   99.00    20  |__CPU 0/TCG
05:46:27     1000         -   2779511    1.00    0.00    0.00    0.00    1.00    16  |__CPU 1/TCG
05:46:27     1000         -   2779512   98.00    1.00    0.00    0.00   99.00     2  |__CPU 2/TCG
05:46:27     1000         -   2779513    0.00    0.00    0.00    0.00    0.00     6  |__CPU 3/TCG
05:46:28     1000   2779487         -  198.00    5.00    0.00    0.00  203.00     9  qemu-system-aar
05:46:28     1000         -   2779487    2.00    3.00    0.00    0.00    5.00     9  |__qemu-system-aar
05:46:28     1000         -   2779495    0.00    0.00    0.00    0.00    0.00     8  |__call_rcu
05:46:28     1000         -   2779510   98.00    1.00    0.00    0.00   99.00    20  |__CPU 0/TCG
05:46:28     1000         -   2779511    0.00    0.00    0.00    0.00    0.00     6  |__CPU 1/TCG
05:46:28     1000         -   2779512   98.00    1.00    0.00    0.00   99.00    18  |__CPU 2/TCG
05:46:28     1000         -   2779513    0.00    0.00    0.00    0.00    0.00     6  |__CPU 3/TCG
05:46:29     1000   2779487         -  201.00    2.00    0.00    0.00  203.00    21  qemu-system-aar
05:46:29     1000         -   2779487    1.00    2.00    0.00    0.00    3.00    21  |__qemu-system-aar
05:46:29     1000         -   2779495    0.00    0.00    0.00    0.00    0.00     8  |__call_rcu
05:46:29     1000         -   2779510   99.00    1.00    0.00    0.00  100.00    20  |__CPU 0/TCG
05:46:29     1000         -   2779511    1.00    0.00    0.00    0.00    1.00     3  |__CPU 1/TCG
05:46:29     1000         -   2779512   99.00    1.00    0.00    0.00  100.00    18  |__CPU 2/TCG
05:46:29     1000         -   2779513    0.00    0.00    0.00    0.00    0.00     6  |__CPU 3/TCG
05:46:30     1000   2779487         -  200.00    3.00    0.00    0.00  203.00    23  qemu-system-aar
05:46:30     1000         -   2779487    2.00    2.00    0.00    0.00    4.00    23  |__qemu-system-aar
05:46:30     1000         -   2779495    0.00    0.00    0.00    0.00    0.00     8  |__call_rcu
05:46:30     1000         -   2779510   98.00    0.00    0.00    0.00   98.00    20  |__CPU 0/TCG
05:46:30     1000         -   2779511    0.00    0.00    0.00    0.00    0.00     6  |__CPU 1/TCG
05:46:30     1000         -   2779512   99.00    1.00    0.00    0.00  100.00    18  |__CPU 2/TCG
05:46:30     1000         -   2779513    0.00    0.00    0.00    0.00    0.00     6  |__CPU 3/TCG
05:46:31     1000   2779487         -  200.00    3.00    0.00    0.00  203.00    19  qemu-system-aar
05:46:31     1000         -   2779487    1.00    3.00    0.00    0.00    4.00    19  |__qemu-system-aar
05:46:31     1000         -   2779495    0.00    0.00    0.00    0.00    0.00     8  |__call_rcu
05:46:31     1000         -   2779510   99.00    1.00    0.00    0.00  100.00    20  |__CPU 0/TCG
05:46:31     1000         -   2779511    1.00    0.00    0.00    0.00    1.00     6  |__CPU 1/TCG
05:46:31     1000         -   2779512   98.00    1.00    0.00    0.00   99.00     2  |__CPU 2/TCG
05:46:31     1000         -   2779513    0.00    0.00    0.00    0.00    0.00     6  |__CPU 3/TCG
05:46:32     1000   2779487         -  199.00    4.00    0.00    0.00  203.00     6  qemu-system-aar
05:46:32     1000         -   2779487    1.00    2.00    0.00    0.00    3.00     6  |__qemu-system-aar
05:46:32     1000         -   2779495    0.00    0.00    0.00    0.00    0.00     8  |__call_rcu
05:46:32     1000         -   2779510   99.00    0.00    0.00    0.00   99.00    16  |__CPU 0/TCG
05:46:32     1000         -   2779511    0.00    0.00    0.00    0.00    0.00     5  |__CPU 1/TCG
05:46:32     1000         -   2779512   99.00    1.00    0.00    0.00  100.00     2  |__CPU 2/TCG
05:46:32     1000         -   2779513    0.00    0.00    0.00    0.00    0.00     6  |__CPU 3/TCG
05:46:33     1000   2779487         -  200.00    3.00    0.00    0.00  203.00    22  qemu-system-aar
05:46:33     1000         -   2779487    1.00    3.00    0.00    0.00    4.00    22  |__qemu-system-aar
05:46:33     1000         -   2779495    0.00    0.00    0.00    0.00    0.00     8  |__call_rcu
05:46:33     1000         -   2779510   99.00    1.00    0.00    0.00  100.00    16  |__CPU 0/TCG
05:46:33     1000         -   2779511    1.00    0.00    0.00    0.00    1.00     5  |__CPU 1/TCG
05:46:33     1000         -   2779512   99.00    1.00    0.00    0.00  100.00     2  |__CPU 2/TCG
05:46:33     1000         -   2779513    0.00    0.00    0.00    0.00    0.00     6  |__CPU 3/TCG
05:46:34     1000   2779487         -  201.00    3.00    0.00    0.00  204.00     0  qemu-system-aar
05:46:34     1000         -   2779487    1.00    2.00    0.00    0.00    3.00     0  |__qemu-system-aar
05:46:34     1000         -   2779495    0.00    0.00    0.00    0.00    0.00     8  |__call_rcu
05:46:34     1000         -   2779510   99.00    0.00    0.00    0.00   99.00    16  |__CPU 0/TCG
05:46:34     1000         -   2779511    0.00    0.00    0.00    0.00    0.00     6  |__CPU 1/TCG
05:46:34     1000         -   2779512   99.00    1.00    0.00    0.00  100.00    18  |__CPU 2/TCG
05:46:34     1000         -   2779513    0.00    0.00    0.00    0.00    0.00     6  |__CPU 3/TCG
05:46:35     1000   2779487         -  200.00    3.00    0.00    0.00  203.00    23  qemu-system-aar
05:46:35     1000         -   2779487    1.00    2.00    0.00    0.00    3.00    23  |__qemu-system-aar
05:46:35     1000         -   2779495    0.00    0.00    0.00    0.00    0.00     8  |__call_rcu
05:46:35     1000         -   2779510   99.00    0.00    0.00    0.00   99.00    16  |__CPU 0/TCG
05:46:35     1000         -   2779511    1.00    0.00    0.00    0.00    1.00     6  |__CPU 1/TCG
05:46:35     1000         -   2779512   98.00    1.00    0.00    0.00   99.00    18  |__CPU 2/TCG
05:46:35     1000         -   2779513    0.00    0.00    0.00    0.00    0.00     6  |__CPU 3/TCG
05:46:36     1000   2779487         -  200.00    3.00    0.00    0.00  203.00     5  qemu-system-aar
05:46:36     1000         -   2779487    1.00    3.00    0.00    0.00    4.00     5  |__qemu-system-aar
05:46:36     1000         -   2779495    0.00    0.00    0.00    0.00    0.00     8  |__call_rcu
05:46:36     1000         -   2779510   99.00    1.00    0.00    0.00  100.00    16  |__CPU 0/TCG
05:46:36     1000         -   2779511    0.00    0.00    0.00    0.00    0.00     6  |__CPU 1/TCG
05:46:36     1000         -   2779512   99.00    1.00    0.00    0.00  100.00     4  |__CPU 2/TCG
05:46:36     1000         -   2779513    0.00    0.00    0.00    0.00    0.00     6  |__CPU 3/TCG
05:46:37     1000   2779487         -  201.00    2.00    0.00    0.00  203.00     0  qemu-system-aar
05:46:37     1000         -   2779487    1.00    2.00    0.00    0.00    3.00     0  |__qemu-system-aar
05:46:37     1000         -   2779495    0.00    0.00    0.00    0.00    0.00     8  |__call_rcu
05:46:37     1000         -   2779510   99.00    0.00    0.00    0.00   99.00    16  |__CPU 0/TCG
05:46:37     1000         -   2779511    1.00    0.00    0.00    0.00    1.00    23  |__CPU 1/TCG
05:46:37     1000         -   2779512   99.00    0.00    0.00    0.00   99.00     4  |__CPU 2/TCG
05:46:37     1000         -   2779513    0.00    0.00    0.00    0.00    0.00     6  |__CPU 3/TCG
05:46:38     1000   2779487         -  200.00    2.00    0.00    0.00  202.00     6  qemu-system-aar
05:46:38     1000         -   2779487    2.00    2.00    0.00    0.00    4.00     6  |__qemu-system-aar
05:46:38     1000         -   2779495    0.00    0.00    0.00    0.00    0.00     8  |__call_rcu
05:46:38     1000         -   2779510   99.00    0.00    0.00    0.00   99.00    16  |__CPU 0/TCG
05:46:38     1000         -   2779511    0.00    0.00    0.00    0.00    0.00    23  |__CPU 1/TCG
05:46:38     1000         -   2779512   99.00    1.00    0.00    0.00  100.00     4  |__CPU 2/TCG
05:46:38     1000         -   2779513    0.00    0.00    0.00    0.00    0.00     6  |__CPU 3/TCG
05:46:39     1000   2779487         -  200.00    3.00    0.00    0.00  203.00     6  qemu-system-aar
05:46:39     1000         -   2779487    0.00    3.00    0.00    0.00    3.00     6  |__qemu-system-aar
05:46:39     1000         -   2779495    0.00    0.00    0.00    0.00    0.00     8  |__call_rcu
05:46:39     1000         -   2779510   99.00    1.00    0.00    0.00  100.00    16  |__CPU 0/TCG
05:46:39     1000         -   2779511    1.00    0.00    0.00    0.00    1.00    23  |__CPU 1/TCG
05:46:39     1000         -   2779512   98.00    1.00    0.00    0.00   99.00     4  |__CPU 2/TCG
05:46:39     1000         -   2779513    0.00    0.00    0.00    0.00    0.00     6  |__CPU 3/TCG
05:46:40     1000   2779487         -  200.00    3.00    0.00    0.00  203.00     1  qemu-system-aar
05:46:40     1000         -   2779487    2.00    2.00    0.00    0.00    4.00     1  |__qemu-system-aar
05:46:40     1000         -   2779495    0.00    0.00    0.00    0.00    0.00     8  |__call_rcu
05:46:40     1000         -   2779510   99.00    0.00    0.00    0.00   99.00    16  |__CPU 0/TCG
05:46:40     1000         -   2779511    0.00    0.00    0.00    0.00    0.00    23  |__CPU 1/TCG
05:46:40     1000         -   2779512   99.00    1.00    0.00    0.00  100.00    20  |__CPU 2/TCG
05:46:40     1000         -   2779513    0.00    0.00    0.00    0.00    0.00     6  |__CPU 3/TCG
05:46:41     1000   2779487         -  201.00    3.00    0.00    0.00  204.00    18  qemu-system-aar
05:46:41     1000         -   2779487    1.00    2.00    0.00    0.00    3.00    18  |__qemu-system-aar
05:46:41     1000         -   2779495    0.00    0.00    0.00    0.00    0.00     8  |__call_rcu
05:46:41     1000         -   2779510   99.00    1.00    0.00    0.00  100.00     0  |__CPU 0/TCG
05:46:41     1000         -   2779511    1.00    0.00    0.00    0.00    1.00     6  |__CPU 1/TCG
05:46:41     1000         -   2779512   98.00    1.00    0.00    0.00   99.00    20  |__CPU 2/TCG
05:46:41     1000         -   2779513    0.00    0.00    0.00    0.00    0.00     6  |__CPU 3/TCG
05:46:42     1000   2779487         -  200.00    2.00    0.00    0.00  202.00    18  qemu-system-aar
05:46:42     1000         -   2779487    1.00    3.00    0.00    0.00    4.00    18  |__qemu-system-aar
05:46:42     1000         -   2779495    0.00    0.00    0.00    0.00    0.00     8  |__call_rcu
05:46:42     1000         -   2779510   99.00    0.00    0.00    0.00   99.00    16  |__CPU 0/TCG
05:46:42     1000         -   2779511    1.00    0.00    0.00    0.00    1.00    23  |__CPU 1/TCG
05:46:42     1000         -   2779512   99.00    1.00    0.00    0.00  100.00    20  |__CPU 2/TCG
05:46:42     1000         -   2779513    0.00    0.00    0.00    0.00    0.00     6  |__CPU 3/TCG
05:46:43     1000   2779487         -  201.00    2.00    0.00    0.00  203.00    19  qemu-system-aar
05:46:43     1000         -   2779487    2.00    1.00    0.00    0.00    3.00    19  |__qemu-system-aar
05:46:43     1000         -   2779495    0.00    0.00    0.00    0.00    0.00     8  |__call_rcu
05:46:43     1000         -   2779510   99.00    0.00    0.00    0.00   99.00    16  |__CPU 0/TCG
05:46:43     1000         -   2779511    0.00    0.00    0.00    0.00    0.00     6  |__CPU 1/TCG
05:46:43     1000         -   2779512   99.00    1.00    0.00    0.00  100.00    20  |__CPU 2/TCG
05:46:43     1000         -   2779513    0.00    0.00    0.00    0.00    0.00     6  |__CPU 3/TCG
05:46:44     1000   2779487         -  200.00    3.00    0.00    0.00  203.00     1  qemu-system-aar
05:46:44     1000         -   2779487    1.00    2.00    0.00    0.00    3.00     1  |__qemu-system-aar
05:46:44     1000         -   2779495    0.00    0.00    0.00    0.00    0.00     8  |__call_rcu
05:46:44     1000         -   2779510   99.00    1.00    0.00    0.00  100.00    16  |__CPU 0/TCG
05:46:44     1000         -   2779511    1.00    0.00    0.00    0.00    1.00     6  |__CPU 1/TCG
05:46:44     1000         -   2779512   99.00    1.00    0.00    0.00  100.00    20  |__CPU 2/TCG
05:46:44     1000         -   2779513    0.00    0.00    0.00    0.00    0.00     6  |__CPU 3/TCG
05:46:45     1000   2779487         -  202.00    1.00    0.00    0.00  203.00    18  qemu-system-aar
05:46:45     1000         -   2779487    2.00    2.00    0.00    0.00    4.00    18  |__qemu-system-aar
05:46:45     1000         -   2779495    0.00    0.00    0.00    0.00    0.00     8  |__call_rcu
05:46:45     1000         -   2779510   99.00    0.00    0.00    0.00   99.00     0  |__CPU 0/TCG
05:46:45     1000         -   2779511    0.00    0.00    0.00    0.00    0.00    23  |__CPU 1/TCG
05:46:45     1000         -   2779512   99.00    0.00    0.00    0.00   99.00    20  |__CPU 2/TCG
05:46:45     1000         -   2779513    0.00    0.00    0.00    0.00    0.00     6  |__CPU 3/TCG
05:46:46     1000   2779487         -  200.00    3.00    0.00    0.00  203.00     6  qemu-system-aar
05:46:46     1000         -   2779487    1.00    3.00    0.00    0.00    4.00     6  |__qemu-system-aar
05:46:46     1000         -   2779495    0.00    0.00    0.00    0.00    0.00     8  |__call_rcu
05:46:46     1000         -   2779510   99.00    0.00    0.00    0.00   99.00     0  |__CPU 0/TCG
05:46:46     1000         -   2779511    1.00    0.00    0.00    0.00    1.00    23  |__CPU 1/TCG
05:46:46     1000         -   2779512   98.00    1.00    0.00    0.00   99.00    20  |__CPU 2/TCG
05:46:46     1000         -   2779513    0.00    0.00    0.00    0.00    0.00     6  |__CPU 3/TCG
05:46:47     1000   2779487         -  201.00    2.00    0.00    0.00  203.00     5  qemu-system-aar
05:46:47     1000         -   2779487    1.00    2.00    0.00    0.00    3.00     5  |__qemu-system-aar
05:46:47     1000         -   2779495    0.00    0.00    0.00    0.00    0.00     8  |__call_rcu
05:46:47     1000         -   2779510   99.00    0.00    0.00    0.00   99.00    16  |__CPU 0/TCG
05:46:47     1000         -   2779511    0.00    0.00    0.00    0.00    0.00     4  |__CPU 1/TCG
05:46:47     1000         -   2779512   99.00    1.00    0.00    0.00  100.00    20  |__CPU 2/TCG
05:46:47     1000         -   2779513    0.00    0.00    0.00    0.00    0.00     6  |__CPU 3/TCG
05:46:48     1000   2779487         -  200.00    3.00    0.00    0.00  203.00    21  qemu-system-aar
05:46:48     1000         -   2779487    0.00    3.00    0.00    0.00    3.00    21  |__qemu-system-aar
05:46:48     1000         -   2779495    0.00    0.00    0.00    0.00    0.00     8  |__call_rcu
05:46:48     1000         -   2779510   99.00    1.00    0.00    0.00  100.00    16  |__CPU 0/TCG
05:46:48     1000         -   2779511    1.00    0.00    0.00    0.00    1.00     4  |__CPU 1/TCG
05:46:48     1000         -   2779512   99.00    1.00    0.00    0.00  100.00    20  |__CPU 2/TCG
05:46:48     1000         -   2779513    0.00    0.00    0.00    0.00    0.00     6  |__CPU 3/TCG
05:46:49     1000   2779487         -  200.00    3.00    0.00    0.00  203.00    21  qemu-system-aar
05:46:49     1000         -   2779487    1.00    3.00    0.00    0.00    4.00    21  |__qemu-system-aar
05:46:49     1000         -   2779495    0.00    0.00    0.00    0.00    0.00     8  |__call_rcu
05:46:49     1000         -   2779510   99.00    0.00    0.00    0.00   99.00    16  |__CPU 0/TCG
05:46:49     1000         -   2779511    0.00    0.00    0.00    0.00    0.00    23  |__CPU 1/TCG
05:46:49     1000         -   2779512   99.00    1.00    0.00    0.00  100.00    20  |__CPU 2/TCG
05:46:49     1000         -   2779513    0.00    0.00    0.00    0.00    0.00     6  |__CPU 3/TCG
05:46:50     1000   2779487         -  201.00    2.00    0.00    0.00  203.00     2  qemu-system-aar
05:46:50     1000         -   2779487    1.00    1.00    0.00    0.00    2.00     2  |__qemu-system-aar
05:46:50     1000         -   2779495    0.00    0.00    0.00    0.00    0.00     8  |__call_rcu
05:46:50     1000         -   2779510  100.00    0.00    0.00    0.00  100.00    16  |__CPU 0/TCG
05:46:50     1000         -   2779511    1.00    0.00    0.00    0.00    1.00    23  |__CPU 1/TCG
05:46:50     1000         -   2779512   98.00    1.00    0.00    0.00   99.00    20  |__CPU 2/TCG
05:46:50     1000         -   2779513    0.00    0.00    0.00    0.00    0.00     6  |__CPU 3/TCG
05:46:51     1000   2779487         -  199.00    3.00    0.00    0.00  202.00     2  qemu-system-aar
05:46:51     1000         -   2779487    2.00    2.00    0.00    0.00    4.00     2  |__qemu-system-aar
05:46:51     1000         -   2779495    0.00    0.00    0.00    0.00    0.00     8  |__call_rcu
05:46:51     1000         -   2779510   98.00    1.00    0.00    0.00   99.00     0  |__CPU 0/TCG
05:46:51     1000         -   2779511    1.00    0.00    0.00    0.00    1.00     4  |__CPU 1/TCG
05:46:51     1000         -   2779512   98.00    1.00    0.00    0.00   99.00    20  |__CPU 2/TCG
05:46:51     1000         -   2779513    0.00    0.00    0.00    0.00    0.00     6  |__CPU 3/TCG
05:46:52     1000   2779487         -  200.00    4.00    0.00    0.00  204.00     7  qemu-system-aar
05:46:52     1000         -   2779487    1.00    2.00    0.00    0.00    3.00     7  |__qemu-system-aar
05:46:52     1000         -   2779495    0.00    0.00    0.00    0.00    0.00     8  |__call_rcu
05:46:52     1000         -   2779510   99.00    0.00    0.00    0.00   99.00     0  |__CPU 0/TCG
05:46:52     1000         -   2779511    0.00    0.00    0.00    0.00    0.00    23  |__CPU 1/TCG
05:46:52     1000         -   2779512   98.00    2.00    0.00    0.00  100.00    20  |__CPU 2/TCG
05:46:52     1000         -   2779513    0.00    0.00    0.00    0.00    0.00     6  |__CPU 3/TCG
05:46:53     1000   2779487         -  199.00    3.00    0.00    0.00  202.00    22  qemu-system-aar
05:46:53     1000         -   2779487    1.00    3.00    0.00    0.00    4.00    22  |__qemu-system-aar
05:46:53     1000         -   2779495    0.00    0.00    0.00    0.00    0.00     8  |__call_rcu
05:46:53     1000         -   2779510   99.00    1.00    0.00    0.00  100.00     0  |__CPU 0/TCG
05:46:53     1000         -   2779511    0.00    0.00    0.00    0.00    0.00    23  |__CPU 1/TCG
05:46:53     1000         -   2779512   99.00    1.00    0.00    0.00  100.00    20  |__CPU 2/TCG
05:46:53     1000         -   2779513    0.00    0.00    0.00    0.00    0.00     6  |__CPU 3/TCG
05:46:54     1000   2779487         -  200.00    3.00    0.00    0.00  203.00     3  qemu-system-aar
05:46:54     1000         -   2779487    1.00    2.00    0.00    0.00    3.00     3  |__qemu-system-aar
05:46:54     1000         -   2779495    0.00    0.00    0.00    0.00    0.00     8  |__call_rcu
05:46:54     1000         -   2779510   99.00    0.00    0.00    0.00   99.00    16  |__CPU 0/TCG
05:46:54     1000         -   2779511    1.00    0.00    0.00    0.00    1.00     4  |__CPU 1/TCG
05:46:54     1000         -   2779512   98.00    1.00    0.00    0.00   99.00    20  |__CPU 2/TCG
05:46:54     1000         -   2779513    0.00    0.00    0.00    0.00    0.00     6  |__CPU 3/TCG
05:46:55     1000   2779487         -  200.00    2.00    0.00    0.00  202.00     7  qemu-system-aar
05:46:55     1000         -   2779487    1.00    2.00    0.00    0.00    3.00     7  |__qemu-system-aar
05:46:55     1000         -   2779495    0.00    0.00    0.00    0.00    0.00     8  |__call_rcu
05:46:55     1000         -   2779510   99.00    0.00    0.00    0.00   99.00     0  |__CPU 0/TCG
05:46:55     1000         -   2779511    1.00    0.00    0.00    0.00    1.00     4  |__CPU 1/TCG
05:46:55     1000         -   2779512   99.00    1.00    0.00    0.00  100.00     4  |__CPU 2/TCG
05:46:55     1000         -   2779513    0.00    0.00    0.00    0.00    0.00     6  |__CPU 3/TCG
05:46:56     1000   2779487         -  200.00    4.00    0.00    0.00  204.00     5  qemu-system-aar
05:46:56     1000         -   2779487    1.00    3.00    0.00    0.00    4.00     5  |__qemu-system-aar
05:46:56     1000         -   2779495    0.00    0.00    0.00    0.00    0.00     8  |__call_rcu
05:46:56     1000         -   2779510   99.00    1.00    0.00    0.00  100.00     0  |__CPU 0/TCG
05:46:56     1000         -   2779511    0.00    0.00    0.00    0.00    0.00    23  |__CPU 1/TCG
05:46:56     1000         -   2779512   98.00    2.00    0.00    0.00  100.00    20  |__CPU 2/TCG
05:46:56     1000         -   2779513    0.00    0.00    0.00    0.00    0.00     6  |__CPU 3/TCG
05:46:57     1000   2779487         -  199.00    4.00    0.00    0.00  203.00    21  qemu-system-aar
05:46:57     1000         -   2779487    2.00    2.00    0.00    0.00    4.00    21  |__qemu-system-aar
05:46:57     1000         -   2779495    0.00    0.00    0.00    0.00    0.00     8  |__call_rcu
05:46:57     1000         -   2779510   99.00    0.00    0.00    0.00   99.00     0  |__CPU 0/TCG
05:46:57     1000         -   2779511    1.00    0.00    0.00    0.00    1.00    23  |__CPU 1/TCG
05:46:57     1000         -   2779512   98.00    2.00    0.00    0.00  100.00    20  |__CPU 2/TCG
05:46:57     1000         -   2779513    0.00    0.00    0.00    0.00    0.00     6  |__CPU 3/TCG
05:46:58     1000   2779487         -  200.00    3.00    0.00    0.00  203.00    23  qemu-system-aar
05:46:58     1000         -   2779487    1.00    2.00    0.00    0.00    3.00    23  |__qemu-system-aar
05:46:58     1000         -   2779495    0.00    0.00    0.00    0.00    0.00     8  |__call_rcu
05:46:58     1000         -   2779510   98.00    1.00    0.00    0.00   99.00     0  |__CPU 0/TCG
05:46:58     1000         -   2779511    0.00    0.00    0.00    0.00    0.00     1  |__CPU 1/TCG
05:46:58     1000         -   2779512   98.00    1.00    0.00    0.00   99.00    20  |__CPU 2/TCG
05:46:58     1000         -   2779513    0.00    0.00    0.00    0.00    0.00     6  |__CPU 3/TCG
05:46:59     1000   2779487         -  200.00    2.00    0.00    0.00  202.00     6  qemu-system-aar
05:46:59     1000         -   2779487    1.00    3.00    0.00    0.00    4.00     6  |__qemu-system-aar
05:46:59     1000         -   2779495    0.00    0.00    0.00    0.00    0.00     8  |__call_rcu
05:46:59     1000         -   2779510   99.00    0.00    0.00    0.00   99.00     0  |__CPU 0/TCG
05:46:59     1000         -   2779511    0.00    0.00    0.00    0.00    0.00     1  |__CPU 1/TCG
05:46:59     1000         -   2779512   99.00    1.00    0.00    0.00  100.00    20  |__CPU 2/TCG
05:46:59     1000         -   2779513    0.00    0.00    0.00    0.00    0.00     6  |__CPU 3/TCG
05:47:00     1000   2779487         -  200.00    3.00    0.00    0.00  203.00    22  qemu-system-aar
05:47:00     1000         -   2779487    1.00    2.00    0.00    0.00    3.00    22  |__qemu-system-aar
05:47:00     1000         -   2779495    0.00    0.00    0.00    0.00    0.00     8  |__call_rcu
05:47:00     1000         -   2779510   99.00    1.00    0.00    0.00  100.00    16  |__CPU 0/TCG
05:47:00     1000         -   2779511    1.00    0.00    0.00    0.00    1.00     1  |__CPU 1/TCG
05:47:00     1000         -   2779512   99.00    1.00    0.00    0.00  100.00    20  |__CPU 2/TCG
05:47:00     1000         -   2779513    0.00    0.00    0.00    0.00    0.00     6  |__CPU 3/TCG
05:47:01     1000   2779487         -  199.00    4.00    0.00    0.00  203.00    22  qemu-system-aar
05:47:01     1000         -   2779487    1.00    2.00    0.00    0.00    3.00    22  |__qemu-system-aar
05:47:01     1000         -   2779495    0.00    0.00    0.00    0.00    0.00     8  |__call_rcu
05:47:01     1000         -   2779510   99.00    0.00    0.00    0.00   99.00    16  |__CPU 0/TCG
05:47:01     1000         -   2779511    0.00    0.00    0.00    0.00    0.00     2  |__CPU 1/TCG
05:47:01     1000         -   2779512   98.00    1.00    0.00    0.00   99.00    20  |__CPU 2/TCG
05:47:01     1000         -   2779513    0.00    0.00    0.00    0.00    0.00     6  |__CPU 3/TCG
05:47:02     1000   2779487         -  201.00    2.00    0.00    0.00  203.00    21  qemu-system-aar
05:47:02     1000         -   2779487    1.00    2.00    0.00    0.00    3.00    21  |__qemu-system-aar
05:47:02     1000         -   2779495    0.00    0.00    0.00    0.00    0.00     8  |__call_rcu
05:47:02     1000         -   2779510   99.00    1.00    0.00    0.00  100.00    16  |__CPU 0/TCG
05:47:02     1000         -   2779511    1.00    0.00    0.00    0.00    1.00     2  |__CPU 1/TCG
05:47:02     1000         -   2779512   99.00    2.00    0.00    0.00  101.00    20  |__CPU 2/TCG
05:47:02     1000         -   2779513    0.00    0.00    0.00    0.00    0.00     6  |__CPU 3/TCG
05:47:03     1000   2779487         -  199.00    4.00    0.00    0.00  203.00    19  qemu-system-aar
05:47:03     1000         -   2779487    1.00    3.00    0.00    0.00    4.00    19  |__qemu-system-aar
05:47:03     1000         -   2779495    0.00    0.00    0.00    0.00    0.00     8  |__call_rcu
05:47:03     1000         -   2779510   99.00    0.00    0.00    0.00   99.00     0  |__CPU 0/TCG
05:47:03     1000         -   2779511    0.00    0.00    0.00    0.00    0.00     2  |__CPU 1/TCG
05:47:03     1000         -   2779512   98.00    1.00    0.00    0.00   99.00    20  |__CPU 2/TCG
05:47:03     1000         -   2779513    0.00    0.00    0.00    0.00    0.00     6  |__CPU 3/TCG
05:47:04     1000   2779487         -  199.00    3.00    0.00    0.00  202.00     1  qemu-system-aar
05:47:04     1000         -   2779487    1.00    3.00    0.00    0.00    4.00     1  |__qemu-system-aar
05:47:04     1000         -   2779495    0.00    0.00    0.00    0.00    0.00     8  |__call_rcu
05:47:04     1000         -   2779510   99.00    1.00    0.00    0.00  100.00    16  |__CPU 0/TCG
05:47:04     1000         -   2779511    1.00    0.00    0.00    0.00    1.00    22  |__CPU 1/TCG
05:47:04     1000         -   2779512   98.00    2.00    0.00    0.00  100.00    20  |__CPU 2/TCG
05:47:04     1000         -   2779513    0.00    0.00    0.00    0.00    0.00     6  |__CPU 3/TCG
05:47:05     1000   2779487         -  200.00    4.00    0.00    0.00  204.00     1  qemu-system-aar
05:47:05     1000         -   2779487    0.00    3.00    0.00    0.00    3.00     1  |__qemu-system-aar
05:47:05     1000         -   2779495    0.00    0.00    0.00    0.00    0.00     8  |__call_rcu
05:47:05     1000         -   2779510   98.00    0.00    0.00    0.00   98.00    16  |__CPU 0/TCG
05:47:05     1000         -   2779511    0.00    0.00    0.00    0.00    0.00     2  |__CPU 1/TCG
05:47:05     1000         -   2779512   99.00    0.00    0.00    0.00   99.00    20  |__CPU 2/TCG
05:47:05     1000         -   2779513    0.00    0.00    0.00    0.00    0.00     6  |__CPU 3/TCG
05:47:06     1000   2779487         -  202.00    2.00    0.00    0.00  204.00    16  qemu-system-aar
05:47:06     1000         -   2779487    2.00    3.00    0.00    0.00    5.00    16  |__qemu-system-aar
05:47:06     1000         -   2779495    0.00    0.00    0.00    0.00    0.00     8  |__call_rcu
05:47:06     1000         -   2779510  100.00    0.00    0.00    0.00  100.00     0  |__CPU 0/TCG
05:47:06     1000         -   2779511    1.00    0.00    0.00    0.00    1.00     4  |__CPU 1/TCG
05:47:06     1000         -   2779512   99.00    1.00    0.00    0.00  100.00    20  |__CPU 2/TCG
05:47:06     1000         -   2779513    0.00    0.00    0.00    0.00    0.00     6  |__CPU 3/TCG
05:47:07     1000   2779487         -  201.00    2.00    0.00    0.00  203.00    19  qemu-system-aar
05:47:07     1000         -   2779487    1.00    2.00    0.00    0.00    3.00    19  |__qemu-system-aar
05:47:07     1000         -   2779495    0.00    0.00    0.00    0.00    0.00     8  |__call_rcu
05:47:07     1000         -   2779510   99.00    0.00    0.00    0.00   99.00     0  |__CPU 0/TCG
05:47:07     1000         -   2779511    0.00    0.00    0.00    0.00    0.00     1  |__CPU 1/TCG
05:47:07     1000         -   2779512   99.00    0.00    0.00    0.00   99.00    20  |__CPU 2/TCG
05:47:07     1000         -   2779513    0.00    0.00    0.00    0.00    0.00     6  |__CPU 3/TCG
05:47:08     1000   2779487         -  199.00    3.00    0.00    0.00  202.00    18  qemu-system-aar
05:47:08     1000         -   2779487    1.00    3.00    0.00    0.00    4.00    18  |__qemu-system-aar
05:47:08     1000         -   2779495    0.00    0.00    0.00    0.00    0.00     8  |__call_rcu
05:47:08     1000         -   2779510   99.00    1.00    0.00    0.00  100.00     0  |__CPU 0/TCG
05:47:08     1000         -   2779511    1.00    0.00    0.00    0.00    1.00     1  |__CPU 1/TCG
05:47:08     1000         -   2779512   98.00    1.00    0.00    0.00   99.00    20  |__CPU 2/TCG
05:47:08     1000         -   2779513    0.00    0.00    0.00    0.00    0.00     6  |__CPU 3/TCG
05:47:09     1000   2779487         -  201.00    3.00    0.00    0.00  204.00    19  qemu-system-aar
05:47:09     1000         -   2779487    1.00    2.00    0.00    0.00    3.00    19  |__qemu-system-aar
05:47:09     1000         -   2779495    0.00    0.00    0.00    0.00    0.00     8  |__call_rcu
05:47:09     1000         -   2779510   99.00    0.00    0.00    0.00   99.00     0  |__CPU 0/TCG
05:47:09     1000         -   2779511    0.00    0.00    0.00    0.00    0.00     4  |__CPU 1/TCG
05:47:09     1000         -   2779512   99.00    2.00    0.00    0.00  101.00    20  |__CPU 2/TCG
05:47:09     1000         -   2779513    0.00    0.00    0.00    0.00    0.00     6  |__CPU 3/TCG
05:47:10     1000   2779487         -  200.00    2.00    0.00    0.00  202.00     1  qemu-system-aar
05:47:10     1000         -   2779487    1.00    3.00    0.00    0.00    4.00     1  |__qemu-system-aar
05:47:10     1000         -   2779495    0.00    0.00    0.00    0.00    0.00     8  |__call_rcu
05:47:10     1000         -   2779510   99.00    0.00    0.00    0.00   99.00     0  |__CPU 0/TCG
05:47:10     1000         -   2779511    1.00    0.00    0.00    0.00    1.00     5  |__CPU 1/TCG
05:47:10     1000         -   2779512   99.00    0.00    0.00    0.00   99.00    20  |__CPU 2/TCG
05:47:10     1000         -   2779513    0.00    0.00    0.00    0.00    0.00     6  |__CPU 3/TCG
05:47:11     1000   2779487         -  201.00    2.00    0.00    0.00  203.00     2  qemu-system-aar
05:47:11     1000         -   2779487    1.00    2.00    0.00    0.00    3.00     2  |__qemu-system-aar
05:47:11     1000         -   2779495    0.00    0.00    0.00    0.00    0.00     8  |__call_rcu
05:47:11     1000         -   2779510   99.00    1.00    0.00    0.00  100.00     0  |__CPU 0/TCG
05:47:11     1000         -   2779511    0.00    1.00    0.00    0.00    1.00     5  |__CPU 1/TCG
05:47:11     1000         -   2779512   98.00    1.00    0.00    0.00   99.00    20  |__CPU 2/TCG
05:47:11     1000         -   2779513    0.00    0.00    0.00    0.00    0.00     6  |__CPU 3/TCG
05:47:12     1000   2779487         -  199.00    4.00    0.00    0.00  203.00     2  qemu-system-aar
05:47:12     1000         -   2779487    0.00    3.00    0.00    0.00    3.00     2  |__qemu-system-aar
05:47:12     1000         -   2779495    0.00    0.00    0.00    0.00    0.00     8  |__call_rcu
05:47:12     1000         -   2779510   99.00    1.00    0.00    0.00  100.00     0  |__CPU 0/TCG
05:47:12     1000         -   2779511    0.00    0.00    0.00    0.00    0.00     1  |__CPU 1/TCG
05:47:12     1000         -   2779512   99.00    1.00    0.00    0.00  100.00    20  |__CPU 2/TCG
05:47:12     1000         -   2779513    0.00    0.00    0.00    0.00    0.00     6  |__CPU 3/TCG
05:47:13     1000   2779487         -  200.00    3.00    0.00    0.00  203.00     1  qemu-system-aar
05:47:13     1000         -   2779487    0.00    3.00    0.00    0.00    3.00     1  |__qemu-system-aar
05:47:13     1000         -   2779495    0.00    0.00    0.00    0.00    0.00     8  |__call_rcu
05:47:13     1000         -   2779510   99.00    0.00    0.00    0.00   99.00     0  |__CPU 0/TCG
05:47:13     1000         -   2779511    0.00    0.00    0.00    0.00    0.00     5  |__CPU 1/TCG
05:47:13     1000         -   2779512   99.00    1.00    0.00    0.00  100.00     4  |__CPU 2/TCG
05:47:13     1000         -   2779513    0.00    0.00    0.00    0.00    0.00     6  |__CPU 3/TCG
05:47:14     1000   2779487         -  199.00    4.00    0.00    0.00  203.00     6  qemu-system-aar
05:47:14     1000         -   2779487    1.00    2.00    0.00    0.00    3.00     6  |__qemu-system-aar
05:47:14     1000         -   2779495    0.00    0.00    0.00    0.00    0.00     8  |__call_rcu
05:47:14     1000         -   2779510   98.00    1.00    0.00    0.00   99.00    16  |__CPU 0/TCG
05:47:14     1000         -   2779511    1.00    0.00    0.00    0.00    1.00     5  |__CPU 1/TCG
05:47:14     1000         -   2779512   98.00    1.00    0.00    0.00   99.00    20  |__CPU 2/TCG
05:47:14     1000         -   2779513    0.00    0.00    0.00    0.00    0.00     6  |__CPU 3/TCG
05:47:15     1000   2779487         -  201.00    2.00    0.00    0.00  203.00     5  qemu-system-aar
05:47:15     1000         -   2779487    2.00    2.00    0.00    0.00    4.00     5  |__qemu-system-aar
05:47:15     1000         -   2779495    0.00    0.00    0.00    0.00    0.00     8  |__call_rcu
05:47:15     1000         -   2779510   99.00    0.00    0.00    0.00   99.00    16  |__CPU 0/TCG
05:47:15     1000         -   2779511    1.00    0.00    0.00    0.00    1.00     7  |__CPU 1/TCG
05:47:15     1000         -   2779512   99.00    1.00    0.00    0.00  100.00    20  |__CPU 2/TCG
05:47:15     1000         -   2779513    0.00    0.00    0.00    0.00    0.00     6  |__CPU 3/TCG
05:47:16     1000   2779487         -  201.00    2.00    0.00    0.00  203.00     7  qemu-system-aar
05:47:16     1000         -   2779487    1.00    3.00    0.00    0.00    4.00     7  |__qemu-system-aar
05:47:16     1000         -   2779495    0.00    0.00    0.00    0.00    0.00     8  |__call_rcu
05:47:16     1000         -   2779510   99.00    0.00    0.00    0.00   99.00    16  |__CPU 0/TCG
05:47:16     1000         -   2779511    0.00    0.00    0.00    0.00    0.00     5  |__CPU 1/TCG
05:47:16     1000         -   2779512   99.00    1.00    0.00    0.00  100.00    20  |__CPU 2/TCG
05:47:16     1000         -   2779513    0.00    0.00    0.00    0.00    0.00     6  |__CPU 3/TCG
05:47:17     1000   2779487         -  201.00    2.00    0.00    0.00  203.00    19  qemu-system-aar
05:47:17     1000         -   2779487    1.00    2.00    0.00    0.00    3.00    19  |__qemu-system-aar
05:47:17     1000         -   2779495    0.00    0.00    0.00    0.00    0.00     8  |__call_rcu
05:47:17     1000         -   2779510  100.00    0.00    0.00    0.00  100.00    16  |__CPU 0/TCG
05:47:17     1000         -   2779511    1.00    0.00    0.00    0.00    1.00     5  |__CPU 1/TCG
05:47:17     1000         -   2779512   99.00    1.00    0.00    0.00  100.00    20  |__CPU 2/TCG
05:47:17     1000         -   2779513    0.00    0.00    0.00    0.00    0.00     6  |__CPU 3/TCG
05:47:18     1000   2779487         -  201.00    2.00    0.00    0.00  203.00     6  qemu-system-aar
05:47:18     1000         -   2779487    1.00    2.00    0.00    0.00    3.00     6  |__qemu-system-aar
05:47:18     1000         -   2779495    0.00    0.00    0.00    0.00    0.00     8  |__call_rcu
05:47:18     1000         -   2779510   99.00    1.00    0.00    0.00  100.00    16  |__CPU 0/TCG
05:47:18     1000         -   2779511    0.00    0.00    0.00    0.00    0.00     6  |__CPU 1/TCG
05:47:18     1000         -   2779512   99.00    0.00    0.00    0.00   99.00    20  |__CPU 2/TCG
05:47:18     1000         -   2779513    0.00    0.00    0.00    0.00    0.00     6  |__CPU 3/TCG
05:47:19     1000   2779487         -  201.00    3.00    0.00    0.00  204.00    16  qemu-system-aar
05:47:19     1000         -   2779487    1.00    3.00    0.00    0.00    4.00    16  |__qemu-system-aar
05:47:19     1000         -   2779495    0.00    0.00    0.00    0.00    0.00     8  |__call_rcu
05:47:19     1000         -   2779510   99.00    0.00    0.00    0.00   99.00     0  |__CPU 0/TCG
05:47:19     1000         -   2779511    1.00    0.00    0.00    0.00    1.00     5  |__CPU 1/TCG
05:47:19     1000         -   2779512   99.00    1.00    0.00    0.00  100.00    20  |__CPU 2/TCG
05:47:19     1000         -   2779513    0.00    0.00    0.00    0.00    0.00     6  |__CPU 3/TCG
05:47:20     1000   2779487         -  202.00    2.00    0.00    0.00  204.00    16  qemu-system-aar
05:47:20     1000         -   2779487    2.00    3.00    0.00    0.00    5.00    16  |__qemu-system-aar
05:47:20     1000         -   2779495    0.00    0.00    0.00    0.00    0.00     8  |__call_rcu
05:47:20     1000         -   2779510   99.00    0.00    0.00    0.00   99.00     0  |__CPU 0/TCG
05:47:20     1000         -   2779511    1.00    0.00    0.00    0.00    1.00     5  |__CPU 1/TCG
05:47:20     1000         -   2779512   98.00    1.00    0.00    0.00   99.00    20  |__CPU 2/TCG
05:47:20     1000         -   2779513    0.00    0.00    0.00    0.00    0.00     6  |__CPU 3/TCG
05:47:21     1000   2779487         -  202.00    2.00    0.00    0.00  204.00    17  qemu-system-aar
05:47:21     1000         -   2779487    2.00    2.00    0.00    0.00    4.00    17  |__qemu-system-aar
05:47:21     1000         -   2779495    0.00    0.00    0.00    0.00    0.00     8  |__call_rcu
05:47:21     1000         -   2779510   99.00    0.00    0.00    0.00   99.00    16  |__CPU 0/TCG
05:47:21     1000         -   2779511    0.00    0.00    0.00    0.00    0.00     5  |__CPU 1/TCG
05:47:21     1000         -   2779512   99.00    1.00    0.00    0.00  100.00    20  |__CPU 2/TCG
05:47:21     1000         -   2779513    0.00    0.00    0.00    0.00    0.00     6  |__CPU 3/TCG
05:47:22     1000   2779487         -  200.00    2.00    0.00    0.00  202.00    23  qemu-system-aar
05:47:22     1000         -   2779487    1.00    2.00    0.00    0.00    3.00    23  |__qemu-system-aar
05:47:22     1000         -   2779495    0.00    0.00    0.00    0.00    0.00     8  |__call_rcu
05:47:22     1000         -   2779510   99.00    1.00    0.00    0.00  100.00    16  |__CPU 0/TCG
05:47:22     1000         -   2779511    1.00    0.00    0.00    0.00    1.00     6  |__CPU 1/TCG
05:47:22     1000         -   2779512   99.00    0.00    0.00    0.00   99.00    20  |__CPU 2/TCG
05:47:22     1000         -   2779513    0.00    0.00    0.00    0.00    0.00     6  |__CPU 3/TCG
05:47:23     1000   2779487         -  201.00    3.00    0.00    0.00  204.00    23  qemu-system-aar
05:47:23     1000         -   2779487    2.00    2.00    0.00    0.00    4.00    23  |__qemu-system-aar
05:47:23     1000         -   2779495    0.00    0.00    0.00    0.00    0.00     8  |__call_rcu
05:47:23     1000         -   2779510   99.00    0.00    0.00    0.00   99.00    16  |__CPU 0/TCG
05:47:23     1000         -   2779511    0.00    0.00    0.00    0.00    0.00     6  |__CPU 1/TCG
05:47:23     1000         -   2779512   99.00    1.00    0.00    0.00  100.00    20  |__CPU 2/TCG
05:47:23     1000         -   2779513    0.00    0.00    0.00    0.00    0.00     6  |__CPU 3/TCG
05:47:24     1000   2779487         -  201.00    2.00    0.00    0.00  203.00    23  qemu-system-aar
05:47:24     1000         -   2779487    2.00    2.00    0.00    0.00    4.00    23  |__qemu-system-aar
05:47:24     1000         -   2779495    0.00    0.00    0.00    0.00    0.00     8  |__call_rcu
05:47:24     1000         -   2779510   99.00    1.00    0.00    0.00  100.00    16  |__CPU 0/TCG
05:47:24     1000         -   2779511    1.00    0.00    0.00    0.00    1.00     6  |__CPU 1/TCG
05:47:24     1000         -   2779512   99.00    1.00    0.00    0.00  100.00    20  |__CPU 2/TCG
05:47:24     1000         -   2779513    0.00    0.00    0.00    0.00    0.00     6  |__CPU 3/TCG
05:47:25     1000   2779487         -  201.00    2.00    0.00    0.00  203.00     2  qemu-system-aar
05:47:25     1000         -   2779487    1.00    2.00    0.00    0.00    3.00     2  |__qemu-system-aar
05:47:25     1000         -   2779495    0.00    0.00    0.00    0.00    0.00     8  |__call_rcu
05:47:25     1000         -   2779510   99.00    0.00    0.00    0.00   99.00     0  |__CPU 0/TCG
05:47:25     1000         -   2779511    1.00    0.00    0.00    0.00    1.00     6  |__CPU 1/TCG
05:47:25     1000         -   2779512   99.00    1.00    0.00    0.00  100.00    20  |__CPU 2/TCG
05:47:25     1000         -   2779513    0.00    0.00    0.00    0.00    0.00     6  |__CPU 3/TCG
05:47:26     1000   2779487         -  199.00    4.00    0.00    0.00  203.00     1  qemu-system-aar
05:47:26     1000         -   2779487    0.00    3.00    0.00    0.00    3.00     1  |__qemu-system-aar
05:47:26     1000         -   2779495    0.00    0.00    0.00    0.00    0.00     8  |__call_rcu
05:47:26     1000         -   2779510   99.00    1.00    0.00    0.00  100.00     0  |__CPU 0/TCG
05:47:26     1000         -   2779511    0.00    0.00    0.00    0.00    0.00    18  |__CPU 1/TCG
05:47:26     1000         -   2779512   98.00    1.00    0.00    0.00   99.00    20  |__CPU 2/TCG
05:47:26     1000         -   2779513    0.00    0.00    0.00    0.00    0.00     6  |__CPU 3/TCG
05:47:27     1000   2779487         -  200.00    2.00    0.00    0.00  202.00     6  qemu-system-aar
05:47:27     1000         -   2779487    0.00    3.00    0.00    0.00    3.00     6  |__qemu-system-aar
05:47:27     1000         -   2779495    0.00    0.00    0.00    0.00    0.00     8  |__call_rcu
05:47:27     1000         -   2779510   99.00    0.00    0.00    0.00   99.00     0  |__CPU 0/TCG
05:47:27     1000         -   2779511    1.00    0.00    0.00    0.00    1.00    18  |__CPU 1/TCG
05:47:27     1000         -   2779512   99.00    1.00    0.00    0.00  100.00    20  |__CPU 2/TCG
05:47:27     1000         -   2779513    0.00    0.00    0.00    0.00    0.00     6  |__CPU 3/TCG
05:47:28     1000   2779487         -  201.00    2.00    0.00    0.00  203.00     2  qemu-system-aar
05:47:28     1000         -   2779487    1.00    2.00    0.00    0.00    3.00     2  |__qemu-system-aar
05:47:28     1000         -   2779495    0.00    0.00    0.00    0.00    0.00     8  |__call_rcu
05:47:28     1000         -   2779510   99.00    0.00    0.00    0.00   99.00     0  |__CPU 0/TCG
05:47:28     1000         -   2779511    0.00    0.00    0.00    0.00    0.00    18  |__CPU 1/TCG
05:47:28     1000         -   2779512   99.00    1.00    0.00    0.00  100.00    20  |__CPU 2/TCG
05:47:28     1000         -   2779513    0.00    0.00    0.00    0.00    0.00     6  |__CPU 3/TCG
05:47:29     1000   2779487         -  200.00    3.00    0.00    0.00  203.00     1  qemu-system-aar
05:47:29     1000         -   2779487    1.00    3.00    0.00    0.00    4.00     1  |__qemu-system-aar
05:47:29     1000         -   2779495    0.00    0.00    0.00    0.00    0.00     8  |__call_rcu
05:47:29     1000         -   2779510   99.00    0.00    0.00    0.00   99.00     0  |__CPU 0/TCG
05:47:29     1000         -   2779511    1.00    0.00    0.00    0.00    1.00    18  |__CPU 1/TCG
05:47:29     1000         -   2779512   98.00    1.00    0.00    0.00   99.00    20  |__CPU 2/TCG
05:47:29     1000         -   2779513    0.00    0.00    0.00    0.00    0.00     6  |__CPU 3/TCG
05:47:30     1000   2779487         -  201.00    2.00    0.00    0.00  203.00     6  qemu-system-aar
05:47:30     1000         -   2779487    2.00    2.00    0.00    0.00    4.00     6  |__qemu-system-aar
05:47:30     1000         -   2779495    0.00    0.00    0.00    0.00    0.00     8  |__call_rcu
05:47:30     1000         -   2779510   99.00    1.00    0.00    0.00  100.00    16  |__CPU 0/TCG
05:47:30     1000         -   2779511    0.00    0.00    0.00    0.00    0.00    18  |__CPU 1/TCG
05:47:30     1000         -   2779512   99.00    1.00    0.00    0.00  100.00    20  |__CPU 2/TCG
05:47:30     1000         -   2779513    0.00    0.00    0.00    0.00    0.00     6  |__CPU 3/TCG
05:47:31     1000   2779487         -  201.00    3.00    0.00    0.00  204.00     7  qemu-system-aar
05:47:31     1000         -   2779487    1.00    2.00    0.00    0.00    3.00     7  |__qemu-system-aar
05:47:31     1000         -   2779495    0.00    0.00    0.00    0.00    0.00     8  |__call_rcu
05:47:31     1000         -   2779510   99.00    0.00    0.00    0.00   99.00    16  |__CPU 0/TCG
05:47:31     1000         -   2779511    1.00    0.00    0.00    0.00    1.00    18  |__CPU 1/TCG
05:47:31     1000         -   2779512   99.00    1.00    0.00    0.00  100.00    20  |__CPU 2/TCG
05:47:31     1000         -   2779513    0.00    0.00    0.00    0.00    0.00     6  |__CPU 3/TCG
05:47:32     1000   2779487         -  200.00    3.00    0.00    0.00  203.00    18  qemu-system-aar
05:47:32     1000         -   2779487    1.00    2.00    0.00    0.00    3.00    18  |__qemu-system-aar
05:47:32     1000         -   2779495    0.00    0.00    0.00    0.00    0.00     8  |__call_rcu
05:47:32     1000         -   2779510   99.00    0.00    0.00    0.00   99.00    16  |__CPU 0/TCG
05:47:32     1000         -   2779511    0.00    0.00    0.00    0.00    0.00    19  |__CPU 1/TCG
05:47:32     1000         -   2779512   98.00    1.00    0.00    0.00   99.00    20  |__CPU 2/TCG
05:47:32     1000         -   2779513    0.00    0.00    0.00    0.00    0.00     6  |__CPU 3/TCG
05:47:33     1000   2779487         -  200.00    2.00    0.00    0.00  202.00    19  qemu-system-aar
05:47:33     1000         -   2779487    2.00    3.00    0.00    0.00    5.00    19  |__qemu-system-aar
05:47:33     1000         -   2779495    0.00    0.00    0.00    0.00    0.00     8  |__call_rcu
05:47:33     1000         -   2779510   99.00    1.00    0.00    0.00  100.00    16  |__CPU 0/TCG
05:47:33     1000         -   2779511    1.00    0.00    0.00    0.00    1.00    18  |__CPU 1/TCG
05:47:33     1000         -   2779512   99.00    1.00    0.00    0.00  100.00    20  |__CPU 2/TCG
05:47:33     1000         -   2779513    0.00    0.00    0.00    0.00    0.00     6  |__CPU 3/TCG
05:47:34     1000   2779487         -  201.00    2.00    0.00    0.00  203.00    22  qemu-system-aar
05:47:34     1000         -   2779487    1.00    1.00    0.00    0.00    2.00    22  |__qemu-system-aar
05:47:34     1000         -   2779495    0.00    0.00    0.00    0.00    0.00     8  |__call_rcu
05:47:34     1000         -   2779510   99.00    0.00    0.00    0.00   99.00    16  |__CPU 0/TCG
05:47:34     1000         -   2779511    0.00    0.00    0.00    0.00    0.00    18  |__CPU 1/TCG
05:47:34     1000         -   2779512   99.00    1.00    0.00    0.00  100.00    20  |__CPU 2/TCG
05:47:34     1000         -   2779513    0.00    0.00    0.00    0.00    0.00     6  |__CPU 3/TCG
05:47:35     1000   2779487         -  200.00    3.00    0.00    0.00  203.00    22  qemu-system-aar
05:47:35     1000         -   2779487    2.00    2.00    0.00    0.00    4.00    22  |__qemu-system-aar
05:47:35     1000         -   2779495    0.00    0.00    0.00    0.00    0.00     8  |__call_rcu
05:47:35     1000         -   2779510   99.00    0.00    0.00    0.00   99.00    16  |__CPU 0/TCG
05:47:35     1000         -   2779511    1.00    0.00    0.00    0.00    1.00    18  |__CPU 1/TCG
05:47:35     1000         -   2779512   98.00    1.00    0.00    0.00   99.00    20  |__CPU 2/TCG
05:47:35     1000         -   2779513    0.00    0.00    0.00    0.00    0.00     6  |__CPU 3/TCG
05:47:36     1000   2779487         -  201.00    2.00    0.00    0.00  203.00     3  qemu-system-aar
05:47:36     1000         -   2779487    1.00    3.00    0.00    0.00    4.00     3  |__qemu-system-aar
05:47:36     1000         -   2779495    0.00    0.00    0.00    0.00    0.00     8  |__call_rcu
05:47:36     1000         -   2779510   99.00    1.00    0.00    0.00  100.00    16  |__CPU 0/TCG
05:47:36     1000         -   2779511    0.00    0.00    0.00    0.00    0.00    18  |__CPU 1/TCG
05:47:36     1000         -   2779512   99.00    1.00    0.00    0.00  100.00    20  |__CPU 2/TCG
05:47:36     1000         -   2779513    0.00    0.00    0.00    0.00    0.00     6  |__CPU 3/TCG
05:47:37     1000   2779487         -  200.00    3.00    0.00    0.00  203.00     3  qemu-system-aar
05:47:37     1000         -   2779487    1.00    2.00    0.00    0.00    3.00     3  |__qemu-system-aar
05:47:37     1000         -   2779495    0.00    0.00    0.00    0.00    0.00     8  |__call_rcu
05:47:37     1000         -   2779510   99.00    0.00    0.00    0.00   99.00    16  |__CPU 0/TCG
05:47:37     1000         -   2779511    1.00    0.00    0.00    0.00    1.00    19  |__CPU 1/TCG
05:47:37     1000         -   2779512   98.00    1.00    0.00    0.00   99.00    20  |__CPU 2/TCG
05:47:37     1000         -   2779513    0.00    0.00    0.00    0.00    0.00     6  |__CPU 3/TCG
05:47:38     1000   2779487         -  201.00    2.00    0.00    0.00  203.00     2  qemu-system-aar
05:47:38     1000         -   2779487    1.00    2.00    0.00    0.00    3.00     2  |__qemu-system-aar
05:47:38     1000         -   2779495    0.00    0.00    0.00    0.00    0.00     8  |__call_rcu
05:47:38     1000         -   2779510   99.00    1.00    0.00    0.00  100.00    16  |__CPU 0/TCG
05:47:38     1000         -   2779511    0.00    0.00    0.00    0.00    0.00    19  |__CPU 1/TCG
05:47:38     1000         -   2779512   99.00    1.00    0.00    0.00  100.00    20  |__CPU 2/TCG
05:47:38     1000         -   2779513    0.00    0.00    0.00    0.00    0.00     6  |__CPU 3/TCG
05:47:39     1000   2779487         -  200.00    3.00    0.00    0.00  203.00     2  qemu-system-aar
05:47:39     1000         -   2779487    1.00    3.00    0.00    0.00    4.00     2  |__qemu-system-aar
05:47:39     1000         -   2779495    0.00    0.00    0.00    0.00    0.00     8  |__call_rcu
05:47:39     1000         -   2779510   99.00    0.00    0.00    0.00   99.00    16  |__CPU 0/TCG
05:47:39     1000         -   2779511    1.00    0.00    0.00    0.00    1.00    18  |__CPU 1/TCG
05:47:39     1000         -   2779512   99.00    1.00    0.00    0.00  100.00    20  |__CPU 2/TCG
05:47:39     1000         -   2779513    0.00    0.00    0.00    0.00    0.00     6  |__CPU 3/TCG
05:47:40     1000   2779487         -  202.00    1.00    0.00    0.00  203.00    19  qemu-system-aar
05:47:40     1000         -   2779487    2.00    1.00    0.00    0.00    3.00    19  |__qemu-system-aar
05:47:40     1000         -   2779495    0.00    0.00    0.00    0.00    0.00     8  |__call_rcu
05:47:40     1000         -   2779510  100.00    0.00    0.00    0.00  100.00     0  |__CPU 0/TCG
05:47:40     1000         -   2779511    0.00    0.00    0.00    0.00    0.00     1  |__CPU 1/TCG
05:47:40     1000         -   2779512   99.00    0.00    0.00    0.00   99.00    20  |__CPU 2/TCG
05:47:40     1000         -   2779513    0.00    0.00    0.00    0.00    0.00     6  |__CPU 3/TCG
05:47:41     1000   2779487         -  200.00    2.00    0.00    0.00  202.00     2  qemu-system-aar
05:47:41     1000         -   2779487    1.00    3.00    0.00    0.00    4.00     2  |__qemu-system-aar
05:47:41     1000         -   2779495    0.00    0.00    0.00    0.00    0.00     8  |__call_rcu
05:47:41     1000         -   2779510   99.00    0.00    0.00    0.00   99.00     0  |__CPU 0/TCG
05:47:41     1000         -   2779511    1.00    0.00    0.00    0.00    1.00    18  |__CPU 1/TCG
05:47:41     1000         -   2779512   99.00    1.00    0.00    0.00  100.00    20  |__CPU 2/TCG
05:47:41     1000         -   2779513    0.00    0.00    0.00    0.00    0.00     6  |__CPU 3/TCG
05:47:42     1000   2779487         -  200.00    4.00    0.00    0.00  204.00     3  qemu-system-aar
05:47:42     1000         -   2779487    1.00    2.00    0.00    0.00    3.00     3  |__qemu-system-aar
05:47:42     1000         -   2779495    0.00    0.00    0.00    0.00    0.00     8  |__call_rcu
05:47:42     1000         -   2779510   99.00    1.00    0.00    0.00  100.00     0  |__CPU 0/TCG
05:47:42     1000         -   2779511    0.00    0.00    0.00    0.00    0.00    18  |__CPU 1/TCG
05:47:42     1000         -   2779512   98.00    2.00    0.00    0.00  100.00    20  |__CPU 2/TCG
05:47:42     1000         -   2779513    0.00    0.00    0.00    0.00    0.00     6  |__CPU 3/TCG
05:47:43     1000   2779487         -  200.00    2.00    0.00    0.00  202.00     6  qemu-system-aar
05:47:43     1000         -   2779487    1.00    2.00    0.00    0.00    3.00     6  |__qemu-system-aar
05:47:43     1000         -   2779495    0.00    0.00    0.00    0.00    0.00     8  |__call_rcu
05:47:43     1000         -   2779510   98.00    1.00    0.00    0.00   99.00    16  |__CPU 0/TCG
05:47:43     1000         -   2779511    1.00    0.00    0.00    0.00    1.00     1  |__CPU 1/TCG
05:47:43     1000         -   2779512   99.00    0.00    0.00    0.00   99.00    20  |__CPU 2/TCG
05:47:43     1000         -   2779513    0.00    0.00    0.00    0.00    0.00     6  |__CPU 3/TCG
05:47:44     1000   2779487         -  200.00    3.00    0.00    0.00  203.00     5  qemu-system-aar
05:47:44     1000         -   2779487    1.00    2.00    0.00    0.00    3.00     5  |__qemu-system-aar
05:47:44     1000         -   2779495    0.00    0.00    0.00    0.00    0.00     8  |__call_rcu
05:47:44     1000         -   2779510   99.00    0.00    0.00    0.00   99.00    16  |__CPU 0/TCG
05:47:44     1000         -   2779511    0.00    0.00    0.00    0.00    0.00    18  |__CPU 1/TCG
05:47:44     1000         -   2779512   98.00    2.00    0.00    0.00  100.00    20  |__CPU 2/TCG
05:47:44     1000         -   2779513    0.00    0.00    0.00    0.00    0.00     6  |__CPU 3/TCG
05:47:45     1000   2779487         -  200.00    3.00    0.00    0.00  203.00     6  qemu-system-aar
05:47:45     1000         -   2779487    2.00    2.00    0.00    0.00    4.00     6  |__qemu-system-aar
05:47:45     1000         -   2779495    0.00    0.00    0.00    0.00    0.00     8  |__call_rcu
05:47:45     1000         -   2779510   99.00    1.00    0.00    0.00  100.00    16  |__CPU 0/TCG
05:47:45     1000         -   2779511    1.00    0.00    0.00    0.00    1.00    18  |__CPU 1/TCG
05:47:45     1000         -   2779512   99.00    0.00    0.00    0.00   99.00    20  |__CPU 2/TCG
05:47:45     1000         -   2779513    0.00    0.00    0.00    0.00    0.00     6  |__CPU 3/TCG
05:47:46     1000   2779487         -  201.00    1.00    0.00    0.00  202.00     7  qemu-system-aar
05:47:46     1000         -   2779487    0.00    1.00    0.00    0.00    1.00     7  |__qemu-system-aar
05:47:46     1000         -   2779495    0.00    0.00    0.00    0.00    0.00     8  |__call_rcu
05:47:46     1000         -   2779510   99.00    0.00    0.00    0.00   99.00    16  |__CPU 0/TCG
05:47:46     1000         -   2779511    0.00    0.00    0.00    0.00    0.00     1  |__CPU 1/TCG
05:47:46     1000         -   2779512   99.00    1.00    0.00    0.00  100.00     4  |__CPU 2/TCG
05:47:46     1000         -   2779513    0.00    0.00    0.00    0.00    0.00     6  |__CPU 3/TCG
05:47:47     1000   2779487         -  201.00    0.00    0.00    0.00  201.00    16  qemu-system-aar
05:47:47     1000         -   2779487    1.00    2.00    0.00    0.00    3.00    16  |__qemu-system-aar
05:47:47     1000         -   2779495    0.00    0.00    0.00    0.00    0.00     8  |__call_rcu
05:47:47     1000         -   2779510  100.00    0.00    0.00    0.00  100.00     0  |__CPU 0/TCG
05:47:47     1000         -   2779511    0.00    0.00    0.00    0.00    0.00     1  |__CPU 1/TCG
05:47:47     1000         -   2779512  100.00    0.00    0.00    0.00  100.00    20  |__CPU 2/TCG
05:47:47     1000         -   2779513    0.00    0.00    0.00    0.00    0.00     6  |__CPU 3/TCG
05:47:48     1000   2779487         -  197.00    6.00    0.00    0.00  203.00    13  qemu-system-aar
05:47:48     1000         -   2779487    2.00    3.00    0.00    0.00    5.00    13  |__qemu-system-aar
05:47:48     1000         -   2779495    0.00    0.00    0.00    0.00    0.00     8  |__call_rcu
05:47:48     1000         -   2779510   98.00    1.00    0.00    0.00   99.00     0  |__CPU 0/TCG
05:47:48     1000         -   2779511    1.00    0.00    0.00    0.00    1.00    14  |__CPU 1/TCG
05:47:48     1000         -   2779512   96.00    2.00    0.00    0.00   98.00    20  |__CPU 2/TCG
05:47:48     1000         -   2779513    0.00    0.00    0.00    0.00    0.00     6  |__CPU 3/TCG
05:47:49     1000   2779487         -  198.00    7.00    0.00    0.00  205.00    13  qemu-system-aar
05:47:49     1000         -   2779487    2.00    3.00    0.00    0.00    5.00    13  |__qemu-system-aar
05:47:49     1000         -   2779495    0.00    0.00    0.00    0.00    0.00     8  |__call_rcu
05:47:49     1000         -   2779510   98.00    1.00    0.00    0.00   99.00    16  |__CPU 0/TCG
05:47:49     1000         -   2779511    1.00    0.00    0.00    0.00    1.00     2  |__CPU 1/TCG
05:47:49     1000         -   2779512   97.00    3.00    0.00    0.00  100.00    20  |__CPU 2/TCG
05:47:49     1000         -   2779513    0.00    0.00    0.00    0.00    0.00     6  |__CPU 3/TCG
05:47:50     1000   2779487         -  197.00    6.00    0.00    0.00  203.00     9  qemu-system-aar
05:47:50     1000         -   2779487    1.00    3.00    0.00    0.00    4.00     9  |__qemu-system-aar
05:47:50     1000         -   2779495    0.00    0.00    0.00    0.00    0.00     8  |__call_rcu
05:47:50     1000         -   2779510   98.00    1.00    0.00    0.00   99.00    16  |__CPU 0/TCG
05:47:50     1000         -   2779511    0.00    1.00    0.00    0.00    1.00     2  |__CPU 1/TCG
05:47:50     1000         -   2779512   97.00    2.00    0.00    0.00   99.00    20  |__CPU 2/TCG
05:47:50     1000         -   2779513    0.00    0.00    0.00    0.00    0.00     6  |__CPU 3/TCG
05:47:51     1000   2779487         -  199.00    5.00    0.00    0.00  204.00    13  qemu-system-aar
05:47:51     1000         -   2779487    2.00    3.00    0.00    0.00    5.00    13  |__qemu-system-aar
05:47:51     1000         -   2779495    0.00    0.00    0.00    0.00    0.00     8  |__call_rcu
05:47:51     1000         -   2779510   98.00    1.00    0.00    0.00   99.00    16  |__CPU 0/TCG
05:47:51     1000         -   2779511    0.00    0.00    0.00    0.00    0.00     5  |__CPU 1/TCG
05:47:51     1000         -   2779512   97.00    2.00    0.00    0.00   99.00    20  |__CPU 2/TCG
05:47:51     1000         -   2779513    0.00    0.00    0.00    0.00    0.00     6  |__CPU 3/TCG
05:47:52     1000   2779487         -  199.00    4.00    0.00    0.00  203.00     9  qemu-system-aar
05:47:52     1000         -   2779487    2.00    3.00    0.00    0.00    5.00     9  |__qemu-system-aar
05:47:52     1000         -   2779495    0.00    0.00    0.00    0.00    0.00     8  |__call_rcu
05:47:52     1000         -   2779510   98.00    0.00    0.00    0.00   98.00    16  |__CPU 0/TCG
05:47:52     1000         -   2779511    1.00    0.00    0.00    0.00    1.00     5  |__CPU 1/TCG
05:47:52     1000         -   2779512   98.00    2.00    0.00    0.00  100.00    20  |__CPU 2/TCG
05:47:52     1000         -   2779513    0.00    0.00    0.00    0.00    0.00     6  |__CPU 3/TCG
05:47:53     1000   2779487         -  201.00    2.00    0.00    0.00  203.00    22  qemu-system-aar
05:47:53     1000         -   2779487    2.00    2.00    0.00    0.00    4.00    22  |__qemu-system-aar
05:47:53     1000         -   2779495    0.00    0.00    0.00    0.00    0.00     8  |__call_rcu
05:47:53     1000         -   2779510   99.00    0.00    0.00    0.00   99.00     0  |__CPU 0/TCG
05:47:53     1000         -   2779511    0.00    0.00    0.00    0.00    0.00     5  |__CPU 1/TCG
05:47:53     1000         -   2779512   99.00    0.00    0.00    0.00   99.00    20  |__CPU 2/TCG
05:47:53     1000         -   2779513    0.00    0.00    0.00    0.00    0.00     6  |__CPU 3/TCG
05:47:54     1000   2779487         -  201.00    3.00    0.00    0.00  204.00    22  qemu-system-aar
05:47:54     1000         -   2779487    1.00    2.00    0.00    0.00    3.00    22  |__qemu-system-aar
05:47:54     1000         -   2779495    0.00    0.00    0.00    0.00    0.00     8  |__call_rcu
05:47:54     1000         -   2779510   99.00    1.00    0.00    0.00  100.00     0  |__CPU 0/TCG
05:47:54     1000         -   2779511    1.00    0.00    0.00    0.00    1.00     2  |__CPU 1/TCG
05:47:54     1000         -   2779512   98.00    2.00    0.00    0.00  100.00    20  |__CPU 2/TCG
05:47:54     1000         -   2779513    0.00    0.00    0.00    0.00    0.00     6  |__CPU 3/TCG
05:47:55     1000   2779487         -  201.00    2.00    0.00    0.00  203.00     5  qemu-system-aar
05:47:55     1000         -   2779487    1.00    2.00    0.00    0.00    3.00     5  |__qemu-system-aar
05:47:55     1000         -   2779495    0.00    0.00    0.00    0.00    0.00     8  |__call_rcu
05:47:55     1000         -   2779510   99.00    0.00    0.00    0.00   99.00     0  |__CPU 0/TCG
05:47:55     1000         -   2779511    1.00    0.00    0.00    0.00    1.00     3  |__CPU 1/TCG
05:47:55     1000         -   2779512   99.00    1.00    0.00    0.00  100.00    20  |__CPU 2/TCG
05:47:55     1000         -   2779513    0.00    0.00    0.00    0.00    0.00     6  |__CPU 3/TCG
05:47:56     1000   2779487         -  200.00    2.00    0.00    0.00  202.00    17  qemu-system-aar
05:47:56     1000         -   2779487    2.00    2.00    0.00    0.00    4.00    17  |__qemu-system-aar
05:47:56     1000         -   2779495    0.00    0.00    0.00    0.00    0.00     8  |__call_rcu
05:47:56     1000         -   2779510   99.00    1.00    0.00    0.00  100.00     0  |__CPU 0/TCG
05:47:56     1000         -   2779511    0.00    0.00    0.00    0.00    0.00     2  |__CPU 1/TCG
05:47:56     1000         -   2779512   98.00    1.00    0.00    0.00   99.00     4  |__CPU 2/TCG
05:47:56     1000         -   2779513    0.00    0.00    0.00    0.00    0.00     6  |__CPU 3/TCG
05:47:57     1000   2779487         -  201.00    3.00    0.00    0.00  204.00     2  qemu-system-aar
05:47:57     1000         -   2779487    1.00    3.00    0.00    0.00    4.00     2  |__qemu-system-aar
05:47:57     1000         -   2779495    0.00    0.00    0.00    0.00    0.00     8  |__call_rcu
05:47:57     1000         -   2779510   99.00    0.00    0.00    0.00   99.00     0  |__CPU 0/TCG
05:47:57     1000         -   2779511    1.00    0.00    0.00    0.00    1.00     3  |__CPU 1/TCG
05:47:57     1000         -   2779512   99.00    0.00    0.00    0.00   99.00     4  |__CPU 2/TCG
05:47:57     1000         -   2779513    0.00    0.00    0.00    0.00    0.00     6  |__CPU 3/TCG
05:47:58     1000   2779487         -  200.00    3.00    0.00    0.00  203.00     1  qemu-system-aar
05:47:58     1000         -   2779487    1.00    2.00    0.00    0.00    3.00     1  |__qemu-system-aar
05:47:58     1000         -   2779495    0.00    0.00    0.00    0.00    0.00     8  |__call_rcu
05:47:58     1000         -   2779510   99.00    1.00    0.00    0.00  100.00     0  |__CPU 0/TCG
05:47:58     1000         -   2779511    0.00    0.00    0.00    0.00    0.00     3  |__CPU 1/TCG
05:47:58     1000         -   2779512   98.00    2.00    0.00    0.00  100.00     4  |__CPU 2/TCG
05:47:58     1000         -   2779513    0.00    0.00    0.00    0.00    0.00     6  |__CPU 3/TCG
05:47:59     1000   2779487         -  200.00    2.00    0.00    0.00  202.00     6  qemu-system-aar
05:47:59     1000         -   2779487    1.00    2.00    0.00    0.00    3.00     6  |__qemu-system-aar
05:47:59     1000         -   2779495    0.00    0.00    0.00    0.00    0.00     8  |__call_rcu
05:47:59     1000         -   2779510   99.00    0.00    0.00    0.00   99.00     0  |__CPU 0/TCG
05:47:59     1000         -   2779511    1.00    0.00    0.00    0.00    1.00     2  |__CPU 1/TCG
05:47:59     1000         -   2779512   99.00    1.00    0.00    0.00  100.00     4  |__CPU 2/TCG
05:47:59     1000         -   2779513    0.00    0.00    0.00    0.00    0.00     6  |__CPU 3/TCG
05:48:00     1000   2779487         -  200.00    3.00    0.00    0.00  203.00     6  qemu-system-aar
05:48:00     1000         -   2779487    1.00    3.00    0.00    0.00    4.00     6  |__qemu-system-aar
05:48:00     1000         -   2779495    0.00    0.00    0.00    0.00    0.00     8  |__call_rcu
05:48:00     1000         -   2779510   99.00    0.00    0.00    0.00   99.00     4  |__CPU 0/TCG
05:48:00     1000         -   2779511    1.00    0.00    0.00    0.00    1.00     2  |__CPU 1/TCG
05:48:00     1000         -   2779512   98.00    1.00    0.00    0.00   99.00     0  |__CPU 2/TCG
05:48:00     1000         -   2779513    0.00    0.00    0.00    0.00    0.00     6  |__CPU 3/TCG
05:48:01     1000   2779487         -  201.00    3.00    0.00    0.00  204.00     5  qemu-system-aar
05:48:01     1000         -   2779487    1.00    2.00    0.00    0.00    3.00     5  |__qemu-system-aar
05:48:01     1000         -   2779495    0.00    0.00    0.00    0.00    0.00     8  |__call_rcu
05:48:01     1000         -   2779510   99.00    1.00    0.00    0.00  100.00     4  |__CPU 0/TCG
05:48:01     1000         -   2779511    0.00    0.00    0.00    0.00    0.00     2  |__CPU 1/TCG
05:48:01     1000         -   2779512   99.00    1.00    0.00    0.00  100.00    16  |__CPU 2/TCG
05:48:01     1000         -   2779513    0.00    0.00    0.00    0.00    0.00     6  |__CPU 3/TCG
05:48:02     1000   2779487         -  199.00    4.00    0.00    0.00  203.00    20  qemu-system-aar
05:48:02     1000         -   2779487    1.00    3.00    0.00    0.00    4.00    20  |__qemu-system-aar
05:48:02     1000         -   2779495    0.00    0.00    0.00    0.00    0.00     8  |__call_rcu
05:48:02     1000         -   2779510   99.00    0.00    0.00    0.00   99.00     4  |__CPU 0/TCG
05:48:02     1000         -   2779511    1.00    0.00    0.00    0.00    1.00     3  |__CPU 1/TCG
05:48:02     1000         -   2779512   98.00    1.00    0.00    0.00   99.00    16  |__CPU 2/TCG
05:48:02     1000         -   2779513    0.00    0.00    0.00    0.00    0.00     6  |__CPU 3/TCG
05:48:03     1000   2779487         -  201.00    3.00    0.00    0.00  204.00     4  qemu-system-aar
05:48:03     1000         -   2779487    1.00    4.00    0.00    0.00    5.00     4  |__qemu-system-aar
05:48:03     1000         -   2779495    0.00    0.00    0.00    0.00    0.00     8  |__call_rcu
05:48:03     1000         -   2779510   99.00    0.00    0.00    0.00   99.00    20  |__CPU 0/TCG
05:48:03     1000         -   2779511    0.00    0.00    0.00    0.00    0.00     3  |__CPU 1/TCG
05:48:03     1000         -   2779512   99.00    1.00    0.00    0.00  100.00    16  |__CPU 2/TCG
05:48:03     1000         -   2779513    0.00    0.00    0.00    0.00    0.00     6  |__CPU 3/TCG
05:48:04     1000   2779487         -  200.00    3.00    0.00    0.00  203.00     3  qemu-system-aar
05:48:04     1000         -   2779487    1.00    3.00    0.00    0.00    4.00     3  |__qemu-system-aar
05:48:04     1000         -   2779495    0.00    0.00    0.00    0.00    0.00     8  |__call_rcu
05:48:04     1000         -   2779510   99.00    1.00    0.00    0.00  100.00    20  |__CPU 0/TCG
05:48:04     1000         -   2779511    1.00    0.00    0.00    0.00    1.00     2  |__CPU 1/TCG
05:48:04     1000         -   2779512   98.00    1.00    0.00    0.00   99.00     0  |__CPU 2/TCG
05:48:04     1000         -   2779513    0.00    0.00    0.00    0.00    0.00     6  |__CPU 3/TCG
05:48:05     1000   2779487         -  201.00    3.00    0.00    0.00  204.00     7  qemu-system-aar
05:48:05     1000         -   2779487    1.00    2.00    0.00    0.00    3.00     7  |__qemu-system-aar
05:48:05     1000         -   2779495    0.00    0.00    0.00    0.00    0.00     8  |__call_rcu
05:48:05     1000         -   2779510   99.00    0.00    0.00    0.00   99.00    20  |__CPU 0/TCG
05:48:05     1000         -   2779511    1.00    0.00    0.00    0.00    1.00     1  |__CPU 1/TCG
05:48:05     1000         -   2779512   99.00    1.00    0.00    0.00  100.00     0  |__CPU 2/TCG
05:48:05     1000         -   2779513    0.00    0.00    0.00    0.00    0.00     6  |__CPU 3/TCG
05:48:06     1000   2779487         -  199.00    3.00    0.00    0.00  202.00     2  qemu-system-aar
05:48:06     1000         -   2779487    0.00    3.00    0.00    0.00    3.00     2  |__qemu-system-aar
05:48:06     1000         -   2779495    0.00    0.00    0.00    0.00    0.00     8  |__call_rcu
05:48:06     1000         -   2779510   99.00    0.00    0.00    0.00   99.00     4  |__CPU 0/TCG
05:48:06     1000         -   2779511    0.00    0.00    0.00    0.00    0.00     1  |__CPU 1/TCG
05:48:06     1000         -   2779512   98.00    1.00    0.00    0.00   99.00     0  |__CPU 2/TCG
05:48:06     1000         -   2779513    0.00    0.00    0.00    0.00    0.00     6  |__CPU 3/TCG
05:48:07     1000   2779487         -  199.00    3.00    0.00    0.00  202.00     2  qemu-system-aar
05:48:07     1000         -   2779487    1.00    3.00    0.00    0.00    4.00     2  |__qemu-system-aar
05:48:07     1000         -   2779495    0.00    0.00    0.00    0.00    0.00     8  |__call_rcu
05:48:07     1000         -   2779510   99.00    1.00    0.00    0.00  100.00     4  |__CPU 0/TCG
05:48:07     1000         -   2779511    0.00    0.00    0.00    0.00    0.00     1  |__CPU 1/TCG
05:48:07     1000         -   2779512   98.00    2.00    0.00    0.00  100.00     0  |__CPU 2/TCG
05:48:07     1000         -   2779513    0.00    0.00    0.00    0.00    0.00     6  |__CPU 3/TCG
05:48:08     1000   2779487         -  201.00    2.00    0.00    0.00  203.00     1  qemu-system-aar
05:48:08     1000         -   2779487    1.00    2.00    0.00    0.00    3.00     1  |__qemu-system-aar
05:48:08     1000         -   2779495    0.00    0.00    0.00    0.00    0.00     8  |__call_rcu
05:48:08     1000         -   2779510   99.00    0.00    0.00    0.00   99.00     4  |__CPU 0/TCG
05:48:08     1000         -   2779511    1.00    0.00    0.00    0.00    1.00     2  |__CPU 1/TCG
05:48:08     1000         -   2779512   99.00    1.00    0.00    0.00  100.00    16  |__CPU 2/TCG
05:48:08     1000         -   2779513    0.00    0.00    0.00    0.00    0.00     6  |__CPU 3/TCG
05:48:09     1000   2779487         -  200.00    3.00    0.00    0.00  203.00     1  qemu-system-aar
05:48:09     1000         -   2779487    1.00    2.00    0.00    0.00    3.00     1  |__qemu-system-aar
05:48:09     1000         -   2779495    0.00    0.00    0.00    0.00    0.00     8  |__call_rcu
05:48:09     1000         -   2779510   99.00    1.00    0.00    0.00  100.00    20  |__CPU 0/TCG
05:48:09     1000         -   2779511    0.00    0.00    0.00    0.00    0.00     2  |__CPU 1/TCG
05:48:09     1000         -   2779512   99.00    1.00    0.00    0.00  100.00    16  |__CPU 2/TCG
05:48:09     1000         -   2779513    0.00    0.00    0.00    0.00    0.00     6  |__CPU 3/TCG
05:48:10     1000   2779487         -  201.00    2.00    0.00    0.00  203.00     5  qemu-system-aar
05:48:10     1000         -   2779487    1.00    2.00    0.00    0.00    3.00     5  |__qemu-system-aar
05:48:10     1000         -   2779495    0.00    0.00    0.00    0.00    0.00     8  |__call_rcu
05:48:10     1000         -   2779510   99.00    0.00    0.00    0.00   99.00    20  |__CPU 0/TCG
05:48:10     1000         -   2779511    1.00    0.00    0.00    0.00    1.00     1  |__CPU 1/TCG
05:48:10     1000         -   2779512   98.00    1.00    0.00    0.00   99.00    16  |__CPU 2/TCG
05:48:10     1000         -   2779513    0.00    0.00    0.00    0.00    0.00     6  |__CPU 3/TCG
05:48:11     1000   2779487         -  200.00    3.00    0.00    0.00  203.00     6  qemu-system-aar
05:48:11     1000         -   2779487    2.00    2.00    0.00    0.00    4.00     6  |__qemu-system-aar
05:48:11     1000         -   2779495    0.00    0.00    0.00    0.00    0.00     8  |__call_rcu
05:48:11     1000         -   2779510   99.00    0.00    0.00    0.00   99.00    20  |__CPU 0/TCG
05:48:11     1000         -   2779511    0.00    0.00    0.00    0.00    0.00     1  |__CPU 1/TCG
05:48:11     1000         -   2779512   99.00    1.00    0.00    0.00  100.00    16  |__CPU 2/TCG
05:48:11     1000         -   2779513    0.00    0.00    0.00    0.00    0.00     6  |__CPU 3/TCG
05:48:12     1000   2779487         -  200.00    3.00    0.00    0.00  203.00     1  qemu-system-aar
05:48:12     1000         -   2779487    1.00    3.00    0.00    0.00    4.00     1  |__qemu-system-aar
05:48:12     1000         -   2779495    0.00    0.00    0.00    0.00    0.00     8  |__call_rcu
05:48:12     1000         -   2779510   99.00    1.00    0.00    0.00  100.00    20  |__CPU 0/TCG
05:48:12     1000         -   2779511    1.00    0.00    0.00    0.00    1.00     2  |__CPU 1/TCG
05:48:12     1000         -   2779512   98.00    1.00    0.00    0.00   99.00    16  |__CPU 2/TCG
05:48:12     1000         -   2779513    0.00    0.00    0.00    0.00    0.00     6  |__CPU 3/TCG
05:48:13     1000   2779487         -  200.00    2.00    0.00    0.00  202.00     1  qemu-system-aar
05:48:13     1000         -   2779487    1.00    2.00    0.00    0.00    3.00     1  |__qemu-system-aar
05:48:13     1000         -   2779495    0.00    0.00    0.00    0.00    0.00     8  |__call_rcu
05:48:13     1000         -   2779510   99.00    0.00    0.00    0.00   99.00    20  |__CPU 0/TCG
05:48:13     1000         -   2779511    1.00    0.00    0.00    0.00    1.00     2  |__CPU 1/TCG
05:48:13     1000         -   2779512   99.00    1.00    0.00    0.00  100.00    16  |__CPU 2/TCG
05:48:13     1000         -   2779513    0.00    0.00    0.00    0.00    0.00     6  |__CPU 3/TCG
05:48:14     1000   2779487         -  200.00    3.00    0.00    0.00  203.00     6  qemu-system-aar
05:48:14     1000         -   2779487    0.00    2.00    0.00    0.00    2.00     6  |__qemu-system-aar
05:48:14     1000         -   2779495    0.00    0.00    0.00    0.00    0.00     8  |__call_rcu
05:48:14     1000         -   2779510   99.00    1.00    0.00    0.00  100.00    20  |__CPU 0/TCG
05:48:14     1000         -   2779511    0.00    0.00    0.00    0.00    0.00     5  |__CPU 1/TCG
05:48:14     1000         -   2779512   98.00    2.00    0.00    0.00  100.00    16  |__CPU 2/TCG
05:48:14     1000         -   2779513    0.00    0.00    0.00    0.00    0.00     6  |__CPU 3/TCG
05:48:15     1000   2779487         -  200.00    3.00    0.00    0.00  203.00     5  qemu-system-aar
05:48:15     1000         -   2779487    2.00    2.00    0.00    0.00    4.00     5  |__qemu-system-aar
05:48:15     1000         -   2779495    0.00    0.00    0.00    0.00    0.00     8  |__call_rcu
05:48:15     1000         -   2779510   99.00    0.00    0.00    0.00   99.00    20  |__CPU 0/TCG
05:48:15     1000         -   2779511    1.00    0.00    0.00    0.00    1.00     2  |__CPU 1/TCG
05:48:15     1000         -   2779512   98.00    1.00    0.00    0.00   99.00     0  |__CPU 2/TCG
05:48:15     1000         -   2779513    0.00    0.00    0.00    0.00    0.00     6  |__CPU 3/TCG
05:48:16     1000   2779487         -  200.00    2.00    0.00    0.00  202.00     6  qemu-system-aar
05:48:16     1000         -   2779487    1.00    2.00    0.00    0.00    3.00     6  |__qemu-system-aar
05:48:16     1000         -   2779495    0.00    0.00    0.00    0.00    0.00     8  |__call_rcu
05:48:16     1000         -   2779510   99.00    0.00    0.00    0.00   99.00     4  |__CPU 0/TCG
05:48:16     1000         -   2779511    0.00    0.00    0.00    0.00    0.00     3  |__CPU 1/TCG
05:48:16     1000         -   2779512   99.00    1.00    0.00    0.00  100.00     0  |__CPU 2/TCG
05:48:16     1000         -   2779513    0.00    0.00    0.00    0.00    0.00     6  |__CPU 3/TCG
05:48:17     1000   2779487         -  200.00    3.00    0.00    0.00  203.00     6  qemu-system-aar
05:48:17     1000         -   2779487    2.00    2.00    0.00    0.00    4.00     6  |__qemu-system-aar
05:48:17     1000         -   2779495    0.00    0.00    0.00    0.00    0.00     8  |__call_rcu
05:48:17     1000         -   2779510   99.00    1.00    0.00    0.00  100.00     4  |__CPU 0/TCG
05:48:17     1000         -   2779511    1.00    0.00    0.00    0.00    1.00     3  |__CPU 1/TCG
05:48:17     1000         -   2779512   98.00    1.00    0.00    1.00   99.00     0  |__CPU 2/TCG
05:48:17     1000         -   2779513    0.00    0.00    0.00    0.00    0.00     6  |__CPU 3/TCG
05:48:18     1000   2779487         -  201.00    3.00    0.00    0.00  204.00     1  qemu-system-aar
05:48:18     1000         -   2779487    1.00    2.00    0.00    0.00    3.00     1  |__qemu-system-aar
05:48:18     1000         -   2779495    0.00    0.00    0.00    0.00    0.00     8  |__call_rcu
05:48:18     1000         -   2779510   99.00    0.00    0.00    0.00   99.00     4  |__CPU 0/TCG
05:48:18     1000         -   2779511    1.00    0.00    0.00    0.00    1.00     3  |__CPU 1/TCG
05:48:18     1000         -   2779512   99.00    1.00    0.00    0.00  100.00     0  |__CPU 2/TCG
05:48:18     1000         -   2779513    0.00    0.00    0.00    0.00    0.00     6  |__CPU 3/TCG
05:48:19     1000   2779487         -  200.00    2.00    0.00    0.00  202.00     6  qemu-system-aar
05:48:19     1000         -   2779487    1.00    1.00    0.00    0.00    2.00     6  |__qemu-system-aar
05:48:19     1000         -   2779495    0.00    0.00    0.00    0.00    0.00     8  |__call_rcu
05:48:19     1000         -   2779510   99.00    0.00    0.00    0.00   99.00     4  |__CPU 0/TCG
05:48:19     1000         -   2779511    0.00    0.00    0.00    0.00    0.00     2  |__CPU 1/TCG
05:48:19     1000         -   2779512   98.00    1.00    0.00    0.00   99.00     0  |__CPU 2/TCG
05:48:19     1000         -   2779513    0.00    0.00    0.00    0.00    0.00     6  |__CPU 3/TCG
05:48:20     1000   2779487         -  200.00    3.00    0.00    0.00  203.00     1  qemu-system-aar
05:48:20     1000         -   2779487    1.00    3.00    0.00    0.00    4.00     1  |__qemu-system-aar
05:48:20     1000         -   2779495    0.00    0.00    0.00    0.00    0.00     8  |__call_rcu
05:48:20     1000         -   2779510   99.00    1.00    0.00    0.00  100.00     4  |__CPU 0/TCG
05:48:20     1000         -   2779511    1.00    0.00    0.00    0.00    1.00     2  |__CPU 1/TCG
05:48:20     1000         -   2779512   99.00    1.00    0.00    0.00  100.00     0  |__CPU 2/TCG
05:48:20     1000         -   2779513    0.00    0.00    0.00    0.00    0.00     6  |__CPU 3/TCG
05:48:21     1000   2779487         -  200.00    2.00    0.00    0.00  202.00     3  qemu-system-aar
05:48:21     1000         -   2779487    2.00    1.00    0.00    0.00    3.00     3  |__qemu-system-aar
05:48:21     1000         -   2779495    0.00    0.00    0.00    0.00    0.00     8  |__call_rcu
05:48:21     1000         -   2779510   99.00    0.00    0.00    0.00   99.00     4  |__CPU 0/TCG
05:48:21     1000         -   2779511    0.00    0.00    0.00    0.00    0.00     5  |__CPU 1/TCG
05:48:21     1000         -   2779512   98.00    1.00    0.00    0.00   99.00     0  |__CPU 2/TCG
05:48:21     1000         -   2779513    0.00    0.00    0.00    0.00    0.00     6  |__CPU 3/TCG
05:48:22     1000   2779487         -  200.00    3.00    0.00    0.00  203.00     6  qemu-system-aar
05:48:22     1000         -   2779487    1.00    2.00    0.00    0.00    3.00     6  |__qemu-system-aar
05:48:22     1000         -   2779495    0.00    0.00    0.00    0.00    0.00     8  |__call_rcu
05:48:22     1000         -   2779510   99.00    0.00    0.00    0.00   99.00     4  |__CPU 0/TCG
05:48:22     1000         -   2779511    1.00    0.00    0.00    0.00    1.00     5  |__CPU 1/TCG
05:48:22     1000         -   2779512   98.00    2.00    0.00    0.00  100.00     0  |__CPU 2/TCG
05:48:22     1000         -   2779513    0.00    0.00    0.00    0.00    0.00     6  |__CPU 3/TCG
05:48:23     1000   2779487         -  200.00    4.00    0.00    0.00  204.00     1  qemu-system-aar
05:48:23     1000         -   2779487    0.00    3.00    0.00    0.00    3.00     1  |__qemu-system-aar
05:48:23     1000         -   2779495    0.00    0.00    0.00    0.00    0.00     8  |__call_rcu
05:48:23     1000         -   2779510   99.00    1.00    0.00    0.00  100.00     4  |__CPU 0/TCG
05:48:23     1000         -   2779511    0.00    0.00    0.00    0.00    0.00     5  |__CPU 1/TCG
05:48:23     1000         -   2779512   99.00    1.00    0.00    0.00  100.00     0  |__CPU 2/TCG
05:48:23     1000         -   2779513    0.00    0.00    0.00    0.00    0.00     6  |__CPU 3/TCG
05:48:24     1000   2779487         -  198.00    3.00    0.00    0.00  201.00    17  qemu-system-aar
05:48:24     1000         -   2779487    2.00    2.00    0.00    0.00    4.00    17  |__qemu-system-aar
05:48:24     1000         -   2779495    0.00    0.00    0.00    0.00    0.00     8  |__call_rcu
05:48:24     1000         -   2779510   98.00    1.00    0.00    0.00   99.00     4  |__CPU 0/TCG
05:48:24     1000         -   2779511    1.00    0.00    0.00    0.00    1.00     2  |__CPU 1/TCG
05:48:24     1000         -   2779512   98.00    1.00    0.00    0.00   99.00    16  |__CPU 2/TCG
05:48:24     1000         -   2779513    0.00    0.00    0.00    0.00    0.00     6  |__CPU 3/TCG
05:48:25     1000   2779487         -  201.00    3.00    0.00    0.00  204.00    17  qemu-system-aar
05:48:25     1000         -   2779487    1.00    2.00    0.00    0.00    3.00    17  |__qemu-system-aar
05:48:25     1000         -   2779495    0.00    0.00    0.00    0.00    0.00     8  |__call_rcu
05:48:25     1000         -   2779510   99.00    0.00    0.00    0.00   99.00    20  |__CPU 0/TCG
05:48:25     1000         -   2779511    1.00    0.00    0.00    0.00    1.00     5  |__CPU 1/TCG
05:48:25     1000         -   2779512   99.00    1.00    0.00    0.00  100.00    16  |__CPU 2/TCG
05:48:25     1000         -   2779513    0.00    0.00    0.00    0.00    0.00     6  |__CPU 3/TCG
05:48:26     1000   2779487         -  200.00    2.00    0.00    0.00  202.00    17  qemu-system-aar
05:48:26     1000         -   2779487    1.00    3.00    0.00    0.00    4.00    17  |__qemu-system-aar
05:48:26     1000         -   2779495    0.00    0.00    0.00    0.00    0.00     8  |__call_rcu
05:48:26     1000         -   2779510   99.00    1.00    0.00    0.00  100.00    20  |__CPU 0/TCG
05:48:26     1000         -   2779511    0.00    0.00    0.00    0.00    0.00     2  |__CPU 1/TCG
05:48:26     1000         -   2779512   98.00    1.00    0.00    0.00   99.00    16  |__CPU 2/TCG
05:48:26     1000         -   2779513    0.00    0.00    0.00    0.00    0.00     6  |__CPU 3/TCG
05:48:27     1000   2779487         -  200.00    3.00    0.00    0.00  203.00    19  qemu-system-aar
05:48:27     1000         -   2779487    1.00    2.00    0.00    0.00    3.00    19  |__qemu-system-aar
05:48:27     1000         -   2779495    0.00    0.00    0.00    0.00    0.00     8  |__call_rcu
05:48:27     1000         -   2779510   99.00    0.00    0.00    0.00   99.00    20  |__CPU 0/TCG
05:48:27     1000         -   2779511    1.00    0.00    0.00    0.00    1.00     2  |__CPU 1/TCG
05:48:27     1000         -   2779512   99.00    1.00    0.00    0.00  100.00     0  |__CPU 2/TCG
05:48:27     1000         -   2779513    0.00    0.00    0.00    0.00    0.00     6  |__CPU 3/TCG
05:48:28     1000   2779487         -  200.00    3.00    0.00    0.00  203.00    18  qemu-system-aar
05:48:28     1000         -   2779487    1.00    2.00    0.00    0.00    3.00    18  |__qemu-system-aar
05:48:28     1000         -   2779495    0.00    0.00    0.00    0.00    0.00     8  |__call_rcu
05:48:28     1000         -   2779510   99.00    1.00    0.00    0.00  100.00    20  |__CPU 0/TCG
05:48:28     1000         -   2779511    0.00    0.00    0.00    0.00    0.00     2  |__CPU 1/TCG
05:48:28     1000         -   2779512   98.00    1.00    0.00    0.00   99.00     0  |__CPU 2/TCG
05:48:28     1000         -   2779513    0.00    0.00    0.00    0.00    0.00     6  |__CPU 3/TCG
05:48:29     1000   2779487         -  201.00    2.00    0.00    0.00  203.00    19  qemu-system-aar
05:48:29     1000         -   2779487    1.00    2.00    0.00    0.00    3.00    19  |__qemu-system-aar
05:48:29     1000         -   2779495    0.00    0.00    0.00    0.00    0.00     8  |__call_rcu
05:48:29     1000         -   2779510   99.00    0.00    0.00    0.00   99.00    20  |__CPU 0/TCG
05:48:29     1000         -   2779511    1.00    0.00    0.00    0.00    1.00     2  |__CPU 1/TCG
05:48:29     1000         -   2779512   99.00    1.00    0.00    0.00  100.00     0  |__CPU 2/TCG
05:48:29     1000         -   2779513    0.00    0.00    0.00    0.00    0.00     6  |__CPU 3/TCG
05:48:30     1000   2779487         -  201.00    2.00    0.00    0.00  203.00    18  qemu-system-aar
05:48:30     1000         -   2779487    2.00    1.00    0.00    0.00    3.00    18  |__qemu-system-aar
05:48:30     1000         -   2779495    0.00    0.00    0.00    0.00    0.00     8  |__call_rcu
05:48:30     1000         -   2779510   99.00    1.00    0.00    0.00  100.00    20  |__CPU 0/TCG
05:48:30     1000         -   2779511    0.00    0.00    0.00    0.00    0.00     5  |__CPU 1/TCG
05:48:30     1000         -   2779512   99.00    0.00    0.00    0.00   99.00     0  |__CPU 2/TCG
05:48:30     1000         -   2779513    0.00    0.00    0.00    0.00    0.00     6  |__CPU 3/TCG
05:48:31     1000   2779487         -  200.00    2.00    0.00    0.00  202.00     2  qemu-system-aar
05:48:31     1000         -   2779487    2.00    2.00    0.00    0.00    4.00    18  |__qemu-system-aar
05:48:31     1000         -   2779495    0.00    0.00    0.00    0.00    0.00     8  |__call_rcu
05:48:31     1000         -   2779510   99.00    0.00    0.00    0.00   99.00    20  |__CPU 0/TCG
05:48:31     1000         -   2779511    1.00    0.00    0.00    0.00    1.00     5  |__CPU 1/TCG
05:48:31     1000         -   2779512   99.00    1.00    0.00    0.00  100.00     0  |__CPU 2/TCG
05:48:31     1000         -   2779513    0.00    0.00    0.00    0.00    0.00     6  |__CPU 3/TCG
05:48:32     1000   2779487         -  201.00    2.00    0.00    0.00  203.00    18  qemu-system-aar
05:48:32     1000         -   2779487    1.00    1.00    0.00    0.00    2.00    18  |__qemu-system-aar
05:48:32     1000         -   2779495    0.00    0.00    0.00    0.00    0.00     8  |__call_rcu
05:48:32     1000         -   2779510   99.00    0.00    0.00    0.00   99.00    20  |__CPU 0/TCG
05:48:32     1000         -   2779511    0.00    0.00    0.00    0.00    0.00     5  |__CPU 1/TCG
05:48:32     1000         -   2779512   98.00    2.00    0.00    0.00  100.00     0  |__CPU 2/TCG
05:48:32     1000         -   2779513    0.00    0.00    0.00    0.00    0.00     6  |__CPU 3/TCG
05:48:33     1000   2779487         -  200.00    2.00    0.00    0.00  202.00    19  qemu-system-aar
05:48:33     1000         -   2779487    2.00    3.00    0.00    0.00    5.00    19  |__qemu-system-aar
05:48:33     1000         -   2779495    0.00    0.00    0.00    0.00    0.00     8  |__call_rcu
05:48:33     1000         -   2779510   99.00    1.00    0.00    0.00  100.00    20  |__CPU 0/TCG
05:48:33     1000         -   2779511    1.00    0.00    0.00    0.00    1.00     5  |__CPU 1/TCG
05:48:33     1000         -   2779512   99.00    1.00    0.00    0.00  100.00     0  |__CPU 2/TCG
05:48:33     1000         -   2779513    0.00    0.00    0.00    0.00    0.00     6  |__CPU 3/TCG
05:48:34     1000   2779487         -  200.00    4.00    0.00    0.00  204.00    18  qemu-system-aar
05:48:34     1000         -   2779487    0.00    3.00    0.00    0.00    3.00    18  |__qemu-system-aar
05:48:34     1000         -   2779495    0.00    0.00    0.00    0.00    0.00     8  |__call_rcu
05:48:34     1000         -   2779510   98.00    0.00    0.00    0.00   98.00     4  |__CPU 0/TCG
05:48:34     1000         -   2779511    1.00    0.00    0.00    0.00    1.00     5  |__CPU 1/TCG
05:48:34     1000         -   2779512   98.00    1.00    0.00    0.00   99.00     0  |__CPU 2/TCG
05:48:34     1000         -   2779513    0.00    0.00    0.00    0.00    0.00     6  |__CPU 3/TCG
05:48:35     1000   2779487         -  201.00    2.00    0.00    0.00  203.00    22  qemu-system-aar
05:48:35     1000         -   2779487    2.00    2.00    0.00    0.00    4.00    22  |__qemu-system-aar
05:48:35     1000         -   2779495    0.00    0.00    0.00    0.00    0.00     8  |__call_rcu
05:48:35     1000         -   2779510   99.00    1.00    0.00    0.00  100.00     4  |__CPU 0/TCG
05:48:35     1000         -   2779511    0.00    0.00    0.00    0.00    0.00     5  |__CPU 1/TCG
05:48:35     1000         -   2779512   98.00    1.00    0.00    0.00   99.00    16  |__CPU 2/TCG
05:48:35     1000         -   2779513    0.00    0.00    0.00    0.00    0.00     6  |__CPU 3/TCG
05:48:36     1000   2779487         -  200.00    3.00    0.00    0.00  203.00     1  qemu-system-aar
05:48:36     1000         -   2779487    1.00    2.00    0.00    0.00    3.00     1  |__qemu-system-aar
05:48:36     1000         -   2779495    0.00    0.00    0.00    0.00    0.00     8  |__call_rcu
05:48:36     1000         -   2779510   99.00    0.00    0.00    0.00   99.00     0  |__CPU 0/TCG
05:48:36     1000         -   2779511    1.00    0.00    0.00    0.00    1.00     5  |__CPU 1/TCG
05:48:36     1000         -   2779512   98.00    1.00    0.00    0.00   99.00     4  |__CPU 2/TCG
05:48:36     1000         -   2779513    0.00    0.00    0.00    0.00    0.00     6  |__CPU 3/TCG
05:48:37     1000   2779487         -  200.00    3.00    0.00    0.00  203.00     3  qemu-system-aar
05:48:37     1000         -   2779487    1.00    2.00    0.00    0.00    3.00     3  |__qemu-system-aar
05:48:37     1000         -   2779495    0.00    0.00    0.00    0.00    0.00     8  |__call_rcu
05:48:37     1000         -   2779510  100.00    0.00    0.00    0.00  100.00     0  |__CPU 0/TCG
05:48:37     1000         -   2779511    0.00    0.00    0.00    0.00    0.00     5  |__CPU 1/TCG
05:48:37     1000         -   2779512   99.00    1.00    0.00    0.00  100.00     4  |__CPU 2/TCG
05:48:37     1000         -   2779513    0.00    0.00    0.00    0.00    0.00     6  |__CPU 3/TCG
05:48:38     1000   2779487         -  201.00    2.00    0.00    0.00  203.00     3  qemu-system-aar
05:48:38     1000         -   2779487    1.00    3.00    0.00    0.00    4.00     3  |__qemu-system-aar
05:48:38     1000         -   2779495    0.00    0.00    0.00    0.00    0.00     8  |__call_rcu
05:48:38     1000         -   2779510   99.00    1.00    0.00    0.00  100.00     0  |__CPU 0/TCG
05:48:38     1000         -   2779511    1.00    0.00    0.00    0.00    1.00     5  |__CPU 1/TCG
05:48:38     1000         -   2779512   99.00    1.00    0.00    0.00  100.00     4  |__CPU 2/TCG
05:48:38     1000         -   2779513    0.00    0.00    0.00    0.00    0.00     6  |__CPU 3/TCG
05:48:39     1000   2779487         -  200.00    3.00    0.00    0.00  203.00     3  qemu-system-aar
05:48:39     1000         -   2779487    1.00    2.00    0.00    0.00    3.00     3  |__qemu-system-aar
05:48:39     1000         -   2779495    0.00    0.00    0.00    0.00    0.00     8  |__call_rcu
05:48:39     1000         -   2779510   99.00    0.00    0.00    0.00   99.00     0  |__CPU 0/TCG
05:48:39     1000         -   2779511    1.00    0.00    0.00    0.00    1.00     6  |__CPU 1/TCG
05:48:39     1000         -   2779512   98.00    2.00    0.00    0.00  100.00     4  |__CPU 2/TCG
05:48:39     1000         -   2779513    0.00    0.00    0.00    0.00    0.00     6  |__CPU 3/TCG
05:48:40     1000   2779487         -  199.00    4.00    0.00    0.00  203.00     3  qemu-system-aar
05:48:40     1000         -   2779487    1.00    3.00    0.00    0.00    4.00     3  |__qemu-system-aar
05:48:40     1000         -   2779495    0.00    0.00    0.00    0.00    0.00     8  |__call_rcu
05:48:40     1000         -   2779510   98.00    0.00    0.00    0.00   98.00     0  |__CPU 0/TCG
05:48:40     1000         -   2779511    0.00    0.00    0.00    0.00    0.00     6  |__CPU 1/TCG
05:48:40     1000         -   2779512   99.00    1.00    0.00    0.00  100.00     4  |__CPU 2/TCG
05:48:40     1000         -   2779513    0.00    0.00    0.00    0.00    0.00     6  |__CPU 3/TCG
05:48:41     1000   2779487         -  201.00    2.00    0.00    0.00  203.00     7  qemu-system-aar
05:48:41     1000         -   2779487    1.00    2.00    0.00    0.00    3.00     7  |__qemu-system-aar
05:48:41     1000         -   2779495    0.00    0.00    0.00    0.00    0.00     8  |__call_rcu
05:48:41     1000         -   2779510  100.00    1.00    0.00    0.00  101.00     0  |__CPU 0/TCG
05:48:41     1000         -   2779511    1.00    0.00    0.00    0.00    1.00     6  |__CPU 1/TCG
05:48:41     1000         -   2779512   98.00    1.00    0.00    0.00   99.00     4  |__CPU 2/TCG
05:48:41     1000         -   2779513    0.00    0.00    0.00    0.00    0.00     6  |__CPU 3/TCG
05:48:42     1000   2779487         -  201.00    2.00    0.00    0.00  203.00     7  qemu-system-aar
05:48:42     1000         -   2779487    1.00    2.00    0.00    0.00    3.00     7  |__qemu-system-aar
05:48:42     1000         -   2779495    0.00    0.00    0.00    0.00    0.00     8  |__call_rcu
05:48:42     1000         -   2779510   99.00    0.00    0.00    0.00   99.00    16  |__CPU 0/TCG
05:48:42     1000         -   2779511    1.00    0.00    0.00    0.00    1.00     5  |__CPU 1/TCG
05:48:42     1000         -   2779512  100.00    0.00    0.00    0.00  100.00     4  |__CPU 2/TCG
05:48:42     1000         -   2779513    0.00    0.00    0.00    0.00    0.00     6  |__CPU 3/TCG
05:48:43     1000   2779487         -  201.00    2.00    0.00    0.00  203.00     5  qemu-system-aar
05:48:43     1000         -   2779487    2.00    2.00    0.00    0.00    4.00     5  |__qemu-system-aar
05:48:43     1000         -   2779495    0.00    0.00    0.00    0.00    0.00     8  |__call_rcu
05:48:43     1000         -   2779510   99.00    0.00    0.00    0.00   99.00    16  |__CPU 0/TCG
05:48:43     1000         -   2779511    0.00    0.00    0.00    0.00    0.00     6  |__CPU 1/TCG
05:48:43     1000         -   2779512   98.00    1.00    0.00    0.00   99.00     4  |__CPU 2/TCG
05:48:43     1000         -   2779513    0.00    0.00    0.00    0.00    0.00     6  |__CPU 3/TCG
05:48:44     1000   2779487         -  200.00    3.00    0.00    0.00  203.00     7  qemu-system-aar
05:48:44     1000         -   2779487    2.00    2.00    0.00    0.00    4.00     7  |__qemu-system-aar
05:48:44     1000         -   2779495    0.00    0.00    0.00    0.00    0.00     8  |__call_rcu
05:48:44     1000         -   2779510   99.00    0.00    0.00    0.00   99.00    16  |__CPU 0/TCG
05:48:44     1000         -   2779511    1.00    0.00    0.00    0.00    1.00    18  |__CPU 1/TCG
05:48:44     1000         -   2779512   99.00    2.00    0.00    0.00  101.00     4  |__CPU 2/TCG
05:48:44     1000         -   2779513    0.00    0.00    0.00    0.00    0.00     6  |__CPU 3/TCG
05:48:45     1000   2779487         -  201.00    3.00    0.00    0.00  204.00    17  qemu-system-aar
05:48:45     1000         -   2779487    1.00    2.00    0.00    0.00    3.00    17  |__qemu-system-aar
05:48:45     1000         -   2779495    0.00    0.00    0.00    0.00    0.00     8  |__call_rcu
05:48:45     1000         -   2779510   99.00    1.00    0.00    0.00  100.00    16  |__CPU 0/TCG
05:48:45     1000         -   2779511    0.00    0.00    0.00    0.00    0.00    18  |__CPU 1/TCG
05:48:45     1000         -   2779512   98.00    1.00    0.00    0.00   99.00     4  |__CPU 2/TCG
05:48:45     1000         -   2779513    0.00    0.00    0.00    0.00    0.00     6  |__CPU 3/TCG
05:48:46     1000   2779487         -  200.00    3.00    0.00    0.00  203.00    17  qemu-system-aar
05:48:46     1000         -   2779487    0.00    3.00    0.00    0.00    3.00    17  |__qemu-system-aar
05:48:46     1000         -   2779495    0.00    0.00    0.00    0.00    0.00     8  |__call_rcu
05:48:46     1000         -   2779510   99.00    0.00    0.00    0.00   99.00    16  |__CPU 0/TCG
05:48:46     1000         -   2779511    1.00    0.00    0.00    0.00    1.00    19  |__CPU 1/TCG
05:48:46     1000         -   2779512   99.00    1.00    0.00    0.00  100.00     4  |__CPU 2/TCG
05:48:46     1000         -   2779513    0.00    0.00    0.00    0.00    0.00     6  |__CPU 3/TCG
05:48:47     1000   2779487         -  201.00    2.00    0.00    0.00  203.00     7  qemu-system-aar
05:48:47     1000         -   2779487    1.00    2.00    0.00    0.00    3.00     7  |__qemu-system-aar
05:48:47     1000         -   2779495    0.00    0.00    0.00    0.00    0.00     8  |__call_rcu
05:48:47     1000         -   2779510   99.00    0.00    0.00    0.00   99.00    16  |__CPU 0/TCG
05:48:47     1000         -   2779511    1.00    0.00    0.00    0.00    1.00    19  |__CPU 1/TCG
05:48:47     1000         -   2779512   99.00    0.00    0.00    0.00   99.00     4  |__CPU 2/TCG
05:48:47     1000         -   2779513    0.00    0.00    0.00    0.00    0.00     6  |__CPU 3/TCG
05:48:48     1000   2779487         -  200.00    3.00    0.00    0.00  203.00     7  qemu-system-aar
05:48:48     1000         -   2779487    1.00    3.00    0.00    0.00    4.00     7  |__qemu-system-aar
05:48:48     1000         -   2779495    0.00    0.00    0.00    0.00    0.00     8  |__call_rcu
05:48:48     1000         -   2779510   99.00    1.00    0.00    0.00  100.00    16  |__CPU 0/TCG
05:48:48     1000         -   2779511    0.00    0.00    0.00    0.00    0.00    19  |__CPU 1/TCG
05:48:48     1000         -   2779512   99.00    1.00    0.00    0.00  100.00     4  |__CPU 2/TCG
05:48:48     1000         -   2779513    0.00    0.00    0.00    0.00    0.00     6  |__CPU 3/TCG
05:48:49     1000   2779487         -  200.00    2.00    0.00    0.00  202.00    17  qemu-system-aar
05:48:49     1000         -   2779487    1.00    2.00    0.00    0.00    3.00    17  |__qemu-system-aar
05:48:49     1000         -   2779495    0.00    0.00    0.00    0.00    0.00     8  |__call_rcu
05:48:49     1000         -   2779510   99.00    0.00    0.00    0.00   99.00    16  |__CPU 0/TCG
05:48:49     1000         -   2779511    1.00    0.00    0.00    0.00    1.00    19  |__CPU 1/TCG
05:48:49     1000         -   2779512   98.00    1.00    0.00    0.00   99.00     4  |__CPU 2/TCG
05:48:49     1000         -   2779513    0.00    0.00    0.00    0.00    0.00     6  |__CPU 3/TCG
05:48:50     1000   2779487         -  201.00    3.00    0.00    0.00  204.00     5  qemu-system-aar
05:48:50     1000         -   2779487    2.00    2.00    0.00    0.00    4.00     5  |__qemu-system-aar
05:48:50     1000         -   2779495    0.00    0.00    0.00    0.00    0.00     8  |__call_rcu
05:48:50     1000         -   2779510   99.00    0.00    0.00    0.00   99.00     0  |__CPU 0/TCG
05:48:50     1000         -   2779511    0.00    0.00    0.00    0.00    0.00    19  |__CPU 1/TCG
05:48:50     1000         -   2779512   99.00    1.00    0.00    0.00  100.00     4  |__CPU 2/TCG
05:48:50     1000         -   2779513    0.00    0.00    0.00    0.00    0.00     6  |__CPU 3/TCG
05:48:51     1000   2779487         -  201.00    2.00    0.00    0.00  203.00     6  qemu-system-aar
05:48:51     1000         -   2779487    1.00    2.00    0.00    0.00    3.00     6  |__qemu-system-aar
05:48:51     1000         -   2779495    0.00    0.00    0.00    0.00    0.00     8  |__call_rcu
05:48:51     1000         -   2779510   99.00    1.00    0.00    0.00  100.00    20  |__CPU 0/TCG
05:48:51     1000         -   2779511    1.00    0.00    0.00    0.00    1.00    19  |__CPU 1/TCG
05:48:51     1000         -   2779512   99.00    1.00    0.00    0.00  100.00     0  |__CPU 2/TCG
05:48:51     1000         -   2779513    0.00    0.00    0.00    0.00    0.00     6  |__CPU 3/TCG
05:48:52     1000   2779487         -  201.00    1.00    0.00    0.00  202.00     1  qemu-system-aar
05:48:52     1000         -   2779487    1.00    2.00    0.00    0.00    3.00     1  |__qemu-system-aar
05:48:52     1000         -   2779495    0.00    0.00    0.00    0.00    0.00     8  |__call_rcu
05:48:52     1000         -   2779510   99.00    0.00    0.00    0.00   99.00    20  |__CPU 0/TCG
05:48:52     1000         -   2779511    1.00    0.00    0.00    0.00    1.00    19  |__CPU 1/TCG
05:48:52     1000         -   2779512   99.00    0.00    0.00    0.00   99.00     0  |__CPU 2/TCG
05:48:52     1000         -   2779513    0.00    0.00    0.00    0.00    0.00     6  |__CPU 3/TCG
05:48:53     1000   2779487         -  200.00    3.00    0.00    0.00  203.00     3  qemu-system-aar
05:48:53     1000         -   2779487    1.00    2.00    0.00    0.00    3.00     3  |__qemu-system-aar
05:48:53     1000         -   2779495    0.00    0.00    0.00    0.00    0.00     8  |__call_rcu
05:48:53     1000         -   2779510   99.00    0.00    0.00    0.00   99.00    20  |__CPU 0/TCG
05:48:53     1000         -   2779511    0.00    0.00    0.00    0.00    0.00    19  |__CPU 1/TCG
05:48:53     1000         -   2779512   98.00    2.00    0.00    0.00  100.00     0  |__CPU 2/TCG
05:48:53     1000         -   2779513    0.00    0.00    0.00    0.00    0.00     6  |__CPU 3/TCG
05:48:54     1000   2779487         -  201.00    2.00    0.00    0.00  203.00     1  qemu-system-aar
05:48:54     1000         -   2779487    1.00    2.00    0.00    0.00    3.00     1  |__qemu-system-aar
05:48:54     1000         -   2779495    0.00    0.00    0.00    0.00    0.00     8  |__call_rcu
05:48:54     1000         -   2779510   99.00    1.00    0.00    0.00  100.00    20  |__CPU 0/TCG
05:48:54     1000         -   2779511    1.00    0.00    0.00    0.00    1.00    19  |__CPU 1/TCG
05:48:54     1000         -   2779512   98.00    1.00    0.00    0.00   99.00    16  |__CPU 2/TCG
05:48:54     1000         -   2779513    0.00    0.00    0.00    0.00    0.00     6  |__CPU 3/TCG
05:48:55     1000   2779487         -  199.00    4.00    0.00    0.00  203.00     1  qemu-system-aar
05:48:55     1000         -   2779487    1.00    3.00    0.00    0.00    4.00     1  |__qemu-system-aar
05:48:55     1000         -   2779495    0.00    0.00    0.00    0.00    0.00     8  |__call_rcu
05:48:55     1000         -   2779510   99.00    0.00    0.00    0.00   99.00    20  |__CPU 0/TCG
05:48:55     1000         -   2779511    0.00    0.00    0.00    0.00    0.00    19  |__CPU 1/TCG
05:48:55     1000         -   2779512   98.00    2.00    0.00    0.00  100.00     0  |__CPU 2/TCG
05:48:55     1000         -   2779513    0.00    0.00    0.00    0.00    0.00     6  |__CPU 3/TCG
05:48:56     1000   2779487         -  200.00    2.00    0.00    0.00  202.00     3  qemu-system-aar
05:48:56     1000         -   2779487    2.00    1.00    0.00    0.00    3.00     3  |__qemu-system-aar
05:48:56     1000         -   2779495    0.00    0.00    0.00    0.00    0.00     8  |__call_rcu
05:48:56     1000         -   2779510   99.00    1.00    0.00    0.00  100.00    20  |__CPU 0/TCG
05:48:56     1000         -   2779511    1.00    0.00    0.00    0.00    1.00    19  |__CPU 1/TCG
05:48:56     1000         -   2779512   99.00    0.00    0.00    0.00   99.00     0  |__CPU 2/TCG
05:48:56     1000         -   2779513    0.00    0.00    0.00    0.00    0.00     6  |__CPU 3/TCG
05:48:57     1000   2779487         -  200.00    3.00    0.00    0.00  203.00     1  qemu-system-aar
05:48:57     1000         -   2779487    1.00    2.00    0.00    0.00    3.00     1  |__qemu-system-aar
05:48:57     1000         -   2779495    0.00    0.00    0.00    0.00    0.00     8  |__call_rcu
05:48:57     1000         -   2779510   99.00    0.00    0.00    0.00   99.00    20  |__CPU 0/TCG
05:48:57     1000         -   2779511    0.00    0.00    0.00    0.00    0.00    19  |__CPU 1/TCG
05:48:57     1000         -   2779512   99.00    1.00    0.00    0.00  100.00     0  |__CPU 2/TCG
05:48:57     1000         -   2779513    0.00    0.00    0.00    0.00    0.00     6  |__CPU 3/TCG
05:48:58     1000   2779487         -  200.00    3.00    0.00    0.00  203.00     6  qemu-system-aar
05:48:58     1000         -   2779487    2.00    2.00    0.00    0.00    4.00     6  |__qemu-system-aar
05:48:58     1000         -   2779495    0.00    0.00    0.00    0.00    0.00     8  |__call_rcu
05:48:58     1000         -   2779510   99.00    1.00    0.00    0.00  100.00    20  |__CPU 0/TCG
05:48:58     1000         -   2779511    1.00    0.00    0.00    0.00    1.00    19  |__CPU 1/TCG
05:48:58     1000         -   2779512   98.00    2.00    0.00    0.00  100.00     0  |__CPU 2/TCG
05:48:58     1000         -   2779513    0.00    0.00    0.00    0.00    0.00     6  |__CPU 3/TCG
05:48:59     1000   2779487         -  201.00    2.00    0.00    0.00  203.00     6  qemu-system-aar
05:48:59     1000         -   2779487    0.00    3.00    0.00    0.00    3.00     6  |__qemu-system-aar
05:48:59     1000         -   2779495    0.00    0.00    0.00    0.00    0.00     8  |__call_rcu
05:48:59     1000         -   2779510   99.00    0.00    0.00    0.00   99.00     4  |__CPU 0/TCG
05:48:59     1000         -   2779511    0.00    0.00    0.00    0.00    0.00    19  |__CPU 1/TCG
05:48:59     1000         -   2779512   99.00    0.00    0.00    0.00   99.00     0  |__CPU 2/TCG
05:48:59     1000         -   2779513    0.00    0.00    0.00    0.00    0.00     6  |__CPU 3/TCG
05:49:00     1000   2779487         -  200.00    2.00    0.00    0.00  202.00     7  qemu-system-aar
05:49:00     1000         -   2779487    2.00    1.00    0.00    0.00    3.00     7  |__qemu-system-aar
05:49:00     1000         -   2779495    0.00    0.00    0.00    0.00    0.00     8  |__call_rcu
05:49:00     1000         -   2779510   98.00    1.00    0.00    0.00   99.00     4  |__CPU 0/TCG
05:49:00     1000         -   2779511    1.00    0.00    0.00    0.00    1.00     2  |__CPU 1/TCG
05:49:00     1000         -   2779512   99.00    1.00    0.00    0.00  100.00     0  |__CPU 2/TCG
05:49:00     1000         -   2779513    0.00    0.00    0.00    0.00    0.00     6  |__CPU 3/TCG
05:49:01     1000   2779487         -  200.00    3.00    0.00    0.00  203.00     7  qemu-system-aar
05:49:01     1000         -   2779487    0.00    3.00    0.00    0.00    3.00     7  |__qemu-system-aar
05:49:01     1000         -   2779495    0.00    0.00    0.00    0.00    0.00     8  |__call_rcu
05:49:01     1000         -   2779510   99.00    0.00    0.00    0.00   99.00     4  |__CPU 0/TCG
05:49:01     1000         -   2779511    0.00    0.00    0.00    0.00    0.00     0  |__CPU 1/TCG
05:49:01     1000         -   2779512   99.00    1.00    0.00    0.00  100.00    16  |__CPU 2/TCG
05:49:01     1000         -   2779513    0.00    0.00    0.00    0.00    0.00     6  |__CPU 3/TCG
05:49:02     1000   2779487         -  201.00    2.00    0.00    0.00  203.00     3  qemu-system-aar
05:49:02     1000         -   2779487    1.00    2.00    0.00    0.00    3.00     3  |__qemu-system-aar
05:49:02     1000         -   2779495    0.00    0.00    0.00    0.00    0.00     8  |__call_rcu
05:49:02     1000         -   2779510   99.00    1.00    0.00    0.00  100.00    20  |__CPU 0/TCG
05:49:02     1000         -   2779511    1.00    0.00    0.00    0.00    1.00     0  |__CPU 1/TCG
05:49:02     1000         -   2779512   99.00    0.00    0.00    0.00   99.00    16  |__CPU 2/TCG
05:49:02     1000         -   2779513    0.00    0.00    0.00    0.00    0.00     6  |__CPU 3/TCG
05:49:03     1000   2779487         -  201.00    2.00    0.00    0.00  203.00    23  qemu-system-aar
05:49:03     1000         -   2779487    2.00    2.00    0.00    0.00    4.00    23  |__qemu-system-aar
05:49:03     1000         -   2779495    0.00    0.00    0.00    0.00    0.00     8  |__call_rcu
05:49:03     1000         -   2779510   99.00    0.00    0.00    0.00   99.00    20  |__CPU 0/TCG
05:49:03     1000         -   2779511    1.00    0.00    0.00    0.00    1.00    12  |__CPU 1/TCG
05:49:03     1000         -   2779512   99.00    1.00    0.00    0.00  100.00    16  |__CPU 2/TCG
05:49:03     1000         -   2779513    0.00    0.00    0.00    0.00    0.00     6  |__CPU 3/TCG
05:49:04     1000   2779487         -  200.00    2.00    0.00    0.00  202.00     1  qemu-system-aar
05:49:04     1000         -   2779487    1.00    2.00    0.00    0.00    3.00     1  |__qemu-system-aar
05:49:04     1000         -   2779495    0.00    0.00    0.00    0.00    0.00     8  |__call_rcu
05:49:04     1000         -   2779510   99.00    1.00    0.00    0.00  100.00    20  |__CPU 0/TCG
05:49:04     1000         -   2779511    0.00    0.00    0.00    0.00    0.00    12  |__CPU 1/TCG
05:49:04     1000         -   2779512   98.00    1.00    0.00    0.00   99.00    16  |__CPU 2/TCG
05:49:04     1000         -   2779513    0.00    0.00    0.00    0.00    0.00     6  |__CPU 3/TCG
05:49:05     1000   2779487         -  201.00    2.00    0.00    0.00  203.00     2  qemu-system-aar
05:49:05     1000         -   2779487    1.00    2.00    0.00    0.00    3.00     3  |__qemu-system-aar
05:49:05     1000         -   2779495    0.00    0.00    0.00    0.00    0.00     8  |__call_rcu
05:49:05     1000         -   2779510   99.00    0.00    0.00    0.00   99.00    20  |__CPU 0/TCG
05:49:05     1000         -   2779511    1.00    0.00    0.00    0.00    1.00    13  |__CPU 1/TCG
05:49:05     1000         -   2779512   99.00    1.00    0.00    0.00  100.00    16  |__CPU 2/TCG
05:49:05     1000         -   2779513    0.00    0.00    0.00    0.00    0.00     6  |__CPU 3/TCG
05:49:06     1000   2779487         -  201.00    2.00    0.00    0.00  203.00    17  qemu-system-aar
05:49:06     1000         -   2779487    1.00    3.00    0.00    0.00    4.00    17  |__qemu-system-aar
05:49:06     1000         -   2779495    0.00    0.00    0.00    0.00    0.00     8  |__call_rcu
05:49:06     1000         -   2779510   99.00    0.00    0.00    0.00   99.00    20  |__CPU 0/TCG
05:49:06     1000         -   2779511    0.00    0.00    0.00    0.00    0.00    30  |__CPU 1/TCG
05:49:06     1000         -   2779512   99.00    1.00    0.00    0.00  100.00     0  |__CPU 2/TCG
05:49:06     1000         -   2779513    0.00    0.00    0.00    0.00    0.00     6  |__CPU 3/TCG
05:49:07     1000   2779487         -  200.00    3.00    0.00    0.00  203.00    22  qemu-system-aar
05:49:07     1000         -   2779487    1.00    3.00    0.00    0.00    4.00    22  |__qemu-system-aar
05:49:07     1000         -   2779495    0.00    0.00    0.00    0.00    0.00     8  |__call_rcu
05:49:07     1000         -   2779510   99.00    1.00    0.00    0.00  100.00    20  |__CPU 0/TCG
05:49:07     1000         -   2779511    1.00    0.00    0.00    0.00    1.00    30  |__CPU 1/TCG
05:49:07     1000         -   2779512   99.00    1.00    0.00    0.00  100.00    16  |__CPU 2/TCG
05:49:07     1000         -   2779513    0.00    0.00    0.00    0.00    0.00     6  |__CPU 3/TCG
05:49:08     1000   2779487         -  200.00    3.00    0.00    0.00  203.00    22  qemu-system-aar
05:49:08     1000         -   2779487    1.00    2.00    0.00    0.00    3.00    22  |__qemu-system-aar
05:49:08     1000         -   2779495    0.00    0.00    0.00    0.00    0.00     8  |__call_rcu
05:49:08     1000         -   2779510   99.00    0.00    0.00    0.00   99.00    20  |__CPU 0/TCG
05:49:08     1000         -   2779511    1.00    0.00    0.00    0.00    1.00    30  |__CPU 1/TCG
05:49:08     1000         -   2779512   98.00    1.00    0.00    0.00   99.00    16  |__CPU 2/TCG
05:49:08     1000         -   2779513    0.00    0.00    0.00    0.00    0.00     6  |__CPU 3/TCG
05:49:09     1000   2779487         -  200.00    3.00    0.00    0.00  203.00    23  qemu-system-aar
05:49:09     1000         -   2779487    1.00    2.00    0.00    0.00    3.00    23  |__qemu-system-aar
05:49:09     1000         -   2779495    0.00    0.00    0.00    0.00    0.00     8  |__call_rcu
05:49:09     1000         -   2779510   99.00    1.00    0.00    0.00  100.00    20  |__CPU 0/TCG
05:49:09     1000         -   2779511    0.00    0.00    0.00    0.00    0.00    30  |__CPU 1/TCG
05:49:09     1000         -   2779512   99.00    1.00    0.00    0.00  100.00    16  |__CPU 2/TCG
05:49:09     1000         -   2779513    0.00    0.00    0.00    0.00    0.00     6  |__CPU 3/TCG
05:49:10     1000   2779487         -  200.00    3.00    0.00    0.00  203.00    23  qemu-system-aar
05:49:10     1000         -   2779487    1.00    2.00    0.00    0.00    3.00    23  |__qemu-system-aar
05:49:10     1000         -   2779495    0.00    0.00    0.00    0.00    0.00     8  |__call_rcu
05:49:10     1000         -   2779510   99.00    0.00    0.00    0.00   99.00    20  |__CPU 0/TCG
05:49:10     1000         -   2779511    1.00    0.00    0.00    0.00    1.00    30  |__CPU 1/TCG
05:49:10     1000         -   2779512   98.00    1.00    0.00    0.00   99.00     0  |__CPU 2/TCG
05:49:10     1000         -   2779513    0.00    0.00    0.00    0.00    0.00     6  |__CPU 3/TCG
05:49:11     1000   2779487         -  200.00    3.00    0.00    0.00  203.00     1  qemu-system-aar
05:49:11     1000         -   2779487    1.00    2.00    0.00    0.00    3.00     1  |__qemu-system-aar
05:49:11     1000         -   2779495    0.00    0.00    0.00    0.00    0.00     8  |__call_rcu
05:49:11     1000         -   2779510   99.00    1.00    0.00    0.00  100.00    20  |__CPU 0/TCG
05:49:11     1000         -   2779511    1.00    0.00    0.00    0.00    1.00    30  |__CPU 1/TCG
05:49:11     1000         -   2779512   98.00    2.00    0.00    0.00  100.00     0  |__CPU 2/TCG
05:49:11     1000         -   2779513    0.00    0.00    0.00    0.00    0.00     6  |__CPU 3/TCG
05:49:12     1000   2779487         -  201.00    2.00    0.00    0.00  203.00     1  qemu-system-aar
05:49:12     1000         -   2779487    1.00    2.00    0.00    0.00    3.00     1  |__qemu-system-aar
05:49:12     1000         -   2779495    0.00    0.00    0.00    0.00    0.00     8  |__call_rcu
05:49:12     1000         -   2779510   99.00    0.00    0.00    0.00   99.00    20  |__CPU 0/TCG
05:49:12     1000         -   2779511    0.00    0.00    0.00    0.00    0.00    17  |__CPU 1/TCG
05:49:12     1000         -   2779512   99.00    1.00    0.00    0.00  100.00    16  |__CPU 2/TCG
05:49:12     1000         -   2779513    0.00    0.00    0.00    0.00    0.00     6  |__CPU 3/TCG
05:49:13     1000   2779487         -  200.00    2.00    0.00    0.00  202.00     7  qemu-system-aar
05:49:13     1000         -   2779487    1.00    3.00    0.00    0.00    4.00     7  |__qemu-system-aar
05:49:13     1000         -   2779495    0.00    0.00    0.00    0.00    0.00     8  |__call_rcu
05:49:13     1000         -   2779510   99.00    0.00    0.00    0.00   99.00    20  |__CPU 0/TCG
05:49:13     1000         -   2779511    1.00    0.00    0.00    0.00    1.00    19  |__CPU 1/TCG
05:49:13     1000         -   2779512   99.00    0.00    0.00    0.00   99.00     0  |__CPU 2/TCG
05:49:13     1000         -   2779513    0.00    0.00    0.00    0.00    0.00     6  |__CPU 3/TCG
05:49:14     1000   2779487         -  201.00    2.00    0.00    0.00  203.00     7  qemu-system-aar
05:49:14     1000         -   2779487    2.00    2.00    0.00    0.00    4.00     7  |__qemu-system-aar
05:49:14     1000         -   2779495    0.00    0.00    0.00    0.00    0.00     8  |__call_rcu
05:49:14     1000         -   2779510   99.00    1.00    0.00    0.00  100.00    20  |__CPU 0/TCG
05:49:14     1000         -   2779511    0.00    0.00    0.00    0.00    0.00    19  |__CPU 1/TCG
05:49:14     1000         -   2779512   98.00    2.00    0.00    0.00  100.00     0  |__CPU 2/TCG
05:49:14     1000         -   2779513    0.00    0.00    0.00    0.00    0.00     6  |__CPU 3/TCG
05:49:15     1000   2779487         -  201.00    3.00    0.00    0.00  204.00    16  qemu-system-aar
05:49:15     1000         -   2779487    1.00    3.00    0.00    0.00    4.00    16  |__qemu-system-aar
05:49:15     1000         -   2779495    0.00    0.00    0.00    0.00    0.00     8  |__call_rcu
05:49:15     1000         -   2779510   98.00    0.00    0.00    0.00   98.00    20  |__CPU 0/TCG
05:49:15     1000         -   2779511    1.00    0.00    0.00    0.00    1.00    19  |__CPU 1/TCG
05:49:15     1000         -   2779512   99.00    0.00    0.00    0.00   99.00     0  |__CPU 2/TCG
05:49:15     1000         -   2779513    0.00    0.00    0.00    0.00    0.00     6  |__CPU 3/TCG
05:49:16     1000   2779487         -  200.00    4.00    0.00    0.00  204.00    17  qemu-system-aar
05:49:16     1000         -   2779487    1.00    3.00    0.00    0.00    4.00    17  |__qemu-system-aar
05:49:16     1000         -   2779495    0.00    0.00    0.00    0.00    0.00     8  |__call_rcu
05:49:16     1000         -   2779510   99.00    1.00    0.00    1.00  100.00     0  |__CPU 0/TCG
05:49:16     1000         -   2779511    0.00    0.00    0.00    0.00    0.00    19  |__CPU 1/TCG
05:49:16     1000         -   2779512   98.00    2.00    0.00    0.00  100.00     4  |__CPU 2/TCG
05:49:16     1000         -   2779513    0.00    0.00    0.00    0.00    0.00     6  |__CPU 3/TCG
05:49:17     1000   2779487         -  200.00    2.00    0.00    0.00  202.00    17  qemu-system-aar
05:49:17     1000         -   2779487    2.00    2.00    0.00    0.00    4.00    17  |__qemu-system-aar
05:49:17     1000         -   2779495    0.00    0.00    0.00    0.00    0.00     8  |__call_rcu
05:49:17     1000         -   2779510   99.00    0.00    0.00    0.00   99.00     0  |__CPU 0/TCG
05:49:17     1000         -   2779511    1.00    0.00    0.00    0.00    1.00    19  |__CPU 1/TCG
05:49:17     1000         -   2779512   99.00    1.00    0.00    0.00  100.00    20  |__CPU 2/TCG
05:49:17     1000         -   2779513    0.00    0.00    0.00    0.00    0.00     6  |__CPU 3/TCG
05:49:18     1000   2779487         -  201.00    2.00    0.00    0.00  203.00    17  qemu-system-aar
05:49:18     1000         -   2779487    1.00    2.00    0.00    0.00    3.00    17  |__qemu-system-aar
05:49:18     1000         -   2779495    0.00    0.00    0.00    0.00    0.00     8  |__call_rcu
05:49:18     1000         -   2779510   99.00    0.00    0.00    0.00   99.00    16  |__CPU 0/TCG
05:49:18     1000         -   2779511    1.00    0.00    0.00    0.00    1.00    19  |__CPU 1/TCG
05:49:18     1000         -   2779512   99.00    0.00    0.00    0.00   99.00    20  |__CPU 2/TCG
05:49:18     1000         -   2779513    0.00    0.00    0.00    0.00    0.00     6  |__CPU 3/TCG
05:49:19     1000   2779487         -  200.00    3.00    0.00    0.00  203.00     1  qemu-system-aar
05:49:19     1000         -   2779487    1.00    2.00    0.00    0.00    3.00     1  |__qemu-system-aar
05:49:19     1000         -   2779495    0.00    0.00    0.00    0.00    0.00     8  |__call_rcu
05:49:19     1000         -   2779510   99.00    1.00    0.00    0.00  100.00    16  |__CPU 0/TCG
05:49:19     1000         -   2779511    0.00    0.00    0.00    0.00    0.00    19  |__CPU 1/TCG
05:49:19     1000         -   2779512   99.00    1.00    0.00    0.00  100.00     4  |__CPU 2/TCG
05:49:19     1000         -   2779513    0.00    0.00    0.00    0.00    0.00     6  |__CPU 3/TCG
05:49:20     1000   2779487         -  201.00    2.00    0.00    0.00  203.00    17  qemu-system-aar
05:49:20     1000         -   2779487    1.00    3.00    0.00    0.00    4.00    17  |__qemu-system-aar
05:49:20     1000         -   2779495    0.00    0.00    0.00    0.00    0.00     8  |__call_rcu
05:49:20     1000         -   2779510   99.00    0.00    0.00    0.00   99.00    16  |__CPU 0/TCG
05:49:20     1000         -   2779511    1.00    0.00    0.00    0.00    1.00    19  |__CPU 1/TCG
05:49:20     1000         -   2779512   99.00    1.00    0.00    0.00  100.00     4  |__CPU 2/TCG
05:49:20     1000         -   2779513    0.00    0.00    0.00    0.00    0.00     6  |__CPU 3/TCG
05:49:21     1000   2779487         -  200.00    4.00    0.00    0.00  204.00    19  qemu-system-aar
05:49:21     1000         -   2779487    1.00    2.00    0.00    0.00    3.00    19  |__qemu-system-aar
05:49:21     1000         -   2779495    0.00    0.00    0.00    0.00    0.00     8  |__call_rcu
05:49:21     1000         -   2779510   99.00    1.00    0.00    0.00  100.00    16  |__CPU 0/TCG
05:49:21     1000         -   2779511    0.00    0.00    0.00    0.00    0.00    21  |__CPU 1/TCG
05:49:21     1000         -   2779512   98.00    1.00    0.00    0.00   99.00    20  |__CPU 2/TCG
05:49:21     1000         -   2779513    0.00    0.00    0.00    0.00    0.00     6  |__CPU 3/TCG
05:49:22     1000   2779487         -  200.00    2.00    0.00    0.00  202.00    19  qemu-system-aar
05:49:22     1000         -   2779487    1.00    2.00    0.00    0.00    3.00    19  |__qemu-system-aar
05:49:22     1000         -   2779495    0.00    0.00    0.00    0.00    0.00     8  |__call_rcu
05:49:22     1000         -   2779510   99.00    0.00    0.00    0.00   99.00     0  |__CPU 0/TCG
05:49:22     1000         -   2779511    1.00    0.00    0.00    0.00    1.00    21  |__CPU 1/TCG
05:49:22     1000         -   2779512   99.00    0.00    0.00    0.00   99.00    20  |__CPU 2/TCG
05:49:22     1000         -   2779513    0.00    0.00    0.00    0.00    0.00     6  |__CPU 3/TCG
05:49:23     1000   2779487         -  200.00    3.00    0.00    0.00  203.00    19  qemu-system-aar
05:49:23     1000         -   2779487    1.00    3.00    0.00    0.00    4.00    19  |__qemu-system-aar
05:49:23     1000         -   2779495    0.00    0.00    0.00    0.00    0.00     8  |__call_rcu
05:49:23     1000         -   2779510   99.00    1.00    0.00    0.00  100.00    16  |__CPU 0/TCG
05:49:23     1000         -   2779511    1.00    0.00    0.00    0.00    1.00    23  |__CPU 1/TCG
05:49:23     1000         -   2779512   98.00    2.00    0.00    0.00  100.00    20  |__CPU 2/TCG
05:49:23     1000         -   2779513    0.00    0.00    0.00    0.00    0.00     6  |__CPU 3/TCG
05:49:24     1000   2779487         -  201.00    2.00    0.00    0.00  203.00    23  qemu-system-aar
05:49:24     1000         -   2779487    1.00    2.00    0.00    0.00    3.00    23  |__qemu-system-aar
05:49:24     1000         -   2779495    0.00    0.00    0.00    0.00    0.00     8  |__call_rcu
05:49:24     1000         -   2779510   99.00    0.00    0.00    0.00   99.00    16  |__CPU 0/TCG
05:49:24     1000         -   2779511    0.00    0.00    0.00    0.00    0.00     1  |__CPU 1/TCG
05:49:24     1000         -   2779512   99.00    0.00    0.00    0.00   99.00    20  |__CPU 2/TCG
05:49:24     1000         -   2779513    0.00    0.00    0.00    0.00    0.00     6  |__CPU 3/TCG
05:49:25     1000   2779487         -  201.00    2.00    0.00    0.00  203.00    23  qemu-system-aar
05:49:25     1000         -   2779487    1.00    2.00    0.00    0.00    3.00    23  |__qemu-system-aar
05:49:25     1000         -   2779495    0.00    0.00    0.00    0.00    0.00     8  |__call_rcu
05:49:25     1000         -   2779510   99.00    0.00    0.00    0.00   99.00     0  |__CPU 0/TCG
05:49:25     1000         -   2779511    1.00    0.00    0.00    0.00    1.00     1  |__CPU 1/TCG
05:49:25     1000         -   2779512   99.00    1.00    0.00    0.00  100.00    20  |__CPU 2/TCG
05:49:25     1000         -   2779513    0.00    0.00    0.00    0.00    0.00     6  |__CPU 3/TCG
05:49:26     1000   2779487         -  200.00    2.00    0.00    0.00  202.00    23  qemu-system-aar
05:49:26     1000         -   2779487    1.00    2.00    0.00    0.00    3.00    23  |__qemu-system-aar
05:49:26     1000         -   2779495    0.00    0.00    0.00    0.00    0.00     8  |__call_rcu
05:49:26     1000         -   2779510   99.00    0.00    0.00    0.00   99.00     0  |__CPU 0/TCG
05:49:26     1000         -   2779511    0.00    0.00    0.00    0.00    0.00     3  |__CPU 1/TCG
05:49:26     1000         -   2779512   99.00    1.00    0.00    0.00  100.00     4  |__CPU 2/TCG
05:49:26     1000         -   2779513    0.00    0.00    0.00    0.00    0.00     6  |__CPU 3/TCG
05:49:27     1000   2779487         -  202.00    2.00    0.00    0.00  204.00    23  qemu-system-aar
05:49:27     1000         -   2779487    2.00    2.00    0.00    0.00    4.00    23  |__qemu-system-aar
05:49:27     1000         -   2779495    0.00    0.00    0.00    0.00    0.00     8  |__call_rcu
05:49:27     1000         -   2779510   99.00    1.00    0.00    0.00  100.00     0  |__CPU 0/TCG
05:49:27     1000         -   2779511    0.00    1.00    0.00    0.00    1.00     1  |__CPU 1/TCG
05:49:27     1000         -   2779512   99.00    1.00    0.00    0.00  100.00     4  |__CPU 2/TCG
05:49:27     1000         -   2779513    0.00    0.00    0.00    0.00    0.00     6  |__CPU 3/TCG
05:49:28     1000   2779487         -  200.00    2.00    0.00    0.00  202.00     2  qemu-system-aar
05:49:28     1000         -   2779487    1.00    2.00    0.00    0.00    3.00     2  |__qemu-system-aar
05:49:28     1000         -   2779495    0.00    0.00    0.00    0.00    0.00     8  |__call_rcu
05:49:28     1000         -   2779510   98.00    1.00    0.00    0.00   99.00     0  |__CPU 0/TCG
05:49:28     1000         -   2779511    0.00    0.00    0.00    0.00    0.00     3  |__CPU 1/TCG
05:49:28     1000         -   2779512   99.00    0.00    0.00    0.00   99.00     4  |__CPU 2/TCG
05:49:28     1000         -   2779513    0.00    0.00    0.00    0.00    0.00     6  |__CPU 3/TCG
05:49:29     1000   2779487         -  200.00    4.00    0.00    0.00  204.00    17  qemu-system-aar
05:49:29     1000         -   2779487    1.00    3.00    0.00    0.00    4.00    17  |__qemu-system-aar
05:49:29     1000         -   2779495    0.00    0.00    0.00    0.00    0.00     8  |__call_rcu
05:49:29     1000         -   2779510   99.00    0.00    0.00    0.00   99.00     0  |__CPU 0/TCG
05:49:29     1000         -   2779511    1.00    0.00    0.00    0.00    1.00     3  |__CPU 1/TCG
05:49:29     1000         -   2779512   99.00    1.00    0.00    0.00  100.00     4  |__CPU 2/TCG
05:49:29     1000         -   2779513    0.00    0.00    0.00    0.00    0.00     6  |__CPU 3/TCG
05:49:30     1000   2779487         -  200.00    2.00    0.00    0.00  202.00    17  qemu-system-aar
05:49:30     1000         -   2779487    0.00    2.00    0.00    0.00    2.00    17  |__qemu-system-aar
05:49:30     1000         -   2779495    0.00    0.00    0.00    0.00    0.00     8  |__call_rcu
05:49:30     1000         -   2779510   99.00    0.00    0.00    0.00   99.00     0  |__CPU 0/TCG
05:49:30     1000         -   2779511    0.00    0.00    0.00    0.00    0.00     3  |__CPU 1/TCG
05:49:30     1000         -   2779512   98.00    1.00    0.00    0.00   99.00     4  |__CPU 2/TCG
05:49:30     1000         -   2779513    0.00    0.00    0.00    0.00    0.00     6  |__CPU 3/TCG
05:49:31     1000   2779487         -  200.00    4.00    0.00    0.00  204.00    17  qemu-system-aar
05:49:31     1000         -   2779487    2.00    2.00    0.00    0.00    4.00    17  |__qemu-system-aar
05:49:31     1000         -   2779495    0.00    0.00    0.00    0.00    0.00     8  |__call_rcu
05:49:31     1000         -   2779510   99.00    1.00    0.00    0.00  100.00     0  |__CPU 0/TCG
05:49:31     1000         -   2779511    1.00    0.00    0.00    0.00    1.00     3  |__CPU 1/TCG
05:49:31     1000         -   2779512   99.00    1.00    0.00    0.00  100.00     4  |__CPU 2/TCG
05:49:31     1000         -   2779513    0.00    0.00    0.00    0.00    0.00     6  |__CPU 3/TCG
05:49:32     1000   2779487         -  200.00    3.00    0.00    0.00  203.00     7  qemu-system-aar
05:49:32     1000         -   2779487    1.00    3.00    0.00    0.00    4.00     7  |__qemu-system-aar
05:49:32     1000         -   2779495    0.00    0.00    0.00    0.00    0.00     8  |__call_rcu
05:49:32     1000         -   2779510   99.00    0.00    0.00    0.00   99.00     0  |__CPU 0/TCG
05:49:32     1000         -   2779511    0.00    0.00    0.00    0.00    0.00     3  |__CPU 1/TCG
05:49:32     1000         -   2779512   99.00    1.00    0.00    0.00  100.00    20  |__CPU 2/TCG
05:49:32     1000         -   2779513    0.00    0.00    0.00    0.00    0.00     6  |__CPU 3/TCG
05:49:33     1000   2779487         -  200.00    2.00    0.00    0.00  202.00     7  qemu-system-aar
05:49:33     1000         -   2779487    1.00    2.00    0.00    0.00    3.00     7  |__qemu-system-aar
05:49:33     1000         -   2779495    0.00    0.00    0.00    0.00    0.00     8  |__call_rcu
05:49:33     1000         -   2779510   99.00    1.00    0.00    0.00  100.00    16  |__CPU 0/TCG
05:49:33     1000         -   2779511    1.00    0.00    0.00    0.00    1.00     2  |__CPU 1/TCG
05:49:33     1000         -   2779512   99.00    1.00    0.00    0.00  100.00    20  |__CPU 2/TCG
05:49:33     1000         -   2779513    0.00    0.00    0.00    0.00    0.00     6  |__CPU 3/TCG
05:49:34     1000   2779487         -  202.00    2.00    0.00    0.00  204.00    19  qemu-system-aar
05:49:34     1000         -   2779487    2.00    2.00    0.00    0.00    4.00    19  |__qemu-system-aar
05:49:34     1000         -   2779495    0.00    0.00    0.00    0.00    0.00     8  |__call_rcu
05:49:34     1000         -   2779510   99.00    0.00    0.00    0.00   99.00    16  |__CPU 0/TCG
05:49:34     1000         -   2779511    0.00    0.00    0.00    0.00    0.00     3  |__CPU 1/TCG
05:49:34     1000         -   2779512   99.00    1.00    0.00    0.00  100.00     4  |__CPU 2/TCG
05:49:34     1000         -   2779513    0.00    0.00    0.00    0.00    0.00     6  |__CPU 3/TCG
05:49:35     1000   2779487         -  200.00    2.00    0.00    0.00  202.00    19  qemu-system-aar
05:49:35     1000         -   2779487    1.00    2.00    0.00    0.00    3.00    19  |__qemu-system-aar
05:49:35     1000         -   2779495    0.00    0.00    0.00    0.00    0.00     8  |__call_rcu
05:49:35     1000         -   2779510   99.00    0.00    0.00    0.00   99.00    16  |__CPU 0/TCG
05:49:35     1000         -   2779511    1.00    0.00    0.00    0.00    1.00     3  |__CPU 1/TCG
05:49:35     1000         -   2779512   99.00    0.00    0.00    0.00   99.00    20  |__CPU 2/TCG
05:49:35     1000         -   2779513    0.00    0.00    0.00    0.00    0.00     6  |__CPU 3/TCG
05:49:36     1000   2779487         -  201.00    2.00    0.00    0.00  203.00    21  qemu-system-aar
05:49:36     1000         -   2779487    1.00    2.00    0.00    0.00    3.00    21  |__qemu-system-aar
05:49:36     1000         -   2779495    0.00    0.00    0.00    0.00    0.00     8  |__call_rcu
05:49:36     1000         -   2779510   99.00    1.00    0.00    0.00  100.00    16  |__CPU 0/TCG
05:49:36     1000         -   2779511    0.00    0.00    0.00    0.00    0.00     3  |__CPU 1/TCG
05:49:36     1000         -   2779512   98.00    1.00    0.00    0.00   99.00     4  |__CPU 2/TCG
05:49:36     1000         -   2779513    0.00    0.00    0.00    0.00    0.00     6  |__CPU 3/TCG
05:49:37     1000   2779487         -  200.00    3.00    0.00    0.00  203.00    21  qemu-system-aar
05:49:37     1000         -   2779487    1.00    2.00    0.00    0.00    3.00    21  |__qemu-system-aar
05:49:37     1000         -   2779495    0.00    0.00    0.00    0.00    0.00     8  |__call_rcu
05:49:37     1000         -   2779510  100.00    0.00    0.00    0.00  100.00    16  |__CPU 0/TCG
05:49:37     1000         -   2779511    1.00    0.00    0.00    0.00    1.00     4  |__CPU 1/TCG
05:49:37     1000         -   2779512   98.00    2.00    0.00    0.00  100.00    20  |__CPU 2/TCG
05:49:37     1000         -   2779513    0.00    0.00    0.00    0.00    0.00     6  |__CPU 3/TCG
05:49:38     1000   2779487         -  200.00    3.00    0.00    0.00  203.00    21  qemu-system-aar
05:49:38     1000         -   2779487    1.00    2.00    0.00    0.00    3.00    21  |__qemu-system-aar
05:49:38     1000         -   2779495    0.00    0.00    0.00    0.00    0.00     8  |__call_rcu
05:49:38     1000         -   2779510   99.00    0.00    0.00    0.00   99.00    16  |__CPU 0/TCG
05:49:38     1000         -   2779511    0.00    0.00    0.00    0.00    0.00     4  |__CPU 1/TCG
05:49:38     1000         -   2779512   99.00    1.00    0.00    0.00  100.00    20  |__CPU 2/TCG
05:49:38     1000         -   2779513    0.00    0.00    0.00    0.00    0.00     6  |__CPU 3/TCG
05:49:39     1000   2779487         -  201.00    2.00    0.00    0.00  203.00    21  qemu-system-aar
05:49:39     1000         -   2779487    2.00    3.00    0.00    0.00    5.00    21  |__qemu-system-aar
05:49:39     1000         -   2779495    0.00    0.00    0.00    0.00    0.00     8  |__call_rcu
05:49:39     1000         -   2779510   99.00    1.00    0.00    0.00  100.00    16  |__CPU 0/TCG
05:49:39     1000         -   2779511    1.00    0.00    0.00    0.00    1.00     4  |__CPU 1/TCG
05:49:39     1000         -   2779512   99.00    1.00    0.00    0.00  100.00    20  |__CPU 2/TCG
05:49:39     1000         -   2779513    0.00    0.00    0.00    0.00    0.00     6  |__CPU 3/TCG
05:49:40     1000   2779487         -  201.00    2.00    0.00    0.00  203.00    17  qemu-system-aar
05:49:40     1000         -   2779487    1.00    1.00    0.00    0.00    2.00    17  |__qemu-system-aar
05:49:40     1000         -   2779495    0.00    0.00    0.00    0.00    0.00     8  |__call_rcu
05:49:40     1000         -   2779510   99.00    0.00    0.00    0.00   99.00    16  |__CPU 0/TCG
05:49:40     1000         -   2779511    1.00    0.00    0.00    0.00    1.00     4  |__CPU 1/TCG
05:49:40     1000         -   2779512   99.00    1.00    0.00    0.00  100.00    20  |__CPU 2/TCG
05:49:40     1000         -   2779513    0.00    0.00    0.00    0.00    0.00     6  |__CPU 3/TCG
05:49:41     1000   2779487         -  201.00    2.00    0.00    0.00  203.00    17  qemu-system-aar
05:49:41     1000         -   2779487    2.00    2.00    0.00    0.00    4.00    17  |__qemu-system-aar
05:49:41     1000         -   2779495    0.00    0.00    0.00    0.00    0.00     8  |__call_rcu
05:49:41     1000         -   2779510   99.00    0.00    0.00    0.00   99.00     0  |__CPU 0/TCG
05:49:41     1000         -   2779511    0.00    0.00    0.00    0.00    0.00     4  |__CPU 1/TCG
05:49:41     1000         -   2779512   98.00    1.00    0.00    0.00   99.00    20  |__CPU 2/TCG
05:49:41     1000         -   2779513    0.00    0.00    0.00    0.00    0.00     6  |__CPU 3/TCG
05:49:42     1000   2779487         -  200.00    3.00    0.00    0.00  203.00    17  qemu-system-aar
05:49:42     1000         -   2779487    1.00    2.00    0.00    0.00    3.00    17  |__qemu-system-aar
05:49:42     1000         -   2779495    0.00    0.00    0.00    0.00    0.00     8  |__call_rcu
05:49:42     1000         -   2779510   99.00    0.00    0.00    0.00   99.00     0  |__CPU 0/TCG
05:49:42     1000         -   2779511    1.00    0.00    0.00    0.00    1.00     4  |__CPU 1/TCG
05:49:42     1000         -   2779512   98.00    2.00    0.00    0.00  100.00    20  |__CPU 2/TCG
05:49:42     1000         -   2779513    0.00    0.00    0.00    0.00    0.00     6  |__CPU 3/TCG
05:49:43     1000   2779487         -  200.00    3.00    0.00    0.00  203.00     3  qemu-system-aar
05:49:43     1000         -   2779487    2.00    2.00    0.00    0.00    4.00     3  |__qemu-system-aar
05:49:43     1000         -   2779495    0.00    0.00    0.00    0.00    0.00     8  |__call_rcu
05:49:43     1000         -   2779510   99.00    1.00    0.00    0.00  100.00     0  |__CPU 0/TCG
05:49:43     1000         -   2779511    0.00    0.00    0.00    0.00    0.00     4  |__CPU 1/TCG
05:49:43     1000         -   2779512   98.00    1.00    0.00    0.00   99.00    20  |__CPU 2/TCG
05:49:43     1000         -   2779513    0.00    0.00    0.00    0.00    0.00     6  |__CPU 3/TCG
05:49:44     1000   2779487         -  201.00    2.00    0.00    0.00  203.00     6  qemu-system-aar
05:49:44     1000         -   2779487    1.00    2.00    0.00    0.00    3.00     6  |__qemu-system-aar
05:49:44     1000         -   2779495    0.00    0.00    0.00    0.00    0.00     8  |__call_rcu
05:49:44     1000         -   2779510   99.00    0.00    0.00    0.00   99.00    16  |__CPU 0/TCG
05:49:44     1000         -   2779511    1.00    0.00    0.00    0.00    1.00     4  |__CPU 1/TCG
05:49:44     1000         -   2779512   99.00    1.00    0.00    0.00  100.00    20  |__CPU 2/TCG
05:49:44     1000         -   2779513    0.00    0.00    0.00    0.00    0.00     6  |__CPU 3/TCG
05:49:45     1000   2779487         -  200.00    3.00    0.00    0.00  203.00     5  qemu-system-aar
05:49:45     1000         -   2779487    1.00    3.00    0.00    0.00    4.00     5  |__qemu-system-aar
05:49:45     1000         -   2779495    0.00    0.00    0.00    0.00    0.00     8  |__call_rcu
05:49:45     1000         -   2779510   99.00    1.00    0.00    0.00  100.00    16  |__CPU 0/TCG
05:49:45     1000         -   2779511    0.00    0.00    0.00    0.00    0.00     4  |__CPU 1/TCG
05:49:45     1000         -   2779512   99.00    1.00    0.00    0.00  100.00    20  |__CPU 2/TCG
05:49:45     1000         -   2779513    0.00    0.00    0.00    0.00    0.00     6  |__CPU 3/TCG
05:49:46     1000   2779487         -  201.00    1.00    0.00    0.00  202.00     6  qemu-system-aar
05:49:46     1000         -   2779487    1.00    2.00    0.00    0.00    3.00     6  |__qemu-system-aar
05:49:46     1000         -   2779495    0.00    0.00    0.00    0.00    0.00     8  |__call_rcu
05:49:46     1000         -   2779510   99.00    0.00    0.00    0.00   99.00    16  |__CPU 0/TCG
05:49:46     1000         -   2779511    1.00    0.00    0.00    0.00    1.00     2  |__CPU 1/TCG
05:49:46     1000         -   2779512   99.00    1.00    0.00    0.00  100.00    20  |__CPU 2/TCG
05:49:46     1000         -   2779513    0.00    0.00    0.00    0.00    0.00     6  |__CPU 3/TCG
05:49:47     1000   2779487         -  200.00    3.00    0.00    0.00  203.00     6  qemu-system-aar
05:49:47     1000         -   2779487    1.00    2.00    0.00    0.00    3.00     6  |__qemu-system-aar
05:49:47     1000         -   2779495    0.00    0.00    0.00    0.00    0.00     8  |__call_rcu
05:49:47     1000         -   2779510   98.00    1.00    0.00    0.00   99.00    16  |__CPU 0/TCG
05:49:47     1000         -   2779511    0.00    0.00    0.00    0.00    0.00     5  |__CPU 1/TCG
05:49:47     1000         -   2779512   99.00    0.00    0.00    0.00   99.00     4  |__CPU 2/TCG
05:49:47     1000         -   2779513    0.00    0.00    0.00    0.00    0.00     6  |__CPU 3/TCG
05:49:48     1000   2779487         -  201.00    2.00    0.00    0.00  203.00     6  qemu-system-aar
05:49:48     1000         -   2779487    1.00    2.00    0.00    0.00    3.00     6  |__qemu-system-aar
05:49:48     1000         -   2779495    0.00    0.00    0.00    0.00    0.00     8  |__call_rcu
05:49:48     1000         -   2779510   99.00    0.00    0.00    0.00   99.00    16  |__CPU 0/TCG
05:49:48     1000         -   2779511    1.00    0.00    0.00    0.00    1.00     5  |__CPU 1/TCG
05:49:48     1000         -   2779512   98.00    1.00    0.00    0.00   99.00    20  |__CPU 2/TCG
05:49:48     1000         -   2779513    0.00    0.00    0.00    0.00    0.00     6  |__CPU 3/TCG
05:49:49     1000   2779487         -  201.00    3.00    0.00    0.00  204.00     7  qemu-system-aar
05:49:49     1000         -   2779487    1.00    3.00    0.00    0.00    4.00     7  |__qemu-system-aar
05:49:49     1000         -   2779495    0.00    0.00    0.00    0.00    0.00     8  |__call_rcu
05:49:49     1000         -   2779510  100.00    0.00    0.00    0.00  100.00    16  |__CPU 0/TCG
05:49:49     1000         -   2779511    1.00    0.00    0.00    0.00    1.00     6  |__CPU 1/TCG
05:49:49     1000         -   2779512   99.00    1.00    0.00    0.00  100.00    20  |__CPU 2/TCG
05:49:49     1000         -   2779513    0.00    0.00    0.00    0.00    0.00     6  |__CPU 3/TCG
05:49:50     1000   2779487         -  201.00    2.00    0.00    0.00  203.00     5  qemu-system-aar
05:49:50     1000         -   2779487    2.00    1.00    0.00    0.00    3.00     5  |__qemu-system-aar
05:49:50     1000         -   2779495    0.00    0.00    0.00    0.00    0.00     8  |__call_rcu
05:49:50     1000         -   2779510   99.00    1.00    0.00    0.00  100.00     0  |__CPU 0/TCG
05:49:50     1000         -   2779511    0.00    0.00    0.00    0.00    0.00     6  |__CPU 1/TCG
05:49:50     1000         -   2779512   99.00    1.00    0.00    0.00  100.00    20  |__CPU 2/TCG
05:49:50     1000         -   2779513    0.00    0.00    0.00    0.00    0.00     6  |__CPU 3/TCG
05:49:51     1000   2779487         -  201.00    1.00    0.00    0.00  202.00     3  qemu-system-aar
05:49:51     1000         -   2779487    1.00    2.00    0.00    0.00    3.00     3  |__qemu-system-aar
05:49:51     1000         -   2779495    0.00    0.00    0.00    0.00    0.00     8  |__call_rcu
05:49:51     1000         -   2779510   99.00    0.00    0.00    0.00   99.00     0  |__CPU 0/TCG
05:49:51     1000         -   2779511    1.00    0.00    0.00    0.00    1.00     6  |__CPU 1/TCG
05:49:51     1000         -   2779512   99.00    1.00    0.00    0.00  100.00     4  |__CPU 2/TCG
05:49:51     1000         -   2779513    0.00    0.00    0.00    0.00    0.00     6  |__CPU 3/TCG
05:49:52     1000   2779487         -  200.00    3.00    0.00    0.00  203.00     2  qemu-system-aar
05:49:52     1000         -   2779487    2.00    2.00    0.00    0.00    4.00     2  |__qemu-system-aar
05:49:52     1000         -   2779495    0.00    0.00    0.00    0.00    0.00     8  |__call_rcu
05:49:52     1000         -   2779510   99.00    0.00    0.00    0.00   99.00     0  |__CPU 0/TCG
05:49:52     1000         -   2779511    1.00    0.00    0.00    0.00    1.00     5  |__CPU 1/TCG
05:49:52     1000         -   2779512   98.00    1.00    0.00    0.00   99.00     4  |__CPU 2/TCG
05:49:52     1000         -   2779513    0.00    0.00    0.00    0.00    0.00     6  |__CPU 3/TCG
05:49:53     1000   2779487         -  202.00    2.00    0.00    0.00  204.00     2  qemu-system-aar
05:49:53     1000         -   2779487    1.00    2.00    0.00    0.00    3.00     2  |__qemu-system-aar
05:49:53     1000         -   2779495    0.00    0.00    0.00    0.00    0.00     8  |__call_rcu
05:49:53     1000         -   2779510   99.00    1.00    0.00    0.00  100.00     0  |__CPU 0/TCG
05:49:53     1000         -   2779511    0.00    0.00    0.00    0.00    0.00     5  |__CPU 1/TCG
05:49:53     1000         -   2779512   99.00    1.00    0.00    0.00  100.00     4  |__CPU 2/TCG
05:49:53     1000         -   2779513    0.00    0.00    0.00    0.00    0.00     6  |__CPU 3/TCG
05:49:54     1000   2779487         -  200.00    3.00    0.00    0.00  203.00     2  qemu-system-aar
05:49:54     1000         -   2779487    1.00    3.00    0.00    0.00    4.00     2  |__qemu-system-aar
05:49:54     1000         -   2779495    0.00    0.00    0.00    0.00    0.00     8  |__call_rcu
05:49:54     1000         -   2779510   99.00    0.00    0.00    0.00   99.00    16  |__CPU 0/TCG
05:49:54     1000         -   2779511    1.00    0.00    0.00    0.00    1.00     7  |__CPU 1/TCG
05:49:54     1000         -   2779512   98.00    1.00    0.00    0.00   99.00     4  |__CPU 2/TCG
05:49:54     1000         -   2779513    0.00    0.00    0.00    0.00    0.00     6  |__CPU 3/TCG
05:49:55     1000   2779487         -  200.00    2.00    0.00    0.00  202.00     1  qemu-system-aar
05:49:55     1000         -   2779487    1.00    2.00    0.00    0.00    3.00     1  |__qemu-system-aar
05:49:55     1000         -   2779495    0.00    0.00    0.00    0.00    0.00     8  |__call_rcu
05:49:55     1000         -   2779510   99.00    0.00    0.00    0.00   99.00    16  |__CPU 0/TCG
05:49:55     1000         -   2779511    0.00    0.00    0.00    0.00    0.00     5  |__CPU 1/TCG
05:49:55     1000         -   2779512   99.00    1.00    0.00    0.00  100.00     4  |__CPU 2/TCG
05:49:55     1000         -   2779513    0.00    0.00    0.00    0.00    0.00     6  |__CPU 3/TCG
05:49:56     1000   2779487         -  201.00    2.00    0.00    0.00  203.00     1  qemu-system-aar
05:49:56     1000         -   2779487    2.00    2.00    0.00    0.00    4.00     1  |__qemu-system-aar
05:49:56     1000         -   2779495    0.00    0.00    0.00    0.00    0.00     8  |__call_rcu
05:49:56     1000         -   2779510   99.00    1.00    0.00    0.00  100.00     0  |__CPU 0/TCG
05:49:56     1000         -   2779511    1.00    0.00    0.00    0.00    1.00     7  |__CPU 1/TCG
05:49:56     1000         -   2779512   99.00    1.00    0.00    0.00  100.00     4  |__CPU 2/TCG
05:49:56     1000         -   2779513    0.00    0.00    0.00    0.00    0.00     6  |__CPU 3/TCG
05:49:57     1000   2779487         -  201.00    2.00    0.00    0.00  203.00     2  qemu-system-aar
05:49:57     1000         -   2779487    2.00    1.00    0.00    0.00    3.00     2  |__qemu-system-aar
05:49:57     1000         -   2779495    0.00    0.00    0.00    0.00    0.00     8  |__call_rcu
05:49:57     1000         -   2779510   99.00    0.00    0.00    0.00   99.00     0  |__CPU 0/TCG
05:49:57     1000         -   2779511    0.00    0.00    0.00    0.00    0.00     7  |__CPU 1/TCG
05:49:57     1000         -   2779512   99.00    0.00    0.00    0.00   99.00    20  |__CPU 2/TCG
05:49:57     1000         -   2779513    0.00    0.00    0.00    0.00    0.00     6  |__CPU 3/TCG
05:49:58     1000   2779487         -  200.00    3.00    0.00    0.00  203.00     5  qemu-system-aar
05:49:58     1000         -   2779487    1.00    3.00    0.00    0.00    4.00     5  |__qemu-system-aar
05:49:58     1000         -   2779495    0.00    0.00    0.00    0.00    0.00     8  |__call_rcu
05:49:58     1000         -   2779510   99.00    1.00    0.00    0.00  100.00     0  |__CPU 0/TCG
05:49:58     1000         -   2779511    1.00    0.00    0.00    0.00    1.00     7  |__CPU 1/TCG
05:49:58     1000         -   2779512   99.00    1.00    0.00    0.00  100.00    20  |__CPU 2/TCG
05:49:58     1000         -   2779513    0.00    0.00    0.00    0.00    0.00     6  |__CPU 3/TCG
05:49:59     1000   2779487         -  201.00    3.00    0.00    0.00  204.00     6  qemu-system-aar
05:49:59     1000         -   2779487    0.00    3.00    0.00    0.00    3.00     6  |__qemu-system-aar
05:49:59     1000         -   2779495    0.00    0.00    0.00    0.00    0.00     8  |__call_rcu
05:49:59     1000         -   2779510   98.00    0.00    0.00    0.00   98.00    16  |__CPU 0/TCG
05:49:59     1000         -   2779511    1.00    0.00    0.00    0.00    1.00     7  |__CPU 1/TCG
05:49:59     1000         -   2779512   98.00    1.00    0.00    0.00   99.00    20  |__CPU 2/TCG
05:49:59     1000         -   2779513    0.00    0.00    0.00    0.00    0.00     6  |__CPU 3/TCG
05:50:00     1000   2779487         -  201.00    2.00    0.00    0.00  203.00     5  qemu-system-aar
05:50:00     1000         -   2779487    1.00    2.00    0.00    0.00    3.00     5  |__qemu-system-aar
05:50:00     1000         -   2779495    0.00    0.00    0.00    0.00    0.00     8  |__call_rcu
05:50:00     1000         -   2779510  100.00    0.00    0.00    0.00  100.00    16  |__CPU 0/TCG
05:50:00     1000         -   2779511    0.00    0.00    0.00    0.00    0.00     7  |__CPU 1/TCG
05:50:00     1000         -   2779512   99.00    1.00    0.00    0.00  100.00    20  |__CPU 2/TCG
05:50:00     1000         -   2779513    0.00    0.00    0.00    0.00    0.00     6  |__CPU 3/TCG
05:50:01     1000   2779487         -  200.00    2.00    0.00    0.00  202.00     6  qemu-system-aar
05:50:01     1000         -   2779487    1.00    2.00    0.00    0.00    3.00     6  |__qemu-system-aar
05:50:01     1000         -   2779495    0.00    0.00    0.00    0.00    0.00     8  |__call_rcu
05:50:01     1000         -   2779510   99.00    1.00    0.00    0.00  100.00    16  |__CPU 0/TCG
05:50:01     1000         -   2779511    1.00    0.00    0.00    0.00    1.00     7  |__CPU 1/TCG
05:50:01     1000         -   2779512   99.00    1.00    0.00    0.00  100.00    20  |__CPU 2/TCG
05:50:01     1000         -   2779513    0.00    0.00    0.00    0.00    0.00     6  |__CPU 3/TCG
05:50:02     1000   2779487         -  202.00    2.00    0.00    0.00  204.00     5  qemu-system-aar
05:50:02     1000         -   2779487    2.00    2.00    0.00    0.00    4.00     5  |__qemu-system-aar
05:50:02     1000         -   2779495    0.00    0.00    0.00    0.00    0.00     8  |__call_rcu
05:50:02     1000         -   2779510   99.00    0.00    0.00    0.00   99.00    16  |__CPU 0/TCG
05:50:02     1000         -   2779511    0.00    0.00    0.00    0.00    0.00    17  |__CPU 1/TCG
05:50:02     1000         -   2779512   99.00    0.00    0.00    0.00   99.00    20  |__CPU 2/TCG
05:50:02     1000         -   2779513    0.00    0.00    0.00    0.00    0.00     6  |__CPU 3/TCG
05:50:03     1000   2779487         -  201.00    1.00    0.00    0.00  202.00     3  qemu-system-aar
05:50:03     1000         -   2779487    1.00    2.00    0.00    0.00    3.00     3  |__qemu-system-aar
05:50:03     1000         -   2779495    0.00    0.00    0.00    0.00    0.00     8  |__call_rcu
05:50:03     1000         -   2779510   99.00    0.00    0.00    0.00   99.00    16  |__CPU 0/TCG
05:50:03     1000         -   2779511    1.00    0.00    0.00    0.00    1.00    17  |__CPU 1/TCG
05:50:03     1000         -   2779512   99.00    1.00    0.00    0.00  100.00    20  |__CPU 2/TCG
05:50:03     1000         -   2779513    0.00    0.00    0.00    0.00    0.00     6  |__CPU 3/TCG
05:50:04     1000   2779487         -  200.00    2.00    0.00    0.00  202.00     3  qemu-system-aar
05:50:04     1000         -   2779487    1.00    3.00    0.00    0.00    4.00     3  |__qemu-system-aar
05:50:04     1000         -   2779495    0.00    0.00    0.00    0.00    0.00     8  |__call_rcu
05:50:04     1000         -   2779510   99.00    0.00    0.00    0.00   99.00    16  |__CPU 0/TCG
05:50:04     1000         -   2779511    1.00    0.00    0.00    0.00    1.00     7  |__CPU 1/TCG
05:50:04     1000         -   2779512   99.00    1.00    0.00    0.00  100.00    20  |__CPU 2/TCG
05:50:04     1000         -   2779513    0.00    0.00    0.00    0.00    0.00     6  |__CPU 3/TCG
