Linux 6.17.0-40-generic (9950x) 	08/16/26 	_x86_64_	(32 CPU)

# Time        UID      TGID       TID    %usr %system  %guest   %wait    %CPU   CPU  Command
07:13:33     1000   3385509         -   99.00    5.00    0.00    0.00  104.00     2  qemu-system-aar
07:13:33     1000         -   3385509    1.00    3.00    0.00    0.00    4.00     2  |__qemu-system-aar
07:13:33     1000         -   3385516    0.00    0.00    0.00    0.00    0.00    27  |__call_rcu
07:13:33     1000         -   3385517    0.00    0.00    0.00    0.00    0.00    27  |__worker
07:13:33     1000         -   3385529   94.00    1.00    0.00    0.00   95.00     0  |__CPU 0/TCG
07:13:33     1000         -   3385531    1.00    0.00    0.00    0.00    1.00     9  |__CPU 1/TCG
07:13:33     1000         -   3385532    2.00    0.00    0.00    0.00    2.00     4  |__CPU 2/TCG
07:13:33     1000         -   3385534    0.00    0.00    0.00    0.00    0.00    28  |__CPU 3/TCG
07:13:34     1000   3385509         -  181.00    9.00    0.00    0.00  190.00     1  qemu-system-aar
07:13:34     1000         -   3385509    0.00    1.00    0.00    0.00    1.00     1  |__qemu-system-aar
07:13:34     1000         -   3385516    0.00    0.00    0.00    0.00    0.00     0  |__call_rcu
07:13:34     1000         -   3385517    0.00    0.00    0.00    0.00    0.00    27  |__worker
07:13:34     1000         -   3385529   85.00    3.00    0.00    0.00   88.00     0  |__CPU 0/TCG
07:13:34     1000         -   3385531    2.00    0.00    0.00    0.00    2.00     9  |__CPU 1/TCG
07:13:34     1000         -   3385532   92.00    6.00    0.00    0.00   98.00     4  |__CPU 2/TCG
07:13:34     1000         -   3385534    0.00    0.00    0.00    0.00    0.00    28  |__CPU 3/TCG
07:13:35     1000   3385509         -  168.00   11.00    0.00    0.00  179.00     2  qemu-system-aar
07:13:35     1000         -   3385509    0.00    1.00    0.00    0.00    1.00     2  |__qemu-system-aar
07:13:35     1000         -   3385516    0.00    0.00    0.00    0.00    0.00     0  |__call_rcu
07:13:35     1000         -   3385517    0.00    0.00    0.00    0.00    0.00    27  |__worker
07:13:35     1000         -   3385529   77.00    2.00    0.00    0.00   79.00    16  |__CPU 0/TCG
07:13:35     1000         -   3385531    1.00    0.00    0.00    0.00    1.00    10  |__CPU 1/TCG
07:13:35     1000         -   3385532   90.00    9.00    0.00    0.00   99.00    20  |__CPU 2/TCG
07:13:35     1000         -   3385534    0.00    0.00    0.00    0.00    0.00    28  |__CPU 3/TCG
07:13:36     1000   3385509         -  176.00    8.00    0.00    0.00  184.00    21  qemu-system-aar
07:13:36     1000         -   3385509    0.00    0.00    0.00    0.00    0.00    21  |__qemu-system-aar
07:13:36     1000         -   3385516    0.00    0.00    0.00    0.00    0.00     0  |__call_rcu
07:13:36     1000         -   3385517    0.00    0.00    0.00    0.00    0.00    27  |__worker
07:13:36     1000         -   3385529   82.00    2.00    0.00    0.00   84.00    16  |__CPU 0/TCG
07:13:36     1000         -   3385531    1.00    0.00    0.00    0.00    1.00    11  |__CPU 1/TCG
07:13:36     1000         -   3385532   91.00    6.00    0.00    0.00   97.00    20  |__CPU 2/TCG
07:13:36     1000         -   3385534    0.00    0.00    0.00    0.00    0.00    28  |__CPU 3/TCG
07:13:37     1000   3385509         -  181.00    7.00    0.00    0.00  188.00    22  qemu-system-aar
07:13:37     1000         -   3385509    1.00    1.00    0.00    0.00    2.00    22  |__qemu-system-aar
07:13:37     1000         -   3385516    0.00    0.00    0.00    0.00    0.00     0  |__call_rcu
07:13:37     1000         -   3385517    0.00    0.00    0.00    0.00    0.00    27  |__worker
07:13:37     1000         -   3385529   85.00    1.00    0.00    0.00   86.00    16  |__CPU 0/TCG
07:13:37     1000         -   3385531    1.00    0.00    0.00    0.00    1.00    11  |__CPU 1/TCG
07:13:37     1000         -   3385532   94.00    6.00    0.00    0.00  100.00    20  |__CPU 2/TCG
07:13:37     1000         -   3385534    0.00    0.00    0.00    0.00    0.00    28  |__CPU 3/TCG
07:13:38     1000   3385509         -  180.00    6.00    0.00    0.00  186.00     1  qemu-system-aar
07:13:38     1000         -   3385509    0.00    1.00    0.00    0.00    1.00     1  |__qemu-system-aar
07:13:38     1000         -   3385516    0.00    0.00    0.00    0.00    0.00     0  |__call_rcu
07:13:38     1000         -   3385517    0.00    0.00    0.00    0.00    0.00    27  |__worker
07:13:38     1000         -   3385529   86.00    1.00    0.00    0.00   87.00    16  |__CPU 0/TCG
07:13:38     1000         -   3385531    0.00    0.00    0.00    0.00    0.00    11  |__CPU 1/TCG
07:13:38     1000         -   3385532   93.00    6.00    0.00    0.00   99.00    20  |__CPU 2/TCG
07:13:38     1000         -   3385534    0.00    0.00    0.00    0.00    0.00    28  |__CPU 3/TCG
07:13:39     1000   3385509         -  181.00    7.00    0.00    0.00  188.00     5  qemu-system-aar
07:13:39     1000         -   3385509    0.00    0.00    0.00    0.00    0.00     5  |__qemu-system-aar
07:13:39     1000         -   3385516    0.00    0.00    0.00    0.00    0.00     0  |__call_rcu
07:13:39     1000         -   3385517    0.00    0.00    0.00    0.00    0.00    27  |__worker
07:13:39     1000         -   3385529   84.00    2.00    0.00    0.00   86.00    16  |__CPU 0/TCG
07:13:39     1000         -   3385531    1.00    0.00    0.00    0.00    1.00     2  |__CPU 1/TCG
07:13:39     1000         -   3385532   94.00    5.00    0.00    0.00   99.00    20  |__CPU 2/TCG
07:13:39     1000         -   3385534    0.00    0.00    0.00    0.00    0.00    28  |__CPU 3/TCG
07:13:40     1000   3385509         -  179.00    7.00    0.00    0.00  186.00     5  qemu-system-aar
07:13:40     1000         -   3385509    0.00    1.00    0.00    0.00    1.00     5  |__qemu-system-aar
07:13:40     1000         -   3385516    0.00    0.00    0.00    0.00    0.00     0  |__call_rcu
07:13:40     1000         -   3385517    0.00    0.00    0.00    0.00    0.00    27  |__worker
07:13:40     1000         -   3385529   85.00    1.00    0.00    0.00   86.00    16  |__CPU 0/TCG
07:13:40     1000         -   3385531    1.00    0.00    0.00    0.00    1.00     2  |__CPU 1/TCG
07:13:40     1000         -   3385532   93.00    6.00    0.00    0.00   99.00    20  |__CPU 2/TCG
07:13:40     1000         -   3385534    0.00    0.00    0.00    0.00    0.00    28  |__CPU 3/TCG
07:13:41     1000   3385509         -  180.00    6.00    0.00    0.00  186.00     6  qemu-system-aar
07:13:41     1000         -   3385509    1.00    0.00    0.00    0.00    1.00     6  |__qemu-system-aar
07:13:41     1000         -   3385516    0.00    0.00    0.00    0.00    0.00     0  |__call_rcu
07:13:41     1000         -   3385517    0.00    0.00    0.00    0.00    0.00    27  |__worker
07:13:41     1000         -   3385529   85.00    1.00    0.00    0.00   86.00    16  |__CPU 0/TCG
07:13:41     1000         -   3385531    0.00    0.00    0.00    0.00    0.00     2  |__CPU 1/TCG
07:13:41     1000         -   3385532   93.00    5.00    0.00    0.00   98.00    20  |__CPU 2/TCG
07:13:41     1000         -   3385534    0.00    0.00    0.00    0.00    0.00    28  |__CPU 3/TCG
07:13:42     1000   3385509         -  175.00   10.00    0.00    0.00  185.00     6  qemu-system-aar
07:13:42     1000         -   3385509    0.00    1.00    0.00    0.00    1.00     6  |__qemu-system-aar
07:13:42     1000         -   3385516    0.00    0.00    0.00    0.00    0.00     0  |__call_rcu
07:13:42     1000         -   3385517    0.00    0.00    0.00    0.00    0.00    27  |__worker
07:13:42     1000         -   3385529   81.00    4.00    0.00    0.00   85.00     0  |__CPU 0/TCG
07:13:42     1000         -   3385531    1.00    0.00    0.00    0.00    1.00     4  |__CPU 1/TCG
07:13:42     1000         -   3385532   93.00    7.00    0.00    0.00  100.00    20  |__CPU 2/TCG
07:13:42     1000         -   3385534    0.00    0.00    0.00    0.00    0.00    28  |__CPU 3/TCG
07:13:43     1000   3385509         -  185.00    9.00    0.00    0.00  194.00     2  qemu-system-aar
07:13:43     1000         -   3385509    0.00    1.00    0.00    0.00    1.00     2  |__qemu-system-aar
07:13:43     1000         -   3385516    0.00    0.00    0.00    0.00    0.00     0  |__call_rcu
07:13:43     1000         -   3385529   89.00    3.00    0.00    0.00   92.00    16  |__CPU 0/TCG
07:13:43     1000         -   3385531    1.00    0.00    0.00    0.00    1.00     4  |__CPU 1/TCG
07:13:43     1000         -   3385532   94.00    5.00    0.00    0.00   99.00    20  |__CPU 2/TCG
07:13:43     1000         -   3385534    0.00    0.00    0.00    0.00    0.00    28  |__CPU 3/TCG
07:13:44     1000   3385509         -  179.00   10.00    0.00    0.00  189.00     2  qemu-system-aar
07:13:44     1000         -   3385509    1.00    0.00    0.00    0.00    1.00     2  |__qemu-system-aar
07:13:44     1000         -   3385516    0.00    0.00    0.00    0.00    0.00     0  |__call_rcu
07:13:44     1000         -   3385529   84.00    3.00    0.00    0.00   87.00    16  |__CPU 0/TCG
07:13:44     1000         -   3385531    0.00    0.00    0.00    0.00    0.00     4  |__CPU 1/TCG
07:13:44     1000         -   3385532   93.00    6.00    0.00    0.00   99.00    20  |__CPU 2/TCG
07:13:44     1000         -   3385534    0.00    0.00    0.00    0.00    0.00    28  |__CPU 3/TCG
07:13:45     1000   3385509         -  166.00   14.00    0.00    0.00  180.00     3  qemu-system-aar
07:13:45     1000         -   3385509    0.00    1.00    0.00    0.00    1.00     3  |__qemu-system-aar
07:13:45     1000         -   3385516    0.00    0.00    0.00    0.00    0.00     0  |__call_rcu
07:13:45     1000         -   3385529   75.00    6.00    0.00    0.00   81.00    16  |__CPU 0/TCG
07:13:45     1000         -   3385531    1.00    0.00    0.00    0.00    1.00     4  |__CPU 1/TCG
07:13:45     1000         -   3385532   91.00    9.00    0.00    0.00  100.00    20  |__CPU 2/TCG
07:13:45     1000         -   3385534    0.00    0.00    0.00    0.00    0.00    28  |__CPU 3/TCG
07:13:46     1000   3385509         -  165.00   15.00    0.00    0.00  180.00     2  qemu-system-aar
07:13:46     1000         -   3385509    0.00    1.00    0.00    0.00    1.00     2  |__qemu-system-aar
07:13:46     1000         -   3385516    0.00    0.00    0.00    0.00    0.00     0  |__call_rcu
07:13:46     1000         -   3385529   74.00    5.00    0.00    0.00   79.00    16  |__CPU 0/TCG
07:13:46     1000         -   3385531    0.00    0.00    0.00    0.00    0.00     4  |__CPU 1/TCG
07:13:46     1000         -   3385532   89.00    9.00    0.00    0.00   98.00    20  |__CPU 2/TCG
07:13:46     1000         -   3385534    0.00    0.00    0.00    0.00    0.00    28  |__CPU 3/TCG
07:13:47     1000   3385509         -  163.00   16.00    0.00    0.00  179.00     1  qemu-system-aar
07:13:47     1000         -   3385509    0.00    0.00    0.00    0.00    0.00     1  |__qemu-system-aar
07:13:47     1000         -   3385516    0.00    0.00    0.00    0.00    0.00     0  |__call_rcu
07:13:47     1000         -   3385529   73.00    6.00    0.00    0.00   79.00    16  |__CPU 0/TCG
07:13:47     1000         -   3385531    1.00    0.00    0.00    0.00    1.00     4  |__CPU 1/TCG
07:13:47     1000         -   3385532   89.00   10.00    0.00    0.00   99.00    20  |__CPU 2/TCG
07:13:47     1000         -   3385534    0.00    0.00    0.00    0.00    0.00    28  |__CPU 3/TCG
07:13:48     1000   3385509         -  188.00    7.00    0.00    0.00  195.00     1  qemu-system-aar
07:13:48     1000         -   3385509    1.00    1.00    0.00    0.00    2.00     1  |__qemu-system-aar
07:13:48     1000         -   3385516    0.00    0.00    0.00    0.00    0.00     0  |__call_rcu
07:13:48     1000         -   3385529   92.00    1.00    0.00    0.00   93.00    16  |__CPU 0/TCG
07:13:48     1000         -   3385531    0.00    0.00    0.00    0.00    0.00     4  |__CPU 1/TCG
07:13:48     1000         -   3385532   94.00    5.00    0.00    0.00   99.00    20  |__CPU 2/TCG
07:13:48     1000         -   3385534    0.00    0.00    0.00    0.00    0.00    28  |__CPU 3/TCG
07:13:49     1000   3385509         -  189.00    7.00    0.00    0.00  196.00     5  qemu-system-aar
07:13:49     1000         -   3385509    0.00    1.00    0.00    0.00    1.00     5  |__qemu-system-aar
07:13:49     1000         -   3385516    0.00    0.00    0.00    0.00    0.00     0  |__call_rcu
07:13:49     1000         -   3385529   93.00    2.00    0.00    0.00   95.00    16  |__CPU 0/TCG
07:13:49     1000         -   3385531    1.00    0.00    0.00    0.00    1.00     4  |__CPU 1/TCG
07:13:49     1000         -   3385532   94.00    6.00    0.00    0.00  100.00    20  |__CPU 2/TCG
07:13:49     1000         -   3385534    0.00    0.00    0.00    0.00    0.00    28  |__CPU 3/TCG
07:13:50     1000   3385509         -  190.00    6.00    0.00    0.00  196.00    17  qemu-system-aar
07:13:50     1000         -   3385509    0.00    1.00    0.00    0.00    1.00    17  |__qemu-system-aar
07:13:50     1000         -   3385516    0.00    0.00    0.00    0.00    0.00     0  |__call_rcu
07:13:50     1000         -   3385529   93.00    2.00    0.00    0.00   95.00    16  |__CPU 0/TCG
07:13:50     1000         -   3385531    1.00    0.00    0.00    0.00    1.00     4  |__CPU 1/TCG
07:13:50     1000         -   3385532   95.00    4.00    0.00    0.00   99.00    20  |__CPU 2/TCG
07:13:50     1000         -   3385534    0.00    0.00    0.00    0.00    0.00    28  |__CPU 3/TCG
07:13:51     1000   3385509         -  189.00    6.00    0.00    0.00  195.00    17  qemu-system-aar
07:13:51     1000         -   3385509    0.00    1.00    0.00    0.00    1.00    17  |__qemu-system-aar
07:13:51     1000         -   3385516    0.00    0.00    0.00    0.00    0.00     0  |__call_rcu
07:13:51     1000         -   3385529   93.00    2.00    0.00    0.00   95.00    16  |__CPU 0/TCG
07:13:51     1000         -   3385531    0.00    0.00    0.00    0.00    0.00     4  |__CPU 1/TCG
07:13:51     1000         -   3385532   95.00    4.00    0.00    0.00   99.00    20  |__CPU 2/TCG
07:13:51     1000         -   3385534    0.00    0.00    0.00    0.00    0.00    28  |__CPU 3/TCG
07:13:52     1000   3385509         -  187.00    8.00    0.00    0.00  195.00    17  qemu-system-aar
07:13:52     1000         -   3385509    1.00    0.00    0.00    0.00    1.00    17  |__qemu-system-aar
07:13:52     1000         -   3385516    0.00    0.00    0.00    0.00    0.00     0  |__call_rcu
07:13:52     1000         -   3385529   92.00    2.00    0.00    0.00   94.00    16  |__CPU 0/TCG
07:13:52     1000         -   3385531    1.00    0.00    0.00    0.00    1.00     4  |__CPU 1/TCG
07:13:52     1000         -   3385532   94.00    5.00    0.00    0.00   99.00    20  |__CPU 2/TCG
07:13:52     1000         -   3385534    0.00    0.00    0.00    0.00    0.00    28  |__CPU 3/TCG
07:13:53     1000   3385509         -  188.00    7.00    0.00    0.00  195.00     2  qemu-system-aar
07:13:53     1000         -   3385509    0.00    1.00    0.00    0.00    1.00     2  |__qemu-system-aar
07:13:53     1000         -   3385516    0.00    0.00    0.00    0.00    0.00     0  |__call_rcu
07:13:53     1000         -   3385529   92.00    2.00    0.00    0.00   94.00     0  |__CPU 0/TCG
07:13:53     1000         -   3385531    1.00    0.00    0.00    0.00    1.00     4  |__CPU 1/TCG
07:13:53     1000         -   3385532   94.00    6.00    0.00    0.00  100.00    20  |__CPU 2/TCG
07:13:53     1000         -   3385534    0.00    0.00    0.00    0.00    0.00    28  |__CPU 3/TCG
07:13:54     1000   3385509         -  189.00    6.00    0.00    0.00  195.00     1  qemu-system-aar
07:13:54     1000         -   3385509    1.00    1.00    0.00    0.00    2.00     1  |__qemu-system-aar
07:13:54     1000         -   3385516    0.00    0.00    0.00    0.00    0.00     0  |__call_rcu
07:13:54     1000         -   3385529   92.00    2.00    0.00    0.00   94.00     0  |__CPU 0/TCG
07:13:54     1000         -   3385531    0.00    1.00    0.00    0.00    1.00     4  |__CPU 1/TCG
07:13:54     1000         -   3385532   95.00    4.00    0.00    0.00   99.00    20  |__CPU 2/TCG
07:13:54     1000         -   3385534    0.00    0.00    0.00    0.00    0.00    28  |__CPU 3/TCG
07:13:55     1000   3385509         -  190.00    5.00    0.00    0.00  195.00     3  qemu-system-aar
07:13:55     1000         -   3385509    0.00    1.00    0.00    0.00    1.00     3  |__qemu-system-aar
07:13:55     1000         -   3385516    0.00    0.00    0.00    0.00    0.00     0  |__call_rcu
07:13:55     1000         -   3385529   93.00    1.00    0.00    0.00   94.00     0  |__CPU 0/TCG
07:13:55     1000         -   3385531    0.00    0.00    0.00    0.00    0.00     4  |__CPU 1/TCG
07:13:55     1000         -   3385532   95.00    3.00    0.00    0.00   98.00    20  |__CPU 2/TCG
07:13:55     1000         -   3385534    0.00    0.00    0.00    0.00    0.00    28  |__CPU 3/TCG
07:13:56     1000   3385509         -  189.00    7.00    0.00    0.00  196.00     3  qemu-system-aar
07:13:56     1000         -   3385509    0.00    1.00    0.00    0.00    1.00     3  |__qemu-system-aar
07:13:56     1000         -   3385516    0.00    0.00    0.00    0.00    0.00     0  |__call_rcu
07:13:56     1000         -   3385529   94.00    2.00    0.00    0.00   96.00     0  |__CPU 0/TCG
07:13:56     1000         -   3385531    1.00    0.00    0.00    0.00    1.00     4  |__CPU 1/TCG
07:13:56     1000         -   3385532   94.00    5.00    0.00    0.00   99.00    20  |__CPU 2/TCG
07:13:56     1000         -   3385534    0.00    0.00    0.00    0.00    0.00    28  |__CPU 3/TCG
07:13:57     1000   3385509         -  189.00    6.00    0.00    0.00  195.00     2  qemu-system-aar
07:13:57     1000         -   3385509    1.00    1.00    0.00    0.00    2.00     2  |__qemu-system-aar
07:13:57     1000         -   3385516    0.00    0.00    0.00    0.00    0.00     0  |__call_rcu
07:13:57     1000         -   3385529   92.00    1.00    0.00    0.00   93.00     0  |__CPU 0/TCG
07:13:57     1000         -   3385531    0.00    0.00    0.00    0.00    0.00     4  |__CPU 1/TCG
07:13:57     1000         -   3385532   95.00    5.00    0.00    0.00  100.00    20  |__CPU 2/TCG
07:13:57     1000         -   3385534    0.00    0.00    0.00    0.00    0.00    28  |__CPU 3/TCG
07:13:58     1000   3385509         -  188.00    7.00    0.00    0.00  195.00     4  qemu-system-aar
07:13:58     1000         -   3385509    0.00    1.00    0.00    0.00    1.00     4  |__qemu-system-aar
07:13:58     1000         -   3385516    0.00    0.00    0.00    0.00    0.00     0  |__call_rcu
07:13:58     1000         -   3385529   92.00    2.00    0.00    0.00   94.00    16  |__CPU 0/TCG
07:13:58     1000         -   3385531    1.00    0.00    0.00    0.00    1.00     6  |__CPU 1/TCG
07:13:58     1000         -   3385532   94.00    5.00    0.00    0.00   99.00    20  |__CPU 2/TCG
07:13:58     1000         -   3385534    0.00    0.00    0.00    0.00    0.00    28  |__CPU 3/TCG
07:13:59     1000   3385509         -  192.00    5.00    0.00    0.00  197.00     3  qemu-system-aar
07:13:59     1000         -   3385509    0.00    1.00    0.00    0.00    1.00     3  |__qemu-system-aar
07:13:59     1000         -   3385516    0.00    0.00    0.00    0.00    0.00     0  |__call_rcu
07:13:59     1000         -   3385529   95.00    1.00    0.00    0.00   96.00    16  |__CPU 0/TCG
07:13:59     1000         -   3385531    1.00    0.00    0.00    0.00    1.00     4  |__CPU 1/TCG
07:13:59     1000         -   3385532   95.00    4.00    0.00    0.00   99.00    20  |__CPU 2/TCG
07:13:59     1000         -   3385534    0.00    0.00    0.00    0.00    0.00    28  |__CPU 3/TCG
07:14:00     1000   3385509         -  186.00    9.00    0.00    0.00  195.00     5  qemu-system-aar
07:14:00     1000         -   3385509    1.00    0.00    0.00    0.00    1.00     5  |__qemu-system-aar
07:14:00     1000         -   3385516    0.00    0.00    0.00    0.00    0.00     0  |__call_rcu
07:14:00     1000         -   3385529   92.00    2.00    0.00    0.00   94.00    16  |__CPU 0/TCG
07:14:00     1000         -   3385531    0.00    0.00    0.00    0.00    0.00     6  |__CPU 1/TCG
07:14:00     1000         -   3385532   93.00    6.00    0.00    0.00   99.00     4  |__CPU 2/TCG
07:14:00     1000         -   3385534    0.00    0.00    0.00    0.00    0.00    28  |__CPU 3/TCG
07:14:01     1000   3385509         -  188.00    8.00    0.00    0.00  196.00     7  qemu-system-aar
07:14:01     1000         -   3385509    0.00    1.00    0.00    0.00    1.00     7  |__qemu-system-aar
07:14:01     1000         -   3385516    0.00    0.00    0.00    0.00    0.00     0  |__call_rcu
07:14:01     1000         -   3385529   92.00    2.00    0.00    0.00   94.00    16  |__CPU 0/TCG
07:14:01     1000         -   3385531    1.00    0.00    0.00    0.00    1.00    17  |__CPU 1/TCG
07:14:01     1000         -   3385532   93.00    6.00    0.00    0.00   99.00     4  |__CPU 2/TCG
07:14:01     1000         -   3385534    0.00    0.00    0.00    0.00    0.00    28  |__CPU 3/TCG
07:14:02     1000   3385509         -  185.00    9.00    0.00    0.00  194.00     0  qemu-system-aar
07:14:02     1000         -   3385509    1.00    1.00    0.00    0.00    2.00     0  |__qemu-system-aar
07:14:02     1000         -   3385516    0.00    0.00    0.00    0.00    0.00     0  |__call_rcu
07:14:02     1000         -   3385529   91.00    4.00    0.00    0.00   95.00     1  |__CPU 0/TCG
07:14:02     1000         -   3385531    0.00    0.00    0.00    0.00    0.00    17  |__CPU 1/TCG
07:14:02     1000         -   3385532   94.00    6.00    0.00    0.00  100.00    20  |__CPU 2/TCG
07:14:02     1000         -   3385534    0.00    0.00    0.00    0.00    0.00    28  |__CPU 3/TCG
07:14:03     1000   3385509         -  187.00    7.00    0.00    0.00  194.00    21  qemu-system-aar
07:14:03     1000         -   3385509    0.00    1.00    0.00    0.00    1.00    21  |__qemu-system-aar
07:14:03     1000         -   3385516    0.00    0.00    0.00    0.00    0.00     0  |__call_rcu
07:14:03     1000         -   3385529   91.00    1.00    0.00    0.00   92.00    16  |__CPU 0/TCG
07:14:03     1000         -   3385531    1.00    0.00    0.00    0.00    1.00    17  |__CPU 1/TCG
07:14:03     1000         -   3385532   94.00    5.00    0.00    0.00   99.00    20  |__CPU 2/TCG
07:14:03     1000         -   3385534    0.00    0.00    0.00    0.00    0.00    28  |__CPU 3/TCG
07:14:04     1000   3385509         -  189.00    7.00    0.00    0.00  196.00     1  qemu-system-aar
07:14:04     1000         -   3385509    0.00    1.00    0.00    0.00    1.00     1  |__qemu-system-aar
07:14:04     1000         -   3385516    0.00    0.00    0.00    0.00    0.00     0  |__call_rcu
07:14:04     1000         -   3385529   93.00    2.00    0.00    0.00   95.00    16  |__CPU 0/TCG
07:14:04     1000         -   3385531    0.00    0.00    0.00    0.00    0.00    17  |__CPU 1/TCG
07:14:04     1000         -   3385532   94.00    5.00    0.00    0.00   99.00    20  |__CPU 2/TCG
07:14:04     1000         -   3385534    0.00    0.00    0.00    0.00    0.00    28  |__CPU 3/TCG
07:14:05     1000   3385509         -  187.00    7.00    0.00    0.00  194.00     5  qemu-system-aar
07:14:05     1000         -   3385509    1.00    1.00    0.00    0.00    2.00     5  |__qemu-system-aar
07:14:05     1000         -   3385516    0.00    0.00    0.00    0.00    0.00     0  |__call_rcu
07:14:05     1000         -   3385529   92.00    1.00    0.00    0.00   93.00    16  |__CPU 0/TCG
07:14:05     1000         -   3385531    1.00    0.00    0.00    0.00    1.00     7  |__CPU 1/TCG
07:14:05     1000         -   3385532   93.00    6.00    0.00    0.00   99.00    20  |__CPU 2/TCG
07:14:05     1000         -   3385534    0.00    0.00    0.00    0.00    0.00    28  |__CPU 3/TCG
07:14:06     1000   3385509         -  188.00    8.00    0.00    0.00  196.00     5  qemu-system-aar
07:14:06     1000         -   3385509    0.00    0.00    0.00    0.00    0.00     5  |__qemu-system-aar
07:14:06     1000         -   3385516    0.00    0.00    0.00    0.00    0.00     0  |__call_rcu
07:14:06     1000         -   3385529   94.00    2.00    0.00    0.00   96.00     0  |__CPU 0/TCG
07:14:06     1000         -   3385531    0.00    0.00    0.00    0.00    0.00     7  |__CPU 1/TCG
07:14:06     1000         -   3385532   93.00    6.00    0.00    0.00   99.00    20  |__CPU 2/TCG
07:14:06     1000         -   3385534    0.00    0.00    0.00    0.00    0.00    28  |__CPU 3/TCG
07:14:07     1000   3385509         -  189.00    6.00    0.00    0.00  195.00     5  qemu-system-aar
07:14:07     1000         -   3385509    1.00    1.00    0.00    0.00    2.00     5  |__qemu-system-aar
07:14:07     1000         -   3385516    0.00    0.00    0.00    0.00    0.00     0  |__call_rcu
07:14:07     1000         -   3385529   92.00    1.00    0.00    0.00   93.00     0  |__CPU 0/TCG
07:14:07     1000         -   3385531    1.00    0.00    0.00    0.00    1.00     3  |__CPU 1/TCG
07:14:07     1000         -   3385532   94.00    5.00    0.00    0.00   99.00    20  |__CPU 2/TCG
07:14:07     1000         -   3385534    0.00    0.00    0.00    0.00    0.00    28  |__CPU 3/TCG
07:14:08     1000   3385509         -  188.00    7.00    0.00    0.00  195.00     0  qemu-system-aar
07:14:08     1000         -   3385509    0.00    2.00    0.00    0.00    2.00     0  |__qemu-system-aar
07:14:08     1000         -   3385516    0.00    0.00    0.00    0.00    0.00     0  |__call_rcu
07:14:08     1000         -   3385529   93.00    2.00    0.00    0.00   95.00    16  |__CPU 0/TCG
07:14:08     1000         -   3385531    1.00    0.00    0.00    0.00    1.00     3  |__CPU 1/TCG
07:14:08     1000         -   3385532   93.00    5.00    0.00    0.00   98.00    20  |__CPU 2/TCG
07:14:08     1000         -   3385534    0.00    0.00    0.00    0.00    0.00    28  |__CPU 3/TCG
07:14:09     1000   3385509         -  190.00    6.00    0.00    0.00  196.00     0  qemu-system-aar
07:14:09     1000         -   3385509    1.00    1.00    0.00    0.00    2.00     0  |__qemu-system-aar
07:14:09     1000         -   3385516    0.00    0.00    0.00    0.00    0.00     0  |__call_rcu
07:14:09     1000         -   3385529   94.00    1.00    0.00    0.00   95.00    16  |__CPU 0/TCG
07:14:09     1000         -   3385531    0.00    0.00    0.00    0.00    0.00    17  |__CPU 1/TCG
07:14:09     1000         -   3385532   94.00    6.00    0.00    0.00  100.00    20  |__CPU 2/TCG
07:14:09     1000         -   3385534    0.00    0.00    0.00    0.00    0.00    28  |__CPU 3/TCG
07:14:10     1000   3385509         -  191.00    6.00    0.00    0.00  197.00     0  qemu-system-aar
07:14:10     1000         -   3385509    1.00    1.00    0.00    0.00    2.00     0  |__qemu-system-aar
07:14:10     1000         -   3385516    0.00    0.00    0.00    0.00    0.00     0  |__call_rcu
07:14:10     1000         -   3385529   94.00    0.00    0.00    0.00   94.00    16  |__CPU 0/TCG
07:14:10     1000         -   3385531    1.00    0.00    0.00    0.00    1.00    17  |__CPU 1/TCG
07:14:10     1000         -   3385532   94.00    4.00    0.00    0.00   98.00     4  |__CPU 2/TCG
07:14:10     1000         -   3385534    0.00    0.00    0.00    0.00    0.00    28  |__CPU 3/TCG
07:14:11     1000   3385509         -  190.00    6.00    0.00    0.00  196.00     0  qemu-system-aar
07:14:11     1000         -   3385509    1.00    1.00    0.00    0.00    2.00     0  |__qemu-system-aar
07:14:11     1000         -   3385516    0.00    0.00    0.00    0.00    0.00     0  |__call_rcu
07:14:11     1000         -   3385529   94.00    1.00    0.00    0.00   95.00    16  |__CPU 0/TCG
07:14:11     1000         -   3385531    0.00    0.00    0.00    0.00    0.00    17  |__CPU 1/TCG
07:14:11     1000         -   3385532   93.00    6.00    0.00    0.00   99.00    20  |__CPU 2/TCG
07:14:11     1000         -   3385534    0.00    0.00    0.00    0.00    0.00    28  |__CPU 3/TCG
07:14:12     1000   3385509         -  188.00    7.00    0.00    0.00  195.00    17  qemu-system-aar
07:14:12     1000         -   3385509    1.00    1.00    0.00    0.00    2.00    17  |__qemu-system-aar
07:14:12     1000         -   3385516    0.00    0.00    0.00    0.00    0.00     0  |__call_rcu
07:14:12     1000         -   3385529   92.00    1.00    0.00    0.00   93.00    16  |__CPU 0/TCG
07:14:12     1000         -   3385531    1.00    0.00    0.00    0.00    1.00     4  |__CPU 1/TCG
07:14:12     1000         -   3385532   94.00    5.00    0.00    0.00   99.00    20  |__CPU 2/TCG
07:14:12     1000         -   3385534    0.00    0.00    0.00    0.00    0.00    28  |__CPU 3/TCG
07:14:13     1000   3385509         -  189.00    5.00    0.00    0.00  194.00     7  qemu-system-aar
07:14:13     1000         -   3385509    0.00    0.00    0.00    0.00    0.00     7  |__qemu-system-aar
07:14:13     1000         -   3385516    0.00    0.00    0.00    0.00    0.00     0  |__call_rcu
07:14:13     1000         -   3385529   92.00    2.00    0.00    0.00   94.00     0  |__CPU 0/TCG
07:14:13     1000         -   3385531    1.00    0.00    0.00    0.00    1.00     4  |__CPU 1/TCG
07:14:13     1000         -   3385532   95.00    5.00    0.00    0.00  100.00    20  |__CPU 2/TCG
07:14:13     1000         -   3385534    0.00    0.00    0.00    0.00    0.00    28  |__CPU 3/TCG
07:14:14     1000   3385509         -  186.00    9.00    0.00    0.00  195.00     2  qemu-system-aar
07:14:14     1000         -   3385509    0.00    2.00    0.00    0.00    2.00     2  |__qemu-system-aar
07:14:14     1000         -   3385516    0.00    0.00    0.00    0.00    0.00     0  |__call_rcu
07:14:14     1000         -   3385529   92.00    1.00    0.00    0.00   93.00     0  |__CPU 0/TCG
07:14:14     1000         -   3385531    0.00    0.00    0.00    0.00    0.00     4  |__CPU 1/TCG
07:14:14     1000         -   3385532   92.00    6.00    0.00    0.00   98.00    20  |__CPU 2/TCG
07:14:14     1000         -   3385534    0.00    0.00    0.00    0.00    0.00    28  |__CPU 3/TCG
07:14:15     1000   3385509         -  189.00    6.00    0.00    0.00  195.00     5  qemu-system-aar
07:14:15     1000         -   3385509    1.00    0.00    0.00    0.00    1.00     5  |__qemu-system-aar
07:14:15     1000         -   3385516    0.00    0.00    0.00    0.00    0.00     0  |__call_rcu
07:14:15     1000         -   3385529   93.00    2.00    0.00    0.00   95.00     0  |__CPU 0/TCG
07:14:15     1000         -   3385531    1.00    0.00    0.00    0.00    1.00     4  |__CPU 1/TCG
07:14:15     1000         -   3385532   95.00    4.00    0.00    0.00   99.00    20  |__CPU 2/TCG
07:14:15     1000         -   3385534    0.00    0.00    0.00    0.00    0.00    28  |__CPU 3/TCG
07:14:16     1000   3385509         -  188.00    6.00    0.00    0.00  194.00     5  qemu-system-aar
07:14:16     1000         -   3385509    0.00    1.00    0.00    0.00    1.00     5  |__qemu-system-aar
07:14:16     1000         -   3385516    0.00    0.00    0.00    0.00    0.00     0  |__call_rcu
07:14:16     1000         -   3385529   92.00    2.00    0.00    0.00   94.00     0  |__CPU 0/TCG
07:14:16     1000         -   3385531    0.00    0.00    0.00    0.00    0.00     4  |__CPU 1/TCG
07:14:16     1000         -   3385532   94.00    5.00    0.00    0.00   99.00    20  |__CPU 2/TCG
07:14:16     1000         -   3385534    0.00    0.00    0.00    0.00    0.00    28  |__CPU 3/TCG
07:14:17     1000   3385509         -  188.00    7.00    0.00    0.00  195.00     0  qemu-system-aar
07:14:17     1000         -   3385509    1.00    1.00    0.00    0.00    2.00     0  |__qemu-system-aar
07:14:17     1000         -   3385516    0.00    0.00    0.00    0.00    0.00     0  |__call_rcu
07:14:17     1000         -   3385529   93.00    0.00    0.00    0.00   93.00    16  |__CPU 0/TCG
07:14:17     1000         -   3385531    1.00    0.00    0.00    0.00    1.00    10  |__CPU 1/TCG
07:14:17     1000         -   3385532   93.00    7.00    0.00    0.00  100.00     1  |__CPU 2/TCG
07:14:17     1000         -   3385534    0.00    0.00    0.00    0.00    0.00    28  |__CPU 3/TCG
07:14:18     1000   3385509         -  191.00    5.00    0.00    0.00  196.00     3  qemu-system-aar
07:14:18     1000         -   3385509    1.00    1.00    0.00    0.00    2.00     3  |__qemu-system-aar
07:14:18     1000         -   3385516    0.00    0.00    0.00    0.00    0.00     0  |__call_rcu
07:14:18     1000         -   3385529   94.00    1.00    0.00    0.00   95.00    16  |__CPU 0/TCG
07:14:18     1000         -   3385531    1.00    0.00    0.00    0.00    1.00     2  |__CPU 1/TCG
07:14:18     1000         -   3385532   94.00    4.00    0.00    0.00   98.00    20  |__CPU 2/TCG
07:14:18     1000         -   3385534    0.00    0.00    0.00    0.00    0.00    28  |__CPU 3/TCG
07:14:19     1000   3385509         -  187.00    7.00    0.00    0.00  194.00     4  qemu-system-aar
07:14:19     1000         -   3385509    0.00    1.00    0.00    0.00    1.00     4  |__qemu-system-aar
07:14:19     1000         -   3385516    0.00    0.00    0.00    0.00    0.00     0  |__call_rcu
07:14:19     1000         -   3385529   92.00    1.00    0.00    0.00   93.00    16  |__CPU 0/TCG
07:14:19     1000         -   3385531    0.00    0.00    0.00    0.00    0.00     2  |__CPU 1/TCG
07:14:19     1000         -   3385532   94.00    6.00    0.00    0.00  100.00    20  |__CPU 2/TCG
07:14:19     1000         -   3385534    0.00    0.00    0.00    0.00    0.00    28  |__CPU 3/TCG
07:14:20     1000   3385509         -  193.00    5.00    0.00    0.00  198.00     1  qemu-system-aar
07:14:20     1000         -   3385509    0.00    1.00    0.00    0.00    1.00     1  |__qemu-system-aar
07:14:20     1000         -   3385516    0.00    0.00    0.00    0.00    0.00     0  |__call_rcu
07:14:20     1000         -   3385529   96.00    0.00    0.00    0.00   96.00     0  |__CPU 0/TCG
07:14:20     1000         -   3385531    1.00    0.00    0.00    0.00    1.00     4  |__CPU 1/TCG
07:14:20     1000         -   3385532   95.00    4.00    0.00    0.00   99.00    20  |__CPU 2/TCG
07:14:20     1000         -   3385534    0.00    0.00    0.00    0.00    0.00    28  |__CPU 3/TCG
07:14:21     1000   3385509         -  189.00    6.00    0.00    0.00  195.00    19  qemu-system-aar
07:14:21     1000         -   3385509    1.00    1.00    0.00    0.00    2.00    19  |__qemu-system-aar
07:14:21     1000         -   3385516    0.00    0.00    0.00    0.00    0.00     0  |__call_rcu
07:14:21     1000         -   3385529   94.00    1.00    0.00    0.00   95.00    16  |__CPU 0/TCG
07:14:21     1000         -   3385531    1.00    0.00    0.00    0.00    1.00     4  |__CPU 1/TCG
07:14:21     1000         -   3385532   94.00    5.00    0.00    0.00   99.00    20  |__CPU 2/TCG
07:14:21     1000         -   3385534    0.00    0.00    0.00    0.00    0.00    28  |__CPU 3/TCG
07:14:22     1000   3385509         -  189.00    6.00    0.00    0.00  195.00    18  qemu-system-aar
07:14:22     1000         -   3385509    1.00    0.00    0.00    0.00    1.00    18  |__qemu-system-aar
07:14:22     1000         -   3385516    0.00    0.00    0.00    0.00    0.00     0  |__call_rcu
07:14:22     1000         -   3385529   93.00    1.00    0.00    0.00   94.00    16  |__CPU 0/TCG
07:14:22     1000         -   3385531    0.00    0.00    0.00    0.00    0.00     4  |__CPU 1/TCG
07:14:22     1000         -   3385532   94.00    5.00    0.00    0.00   99.00    20  |__CPU 2/TCG
07:14:22     1000         -   3385534    0.00    0.00    0.00    0.00    0.00    28  |__CPU 3/TCG
07:14:23     1000   3385509         -  189.00    6.00    0.00    0.00  195.00    18  qemu-system-aar
07:14:23     1000         -   3385509    0.00    1.00    0.00    0.00    1.00    18  |__qemu-system-aar
07:14:23     1000         -   3385516    0.00    0.00    0.00    0.00    0.00     0  |__call_rcu
07:14:23     1000         -   3385529   93.00    1.00    0.00    0.00   94.00     0  |__CPU 0/TCG
07:14:23     1000         -   3385531    1.00    0.00    0.00    0.00    1.00     3  |__CPU 1/TCG
07:14:23     1000         -   3385532   94.00    6.00    0.00    0.00  100.00     4  |__CPU 2/TCG
07:14:23     1000         -   3385534    0.00    0.00    0.00    0.00    0.00    28  |__CPU 3/TCG
07:14:24     1000   3385509         -  190.00    7.00    0.00    0.00  197.00     2  qemu-system-aar
07:14:24     1000         -   3385509    0.00    1.00    0.00    0.00    1.00     2  |__qemu-system-aar
07:14:24     1000         -   3385516    0.00    0.00    0.00    0.00    0.00     0  |__call_rcu
07:14:24     1000         -   3385529   93.00    2.00    0.00    0.00   95.00     0  |__CPU 0/TCG
07:14:24     1000         -   3385531    0.00    0.00    0.00    0.00    0.00     5  |__CPU 1/TCG
07:14:24     1000         -   3385532   94.00    4.00    0.00    0.00   98.00     4  |__CPU 2/TCG
07:14:24     1000         -   3385534    0.00    0.00    0.00    0.00    0.00    28  |__CPU 3/TCG
07:14:25     1000   3385509         -  187.00    7.00    0.00    0.00  194.00    22  qemu-system-aar
07:14:25     1000         -   3385509    1.00    0.00    0.00    0.00    1.00    22  |__qemu-system-aar
07:14:25     1000         -   3385516    0.00    0.00    0.00    0.00    0.00     0  |__call_rcu
07:14:25     1000         -   3385529   93.00    1.00    0.00    0.00   94.00    16  |__CPU 0/TCG
07:14:25     1000         -   3385531    1.00    0.00    0.00    0.00    1.00     5  |__CPU 1/TCG
07:14:25     1000         -   3385532   93.00    7.00    0.00    0.00  100.00     4  |__CPU 2/TCG
07:14:25     1000         -   3385534    0.00    0.00    0.00    0.00    0.00    28  |__CPU 3/TCG
07:14:26     1000   3385509         -  189.00    8.00    0.00    0.00  197.00    18  qemu-system-aar
07:14:26     1000         -   3385509    1.00    1.00    0.00    0.00    2.00    18  |__qemu-system-aar
07:14:26     1000         -   3385516    0.00    0.00    0.00    0.00    0.00     0  |__call_rcu
07:14:26     1000         -   3385529   93.00    2.00    0.00    0.00   95.00     0  |__CPU 0/TCG
07:14:26     1000         -   3385531    0.00    0.00    0.00    0.00    0.00     3  |__CPU 1/TCG
07:14:26     1000         -   3385532   93.00    5.00    0.00    0.00   98.00     4  |__CPU 2/TCG
07:14:26     1000         -   3385534    0.00    0.00    0.00    0.00    0.00    28  |__CPU 3/TCG
07:14:27     1000   3385509         -  187.00    6.00    0.00    0.00  193.00    19  qemu-system-aar
07:14:27     1000         -   3385509    0.00    1.00    0.00    0.00    1.00    19  |__qemu-system-aar
07:14:27     1000         -   3385516    0.00    0.00    0.00    0.00    0.00     0  |__call_rcu
07:14:27     1000         -   3385529   92.00    2.00    0.00    0.00   94.00     0  |__CPU 0/TCG
07:14:27     1000         -   3385531    1.00    0.00    0.00    0.00    1.00     3  |__CPU 1/TCG
07:14:27     1000         -   3385532   94.00    5.00    0.00    0.00   99.00     4  |__CPU 2/TCG
07:14:27     1000         -   3385534    0.00    0.00    0.00    0.00    0.00    28  |__CPU 3/TCG
07:14:28     1000   3385509         -  186.00   10.00    0.00    0.00  196.00    18  qemu-system-aar
07:14:28     1000         -   3385509    0.00    0.00    0.00    0.00    0.00    18  |__qemu-system-aar
07:14:28     1000         -   3385516    0.00    0.00    0.00    0.00    0.00     0  |__call_rcu
07:14:28     1000         -   3385529   92.00    2.00    0.00    0.00   94.00    16  |__CPU 0/TCG
07:14:28     1000         -   3385531    0.00    0.00    0.00    0.00    0.00     3  |__CPU 1/TCG
07:14:28     1000         -   3385532   93.00    7.00    0.00    0.00  100.00    20  |__CPU 2/TCG
07:14:28     1000         -   3385534    0.00    0.00    0.00    0.00    0.00    28  |__CPU 3/TCG
07:14:29     1000   3385509         -  189.00    7.00    0.00    0.00  196.00     3  qemu-system-aar
07:14:29     1000         -   3385509    2.00    0.00    0.00    0.00    2.00     3  |__qemu-system-aar
07:14:29     1000         -   3385516    0.00    0.00    0.00    0.00    0.00     0  |__call_rcu
07:14:29     1000         -   3385529   94.00    2.00    0.00    0.00   96.00    16  |__CPU 0/TCG
07:14:29     1000         -   3385531    1.00    0.00    0.00    0.00    1.00     5  |__CPU 1/TCG
07:14:29     1000         -   3385532   93.00    6.00    0.00    0.00   99.00    20  |__CPU 2/TCG
07:14:29     1000         -   3385534    0.00    0.00    0.00    0.00    0.00    28  |__CPU 3/TCG
07:14:30     1000   3385509         -  188.00    9.00    0.00    0.00  197.00    17  qemu-system-aar
07:14:30     1000         -   3385509    1.00    0.00    0.00    0.00    1.00    17  |__qemu-system-aar
07:14:30     1000         -   3385516    0.00    0.00    0.00    0.00    0.00     0  |__call_rcu
07:14:30     1000         -   3385529   93.00    2.00    0.00    0.00   95.00    16  |__CPU 0/TCG
07:14:30     1000         -   3385531    0.00    0.00    0.00    0.00    0.00     3  |__CPU 1/TCG
07:14:30     1000         -   3385532   93.00    6.00    0.00    0.00   99.00    20  |__CPU 2/TCG
07:14:30     1000         -   3385534    0.00    0.00    0.00    0.00    0.00    28  |__CPU 3/TCG
07:14:31     1000   3385509         -  191.00    6.00    0.00    0.00  197.00    17  qemu-system-aar
07:14:31     1000         -   3385509    1.00    1.00    0.00    0.00    2.00    17  |__qemu-system-aar
07:14:31     1000         -   3385516    0.00    0.00    0.00    0.00    0.00     0  |__call_rcu
07:14:31     1000         -   3385529   96.00    1.00    0.00    0.00   97.00    16  |__CPU 0/TCG
07:14:31     1000         -   3385531    1.00    0.00    0.00    0.00    1.00     6  |__CPU 1/TCG
07:14:31     1000         -   3385532   94.00    5.00    0.00    0.00   99.00    20  |__CPU 2/TCG
07:14:31     1000         -   3385534    0.00    0.00    0.00    0.00    0.00    28  |__CPU 3/TCG
07:14:32     1000   3385509         -  188.00    8.00    0.00    0.00  196.00     5  qemu-system-aar
07:14:32     1000         -   3385509    0.00    0.00    0.00    0.00    0.00     5  |__qemu-system-aar
07:14:32     1000         -   3385516    0.00    0.00    0.00    0.00    0.00     0  |__call_rcu
07:14:32     1000         -   3385529   93.00    2.00    0.00    0.00   95.00    16  |__CPU 0/TCG
07:14:32     1000         -   3385531    0.00    0.00    0.00    0.00    0.00     3  |__CPU 1/TCG
07:14:32     1000         -   3385532   94.00    6.00    0.00    0.00  100.00    20  |__CPU 2/TCG
07:14:32     1000         -   3385534    0.00    0.00    0.00    0.00    0.00    28  |__CPU 3/TCG
07:14:33     1000   3385509         -  186.00    8.00    0.00    0.00  194.00     4  qemu-system-aar
07:14:33     1000         -   3385509    1.00    0.00    0.00    0.00    1.00     4  |__qemu-system-aar
07:14:33     1000         -   3385516    0.00    0.00    0.00    0.00    0.00     0  |__call_rcu
07:14:33     1000         -   3385529   91.00    1.00    0.00    0.00   92.00    16  |__CPU 0/TCG
07:14:33     1000         -   3385531    1.00    0.00    0.00    0.00    1.00     3  |__CPU 1/TCG
07:14:33     1000         -   3385532   92.00    7.00    0.00    0.00   99.00    20  |__CPU 2/TCG
07:14:33     1000         -   3385534    0.00    0.00    0.00    0.00    0.00    28  |__CPU 3/TCG
07:14:34     1000   3385509         -  190.00    6.00    0.00    0.00  196.00    17  qemu-system-aar
07:14:34     1000         -   3385509    1.00    1.00    0.00    0.00    2.00    17  |__qemu-system-aar
07:14:34     1000         -   3385516    0.00    0.00    0.00    0.00    0.00     0  |__call_rcu
07:14:34     1000         -   3385529   94.00    2.00    0.00    0.00   96.00    16  |__CPU 0/TCG
07:14:34     1000         -   3385531    1.00    0.00    0.00    0.00    1.00     5  |__CPU 1/TCG
07:14:34     1000         -   3385532   94.00    4.00    0.00    0.00   98.00    20  |__CPU 2/TCG
07:14:34     1000         -   3385534    0.00    0.00    0.00    0.00    0.00    28  |__CPU 3/TCG
07:14:35     1000   3385509         -  186.00    9.00    0.00    0.00  195.00    19  qemu-system-aar
07:14:35     1000         -   3385509    1.00    0.00    0.00    0.00    1.00    19  |__qemu-system-aar
07:14:35     1000         -   3385516    0.00    0.00    0.00    0.00    0.00     0  |__call_rcu
07:14:35     1000         -   3385529   93.00    1.00    0.00    0.00   94.00    16  |__CPU 0/TCG
07:14:35     1000         -   3385531    0.00    0.00    0.00    0.00    0.00     3  |__CPU 1/TCG
07:14:35     1000         -   3385532   92.00    8.00    0.00    0.00  100.00     4  |__CPU 2/TCG
07:14:35     1000         -   3385534    0.00    0.00    0.00    0.00    0.00    28  |__CPU 3/TCG
07:14:36     1000   3385509         -  187.00    9.00    0.00    0.00  196.00     6  qemu-system-aar
07:14:36     1000         -   3385509    1.00    1.00    0.00    0.00    2.00     6  |__qemu-system-aar
07:14:36     1000         -   3385516    0.00    0.00    0.00    0.00    0.00     0  |__call_rcu
07:14:36     1000         -   3385529   92.00    2.00    0.00    0.00   94.00    16  |__CPU 0/TCG
07:14:36     1000         -   3385531    1.00    0.00    0.00    0.00    1.00     3  |__CPU 1/TCG
07:14:36     1000         -   3385532   93.00    6.00    0.00    0.00   99.00     4  |__CPU 2/TCG
07:14:36     1000         -   3385534    0.00    0.00    0.00    0.00    0.00    28  |__CPU 3/TCG
07:14:37     1000   3385509         -  186.00    9.00    0.00    0.00  195.00     7  qemu-system-aar
07:14:37     1000         -   3385509    0.00    1.00    0.00    0.00    1.00     7  |__qemu-system-aar
07:14:37     1000         -   3385516    0.00    0.00    0.00    0.00    0.00     0  |__call_rcu
07:14:37     1000         -   3385529   92.00    3.00    0.00    0.00   95.00     0  |__CPU 0/TCG
07:14:37     1000         -   3385531    0.00    0.00    0.00    0.00    0.00     3  |__CPU 1/TCG
07:14:37     1000         -   3385532   93.00    7.00    0.00    0.00  100.00     4  |__CPU 2/TCG
07:14:37     1000         -   3385534    0.00    0.00    0.00    0.00    0.00    28  |__CPU 3/TCG
07:14:38     1000   3385509         -  189.00    6.00    0.00    0.00  195.00    16  qemu-system-aar
07:14:38     1000         -   3385509    1.00    0.00    0.00    0.00    1.00    16  |__qemu-system-aar
07:14:38     1000         -   3385516    0.00    0.00    0.00    0.00    0.00     0  |__call_rcu
07:14:38     1000         -   3385529   93.00    2.00    0.00    0.00   95.00     0  |__CPU 0/TCG
07:14:38     1000         -   3385531    1.00    0.00    0.00    0.00    1.00     3  |__CPU 1/TCG
07:14:38     1000         -   3385532   94.00    4.00    0.00    0.00   98.00     4  |__CPU 2/TCG
07:14:38     1000         -   3385534    0.00    0.00    0.00    0.00    0.00    28  |__CPU 3/TCG
07:14:39     1000   3385509         -  190.00    7.00    0.00    0.00  197.00    16  qemu-system-aar
07:14:39     1000         -   3385509    1.00    2.00    0.00    0.00    3.00    16  |__qemu-system-aar
07:14:39     1000         -   3385516    0.00    0.00    0.00    0.00    0.00     0  |__call_rcu
07:14:39     1000         -   3385529   93.00    1.00    0.00    0.00   94.00     0  |__CPU 0/TCG
07:14:39     1000         -   3385531    0.00    0.00    0.00    0.00    0.00     5  |__CPU 1/TCG
07:14:39     1000         -   3385532   94.00    5.00    0.00    0.00   99.00     4  |__CPU 2/TCG
07:14:39     1000         -   3385534    0.00    0.00    0.00    0.00    0.00    28  |__CPU 3/TCG
07:14:40     1000   3385509         -  190.00    6.00    0.00    0.00  196.00    16  qemu-system-aar
07:14:40     1000         -   3385509    0.00    1.00    0.00    0.00    1.00    16  |__qemu-system-aar
07:14:40     1000         -   3385516    0.00    0.00    0.00    0.00    0.00     0  |__call_rcu
07:14:40     1000         -   3385529   94.00    1.00    0.00    0.00   95.00     0  |__CPU 0/TCG
07:14:40     1000         -   3385531    1.00    0.00    0.00    0.00    1.00     3  |__CPU 1/TCG
07:14:40     1000         -   3385532   94.00    5.00    0.00    0.00   99.00     4  |__CPU 2/TCG
07:14:40     1000         -   3385534    0.00    0.00    0.00    0.00    0.00    28  |__CPU 3/TCG
07:14:41     1000   3385509         -  190.00    6.00    0.00    0.00  196.00     5  qemu-system-aar
07:14:41     1000         -   3385509    1.00    1.00    0.00    0.00    2.00     5  |__qemu-system-aar
07:14:41     1000         -   3385516    0.00    0.00    0.00    0.00    0.00     0  |__call_rcu
07:14:41     1000         -   3385529   94.00    1.00    0.00    0.00   95.00    16  |__CPU 0/TCG
07:14:41     1000         -   3385531    0.00    1.00    0.00    0.00    1.00     6  |__CPU 1/TCG
07:14:41     1000         -   3385532   93.00    6.00    0.00    0.00   99.00    20  |__CPU 2/TCG
07:14:41     1000         -   3385534    0.00    0.00    0.00    0.00    0.00    28  |__CPU 3/TCG
07:14:42     1000   3385509         -  186.00    9.00    0.00    0.00  195.00    18  qemu-system-aar
07:14:42     1000         -   3385509    0.00    1.00    0.00    0.00    1.00    18  |__qemu-system-aar
07:14:42     1000         -   3385516    0.00    0.00    0.00    0.00    0.00     0  |__call_rcu
07:14:42     1000         -   3385529   93.00    2.00    0.00    0.00   95.00    16  |__CPU 0/TCG
07:14:42     1000         -   3385531    1.00    0.00    0.00    0.00    1.00     3  |__CPU 1/TCG
07:14:42     1000         -   3385532   93.00    6.00    0.00    0.00   99.00    20  |__CPU 2/TCG
07:14:42     1000         -   3385534    0.00    0.00    0.00    0.00    0.00    28  |__CPU 3/TCG
07:14:43     1000   3385509         -  190.00    6.00    0.00    0.00  196.00    18  qemu-system-aar
07:14:43     1000         -   3385509    0.00    1.00    0.00    0.00    1.00    18  |__qemu-system-aar
07:14:43     1000         -   3385516    0.00    0.00    0.00    0.00    0.00     0  |__call_rcu
07:14:43     1000         -   3385529   92.00    2.00    0.00    0.00   94.00    16  |__CPU 0/TCG
07:14:43     1000         -   3385531    0.00    0.00    0.00    0.00    0.00     3  |__CPU 1/TCG
07:14:43     1000         -   3385532   95.00    5.00    0.00    0.00  100.00    20  |__CPU 2/TCG
07:14:43     1000         -   3385534    0.00    0.00    0.00    0.00    0.00    28  |__CPU 3/TCG
07:14:44     1000   3385509         -  189.00    7.00    0.00    0.00  196.00     2  qemu-system-aar
07:14:44     1000         -   3385509    1.00    0.00    0.00    0.00    1.00     2  |__qemu-system-aar
07:14:44     1000         -   3385516    0.00    0.00    0.00    0.00    0.00     0  |__call_rcu
07:14:44     1000         -   3385529   94.00    1.00    0.00    0.00   95.00    16  |__CPU 0/TCG
07:14:44     1000         -   3385531    1.00    0.00    0.00    0.00    1.00     5  |__CPU 1/TCG
07:14:44     1000         -   3385532   93.00    5.00    0.00    0.00   98.00    20  |__CPU 2/TCG
07:14:44     1000         -   3385534    0.00    0.00    0.00    0.00    0.00    28  |__CPU 3/TCG
07:14:45     1000   3385509         -  187.00    9.00    0.00    0.00  196.00     7  qemu-system-aar
07:14:45     1000         -   3385509    0.00    1.00    0.00    0.00    1.00     7  |__qemu-system-aar
07:14:45     1000         -   3385516    0.00    0.00    0.00    0.00    0.00     0  |__call_rcu
07:14:45     1000         -   3385529   93.00    3.00    0.00    0.00   96.00    16  |__CPU 0/TCG
07:14:45     1000         -   3385531    0.00    0.00    0.00    0.00    0.00     1  |__CPU 1/TCG
07:14:45     1000         -   3385532   93.00    7.00    0.00    0.00  100.00    20  |__CPU 2/TCG
07:14:45     1000         -   3385534    0.00    0.00    0.00    0.00    0.00    28  |__CPU 3/TCG
07:14:46     1000   3385509         -  190.00    7.00    0.00    0.00  197.00     6  qemu-system-aar
07:14:46     1000         -   3385509    1.00    1.00    0.00    0.00    2.00     6  |__qemu-system-aar
07:14:46     1000         -   3385516    0.00    0.00    0.00    0.00    0.00     0  |__call_rcu
07:14:46     1000         -   3385529   94.00    1.00    0.00    0.00   95.00    16  |__CPU 0/TCG
07:14:46     1000         -   3385531    1.00    0.00    0.00    0.00    1.00     6  |__CPU 1/TCG
07:14:46     1000         -   3385532   94.00    5.00    0.00    0.00   99.00    20  |__CPU 2/TCG
07:14:46     1000         -   3385534    0.00    0.00    0.00    0.00    0.00    28  |__CPU 3/TCG
07:14:47     1000   3385509         -  190.00    7.00    0.00    0.00  197.00     5  qemu-system-aar
07:14:47     1000         -   3385509    0.00    1.00    0.00    0.00    1.00     5  |__qemu-system-aar
07:14:47     1000         -   3385516    0.00    0.00    0.00    0.00    0.00     0  |__call_rcu
07:14:47     1000         -   3385529   93.00    2.00    0.00    0.00   95.00    16  |__CPU 0/TCG
07:14:47     1000         -   3385531    1.00    0.00    0.00    0.00    1.00     1  |__CPU 1/TCG
07:14:47     1000         -   3385532   94.00    5.00    0.00    0.00   99.00    20  |__CPU 2/TCG
07:14:47     1000         -   3385534    0.00    0.00    0.00    0.00    0.00    28  |__CPU 3/TCG
07:14:48     1000   3385509         -  187.00    7.00    0.00    0.00  194.00     1  qemu-system-aar
07:14:48     1000         -   3385509    0.00    1.00    0.00    0.00    1.00     1  |__qemu-system-aar
07:14:48     1000         -   3385516    0.00    0.00    0.00    0.00    0.00     0  |__call_rcu
07:14:48     1000         -   3385529   93.00    2.00    0.00    0.00   95.00     0  |__CPU 0/TCG
07:14:48     1000         -   3385531    0.00    0.00    0.00    0.00    0.00     6  |__CPU 1/TCG
07:14:48     1000         -   3385532   94.00    5.00    0.00    0.00   99.00    20  |__CPU 2/TCG
07:14:48     1000         -   3385534    0.00    0.00    0.00    0.00    0.00    28  |__CPU 3/TCG
07:14:49     1000   3385509         -  188.00    8.00    0.00    0.00  196.00     3  qemu-system-aar
07:14:49     1000         -   3385509    2.00    0.00    0.00    0.00    2.00     3  |__qemu-system-aar
07:14:49     1000         -   3385516    0.00    0.00    0.00    0.00    0.00     0  |__call_rcu
07:14:49     1000         -   3385529   92.00    2.00    0.00    0.00   94.00     0  |__CPU 0/TCG
07:14:49     1000         -   3385531    1.00    0.00    0.00    0.00    1.00     7  |__CPU 1/TCG
07:14:49     1000         -   3385532   94.00    6.00    0.00    0.00  100.00    20  |__CPU 2/TCG
07:14:49     1000         -   3385534    0.00    0.00    0.00    0.00    0.00    28  |__CPU 3/TCG
07:14:50     1000   3385509         -  188.00    7.00    0.00    0.00  195.00     6  qemu-system-aar
07:14:50     1000         -   3385509    1.00    0.00    0.00    0.00    1.00     6  |__qemu-system-aar
07:14:50     1000         -   3385516    0.00    0.00    0.00    0.00    0.00     0  |__call_rcu
07:14:50     1000         -   3385529   93.00    2.00    0.00    0.00   95.00     0  |__CPU 0/TCG
07:14:50     1000         -   3385531    0.00    0.00    0.00    0.00    0.00     7  |__CPU 1/TCG
07:14:50     1000         -   3385532   93.00    5.00    0.00    0.00   98.00    20  |__CPU 2/TCG
07:14:50     1000         -   3385534    0.00    0.00    0.00    0.00    0.00    28  |__CPU 3/TCG
07:14:51     1000   3385509         -  190.00    6.00    0.00    0.00  196.00     5  qemu-system-aar
07:14:51     1000         -   3385509    0.00    1.00    0.00    0.00    1.00     5  |__qemu-system-aar
07:14:51     1000         -   3385516    0.00    0.00    0.00    0.00    0.00     0  |__call_rcu
07:14:51     1000         -   3385529   95.00    1.00    0.00    0.00   96.00     0  |__CPU 0/TCG
07:14:51     1000         -   3385531    1.00    0.00    0.00    0.00    1.00     7  |__CPU 1/TCG
07:14:51     1000         -   3385532   94.00    6.00    0.00    0.00  100.00    20  |__CPU 2/TCG
07:14:51     1000         -   3385534    0.00    0.00    0.00    0.00    0.00    28  |__CPU 3/TCG
07:14:52     1000   3385509         -  189.00    8.00    0.00    0.00  197.00     5  qemu-system-aar
07:14:52     1000         -   3385509    1.00    1.00    0.00    0.00    2.00     5  |__qemu-system-aar
07:14:52     1000         -   3385516    0.00    0.00    0.00    0.00    0.00     0  |__call_rcu
07:14:52     1000         -   3385529   93.00    2.00    0.00    0.00   95.00     0  |__CPU 0/TCG
07:14:52     1000         -   3385531    0.00    0.00    0.00    0.00    0.00     1  |__CPU 1/TCG
07:14:52     1000         -   3385532   94.00    5.00    0.00    0.00   99.00     4  |__CPU 2/TCG
07:14:52     1000         -   3385534    0.00    0.00    0.00    0.00    0.00    28  |__CPU 3/TCG
07:14:53     1000   3385509         -  190.00    6.00    0.00    0.00  196.00     6  qemu-system-aar
07:14:53     1000         -   3385509    0.00    0.00    0.00    0.00    0.00     6  |__qemu-system-aar
07:14:53     1000         -   3385516    0.00    0.00    0.00    0.00    0.00     0  |__call_rcu
07:14:53     1000         -   3385529   93.00    2.00    0.00    0.00   95.00    16  |__CPU 0/TCG
07:14:53     1000         -   3385531    1.00    0.00    0.00    0.00    1.00     1  |__CPU 1/TCG
07:14:53     1000         -   3385532   95.00    4.00    0.00    0.00   99.00     4  |__CPU 2/TCG
07:14:53     1000         -   3385534    0.00    0.00    0.00    0.00    0.00    28  |__CPU 3/TCG
07:14:54     1000   3385509         -  188.00    7.00    0.00    0.00  195.00     5  qemu-system-aar
07:14:54     1000         -   3385509    0.00    1.00    0.00    0.00    1.00     5  |__qemu-system-aar
07:14:54     1000         -   3385516    0.00    0.00    0.00    0.00    0.00     0  |__call_rcu
07:14:54     1000         -   3385529   92.00    2.00    0.00    0.00   94.00    16  |__CPU 0/TCG
07:14:54     1000         -   3385531    0.00    0.00    0.00    0.00    0.00     1  |__CPU 1/TCG
07:14:54     1000         -   3385532   94.00    5.00    0.00    0.00   99.00     4  |__CPU 2/TCG
07:14:54     1000         -   3385534    0.00    0.00    0.00    0.00    0.00    28  |__CPU 3/TCG
07:14:55     1000   3385509         -  187.00    9.00    0.00    0.00  196.00     5  qemu-system-aar
07:14:55     1000         -   3385509    0.00    1.00    0.00    0.00    1.00     5  |__qemu-system-aar
07:14:55     1000         -   3385516    0.00    0.00    0.00    0.00    0.00     0  |__call_rcu
07:14:55     1000         -   3385529   93.00    1.00    0.00    0.00   94.00    16  |__CPU 0/TCG
07:14:55     1000         -   3385531    1.00    0.00    0.00    0.00    1.00     7  |__CPU 1/TCG
07:14:55     1000         -   3385532   92.00    7.00    0.00    0.00   99.00     4  |__CPU 2/TCG
07:14:55     1000         -   3385534    0.00    0.00    0.00    0.00    0.00    28  |__CPU 3/TCG
07:14:56     1000   3385509         -  188.00    8.00    0.00    0.00  196.00     3  qemu-system-aar
07:14:56     1000         -   3385509    1.00    1.00    0.00    0.00    2.00     3  |__qemu-system-aar
07:14:56     1000         -   3385516    0.00    0.00    0.00    0.00    0.00     0  |__call_rcu
07:14:56     1000         -   3385529   93.00    3.00    0.00    0.00   96.00    16  |__CPU 0/TCG
07:14:56     1000         -   3385531    0.00    0.00    0.00    0.00    0.00     7  |__CPU 1/TCG
07:14:56     1000         -   3385532   94.00    5.00    0.00    0.00   99.00     4  |__CPU 2/TCG
07:14:56     1000         -   3385534    0.00    0.00    0.00    0.00    0.00    28  |__CPU 3/TCG
07:14:57     1000   3385509         -  190.00    7.00    0.00    0.00  197.00     5  qemu-system-aar
07:14:57     1000         -   3385509    0.00    1.00    0.00    0.00    1.00     5  |__qemu-system-aar
07:14:57     1000         -   3385516    0.00    0.00    0.00    0.00    0.00     0  |__call_rcu
07:14:57     1000         -   3385529   94.00    1.00    0.00    0.00   95.00    16  |__CPU 0/TCG
07:14:57     1000         -   3385531    1.00    0.00    0.00    0.00    1.00     1  |__CPU 1/TCG
07:14:57     1000         -   3385532   93.00    6.00    0.00    0.00   99.00     4  |__CPU 2/TCG
07:14:57     1000         -   3385534    0.00    0.00    0.00    0.00    0.00    28  |__CPU 3/TCG
07:14:58     1000   3385509         -  190.00    6.00    0.00    0.00  196.00     5  qemu-system-aar
07:14:58     1000         -   3385509    0.00    1.00    0.00    0.00    1.00     5  |__qemu-system-aar
07:14:58     1000         -   3385516    0.00    0.00    0.00    0.00    0.00     0  |__call_rcu
07:14:58     1000         -   3385529   95.00    1.00    0.00    0.00   96.00    16  |__CPU 0/TCG
07:14:58     1000         -   3385531    1.00    0.00    0.00    0.00    1.00     1  |__CPU 1/TCG
07:14:58     1000         -   3385532   94.00    5.00    0.00    0.00   99.00    20  |__CPU 2/TCG
07:14:58     1000         -   3385534    0.00    0.00    0.00    0.00    0.00    28  |__CPU 3/TCG
07:14:59     1000   3385509         -  196.00    4.00    0.00    0.00  200.00     1  qemu-system-aar
07:14:59     1000         -   3385509    1.00    0.00    0.00    0.00    1.00     1  |__qemu-system-aar
07:14:59     1000         -   3385516    0.00    0.00    0.00    0.00    0.00     0  |__call_rcu
07:14:59     1000         -   3385529   98.00    0.00    0.00    0.00   98.00    16  |__CPU 0/TCG
07:14:59     1000         -   3385531    0.00    0.00    0.00    0.00    0.00    20  |__CPU 1/TCG
07:14:59     1000         -   3385532   96.00    4.00    0.00    0.00  100.00     4  |__CPU 2/TCG
07:14:59     1000         -   3385534    0.00    0.00    0.00    0.00    0.00    28  |__CPU 3/TCG
07:15:00     1000   3385509         -  188.00    7.00    0.00    0.00  195.00     3  qemu-system-aar
07:15:00     1000         -   3385509    1.00    1.00    0.00    0.00    2.00     3  |__qemu-system-aar
07:15:00     1000         -   3385516    0.00    0.00    0.00    0.00    0.00     0  |__call_rcu
07:15:00     1000         -   3385529   94.00    2.00    0.00    0.00   96.00    16  |__CPU 0/TCG
07:15:00     1000         -   3385531    1.00    0.00    0.00    0.00    1.00    20  |__CPU 1/TCG
07:15:00     1000         -   3385532   94.00    5.00    0.00    0.00   99.00     4  |__CPU 2/TCG
07:15:00     1000         -   3385534    0.00    0.00    0.00    0.00    0.00    28  |__CPU 3/TCG
07:15:01     1000   3385509         -  190.00    6.00    0.00    0.00  196.00     2  qemu-system-aar
07:15:01     1000         -   3385509    0.00    1.00    0.00    0.00    1.00     2  |__qemu-system-aar
07:15:01     1000         -   3385516    0.00    0.00    0.00    0.00    0.00     0  |__call_rcu
07:15:01     1000         -   3385529   93.00    1.00    0.00    0.00   94.00    16  |__CPU 0/TCG
07:15:01     1000         -   3385531    0.00    0.00    0.00    0.00    0.00    20  |__CPU 1/TCG
07:15:01     1000         -   3385532   94.00    5.00    0.00    0.00   99.00     4  |__CPU 2/TCG
07:15:01     1000         -   3385534    0.00    0.00    0.00    0.00    0.00    28  |__CPU 3/TCG
07:15:02     1000   3385509         -  187.00    9.00    0.00    0.00  196.00     5  qemu-system-aar
07:15:02     1000         -   3385509    0.00    1.00    0.00    0.00    1.00     5  |__qemu-system-aar
07:15:02     1000         -   3385516    0.00    0.00    0.00    0.00    0.00     0  |__call_rcu
07:15:02     1000         -   3385529   93.00    2.00    0.00    0.00   95.00    16  |__CPU 0/TCG
07:15:02     1000         -   3385531    1.00    0.00    0.00    0.00    1.00    20  |__CPU 1/TCG
07:15:02     1000         -   3385532   93.00    7.00    0.00    0.00  100.00     4  |__CPU 2/TCG
07:15:02     1000         -   3385534    0.00    0.00    0.00    0.00    0.00    28  |__CPU 3/TCG
07:15:03     1000   3385509         -  188.00    6.00    0.00    0.00  194.00    17  qemu-system-aar
07:15:03     1000         -   3385509    0.00    1.00    0.00    0.00    1.00    17  |__qemu-system-aar
07:15:03     1000         -   3385516    0.00    0.00    0.00    0.00    0.00     0  |__call_rcu
07:15:03     1000         -   3385529   92.00    1.00    0.00    0.00   93.00    16  |__CPU 0/TCG
07:15:03     1000         -   3385531    1.00    0.00    0.00    0.00    1.00    20  |__CPU 1/TCG
07:15:03     1000         -   3385532   94.00    4.00    0.00    0.00   98.00     4  |__CPU 2/TCG
07:15:03     1000         -   3385534    0.00    0.00    0.00    0.00    0.00    28  |__CPU 3/TCG
07:15:04     1000   3385509         -  189.00    7.00    0.00    0.00  196.00    17  qemu-system-aar
07:15:04     1000         -   3385509    0.00    1.00    0.00    0.00    1.00    17  |__qemu-system-aar
07:15:04     1000         -   3385516    0.00    0.00    0.00    0.00    0.00     0  |__call_rcu
07:15:04     1000         -   3385529   93.00    3.00    0.00    0.00   96.00    16  |__CPU 0/TCG
07:15:04     1000         -   3385531    0.00    0.00    0.00    0.00    0.00    20  |__CPU 1/TCG
07:15:04     1000         -   3385532   95.00    5.00    0.00    0.00  100.00     4  |__CPU 2/TCG
07:15:04     1000         -   3385534    0.00    0.00    0.00    0.00    0.00    28  |__CPU 3/TCG
07:15:05     1000   3385509         -  188.00    8.00    0.00    0.00  196.00    17  qemu-system-aar
07:15:05     1000         -   3385509    0.00    1.00    0.00    0.00    1.00    17  |__qemu-system-aar
07:15:05     1000         -   3385516    0.00    0.00    0.00    0.00    0.00     0  |__call_rcu
07:15:05     1000         -   3385529   93.00    2.00    0.00    0.00   95.00    16  |__CPU 0/TCG
07:15:05     1000         -   3385531    1.00    0.00    0.00    0.00    1.00    20  |__CPU 1/TCG
07:15:05     1000         -   3385532   93.00    6.00    0.00    0.00   99.00     4  |__CPU 2/TCG
07:15:05     1000         -   3385534    0.00    0.00    0.00    0.00    0.00    28  |__CPU 3/TCG
07:15:06     1000   3385509         -  191.00    5.00    0.00    0.00  196.00     0  qemu-system-aar
07:15:06     1000         -   3385509    0.00    1.00    0.00    0.00    1.00     0  |__qemu-system-aar
07:15:06     1000         -   3385516    0.00    0.00    0.00    0.00    0.00     0  |__call_rcu
07:15:06     1000         -   3385529   93.00    1.00    0.00    0.00   94.00     2  |__CPU 0/TCG
07:15:06     1000         -   3385531    0.00    0.00    0.00    0.00    0.00    20  |__CPU 1/TCG
07:15:06     1000         -   3385532   95.00    4.00    0.00    0.00   99.00     4  |__CPU 2/TCG
07:15:06     1000         -   3385534    0.00    0.00    0.00    0.00    0.00    28  |__CPU 3/TCG
07:15:07     1000   3385509         -  187.00    9.00    0.00    0.00  196.00    18  qemu-system-aar
07:15:07     1000         -   3385509    1.00    1.00    0.00    0.00    2.00    18  |__qemu-system-aar
07:15:07     1000         -   3385516    0.00    0.00    0.00    0.00    0.00     0  |__call_rcu
07:15:07     1000         -   3385529   92.00    3.00    0.00    0.00   95.00    16  |__CPU 0/TCG
07:15:07     1000         -   3385531    1.00    0.00    0.00    0.00    1.00     3  |__CPU 1/TCG
07:15:07     1000         -   3385532   93.00    5.00    0.00    0.00   98.00    20  |__CPU 2/TCG
07:15:07     1000         -   3385534    0.00    0.00    0.00    0.00    0.00    28  |__CPU 3/TCG
07:15:08     1000   3385509         -  188.00    6.00    0.00    0.00  194.00    18  qemu-system-aar
07:15:08     1000         -   3385509    1.00    0.00    0.00    0.00    1.00    18  |__qemu-system-aar
07:15:08     1000         -   3385516    0.00    0.00    0.00    0.00    0.00     0  |__call_rcu
07:15:08     1000         -   3385529   93.00    1.00    0.00    0.00   94.00    16  |__CPU 0/TCG
07:15:08     1000         -   3385531    1.00    0.00    0.00    0.00    1.00     3  |__CPU 1/TCG
07:15:08     1000         -   3385532   95.00    5.00    0.00    0.00  100.00    20  |__CPU 2/TCG
07:15:08     1000         -   3385534    0.00    0.00    0.00    0.00    0.00    28  |__CPU 3/TCG
07:15:09     1000   3385509         -  188.00    8.00    0.00    0.00  196.00     5  qemu-system-aar
07:15:09     1000         -   3385509    0.00    1.00    0.00    0.00    1.00     5  |__qemu-system-aar
07:15:09     1000         -   3385516    0.00    0.00    0.00    0.00    0.00     0  |__call_rcu
07:15:09     1000         -   3385529   93.00    2.00    0.00    0.00   95.00    16  |__CPU 0/TCG
07:15:09     1000         -   3385531    0.00    0.00    0.00    0.00    0.00     6  |__CPU 1/TCG
07:15:09     1000         -   3385532   92.00    7.00    0.00    0.00   99.00    20  |__CPU 2/TCG
07:15:09     1000         -   3385534    0.00    0.00    0.00    0.00    0.00    28  |__CPU 3/TCG
07:15:10     1000   3385509         -  188.00    8.00    0.00    0.00  196.00     1  qemu-system-aar
07:15:10     1000         -   3385509    1.00    1.00    0.00    0.00    2.00     1  |__qemu-system-aar
07:15:10     1000         -   3385516    0.00    0.00    0.00    0.00    0.00     0  |__call_rcu
07:15:10     1000         -   3385529   94.00    1.00    0.00    0.00   95.00     0  |__CPU 0/TCG
07:15:10     1000         -   3385531    1.00    0.00    0.00    0.00    1.00     6  |__CPU 1/TCG
07:15:10     1000         -   3385532   93.00    6.00    0.00    0.00   99.00    20  |__CPU 2/TCG
07:15:10     1000         -   3385534    0.00    0.00    0.00    0.00    0.00    28  |__CPU 3/TCG
07:15:11     1000   3385509         -  187.00    8.00    0.00    0.00  195.00     3  qemu-system-aar
07:15:11     1000         -   3385509    0.00    1.00    0.00    0.00    1.00     3  |__qemu-system-aar
07:15:11     1000         -   3385516    0.00    0.00    0.00    0.00    0.00     0  |__call_rcu
07:15:11     1000         -   3385529   92.00    3.00    0.00    0.00   95.00    16  |__CPU 0/TCG
07:15:11     1000         -   3385531    0.00    0.00    0.00    0.00    0.00     1  |__CPU 1/TCG
07:15:11     1000         -   3385532   93.00    6.00    0.00    0.00   99.00    20  |__CPU 2/TCG
07:15:11     1000         -   3385534    0.00    0.00    0.00    0.00    0.00    28  |__CPU 3/TCG
07:15:12     1000   3385509         -  190.00    6.00    0.00    0.00  196.00     3  qemu-system-aar
07:15:12     1000         -   3385509    1.00    0.00    0.00    0.00    1.00     3  |__qemu-system-aar
07:15:12     1000         -   3385516    0.00    0.00    0.00    0.00    0.00     0  |__call_rcu
07:15:12     1000         -   3385529   93.00    2.00    0.00    0.00   95.00     0  |__CPU 0/TCG
07:15:12     1000         -   3385531    1.00    0.00    0.00    0.00    1.00     6  |__CPU 1/TCG
07:15:12     1000         -   3385532   96.00    3.00    0.00    0.00   99.00    20  |__CPU 2/TCG
07:15:12     1000         -   3385534    0.00    0.00    0.00    0.00    0.00    28  |__CPU 3/TCG
07:15:13     1000   3385509         -  189.00    6.00    0.00    0.00  195.00     5  qemu-system-aar
07:15:13     1000         -   3385509    1.00    1.00    0.00    0.00    2.00     5  |__qemu-system-aar
07:15:13     1000         -   3385516    0.00    0.00    0.00    0.00    0.00     0  |__call_rcu
07:15:13     1000         -   3385529   93.00    1.00    0.00    0.00   94.00    16  |__CPU 0/TCG
07:15:13     1000         -   3385531    1.00    0.00    0.00    0.00    1.00     7  |__CPU 1/TCG
07:15:13     1000         -   3385532   94.00    5.00    0.00    0.00   99.00    20  |__CPU 2/TCG
07:15:13     1000         -   3385534    0.00    0.00    0.00    0.00    0.00    28  |__CPU 3/TCG
07:15:14     1000   3385509         -  188.00    8.00    0.00    0.00  196.00     6  qemu-system-aar
07:15:14     1000         -   3385509    0.00    0.00    0.00    0.00    0.00     6  |__qemu-system-aar
07:15:14     1000         -   3385516    0.00    0.00    0.00    0.00    0.00     0  |__call_rcu
07:15:14     1000         -   3385529   93.00    2.00    0.00    0.00   95.00    16  |__CPU 0/TCG
07:15:14     1000         -   3385531    0.00    0.00    0.00    0.00    0.00    17  |__CPU 1/TCG
07:15:14     1000         -   3385532   94.00    6.00    0.00    0.00  100.00    20  |__CPU 2/TCG
07:15:14     1000         -   3385534    0.00    0.00    0.00    0.00    0.00    28  |__CPU 3/TCG
07:15:15     1000   3385509         -  190.00    6.00    0.00    0.00  196.00     7  qemu-system-aar
07:15:15     1000         -   3385509    0.00    1.00    0.00    0.00    1.00     7  |__qemu-system-aar
07:15:15     1000         -   3385516    0.00    0.00    0.00    0.00    0.00     0  |__call_rcu
07:15:15     1000         -   3385529   93.00    2.00    0.00    0.00   95.00    16  |__CPU 0/TCG
07:15:15     1000         -   3385531    1.00    0.00    0.00    0.00    1.00    17  |__CPU 1/TCG
07:15:15     1000         -   3385532   94.00    4.00    0.00    0.00   98.00    20  |__CPU 2/TCG
07:15:15     1000         -   3385534    0.00    0.00    0.00    0.00    0.00    28  |__CPU 3/TCG
07:15:16     1000   3385509         -  187.00    8.00    0.00    0.00  195.00     2  qemu-system-aar
07:15:16     1000         -   3385509    1.00    1.00    0.00    0.00    2.00     2  |__qemu-system-aar
07:15:16     1000         -   3385516    0.00    0.00    0.00    0.00    0.00     0  |__call_rcu
07:15:16     1000         -   3385529   90.00    3.00    0.00    0.00   93.00    16  |__CPU 0/TCG
07:15:16     1000         -   3385531    0.00    0.00    0.00    0.00    0.00    17  |__CPU 1/TCG
07:15:16     1000         -   3385532   95.00    4.00    0.00    0.00   99.00     4  |__CPU 2/TCG
07:15:16     1000         -   3385534    0.00    0.00    0.00    0.00    0.00    28  |__CPU 3/TCG
07:15:17     1000   3385509         -  188.00    8.00    0.00    0.00  196.00     5  qemu-system-aar
07:15:17     1000         -   3385509    0.00    1.00    0.00    0.00    1.00     5  |__qemu-system-aar
07:15:17     1000         -   3385516    0.00    0.00    0.00    0.00    0.00     0  |__call_rcu
07:15:17     1000         -   3385529   93.00    2.00    0.00    0.00   95.00    16  |__CPU 0/TCG
07:15:17     1000         -   3385531    0.00    1.00    0.00    0.00    1.00     7  |__CPU 1/TCG
07:15:17     1000         -   3385532   94.00    6.00    0.00    0.00  100.00     4  |__CPU 2/TCG
07:15:17     1000         -   3385534    0.00    0.00    0.00    0.00    0.00    28  |__CPU 3/TCG
07:15:18     1000   3385509         -  186.00    9.00    0.00    0.00  195.00     3  qemu-system-aar
07:15:18     1000         -   3385509    1.00    0.00    0.00    0.00    1.00     3  |__qemu-system-aar
07:15:18     1000         -   3385516    0.00    0.00    0.00    0.00    0.00     0  |__call_rcu
07:15:18     1000         -   3385529   92.00    3.00    0.00    0.00   95.00     0  |__CPU 0/TCG
07:15:18     1000         -   3385531    1.00    0.00    0.00    0.00    1.00    16  |__CPU 1/TCG
07:15:18     1000         -   3385532   92.00    7.00    0.00    0.00   99.00     4  |__CPU 2/TCG
07:15:18     1000         -   3385534    0.00    0.00    0.00    0.00    0.00    28  |__CPU 3/TCG
07:15:19     1000   3385509         -  187.00    8.00    0.00    0.00  195.00     7  qemu-system-aar
07:15:19     1000         -   3385509    1.00    1.00    0.00    0.00    2.00     7  |__qemu-system-aar
07:15:19     1000         -   3385516    0.00    0.00    0.00    0.00    0.00     0  |__call_rcu
07:15:19     1000         -   3385529   93.00    2.00    0.00    0.00   95.00    16  |__CPU 0/TCG
07:15:19     1000         -   3385531    0.00    0.00    0.00    0.00    0.00    17  |__CPU 1/TCG
07:15:19     1000         -   3385532   93.00    6.00    0.00    0.00   99.00    20  |__CPU 2/TCG
07:15:19     1000         -   3385534    0.00    0.00    0.00    0.00    0.00    28  |__CPU 3/TCG
07:15:20     1000   3385509         -  189.00    7.00    0.00    0.00  196.00     2  qemu-system-aar
07:15:20     1000         -   3385509    0.00    0.00    0.00    0.00    0.00     2  |__qemu-system-aar
07:15:20     1000         -   3385516    0.00    0.00    0.00    0.00    0.00     0  |__call_rcu
07:15:20     1000         -   3385529   93.00    1.00    0.00    0.00   94.00    16  |__CPU 0/TCG
07:15:20     1000         -   3385531    1.00    0.00    0.00    0.00    1.00    17  |__CPU 1/TCG
07:15:20     1000         -   3385532   94.00    5.00    0.00    0.00   99.00    20  |__CPU 2/TCG
07:15:20     1000         -   3385534    0.00    0.00    0.00    0.00    0.00    28  |__CPU 3/TCG
07:15:21     1000   3385509         -  188.00    8.00    0.00    0.00  196.00     6  qemu-system-aar
07:15:21     1000         -   3385509    1.00    1.00    0.00    0.00    2.00     6  |__qemu-system-aar
07:15:21     1000         -   3385516    0.00    0.00    0.00    0.00    0.00     0  |__call_rcu
07:15:21     1000         -   3385529   93.00    2.00    0.00    0.00   95.00    16  |__CPU 0/TCG
07:15:21     1000         -   3385531    0.00    0.00    0.00    0.00    0.00     7  |__CPU 1/TCG
07:15:21     1000         -   3385532   93.00    7.00    0.00    0.00  100.00    20  |__CPU 2/TCG
07:15:21     1000         -   3385534    0.00    0.00    0.00    0.00    0.00    28  |__CPU 3/TCG
07:15:22     1000   3385509         -  186.00    9.00    0.00    0.00  195.00     2  qemu-system-aar
07:15:22     1000         -   3385509    1.00    0.00    0.00    0.00    1.00     2  |__qemu-system-aar
07:15:22     1000         -   3385516    0.00    0.00    0.00    0.00    0.00     0  |__call_rcu
07:15:22     1000         -   3385529   92.00    2.00    0.00    0.00   94.00    16  |__CPU 0/TCG
07:15:22     1000         -   3385531    1.00    0.00    0.00    0.00    1.00    17  |__CPU 1/TCG
07:15:22     1000         -   3385532   92.00    6.00    0.00    0.00   98.00    20  |__CPU 2/TCG
07:15:22     1000         -   3385534    0.00    0.00    0.00    0.00    0.00    28  |__CPU 3/TCG
07:15:23     1000   3385509         -  186.00    9.00    0.00    0.00  195.00     6  qemu-system-aar
07:15:23     1000         -   3385509    1.00    1.00    0.00    0.00    2.00     6  |__qemu-system-aar
07:15:23     1000         -   3385516    0.00    0.00    0.00    0.00    0.00     0  |__call_rcu
07:15:23     1000         -   3385529   92.00    2.00    0.00    0.00   94.00    16  |__CPU 0/TCG
07:15:23     1000         -   3385531    1.00    0.00    0.00    0.00    1.00    17  |__CPU 1/TCG
07:15:23     1000         -   3385532   93.00    7.00    0.00    0.00  100.00    20  |__CPU 2/TCG
07:15:23     1000         -   3385534    0.00    0.00    0.00    0.00    0.00    28  |__CPU 3/TCG
07:15:24     1000   3385509         -  188.00    7.00    0.00    0.00  195.00     6  qemu-system-aar
07:15:24     1000         -   3385509    0.00    1.00    0.00    0.00    1.00     6  |__qemu-system-aar
07:15:24     1000         -   3385516    0.00    0.00    0.00    0.00    0.00     0  |__call_rcu
07:15:24     1000         -   3385529   93.00    1.00    0.00    0.00   94.00    16  |__CPU 0/TCG
07:15:24     1000         -   3385531    0.00    0.00    0.00    0.00    0.00    17  |__CPU 1/TCG
07:15:24     1000         -   3385532   93.00    6.00    0.00    0.00   99.00    20  |__CPU 2/TCG
07:15:24     1000         -   3385534    0.00    0.00    0.00    0.00    0.00    28  |__CPU 3/TCG
07:15:25     1000   3385509         -  187.00    9.00    0.00    0.00  196.00     5  qemu-system-aar
07:15:25     1000         -   3385509    0.00    0.00    0.00    0.00    0.00     5  |__qemu-system-aar
07:15:25     1000         -   3385516    0.00    0.00    0.00    0.00    0.00     0  |__call_rcu
07:15:25     1000         -   3385529   93.00    2.00    0.00    0.00   95.00    16  |__CPU 0/TCG
07:15:25     1000         -   3385531    1.00    0.00    0.00    0.00    1.00    17  |__CPU 1/TCG
07:15:25     1000         -   3385532   92.00    7.00    0.00    0.00   99.00    20  |__CPU 2/TCG
07:15:25     1000         -   3385534    0.00    0.00    0.00    0.00    0.00    28  |__CPU 3/TCG
07:15:26     1000   3385509         -  188.00    7.00    0.00    0.00  195.00     3  qemu-system-aar
07:15:26     1000         -   3385509    1.00    1.00    0.00    0.00    2.00     3  |__qemu-system-aar
07:15:26     1000         -   3385516    0.00    0.00    0.00    0.00    0.00     0  |__call_rcu
07:15:26     1000         -   3385529   93.00    2.00    0.00    0.00   95.00    16  |__CPU 0/TCG
07:15:26     1000         -   3385531    0.00    0.00    0.00    0.00    0.00    17  |__CPU 1/TCG
07:15:26     1000         -   3385532   94.00    5.00    0.00    0.00   99.00    20  |__CPU 2/TCG
07:15:26     1000         -   3385534    0.00    0.00    0.00    0.00    0.00    28  |__CPU 3/TCG
07:15:27     1000   3385509         -  188.00    8.00    0.00    0.00  196.00     3  qemu-system-aar
07:15:27     1000         -   3385509    0.00    1.00    0.00    0.00    1.00     3  |__qemu-system-aar
07:15:27     1000         -   3385516    0.00    0.00    0.00    0.00    0.00     0  |__call_rcu
07:15:27     1000         -   3385529   94.00    1.00    0.00    0.00   95.00    16  |__CPU 0/TCG
07:15:27     1000         -   3385531    1.00    0.00    0.00    0.00    1.00     7  |__CPU 1/TCG
07:15:27     1000         -   3385532   92.00    7.00    0.00    0.00   99.00    20  |__CPU 2/TCG
07:15:27     1000         -   3385534    0.00    0.00    0.00    0.00    0.00    28  |__CPU 3/TCG
07:15:28     1000   3385509         -  188.00    8.00    0.00    0.00  196.00     6  qemu-system-aar
07:15:28     1000         -   3385509    0.00    1.00    0.00    0.00    1.00     6  |__qemu-system-aar
07:15:28     1000         -   3385516    0.00    0.00    0.00    0.00    0.00     0  |__call_rcu
07:15:28     1000         -   3385529   92.00    2.00    0.00    0.00   94.00    16  |__CPU 0/TCG
07:15:28     1000         -   3385531    0.00    0.00    0.00    0.00    0.00    17  |__CPU 1/TCG
07:15:28     1000         -   3385532   93.00    6.00    0.00    0.00   99.00    20  |__CPU 2/TCG
07:15:28     1000         -   3385534    0.00    0.00    0.00    0.00    0.00    28  |__CPU 3/TCG
07:15:29     1000   3385509         -  191.00    5.00    0.00    0.00  196.00     2  qemu-system-aar
07:15:29     1000         -   3385509    0.00    2.00    0.00    0.00    2.00     2  |__qemu-system-aar
07:15:29     1000         -   3385516    0.00    0.00    0.00    0.00    0.00     0  |__call_rcu
07:15:29     1000         -   3385529   95.00    1.00    0.00    0.00   96.00    16  |__CPU 0/TCG
07:15:29     1000         -   3385531    1.00    0.00    0.00    0.00    1.00    19  |__CPU 1/TCG
07:15:29     1000         -   3385532   95.00    4.00    0.00    0.00   99.00    20  |__CPU 2/TCG
07:15:29     1000         -   3385534    0.00    0.00    0.00    0.00    0.00    28  |__CPU 3/TCG
07:15:30     1000   3385509         -  189.00    7.00    0.00    0.00  196.00     2  qemu-system-aar
07:15:30     1000         -   3385509    0.00    1.00    0.00    0.00    1.00     2  |__qemu-system-aar
07:15:30     1000         -   3385516    0.00    0.00    0.00    0.00    0.00     0  |__call_rcu
07:15:30     1000         -   3385529   94.00    1.00    0.00    0.00   95.00    16  |__CPU 0/TCG
07:15:30     1000         -   3385531    0.00    0.00    0.00    0.00    0.00    17  |__CPU 1/TCG
07:15:30     1000         -   3385532   94.00    6.00    0.00    0.00  100.00    20  |__CPU 2/TCG
07:15:30     1000         -   3385534    0.00    0.00    0.00    0.00    0.00    28  |__CPU 3/TCG
07:15:31     1000   3385509         -  187.00    8.00    0.00    0.00  195.00     5  qemu-system-aar
07:15:31     1000         -   3385509    1.00    0.00    0.00    0.00    1.00     5  |__qemu-system-aar
07:15:31     1000         -   3385516    0.00    0.00    0.00    0.00    0.00     0  |__call_rcu
07:15:31     1000         -   3385529   92.00    2.00    0.00    1.00   94.00    16  |__CPU 0/TCG
07:15:31     1000         -   3385531    1.00    0.00    0.00    0.00    1.00    18  |__CPU 1/TCG
07:15:31     1000         -   3385532   93.00    6.00    0.00    0.00   99.00    20  |__CPU 2/TCG
07:15:31     1000         -   3385534    0.00    0.00    0.00    0.00    0.00    28  |__CPU 3/TCG
07:15:32     1000   3385509         -  187.00    8.00    0.00    0.00  195.00     5  qemu-system-aar
07:15:32     1000         -   3385509    0.00    1.00    0.00    0.00    1.00     5  |__qemu-system-aar
07:15:32     1000         -   3385516    0.00    0.00    0.00    0.00    0.00     0  |__call_rcu
07:15:32     1000         -   3385529   92.00    2.00    0.00    0.00   94.00    16  |__CPU 0/TCG
07:15:32     1000         -   3385531    0.00    0.00    0.00    0.00    0.00    18  |__CPU 1/TCG
07:15:32     1000         -   3385532   93.00    6.00    0.00    0.00   99.00    20  |__CPU 2/TCG
07:15:32     1000         -   3385534    0.00    0.00    0.00    0.00    0.00    28  |__CPU 3/TCG
07:15:33     1000   3385509         -  188.00    7.00    0.00    0.00  195.00     7  qemu-system-aar
07:15:33     1000         -   3385509    0.00    2.00    0.00    0.00    2.00     7  |__qemu-system-aar
07:15:33     1000         -   3385516    0.00    0.00    0.00    0.00    0.00     0  |__call_rcu
07:15:33     1000         -   3385529   93.00    1.00    0.00    0.00   94.00    16  |__CPU 0/TCG
07:15:33     1000         -   3385531    0.00    0.00    0.00    0.00    0.00    17  |__CPU 1/TCG
07:15:33     1000         -   3385532   95.00    5.00    0.00    0.00  100.00    20  |__CPU 2/TCG
07:15:33     1000         -   3385534    0.00    0.00    0.00    0.00    0.00    28  |__CPU 3/TCG
07:15:34     1000   3385509         -  191.00    5.00    0.00    0.00  196.00    18  qemu-system-aar
07:15:34     1000         -   3385509    1.00    0.00    0.00    0.00    1.00    18  |__qemu-system-aar
07:15:34     1000         -   3385516    0.00    0.00    0.00    0.00    0.00     0  |__call_rcu
07:15:34     1000         -   3385529   94.00    2.00    0.00    0.00   96.00     4  |__CPU 0/TCG
07:15:34     1000         -   3385531    1.00    0.00    0.00    0.00    1.00    20  |__CPU 1/TCG
07:15:34     1000         -   3385532   94.00    4.00    0.00    0.00   98.00    16  |__CPU 2/TCG
07:15:34     1000         -   3385534    0.00    0.00    0.00    0.00    0.00    28  |__CPU 3/TCG
07:15:35     1000   3385509         -  188.00    9.00    0.00    0.00  197.00     5  qemu-system-aar
07:15:35     1000         -   3385509    0.00    1.00    0.00    0.00    1.00     5  |__qemu-system-aar
07:15:35     1000         -   3385516    0.00    0.00    0.00    0.00    0.00     0  |__call_rcu
07:15:35     1000         -   3385529   94.00    1.00    0.00    0.00   95.00     0  |__CPU 0/TCG
07:15:35     1000         -   3385531    0.00    0.00    0.00    0.00    0.00    18  |__CPU 1/TCG
07:15:35     1000         -   3385532   93.00    7.00    0.00    0.00  100.00    20  |__CPU 2/TCG
07:15:35     1000         -   3385534    0.00    0.00    0.00    0.00    0.00    28  |__CPU 3/TCG
07:15:36     1000   3385509         -  191.00    6.00    0.00    0.00  197.00    17  qemu-system-aar
07:15:36     1000         -   3385509    0.00    1.00    0.00    0.00    1.00    17  |__qemu-system-aar
07:15:36     1000         -   3385516    0.00    0.00    0.00    0.00    0.00     0  |__call_rcu
07:15:36     1000         -   3385529   95.00    1.00    0.00    0.00   96.00    16  |__CPU 0/TCG
07:15:36     1000         -   3385531    1.00    0.00    0.00    0.00    1.00    20  |__CPU 1/TCG
07:15:36     1000         -   3385532   94.00    5.00    0.00    0.00   99.00     4  |__CPU 2/TCG
07:15:36     1000         -   3385534    0.00    0.00    0.00    0.00    0.00    28  |__CPU 3/TCG
07:15:37     1000   3385509         -  190.00    6.00    0.00    0.00  196.00    18  qemu-system-aar
07:15:37     1000         -   3385509    1.00    1.00    0.00    0.00    2.00    18  |__qemu-system-aar
07:15:37     1000         -   3385516    0.00    0.00    0.00    0.00    0.00     0  |__call_rcu
07:15:37     1000         -   3385529   93.00    2.00    0.00    0.00   95.00    16  |__CPU 0/TCG
07:15:37     1000         -   3385531    1.00    0.00    0.00    0.00    1.00    20  |__CPU 1/TCG
07:15:37     1000         -   3385532   95.00    4.00    0.00    0.00   99.00     4  |__CPU 2/TCG
07:15:37     1000         -   3385534    0.00    0.00    0.00    0.00    0.00    28  |__CPU 3/TCG
07:15:38     1000   3385509         -  192.00    5.00    0.00    0.00  197.00     5  qemu-system-aar
07:15:38     1000         -   3385509    0.00    1.00    0.00    0.00    1.00     5  |__qemu-system-aar
07:15:38     1000         -   3385516    0.00    0.00    0.00    0.00    0.00     0  |__call_rcu
07:15:38     1000         -   3385529   94.00    1.00    0.00    0.00   95.00    16  |__CPU 0/TCG
07:15:38     1000         -   3385531    0.00    0.00    0.00    0.00    0.00    20  |__CPU 1/TCG
07:15:38     1000         -   3385532   95.00    4.00    0.00    0.00   99.00     4  |__CPU 2/TCG
07:15:38     1000         -   3385534    0.00    0.00    0.00    0.00    0.00    28  |__CPU 3/TCG
07:15:39     1000   3385509         -  190.00    6.00    0.00    0.00  196.00     5  qemu-system-aar
07:15:39     1000         -   3385509    1.00    1.00    0.00    0.00    2.00     5  |__qemu-system-aar
07:15:39     1000         -   3385516    0.00    0.00    0.00    0.00    0.00     0  |__call_rcu
07:15:39     1000         -   3385529   95.00    2.00    0.00    0.00   97.00    16  |__CPU 0/TCG
07:15:39     1000         -   3385531    1.00    0.00    0.00    0.00    1.00    19  |__CPU 1/TCG
07:15:39     1000         -   3385532   95.00    5.00    0.00    0.00  100.00    20  |__CPU 2/TCG
07:15:39     1000         -   3385534    0.00    0.00    0.00    0.00    0.00    28  |__CPU 3/TCG
07:15:40     1000   3385509         -  186.00    9.00    0.00    0.00  195.00     2  qemu-system-aar
07:15:40     1000         -   3385509    1.00    0.00    0.00    0.00    1.00     2  |__qemu-system-aar
07:15:40     1000         -   3385516    0.00    0.00    0.00    0.00    0.00     0  |__call_rcu
07:15:40     1000         -   3385529   92.00    2.00    0.00    0.00   94.00    16  |__CPU 0/TCG
07:15:40     1000         -   3385531    0.00    0.00    0.00    0.00    0.00     6  |__CPU 1/TCG
07:15:40     1000         -   3385532   92.00    7.00    0.00    0.00   99.00    20  |__CPU 2/TCG
07:15:40     1000         -   3385534    0.00    0.00    0.00    0.00    0.00    28  |__CPU 3/TCG
07:15:41     1000   3385509         -  188.00    8.00    0.00    0.00  196.00     0  qemu-system-aar
07:15:41     1000         -   3385509    1.00    0.00    0.00    0.00    1.00     0  |__qemu-system-aar
07:15:41     1000         -   3385516    0.00    0.00    0.00    0.00    0.00     0  |__call_rcu
07:15:41     1000         -   3385529   93.00    1.00    0.00    0.00   94.00    16  |__CPU 0/TCG
07:15:41     1000         -   3385531    1.00    0.00    0.00    0.00    1.00    19  |__CPU 1/TCG
07:15:41     1000         -   3385532   92.00    6.00    0.00    0.00   98.00    20  |__CPU 2/TCG
07:15:41     1000         -   3385534    0.00    0.00    0.00    0.00    0.00    28  |__CPU 3/TCG
07:15:42     1000   3385509         -  191.00    5.00    0.00    0.00  196.00     0  qemu-system-aar
07:15:42     1000         -   3385509    0.00    2.00    0.00    0.00    2.00     0  |__qemu-system-aar
07:15:42     1000         -   3385516    0.00    0.00    0.00    0.00    0.00     0  |__call_rcu
07:15:42     1000         -   3385529   94.00    1.00    0.00    0.00   95.00    16  |__CPU 0/TCG
07:15:42     1000         -   3385531    1.00    0.00    0.00    0.00    1.00    19  |__CPU 1/TCG
07:15:42     1000         -   3385532   95.00    4.00    0.00    0.00   99.00    20  |__CPU 2/TCG
07:15:42     1000         -   3385534    0.00    0.00    0.00    0.00    0.00    28  |__CPU 3/TCG
07:15:43     1000   3385509         -  191.00    5.00    0.00    0.00  196.00     3  qemu-system-aar
07:15:43     1000         -   3385509    1.00    1.00    0.00    0.00    2.00     3  |__qemu-system-aar
07:15:43     1000         -   3385516    0.00    0.00    0.00    0.00    0.00     0  |__call_rcu
07:15:43     1000         -   3385529   93.00    0.00    0.00    0.00   93.00    16  |__CPU 0/TCG
07:15:43     1000         -   3385531    0.00    0.00    0.00    0.00    0.00    19  |__CPU 1/TCG
07:15:43     1000         -   3385532   95.00    4.00    0.00    0.00   99.00     4  |__CPU 2/TCG
07:15:43     1000         -   3385534    0.00    0.00    0.00    0.00    0.00    28  |__CPU 3/TCG
07:15:44     1000   3385509         -  186.00    8.00    0.00    0.00  194.00     1  qemu-system-aar
07:15:44     1000         -   3385509    1.00    1.00    0.00    0.00    2.00     1  |__qemu-system-aar
07:15:44     1000         -   3385516    0.00    0.00    0.00    0.00    0.00     0  |__call_rcu
07:15:44     1000         -   3385529   92.00    3.00    0.00    0.00   95.00     0  |__CPU 0/TCG
07:15:44     1000         -   3385531    1.00    0.00    0.00    0.00    1.00    19  |__CPU 1/TCG
07:15:44     1000         -   3385532   93.00    6.00    0.00    0.00   99.00     4  |__CPU 2/TCG
07:15:44     1000         -   3385534    0.00    0.00    0.00    0.00    0.00    28  |__CPU 3/TCG
07:15:45     1000   3385509         -  190.00    7.00    0.00    0.00  197.00     1  qemu-system-aar
07:15:45     1000         -   3385509    0.00    0.00    0.00    0.00    0.00     1  |__qemu-system-aar
07:15:45     1000         -   3385516    0.00    0.00    0.00    0.00    0.00     0  |__call_rcu
07:15:45     1000         -   3385529   94.00    2.00    0.00    0.00   96.00     2  |__CPU 0/TCG
07:15:45     1000         -   3385531    0.00    0.00    0.00    0.00    0.00    19  |__CPU 1/TCG
07:15:45     1000         -   3385532   94.00    6.00    0.00    0.00  100.00     4  |__CPU 2/TCG
07:15:45     1000         -   3385534    0.00    0.00    0.00    0.00    0.00    28  |__CPU 3/TCG
07:15:46     1000   3385509         -  189.00    7.00    0.00    0.00  196.00    19  qemu-system-aar
07:15:46     1000         -   3385509    0.00    1.00    0.00    0.00    1.00    19  |__qemu-system-aar
07:15:46     1000         -   3385516    0.00    0.00    0.00    0.00    0.00     0  |__call_rcu
07:15:46     1000         -   3385529   93.00    1.00    0.00    0.00   94.00     0  |__CPU 0/TCG
07:15:46     1000         -   3385531    1.00    0.00    0.00    0.00    1.00     6  |__CPU 1/TCG
07:15:46     1000         -   3385532   94.00    4.00    0.00    0.00   98.00     4  |__CPU 2/TCG
07:15:46     1000         -   3385534    0.00    0.00    0.00    0.00    0.00    28  |__CPU 3/TCG
07:15:47     1000   3385509         -  190.00    5.00    0.00    0.00  195.00    21  qemu-system-aar
07:15:47     1000         -   3385509    1.00    1.00    0.00    0.00    2.00    21  |__qemu-system-aar
07:15:47     1000         -   3385516    0.00    0.00    0.00    0.00    0.00     0  |__call_rcu
07:15:47     1000         -   3385529   93.00    1.00    0.00    0.00   94.00     0  |__CPU 0/TCG
07:15:47     1000         -   3385531    0.00    0.00    0.00    0.00    0.00    19  |__CPU 1/TCG
07:15:47     1000         -   3385532   95.00    5.00    0.00    0.00  100.00     4  |__CPU 2/TCG
07:15:47     1000         -   3385534    0.00    0.00    0.00    0.00    0.00    28  |__CPU 3/TCG
07:15:48     1000   3385509         -  190.00    6.00    0.00    0.00  196.00     7  qemu-system-aar
07:15:48     1000         -   3385509    0.00    1.00    0.00    0.00    1.00     7  |__qemu-system-aar
07:15:48     1000         -   3385516    0.00    0.00    0.00    0.00    0.00     0  |__call_rcu
07:15:48     1000         -   3385529   93.00    2.00    0.00    0.00   95.00     0  |__CPU 0/TCG
07:15:48     1000         -   3385531    1.00    0.00    0.00    0.00    1.00    19  |__CPU 1/TCG
07:15:48     1000         -   3385532   95.00    4.00    0.00    0.00   99.00     4  |__CPU 2/TCG
07:15:48     1000         -   3385534    0.00    0.00    0.00    0.00    0.00    28  |__CPU 3/TCG
07:15:49     1000   3385509         -  190.00    6.00    0.00    0.00  196.00     1  qemu-system-aar
07:15:49     1000         -   3385509    0.00    1.00    0.00    0.00    1.00     1  |__qemu-system-aar
07:15:49     1000         -   3385516    0.00    0.00    0.00    0.00    0.00     0  |__call_rcu
07:15:49     1000         -   3385529   95.00    1.00    0.00    0.00   96.00    16  |__CPU 0/TCG
07:15:49     1000         -   3385531    1.00    0.00    0.00    0.00    1.00    19  |__CPU 1/TCG
07:15:49     1000         -   3385532   94.00    5.00    0.00    0.00   99.00    20  |__CPU 2/TCG
07:15:49     1000         -   3385534    0.00    0.00    0.00    0.00    0.00    28  |__CPU 3/TCG
07:15:50     1000   3385509         -  188.00    8.00    0.00    0.00  196.00     3  qemu-system-aar
07:15:50     1000         -   3385509    1.00    1.00    0.00    0.00    2.00     3  |__qemu-system-aar
07:15:50     1000         -   3385516    0.00    0.00    0.00    0.00    0.00     0  |__call_rcu
07:15:50     1000         -   3385529   93.00    2.00    0.00    0.00   95.00    16  |__CPU 0/TCG
07:15:50     1000         -   3385531    0.00    0.00    0.00    0.00    0.00    19  |__CPU 1/TCG
07:15:50     1000         -   3385532   93.00    6.00    0.00    0.00   99.00    20  |__CPU 2/TCG
07:15:50     1000         -   3385534    0.00    0.00    0.00    0.00    0.00    28  |__CPU 3/TCG
07:15:51     1000   3385509         -  188.00    7.00    0.00    0.00  195.00    17  qemu-system-aar
07:15:51     1000         -   3385509    0.00    1.00    0.00    0.00    1.00    17  |__qemu-system-aar
07:15:51     1000         -   3385516    0.00    0.00    0.00    0.00    0.00     0  |__call_rcu
07:15:51     1000         -   3385529   92.00    1.00    0.00    0.00   93.00    16  |__CPU 0/TCG
07:15:51     1000         -   3385531    1.00    0.00    0.00    0.00    1.00    19  |__CPU 1/TCG
07:15:51     1000         -   3385532   94.00    5.00    0.00    0.00   99.00    20  |__CPU 2/TCG
07:15:51     1000         -   3385534    0.00    0.00    0.00    0.00    0.00    28  |__CPU 3/TCG
07:15:52     1000   3385509         -  187.00    7.00    0.00    0.00  194.00    17  qemu-system-aar
07:15:52     1000         -   3385509    0.00    1.00    0.00    0.00    1.00    17  |__qemu-system-aar
07:15:52     1000         -   3385516    0.00    0.00    0.00    0.00    0.00     0  |__call_rcu
07:15:52     1000         -   3385529   92.00    2.00    0.00    0.00   94.00    16  |__CPU 0/TCG
07:15:52     1000         -   3385531    1.00    0.00    0.00    0.00    1.00    19  |__CPU 1/TCG
07:15:52     1000         -   3385532   93.00    6.00    0.00    0.00   99.00    20  |__CPU 2/TCG
07:15:52     1000         -   3385534    0.00    0.00    0.00    0.00    0.00    28  |__CPU 3/TCG
07:15:53     1000   3385509         -  188.00    8.00    0.00    0.00  196.00     2  qemu-system-aar
07:15:53     1000         -   3385509    2.00    0.00    0.00    0.00    2.00     2  |__qemu-system-aar
07:15:53     1000         -   3385516    0.00    0.00    0.00    0.00    0.00     0  |__call_rcu
07:15:53     1000         -   3385529   93.00    1.00    0.00    0.00   94.00    16  |__CPU 0/TCG
07:15:53     1000         -   3385531    0.00    0.00    0.00    0.00    0.00    19  |__CPU 1/TCG
07:15:53     1000         -   3385532   93.00    6.00    0.00    0.00   99.00    20  |__CPU 2/TCG
07:15:53     1000         -   3385534    0.00    0.00    0.00    0.00    0.00    28  |__CPU 3/TCG
07:15:54     1000   3385509         -  194.00    2.00    0.00    0.00  196.00    20  qemu-system-aar
07:15:54     1000         -   3385509    0.00    1.00    0.00    0.00    1.00    20  |__qemu-system-aar
07:15:54     1000         -   3385516    0.00    0.00    0.00    0.00    0.00     0  |__call_rcu
07:15:54     1000         -   3385529   94.00    1.00    0.00    0.00   95.00    16  |__CPU 0/TCG
07:15:54     1000         -   3385531    1.00    0.00    0.00    0.00    1.00    19  |__CPU 1/TCG
07:15:54     1000         -   3385532   98.00    2.00    0.00    0.00  100.00     4  |__CPU 2/TCG
07:15:54     1000         -   3385534    0.00    0.00    0.00    0.00    0.00    28  |__CPU 3/TCG
07:15:55     1000   3385509         -  190.00    5.00    0.00    0.00  195.00    19  qemu-system-aar
07:15:55     1000         -   3385509    1.00    1.00    0.00    0.00    2.00    19  |__qemu-system-aar
07:15:55     1000         -   3385516    0.00    0.00    0.00    0.00    0.00     0  |__call_rcu
07:15:55     1000         -   3385529   93.00    1.00    0.00    0.00   94.00    16  |__CPU 0/TCG
07:15:55     1000         -   3385531    0.00    0.00    0.00    0.00    0.00    21  |__CPU 1/TCG
07:15:55     1000         -   3385532   95.00    3.00    0.00    0.00   98.00    20  |__CPU 2/TCG
07:15:55     1000         -   3385534    0.00    0.00    0.00    0.00    0.00    28  |__CPU 3/TCG
07:15:56     1000   3385509         -  187.00    7.00    0.00    0.00  194.00     5  qemu-system-aar
07:15:56     1000         -   3385509    1.00    0.00    0.00    0.00    1.00     5  |__qemu-system-aar
07:15:56     1000         -   3385516    0.00    0.00    0.00    0.00    0.00     0  |__call_rcu
07:15:56     1000         -   3385529   91.00    2.00    0.00    0.00   93.00    16  |__CPU 0/TCG
07:15:56     1000         -   3385531    1.00    0.00    0.00    0.00    1.00    21  |__CPU 1/TCG
07:15:56     1000         -   3385532   94.00    5.00    0.00    0.00   99.00    20  |__CPU 2/TCG
07:15:56     1000         -   3385534    0.00    0.00    0.00    0.00    0.00    28  |__CPU 3/TCG
07:15:57     1000   3385509         -  188.00    6.00    0.00    0.00  194.00    18  qemu-system-aar
07:15:57     1000         -   3385509    0.00    1.00    0.00    0.00    1.00    18  |__qemu-system-aar
07:15:57     1000         -   3385516    0.00    0.00    0.00    0.00    0.00     0  |__call_rcu
07:15:57     1000         -   3385529   92.00    2.00    0.00    0.00   94.00    16  |__CPU 0/TCG
07:15:57     1000         -   3385531    0.00    0.00    0.00    0.00    0.00    19  |__CPU 1/TCG
07:15:57     1000         -   3385532   95.00    5.00    0.00    0.00  100.00    20  |__CPU 2/TCG
07:15:57     1000         -   3385534    0.00    0.00    0.00    0.00    0.00    28  |__CPU 3/TCG
07:15:58     1000   3385509         -  187.00    7.00    0.00    0.00  194.00    19  qemu-system-aar
07:15:58     1000         -   3385509    1.00    0.00    0.00    0.00    1.00    19  |__qemu-system-aar
07:15:58     1000         -   3385516    0.00    0.00    0.00    0.00    0.00     0  |__call_rcu
07:15:58     1000         -   3385529   91.00    1.00    0.00    0.00   92.00    16  |__CPU 0/TCG
07:15:58     1000         -   3385531    1.00    0.00    0.00    0.00    1.00    21  |__CPU 1/TCG
07:15:58     1000         -   3385532   94.00    5.00    0.00    0.00   99.00    20  |__CPU 2/TCG
07:15:58     1000         -   3385534    0.00    0.00    0.00    0.00    0.00    28  |__CPU 3/TCG
07:15:59     1000   3385509         -  185.00    8.00    0.00    0.00  193.00    18  qemu-system-aar
07:15:59     1000         -   3385509    1.00    1.00    0.00    0.00    2.00    18  |__qemu-system-aar
07:15:59     1000         -   3385516    0.00    0.00    0.00    0.00    0.00     0  |__call_rcu
07:15:59     1000         -   3385529   91.00    2.00    0.00    0.00   93.00    16  |__CPU 0/TCG
07:15:59     1000         -   3385531    0.00    0.00    0.00    0.00    0.00    21  |__CPU 1/TCG
07:15:59     1000         -   3385532   92.00    7.00    0.00    0.00   99.00    20  |__CPU 2/TCG
07:15:59     1000         -   3385534    0.00    0.00    0.00    0.00    0.00    28  |__CPU 3/TCG
07:16:00     1000   3385509         -  186.00    8.00    0.00    0.00  194.00     1  qemu-system-aar
07:16:00     1000         -   3385509    1.00    0.00    0.00    0.00    1.00     1  |__qemu-system-aar
07:16:00     1000         -   3385516    0.00    0.00    0.00    0.00    0.00     0  |__call_rcu
07:16:00     1000         -   3385529   91.00    2.00    0.00    0.00   93.00     0  |__CPU 0/TCG
07:16:00     1000         -   3385531    1.00    0.00    0.00    0.00    1.00    19  |__CPU 1/TCG
07:16:00     1000         -   3385532   93.00    6.00    0.00    0.00   99.00    20  |__CPU 2/TCG
07:16:00     1000         -   3385534    0.00    0.00    0.00    0.00    0.00    28  |__CPU 3/TCG
07:16:01     1000   3385509         -  188.00    8.00    0.00    0.00  196.00    21  qemu-system-aar
07:16:01     1000         -   3385509    1.00    0.00    0.00    0.00    1.00    21  |__qemu-system-aar
07:16:01     1000         -   3385516    0.00    0.00    0.00    0.00    0.00     0  |__call_rcu
07:16:01     1000         -   3385529   93.00    1.00    0.00    0.00   94.00     0  |__CPU 0/TCG
07:16:01     1000         -   3385531    0.00    0.00    0.00    0.00    0.00    22  |__CPU 1/TCG
07:16:01     1000         -   3385532   93.00    6.00    0.00    0.00   99.00    20  |__CPU 2/TCG
07:16:01     1000         -   3385534    0.00    0.00    0.00    0.00    0.00    28  |__CPU 3/TCG
07:16:02     1000   3385509         -  188.00    8.00    0.00    0.00  196.00    22  qemu-system-aar
07:16:02     1000         -   3385509    0.00    1.00    0.00    0.00    1.00    22  |__qemu-system-aar
07:16:02     1000         -   3385516    0.00    0.00    0.00    0.00    0.00     0  |__call_rcu
07:16:02     1000         -   3385529   93.00    2.00    0.00    0.00   95.00    16  |__CPU 0/TCG
07:16:02     1000         -   3385531    1.00    0.00    0.00    0.00    1.00    23  |__CPU 1/TCG
07:16:02     1000         -   3385532   93.00    6.00    0.00    0.00   99.00    20  |__CPU 2/TCG
07:16:02     1000         -   3385534    0.00    0.00    0.00    0.00    0.00    28  |__CPU 3/TCG
07:16:03     1000   3385509         -  186.00    6.00    0.00    0.00  192.00     7  qemu-system-aar
07:16:03     1000         -   3385509    0.00    1.00    0.00    0.00    1.00     7  |__qemu-system-aar
07:16:03     1000         -   3385516    0.00    0.00    0.00    0.00    0.00     0  |__call_rcu
07:16:03     1000         -   3385529   91.00    1.00    0.00    0.00   92.00    16  |__CPU 0/TCG
07:16:03     1000         -   3385531    1.00    0.00    0.00    0.00    1.00    23  |__CPU 1/TCG
07:16:03     1000         -   3385532   94.00    6.00    0.00    0.00  100.00    20  |__CPU 2/TCG
07:16:03     1000         -   3385534    0.00    0.00    0.00    0.00    0.00    28  |__CPU 3/TCG
07:16:04     1000   3385509         -  188.00    7.00    0.00    0.00  195.00    21  qemu-system-aar
07:16:04     1000         -   3385509    0.00    2.00    0.00    0.00    2.00    21  |__qemu-system-aar
07:16:04     1000         -   3385516    0.00    0.00    0.00    0.00    0.00     0  |__call_rcu
07:16:04     1000         -   3385529   93.00    1.00    0.00    0.00   94.00    16  |__CPU 0/TCG
07:16:04     1000         -   3385531    0.00    0.00    0.00    0.00    0.00    23  |__CPU 1/TCG
07:16:04     1000         -   3385532   93.00    5.00    0.00    0.00   98.00    20  |__CPU 2/TCG
07:16:04     1000         -   3385534    0.00    0.00    0.00    0.00    0.00    28  |__CPU 3/TCG
07:16:05     1000   3385509         -  187.00    5.00    0.00    0.00  192.00     5  qemu-system-aar
07:16:05     1000         -   3385509    1.00    0.00    0.00    0.00    1.00     5  |__qemu-system-aar
07:16:05     1000         -   3385516    0.00    0.00    0.00    0.00    0.00     0  |__call_rcu
07:16:05     1000         -   3385529   89.00    1.00    0.00    0.00   90.00    16  |__CPU 0/TCG
07:16:05     1000         -   3385531    1.00    0.00    0.00    0.00    1.00    22  |__CPU 1/TCG
07:16:05     1000         -   3385532   96.00    4.00    0.00    0.00  100.00     4  |__CPU 2/TCG
07:16:05     1000         -   3385534    0.00    0.00    0.00    0.00    0.00    28  |__CPU 3/TCG
07:16:06     1000   3385509         -  186.00    7.00    0.00    0.00  193.00     5  qemu-system-aar
07:16:06     1000         -   3385509    0.00    1.00    0.00    0.00    1.00     5  |__qemu-system-aar
07:16:06     1000         -   3385516    0.00    0.00    0.00    0.00    0.00     0  |__call_rcu
07:16:06     1000         -   3385529   90.00    2.00    0.00    0.00   92.00     0  |__CPU 0/TCG
07:16:06     1000         -   3385531    0.00    0.00    0.00    0.00    0.00    22  |__CPU 1/TCG
07:16:06     1000         -   3385532   94.00    5.00    0.00    0.00   99.00     4  |__CPU 2/TCG
07:16:06     1000         -   3385534    0.00    0.00    0.00    0.00    0.00    28  |__CPU 3/TCG
07:16:07     1000   3385509         -  185.00    8.00    0.00    0.00  193.00     2  qemu-system-aar
07:16:07     1000         -   3385509    0.00    1.00    0.00    0.00    1.00     2  |__qemu-system-aar
07:16:07     1000         -   3385516    0.00    0.00    0.00    0.00    0.00     0  |__call_rcu
07:16:07     1000         -   3385529   91.00    2.00    0.00    0.00   93.00     0  |__CPU 0/TCG
07:16:07     1000         -   3385531    1.00    0.00    0.00    0.00    1.00    22  |__CPU 1/TCG
07:16:07     1000         -   3385532   93.00    6.00    0.00    0.00   99.00    20  |__CPU 2/TCG
07:16:07     1000         -   3385534    0.00    0.00    0.00    0.00    0.00    28  |__CPU 3/TCG
07:16:08     1000   3385509         -  186.00    8.00    0.00    0.00  194.00     1  qemu-system-aar
07:16:08     1000         -   3385509    2.00    0.00    0.00    0.00    2.00     1  |__qemu-system-aar
07:16:08     1000         -   3385516    0.00    0.00    0.00    0.00    0.00     0  |__call_rcu
07:16:08     1000         -   3385529   91.00    2.00    0.00    0.00   93.00     0  |__CPU 0/TCG
07:16:08     1000         -   3385531    1.00    0.00    0.00    0.00    1.00    22  |__CPU 1/TCG
07:16:08     1000         -   3385532   93.00    6.00    0.00    0.00   99.00    20  |__CPU 2/TCG
07:16:08     1000         -   3385534    0.00    0.00    0.00    0.00    0.00    28  |__CPU 3/TCG
07:16:09     1000   3385509         -  186.00    7.00    0.00    0.00  193.00     2  qemu-system-aar
07:16:09     1000         -   3385509    0.00    1.00    0.00    0.00    1.00     2  |__qemu-system-aar
07:16:09     1000         -   3385516    0.00    0.00    0.00    0.00    0.00     0  |__call_rcu
07:16:09     1000         -   3385529   91.00    2.00    0.00    0.00   93.00    16  |__CPU 0/TCG
07:16:09     1000         -   3385531    0.00    0.00    0.00    0.00    0.00    23  |__CPU 1/TCG
07:16:09     1000         -   3385532   94.00    5.00    0.00    0.00   99.00    20  |__CPU 2/TCG
07:16:09     1000         -   3385534    0.00    0.00    0.00    0.00    0.00    28  |__CPU 3/TCG
07:16:10     1000   3385509         -  189.00    5.00    0.00    0.00  194.00     2  qemu-system-aar
07:16:10     1000         -   3385509    0.00    1.00    0.00    0.00    1.00     2  |__qemu-system-aar
07:16:10     1000         -   3385516    0.00    0.00    0.00    0.00    0.00     0  |__call_rcu
07:16:10     1000         -   3385529   92.00    1.00    0.00    0.00   93.00     0  |__CPU 0/TCG
07:16:10     1000         -   3385531    0.00    0.00    0.00    0.00    0.00    23  |__CPU 1/TCG
07:16:10     1000         -   3385532   94.00    4.00    0.00    0.00   98.00    20  |__CPU 2/TCG
07:16:10     1000         -   3385534    0.00    0.00    0.00    0.00    0.00    28  |__CPU 3/TCG
07:16:11     1000   3385509         -  188.00    7.00    0.00    0.00  195.00     2  qemu-system-aar
07:16:11     1000         -   3385509    1.00    1.00    0.00    0.00    2.00     2  |__qemu-system-aar
07:16:11     1000         -   3385516    0.00    0.00    0.00    0.00    0.00     0  |__call_rcu
07:16:11     1000         -   3385529   92.00    1.00    0.00    0.00   93.00     0  |__CPU 0/TCG
07:16:11     1000         -   3385531    1.00    1.00    0.00    0.00    2.00    22  |__CPU 1/TCG
07:16:11     1000         -   3385532   95.00    5.00    0.00    0.00  100.00    20  |__CPU 2/TCG
07:16:11     1000         -   3385534    0.00    0.00    0.00    0.00    0.00    28  |__CPU 3/TCG
07:16:12     1000   3385509         -  188.00    7.00    0.00    0.00  195.00     2  qemu-system-aar
07:16:12     1000         -   3385509    0.00    1.00    0.00    0.00    1.00     2  |__qemu-system-aar
07:16:12     1000         -   3385516    0.00    0.00    0.00    0.00    0.00     0  |__call_rcu
07:16:12     1000         -   3385529   93.00    1.00    0.00    0.00   94.00     1  |__CPU 0/TCG
07:16:12     1000         -   3385531    0.00    0.00    0.00    0.00    0.00    22  |__CPU 1/TCG
07:16:12     1000         -   3385532   93.00    6.00    0.00    0.00   99.00    20  |__CPU 2/TCG
07:16:12     1000         -   3385534    0.00    0.00    0.00    0.00    0.00    28  |__CPU 3/TCG
07:16:13     1000   3385509         -  187.00    7.00    0.00    0.00  194.00     3  qemu-system-aar
07:16:13     1000         -   3385509    0.00    1.00    0.00    0.00    1.00     3  |__qemu-system-aar
07:16:13     1000         -   3385516    0.00    0.00    0.00    0.00    0.00     0  |__call_rcu
07:16:13     1000         -   3385529   91.00    3.00    0.00    0.00   94.00     0  |__CPU 0/TCG
07:16:13     1000         -   3385531    1.00    0.00    0.00    0.00    1.00    22  |__CPU 1/TCG
07:16:13     1000         -   3385532   94.00    5.00    0.00    0.00   99.00    20  |__CPU 2/TCG
07:16:13     1000         -   3385534    0.00    0.00    0.00    0.00    0.00    28  |__CPU 3/TCG
07:16:14     1000   3385509         -  185.00   10.00    0.00    0.00  195.00     3  qemu-system-aar
07:16:14     1000         -   3385509    0.00    1.00    0.00    0.00    1.00     3  |__qemu-system-aar
07:16:14     1000         -   3385516    0.00    0.00    0.00    0.00    0.00     0  |__call_rcu
07:16:14     1000         -   3385529   92.00    2.00    0.00    0.00   94.00     0  |__CPU 0/TCG
07:16:14     1000         -   3385531    0.00    0.00    0.00    0.00    0.00     2  |__CPU 1/TCG
07:16:14     1000         -   3385532   92.00    8.00    0.00    0.00  100.00    20  |__CPU 2/TCG
07:16:14     1000         -   3385534    0.00    0.00    0.00    0.00    0.00    28  |__CPU 3/TCG
07:16:15     1000   3385509         -  185.00    8.00    0.00    0.00  193.00     5  qemu-system-aar
07:16:15     1000         -   3385509    0.00    1.00    0.00    0.00    1.00     5  |__qemu-system-aar
07:16:15     1000         -   3385516    0.00    0.00    0.00    0.00    0.00     0  |__call_rcu
07:16:15     1000         -   3385529   91.00    1.00    0.00    0.00   92.00    16  |__CPU 0/TCG
07:16:15     1000         -   3385531    0.00    0.00    0.00    0.00    0.00     2  |__CPU 1/TCG
07:16:15     1000         -   3385532   92.00    6.00    0.00    0.00   98.00    20  |__CPU 2/TCG
07:16:15     1000         -   3385534    0.00    0.00    0.00    0.00    0.00    28  |__CPU 3/TCG
07:16:16     1000   3385509         -  184.00    9.00    0.00    0.00  193.00     5  qemu-system-aar
07:16:16     1000         -   3385509    0.00    1.00    0.00    0.00    1.00     5  |__qemu-system-aar
07:16:16     1000         -   3385516    0.00    0.00    0.00    0.00    0.00     0  |__call_rcu
07:16:16     1000         -   3385529   90.00    2.00    0.00    0.00   92.00    16  |__CPU 0/TCG
07:16:16     1000         -   3385531    1.00    0.00    0.00    0.00    1.00     2  |__CPU 1/TCG
07:16:16     1000         -   3385532   93.00    7.00    0.00    0.00  100.00    20  |__CPU 2/TCG
07:16:16     1000         -   3385534    0.00    0.00    0.00    0.00    0.00    28  |__CPU 3/TCG
07:16:17     1000   3385509         -  186.00    8.00    0.00    0.00  194.00     2  qemu-system-aar
07:16:17     1000         -   3385509    2.00    0.00    0.00    0.00    2.00     2  |__qemu-system-aar
07:16:17     1000         -   3385516    0.00    0.00    0.00    0.00    0.00     0  |__call_rcu
07:16:17     1000         -   3385529   91.00    2.00    0.00    0.00   93.00    16  |__CPU 0/TCG
07:16:17     1000         -   3385531    0.00    0.00    0.00    0.00    0.00    22  |__CPU 1/TCG
07:16:17     1000         -   3385532   93.00    6.00    0.00    0.00   99.00    20  |__CPU 2/TCG
07:16:17     1000         -   3385534    0.00    0.00    0.00    0.00    0.00    28  |__CPU 3/TCG
07:16:18     1000   3385509         -  185.00    6.00    0.00    0.00  191.00     5  qemu-system-aar
07:16:18     1000         -   3385509    1.00    0.00    0.00    0.00    1.00     5  |__qemu-system-aar
07:16:18     1000         -   3385516    0.00    0.00    0.00    0.00    0.00     0  |__call_rcu
07:16:18     1000         -   3385529   90.00    1.00    0.00    0.00   91.00    16  |__CPU 0/TCG
07:16:18     1000         -   3385531    1.00    0.00    0.00    0.00    1.00     6  |__CPU 1/TCG
07:16:18     1000         -   3385532   93.00    6.00    0.00    0.00   99.00    20  |__CPU 2/TCG
07:16:18     1000         -   3385534    0.00    0.00    0.00    0.00    0.00    28  |__CPU 3/TCG
07:16:19     1000   3385509         -  189.00    6.00    0.00    0.00  195.00     5  qemu-system-aar
07:16:19     1000         -   3385509    0.00    1.00    0.00    0.00    1.00     5  |__qemu-system-aar
07:16:19     1000         -   3385516    0.00    0.00    0.00    0.00    0.00     0  |__call_rcu
07:16:19     1000         -   3385529   92.00    1.00    0.00    0.00   93.00    16  |__CPU 0/TCG
07:16:19     1000         -   3385531    0.00    0.00    0.00    0.00    0.00     6  |__CPU 1/TCG
07:16:19     1000         -   3385532   95.00    4.00    0.00    0.00   99.00    20  |__CPU 2/TCG
07:16:19     1000         -   3385534    0.00    0.00    0.00    0.00    0.00    28  |__CPU 3/TCG
07:16:20     1000   3385509         -  185.00    7.00    0.00    0.00  192.00     5  qemu-system-aar
07:16:20     1000         -   3385509    2.00    0.00    0.00    0.00    2.00     5  |__qemu-system-aar
07:16:20     1000         -   3385516    0.00    0.00    0.00    0.00    0.00     0  |__call_rcu
07:16:20     1000         -   3385529   89.00    2.00    0.00    0.00   91.00    16  |__CPU 0/TCG
07:16:20     1000         -   3385531    1.00    0.00    0.00    0.00    1.00     7  |__CPU 1/TCG
07:16:20     1000         -   3385532   95.00    5.00    0.00    0.00  100.00    20  |__CPU 2/TCG
07:16:20     1000         -   3385534    0.00    0.00    0.00    0.00    0.00    28  |__CPU 3/TCG
07:16:21     1000   3385509         -  187.00    7.00    0.00    0.00  194.00     2  qemu-system-aar
07:16:21     1000         -   3385509    0.00    1.00    0.00    0.00    1.00     2  |__qemu-system-aar
07:16:21     1000         -   3385516    0.00    0.00    0.00    0.00    0.00     0  |__call_rcu
07:16:21     1000         -   3385529   91.00    2.00    0.00    0.00   93.00    16  |__CPU 0/TCG
07:16:21     1000         -   3385531    1.00    0.00    0.00    0.00    1.00     7  |__CPU 1/TCG
07:16:21     1000         -   3385532   93.00    5.00    0.00    0.00   98.00    20  |__CPU 2/TCG
07:16:21     1000         -   3385534    0.00    0.00    0.00    0.00    0.00    28  |__CPU 3/TCG
07:16:22     1000   3385509         -  185.00    9.00    0.00    0.00  194.00     2  qemu-system-aar
07:16:22     1000         -   3385509    1.00    0.00    0.00    0.00    1.00     2  |__qemu-system-aar
07:16:22     1000         -   3385516    0.00    0.00    0.00    0.00    0.00     0  |__call_rcu
07:16:22     1000         -   3385529   92.00    1.00    0.00    0.00   93.00    16  |__CPU 0/TCG
07:16:22     1000         -   3385531    0.00    0.00    0.00    0.00    0.00     6  |__CPU 1/TCG
07:16:22     1000         -   3385532   92.00    8.00    0.00    0.00  100.00    20  |__CPU 2/TCG
07:16:22     1000         -   3385534    0.00    0.00    0.00    0.00    0.00    28  |__CPU 3/TCG
07:16:23     1000   3385509         -  185.00    8.00    0.00    0.00  193.00     7  qemu-system-aar
07:16:23     1000         -   3385509    1.00    0.00    0.00    0.00    1.00     7  |__qemu-system-aar
07:16:23     1000         -   3385516    0.00    0.00    0.00    0.00    0.00     0  |__call_rcu
07:16:23     1000         -   3385529   91.00    1.00    0.00    0.00   92.00    16  |__CPU 0/TCG
07:16:23     1000         -   3385531    1.00    0.00    0.00    0.00    1.00    17  |__CPU 1/TCG
07:16:23     1000         -   3385532   92.00    7.00    0.00    0.00   99.00     4  |__CPU 2/TCG
07:16:23     1000         -   3385534    0.00    0.00    0.00    0.00    0.00    28  |__CPU 3/TCG
07:16:24     1000   3385509         -  187.00    8.00    0.00    0.00  195.00     6  qemu-system-aar
07:16:24     1000         -   3385509    2.00    0.00    0.00    0.00    2.00     6  |__qemu-system-aar
07:16:24     1000         -   3385516    0.00    0.00    0.00    0.00    0.00     0  |__call_rcu
07:16:24     1000         -   3385529   92.00    2.00    0.00    0.00   94.00    16  |__CPU 0/TCG
07:16:24     1000         -   3385531    0.00    0.00    0.00    0.00    0.00    17  |__CPU 1/TCG
07:16:24     1000         -   3385532   93.00    6.00    0.00    0.00   99.00     4  |__CPU 2/TCG
07:16:24     1000         -   3385534    0.00    0.00    0.00    0.00    0.00    28  |__CPU 3/TCG
07:16:25     1000   3385509         -  184.00    8.00    0.00    0.00  192.00     3  qemu-system-aar
07:16:25     1000         -   3385509    0.00    1.00    0.00    0.00    1.00     3  |__qemu-system-aar
07:16:25     1000         -   3385516    0.00    0.00    0.00    0.00    0.00     0  |__call_rcu
07:16:25     1000         -   3385529   90.00    2.00    0.00    0.00   92.00    16  |__CPU 0/TCG
07:16:25     1000         -   3385531    1.00    0.00    0.00    0.00    1.00    17  |__CPU 1/TCG
07:16:25     1000         -   3385532   92.00    7.00    0.00    0.00   99.00     4  |__CPU 2/TCG
07:16:25     1000         -   3385534    0.00    0.00    0.00    0.00    0.00    28  |__CPU 3/TCG
07:16:26     1000   3385509         -  187.00    7.00    0.00    0.00  194.00     1  qemu-system-aar
07:16:26     1000         -   3385509    0.00    1.00    0.00    0.00    1.00     1  |__qemu-system-aar
07:16:26     1000         -   3385516    0.00    0.00    0.00    0.00    0.00     0  |__call_rcu
07:16:26     1000         -   3385529   92.00    1.00    0.00    0.00   93.00    16  |__CPU 0/TCG
07:16:26     1000         -   3385531    0.00    0.00    0.00    0.00    0.00    17  |__CPU 1/TCG
07:16:26     1000         -   3385532   94.00    5.00    0.00    0.00   99.00    20  |__CPU 2/TCG
07:16:26     1000         -   3385534    0.00    0.00    0.00    0.00    0.00    28  |__CPU 3/TCG
07:16:27     1000   3385509         -  183.00   10.00    0.00    0.00  193.00     7  qemu-system-aar
07:16:27     1000         -   3385509    0.00    1.00    0.00    0.00    1.00     7  |__qemu-system-aar
07:16:27     1000         -   3385516    0.00    0.00    0.00    0.00    0.00     0  |__call_rcu
07:16:27     1000         -   3385529   90.00    2.00    0.00    0.00   92.00    16  |__CPU 0/TCG
07:16:27     1000         -   3385531    1.00    0.00    0.00    0.00    1.00    17  |__CPU 1/TCG
07:16:27     1000         -   3385532   91.00    8.00    0.00    0.00   99.00    20  |__CPU 2/TCG
07:16:27     1000         -   3385534    0.00    0.00    0.00    0.00    0.00    28  |__CPU 3/TCG
07:16:28     1000   3385509         -  188.00    7.00    0.00    0.00  195.00     7  qemu-system-aar
07:16:28     1000         -   3385509    0.00    1.00    0.00    0.00    1.00     7  |__qemu-system-aar
07:16:28     1000         -   3385516    0.00    0.00    0.00    0.00    0.00     0  |__call_rcu
07:16:28     1000         -   3385529   93.00    1.00    0.00    0.00   94.00    16  |__CPU 0/TCG
07:16:28     1000         -   3385531    0.00    0.00    0.00    0.00    0.00    17  |__CPU 1/TCG
07:16:28     1000         -   3385532   93.00    6.00    0.00    0.00   99.00    20  |__CPU 2/TCG
07:16:28     1000         -   3385534    0.00    0.00    0.00    0.00    0.00    28  |__CPU 3/TCG
07:16:29     1000   3385509         -  184.00    9.00    0.00    0.00  193.00     3  qemu-system-aar
07:16:29     1000         -   3385509    0.00    1.00    0.00    0.00    1.00     3  |__qemu-system-aar
07:16:29     1000         -   3385516    0.00    0.00    0.00    0.00    0.00     0  |__call_rcu
07:16:29     1000         -   3385529   90.00    2.00    0.00    0.00   92.00    16  |__CPU 0/TCG
07:16:29     1000         -   3385531    1.00    0.00    0.00    0.00    1.00    17  |__CPU 1/TCG
07:16:29     1000         -   3385532   93.00    6.00    0.00    0.00   99.00    20  |__CPU 2/TCG
07:16:29     1000         -   3385534    0.00    0.00    0.00    0.00    0.00    28  |__CPU 3/TCG
07:16:30     1000   3385509         -  191.00    4.00    0.00    0.00  195.00     5  qemu-system-aar
07:16:30     1000         -   3385509    0.00    2.00    0.00    0.00    2.00     5  |__qemu-system-aar
07:16:30     1000         -   3385516    0.00    0.00    0.00    0.00    0.00     0  |__call_rcu
07:16:30     1000         -   3385529   93.00    2.00    0.00    0.00   95.00    16  |__CPU 0/TCG
07:16:30     1000         -   3385531    0.00    0.00    0.00    0.00    0.00    17  |__CPU 1/TCG
07:16:30     1000         -   3385532   96.00    3.00    0.00    0.00   99.00    20  |__CPU 2/TCG
07:16:30     1000         -   3385534    0.00    0.00    0.00    0.00    0.00    28  |__CPU 3/TCG
07:16:31     1000   3385509         -  188.00    7.00    0.00    0.00  195.00     2  qemu-system-aar
07:16:31     1000         -   3385509    1.00    0.00    0.00    0.00    1.00     2  |__qemu-system-aar
07:16:31     1000         -   3385516    0.00    0.00    0.00    0.00    0.00     0  |__call_rcu
07:16:31     1000         -   3385529   92.00    0.00    0.00    0.00   92.00    16  |__CPU 0/TCG
07:16:31     1000         -   3385531    1.00    0.00    0.00    0.00    1.00    17  |__CPU 1/TCG
07:16:31     1000         -   3385532   94.00    6.00    0.00    0.00  100.00     4  |__CPU 2/TCG
07:16:31     1000         -   3385534    0.00    0.00    0.00    0.00    0.00    28  |__CPU 3/TCG
07:16:32     1000   3385509         -  191.00    5.00    0.00    0.00  196.00     7  qemu-system-aar
07:16:32     1000         -   3385509    1.00    0.00    0.00    0.00    1.00     7  |__qemu-system-aar
07:16:32     1000         -   3385516    0.00    0.00    0.00    0.00    0.00     0  |__call_rcu
07:16:32     1000         -   3385529   95.00    1.00    0.00    0.00   96.00     0  |__CPU 0/TCG
07:16:32     1000         -   3385531    1.00    0.00    0.00    0.00    1.00     2  |__CPU 1/TCG
07:16:32     1000         -   3385532   94.00    5.00    0.00    0.00   99.00     4  |__CPU 2/TCG
07:16:32     1000         -   3385534    0.00    0.00    0.00    0.00    0.00    28  |__CPU 3/TCG
07:16:33     1000   3385509         -  186.00    7.00    0.00    0.00  193.00     3  qemu-system-aar
07:16:33     1000         -   3385509    0.00    1.00    0.00    0.00    1.00     3  |__qemu-system-aar
07:16:33     1000         -   3385516    0.00    0.00    0.00    0.00    0.00     0  |__call_rcu
07:16:33     1000         -   3385529   91.00    1.00    0.00    0.00   92.00     0  |__CPU 0/TCG
07:16:33     1000         -   3385531    0.00    0.00    0.00    0.00    0.00    16  |__CPU 1/TCG
07:16:33     1000         -   3385532   94.00    5.00    0.00    0.00   99.00     4  |__CPU 2/TCG
07:16:33     1000         -   3385534    0.00    0.00    0.00    0.00    0.00    28  |__CPU 3/TCG
07:16:34     1000   3385509         -  187.00    7.00    0.00    0.00  194.00     3  qemu-system-aar
07:16:34     1000         -   3385509    1.00    1.00    0.00    0.00    2.00     3  |__qemu-system-aar
07:16:34     1000         -   3385516    0.00    0.00    0.00    0.00    0.00     0  |__call_rcu
07:16:34     1000         -   3385529   91.00    2.00    0.00    0.00   93.00     0  |__CPU 0/TCG
07:16:34     1000         -   3385531    1.00    0.00    0.00    0.00    1.00     7  |__CPU 1/TCG
07:16:34     1000         -   3385532   93.00    6.00    0.00    0.00   99.00    20  |__CPU 2/TCG
07:16:34     1000         -   3385534    0.00    0.00    0.00    0.00    0.00    28  |__CPU 3/TCG
07:16:35     1000   3385509         -  185.00    6.00    0.00    0.00  191.00     7  qemu-system-aar
07:16:35     1000         -   3385509    0.00    1.00    0.00    0.00    1.00     7  |__qemu-system-aar
07:16:35     1000         -   3385516    0.00    0.00    0.00    0.00    0.00     0  |__call_rcu
07:16:35     1000         -   3385529   89.00    1.00    0.00    0.00   90.00    16  |__CPU 0/TCG
07:16:35     1000         -   3385531    0.00    0.00    0.00    0.00    0.00     1  |__CPU 1/TCG
07:16:35     1000         -   3385532   96.00    4.00    0.00    0.00  100.00    20  |__CPU 2/TCG
07:16:35     1000         -   3385534    0.00    0.00    0.00    0.00    0.00    28  |__CPU 3/TCG
07:16:36     1000   3385509         -  185.00    7.00    0.00    0.00  192.00     7  qemu-system-aar
07:16:36     1000         -   3385509    0.00    1.00    0.00    0.00    1.00     7  |__qemu-system-aar
07:16:36     1000         -   3385516    0.00    0.00    0.00    0.00    0.00     0  |__call_rcu
07:16:36     1000         -   3385529   90.00    2.00    0.00    0.00   92.00    16  |__CPU 0/TCG
07:16:36     1000         -   3385531    1.00    0.00    0.00    0.00    1.00     1  |__CPU 1/TCG
07:16:36     1000         -   3385532   93.00    6.00    0.00    0.00   99.00    20  |__CPU 2/TCG
07:16:36     1000         -   3385534    0.00    0.00    0.00    0.00    0.00    28  |__CPU 3/TCG
07:16:37     1000   3385509         -  185.00    7.00    0.00    0.00  192.00     7  qemu-system-aar
07:16:37     1000         -   3385509    1.00    0.00    0.00    0.00    1.00     7  |__qemu-system-aar
07:16:37     1000         -   3385516    0.00    0.00    0.00    0.00    0.00     0  |__call_rcu
07:16:37     1000         -   3385529   89.00    2.00    0.00    0.00   91.00    16  |__CPU 0/TCG
07:16:37     1000         -   3385531    0.00    0.00    0.00    0.00    0.00     1  |__CPU 1/TCG
07:16:37     1000         -   3385532   94.00    5.00    0.00    0.00   99.00     4  |__CPU 2/TCG
07:16:37     1000         -   3385534    0.00    0.00    0.00    0.00    0.00    28  |__CPU 3/TCG
07:16:38     1000   3385509         -  183.00    9.00    0.00    0.00  192.00     7  qemu-system-aar
07:16:38     1000         -   3385509    1.00    0.00    0.00    0.00    1.00     7  |__qemu-system-aar
07:16:38     1000         -   3385516    0.00    0.00    0.00    0.00    0.00     0  |__call_rcu
07:16:38     1000         -   3385529   89.00    1.00    0.00    0.00   90.00    16  |__CPU 0/TCG
07:16:38     1000         -   3385531    1.00    0.00    0.00    0.00    1.00     1  |__CPU 1/TCG
07:16:38     1000         -   3385532   92.00    7.00    0.00    0.00   99.00    20  |__CPU 2/TCG
07:16:38     1000         -   3385534    0.00    0.00    0.00    0.00    0.00    28  |__CPU 3/TCG
07:16:39     1000   3385509         -  186.00    7.00    0.00    0.00  193.00     7  qemu-system-aar
07:16:39     1000         -   3385509    0.00    1.00    0.00    0.00    1.00     7  |__qemu-system-aar
07:16:39     1000         -   3385516    0.00    0.00    0.00    0.00    0.00     0  |__call_rcu
07:16:39     1000         -   3385529   91.00    1.00    0.00    0.00   92.00    16  |__CPU 0/TCG
07:16:39     1000         -   3385531    1.00    0.00    0.00    0.00    1.00    21  |__CPU 1/TCG
07:16:39     1000         -   3385532   93.00    6.00    0.00    0.00   99.00    20  |__CPU 2/TCG
07:16:39     1000         -   3385534    0.00    0.00    0.00    0.00    0.00    28  |__CPU 3/TCG
07:16:40     1000   3385509         -  187.00    7.00    0.00    0.00  194.00     7  qemu-system-aar
07:16:40     1000         -   3385509    0.00    1.00    0.00    0.00    1.00     7  |__qemu-system-aar
07:16:40     1000         -   3385516    0.00    0.00    0.00    0.00    0.00     0  |__call_rcu
07:16:40     1000         -   3385529   92.00    1.00    0.00    0.00   93.00    16  |__CPU 0/TCG
07:16:40     1000         -   3385531    0.00    0.00    0.00    0.00    0.00    21  |__CPU 1/TCG
07:16:40     1000         -   3385532   93.00    6.00    0.00    0.00   99.00    20  |__CPU 2/TCG
07:16:40     1000         -   3385534    0.00    0.00    0.00    0.00    0.00    28  |__CPU 3/TCG
07:16:41     1000   3385509         -  186.00    6.00    0.00    0.00  192.00     7  qemu-system-aar
07:16:41     1000         -   3385509    1.00    0.00    0.00    0.00    1.00     7  |__qemu-system-aar
07:16:41     1000         -   3385516    0.00    0.00    0.00    0.00    0.00     0  |__call_rcu
07:16:41     1000         -   3385529   90.00    1.00    0.00    0.00   91.00     0  |__CPU 0/TCG
07:16:41     1000         -   3385531    1.00    0.00    0.00    0.00    1.00     1  |__CPU 1/TCG
07:16:41     1000         -   3385532   95.00    5.00    0.00    0.00  100.00    20  |__CPU 2/TCG
07:16:41     1000         -   3385534    0.00    0.00    0.00    0.00    0.00    28  |__CPU 3/TCG
07:16:42     1000   3385509         -  191.00    5.00    0.00    0.00  196.00    17  qemu-system-aar
07:16:42     1000         -   3385509    1.00    1.00    0.00    0.00    2.00    17  |__qemu-system-aar
07:16:42     1000         -   3385516    0.00    0.00    0.00    0.00    0.00     0  |__call_rcu
07:16:42     1000         -   3385529   94.00    2.00    0.00    0.00   96.00     0  |__CPU 0/TCG
07:16:42     1000         -   3385531    0.00    0.00    0.00    0.00    0.00     1  |__CPU 1/TCG
07:16:42     1000         -   3385532   95.00    3.00    0.00    0.00   98.00    20  |__CPU 2/TCG
07:16:42     1000         -   3385534    0.00    0.00    0.00    0.00    0.00    28  |__CPU 3/TCG
07:16:43     1000   3385509         -  186.00    7.00    0.00    0.00  193.00    21  qemu-system-aar
07:16:43     1000         -   3385509    1.00    0.00    0.00    0.00    1.00    21  |__qemu-system-aar
07:16:43     1000         -   3385516    0.00    0.00    0.00    0.00    0.00     0  |__call_rcu
07:16:43     1000         -   3385529   90.00    1.00    0.00    0.00   91.00    16  |__CPU 0/TCG
07:16:43     1000         -   3385531    0.00    1.00    0.00    0.00    1.00    19  |__CPU 1/TCG
07:16:43     1000         -   3385532   94.00    6.00    0.00    0.00  100.00     4  |__CPU 2/TCG
07:16:43     1000         -   3385534    0.00    0.00    0.00    0.00    0.00    28  |__CPU 3/TCG
07:16:44     1000   3385509         -  185.00    7.00    0.00    0.00  192.00     5  qemu-system-aar
07:16:44     1000         -   3385509    0.00    2.00    0.00    0.00    2.00     5  |__qemu-system-aar
07:16:44     1000         -   3385516    0.00    0.00    0.00    0.00    0.00     0  |__call_rcu
07:16:44     1000         -   3385529   90.00    2.00    0.00    0.00   92.00    16  |__CPU 0/TCG
07:16:44     1000         -   3385531    1.00    0.00    0.00    0.00    1.00     1  |__CPU 1/TCG
07:16:44     1000         -   3385532   93.00    6.00    0.00    0.00   99.00     4  |__CPU 2/TCG
07:16:44     1000         -   3385534    0.00    0.00    0.00    0.00    0.00    28  |__CPU 3/TCG
07:16:45     1000   3385509         -  187.00    7.00    0.00    0.00  194.00     7  qemu-system-aar
07:16:45     1000         -   3385509    0.00    1.00    0.00    0.00    1.00     7  |__qemu-system-aar
07:16:45     1000         -   3385516    0.00    0.00    0.00    0.00    0.00     0  |__call_rcu
07:16:45     1000         -   3385529   92.00    1.00    0.00    0.00   93.00    16  |__CPU 0/TCG
07:16:45     1000         -   3385531    1.00    0.00    0.00    0.00    1.00     1  |__CPU 1/TCG
07:16:45     1000         -   3385532   94.00    5.00    0.00    0.00   99.00    20  |__CPU 2/TCG
07:16:45     1000         -   3385534    0.00    0.00    0.00    0.00    0.00    28  |__CPU 3/TCG
07:16:46     1000   3385509         -  187.00    7.00    0.00    0.00  194.00    17  qemu-system-aar
07:16:46     1000         -   3385509    0.00    1.00    0.00    0.00    1.00    17  |__qemu-system-aar
07:16:46     1000         -   3385516    0.00    0.00    0.00    0.00    0.00     0  |__call_rcu
07:16:46     1000         -   3385529   92.00    1.00    0.00    0.00   93.00    16  |__CPU 0/TCG
07:16:46     1000         -   3385531    0.00    0.00    0.00    0.00    0.00     1  |__CPU 1/TCG
07:16:46     1000         -   3385532   93.00    6.00    0.00    0.00   99.00    20  |__CPU 2/TCG
07:16:46     1000         -   3385534    0.00    0.00    0.00    0.00    0.00    28  |__CPU 3/TCG
07:16:47     1000   3385509         -  187.00    9.00    0.00    0.00  196.00     2  qemu-system-aar
07:16:47     1000         -   3385509    1.00    1.00    0.00    0.00    2.00     2  |__qemu-system-aar
07:16:47     1000         -   3385516    0.00    0.00    0.00    0.00    0.00     0  |__call_rcu
07:16:47     1000         -   3385529   93.00    2.00    0.00    0.00   95.00    16  |__CPU 0/TCG
07:16:47     1000         -   3385531    1.00    0.00    0.00    0.00    1.00     1  |__CPU 1/TCG
07:16:47     1000         -   3385532   92.00    7.00    0.00    0.00   99.00    20  |__CPU 2/TCG
07:16:47     1000         -   3385534    0.00    0.00    0.00    0.00    0.00    28  |__CPU 3/TCG
07:16:48     1000   3385509         -  184.00   10.00    0.00    0.00  194.00     7  qemu-system-aar
07:16:48     1000         -   3385509    0.00    1.00    0.00    0.00    1.00     7  |__qemu-system-aar
07:16:48     1000         -   3385516    0.00    0.00    0.00    0.00    0.00     0  |__call_rcu
07:16:48     1000         -   3385529   91.00    3.00    0.00    0.00   94.00    16  |__CPU 0/TCG
07:16:48     1000         -   3385531    0.00    0.00    0.00    0.00    0.00     3  |__CPU 1/TCG
07:16:48     1000         -   3385532   92.00    7.00    0.00    0.00   99.00    20  |__CPU 2/TCG
07:16:48     1000         -   3385534    0.00    0.00    0.00    0.00    0.00    28  |__CPU 3/TCG
07:16:49     1000   3385509         -  186.00    9.00    0.00    0.00  195.00     2  qemu-system-aar
07:16:49     1000         -   3385509    0.00    1.00    0.00    0.00    1.00     2  |__qemu-system-aar
07:16:49     1000         -   3385516    0.00    0.00    0.00    0.00    0.00     0  |__call_rcu
07:16:49     1000         -   3385529   91.00    2.00    0.00    0.00   93.00    16  |__CPU 0/TCG
07:16:49     1000         -   3385531    1.00    0.00    0.00    0.00    1.00     1  |__CPU 1/TCG
07:16:49     1000         -   3385532   93.00    7.00    0.00    0.00  100.00    20  |__CPU 2/TCG
07:16:49     1000         -   3385534    0.00    0.00    0.00    0.00    0.00    28  |__CPU 3/TCG
07:16:50     1000   3385509         -  188.00    8.00    0.00    0.00  196.00     5  qemu-system-aar
07:16:50     1000         -   3385509    0.00    1.00    0.00    0.00    1.00     5  |__qemu-system-aar
07:16:50     1000         -   3385516    0.00    0.00    0.00    0.00    0.00     0  |__call_rcu
07:16:50     1000         -   3385529   94.00    1.00    0.00    0.00   95.00    16  |__CPU 0/TCG
07:16:50     1000         -   3385531    0.00    0.00    0.00    0.00    0.00     3  |__CPU 1/TCG
07:16:50     1000         -   3385532   92.00    6.00    0.00    0.00   98.00    20  |__CPU 2/TCG
07:16:50     1000         -   3385534    0.00    0.00    0.00    0.00    0.00    28  |__CPU 3/TCG
07:16:51     1000   3385509         -  186.00    8.00    0.00    0.00  194.00     1  qemu-system-aar
07:16:51     1000         -   3385509    0.00    2.00    0.00    0.00    2.00     1  |__qemu-system-aar
07:16:51     1000         -   3385516    0.00    0.00    0.00    0.00    0.00     0  |__call_rcu
07:16:51     1000         -   3385529   92.00    2.00    0.00    0.00   94.00    16  |__CPU 0/TCG
07:16:51     1000         -   3385531    1.00    0.00    0.00    0.00    1.00     3  |__CPU 1/TCG
07:16:51     1000         -   3385532   92.00    7.00    0.00    0.00   99.00    20  |__CPU 2/TCG
07:16:51     1000         -   3385534    0.00    0.00    0.00    0.00    0.00    28  |__CPU 3/TCG
07:16:52     1000   3385509         -  188.00    7.00    0.00    0.00  195.00     2  qemu-system-aar
07:16:52     1000         -   3385509    0.00    0.00    0.00    0.00    0.00     2  |__qemu-system-aar
07:16:52     1000         -   3385516    0.00    0.00    0.00    0.00    0.00     0  |__call_rcu
07:16:52     1000         -   3385529   92.00    1.00    0.00    0.00   93.00    16  |__CPU 0/TCG
07:16:52     1000         -   3385531    0.00    0.00    0.00    0.00    0.00     3  |__CPU 1/TCG
07:16:52     1000         -   3385532   94.00    6.00    0.00    0.00  100.00    20  |__CPU 2/TCG
07:16:52     1000         -   3385534    0.00    0.00    0.00    0.00    0.00    28  |__CPU 3/TCG
07:16:53     1000   3385509         -  188.00    8.00    0.00    0.00  196.00     3  qemu-system-aar
07:16:53     1000         -   3385509    0.00    1.00    0.00    0.00    1.00     3  |__qemu-system-aar
07:16:53     1000         -   3385516    0.00    0.00    0.00    0.00    0.00     0  |__call_rcu
07:16:53     1000         -   3385529   93.00    2.00    0.00    0.00   95.00     0  |__CPU 0/TCG
07:16:53     1000         -   3385531    1.00    0.00    0.00    0.00    1.00     5  |__CPU 1/TCG
07:16:53     1000         -   3385532   93.00    6.00    0.00    0.00   99.00     4  |__CPU 2/TCG
07:16:53     1000         -   3385534    0.00    0.00    0.00    0.00    0.00    28  |__CPU 3/TCG
07:16:54     1000   3385509         -  189.00    5.00    0.00    0.00  194.00     5  qemu-system-aar
07:16:54     1000         -   3385509    0.00    1.00    0.00    0.00    1.00     5  |__qemu-system-aar
07:16:54     1000         -   3385516    0.00    0.00    0.00    0.00    0.00     0  |__call_rcu
07:16:54     1000         -   3385529   94.00    0.00    0.00    0.00   94.00    16  |__CPU 0/TCG
07:16:54     1000         -   3385531    1.00    0.00    0.00    0.00    1.00     3  |__CPU 1/TCG
07:16:54     1000         -   3385532   95.00    4.00    0.00    0.00   99.00    20  |__CPU 2/TCG
07:16:54     1000         -   3385534    0.00    0.00    0.00    0.00    0.00    28  |__CPU 3/TCG
07:16:55     1000   3385509         -  186.00    8.00    0.00    0.00  194.00     5  qemu-system-aar
07:16:55     1000         -   3385509    0.00    1.00    0.00    0.00    1.00     5  |__qemu-system-aar
07:16:55     1000         -   3385516    0.00    0.00    0.00    0.00    0.00     0  |__call_rcu
07:16:55     1000         -   3385529   91.00    2.00    0.00    0.00   93.00    16  |__CPU 0/TCG
07:16:55     1000         -   3385531    0.00    0.00    0.00    0.00    0.00     3  |__CPU 1/TCG
07:16:55     1000         -   3385532   93.00    6.00    0.00    0.00   99.00    20  |__CPU 2/TCG
07:16:55     1000         -   3385534    0.00    0.00    0.00    0.00    0.00    28  |__CPU 3/TCG
07:16:56     1000   3385509         -  186.00    9.00    0.00    0.00  195.00    19  qemu-system-aar
07:16:56     1000         -   3385509    0.00    2.00    0.00    0.00    2.00    19  |__qemu-system-aar
07:16:56     1000         -   3385516    0.00    0.00    0.00    0.00    0.00     0  |__call_rcu
07:16:56     1000         -   3385529   92.00    2.00    0.00    0.00   94.00    16  |__CPU 0/TCG
07:16:56     1000         -   3385531    0.00    0.00    0.00    0.00    0.00     3  |__CPU 1/TCG
07:16:56     1000         -   3385532   92.00    7.00    0.00    0.00   99.00    20  |__CPU 2/TCG
07:16:56     1000         -   3385534    0.00    0.00    0.00    0.00    0.00    28  |__CPU 3/TCG
07:16:57     1000   3385509         -  187.00    8.00    0.00    0.00  195.00     2  qemu-system-aar
07:16:57     1000         -   3385509    0.00    1.00    0.00    0.00    1.00     2  |__qemu-system-aar
07:16:57     1000         -   3385516    0.00    0.00    0.00    0.00    0.00     0  |__call_rcu
07:16:57     1000         -   3385529   93.00    1.00    0.00    0.00   94.00    16  |__CPU 0/TCG
07:16:57     1000         -   3385531    1.00    0.00    0.00    0.00    1.00     5  |__CPU 1/TCG
07:16:57     1000         -   3385532   93.00    7.00    0.00    0.00  100.00    20  |__CPU 2/TCG
07:16:57     1000         -   3385534    0.00    0.00    0.00    0.00    0.00    28  |__CPU 3/TCG
07:16:58     1000   3385509         -  190.00    6.00    0.00    0.00  196.00     2  qemu-system-aar
07:16:58     1000         -   3385509    0.00    1.00    0.00    0.00    1.00     2  |__qemu-system-aar
07:16:58     1000         -   3385516    0.00    0.00    0.00    0.00    0.00     0  |__call_rcu
07:16:58     1000         -   3385529   94.00    1.00    0.00    0.00   95.00    16  |__CPU 0/TCG
07:16:58     1000         -   3385531    1.00    0.00    0.00    0.00    1.00     3  |__CPU 1/TCG
07:16:58     1000         -   3385532   94.00    5.00    0.00    0.00   99.00    20  |__CPU 2/TCG
07:16:58     1000         -   3385534    0.00    0.00    0.00    0.00    0.00    28  |__CPU 3/TCG
07:16:59     1000   3385509         -  188.00    8.00    0.00    0.00  196.00     1  qemu-system-aar
07:16:59     1000         -   3385509    1.00    1.00    0.00    0.00    2.00     1  |__qemu-system-aar
07:16:59     1000         -   3385516    0.00    0.00    0.00    0.00    0.00     0  |__call_rcu
07:16:59     1000         -   3385529   93.00    2.00    0.00    0.00   95.00    16  |__CPU 0/TCG
07:16:59     1000         -   3385531    0.00    0.00    0.00    0.00    0.00     3  |__CPU 1/TCG
07:16:59     1000         -   3385532   92.00    6.00    0.00    0.00   98.00    20  |__CPU 2/TCG
07:16:59     1000         -   3385534    0.00    0.00    0.00    0.00    0.00    28  |__CPU 3/TCG
07:17:00     1000   3385509         -  190.00    7.00    0.00    0.00  197.00     5  qemu-system-aar
07:17:00     1000         -   3385509    1.00    0.00    0.00    0.00    1.00     5  |__qemu-system-aar
07:17:00     1000         -   3385516    0.00    0.00    0.00    0.00    0.00     0  |__call_rcu
07:17:00     1000         -   3385529   94.00    1.00    0.00    0.00   95.00     0  |__CPU 0/TCG
07:17:00     1000         -   3385531    1.00    0.00    0.00    0.00    1.00     4  |__CPU 1/TCG
07:17:00     1000         -   3385532   95.00    5.00    0.00    0.00  100.00    20  |__CPU 2/TCG
07:17:00     1000         -   3385534    0.00    0.00    0.00    0.00    0.00    28  |__CPU 3/TCG
07:17:01     1000   3385509         -  189.00    6.00    0.00    0.00  195.00     1  qemu-system-aar
07:17:01     1000         -   3385509    1.00    1.00    0.00    0.00    2.00     1  |__qemu-system-aar
07:17:01     1000         -   3385516    0.00    0.00    0.00    0.00    0.00     0  |__call_rcu
07:17:01     1000         -   3385529   93.00    1.00    0.00    0.00   94.00     0  |__CPU 0/TCG
07:17:01     1000         -   3385531    0.00    0.00    0.00    0.00    0.00     4  |__CPU 1/TCG
07:17:01     1000         -   3385532   94.00    6.00    0.00    0.00  100.00    20  |__CPU 2/TCG
07:17:01     1000         -   3385534    0.00    0.00    0.00    0.00    0.00    28  |__CPU 3/TCG
07:17:02     1000   3385509         -  189.00    6.00    0.00    0.00  195.00     3  qemu-system-aar
07:17:02     1000         -   3385509    0.00    1.00    0.00    0.00    1.00     3  |__qemu-system-aar
07:17:02     1000         -   3385516    0.00    0.00    0.00    0.00    0.00     0  |__call_rcu
07:17:02     1000         -   3385529   92.00    2.00    0.00    0.00   94.00     0  |__CPU 0/TCG
07:17:02     1000         -   3385531    1.00    0.00    0.00    0.00    1.00     4  |__CPU 1/TCG
07:17:02     1000         -   3385532   94.00    4.00    0.00    0.00   98.00    20  |__CPU 2/TCG
07:17:02     1000         -   3385534    0.00    0.00    0.00    0.00    0.00    28  |__CPU 3/TCG
07:17:03     1000   3385509         -  186.00    9.00    0.00    0.00  195.00     1  qemu-system-aar
07:17:03     1000         -   3385509    1.00    0.00    0.00    0.00    1.00     1  |__qemu-system-aar
07:17:03     1000         -   3385516    0.00    0.00    0.00    0.00    0.00     0  |__call_rcu
07:17:03     1000         -   3385529   92.00    2.00    0.00    0.00   94.00     0  |__CPU 0/TCG
07:17:03     1000         -   3385531    1.00    0.00    0.00    0.00    1.00    16  |__CPU 1/TCG
07:17:03     1000         -   3385532   93.00    6.00    0.00    0.00   99.00    20  |__CPU 2/TCG
07:17:03     1000         -   3385534    0.00    0.00    0.00    0.00    0.00    28  |__CPU 3/TCG
07:17:04     1000   3385509         -  187.00    6.00    0.00    0.00  193.00     5  qemu-system-aar
07:17:04     1000         -   3385509    0.00    2.00    0.00    0.00    2.00     5  |__qemu-system-aar
07:17:04     1000         -   3385516    0.00    0.00    0.00    0.00    0.00     0  |__call_rcu
07:17:04     1000         -   3385529   92.00    1.00    0.00    0.00   93.00     0  |__CPU 0/TCG
07:17:04     1000         -   3385531    0.00    0.00    0.00    0.00    0.00    16  |__CPU 1/TCG
07:17:04     1000         -   3385532   94.00    5.00    0.00    0.00   99.00    20  |__CPU 2/TCG
07:17:04     1000         -   3385534    0.00    0.00    0.00    0.00    0.00    28  |__CPU 3/TCG
07:17:05     1000   3385509         -  189.00    7.00    0.00    0.00  196.00     5  qemu-system-aar
07:17:05     1000         -   3385509    0.00    1.00    0.00    0.00    1.00     5  |__qemu-system-aar
07:17:05     1000         -   3385516    0.00    0.00    0.00    0.00    0.00     0  |__call_rcu
07:17:05     1000         -   3385529   94.00    1.00    0.00    0.00   95.00    16  |__CPU 0/TCG
07:17:05     1000         -   3385531    1.00    0.00    0.00    0.00    1.00     3  |__CPU 1/TCG
07:17:05     1000         -   3385532   94.00    5.00    0.00    0.00   99.00    20  |__CPU 2/TCG
07:17:05     1000         -   3385534    0.00    0.00    0.00    0.00    0.00    28  |__CPU 3/TCG
07:17:06     1000   3385509         -  187.00    8.00    0.00    0.00  195.00     1  qemu-system-aar
07:17:06     1000         -   3385509    0.00    1.00    0.00    0.00    1.00     1  |__qemu-system-aar
07:17:06     1000         -   3385516    0.00    0.00    0.00    0.00    0.00     0  |__call_rcu
07:17:06     1000         -   3385529   92.00    2.00    0.00    0.00   94.00     0  |__CPU 0/TCG
07:17:06     1000         -   3385531    1.00    0.00    0.00    0.00    1.00    16  |__CPU 1/TCG
07:17:06     1000         -   3385532   93.00    6.00    0.00    0.00   99.00    20  |__CPU 2/TCG
07:17:06     1000         -   3385534    0.00    0.00    0.00    0.00    0.00    28  |__CPU 3/TCG
07:17:07     1000   3385509         -  188.00    6.00    0.00    0.00  194.00     5  qemu-system-aar
07:17:07     1000         -   3385509    0.00    1.00    0.00    0.00    1.00     5  |__qemu-system-aar
07:17:07     1000         -   3385516    0.00    0.00    0.00    0.00    0.00     0  |__call_rcu
07:17:07     1000         -   3385529   91.00    2.00    0.00    0.00   93.00     0  |__CPU 0/TCG
07:17:07     1000         -   3385531    0.00    0.00    0.00    0.00    0.00    21  |__CPU 1/TCG
07:17:07     1000         -   3385532   94.00    5.00    0.00    0.00   99.00     4  |__CPU 2/TCG
07:17:07     1000         -   3385534    0.00    0.00    0.00    0.00    0.00    28  |__CPU 3/TCG
07:17:08     1000   3385509         -  187.00    7.00    0.00    0.00  194.00     5  qemu-system-aar
07:17:08     1000         -   3385509    0.00    1.00    0.00    0.00    1.00     5  |__qemu-system-aar
07:17:08     1000         -   3385516    0.00    0.00    0.00    0.00    0.00     0  |__call_rcu
07:17:08     1000         -   3385529   92.00    2.00    0.00    0.00   94.00     0  |__CPU 0/TCG
07:17:08     1000         -   3385531    1.00    0.00    0.00    0.00    1.00    21  |__CPU 1/TCG
07:17:08     1000         -   3385532   94.00    5.00    0.00    0.00   99.00     4  |__CPU 2/TCG
07:17:08     1000         -   3385534    0.00    0.00    0.00    0.00    0.00    28  |__CPU 3/TCG
07:17:09     1000   3385509         -  187.00    9.00    0.00    0.00  196.00     1  qemu-system-aar
07:17:09     1000         -   3385509    0.00    2.00    0.00    0.00    2.00     1  |__qemu-system-aar
07:17:09     1000         -   3385516    0.00    0.00    0.00    0.00    0.00     0  |__call_rcu
07:17:09     1000         -   3385529   92.00    2.00    0.00    0.00   94.00     0  |__CPU 0/TCG
07:17:09     1000         -   3385531    0.00    0.00    0.00    0.00    0.00    21  |__CPU 1/TCG
07:17:09     1000         -   3385532   93.00    7.00    0.00    0.00  100.00     4  |__CPU 2/TCG
07:17:09     1000         -   3385534    0.00    0.00    0.00    0.00    0.00    28  |__CPU 3/TCG
07:17:10     1000   3385509         -  187.00    7.00    0.00    0.00  194.00     1  qemu-system-aar
07:17:10     1000         -   3385509    0.00    1.00    0.00    0.00    1.00     1  |__qemu-system-aar
07:17:10     1000         -   3385516    0.00    0.00    0.00    0.00    0.00     0  |__call_rcu
07:17:10     1000         -   3385529   93.00    1.00    0.00    0.00   94.00     0  |__CPU 0/TCG
07:17:10     1000         -   3385531    1.00    0.00    0.00    0.00    1.00    16  |__CPU 1/TCG
07:17:10     1000         -   3385532   93.00    5.00    0.00    0.00   98.00     4  |__CPU 2/TCG
07:17:10     1000         -   3385534    0.00    0.00    0.00    0.00    0.00    28  |__CPU 3/TCG
07:17:11     1000   3385509         -  187.00    9.00    0.00    0.00  196.00     6  qemu-system-aar
07:17:11     1000         -   3385509    0.00    1.00    0.00    0.00    1.00     6  |__qemu-system-aar
07:17:11     1000         -   3385516    0.00    0.00    0.00    0.00    0.00     0  |__call_rcu
07:17:11     1000         -   3385529   92.00    2.00    0.00    0.00   94.00    16  |__CPU 0/TCG
07:17:11     1000         -   3385531    1.00    0.00    0.00    0.00    1.00    21  |__CPU 1/TCG
07:17:11     1000         -   3385532   93.00    7.00    0.00    0.00  100.00     4  |__CPU 2/TCG
07:17:11     1000         -   3385534    0.00    0.00    0.00    0.00    0.00    28  |__CPU 3/TCG
07:17:12     1000   3385509         -  188.00    5.00    0.00    0.00  193.00    18  qemu-system-aar
07:17:12     1000         -   3385509    0.00    1.00    0.00    0.00    1.00    18  |__qemu-system-aar
07:17:12     1000         -   3385516    0.00    0.00    0.00    0.00    0.00     0  |__call_rcu
07:17:12     1000         -   3385529   91.00    2.00    0.00    0.00   93.00     0  |__CPU 0/TCG
07:17:12     1000         -   3385531    0.00    0.00    0.00    0.00    0.00    23  |__CPU 1/TCG
07:17:12     1000         -   3385532   95.00    4.00    0.00    0.00   99.00     4  |__CPU 2/TCG
07:17:12     1000         -   3385534    0.00    0.00    0.00    0.00    0.00    28  |__CPU 3/TCG
07:17:13     1000   3385509         -  187.00    7.00    0.00    0.00  194.00    16  qemu-system-aar
07:17:13     1000         -   3385509    0.00    2.00    0.00    0.00    2.00    16  |__qemu-system-aar
07:17:13     1000         -   3385516    0.00    0.00    0.00    0.00    0.00     0  |__call_rcu
07:17:13     1000         -   3385529   92.00    1.00    0.00    0.00   93.00     5  |__CPU 0/TCG
07:17:13     1000         -   3385531    1.00    0.00    0.00    0.00    1.00    23  |__CPU 1/TCG
07:17:13     1000         -   3385532   93.00    6.00    0.00    0.00   99.00    20  |__CPU 2/TCG
07:17:13     1000         -   3385534    0.00    0.00    0.00    0.00    0.00    28  |__CPU 3/TCG
07:17:14     1000   3385509         -  191.00    5.00    0.00    0.00  196.00    16  qemu-system-aar
07:17:14     1000         -   3385509    1.00    1.00    0.00    0.00    2.00    16  |__qemu-system-aar
07:17:14     1000         -   3385516    0.00    0.00    0.00    0.00    0.00     0  |__call_rcu
07:17:14     1000         -   3385529   94.00    0.00    0.00    0.00   94.00     2  |__CPU 0/TCG
07:17:14     1000         -   3385531    1.00    0.00    0.00    0.00    1.00    23  |__CPU 1/TCG
07:17:14     1000         -   3385532   95.00    4.00    0.00    1.00   99.00     0  |__CPU 2/TCG
07:17:14     1000         -   3385534    0.00    0.00    0.00    0.00    0.00    28  |__CPU 3/TCG
07:17:15     1000   3385509         -  197.00    1.00    0.00    0.00  198.00    16  qemu-system-aar
07:17:15     1000         -   3385509    0.00    2.00    0.00    0.00    2.00    16  |__qemu-system-aar
07:17:15     1000         -   3385516    0.00    0.00    0.00    0.00    0.00     0  |__call_rcu
07:17:15     1000         -   3385529   96.00    1.00    0.00    0.00   97.00     4  |__CPU 0/TCG
07:17:15     1000         -   3385531    0.00    0.00    0.00    0.00    0.00    23  |__CPU 1/TCG
07:17:15     1000         -   3385532   98.00    0.00    0.00    0.00   98.00     0  |__CPU 2/TCG
07:17:15     1000         -   3385534    0.00    0.00    0.00    0.00    0.00    28  |__CPU 3/TCG
07:17:16     1000   3385509         -  195.00    2.00    0.00    0.00  197.00    16  qemu-system-aar
07:17:16     1000         -   3385509    1.00    2.00    0.00    0.00    3.00    16  |__qemu-system-aar
07:17:16     1000         -   3385516    0.00    0.00    0.00    0.00    0.00     0  |__call_rcu
07:17:16     1000         -   3385529   95.00    0.00    0.00    0.00   95.00     4  |__CPU 0/TCG
07:17:16     1000         -   3385531    1.00    0.00    0.00    0.00    1.00    23  |__CPU 1/TCG
07:17:16     1000         -   3385532   97.00    1.00    0.00    0.00   98.00     0  |__CPU 2/TCG
07:17:16     1000         -   3385534    0.00    0.00    0.00    0.00    0.00    28  |__CPU 3/TCG
07:17:17     1000   3385509         -  194.00    4.00    0.00    0.00  198.00     2  qemu-system-aar
07:17:17     1000         -   3385509    0.00    2.00    0.00    0.00    2.00     2  |__qemu-system-aar
07:17:17     1000         -   3385516    0.00    0.00    0.00    0.00    0.00     0  |__call_rcu
07:17:17     1000         -   3385529   93.00    2.00    0.00    0.00   95.00     4  |__CPU 0/TCG
07:17:17     1000         -   3385531    1.00    0.00    0.00    0.00    1.00    23  |__CPU 1/TCG
07:17:17     1000         -   3385532   97.00    2.00    0.00    0.00   99.00    16  |__CPU 2/TCG
07:17:17     1000         -   3385534    0.00    0.00    0.00    0.00    0.00    28  |__CPU 3/TCG
07:17:18     1000   3385509         -  191.00    5.00    0.00    0.00  196.00     1  qemu-system-aar
07:17:18     1000         -   3385509    0.00    1.00    0.00    0.00    1.00     1  |__qemu-system-aar
07:17:18     1000         -   3385516    0.00    0.00    0.00    0.00    0.00     0  |__call_rcu
07:17:18     1000         -   3385529   94.00    1.00    0.00    0.00   95.00     4  |__CPU 0/TCG
07:17:18     1000         -   3385531    0.00    0.00    0.00    0.00    0.00     6  |__CPU 1/TCG
07:17:18     1000         -   3385532   96.00    4.00    0.00    0.00  100.00    16  |__CPU 2/TCG
07:17:18     1000         -   3385534    0.00    0.00    0.00    0.00    0.00    28  |__CPU 3/TCG
07:17:19     1000   3385509         -  192.00    5.00    0.00    0.00  197.00     4  qemu-system-aar
07:17:19     1000         -   3385509    1.00    1.00    0.00    0.00    2.00     4  |__qemu-system-aar
07:17:19     1000         -   3385516    0.00    0.00    0.00    0.00    0.00     0  |__call_rcu
07:17:19     1000         -   3385529   95.00    1.00    0.00    0.00   96.00    20  |__CPU 0/TCG
07:17:19     1000         -   3385531    1.00    0.00    0.00    0.00    1.00     6  |__CPU 1/TCG
07:17:19     1000         -   3385532   95.00    4.00    0.00    0.00   99.00    16  |__CPU 2/TCG
07:17:19     1000         -   3385534    0.00    0.00    0.00    0.00    0.00    28  |__CPU 3/TCG
07:17:20     1000   3385509         -  190.00    6.00    0.00    0.00  196.00     2  qemu-system-aar
07:17:20     1000         -   3385509    0.00    1.00    0.00    0.00    1.00     2  |__qemu-system-aar
07:17:20     1000         -   3385516    0.00    0.00    0.00    0.00    0.00     0  |__call_rcu
07:17:20     1000         -   3385529   94.00    2.00    0.00    0.00   96.00    20  |__CPU 0/TCG
07:17:20     1000         -   3385531    0.00    0.00    0.00    0.00    0.00     7  |__CPU 1/TCG
07:17:20     1000         -   3385532   95.00    4.00    0.00    0.00   99.00     0  |__CPU 2/TCG
07:17:20     1000         -   3385534    0.00    0.00    0.00    0.00    0.00    28  |__CPU 3/TCG
07:17:21     1000   3385509         -  190.00    6.00    0.00    0.00  196.00    21  qemu-system-aar
07:17:21     1000         -   3385509    0.00    1.00    0.00    0.00    1.00    21  |__qemu-system-aar
07:17:21     1000         -   3385516    0.00    0.00    0.00    0.00    0.00     0  |__call_rcu
07:17:21     1000         -   3385529   94.00    1.00    0.00    0.00   95.00    20  |__CPU 0/TCG
07:17:21     1000         -   3385531    1.00    0.00    0.00    0.00    1.00     0  |__CPU 1/TCG
07:17:21     1000         -   3385532   93.00    5.00    0.00    0.00   98.00    16  |__CPU 2/TCG
07:17:21     1000         -   3385534    0.00    0.00    0.00    0.00    0.00    28  |__CPU 3/TCG
07:17:22     1000   3385509         -  193.00    3.00    0.00    0.00  196.00    22  qemu-system-aar
07:17:22     1000         -   3385509    1.00    0.00    0.00    0.00    1.00    22  |__qemu-system-aar
07:17:22     1000         -   3385516    0.00    0.00    0.00    0.00    0.00     0  |__call_rcu
07:17:22     1000         -   3385529   95.00    1.00    0.00    0.00   96.00    20  |__CPU 0/TCG
07:17:22     1000         -   3385531    1.00    0.00    0.00    0.00    1.00     0  |__CPU 1/TCG
07:17:22     1000         -   3385532   97.00    2.00    0.00    0.00   99.00    16  |__CPU 2/TCG
07:17:22     1000         -   3385534    0.00    0.00    0.00    0.00    0.00    28  |__CPU 3/TCG
07:17:23     1000   3385509         -  194.00    3.00    0.00    0.00  197.00     3  qemu-system-aar
07:17:23     1000         -   3385509    1.00    1.00    0.00    0.00    2.00     3  |__qemu-system-aar
07:17:23     1000         -   3385516    0.00    0.00    0.00    0.00    0.00     0  |__call_rcu
07:17:23     1000         -   3385529   94.00    1.00    0.00    0.00   95.00     4  |__CPU 0/TCG
07:17:23     1000         -   3385531    0.00    0.00    0.00    0.00    0.00     0  |__CPU 1/TCG
07:17:23     1000         -   3385532   97.00    2.00    0.00    0.00   99.00    16  |__CPU 2/TCG
07:17:23     1000         -   3385534    0.00    0.00    0.00    0.00    0.00    28  |__CPU 3/TCG
07:17:24     1000   3385509         -  193.00    3.00    0.00    0.00  196.00     7  qemu-system-aar
07:17:24     1000         -   3385509    0.00    2.00    0.00    0.00    2.00     7  |__qemu-system-aar
07:17:24     1000         -   3385516    0.00    0.00    0.00    0.00    0.00     0  |__call_rcu
07:17:24     1000         -   3385529   95.00    0.00    0.00    0.00   95.00    20  |__CPU 0/TCG
07:17:24     1000         -   3385531    1.00    0.00    0.00    0.00    1.00     0  |__CPU 1/TCG
07:17:24     1000         -   3385532   96.00    3.00    0.00    0.00   99.00    16  |__CPU 2/TCG
07:17:24     1000         -   3385534    0.00    0.00    0.00    0.00    0.00    28  |__CPU 3/TCG
07:17:25     1000   3385509         -  193.00    4.00    0.00    0.00  197.00     6  qemu-system-aar
07:17:25     1000         -   3385509    1.00    0.00    0.00    0.00    1.00     6  |__qemu-system-aar
07:17:25     1000         -   3385516    0.00    0.00    0.00    0.00    0.00     0  |__call_rcu
07:17:25     1000         -   3385529   95.00    1.00    0.00    0.00   96.00    20  |__CPU 0/TCG
07:17:25     1000         -   3385531    1.00    0.00    0.00    0.00    1.00     7  |__CPU 1/TCG
07:17:25     1000         -   3385532   96.00    3.00    0.00    0.00   99.00    16  |__CPU 2/TCG
07:17:25     1000         -   3385534    0.00    0.00    0.00    0.00    0.00    28  |__CPU 3/TCG
07:17:26     1000   3385509         -  193.00    4.00    0.00    0.00  197.00     6  qemu-system-aar
07:17:26     1000         -   3385509    1.00    0.00    0.00    0.00    1.00     6  |__qemu-system-aar
07:17:26     1000         -   3385516    0.00    0.00    0.00    0.00    0.00     0  |__call_rcu
07:17:26     1000         -   3385529   95.00    2.00    0.00    0.00   97.00    20  |__CPU 0/TCG
07:17:26     1000         -   3385531    0.00    0.00    0.00    0.00    0.00     7  |__CPU 1/TCG
07:17:26     1000         -   3385532   97.00    2.00    0.00    0.00   99.00    16  |__CPU 2/TCG
07:17:26     1000         -   3385534    0.00    0.00    0.00    0.00    0.00    28  |__CPU 3/TCG
07:17:27     1000   3385509         -  190.00    5.00    0.00    0.00  195.00     5  qemu-system-aar
07:17:27     1000         -   3385509    0.00    1.00    0.00    0.00    1.00     5  |__qemu-system-aar
07:17:27     1000         -   3385516    0.00    0.00    0.00    0.00    0.00     0  |__call_rcu
07:17:27     1000         -   3385529   94.00    1.00    0.00    0.00   95.00    20  |__CPU 0/TCG
07:17:27     1000         -   3385531    1.00    0.00    0.00    0.00    1.00     3  |__CPU 1/TCG
07:17:27     1000         -   3385532   94.00    4.00    0.00    0.00   98.00    16  |__CPU 2/TCG
07:17:27     1000         -   3385534    0.00    0.00    0.00    0.00    0.00    28  |__CPU 3/TCG
07:17:28     1000   3385509         -  190.00    7.00    0.00    0.00  197.00     5  qemu-system-aar
07:17:28     1000         -   3385509    0.00    2.00    0.00    0.00    2.00     5  |__qemu-system-aar
07:17:28     1000         -   3385516    0.00    0.00    0.00    0.00    0.00     0  |__call_rcu
07:17:28     1000         -   3385529   93.00    1.00    0.00    0.00   94.00    20  |__CPU 0/TCG
07:17:28     1000         -   3385531    0.00    0.00    0.00    0.00    0.00    17  |__CPU 1/TCG
07:17:28     1000         -   3385532   95.00    5.00    0.00    0.00  100.00    16  |__CPU 2/TCG
07:17:28     1000         -   3385534    0.00    0.00    0.00    0.00    0.00    28  |__CPU 3/TCG
07:17:29     1000   3385509         -  191.00    5.00    0.00    0.00  196.00     2  qemu-system-aar
07:17:29     1000         -   3385509    0.00    1.00    0.00    0.00    1.00     2  |__qemu-system-aar
07:17:29     1000         -   3385516    0.00    0.00    0.00    0.00    0.00     0  |__call_rcu
07:17:29     1000         -   3385529   94.00    2.00    0.00    0.00   96.00    20  |__CPU 0/TCG
07:17:29     1000         -   3385531    1.00    0.00    0.00    0.00    1.00    17  |__CPU 1/TCG
07:17:29     1000         -   3385532   95.00    3.00    0.00    0.00   98.00    16  |__CPU 2/TCG
07:17:29     1000         -   3385534    0.00    0.00    0.00    0.00    0.00    28  |__CPU 3/TCG
07:17:30     1000   3385509         -  192.00    5.00    0.00    0.00  197.00     2  qemu-system-aar
07:17:30     1000         -   3385509    1.00    1.00    0.00    0.00    2.00     2  |__qemu-system-aar
07:17:30     1000         -   3385516    0.00    0.00    0.00    0.00    0.00     0  |__call_rcu
07:17:30     1000         -   3385529   95.00    1.00    0.00    0.00   96.00    20  |__CPU 0/TCG
07:17:30     1000         -   3385531    0.00    0.00    0.00    0.00    0.00    17  |__CPU 1/TCG
07:17:30     1000         -   3385532   96.00    4.00    0.00    0.00  100.00    16  |__CPU 2/TCG
07:17:30     1000         -   3385534    0.00    0.00    0.00    0.00    0.00    28  |__CPU 3/TCG
07:17:31     1000   3385509         -  191.00    6.00    0.00    0.00  197.00    19  qemu-system-aar
07:17:31     1000         -   3385509    0.00    1.00    0.00    0.00    1.00    19  |__qemu-system-aar
07:17:31     1000         -   3385516    0.00    0.00    0.00    0.00    0.00     0  |__call_rcu
07:17:31     1000         -   3385529   94.00    2.00    0.00    0.00   96.00    20  |__CPU 0/TCG
07:17:31     1000         -   3385531    1.00    0.00    0.00    0.00    1.00    17  |__CPU 1/TCG
07:17:31     1000         -   3385532   94.00    4.00    0.00    0.00   98.00    16  |__CPU 2/TCG
07:17:31     1000         -   3385534    0.00    0.00    0.00    0.00    0.00    28  |__CPU 3/TCG
07:17:32     1000   3385509         -  191.00    4.00    0.00    0.00  195.00    17  qemu-system-aar
07:17:32     1000         -   3385509    0.00    2.00    0.00    0.00    2.00    17  |__qemu-system-aar
07:17:32     1000         -   3385516    0.00    0.00    0.00    0.00    0.00     0  |__call_rcu
07:17:32     1000         -   3385529   94.00    1.00    0.00    0.00   95.00    20  |__CPU 0/TCG
07:17:32     1000         -   3385531    0.00    0.00    0.00    0.00    0.00    18  |__CPU 1/TCG
07:17:32     1000         -   3385532   96.00    3.00    0.00    0.00   99.00    16  |__CPU 2/TCG
07:17:32     1000         -   3385534    0.00    0.00    0.00    0.00    0.00    28  |__CPU 3/TCG
07:17:33     1000   3385509         -  192.00    5.00    0.00    0.00  197.00    17  qemu-system-aar
07:17:33     1000         -   3385509    0.00    1.00    0.00    0.00    1.00    17  |__qemu-system-aar
07:17:33     1000         -   3385516    0.00    0.00    0.00    0.00    0.00     0  |__call_rcu
07:17:33     1000         -   3385529   94.00    1.00    0.00    0.00   95.00    20  |__CPU 0/TCG
07:17:33     1000         -   3385531    1.00    0.00    0.00    0.00    1.00    19  |__CPU 1/TCG
07:17:33     1000         -   3385532   96.00    4.00    0.00    0.00  100.00    16  |__CPU 2/TCG
07:17:33     1000         -   3385534    0.00    0.00    0.00    0.00    0.00    28  |__CPU 3/TCG
07:17:34     1000   3385509         -  193.00    3.00    0.00    0.00  196.00    18  qemu-system-aar
07:17:34     1000         -   3385509    0.00    1.00    0.00    0.00    1.00    17  |__qemu-system-aar
07:17:34     1000         -   3385516    0.00    0.00    0.00    0.00    0.00     0  |__call_rcu
07:17:34     1000         -   3385529   95.00    1.00    0.00    0.00   96.00    20  |__CPU 0/TCG
07:17:34     1000         -   3385531    0.00    0.00    0.00    0.00    0.00    19  |__CPU 1/TCG
07:17:34     1000         -   3385532   96.00    2.00    0.00    0.00   98.00    16  |__CPU 2/TCG
07:17:34     1000         -   3385534    0.00    0.00    0.00    0.00    0.00    28  |__CPU 3/TCG
07:17:35     1000   3385509         -  193.00    4.00    0.00    0.00  197.00     5  qemu-system-aar
07:17:35     1000         -   3385509    1.00    1.00    0.00    0.00    2.00     5  |__qemu-system-aar
07:17:35     1000         -   3385516    0.00    0.00    0.00    0.00    0.00     0  |__call_rcu
07:17:35     1000         -   3385529   94.00    1.00    0.00    0.00   95.00    20  |__CPU 0/TCG
07:17:35     1000         -   3385531    1.00    0.00    0.00    0.00    1.00    19  |__CPU 1/TCG
07:17:35     1000         -   3385532   97.00    3.00    0.00    0.00  100.00    16  |__CPU 2/TCG
07:17:35     1000         -   3385534    0.00    0.00    0.00    0.00    0.00    28  |__CPU 3/TCG
07:17:36     1000   3385509         -  193.00    4.00    0.00    0.00  197.00    17  qemu-system-aar
07:17:36     1000         -   3385509    1.00    0.00    0.00    0.00    1.00    17  |__qemu-system-aar
07:17:36     1000         -   3385516    0.00    0.00    0.00    0.00    0.00     0  |__call_rcu
07:17:36     1000         -   3385529   95.00    1.00    0.00    0.00   96.00    20  |__CPU 0/TCG
07:17:36     1000         -   3385531    0.00    0.00    0.00    0.00    0.00    18  |__CPU 1/TCG
07:17:36     1000         -   3385532   96.00    2.00    0.00    0.00   98.00    16  |__CPU 2/TCG
07:17:36     1000         -   3385534    0.00    0.00    0.00    0.00    0.00    28  |__CPU 3/TCG
07:17:37     1000   3385509         -  192.00    3.00    0.00    0.00  195.00    17  qemu-system-aar
07:17:37     1000         -   3385509    1.00    1.00    0.00    0.00    2.00    17  |__qemu-system-aar
07:17:37     1000         -   3385516    0.00    0.00    0.00    0.00    0.00     0  |__call_rcu
07:17:37     1000         -   3385529   95.00    1.00    0.00    0.00   96.00    20  |__CPU 0/TCG
07:17:37     1000         -   3385531    1.00    0.00    0.00    0.00    1.00    19  |__CPU 1/TCG
07:17:37     1000         -   3385532   96.00    3.00    0.00    0.00   99.00    16  |__CPU 2/TCG
07:17:37     1000         -   3385534    0.00    0.00    0.00    0.00    0.00    28  |__CPU 3/TCG
07:17:38     1000   3385509         -  192.00    5.00    0.00    0.00  197.00    17  qemu-system-aar
07:17:38     1000         -   3385509    0.00    1.00    0.00    0.00    1.00    17  |__qemu-system-aar
07:17:38     1000         -   3385516    0.00    0.00    0.00    0.00    0.00     0  |__call_rcu
07:17:38     1000         -   3385529   94.00    1.00    0.00    0.00   95.00    20  |__CPU 0/TCG
07:17:38     1000         -   3385531    0.00    0.00    0.00    0.00    0.00    22  |__CPU 1/TCG
07:17:38     1000         -   3385532   96.00    3.00    0.00    0.00   99.00    16  |__CPU 2/TCG
07:17:38     1000         -   3385534    0.00    0.00    0.00    0.00    0.00    28  |__CPU 3/TCG
07:17:39     1000   3385509         -  194.00    3.00    0.00    0.00  197.00    22  qemu-system-aar
07:17:39     1000         -   3385509    0.00    1.00    0.00    0.00    1.00    22  |__qemu-system-aar
07:17:39     1000         -   3385516    0.00    0.00    0.00    0.00    0.00     0  |__call_rcu
07:17:39     1000         -   3385529   95.00    1.00    0.00    0.00   96.00    20  |__CPU 0/TCG
07:17:39     1000         -   3385531    1.00    0.00    0.00    0.00    1.00    19  |__CPU 1/TCG
07:17:39     1000         -   3385532   97.00    2.00    0.00    0.00   99.00    16  |__CPU 2/TCG
07:17:39     1000         -   3385534    0.00    0.00    0.00    0.00    0.00    28  |__CPU 3/TCG
07:17:40     1000   3385509         -  192.00    4.00    0.00    0.00  196.00     6  qemu-system-aar
07:17:40     1000         -   3385509    0.00    2.00    0.00    0.00    2.00     6  |__qemu-system-aar
07:17:40     1000         -   3385516    0.00    0.00    0.00    0.00    0.00     0  |__call_rcu
07:17:40     1000         -   3385529   94.00    2.00    0.00    0.00   96.00    20  |__CPU 0/TCG
07:17:40     1000         -   3385531    1.00    0.00    0.00    0.00    1.00    19  |__CPU 1/TCG
07:17:40     1000         -   3385532   96.00    3.00    0.00    0.00   99.00    16  |__CPU 2/TCG
07:17:40     1000         -   3385534    0.00    0.00    0.00    0.00    0.00    28  |__CPU 3/TCG
07:17:41     1000   3385509         -  193.00    3.00    0.00    0.00  196.00     6  qemu-system-aar
07:17:41     1000         -   3385509    1.00    0.00    0.00    0.00    1.00     6  |__qemu-system-aar
07:17:41     1000         -   3385516    0.00    0.00    0.00    0.00    0.00     0  |__call_rcu
07:17:41     1000         -   3385529   95.00    0.00    0.00    0.00   95.00    20  |__CPU 0/TCG
07:17:41     1000         -   3385531    0.00    0.00    0.00    0.00    0.00    19  |__CPU 1/TCG
07:17:41     1000         -   3385532   96.00    3.00    0.00    0.00   99.00    16  |__CPU 2/TCG
07:17:41     1000         -   3385534    0.00    0.00    0.00    0.00    0.00    28  |__CPU 3/TCG
07:17:42     1000   3385509         -  192.00    5.00    0.00    0.00  197.00     5  qemu-system-aar
07:17:42     1000         -   3385509    1.00    1.00    0.00    0.00    2.00     5  |__qemu-system-aar
07:17:42     1000         -   3385516    0.00    0.00    0.00    0.00    0.00     0  |__call_rcu
07:17:42     1000         -   3385529   95.00    1.00    0.00    0.00   96.00    20  |__CPU 0/TCG
07:17:42     1000         -   3385531    1.00    0.00    0.00    0.00    1.00    22  |__CPU 1/TCG
07:17:42     1000         -   3385532   96.00    3.00    0.00    0.00   99.00    16  |__CPU 2/TCG
07:17:42     1000         -   3385534    0.00    0.00    0.00    0.00    0.00    28  |__CPU 3/TCG
07:17:43     1000   3385509         -  193.00    4.00    0.00    0.00  197.00     5  qemu-system-aar
07:17:43     1000         -   3385509    0.00    1.00    0.00    0.00    1.00     5  |__qemu-system-aar
07:17:43     1000         -   3385516    0.00    0.00    0.00    0.00    0.00     0  |__call_rcu
07:17:43     1000         -   3385529   95.00    1.00    0.00    0.00   96.00    20  |__CPU 0/TCG
07:17:43     1000         -   3385531    0.00    0.00    0.00    0.00    0.00    22  |__CPU 1/TCG
07:17:43     1000         -   3385532   95.00    3.00    0.00    0.00   98.00    16  |__CPU 2/TCG
07:17:43     1000         -   3385534    0.00    0.00    0.00    0.00    0.00    28  |__CPU 3/TCG
07:17:44     1000   3385509         -  192.00    4.00    0.00    0.00  196.00     1  qemu-system-aar
07:17:44     1000         -   3385509    0.00    1.00    0.00    0.00    1.00     1  |__qemu-system-aar
07:17:44     1000         -   3385516    0.00    0.00    0.00    0.00    0.00     0  |__call_rcu
07:17:44     1000         -   3385529   95.00    1.00    0.00    0.00   96.00    20  |__CPU 0/TCG
07:17:44     1000         -   3385531    1.00    0.00    0.00    0.00    1.00    19  |__CPU 1/TCG
07:17:44     1000         -   3385532   96.00    4.00    0.00    0.00  100.00    16  |__CPU 2/TCG
07:17:44     1000         -   3385534    0.00    0.00    0.00    0.00    0.00    28  |__CPU 3/TCG
07:17:45     1000   3385509         -  191.00    6.00    0.00    0.00  197.00     2  qemu-system-aar
07:17:45     1000         -   3385509    0.00    1.00    0.00    0.00    1.00     2  |__qemu-system-aar
07:17:45     1000         -   3385516    0.00    0.00    0.00    0.00    0.00     0  |__call_rcu
07:17:45     1000         -   3385529   94.00    2.00    0.00    1.00   96.00    20  |__CPU 0/TCG
07:17:45     1000         -   3385531    0.00    0.00    0.00    0.00    0.00    19  |__CPU 1/TCG
07:17:45     1000         -   3385532   95.00    3.00    0.00    0.00   98.00    16  |__CPU 2/TCG
07:17:45     1000         -   3385534    0.00    0.00    0.00    0.00    0.00    28  |__CPU 3/TCG
07:17:46     1000   3385509         -  193.00    4.00    0.00    0.00  197.00     2  qemu-system-aar
07:17:46     1000         -   3385509    0.00    2.00    0.00    0.00    2.00     2  |__qemu-system-aar
07:17:46     1000         -   3385516    0.00    0.00    0.00    0.00    0.00     0  |__call_rcu
07:17:46     1000         -   3385529   95.00    0.00    0.00    0.00   95.00    20  |__CPU 0/TCG
07:17:46     1000         -   3385531    1.00    0.00    0.00    0.00    1.00    19  |__CPU 1/TCG
07:17:46     1000         -   3385532   96.00    4.00    0.00    0.00  100.00    16  |__CPU 2/TCG
07:17:46     1000         -   3385534    0.00    0.00    0.00    0.00    0.00    28  |__CPU 3/TCG
07:17:47     1000   3385509         -  193.00    3.00    0.00    0.00  196.00     3  qemu-system-aar
07:17:47     1000         -   3385509    1.00    1.00    0.00    0.00    2.00     3  |__qemu-system-aar
07:17:47     1000         -   3385516    0.00    0.00    0.00    0.00    0.00     0  |__call_rcu
07:17:47     1000         -   3385529   94.00    1.00    0.00    0.00   95.00    20  |__CPU 0/TCG
07:17:47     1000         -   3385531    1.00    0.00    0.00    0.00    1.00    19  |__CPU 1/TCG
07:17:47     1000         -   3385532   97.00    1.00    0.00    0.00   98.00    16  |__CPU 2/TCG
07:17:47     1000         -   3385534    0.00    0.00    0.00    0.00    0.00    28  |__CPU 3/TCG
07:17:48     1000   3385509         -  190.00    6.00    0.00    0.00  196.00     5  qemu-system-aar
07:17:48     1000         -   3385509    0.00    0.00    0.00    0.00    0.00     5  |__qemu-system-aar
07:17:48     1000         -   3385516    0.00    0.00    0.00    0.00    0.00     0  |__call_rcu
07:17:48     1000         -   3385529   94.00    2.00    0.00    0.00   96.00    20  |__CPU 0/TCG
07:17:48     1000         -   3385531    0.00    0.00    0.00    0.00    0.00    23  |__CPU 1/TCG
07:17:48     1000         -   3385532   94.00    5.00    0.00    0.00   99.00     0  |__CPU 2/TCG
07:17:48     1000         -   3385534    0.00    0.00    0.00    0.00    0.00    28  |__CPU 3/TCG
07:17:49     1000   3385509         -  188.00    8.00    0.00    0.00  196.00     1  qemu-system-aar
07:17:49     1000         -   3385509    0.00    2.00    0.00    0.00    2.00     1  |__qemu-system-aar
07:17:49     1000         -   3385516    0.00    0.00    0.00    0.00    0.00     0  |__call_rcu
07:17:49     1000         -   3385529   94.00    2.00    0.00    0.00   96.00    20  |__CPU 0/TCG
07:17:49     1000         -   3385531    1.00    0.00    0.00    0.00    1.00    23  |__CPU 1/TCG
07:17:49     1000         -   3385532   93.00    6.00    0.00    0.00   99.00     0  |__CPU 2/TCG
07:17:49     1000         -   3385534    0.00    0.00    0.00    0.00    0.00    28  |__CPU 3/TCG
07:17:50     1000   3385509         -  188.00    8.00    0.00    0.00  196.00     3  qemu-system-aar
07:17:50     1000         -   3385509    1.00    1.00    0.00    0.00    2.00     3  |__qemu-system-aar
07:17:50     1000         -   3385516    0.00    0.00    0.00    0.00    0.00     0  |__call_rcu
07:17:50     1000         -   3385529   93.00    2.00    0.00    0.00   95.00    20  |__CPU 0/TCG
07:17:50     1000         -   3385531    0.00    0.00    0.00    0.00    0.00    19  |__CPU 1/TCG
07:17:50     1000         -   3385532   93.00    6.00    0.00    0.00   99.00     0  |__CPU 2/TCG
07:17:50     1000         -   3385534    0.00    0.00    0.00    0.00    0.00    28  |__CPU 3/TCG
07:17:51     1000   3385509         -  190.00    6.00    0.00    0.00  196.00     2  qemu-system-aar
07:17:51     1000         -   3385509    0.00    1.00    0.00    0.00    1.00     2  |__qemu-system-aar
07:17:51     1000         -   3385516    0.00    0.00    0.00    0.00    0.00     0  |__call_rcu
07:17:51     1000         -   3385529   93.00    1.00    0.00    0.00   94.00    20  |__CPU 0/TCG
07:17:51     1000         -   3385531    1.00    0.00    0.00    0.00    1.00    19  |__CPU 1/TCG
07:17:51     1000         -   3385532   95.00    4.00    0.00    0.00   99.00    16  |__CPU 2/TCG
07:17:51     1000         -   3385534    0.00    0.00    0.00    0.00    0.00    28  |__CPU 3/TCG
07:17:52     1000   3385509         -  192.00    4.00    0.00    0.00  196.00     6  qemu-system-aar
07:17:52     1000         -   3385509    0.00    1.00    0.00    0.00    1.00     6  |__qemu-system-aar
07:17:52     1000         -   3385516    0.00    0.00    0.00    0.00    0.00     0  |__call_rcu
07:17:52     1000         -   3385529   96.00    0.00    0.00    0.00   96.00    20  |__CPU 0/TCG
07:17:52     1000         -   3385531    0.00    0.00    0.00    0.00    0.00    23  |__CPU 1/TCG
07:17:52     1000         -   3385532   95.00    4.00    0.00    0.00   99.00    16  |__CPU 2/TCG
07:17:52     1000         -   3385534    0.00    0.00    0.00    0.00    0.00    28  |__CPU 3/TCG
07:17:53     1000   3385509         -  192.00    4.00    0.00    0.00  196.00     2  qemu-system-aar
07:17:53     1000         -   3385509    1.00    0.00    0.00    0.00    1.00     2  |__qemu-system-aar
07:17:53     1000         -   3385516    0.00    0.00    0.00    0.00    0.00     0  |__call_rcu
07:17:53     1000         -   3385529   94.00    1.00    0.00    0.00   95.00    20  |__CPU 0/TCG
07:17:53     1000         -   3385531    1.00    0.00    0.00    0.00    1.00    23  |__CPU 1/TCG
07:17:53     1000         -   3385532   96.00    3.00    0.00    0.00   99.00    16  |__CPU 2/TCG
07:17:53     1000         -   3385534    0.00    0.00    0.00    0.00    0.00    28  |__CPU 3/TCG
07:17:54     1000   3385509         -  192.00    5.00    0.00    0.00  197.00     7  qemu-system-aar
07:17:54     1000         -   3385509    1.00    1.00    0.00    0.00    2.00     7  |__qemu-system-aar
07:17:54     1000         -   3385516    0.00    0.00    0.00    0.00    0.00     0  |__call_rcu
07:17:54     1000         -   3385529   94.00    2.00    0.00    0.00   96.00    20  |__CPU 0/TCG
07:17:54     1000         -   3385531    0.00    0.00    0.00    0.00    0.00    23  |__CPU 1/TCG
07:17:54     1000         -   3385532   96.00    3.00    0.00    0.00   99.00    16  |__CPU 2/TCG
07:17:54     1000         -   3385534    0.00    0.00    0.00    0.00    0.00    28  |__CPU 3/TCG
07:17:55     1000   3385509         -  192.00    4.00    0.00    0.00  196.00    19  qemu-system-aar
07:17:55     1000         -   3385509    1.00    0.00    0.00    0.00    1.00    19  |__qemu-system-aar
07:17:55     1000         -   3385516    0.00    0.00    0.00    0.00    0.00     0  |__call_rcu
07:17:55     1000         -   3385529   95.00    0.00    0.00    0.00   95.00    20  |__CPU 0/TCG
07:17:55     1000         -   3385531    1.00    0.00    0.00    0.00    1.00    21  |__CPU 1/TCG
07:17:55     1000         -   3385532   95.00    4.00    0.00    0.00   99.00    16  |__CPU 2/TCG
07:17:55     1000         -   3385534    0.00    0.00    0.00    0.00    0.00    28  |__CPU 3/TCG
07:17:56     1000   3385509         -  192.00    5.00    0.00    0.00  197.00     1  qemu-system-aar
07:17:56     1000         -   3385509    0.00    1.00    0.00    0.00    1.00     1  |__qemu-system-aar
07:17:56     1000         -   3385516    0.00    0.00    0.00    0.00    0.00     0  |__call_rcu
07:17:56     1000         -   3385529   94.00    2.00    0.00    0.00   96.00    20  |__CPU 0/TCG
07:17:56     1000         -   3385531    0.00    0.00    0.00    0.00    0.00    23  |__CPU 1/TCG
07:17:56     1000         -   3385532   96.00    3.00    0.00    0.00   99.00    16  |__CPU 2/TCG
07:17:56     1000         -   3385534    0.00    0.00    0.00    0.00    0.00    28  |__CPU 3/TCG
07:17:57     1000   3385509         -  193.00    3.00    0.00    0.00  196.00    20  qemu-system-aar
07:17:57     1000         -   3385509    2.00    0.00    0.00    0.00    2.00    20  |__qemu-system-aar
07:17:57     1000         -   3385516    0.00    0.00    0.00    0.00    0.00     0  |__call_rcu
07:17:57     1000         -   3385529   95.00    0.00    0.00    0.00   95.00     4  |__CPU 0/TCG
07:17:57     1000         -   3385531    1.00    0.00    0.00    0.00    1.00    21  |__CPU 1/TCG
07:17:57     1000         -   3385532   96.00    3.00    0.00    0.00   99.00    16  |__CPU 2/TCG
07:17:57     1000         -   3385534    0.00    0.00    0.00    0.00    0.00    28  |__CPU 3/TCG
07:17:58     1000   3385509         -  193.00    4.00    0.00    0.00  197.00     2  qemu-system-aar
07:17:58     1000         -   3385509    0.00    2.00    0.00    0.00    2.00     2  |__qemu-system-aar
07:17:58     1000         -   3385516    0.00    0.00    0.00    0.00    0.00     0  |__call_rcu
07:17:58     1000         -   3385529   95.00    1.00    0.00    0.00   96.00    20  |__CPU 0/TCG
07:17:58     1000         -   3385531    1.00    0.00    0.00    0.00    1.00    21  |__CPU 1/TCG
07:17:58     1000         -   3385532   96.00    3.00    0.00    0.00   99.00    16  |__CPU 2/TCG
07:17:58     1000         -   3385534    0.00    0.00    0.00    0.00    0.00    28  |__CPU 3/TCG
07:17:59     1000   3385509         -  194.00    3.00    0.00    0.00  197.00    16  qemu-system-aar
07:17:59     1000         -   3385509    1.00    1.00    0.00    0.00    2.00    16  |__qemu-system-aar
07:17:59     1000         -   3385516    0.00    0.00    0.00    0.00    0.00     0  |__call_rcu
07:17:59     1000         -   3385529   94.00    1.00    0.00    0.00   95.00    20  |__CPU 0/TCG
07:17:59     1000         -   3385531    0.00    0.00    0.00    0.00    0.00    23  |__CPU 1/TCG
07:17:59     1000         -   3385532   96.00    3.00    0.00    0.00   99.00     0  |__CPU 2/TCG
07:17:59     1000         -   3385534    0.00    0.00    0.00    0.00    0.00    28  |__CPU 3/TCG
07:18:00     1000   3385509         -  195.00    2.00    0.00    0.00  197.00    16  qemu-system-aar
07:18:00     1000         -   3385509    1.00    1.00    0.00    0.00    2.00    16  |__qemu-system-aar
07:18:00     1000         -   3385516    0.00    0.00    0.00    0.00    0.00     0  |__call_rcu
07:18:00     1000         -   3385529   95.00    1.00    0.00    0.00   96.00    20  |__CPU 0/TCG
07:18:00     1000         -   3385531    1.00    0.00    0.00    0.00    1.00    23  |__CPU 1/TCG
07:18:00     1000         -   3385532   98.00    0.00    0.00    0.00   98.00     0  |__CPU 2/TCG
07:18:00     1000         -   3385534    0.00    0.00    0.00    0.00    0.00    28  |__CPU 3/TCG
07:18:01     1000   3385509         -  197.00    1.00    0.00    0.00  198.00    16  qemu-system-aar
07:18:01     1000         -   3385509    1.00    2.00    0.00    0.00    3.00    16  |__qemu-system-aar
07:18:01     1000         -   3385516    0.00    0.00    0.00    0.00    0.00     0  |__call_rcu
07:18:01     1000         -   3385529   95.00    0.00    0.00    0.00   95.00    20  |__CPU 0/TCG
07:18:01     1000         -   3385531    0.00    0.00    0.00    0.00    0.00    21  |__CPU 1/TCG
07:18:01     1000         -   3385532   98.00    1.00    0.00    0.00   99.00     0  |__CPU 2/TCG
07:18:01     1000         -   3385534    0.00    0.00    0.00    0.00    0.00    28  |__CPU 3/TCG
07:18:02     1000   3385509         -  192.00    4.00    0.00    0.00  196.00     3  qemu-system-aar
07:18:02     1000         -   3385509    0.00    1.00    0.00    0.00    1.00     3  |__qemu-system-aar
07:18:02     1000         -   3385516    0.00    0.00    0.00    0.00    0.00     0  |__call_rcu
07:18:02     1000         -   3385529   95.00    1.00    0.00    0.00   96.00    20  |__CPU 0/TCG
07:18:02     1000         -   3385531    1.00    0.00    0.00    0.00    1.00    21  |__CPU 1/TCG
07:18:02     1000         -   3385532   96.00    4.00    0.00    0.00  100.00     0  |__CPU 2/TCG
07:18:02     1000         -   3385534    0.00    0.00    0.00    0.00    0.00    28  |__CPU 3/TCG
07:18:03     1000   3385509         -  190.00    7.00    0.00    0.00  197.00     2  qemu-system-aar
07:18:03     1000         -   3385509    1.00    1.00    0.00    0.00    2.00     2  |__qemu-system-aar
07:18:03     1000         -   3385516    0.00    0.00    0.00    0.00    0.00     0  |__call_rcu
07:18:03     1000         -   3385529   94.00    1.00    0.00    0.00   95.00    20  |__CPU 0/TCG
07:18:03     1000         -   3385531    1.00    0.00    0.00    0.00    1.00     1  |__CPU 1/TCG
07:18:03     1000         -   3385532   93.00    5.00    0.00    0.00   98.00    16  |__CPU 2/TCG
07:18:03     1000         -   3385534    0.00    0.00    0.00    0.00    0.00    28  |__CPU 3/TCG
07:18:04     1000   3385509         -  193.00    4.00    0.00    0.00  197.00     2  qemu-system-aar
07:18:04     1000         -   3385509    1.00    0.00    0.00    0.00    1.00     2  |__qemu-system-aar
07:18:04     1000         -   3385516    0.00    0.00    0.00    0.00    0.00     0  |__call_rcu
07:18:04     1000         -   3385529   95.00    1.00    0.00    0.00   96.00    20  |__CPU 0/TCG
07:18:04     1000         -   3385531    0.00    0.00    0.00    0.00    0.00     1  |__CPU 1/TCG
07:18:04     1000         -   3385532   97.00    3.00    0.00    0.00  100.00    16  |__CPU 2/TCG
07:18:04     1000         -   3385534    0.00    0.00    0.00    0.00    0.00    28  |__CPU 3/TCG
07:18:05     1000   3385509         -  192.00    4.00    0.00    0.00  196.00     2  qemu-system-aar
07:18:05     1000         -   3385509    1.00    0.00    0.00    0.00    1.00     2  |__qemu-system-aar
07:18:05     1000         -   3385516    0.00    0.00    0.00    0.00    0.00     0  |__call_rcu
07:18:05     1000         -   3385529   95.00    1.00    0.00    0.00   96.00     4  |__CPU 0/TCG
07:18:05     1000         -   3385531    1.00    0.00    0.00    0.00    1.00     1  |__CPU 1/TCG
07:18:05     1000         -   3385532   95.00    3.00    0.00    0.00   98.00    16  |__CPU 2/TCG
07:18:05     1000         -   3385534    0.00    0.00    0.00    0.00    0.00    28  |__CPU 3/TCG
07:18:06     1000   3385509         -  190.00    6.00    0.00    0.00  196.00     6  qemu-system-aar
07:18:06     1000         -   3385509    1.00    1.00    0.00    0.00    2.00     6  |__qemu-system-aar
07:18:06     1000         -   3385516    0.00    0.00    0.00    0.00    0.00     0  |__call_rcu
07:18:06     1000         -   3385529   94.00    1.00    0.00    0.00   95.00     4  |__CPU 0/TCG
07:18:06     1000         -   3385531    1.00    0.00    0.00    0.00    1.00     1  |__CPU 1/TCG
07:18:06     1000         -   3385532   94.00    5.00    0.00    0.00   99.00    16  |__CPU 2/TCG
07:18:06     1000         -   3385534    0.00    0.00    0.00    0.00    0.00    28  |__CPU 3/TCG
07:18:07     1000   3385509         -  192.00    5.00    0.00    0.00  197.00    17  qemu-system-aar
07:18:07     1000         -   3385509    0.00    1.00    0.00    0.00    1.00    17  |__qemu-system-aar
07:18:07     1000         -   3385516    0.00    0.00    0.00    0.00    0.00     0  |__call_rcu
07:18:07     1000         -   3385529   94.00    2.00    0.00    0.00   96.00     4  |__CPU 0/TCG
07:18:07     1000         -   3385531    0.00    0.00    0.00    0.00    0.00     1  |__CPU 1/TCG
07:18:07     1000         -   3385532   96.00    3.00    0.00    0.00   99.00    16  |__CPU 2/TCG
07:18:07     1000         -   3385534    0.00    0.00    0.00    0.00    0.00    28  |__CPU 3/TCG
07:18:08     1000   3385509         -  192.00    4.00    0.00    0.00  196.00     6  qemu-system-aar
07:18:08     1000         -   3385509    2.00    0.00    0.00    0.00    2.00     6  |__qemu-system-aar
07:18:08     1000         -   3385516    0.00    0.00    0.00    0.00    0.00     0  |__call_rcu
07:18:08     1000         -   3385529   94.00    1.00    0.00    0.00   95.00     4  |__CPU 0/TCG
07:18:08     1000         -   3385531    0.00    0.00    0.00    0.00    0.00     1  |__CPU 1/TCG
07:18:08     1000         -   3385532   95.00    3.00    0.00    0.00   98.00    16  |__CPU 2/TCG
07:18:08     1000         -   3385534    0.00    0.00    0.00    0.00    0.00    28  |__CPU 3/TCG
07:18:09     1000   3385509         -  193.00    3.00    0.00    0.00  196.00    17  qemu-system-aar
07:18:09     1000         -   3385509    1.00    0.00    0.00    0.00    1.00    17  |__qemu-system-aar
07:18:09     1000         -   3385516    0.00    0.00    0.00    0.00    0.00     0  |__call_rcu
07:18:09     1000         -   3385529   95.00    0.00    0.00    0.00   95.00    20  |__CPU 0/TCG
07:18:09     1000         -   3385531    1.00    0.00    0.00    0.00    1.00     3  |__CPU 1/TCG
07:18:09     1000         -   3385532   97.00    3.00    0.00    0.00  100.00    16  |__CPU 2/TCG
07:18:09     1000         -   3385534    0.00    0.00    0.00    0.00    0.00    28  |__CPU 3/TCG
07:18:10     1000   3385509         -  192.00    5.00    0.00    0.00  197.00    21  qemu-system-aar
07:18:10     1000         -   3385509    0.00    1.00    0.00    0.00    1.00    21  |__qemu-system-aar
07:18:10     1000         -   3385516    0.00    0.00    0.00    0.00    0.00     0  |__call_rcu
07:18:10     1000         -   3385529   95.00    1.00    0.00    0.00   96.00    20  |__CPU 0/TCG
07:18:10     1000         -   3385531    1.00    0.00    0.00    0.00    1.00     3  |__CPU 1/TCG
07:18:10     1000         -   3385532   95.00    4.00    0.00    0.00   99.00     0  |__CPU 2/TCG
07:18:10     1000         -   3385534    0.00    0.00    0.00    0.00    0.00    28  |__CPU 3/TCG
07:18:11     1000   3385509         -  190.00    7.00    0.00    0.00  197.00    21  qemu-system-aar
07:18:11     1000         -   3385509    0.00    1.00    0.00    0.00    1.00    21  |__qemu-system-aar
07:18:11     1000         -   3385516    0.00    0.00    0.00    0.00    0.00     0  |__call_rcu
07:18:11     1000         -   3385529   93.00    2.00    0.00    0.00   95.00    20  |__CPU 0/TCG
07:18:11     1000         -   3385531    0.00    0.00    0.00    0.00    0.00     3  |__CPU 1/TCG
07:18:11     1000         -   3385532   95.00    4.00    0.00    0.00   99.00     0  |__CPU 2/TCG
07:18:11     1000         -   3385534    0.00    0.00    0.00    0.00    0.00    28  |__CPU 3/TCG
07:18:12     1000   3385509         -  189.00    6.00    0.00    0.00  195.00    17  qemu-system-aar
07:18:12     1000         -   3385509    1.00    1.00    0.00    0.00    2.00    17  |__qemu-system-aar
07:18:12     1000         -   3385516    0.00    0.00    0.00    0.00    0.00     0  |__call_rcu
07:18:12     1000         -   3385529   92.00    3.00    0.00    0.00   95.00    20  |__CPU 0/TCG
07:18:12     1000         -   3385531    1.00    0.00    0.00    0.00    1.00     3  |__CPU 1/TCG
07:18:12     1000         -   3385532   95.00    4.00    0.00    0.00   99.00     0  |__CPU 2/TCG
07:18:12     1000         -   3385534    0.00    0.00    0.00    0.00    0.00    28  |__CPU 3/TCG
07:18:13     1000   3385509         -  190.00    6.00    0.00    0.00  196.00    17  qemu-system-aar
07:18:13     1000         -   3385509    0.00    1.00    0.00    0.00    1.00    17  |__qemu-system-aar
07:18:13     1000         -   3385516    0.00    0.00    0.00    0.00    0.00     0  |__call_rcu
07:18:13     1000         -   3385529   94.00    2.00    0.00    0.00   96.00    20  |__CPU 0/TCG
07:18:13     1000         -   3385531    1.00    0.00    0.00    0.00    1.00     1  |__CPU 1/TCG
07:18:13     1000         -   3385532   94.00    4.00    0.00    0.00   98.00     0  |__CPU 2/TCG
07:18:13     1000         -   3385534    0.00    0.00    0.00    0.00    0.00    28  |__CPU 3/TCG
07:18:14     1000   3385509         -  194.00    3.00    0.00    0.00  197.00    16  qemu-system-aar
07:18:14     1000         -   3385509    1.00    1.00    0.00    0.00    2.00    16  |__qemu-system-aar
07:18:14     1000         -   3385516    0.00    0.00    0.00    0.00    0.00     0  |__call_rcu
07:18:14     1000         -   3385529   94.00    0.00    0.00    0.00   94.00    20  |__CPU 0/TCG
07:18:14     1000         -   3385531    0.00    0.00    0.00    0.00    0.00     1  |__CPU 1/TCG
07:18:14     1000         -   3385532   97.00    2.00    0.00    0.00   99.00     0  |__CPU 2/TCG
07:18:14     1000         -   3385534    0.00    0.00    0.00    0.00    0.00    28  |__CPU 3/TCG
07:18:15     1000   3385509         -  196.00    1.00    0.00    0.00  197.00    16  qemu-system-aar
07:18:15     1000         -   3385509    1.00    1.00    0.00    0.00    2.00    16  |__qemu-system-aar
07:18:15     1000         -   3385516    0.00    0.00    0.00    0.00    0.00     0  |__call_rcu
07:18:15     1000         -   3385529   96.00    1.00    0.00    0.00   97.00    20  |__CPU 0/TCG
07:18:15     1000         -   3385531    0.00    0.00    0.00    0.00    0.00     1  |__CPU 1/TCG
07:18:15     1000         -   3385532   98.00    1.00    0.00    0.00   99.00     0  |__CPU 2/TCG
07:18:15     1000         -   3385534    0.00    0.00    0.00    0.00    0.00    28  |__CPU 3/TCG
07:18:16     1000   3385509         -  196.00    1.00    0.00    0.00  197.00    16  qemu-system-aar
07:18:16     1000         -   3385509    0.00    3.00    0.00    0.00    3.00    16  |__qemu-system-aar
07:18:16     1000         -   3385516    0.00    0.00    0.00    0.00    0.00     0  |__call_rcu
07:18:16     1000         -   3385529   95.00    0.00    0.00    0.00   95.00    20  |__CPU 0/TCG
07:18:16     1000         -   3385531    0.00    0.00    0.00    0.00    0.00     1  |__CPU 1/TCG
07:18:16     1000         -   3385532   99.00    0.00    0.00    0.00   99.00     0  |__CPU 2/TCG
07:18:16     1000         -   3385534    0.00    0.00    0.00    0.00    0.00    28  |__CPU 3/TCG
07:18:17     1000   3385509         -  195.00    2.00    0.00    0.00  197.00    16  qemu-system-aar
07:18:17     1000         -   3385509    1.00    2.00    0.00    0.00    3.00    16  |__qemu-system-aar
07:18:17     1000         -   3385516    0.00    0.00    0.00    0.00    0.00     0  |__call_rcu
07:18:17     1000         -   3385529   95.00    1.00    0.00    0.00   96.00    20  |__CPU 0/TCG
07:18:17     1000         -   3385531    1.00    0.00    0.00    0.00    1.00     1  |__CPU 1/TCG
07:18:17     1000         -   3385532   98.00    1.00    0.00    0.00   99.00     0  |__CPU 2/TCG
07:18:17     1000         -   3385534    0.00    0.00    0.00    0.00    0.00    28  |__CPU 3/TCG
07:18:18     1000   3385509         -  197.00    1.00    0.00    0.00  198.00    16  qemu-system-aar
07:18:18     1000         -   3385509    1.00    1.00    0.00    0.00    2.00    16  |__qemu-system-aar
07:18:18     1000         -   3385516    0.00    0.00    0.00    0.00    0.00     0  |__call_rcu
07:18:18     1000         -   3385529   95.00    0.00    0.00    0.00   95.00    20  |__CPU 0/TCG
07:18:18     1000         -   3385531    0.00    0.00    0.00    0.00    0.00     1  |__CPU 1/TCG
07:18:18     1000         -   3385532   97.00    1.00    0.00    0.00   98.00     0  |__CPU 2/TCG
07:18:18     1000         -   3385534    0.00    0.00    0.00    0.00    0.00    28  |__CPU 3/TCG
07:18:19     1000   3385509         -  196.00    1.00    0.00    0.00  197.00    16  qemu-system-aar
07:18:19     1000         -   3385509    3.00    0.00    0.00    0.00    3.00    16  |__qemu-system-aar
07:18:19     1000         -   3385516    0.00    0.00    0.00    0.00    0.00     0  |__call_rcu
07:18:19     1000         -   3385529   96.00    1.00    0.00    0.00   97.00    20  |__CPU 0/TCG
07:18:19     1000         -   3385531    0.00    0.00    0.00    0.00    0.00     3  |__CPU 1/TCG
07:18:19     1000         -   3385532   98.00    1.00    0.00    0.00   99.00     0  |__CPU 2/TCG
07:18:19     1000         -   3385534    0.00    0.00    0.00    0.00    0.00    28  |__CPU 3/TCG
07:18:20     1000   3385509         -  195.00    2.00    0.00    0.00  197.00    16  qemu-system-aar
07:18:20     1000         -   3385509    0.00    2.00    0.00    0.00    2.00    16  |__qemu-system-aar
07:18:20     1000         -   3385516    0.00    0.00    0.00    0.00    0.00     0  |__call_rcu
07:18:20     1000         -   3385529   94.00    0.00    0.00    0.00   94.00    20  |__CPU 0/TCG
07:18:20     1000         -   3385531    1.00    0.00    0.00    0.00    1.00     3  |__CPU 1/TCG
07:18:20     1000         -   3385532   98.00    1.00    0.00    0.00   99.00     0  |__CPU 2/TCG
07:18:20     1000         -   3385534    0.00    0.00    0.00    0.00    0.00    28  |__CPU 3/TCG
07:18:21     1000   3385509         -  197.00    1.00    0.00    0.00  198.00    16  qemu-system-aar
07:18:21     1000         -   3385509    1.00    2.00    0.00    0.00    3.00    16  |__qemu-system-aar
07:18:21     1000         -   3385516    0.00    0.00    0.00    0.00    0.00     0  |__call_rcu
07:18:21     1000         -   3385529   96.00    1.00    0.00    0.00   97.00    20  |__CPU 0/TCG
07:18:21     1000         -   3385531    0.00    1.00    0.00    0.00    1.00     1  |__CPU 1/TCG
07:18:21     1000         -   3385532   99.00    0.00    0.00    0.00   99.00     0  |__CPU 2/TCG
07:18:21     1000         -   3385534    0.00    0.00    0.00    0.00    0.00    28  |__CPU 3/TCG
07:18:22     1000   3385509         -  196.00    1.00    0.00    0.00  197.00    16  qemu-system-aar
07:18:22     1000         -   3385509    0.00    3.00    0.00    0.00    3.00    16  |__qemu-system-aar
07:18:22     1000         -   3385516    0.00    0.00    0.00    0.00    0.00     0  |__call_rcu
07:18:22     1000         -   3385529   95.00    0.00    0.00    0.00   95.00    20  |__CPU 0/TCG
07:18:22     1000         -   3385531    1.00    0.00    0.00    0.00    1.00     1  |__CPU 1/TCG
07:18:22     1000         -   3385532   98.00    1.00    0.00    0.00   99.00     0  |__CPU 2/TCG
07:18:22     1000         -   3385534    0.00    0.00    0.00    0.00    0.00    28  |__CPU 3/TCG
07:18:23     1000   3385509         -  192.00    5.00    0.00    0.00  197.00    17  qemu-system-aar
07:18:23     1000         -   3385509    1.00    1.00    0.00    0.00    2.00    17  |__qemu-system-aar
07:18:23     1000         -   3385516    0.00    0.00    0.00    0.00    0.00     0  |__call_rcu
07:18:23     1000         -   3385529   94.00    1.00    0.00    0.00   95.00     4  |__CPU 0/TCG
07:18:23     1000         -   3385531    0.00    0.00    0.00    0.00    0.00     3  |__CPU 1/TCG
07:18:23     1000         -   3385532   95.00    3.00    0.00    0.00   98.00    16  |__CPU 2/TCG
07:18:23     1000         -   3385534    0.00    0.00    0.00    0.00    0.00    28  |__CPU 3/TCG
07:18:24     1000   3385509         -  192.00    4.00    0.00    0.00  196.00    17  qemu-system-aar
07:18:24     1000         -   3385509    0.00    1.00    0.00    0.00    1.00    17  |__qemu-system-aar
07:18:24     1000         -   3385516    0.00    0.00    0.00    0.00    0.00     0  |__call_rcu
07:18:24     1000         -   3385529   95.00    1.00    0.00    0.00   96.00    20  |__CPU 0/TCG
07:18:24     1000         -   3385531    1.00    0.00    0.00    0.00    1.00     3  |__CPU 1/TCG
07:18:24     1000         -   3385532   96.00    4.00    0.00    0.00  100.00    16  |__CPU 2/TCG
07:18:24     1000         -   3385534    0.00    0.00    0.00    0.00    0.00    28  |__CPU 3/TCG
07:18:25     1000   3385509         -  192.00    5.00    0.00    0.00  197.00    19  qemu-system-aar
07:18:25     1000         -   3385509    0.00    1.00    0.00    0.00    1.00    19  |__qemu-system-aar
07:18:25     1000         -   3385516    0.00    0.00    0.00    0.00    0.00     0  |__call_rcu
07:18:25     1000         -   3385529   94.00    1.00    0.00    0.00   95.00    20  |__CPU 0/TCG
07:18:25     1000         -   3385531    0.00    0.00    0.00    0.00    0.00     1  |__CPU 1/TCG
07:18:25     1000         -   3385532   95.00    3.00    0.00    0.00   98.00    16  |__CPU 2/TCG
07:18:25     1000         -   3385534    0.00    0.00    0.00    0.00    0.00    28  |__CPU 3/TCG
07:18:26     1000   3385509         -  191.00    5.00    0.00    0.00  196.00    18  qemu-system-aar
07:18:26     1000         -   3385509    1.00    1.00    0.00    0.00    2.00    18  |__qemu-system-aar
07:18:26     1000         -   3385516    0.00    0.00    0.00    0.00    0.00     0  |__call_rcu
07:18:26     1000         -   3385529   95.00    2.00    0.00    0.00   97.00    20  |__CPU 0/TCG
07:18:26     1000         -   3385531    1.00    0.00    0.00    0.00    1.00     3  |__CPU 1/TCG
07:18:26     1000         -   3385532   95.00    4.00    0.00    0.00   99.00     0  |__CPU 2/TCG
07:18:26     1000         -   3385534    0.00    0.00    0.00    0.00    0.00    28  |__CPU 3/TCG
07:18:27     1000   3385509         -  190.00    6.00    0.00    0.00  196.00    18  qemu-system-aar
07:18:27     1000         -   3385509    0.00    1.00    0.00    0.00    1.00    18  |__qemu-system-aar
07:18:27     1000         -   3385516    0.00    0.00    0.00    0.00    0.00     0  |__call_rcu
07:18:27     1000         -   3385529   93.00    2.00    0.00    0.00   95.00    20  |__CPU 0/TCG
07:18:27     1000         -   3385531    0.00    0.00    0.00    0.00    0.00     3  |__CPU 1/TCG
07:18:27     1000         -   3385532   95.00    4.00    0.00    0.00   99.00    16  |__CPU 2/TCG
07:18:27     1000         -   3385534    0.00    0.00    0.00    0.00    0.00    28  |__CPU 3/TCG
07:18:28     1000   3385509         -  191.00    5.00    0.00    0.00  196.00    21  qemu-system-aar
07:18:28     1000         -   3385509    0.00    1.00    0.00    0.00    1.00    21  |__qemu-system-aar
07:18:28     1000         -   3385516    0.00    0.00    0.00    0.00    0.00     0  |__call_rcu
07:18:28     1000         -   3385529   94.00    1.00    0.00    0.00   95.00    20  |__CPU 0/TCG
07:18:28     1000         -   3385531    1.00    0.00    0.00    0.00    1.00     3  |__CPU 1/TCG
07:18:28     1000         -   3385532   96.00    4.00    0.00    0.00  100.00    16  |__CPU 2/TCG
07:18:28     1000         -   3385534    0.00    0.00    0.00    0.00    0.00    28  |__CPU 3/TCG
07:18:29     1000   3385509         -  192.00    5.00    0.00    0.00  197.00    22  qemu-system-aar
07:18:29     1000         -   3385509    0.00    1.00    0.00    0.00    1.00    22  |__qemu-system-aar
07:18:29     1000         -   3385516    0.00    0.00    0.00    0.00    0.00     0  |__call_rcu
07:18:29     1000         -   3385529   94.00    1.00    0.00    0.00   95.00    20  |__CPU 0/TCG
07:18:29     1000         -   3385531    1.00    0.00    0.00    0.00    1.00    21  |__CPU 1/TCG
07:18:29     1000         -   3385532   95.00    3.00    0.00    0.00   98.00    16  |__CPU 2/TCG
07:18:29     1000         -   3385534    0.00    0.00    0.00    0.00    0.00    28  |__CPU 3/TCG
07:18:30     1000   3385509         -  192.00    4.00    0.00    0.00  196.00    22  qemu-system-aar
07:18:30     1000         -   3385509    1.00    1.00    0.00    0.00    2.00    22  |__qemu-system-aar
07:18:30     1000         -   3385516    0.00    0.00    0.00    0.00    0.00     0  |__call_rcu
07:18:30     1000         -   3385529   94.00    2.00    0.00    0.00   96.00    20  |__CPU 0/TCG
07:18:30     1000         -   3385531    0.00    0.00    0.00    0.00    0.00    21  |__CPU 1/TCG
07:18:30     1000         -   3385532   96.00    3.00    0.00    0.00   99.00    16  |__CPU 2/TCG
07:18:30     1000         -   3385534    0.00    0.00    0.00    0.00    0.00    28  |__CPU 3/TCG
07:18:31     1000   3385509         -  190.00    6.00    0.00    0.00  196.00    22  qemu-system-aar
07:18:31     1000         -   3385509    0.00    1.00    0.00    0.00    1.00    22  |__qemu-system-aar
07:18:31     1000         -   3385516    0.00    0.00    0.00    0.00    0.00     0  |__call_rcu
07:18:31     1000         -   3385529   94.00    1.00    0.00    0.00   95.00     4  |__CPU 0/TCG
07:18:31     1000         -   3385531    1.00    0.00    0.00    0.00    1.00    21  |__CPU 1/TCG
07:18:31     1000         -   3385532   95.00    4.00    0.00    0.00   99.00    16  |__CPU 2/TCG
07:18:31     1000         -   3385534    0.00    0.00    0.00    0.00    0.00    28  |__CPU 3/TCG
07:18:32     1000   3385509         -  192.00    4.00    0.00    0.00  196.00     3  qemu-system-aar
07:18:32     1000         -   3385509    1.00    0.00    0.00    0.00    1.00     3  |__qemu-system-aar
07:18:32     1000         -   3385516    0.00    0.00    0.00    0.00    0.00     0  |__call_rcu
07:18:32     1000         -   3385529   94.00    1.00    0.00    0.00   95.00    20  |__CPU 0/TCG
07:18:32     1000         -   3385531    1.00    0.00    0.00    0.00    1.00    21  |__CPU 1/TCG
07:18:32     1000         -   3385532   96.00    3.00    0.00    0.00   99.00    16  |__CPU 2/TCG
07:18:32     1000         -   3385534    0.00    0.00    0.00    0.00    0.00    28  |__CPU 3/TCG
07:18:33     1000   3385509         -  194.00    3.00    0.00    0.00  197.00     5  qemu-system-aar
07:18:33     1000         -   3385509    1.00    1.00    0.00    0.00    2.00     5  |__qemu-system-aar
07:18:33     1000         -   3385516    0.00    0.00    0.00    0.00    0.00     0  |__call_rcu
07:18:33     1000         -   3385529   95.00    1.00    0.00    0.00   96.00    20  |__CPU 0/TCG
07:18:33     1000         -   3385531    0.00    0.00    0.00    0.00    0.00    21  |__CPU 1/TCG
07:18:33     1000         -   3385532   97.00    2.00    0.00    0.00   99.00    16  |__CPU 2/TCG
07:18:33     1000         -   3385534    0.00    0.00    0.00    0.00    0.00    28  |__CPU 3/TCG
07:18:34     1000   3385509         -  193.00    3.00    0.00    0.00  196.00     7  qemu-system-aar
07:18:34     1000         -   3385509    1.00    0.00    0.00    0.00    1.00     7  |__qemu-system-aar
07:18:34     1000         -   3385516    0.00    0.00    0.00    0.00    0.00     0  |__call_rcu
07:18:34     1000         -   3385529   95.00    1.00    0.00    0.00   96.00    20  |__CPU 0/TCG
07:18:34     1000         -   3385531    1.00    0.00    0.00    0.00    1.00    22  |__CPU 1/TCG
07:18:34     1000         -   3385532   96.00    3.00    0.00    0.00   99.00    16  |__CPU 2/TCG
07:18:34     1000         -   3385534    0.00    0.00    0.00    0.00    0.00    28  |__CPU 3/TCG
07:18:35     1000   3385509         -  191.00    5.00    0.00    0.00  196.00     5  qemu-system-aar
07:18:35     1000         -   3385509    1.00    1.00    0.00    0.00    2.00     5  |__qemu-system-aar
07:18:35     1000         -   3385516    0.00    0.00    0.00    0.00    0.00     0  |__call_rcu
07:18:35     1000         -   3385529   94.00    1.00    0.00    0.00   95.00    20  |__CPU 0/TCG
07:18:35     1000         -   3385531    0.00    0.00    0.00    0.00    0.00    21  |__CPU 1/TCG
07:18:35     1000         -   3385532   95.00    3.00    0.00    0.00   98.00    16  |__CPU 2/TCG
07:18:35     1000         -   3385534    0.00    0.00    0.00    0.00    0.00    28  |__CPU 3/TCG
07:18:36     1000   3385509         -  193.00    6.00    0.00    0.00  199.00     2  qemu-system-aar
07:18:36     1000         -   3385509    0.00    1.00    0.00    0.00    1.00     2  |__qemu-system-aar
07:18:36     1000         -   3385516    0.00    0.00    0.00    0.00    0.00     0  |__call_rcu
07:18:36     1000         -   3385529   97.00    1.00    0.00    0.00   98.00    20  |__CPU 0/TCG
07:18:36     1000         -   3385531    1.00    0.00    0.00    0.00    1.00    21  |__CPU 1/TCG
07:18:36     1000         -   3385532   94.00    5.00    0.00    0.00   99.00    16  |__CPU 2/TCG
07:18:36     1000         -   3385534    0.00    0.00    0.00    0.00    0.00    28  |__CPU 3/TCG
07:18:37     1000   3385509         -  187.00   15.00    0.00    0.00  202.00    11  qemu-system-aar
07:18:37     1000         -   3385509    0.00    1.00    0.00    0.00    1.00    11  |__qemu-system-aar
07:18:37     1000         -   3385516    0.00    0.00    0.00    0.00    0.00     0  |__call_rcu
07:18:37     1000         -   3385529   97.00    2.00    0.00    0.00   99.00    20  |__CPU 0/TCG
07:18:37     1000         -   3385531    0.00    0.00    0.00    0.00    0.00    17  |__CPU 1/TCG
07:18:37     1000         -   3385532   88.00   12.00    0.00    0.00  100.00    16  |__CPU 2/TCG
07:18:37     1000         -   3385534    0.00    0.00    0.00    0.00    0.00    28  |__CPU 3/TCG
07:18:38     1000   3385509         -  195.00    2.00    0.00    0.00  197.00    12  qemu-system-aar
07:18:38     1000         -   3385509    1.00    1.00    0.00    0.00    2.00    12  |__qemu-system-aar
07:18:38     1000         -   3385516    0.00    0.00    0.00    0.00    0.00     0  |__call_rcu
07:18:38     1000         -   3385529   95.00    1.00    0.00    0.00   96.00    20  |__CPU 0/TCG
07:18:38     1000         -   3385531    1.00    0.00    0.00    0.00    1.00    17  |__CPU 1/TCG
07:18:38     1000         -   3385532   97.00    2.00    0.00    0.00   99.00     0  |__CPU 2/TCG
07:18:38     1000         -   3385534    0.00    0.00    0.00    0.00    0.00    28  |__CPU 3/TCG
07:18:39     1000   3385509         -  189.00    7.00    0.00    0.00  196.00     5  qemu-system-aar
07:18:39     1000         -   3385509    0.00    1.00    0.00    0.00    1.00     5  |__qemu-system-aar
07:18:39     1000         -   3385516    0.00    0.00    0.00    0.00    0.00     0  |__call_rcu
07:18:39     1000         -   3385529   94.00    2.00    0.00    0.00   96.00    20  |__CPU 0/TCG
07:18:39     1000         -   3385531    0.00    0.00    0.00    0.00    0.00    17  |__CPU 1/TCG
07:18:39     1000         -   3385532   94.00    5.00    0.00    0.00   99.00     0  |__CPU 2/TCG
07:18:39     1000         -   3385534    0.00    0.00    0.00    0.00    0.00    28  |__CPU 3/TCG
07:18:40     1000   3385509         -  189.00    7.00    0.00    0.00  196.00     6  qemu-system-aar
07:18:40     1000         -   3385509    1.00    0.00    0.00    0.00    1.00     6  |__qemu-system-aar
07:18:40     1000         -   3385516    0.00    0.00    0.00    0.00    0.00     0  |__call_rcu
07:18:40     1000         -   3385529   94.00    1.00    0.00    0.00   95.00    20  |__CPU 0/TCG
07:18:40     1000         -   3385531    1.00    0.00    0.00    0.00    1.00    21  |__CPU 1/TCG
07:18:40     1000         -   3385532   94.00    6.00    0.00    0.00  100.00     0  |__CPU 2/TCG
07:18:40     1000         -   3385534    0.00    0.00    0.00    0.00    0.00    28  |__CPU 3/TCG
07:18:41     1000   3385509         -  189.00    7.00    0.00    0.00  196.00     5  qemu-system-aar
07:18:41     1000         -   3385509    1.00    1.00    0.00    0.00    2.00     5  |__qemu-system-aar
07:18:41     1000         -   3385516    0.00    0.00    0.00    0.00    0.00     0  |__call_rcu
07:18:41     1000         -   3385529   93.00    2.00    0.00    0.00   95.00    20  |__CPU 0/TCG
07:18:41     1000         -   3385531    0.00    0.00    0.00    0.00    0.00    21  |__CPU 1/TCG
07:18:41     1000         -   3385532   94.00    4.00    0.00    0.00   98.00     0  |__CPU 2/TCG
07:18:41     1000         -   3385534    0.00    0.00    0.00    0.00    0.00    28  |__CPU 3/TCG
07:18:42     1000   3385509         -  194.00    5.00    0.00    0.00  199.00     2  qemu-system-aar
07:18:42     1000         -   3385509    0.00    1.00    0.00    0.00    1.00     2  |__qemu-system-aar
07:18:42     1000         -   3385516    0.00    0.00    0.00    0.00    0.00     0  |__call_rcu
07:18:42     1000         -   3385529   98.00    0.00    0.00    0.00   98.00    20  |__CPU 0/TCG
07:18:42     1000         -   3385531    1.00    0.00    0.00    0.00    1.00    21  |__CPU 1/TCG
07:18:42     1000         -   3385532   94.00    5.00    0.00    0.00   99.00    16  |__CPU 2/TCG
07:18:42     1000         -   3385534    0.00    0.00    0.00    0.00    0.00    28  |__CPU 3/TCG
07:18:43     1000   3385509         -  190.00    5.00    0.00    0.00  195.00     2  qemu-system-aar
07:18:43     1000         -   3385509    1.00    0.00    0.00    0.00    1.00     2  |__qemu-system-aar
07:18:43     1000         -   3385516    0.00    0.00    0.00    0.00    0.00     0  |__call_rcu
07:18:43     1000         -   3385529   94.00    1.00    0.00    0.00   95.00    20  |__CPU 0/TCG
07:18:43     1000         -   3385531    0.00    0.00    0.00    0.00    0.00    21  |__CPU 1/TCG
07:18:43     1000         -   3385532   94.00    5.00    0.00    0.00   99.00    16  |__CPU 2/TCG
07:18:43     1000         -   3385534    0.00    0.00    0.00    0.00    0.00    28  |__CPU 3/TCG
07:18:44     1000   3385509         -  193.00    4.00    0.00    0.00  197.00    16  qemu-system-aar
07:18:44     1000         -   3385509    1.00    1.00    0.00    0.00    2.00    16  |__qemu-system-aar
07:18:44     1000         -   3385516    0.00    0.00    0.00    0.00    0.00     0  |__call_rcu
07:18:44     1000         -   3385529   94.00    1.00    0.00    0.00   95.00    20  |__CPU 0/TCG
07:18:44     1000         -   3385531    1.00    0.00    0.00    0.00    1.00    21  |__CPU 1/TCG
07:18:44     1000         -   3385532   97.00    3.00    0.00    0.00  100.00     0  |__CPU 2/TCG
07:18:44     1000         -   3385534    0.00    0.00    0.00    0.00    0.00    28  |__CPU 3/TCG
07:18:45     1000   3385509         -  196.00    2.00    0.00    0.00  198.00    16  qemu-system-aar
07:18:45     1000         -   3385509    1.00    2.00    0.00    0.00    3.00    16  |__qemu-system-aar
07:18:45     1000         -   3385516    0.00    0.00    0.00    0.00    0.00     0  |__call_rcu
07:18:45     1000         -   3385529   95.00    1.00    0.00    0.00   96.00    20  |__CPU 0/TCG
07:18:45     1000         -   3385531    1.00    0.00    0.00    0.00    1.00    21  |__CPU 1/TCG
07:18:45     1000         -   3385532   98.00    1.00    0.00    0.00   99.00     0  |__CPU 2/TCG
07:18:45     1000         -   3385534    0.00    0.00    0.00    0.00    0.00    28  |__CPU 3/TCG
07:18:46     1000   3385509         -  195.00    1.00    0.00    0.00  196.00    16  qemu-system-aar
07:18:46     1000         -   3385509    0.00    1.00    0.00    0.00    1.00    16  |__qemu-system-aar
07:18:46     1000         -   3385516    0.00    0.00    0.00    0.00    0.00     0  |__call_rcu
07:18:46     1000         -   3385529   95.00    0.00    0.00    0.00   95.00    20  |__CPU 0/TCG
07:18:46     1000         -   3385531    0.00    0.00    0.00    0.00    0.00    17  |__CPU 1/TCG
07:18:46     1000         -   3385532   98.00    0.00    0.00    0.00   98.00     0  |__CPU 2/TCG
07:18:46     1000         -   3385534    0.00    0.00    0.00    0.00    0.00    28  |__CPU 3/TCG
07:18:47     1000   3385509         -  194.00    3.00    0.00    0.00  197.00    16  qemu-system-aar
07:18:47     1000         -   3385509    1.00    1.00    0.00    0.00    2.00    16  |__qemu-system-aar
07:18:47     1000         -   3385516    0.00    0.00    0.00    0.00    0.00     0  |__call_rcu
07:18:47     1000         -   3385529   94.00    1.00    0.00    0.00   95.00    20  |__CPU 0/TCG
07:18:47     1000         -   3385531    0.00    0.00    0.00    0.00    0.00    17  |__CPU 1/TCG
07:18:47     1000         -   3385532   97.00    2.00    0.00    0.00   99.00     0  |__CPU 2/TCG
07:18:47     1000         -   3385534    0.00    0.00    0.00    0.00    0.00    28  |__CPU 3/TCG
07:18:48     1000   3385509         -  195.00    2.00    0.00    0.00  197.00    16  qemu-system-aar
07:18:48     1000         -   3385509    1.00    2.00    0.00    0.00    3.00    16  |__qemu-system-aar
07:18:48     1000         -   3385516    0.00    0.00    0.00    0.00    0.00     0  |__call_rcu
07:18:48     1000         -   3385529   95.00    1.00    0.00    0.00   96.00    20  |__CPU 0/TCG
07:18:48     1000         -   3385531    1.00    0.00    0.00    0.00    1.00    17  |__CPU 1/TCG
07:18:48     1000         -   3385532   98.00    1.00    0.00    0.00   99.00     0  |__CPU 2/TCG
07:18:48     1000         -   3385534    0.00    0.00    0.00    0.00    0.00    28  |__CPU 3/TCG
07:18:49     1000   3385509         -  194.00    2.00    0.00    0.00  196.00     7  qemu-system-aar
07:18:49     1000         -   3385509    1.00    1.00    0.00    0.00    2.00     7  |__qemu-system-aar
07:18:49     1000         -   3385516    0.00    0.00    0.00    0.00    0.00     0  |__call_rcu
07:18:49     1000         -   3385529   94.00    1.00    0.00    0.00   95.00    20  |__CPU 0/TCG
07:18:49     1000         -   3385531    0.00    0.00    0.00    0.00    0.00    17  |__CPU 1/TCG
07:18:49     1000         -   3385532   97.00    2.00    0.00    0.00   99.00    16  |__CPU 2/TCG
07:18:49     1000         -   3385534    0.00    0.00    0.00    0.00    0.00    28  |__CPU 3/TCG
07:18:50     1000   3385509         -  190.00    7.00    0.00    0.00  197.00     7  qemu-system-aar
07:18:50     1000         -   3385509    0.00    1.00    0.00    0.00    1.00     7  |__qemu-system-aar
07:18:50     1000         -   3385516    0.00    0.00    0.00    0.00    0.00     0  |__call_rcu
07:18:50     1000         -   3385529   94.00    1.00    0.00    0.00   95.00    20  |__CPU 0/TCG
07:18:50     1000         -   3385531    1.00    0.00    0.00    0.00    1.00     0  |__CPU 1/TCG
07:18:50     1000         -   3385532   94.00    5.00    0.00    0.00   99.00    16  |__CPU 2/TCG
07:18:50     1000         -   3385534    0.00    0.00    0.00    0.00    0.00    28  |__CPU 3/TCG
07:18:51     1000   3385509         -  191.00    4.00    0.00    0.00  195.00    17  qemu-system-aar
07:18:51     1000         -   3385509    0.00    1.00    0.00    0.00    1.00    17  |__qemu-system-aar
07:18:51     1000         -   3385516    0.00    0.00    0.00    0.00    0.00     0  |__call_rcu
07:18:51     1000         -   3385529   94.00    2.00    0.00    0.00   96.00    20  |__CPU 0/TCG
07:18:51     1000         -   3385531    0.00    0.00    0.00    0.00    0.00     0  |__CPU 1/TCG
07:18:51     1000         -   3385532   96.00    3.00    0.00    0.00   99.00    16  |__CPU 2/TCG
07:18:51     1000         -   3385534    0.00    0.00    0.00    0.00    0.00    28  |__CPU 3/TCG
07:18:52     1000   3385509         -  191.00    4.00    0.00    0.00  195.00    17  qemu-system-aar
07:18:52     1000         -   3385509    1.00    1.00    0.00    0.00    2.00    17  |__qemu-system-aar
07:18:52     1000         -   3385516    0.00    0.00    0.00    0.00    0.00     0  |__call_rcu
07:18:52     1000         -   3385529   93.00    1.00    0.00    0.00   94.00     4  |__CPU 0/TCG
07:18:52     1000         -   3385531    0.00    0.00    0.00    0.00    0.00     0  |__CPU 1/TCG
07:18:52     1000         -   3385532   96.00    2.00    0.00    0.00   98.00    16  |__CPU 2/TCG
07:18:52     1000         -   3385534    0.00    0.00    0.00    0.00    0.00    28  |__CPU 3/TCG
07:18:53     1000   3385509         -  194.00    3.00    0.00    0.00  197.00    23  qemu-system-aar
07:18:53     1000         -   3385509    0.00    1.00    0.00    0.00    1.00    23  |__qemu-system-aar
07:18:53     1000         -   3385516    0.00    0.00    0.00    0.00    0.00     0  |__call_rcu
07:18:53     1000         -   3385529   94.00    1.00    0.00    0.00   95.00     4  |__CPU 0/TCG
07:18:53     1000         -   3385531    1.00    0.00    0.00    0.00    1.00     0  |__CPU 1/TCG
07:18:53     1000         -   3385532   97.00    2.00    0.00    0.00   99.00    16  |__CPU 2/TCG
07:18:53     1000         -   3385534    0.00    0.00    0.00    0.00    0.00    28  |__CPU 3/TCG
07:18:54     1000   3385509         -  194.00    2.00    0.00    0.00  196.00    23  qemu-system-aar
07:18:54     1000         -   3385509    1.00    0.00    0.00    0.00    1.00    23  |__qemu-system-aar
07:18:54     1000         -   3385516    0.00    0.00    0.00    0.00    0.00     0  |__call_rcu
07:18:54     1000         -   3385529   96.00    0.00    0.00    0.00   96.00    20  |__CPU 0/TCG
07:18:54     1000         -   3385531    0.00    0.00    0.00    0.00    0.00     0  |__CPU 1/TCG
07:18:54     1000         -   3385532   97.00    3.00    0.00    0.00  100.00    16  |__CPU 2/TCG
07:18:54     1000         -   3385534    0.00    0.00    0.00    0.00    0.00    28  |__CPU 3/TCG
07:18:55     1000   3385509         -  193.00    3.00    0.00    0.00  196.00    22  qemu-system-aar
07:18:55     1000         -   3385509    0.00    1.00    0.00    0.00    1.00    22  |__qemu-system-aar
07:18:55     1000         -   3385516    0.00    0.00    0.00    0.00    0.00     0  |__call_rcu
07:18:55     1000         -   3385529   94.00    1.00    0.00    0.00   95.00    20  |__CPU 0/TCG
07:18:55     1000         -   3385531    1.00    0.00    0.00    0.00    1.00     0  |__CPU 1/TCG
07:18:55     1000         -   3385532   97.00    1.00    0.00    0.00   98.00    16  |__CPU 2/TCG
07:18:55     1000         -   3385534    0.00    0.00    0.00    0.00    0.00    28  |__CPU 3/TCG
07:18:56     1000   3385509         -  192.00    5.00    0.00    0.00  197.00    22  qemu-system-aar
07:18:56     1000         -   3385509    0.00    2.00    0.00    0.00    2.00    22  |__qemu-system-aar
07:18:56     1000         -   3385516    0.00    0.00    0.00    0.00    0.00     0  |__call_rcu
07:18:56     1000         -   3385529   94.00    2.00    0.00    0.00   96.00    20  |__CPU 0/TCG
07:18:56     1000         -   3385531    1.00    0.00    0.00    0.00    1.00    17  |__CPU 1/TCG
07:18:56     1000         -   3385532   96.00    3.00    0.00    0.00   99.00     0  |__CPU 2/TCG
07:18:56     1000         -   3385534    0.00    0.00    0.00    0.00    0.00    28  |__CPU 3/TCG
07:18:57     1000   3385509         -  192.00    4.00    0.00    0.00  196.00    23  qemu-system-aar
07:18:57     1000         -   3385509    0.00    1.00    0.00    0.00    1.00    23  |__qemu-system-aar
07:18:57     1000         -   3385516    0.00    0.00    0.00    0.00    0.00     0  |__call_rcu
07:18:57     1000         -   3385529   95.00    1.00    0.00    0.00   96.00    20  |__CPU 0/TCG
07:18:57     1000         -   3385531    0.00    0.00    0.00    0.00    0.00     0  |__CPU 1/TCG
07:18:57     1000         -   3385532   95.00    4.00    0.00    0.00   99.00    16  |__CPU 2/TCG
07:18:57     1000         -   3385534    0.00    0.00    0.00    0.00    0.00    28  |__CPU 3/TCG
07:18:58     1000   3385509         -  194.00    4.00    0.00    0.00  198.00     5  qemu-system-aar
07:18:58     1000         -   3385509    0.00    1.00    0.00    0.00    1.00     5  |__qemu-system-aar
07:18:58     1000         -   3385516    0.00    0.00    0.00    0.00    0.00     0  |__call_rcu
07:18:58     1000         -   3385529   96.00    0.00    0.00    0.00   96.00    20  |__CPU 0/TCG
07:18:58     1000         -   3385531    1.00    0.00    0.00    0.00    1.00     0  |__CPU 1/TCG
07:18:58     1000         -   3385532   97.00    2.00    0.00    0.00   99.00    16  |__CPU 2/TCG
07:18:58     1000         -   3385534    0.00    0.00    0.00    0.00    0.00    28  |__CPU 3/TCG
07:18:59     1000   3385509         -  193.00    3.00    0.00    0.00  196.00     5  qemu-system-aar
07:18:59     1000         -   3385509    0.00    2.00    0.00    0.00    2.00     5  |__qemu-system-aar
07:18:59     1000         -   3385516    0.00    0.00    0.00    0.00    0.00     0  |__call_rcu
07:18:59     1000         -   3385529   95.00    1.00    0.00    0.00   96.00    20  |__CPU 0/TCG
07:18:59     1000         -   3385531    0.00    0.00    0.00    0.00    0.00     0  |__CPU 1/TCG
07:18:59     1000         -   3385532   96.00    3.00    0.00    0.00   99.00    16  |__CPU 2/TCG
07:18:59     1000         -   3385534    0.00    0.00    0.00    0.00    0.00    28  |__CPU 3/TCG
07:19:00     1000   3385509         -  194.00    3.00    0.00    0.00  197.00     7  qemu-system-aar
07:19:00     1000         -   3385509    0.00    1.00    0.00    0.00    1.00     7  |__qemu-system-aar
07:19:00     1000         -   3385516    0.00    0.00    0.00    0.00    0.00     0  |__call_rcu
07:19:00     1000         -   3385529   95.00    1.00    0.00    0.00   96.00    20  |__CPU 0/TCG
07:19:00     1000         -   3385531    1.00    0.00    0.00    0.00    1.00     0  |__CPU 1/TCG
07:19:00     1000         -   3385532   97.00    2.00    0.00    0.00   99.00    16  |__CPU 2/TCG
07:19:00     1000         -   3385534    0.00    0.00    0.00    0.00    0.00    28  |__CPU 3/TCG
07:19:01     1000   3385509         -  194.00    3.00    0.00    0.00  197.00     2  qemu-system-aar
07:19:01     1000         -   3385509    1.00    1.00    0.00    0.00    2.00     2  |__qemu-system-aar
07:19:01     1000         -   3385516    0.00    0.00    0.00    0.00    0.00     0  |__call_rcu
07:19:01     1000         -   3385529   95.00    1.00    0.00    0.00   96.00    20  |__CPU 0/TCG
07:19:01     1000         -   3385531    1.00    0.00    0.00    0.00    1.00     0  |__CPU 1/TCG
07:19:01     1000         -   3385532   96.00    2.00    0.00    0.00   98.00    16  |__CPU 2/TCG
07:19:01     1000         -   3385534    0.00    0.00    0.00    0.00    0.00    28  |__CPU 3/TCG
07:19:02     1000   3385509         -  191.00    5.00    0.00    0.00  196.00     2  qemu-system-aar
07:19:02     1000         -   3385509    0.00    1.00    0.00    0.00    1.00     2  |__qemu-system-aar
07:19:02     1000         -   3385516    0.00    0.00    0.00    0.00    0.00     0  |__call_rcu
07:19:02     1000         -   3385529   94.00    0.00    0.00    0.00   94.00    20  |__CPU 0/TCG
07:19:02     1000         -   3385531    0.00    0.00    0.00    0.00    0.00     6  |__CPU 1/TCG
07:19:02     1000         -   3385532   96.00    4.00    0.00    0.00  100.00    16  |__CPU 2/TCG
07:19:02     1000         -   3385534    0.00    0.00    0.00    0.00    0.00    28  |__CPU 3/TCG
07:19:03     1000   3385509         -  194.00    3.00    0.00    0.00  197.00     6  qemu-system-aar
07:19:03     1000         -   3385509    1.00    1.00    0.00    0.00    2.00     6  |__qemu-system-aar
07:19:03     1000         -   3385516    0.00    0.00    0.00    0.00    0.00     0  |__call_rcu
07:19:03     1000         -   3385529   95.00    1.00    0.00    0.00   96.00    20  |__CPU 0/TCG
07:19:03     1000         -   3385531    1.00    0.00    0.00    0.00    1.00    17  |__CPU 1/TCG
07:19:03     1000         -   3385532   96.00    2.00    0.00    0.00   98.00    16  |__CPU 2/TCG
07:19:03     1000         -   3385534    0.00    0.00    0.00    0.00    0.00    28  |__CPU 3/TCG
07:19:04     1000   3385509         -  191.00    5.00    0.00    0.00  196.00     7  qemu-system-aar
07:19:04     1000         -   3385509    0.00    1.00    0.00    0.00    1.00     7  |__qemu-system-aar
07:19:04     1000         -   3385516    0.00    0.00    0.00    0.00    0.00     0  |__call_rcu
07:19:04     1000         -   3385529   94.00    2.00    0.00    0.00   96.00    20  |__CPU 0/TCG
07:19:04     1000         -   3385531    0.00    0.00    0.00    0.00    0.00    17  |__CPU 1/TCG
07:19:04     1000         -   3385532   95.00    4.00    0.00    0.00   99.00     0  |__CPU 2/TCG
07:19:04     1000         -   3385534    0.00    0.00    0.00    0.00    0.00    28  |__CPU 3/TCG
07:19:05     1000   3385509         -  190.00    6.00    0.00    0.00  196.00     2  qemu-system-aar
07:19:05     1000         -   3385509    1.00    1.00    0.00    0.00    2.00     2  |__qemu-system-aar
07:19:05     1000         -   3385516    0.00    0.00    0.00    0.00    0.00     0  |__call_rcu
07:19:05     1000         -   3385529   95.00    1.00    0.00    0.00   96.00    20  |__CPU 0/TCG
07:19:05     1000         -   3385531    1.00    0.00    0.00    0.00    1.00    17  |__CPU 1/TCG
07:19:05     1000         -   3385532   95.00    4.00    0.00    0.00   99.00     0  |__CPU 2/TCG
07:19:05     1000         -   3385534    0.00    0.00    0.00    0.00    0.00    28  |__CPU 3/TCG
07:19:06     1000   3385509         -  191.00    6.00    0.00    0.00  197.00     3  qemu-system-aar
07:19:06     1000         -   3385509    1.00    0.00    0.00    0.00    1.00     3  |__qemu-system-aar
07:19:06     1000         -   3385516    0.00    0.00    0.00    0.00    0.00     0  |__call_rcu
07:19:06     1000         -   3385529   93.00    2.00    0.00    0.00   95.00    20  |__CPU 0/TCG
07:19:06     1000         -   3385531    0.00    0.00    0.00    0.00    0.00     7  |__CPU 1/TCG
07:19:06     1000         -   3385532   95.00    4.00    0.00    0.00   99.00     0  |__CPU 2/TCG
07:19:06     1000         -   3385534    0.00    0.00    0.00    0.00    0.00    28  |__CPU 3/TCG
07:19:07     1000   3385509         -  191.00    4.00    0.00    0.00  195.00     2  qemu-system-aar
07:19:07     1000         -   3385509    1.00    0.00    0.00    0.00    1.00     2  |__qemu-system-aar
07:19:07     1000         -   3385516    0.00    0.00    0.00    0.00    0.00     0  |__call_rcu
07:19:07     1000         -   3385529   94.00    2.00    0.00    0.00   96.00    20  |__CPU 0/TCG
07:19:07     1000         -   3385531    1.00    0.00    0.00    0.00    1.00     7  |__CPU 1/TCG
07:19:07     1000         -   3385532   96.00    3.00    0.00    0.00   99.00     0  |__CPU 2/TCG
07:19:07     1000         -   3385534    0.00    0.00    0.00    0.00    0.00    28  |__CPU 3/TCG
07:19:08     1000   3385509         -  192.00    5.00    0.00    0.00  197.00     5  qemu-system-aar
07:19:08     1000         -   3385509    0.00    1.00    0.00    0.00    1.00     5  |__qemu-system-aar
07:19:08     1000         -   3385516    0.00    0.00    0.00    0.00    0.00     0  |__call_rcu
07:19:08     1000         -   3385529   94.00    1.00    0.00    0.00   95.00    20  |__CPU 0/TCG
07:19:08     1000         -   3385531    1.00    0.00    0.00    0.00    1.00     7  |__CPU 1/TCG
07:19:08     1000         -   3385532   96.00    3.00    0.00    0.00   99.00    16  |__CPU 2/TCG
07:19:08     1000         -   3385534    0.00    0.00    0.00    0.00    0.00    28  |__CPU 3/TCG
07:19:09     1000   3385509         -  192.00    5.00    0.00    0.00  197.00    19  qemu-system-aar
07:19:09     1000         -   3385509    1.00    1.00    0.00    0.00    2.00    19  |__qemu-system-aar
07:19:09     1000         -   3385516    0.00    0.00    0.00    0.00    0.00     0  |__call_rcu
07:19:09     1000         -   3385529   95.00    1.00    0.00    0.00   96.00    20  |__CPU 0/TCG
07:19:09     1000         -   3385531    0.00    0.00    0.00    0.00    0.00    17  |__CPU 1/TCG
07:19:09     1000         -   3385532   95.00    4.00    0.00    0.00   99.00    16  |__CPU 2/TCG
07:19:09     1000         -   3385534    0.00    0.00    0.00    0.00    0.00    28  |__CPU 3/TCG
07:19:10     1000   3385509         -  193.00    3.00    0.00    0.00  196.00    19  qemu-system-aar
07:19:10     1000         -   3385509    0.00    1.00    0.00    0.00    1.00    19  |__qemu-system-aar
07:19:10     1000         -   3385516    0.00    0.00    0.00    0.00    0.00     0  |__call_rcu
07:19:10     1000         -   3385529   95.00    1.00    0.00    0.00   96.00    20  |__CPU 0/TCG
07:19:10     1000         -   3385531    1.00    0.00    0.00    0.00    1.00     7  |__CPU 1/TCG
07:19:10     1000         -   3385532   96.00    2.00    0.00    0.00   98.00     0  |__CPU 2/TCG
07:19:10     1000         -   3385534    0.00    0.00    0.00    0.00    0.00    28  |__CPU 3/TCG
07:19:11     1000   3385509         -  190.00    6.00    0.00    0.00  196.00     1  qemu-system-aar
07:19:11     1000         -   3385509    1.00    1.00    0.00    0.00    2.00     1  |__qemu-system-aar
07:19:11     1000         -   3385516    0.00    0.00    0.00    0.00    0.00     0  |__call_rcu
07:19:11     1000         -   3385529   93.00    2.00    0.00    0.00   95.00    20  |__CPU 0/TCG
07:19:11     1000         -   3385531    0.00    0.00    0.00    0.00    0.00     3  |__CPU 1/TCG
07:19:11     1000         -   3385532   95.00    5.00    0.00    0.00  100.00    16  |__CPU 2/TCG
07:19:11     1000         -   3385534    0.00    0.00    0.00    0.00    0.00    28  |__CPU 3/TCG
07:19:12     1000   3385509         -  192.00    4.00    0.00    0.00  196.00     2  qemu-system-aar
07:19:12     1000         -   3385509    0.00    1.00    0.00    0.00    1.00     2  |__qemu-system-aar
07:19:12     1000         -   3385516    0.00    0.00    0.00    0.00    0.00     0  |__call_rcu
07:19:12     1000         -   3385529   94.00    1.00    0.00    0.00   95.00     4  |__CPU 0/TCG
07:19:12     1000         -   3385531    1.00    0.00    0.00    0.00    1.00     3  |__CPU 1/TCG
07:19:12     1000         -   3385532   96.00    2.00    0.00    0.00   98.00     0  |__CPU 2/TCG
07:19:12     1000         -   3385534    0.00    0.00    0.00    0.00    0.00    28  |__CPU 3/TCG
07:19:13     1000   3385509         -  190.00    7.00    0.00    0.00  197.00    19  qemu-system-aar
07:19:13     1000         -   3385509    1.00    0.00    0.00    0.00    1.00    19  |__qemu-system-aar
07:19:13     1000         -   3385516    0.00    0.00    0.00    0.00    0.00     0  |__call_rcu
07:19:13     1000         -   3385529   94.00    1.00    0.00    0.00   95.00    20  |__CPU 0/TCG
07:19:13     1000         -   3385531    0.00    0.00    0.00    0.00    0.00    17  |__CPU 1/TCG
07:19:13     1000         -   3385532   94.00    5.00    0.00    0.00   99.00     0  |__CPU 2/TCG
07:19:13     1000         -   3385534    0.00    0.00    0.00    0.00    0.00    28  |__CPU 3/TCG
07:19:14     1000   3385509         -  191.00    5.00    0.00    0.00  196.00    19  qemu-system-aar
07:19:14     1000         -   3385509    0.00    1.00    0.00    0.00    1.00    19  |__qemu-system-aar
07:19:14     1000         -   3385516    0.00    0.00    0.00    0.00    0.00     0  |__call_rcu
07:19:14     1000         -   3385529   94.00    1.00    0.00    0.00   95.00    20  |__CPU 0/TCG
07:19:14     1000         -   3385531    1.00    0.00    0.00    0.00    1.00    17  |__CPU 1/TCG
07:19:14     1000         -   3385532   95.00    4.00    0.00    0.00   99.00     0  |__CPU 2/TCG
07:19:14     1000         -   3385534    0.00    0.00    0.00    0.00    0.00    28  |__CPU 3/TCG
07:19:15     1000   3385509         -  190.00    5.00    0.00    0.00  195.00    19  qemu-system-aar
07:19:15     1000         -   3385509    0.00    1.00    0.00    0.00    1.00    19  |__qemu-system-aar
07:19:15     1000         -   3385516    0.00    0.00    0.00    0.00    0.00     0  |__call_rcu
07:19:15     1000         -   3385529   94.00    2.00    0.00    0.00   96.00    20  |__CPU 0/TCG
07:19:15     1000         -   3385531    0.00    1.00    0.00    0.00    1.00    17  |__CPU 1/TCG
07:19:15     1000         -   3385532   96.00    4.00    0.00    0.00  100.00     0  |__CPU 2/TCG
07:19:15     1000         -   3385534    0.00    0.00    0.00    0.00    0.00    28  |__CPU 3/TCG
07:19:16     1000   3385509         -  192.00    4.00    0.00    0.00  196.00     1  qemu-system-aar
07:19:16     1000         -   3385509    1.00    1.00    0.00    0.00    2.00     1  |__qemu-system-aar
07:19:16     1000         -   3385516    0.00    0.00    0.00    0.00    0.00     0  |__call_rcu
07:19:16     1000         -   3385529   94.00    1.00    0.00    0.00   95.00    20  |__CPU 0/TCG
07:19:16     1000         -   3385531    0.00    0.00    0.00    0.00    0.00    17  |__CPU 1/TCG
07:19:16     1000         -   3385532   96.00    3.00    0.00    0.00   99.00     0  |__CPU 2/TCG
07:19:16     1000         -   3385534    0.00    0.00    0.00    0.00    0.00    28  |__CPU 3/TCG
07:19:17     1000   3385509         -  190.00    6.00    0.00    0.00  196.00     5  qemu-system-aar
07:19:17     1000         -   3385509    1.00    0.00    0.00    0.00    1.00     5  |__qemu-system-aar
07:19:17     1000         -   3385516    0.00    0.00    0.00    0.00    0.00     0  |__call_rcu
07:19:17     1000         -   3385529   94.00    2.00    0.00    0.00   96.00    20  |__CPU 0/TCG
07:19:17     1000         -   3385531    0.00    0.00    0.00    0.00    0.00    17  |__CPU 1/TCG
07:19:17     1000         -   3385532   94.00    4.00    0.00    0.00   98.00     0  |__CPU 2/TCG
07:19:17     1000         -   3385534    0.00    0.00    0.00    0.00    0.00    28  |__CPU 3/TCG
07:19:18     1000   3385509         -  192.00    4.00    0.00    0.00  196.00     3  qemu-system-aar
07:19:18     1000         -   3385509    1.00    1.00    0.00    0.00    2.00     3  |__qemu-system-aar
07:19:18     1000         -   3385516    0.00    0.00    0.00    0.00    0.00     0  |__call_rcu
07:19:18     1000         -   3385529   94.00    1.00    0.00    0.00   95.00    20  |__CPU 0/TCG
07:19:18     1000         -   3385531    0.00    0.00    0.00    0.00    0.00    17  |__CPU 1/TCG
07:19:18     1000         -   3385532   96.00    3.00    0.00    0.00   99.00     0  |__CPU 2/TCG
07:19:18     1000         -   3385534    0.00    0.00    0.00    0.00    0.00    28  |__CPU 3/TCG
07:19:19     1000   3385509         -  192.00    5.00    0.00    0.00  197.00     7  qemu-system-aar
07:19:19     1000         -   3385509    0.00    1.00    0.00    0.00    1.00     7  |__qemu-system-aar
07:19:19     1000         -   3385516    0.00    0.00    0.00    0.00    0.00     0  |__call_rcu
07:19:19     1000         -   3385529   95.00    1.00    0.00    0.00   96.00    20  |__CPU 0/TCG
07:19:19     1000         -   3385531    0.00    0.00    0.00    0.00    0.00    17  |__CPU 1/TCG
07:19:19     1000         -   3385532   96.00    3.00    0.00    0.00   99.00    16  |__CPU 2/TCG
07:19:19     1000         -   3385534    0.00    0.00    0.00    0.00    0.00    28  |__CPU 3/TCG
07:19:20     1000   3385509         -  193.00    3.00    0.00    0.00  196.00     2  qemu-system-aar
07:19:20     1000         -   3385509    0.00    1.00    0.00    0.00    1.00     2  |__qemu-system-aar
07:19:20     1000         -   3385516    0.00    0.00    0.00    0.00    0.00     0  |__call_rcu
07:19:20     1000         -   3385529   95.00    1.00    0.00    0.00   96.00    20  |__CPU 0/TCG
07:19:20     1000         -   3385531    1.00    0.00    0.00    0.00    1.00    17  |__CPU 1/TCG
07:19:20     1000         -   3385532   96.00    3.00    0.00    0.00   99.00    16  |__CPU 2/TCG
07:19:20     1000         -   3385534    0.00    0.00    0.00    0.00    0.00    28  |__CPU 3/TCG
07:19:21     1000   3385509         -  192.00    5.00    0.00    0.00  197.00    19  qemu-system-aar
07:19:21     1000         -   3385509    1.00    1.00    0.00    0.00    2.00    19  |__qemu-system-aar
07:19:21     1000         -   3385516    0.00    0.00    0.00    0.00    0.00     0  |__call_rcu
07:19:21     1000         -   3385529   94.00    1.00    0.00    0.00   95.00    20  |__CPU 0/TCG
07:19:21     1000         -   3385531    1.00    0.00    0.00    0.00    1.00     2  |__CPU 1/TCG
07:19:21     1000         -   3385532   96.00    3.00    0.00    0.00   99.00    16  |__CPU 2/TCG
07:19:21     1000         -   3385534    0.00    0.00    0.00    0.00    0.00    28  |__CPU 3/TCG
07:19:22     1000   3385509         -  192.00    3.00    0.00    0.00  195.00     5  qemu-system-aar
07:19:22     1000         -   3385509    0.00    1.00    0.00    0.00    1.00     5  |__qemu-system-aar
07:19:22     1000         -   3385516    0.00    0.00    0.00    0.00    0.00     0  |__call_rcu
07:19:22     1000         -   3385529   94.00    1.00    0.00    0.00   95.00    20  |__CPU 0/TCG
07:19:22     1000         -   3385531    0.00    0.00    0.00    0.00    0.00     3  |__CPU 1/TCG
07:19:22     1000         -   3385532   96.00    3.00    0.00    0.00   99.00    16  |__CPU 2/TCG
07:19:22     1000         -   3385534    0.00    0.00    0.00    0.00    0.00    28  |__CPU 3/TCG
07:19:23     1000   3385509         -  191.00    6.00    0.00    0.00  197.00     5  qemu-system-aar
07:19:23     1000         -   3385509    0.00    1.00    0.00    0.00    1.00     5  |__qemu-system-aar
07:19:23     1000         -   3385516    0.00    0.00    0.00    0.00    0.00     0  |__call_rcu
07:19:23     1000         -   3385529   94.00    1.00    0.00    0.00   95.00    20  |__CPU 0/TCG
07:19:23     1000         -   3385531    1.00    0.00    0.00    0.00    1.00     2  |__CPU 1/TCG
07:19:23     1000         -   3385532   95.00    4.00    0.00    0.00   99.00    16  |__CPU 2/TCG
07:19:23     1000         -   3385534    0.00    0.00    0.00    0.00    0.00    28  |__CPU 3/TCG
07:19:24     1000   3385509         -  192.00    4.00    0.00    0.00  196.00     6  qemu-system-aar
07:19:24     1000         -   3385509    1.00    1.00    0.00    0.00    2.00     6  |__qemu-system-aar
07:19:24     1000         -   3385516    0.00    0.00    0.00    0.00    0.00     0  |__call_rcu
07:19:24     1000         -   3385529   94.00    1.00    0.00    0.00   95.00     4  |__CPU 0/TCG
07:19:24     1000         -   3385531    0.00    0.00    0.00    0.00    0.00     2  |__CPU 1/TCG
07:19:24     1000         -   3385532   95.00    3.00    0.00    0.00   98.00    16  |__CPU 2/TCG
07:19:24     1000         -   3385534    0.00    0.00    0.00    0.00    0.00    28  |__CPU 3/TCG
07:19:25     1000   3385509         -  191.00    4.00    0.00    0.00  195.00    18  qemu-system-aar
07:19:25     1000         -   3385509    1.00    1.00    0.00    0.00    2.00    18  |__qemu-system-aar
07:19:25     1000         -   3385516    0.00    0.00    0.00    0.00    0.00     0  |__call_rcu
07:19:25     1000         -   3385529   95.00    1.00    0.00    0.00   96.00     4  |__CPU 0/TCG
07:19:25     1000         -   3385531    1.00    0.00    0.00    0.00    1.00     2  |__CPU 1/TCG
07:19:25     1000         -   3385532   96.00    3.00    0.00    0.00   99.00    16  |__CPU 2/TCG
07:19:25     1000         -   3385534    0.00    0.00    0.00    0.00    0.00    28  |__CPU 3/TCG
07:19:26     1000   3385509         -  195.00    3.00    0.00    0.00  198.00    16  qemu-system-aar
07:19:26     1000         -   3385509    0.00    1.00    0.00    0.00    1.00    16  |__qemu-system-aar
07:19:26     1000         -   3385516    0.00    0.00    0.00    0.00    0.00     0  |__call_rcu
07:19:26     1000         -   3385529   95.00    1.00    0.00    0.00   96.00     4  |__CPU 0/TCG
07:19:26     1000         -   3385531    0.00    0.00    0.00    0.00    0.00     5  |__CPU 1/TCG
07:19:26     1000         -   3385532   97.00    2.00    0.00    0.00   99.00     0  |__CPU 2/TCG
07:19:26     1000         -   3385534    0.00    0.00    0.00    0.00    0.00    28  |__CPU 3/TCG
07:19:27     1000   3385509         -  193.00    3.00    0.00    0.00  196.00     7  qemu-system-aar
07:19:27     1000         -   3385509    1.00    1.00    0.00    0.00    2.00     7  |__qemu-system-aar
07:19:27     1000         -   3385516    0.00    0.00    0.00    0.00    0.00     0  |__call_rcu
07:19:27     1000         -   3385529   94.00    1.00    0.00    0.00   95.00     4  |__CPU 0/TCG
07:19:27     1000         -   3385531    1.00    0.00    0.00    0.00    1.00     2  |__CPU 1/TCG
07:19:27     1000         -   3385532   97.00    2.00    0.00    0.00   99.00    16  |__CPU 2/TCG
07:19:27     1000         -   3385534    0.00    0.00    0.00    0.00    0.00    28  |__CPU 3/TCG
07:19:28     1000   3385509         -  190.00    6.00    0.00    0.00  196.00     7  qemu-system-aar
07:19:28     1000         -   3385509    1.00    0.00    0.00    0.00    1.00     7  |__qemu-system-aar
07:19:28     1000         -   3385516    0.00    0.00    0.00    0.00    0.00     0  |__call_rcu
07:19:28     1000         -   3385529   94.00    1.00    0.00    0.00   95.00     4  |__CPU 0/TCG
07:19:28     1000         -   3385531    1.00    0.00    0.00    0.00    1.00     2  |__CPU 1/TCG
07:19:28     1000         -   3385532   94.00    5.00    0.00    0.00   99.00     0  |__CPU 2/TCG
07:19:28     1000         -   3385534    0.00    0.00    0.00    0.00    0.00    28  |__CPU 3/TCG
07:19:29     1000   3385509         -  192.00    4.00    0.00    0.00  196.00    17  qemu-system-aar
07:19:29     1000         -   3385509    1.00    1.00    0.00    0.00    2.00    17  |__qemu-system-aar
07:19:29     1000         -   3385516    0.00    0.00    0.00    0.00    0.00     0  |__call_rcu
07:19:29     1000         -   3385529   94.00    2.00    0.00    0.00   96.00    20  |__CPU 0/TCG
07:19:29     1000         -   3385531    0.00    0.00    0.00    0.00    0.00     5  |__CPU 1/TCG
07:19:29     1000         -   3385532   96.00    3.00    0.00    0.00   99.00    16  |__CPU 2/TCG
07:19:29     1000         -   3385534    0.00    0.00    0.00    0.00    0.00    28  |__CPU 3/TCG
07:19:30     1000   3385509         -  194.00    3.00    0.00    0.00  197.00    17  qemu-system-aar
07:19:30     1000         -   3385509    0.00    1.00    0.00    0.00    1.00    17  |__qemu-system-aar
07:19:30     1000         -   3385516    0.00    0.00    0.00    0.00    0.00     0  |__call_rcu
07:19:30     1000         -   3385529   95.00    1.00    0.00    0.00   96.00    20  |__CPU 0/TCG
07:19:30     1000         -   3385531    1.00    0.00    0.00    0.00    1.00     5  |__CPU 1/TCG
07:19:30     1000         -   3385532   97.00    2.00    0.00    0.00   99.00    16  |__CPU 2/TCG
07:19:30     1000         -   3385534    0.00    0.00    0.00    0.00    0.00    28  |__CPU 3/TCG
07:19:31     1000   3385509         -  191.00    5.00    0.00    0.00  196.00    21  qemu-system-aar
07:19:31     1000         -   3385509    0.00    1.00    0.00    0.00    1.00    21  |__qemu-system-aar
07:19:31     1000         -   3385516    0.00    0.00    0.00    0.00    0.00     0  |__call_rcu
07:19:31     1000         -   3385529   93.00    1.00    0.00    0.00   94.00    20  |__CPU 0/TCG
07:19:31     1000         -   3385531    0.00    0.00    0.00    0.00    0.00     5  |__CPU 1/TCG
07:19:31     1000         -   3385532   96.00    3.00    0.00    0.00   99.00    16  |__CPU 2/TCG
07:19:31     1000         -   3385534    0.00    0.00    0.00    0.00    0.00    28  |__CPU 3/TCG
07:19:32     1000   3385509         -  190.00    5.00    0.00    0.00  195.00    17  qemu-system-aar
07:19:32     1000         -   3385509    2.00    0.00    0.00    0.00    2.00    17  |__qemu-system-aar
07:19:32     1000         -   3385516    0.00    0.00    0.00    0.00    0.00     0  |__call_rcu
07:19:32     1000         -   3385529   94.00    2.00    0.00    0.00   96.00    20  |__CPU 0/TCG
07:19:32     1000         -   3385531    1.00    0.00    0.00    0.00    1.00     5  |__CPU 1/TCG
07:19:32     1000         -   3385532   95.00    4.00    0.00    0.00   99.00    16  |__CPU 2/TCG
07:19:32     1000         -   3385534    0.00    0.00    0.00    0.00    0.00    28  |__CPU 3/TCG
07:19:33     1000   3385509         -  193.00    4.00    0.00    0.00  197.00    21  qemu-system-aar
07:19:33     1000         -   3385509    0.00    1.00    0.00    0.00    1.00    21  |__qemu-system-aar
07:19:33     1000         -   3385516    0.00    0.00    0.00    0.00    0.00     0  |__call_rcu
07:19:33     1000         -   3385529   95.00    1.00    0.00    0.00   96.00    20  |__CPU 0/TCG
07:19:33     1000         -   3385531    0.00    0.00    0.00    0.00    0.00     5  |__CPU 1/TCG
07:19:33     1000         -   3385532   95.00    3.00    0.00    0.00   98.00    16  |__CPU 2/TCG
07:19:33     1000         -   3385534    0.00    0.00    0.00    0.00    0.00    28  |__CPU 3/TCG
07:19:34     1000   3385509         -  194.00    3.00    0.00    0.00  197.00    21  qemu-system-aar
07:19:34     1000         -   3385509    2.00    0.00    0.00    0.00    2.00    21  |__qemu-system-aar
07:19:34     1000         -   3385516    0.00    0.00    0.00    0.00    0.00     0  |__call_rcu
07:19:34     1000         -   3385529   95.00    1.00    0.00    0.00   96.00    20  |__CPU 0/TCG
07:19:34     1000         -   3385531    1.00    0.00    0.00    0.00    1.00     2  |__CPU 1/TCG
07:19:34     1000         -   3385532   97.00    2.00    0.00    0.00   99.00    16  |__CPU 2/TCG
07:19:34     1000         -   3385534    0.00    0.00    0.00    0.00    0.00    28  |__CPU 3/TCG
07:19:35     1000   3385509         -  191.00    6.00    0.00    0.00  197.00    23  qemu-system-aar
07:19:35     1000         -   3385509    1.00    0.00    0.00    0.00    1.00    23  |__qemu-system-aar
07:19:35     1000         -   3385516    0.00    0.00    0.00    0.00    0.00     0  |__call_rcu
07:19:35     1000         -   3385529   94.00    1.00    0.00    0.00   95.00    20  |__CPU 0/TCG
07:19:35     1000         -   3385531    0.00    0.00    0.00    0.00    0.00     2  |__CPU 1/TCG
07:19:35     1000         -   3385532   95.00    4.00    0.00    0.00   99.00    16  |__CPU 2/TCG
07:19:35     1000         -   3385534    0.00    0.00    0.00    0.00    0.00    28  |__CPU 3/TCG
07:19:36     1000   3385509         -  192.00    4.00    0.00    0.00  196.00    23  qemu-system-aar
07:19:36     1000         -   3385509    0.00    1.00    0.00    0.00    1.00    23  |__qemu-system-aar
07:19:36     1000         -   3385516    0.00    0.00    0.00    0.00    0.00     0  |__call_rcu
07:19:36     1000         -   3385529   94.00    2.00    0.00    0.00   96.00    20  |__CPU 0/TCG
07:19:36     1000         -   3385531    1.00    0.00    0.00    0.00    1.00     5  |__CPU 1/TCG
07:19:36     1000         -   3385532   96.00    2.00    0.00    0.00   98.00    16  |__CPU 2/TCG
07:19:36     1000         -   3385534    0.00    0.00    0.00    0.00    0.00    28  |__CPU 3/TCG
07:19:37     1000   3385509         -  192.00    3.00    0.00    0.00  195.00    23  qemu-system-aar
07:19:37     1000         -   3385509    0.00    2.00    0.00    0.00    2.00    23  |__qemu-system-aar
07:19:37     1000         -   3385516    0.00    0.00    0.00    0.00    0.00     0  |__call_rcu
07:19:37     1000         -   3385529   94.00    0.00    0.00    0.00   94.00    20  |__CPU 0/TCG
07:19:37     1000         -   3385531    1.00    0.00    0.00    0.00    1.00     5  |__CPU 1/TCG
07:19:37     1000         -   3385532   97.00    2.00    0.00    0.00   99.00    16  |__CPU 2/TCG
07:19:37     1000         -   3385534    0.00    0.00    0.00    0.00    0.00    28  |__CPU 3/TCG
07:19:38     1000   3385509         -  192.00    5.00    0.00    0.00  197.00    23  qemu-system-aar
07:19:38     1000         -   3385509    0.00    1.00    0.00    0.00    1.00    23  |__qemu-system-aar
07:19:38     1000         -   3385516    0.00    0.00    0.00    0.00    0.00     0  |__call_rcu
07:19:38     1000         -   3385529   94.00    2.00    0.00    0.00   96.00    20  |__CPU 0/TCG
07:19:38     1000         -   3385531    0.00    0.00    0.00    0.00    0.00     5  |__CPU 1/TCG
07:19:38     1000         -   3385532   96.00    4.00    0.00    0.00  100.00     0  |__CPU 2/TCG
07:19:38     1000         -   3385534    0.00    0.00    0.00    0.00    0.00    28  |__CPU 3/TCG
07:19:39     1000   3385509         -  191.00    6.00    0.00    0.00  197.00     1  qemu-system-aar
07:19:39     1000         -   3385509    0.00    1.00    0.00    0.00    1.00     1  |__qemu-system-aar
07:19:39     1000         -   3385516    0.00    0.00    0.00    0.00    0.00     0  |__call_rcu
07:19:39     1000         -   3385529   94.00    2.00    0.00    0.00   96.00     4  |__CPU 0/TCG
07:19:39     1000         -   3385531    1.00    0.00    0.00    0.00    1.00     5  |__CPU 1/TCG
07:19:39     1000         -   3385532   95.00    4.00    0.00    0.00   99.00     0  |__CPU 2/TCG
07:19:39     1000         -   3385534    0.00    0.00    0.00    0.00    0.00    28  |__CPU 3/TCG
07:19:40     1000   3385509         -  191.00    5.00    0.00    0.00  196.00     1  qemu-system-aar
07:19:40     1000         -   3385509    1.00    1.00    0.00    0.00    2.00     1  |__qemu-system-aar
07:19:40     1000         -   3385516    0.00    0.00    0.00    0.00    0.00     0  |__call_rcu
07:19:40     1000         -   3385529   94.00    1.00    0.00    0.00   95.00    20  |__CPU 0/TCG
07:19:40     1000         -   3385531    0.00    0.00    0.00    0.00    0.00     6  |__CPU 1/TCG
07:19:40     1000         -   3385532   95.00    3.00    0.00    0.00   98.00     0  |__CPU 2/TCG
07:19:40     1000         -   3385534    0.00    0.00    0.00    0.00    0.00    28  |__CPU 3/TCG
07:19:41     1000   3385509         -  192.00    5.00    0.00    0.00  197.00     1  qemu-system-aar
07:19:41     1000         -   3385509    0.00    1.00    0.00    0.00    1.00     1  |__qemu-system-aar
07:19:41     1000         -   3385516    0.00    0.00    0.00    0.00    0.00     0  |__call_rcu
07:19:41     1000         -   3385529   95.00    1.00    0.00    0.00   96.00     4  |__CPU 0/TCG
07:19:41     1000         -   3385531    1.00    0.00    0.00    0.00    1.00     5  |__CPU 1/TCG
07:19:41     1000         -   3385532   95.00    4.00    0.00    0.00   99.00     0  |__CPU 2/TCG
07:19:41     1000         -   3385534    0.00    0.00    0.00    0.00    0.00    28  |__CPU 3/TCG
07:19:42     1000   3385509         -  192.00    4.00    0.00    0.00  196.00     3  qemu-system-aar
07:19:42     1000         -   3385509    0.00    1.00    0.00    0.00    1.00     3  |__qemu-system-aar
07:19:42     1000         -   3385516    0.00    0.00    0.00    0.00    0.00     0  |__call_rcu
07:19:42     1000         -   3385529   94.00    2.00    0.00    0.00   96.00     4  |__CPU 0/TCG
07:19:42     1000         -   3385531    1.00    0.00    0.00    0.00    1.00     2  |__CPU 1/TCG
07:19:42     1000         -   3385532   97.00    2.00    0.00    0.00   99.00    16  |__CPU 2/TCG
07:19:42     1000         -   3385534    0.00    0.00    0.00    0.00    0.00    28  |__CPU 3/TCG
07:19:43     1000   3385509         -  194.00    2.00    0.00    0.00  196.00    20  qemu-system-aar
07:19:43     1000         -   3385509    0.00    2.00    0.00    0.00    2.00    20  |__qemu-system-aar
07:19:43     1000         -   3385516    0.00    0.00    0.00    0.00    0.00     0  |__call_rcu
07:19:43     1000         -   3385529   95.00    0.00    0.00    0.00   95.00     4  |__CPU 0/TCG
07:19:43     1000         -   3385531    0.00    0.00    0.00    0.00    0.00     0  |__CPU 1/TCG
07:19:43     1000         -   3385532   97.00    2.00    0.00    0.00   99.00    16  |__CPU 2/TCG
07:19:43     1000         -   3385534    0.00    0.00    0.00    0.00    0.00    28  |__CPU 3/TCG
07:19:44     1000   3385509         -  195.00    3.00    0.00    0.00  198.00    20  qemu-system-aar
07:19:44     1000         -   3385509    2.00    1.00    0.00    0.00    3.00    20  |__qemu-system-aar
07:19:44     1000         -   3385516    0.00    0.00    0.00    0.00    0.00     0  |__call_rcu
07:19:44     1000         -   3385529   95.00    0.00    0.00    0.00   95.00     4  |__CPU 0/TCG
07:19:44     1000         -   3385531    1.00    0.00    0.00    0.00    1.00     0  |__CPU 1/TCG
07:19:44     1000         -   3385532   96.00    3.00    0.00    0.00   99.00    16  |__CPU 2/TCG
07:19:44     1000         -   3385534    0.00    0.00    0.00    0.00    0.00    28  |__CPU 3/TCG
07:19:45     1000   3385509         -  194.00    2.00    0.00    0.00  196.00     3  qemu-system-aar
07:19:45     1000         -   3385509    0.00    2.00    0.00    0.00    2.00     3  |__qemu-system-aar
07:19:45     1000         -   3385516    0.00    0.00    0.00    0.00    0.00     0  |__call_rcu
07:19:45     1000         -   3385529   95.00    1.00    0.00    0.00   96.00     4  |__CPU 0/TCG
07:19:45     1000         -   3385531    1.00    0.00    0.00    0.00    1.00     2  |__CPU 1/TCG
07:19:45     1000         -   3385532   97.00    1.00    0.00    0.00   98.00    16  |__CPU 2/TCG
07:19:45     1000         -   3385534    0.00    0.00    0.00    0.00    0.00    28  |__CPU 3/TCG
07:19:46     1000   3385509         -  194.00    3.00    0.00    0.00  197.00     3  qemu-system-aar
07:19:46     1000         -   3385509    0.00    1.00    0.00    0.00    1.00     3  |__qemu-system-aar
07:19:46     1000         -   3385516    0.00    0.00    0.00    0.00    0.00     0  |__call_rcu
07:19:46     1000         -   3385529   95.00    1.00    0.00    0.00   96.00    20  |__CPU 0/TCG
07:19:46     1000         -   3385531    0.00    0.00    0.00    0.00    0.00     2  |__CPU 1/TCG
07:19:46     1000         -   3385532   96.00    2.00    0.00    0.00   98.00    16  |__CPU 2/TCG
07:19:46     1000         -   3385534    0.00    0.00    0.00    0.00    0.00    28  |__CPU 3/TCG
07:19:47     1000   3385509         -  191.00    5.00    0.00    0.00  196.00     3  qemu-system-aar
07:19:47     1000         -   3385509    1.00    0.00    0.00    0.00    1.00     3  |__qemu-system-aar
07:19:47     1000         -   3385516    0.00    0.00    0.00    0.00    0.00     0  |__call_rcu
07:19:47     1000         -   3385529   94.00    1.00    0.00    0.00   95.00    20  |__CPU 0/TCG
07:19:47     1000         -   3385531    1.00    0.00    0.00    0.00    1.00    19  |__CPU 1/TCG
07:19:47     1000         -   3385532   96.00    3.00    0.00    0.00   99.00    16  |__CPU 2/TCG
07:19:47     1000         -   3385534    0.00    0.00    0.00    0.00    0.00    28  |__CPU 3/TCG
07:19:48     1000   3385509         -  193.00    3.00    0.00    0.00  196.00     6  qemu-system-aar
07:19:48     1000         -   3385509    2.00    0.00    0.00    0.00    2.00     6  |__qemu-system-aar
07:19:48     1000         -   3385516    0.00    0.00    0.00    0.00    0.00     0  |__call_rcu
07:19:48     1000         -   3385529   95.00    1.00    0.00    0.00   96.00    20  |__CPU 0/TCG
07:19:48     1000         -   3385531    0.00    0.00    0.00    0.00    0.00    19  |__CPU 1/TCG
07:19:48     1000         -   3385532   96.00    3.00    0.00    0.00   99.00    16  |__CPU 2/TCG
07:19:48     1000         -   3385534    0.00    0.00    0.00    0.00    0.00    28  |__CPU 3/TCG
07:19:49     1000   3385509         -  193.00    5.00    0.00    0.00  198.00     6  qemu-system-aar
07:19:49     1000         -   3385509    0.00    1.00    0.00    0.00    1.00     6  |__qemu-system-aar
07:19:49     1000         -   3385516    0.00    0.00    0.00    0.00    0.00     0  |__call_rcu
07:19:49     1000         -   3385529   95.00    1.00    0.00    0.00   96.00    20  |__CPU 0/TCG
07:19:49     1000         -   3385531    1.00    0.00    0.00    0.00    1.00    19  |__CPU 1/TCG
07:19:49     1000         -   3385532   96.00    4.00    0.00    0.00  100.00    16  |__CPU 2/TCG
07:19:49     1000         -   3385534    0.00    0.00    0.00    0.00    0.00    28  |__CPU 3/TCG
07:19:50     1000   3385509         -  193.00    3.00    0.00    0.00  196.00     7  qemu-system-aar
07:19:50     1000         -   3385509    0.00    2.00    0.00    0.00    2.00     7  |__qemu-system-aar
07:19:50     1000         -   3385516    0.00    0.00    0.00    0.00    0.00     0  |__call_rcu
07:19:50     1000         -   3385529   95.00    1.00    0.00    0.00   96.00    20  |__CPU 0/TCG
07:19:50     1000         -   3385531    1.00    0.00    0.00    0.00    1.00    19  |__CPU 1/TCG
07:19:50     1000         -   3385532   96.00    2.00    0.00    0.00   98.00    16  |__CPU 2/TCG
07:19:50     1000         -   3385534    0.00    0.00    0.00    0.00    0.00    28  |__CPU 3/TCG
07:19:51     1000   3385509         -  191.00    5.00    0.00    0.00  196.00     7  qemu-system-aar
07:19:51     1000         -   3385509    0.00    1.00    0.00    0.00    1.00     7  |__qemu-system-aar
07:19:51     1000         -   3385516    0.00    0.00    0.00    0.00    0.00     0  |__call_rcu
07:19:51     1000         -   3385529   94.00    0.00    0.00    0.00   94.00    20  |__CPU 0/TCG
07:19:51     1000         -   3385531    0.00    0.00    0.00    0.00    0.00     2  |__CPU 1/TCG
07:19:51     1000         -   3385532   95.00    4.00    0.00    0.00   99.00     0  |__CPU 2/TCG
07:19:51     1000         -   3385534    0.00    0.00    0.00    0.00    0.00    28  |__CPU 3/TCG
07:19:52     1000   3385509         -  190.00    5.00    0.00    0.00  195.00     3  qemu-system-aar
07:19:52     1000         -   3385509    0.00    1.00    0.00    0.00    1.00     3  |__qemu-system-aar
07:19:52     1000         -   3385516    0.00    0.00    0.00    0.00    0.00     0  |__call_rcu
07:19:52     1000         -   3385529   94.00    2.00    0.00    0.00   96.00    20  |__CPU 0/TCG
07:19:52     1000         -   3385531    1.00    0.00    0.00    0.00    1.00     2  |__CPU 1/TCG
07:19:52     1000         -   3385532   95.00    4.00    0.00    0.00   99.00     0  |__CPU 2/TCG
07:19:52     1000         -   3385534    0.00    0.00    0.00    0.00    0.00    28  |__CPU 3/TCG
07:19:53     1000   3385509         -  192.00    5.00    0.00    0.00  197.00     7  qemu-system-aar
07:19:53     1000         -   3385509    0.00    1.00    0.00    0.00    1.00     7  |__qemu-system-aar
07:19:53     1000         -   3385516    0.00    0.00    0.00    0.00    0.00     0  |__call_rcu
07:19:53     1000         -   3385529   94.00    1.00    0.00    0.00   95.00    20  |__CPU 0/TCG
07:19:53     1000         -   3385531    1.00    0.00    0.00    0.00    1.00    19  |__CPU 1/TCG
07:19:53     1000         -   3385532   95.00    4.00    0.00    0.00   99.00    16  |__CPU 2/TCG
07:19:53     1000         -   3385534    0.00    0.00    0.00    0.00    0.00    28  |__CPU 3/TCG
07:19:54     1000   3385509         -  193.00    4.00    0.00    1.00  197.00     2  qemu-system-aar
07:19:54     1000         -   3385509    2.00    0.00    0.00    1.00    2.00     2  |__qemu-system-aar
07:19:54     1000         -   3385516    0.00    0.00    0.00    0.00    0.00     0  |__call_rcu
07:19:54     1000         -   3385529   95.00    0.00    0.00    0.00   95.00     4  |__CPU 0/TCG
07:19:54     1000         -   3385531    0.00    0.00    0.00    0.00    0.00     5  |__CPU 1/TCG
07:19:54     1000         -   3385532   96.00    3.00    0.00    0.00   99.00    16  |__CPU 2/TCG
07:19:54     1000         -   3385534    0.00    0.00    0.00    0.00    0.00    28  |__CPU 3/TCG
07:19:55     1000   3385509         -  194.00    2.00    0.00    0.00  196.00     2  qemu-system-aar
07:19:55     1000         -   3385509    0.00    2.00    0.00    0.00    2.00     2  |__qemu-system-aar
07:19:55     1000         -   3385516    0.00    0.00    0.00    0.00    0.00     0  |__call_rcu
07:19:55     1000         -   3385529   95.00    1.00    0.00    0.00   96.00     4  |__CPU 0/TCG
07:19:55     1000         -   3385531    1.00    0.00    0.00    0.00    1.00     5  |__CPU 1/TCG
07:19:55     1000         -   3385532   97.00    1.00    0.00    0.00   98.00    16  |__CPU 2/TCG
07:19:55     1000         -   3385534    0.00    0.00    0.00    0.00    0.00    28  |__CPU 3/TCG
07:19:56     1000   3385509         -  191.00    6.00    0.00    0.00  197.00     3  qemu-system-aar
07:19:56     1000         -   3385509    0.00    1.00    0.00    0.00    1.00     3  |__qemu-system-aar
07:19:56     1000         -   3385516    0.00    0.00    0.00    0.00    0.00     0  |__call_rcu
07:19:56     1000         -   3385529   94.00    1.00    0.00    0.00   95.00     4  |__CPU 0/TCG
07:19:56     1000         -   3385531    1.00    0.00    0.00    0.00    1.00     2  |__CPU 1/TCG
07:19:56     1000         -   3385532   95.00    4.00    0.00    0.00   99.00    16  |__CPU 2/TCG
07:19:56     1000         -   3385534    0.00    0.00    0.00    0.00    0.00    28  |__CPU 3/TCG
07:19:57     1000   3385509         -  192.00    4.00    0.00    0.00  196.00     6  qemu-system-aar
07:19:57     1000         -   3385509    0.00    1.00    0.00    0.00    1.00     6  |__qemu-system-aar
07:19:57     1000         -   3385516    0.00    0.00    0.00    0.00    0.00     0  |__call_rcu
07:19:57     1000         -   3385529   94.00    2.00    0.00    0.00   96.00     4  |__CPU 0/TCG
07:19:57     1000         -   3385531    0.00    0.00    0.00    0.00    0.00     2  |__CPU 1/TCG
07:19:57     1000         -   3385532   96.00    3.00    0.00    0.00   99.00    16  |__CPU 2/TCG
07:19:57     1000         -   3385534    0.00    0.00    0.00    0.00    0.00    28  |__CPU 3/TCG
07:19:58     1000   3385509         -  193.00    3.00    0.00    0.00  196.00     6  qemu-system-aar
07:19:58     1000         -   3385509    2.00    0.00    0.00    0.00    2.00     6  |__qemu-system-aar
07:19:58     1000         -   3385516    0.00    0.00    0.00    0.00    0.00     0  |__call_rcu
07:19:58     1000         -   3385529   95.00    1.00    0.00    0.00   96.00    20  |__CPU 0/TCG
07:19:58     1000         -   3385531    1.00    0.00    0.00    0.00    1.00     2  |__CPU 1/TCG
07:19:58     1000         -   3385532   97.00    2.00    0.00    0.00   99.00    16  |__CPU 2/TCG
07:19:58     1000         -   3385534    0.00    0.00    0.00    0.00    0.00    28  |__CPU 3/TCG
07:19:59     1000   3385509         -  193.00    3.00    0.00    0.00  196.00     6  qemu-system-aar
07:19:59     1000         -   3385509    0.00    1.00    0.00    0.00    1.00     6  |__qemu-system-aar
07:19:59     1000         -   3385516    0.00    0.00    0.00    0.00    0.00     0  |__call_rcu
07:19:59     1000         -   3385529   95.00    0.00    0.00    0.00   95.00    20  |__CPU 0/TCG
07:19:59     1000         -   3385531    0.00    0.00    0.00    0.00    0.00     5  |__CPU 1/TCG
07:19:59     1000         -   3385532   96.00    3.00    0.00    0.00   99.00    16  |__CPU 2/TCG
07:19:59     1000         -   3385534    0.00    0.00    0.00    0.00    0.00    28  |__CPU 3/TCG
07:20:00     1000   3385509         -  193.00    4.00    0.00    0.00  197.00     6  qemu-system-aar
07:20:00     1000         -   3385509    0.00    2.00    0.00    0.00    2.00     6  |__qemu-system-aar
07:20:00     1000         -   3385516    0.00    0.00    0.00    0.00    0.00     0  |__call_rcu
07:20:00     1000         -   3385529   95.00    1.00    0.00    0.00   96.00    20  |__CPU 0/TCG
07:20:00     1000         -   3385531    1.00    0.00    0.00    0.00    1.00     5  |__CPU 1/TCG
07:20:00     1000         -   3385532   96.00    3.00    0.00    0.00   99.00    16  |__CPU 2/TCG
07:20:00     1000         -   3385534    0.00    0.00    0.00    0.00    0.00    28  |__CPU 3/TCG
07:20:01     1000   3385509         -  192.00    4.00    0.00    0.00  196.00     7  qemu-system-aar
07:20:01     1000         -   3385509    0.00    1.00    0.00    0.00    1.00     7  |__qemu-system-aar
07:20:01     1000         -   3385516    0.00    0.00    0.00    0.00    0.00     0  |__call_rcu
07:20:01     1000         -   3385529   95.00    1.00    0.00    0.00   96.00    20  |__CPU 0/TCG
07:20:01     1000         -   3385531    1.00    0.00    0.00    0.00    1.00    16  |__CPU 1/TCG
07:20:01     1000         -   3385532   95.00    3.00    0.00    0.00   98.00     0  |__CPU 2/TCG
07:20:01     1000         -   3385534    0.00    0.00    0.00    0.00    0.00    28  |__CPU 3/TCG
07:20:02     1000   3385509         -  191.00    6.00    0.00    0.00  197.00     7  qemu-system-aar
07:20:02     1000         -   3385509    0.00    1.00    0.00    0.00    1.00     7  |__qemu-system-aar
07:20:02     1000         -   3385516    0.00    0.00    0.00    0.00    0.00     0  |__call_rcu
07:20:02     1000         -   3385529   94.00    1.00    0.00    0.00   95.00    20  |__CPU 0/TCG
07:20:02     1000         -   3385531    0.00    0.00    0.00    0.00    0.00    16  |__CPU 1/TCG
07:20:02     1000         -   3385532   95.00    4.00    0.00    0.00   99.00     0  |__CPU 2/TCG
07:20:02     1000         -   3385534    0.00    0.00    0.00    0.00    0.00    28  |__CPU 3/TCG
07:20:03     1000   3385509         -  191.00    6.00    0.00    0.00  197.00     7  qemu-system-aar
07:20:03     1000         -   3385509    0.00    1.00    0.00    0.00    1.00     7  |__qemu-system-aar
07:20:03     1000         -   3385516    0.00    0.00    0.00    0.00    0.00     0  |__call_rcu
07:20:03     1000         -   3385529   94.00    1.00    0.00    0.00   95.00    20  |__CPU 0/TCG
07:20:03     1000         -   3385531    1.00    0.00    0.00    0.00    1.00    16  |__CPU 1/TCG
07:20:03     1000         -   3385532   95.00    5.00    0.00    0.00  100.00     0  |__CPU 2/TCG
07:20:03     1000         -   3385534    0.00    0.00    0.00    0.00    0.00    28  |__CPU 3/TCG
07:20:04     1000   3385509         -  192.00    4.00    0.00    0.00  196.00     1  qemu-system-aar
07:20:04     1000         -   3385509    1.00    1.00    0.00    0.00    2.00     1  |__qemu-system-aar
07:20:04     1000         -   3385516    0.00    0.00    0.00    0.00    0.00     0  |__call_rcu
07:20:04     1000         -   3385529   95.00    1.00    0.00    0.00   96.00    20  |__CPU 0/TCG
07:20:04     1000         -   3385531    1.00    0.00    0.00    0.00    1.00    16  |__CPU 1/TCG
07:20:04     1000         -   3385532   95.00    3.00    0.00    0.00   98.00     0  |__CPU 2/TCG
07:20:04     1000         -   3385534    0.00    0.00    0.00    0.00    0.00    28  |__CPU 3/TCG
07:20:05     1000   3385509         -  193.00    4.00    0.00    0.00  197.00    17  qemu-system-aar
07:20:05     1000         -   3385509    0.00    1.00    0.00    0.00    1.00    17  |__qemu-system-aar
07:20:05     1000         -   3385516    0.00    0.00    0.00    0.00    0.00     0  |__call_rcu
07:20:05     1000         -   3385529   95.00    1.00    0.00    0.00   96.00    20  |__CPU 0/TCG
07:20:05     1000         -   3385531    0.00    0.00    0.00    0.00    0.00    16  |__CPU 1/TCG
07:20:05     1000         -   3385532   96.00    3.00    0.00    0.00   99.00     0  |__CPU 2/TCG
07:20:05     1000         -   3385534    0.00    0.00    0.00    0.00    0.00    28  |__CPU 3/TCG
07:20:06     1000   3385509         -  192.00    3.00    0.00    0.00  195.00    22  qemu-system-aar
07:20:06     1000         -   3385509    0.00    2.00    0.00    0.00    2.00    22  |__qemu-system-aar
07:20:06     1000         -   3385516    0.00    0.00    0.00    0.00    0.00     0  |__call_rcu
07:20:06     1000         -   3385529   95.00    1.00    0.00    0.00   96.00    20  |__CPU 0/TCG
07:20:06     1000         -   3385531    1.00    0.00    0.00    0.00    1.00    16  |__CPU 1/TCG
07:20:06     1000         -   3385532   96.00    3.00    0.00    0.00   99.00     0  |__CPU 2/TCG
07:20:06     1000         -   3385534    0.00    0.00    0.00    0.00    0.00    28  |__CPU 3/TCG
07:20:07     1000   3385509         -  191.00    6.00    0.00    0.00  197.00     2  qemu-system-aar
07:20:07     1000         -   3385509    1.00    0.00    0.00    0.00    1.00     2  |__qemu-system-aar
07:20:07     1000         -   3385516    0.00    0.00    0.00    0.00    0.00     0  |__call_rcu
07:20:07     1000         -   3385529   94.00    0.00    0.00    0.00   94.00     4  |__CPU 0/TCG
07:20:07     1000         -   3385531    0.00    0.00    0.00    0.00    0.00    16  |__CPU 1/TCG
07:20:07     1000         -   3385532   94.00    5.00    0.00    0.00   99.00     0  |__CPU 2/TCG
07:20:07     1000         -   3385534    0.00    0.00    0.00    0.00    0.00    28  |__CPU 3/TCG
07:20:08     1000   3385509         -  192.00    4.00    0.00    0.00  196.00    19  qemu-system-aar
07:20:08     1000         -   3385509    0.00    2.00    0.00    0.00    2.00    19  |__qemu-system-aar
07:20:08     1000         -   3385516    0.00    0.00    0.00    0.00    0.00     0  |__call_rcu
07:20:08     1000         -   3385529   95.00    1.00    0.00    0.00   96.00    20  |__CPU 0/TCG
07:20:08     1000         -   3385531    1.00    0.00    0.00    0.00    1.00    16  |__CPU 1/TCG
07:20:08     1000         -   3385532   96.00    3.00    0.00    0.00   99.00     0  |__CPU 2/TCG
07:20:08     1000         -   3385534    0.00    0.00    0.00    0.00    0.00    28  |__CPU 3/TCG
07:20:09     1000   3385509         -  193.00    3.00    0.00    0.00  196.00     1  qemu-system-aar
07:20:09     1000         -   3385509    0.00    0.00    0.00    0.00    0.00     1  |__qemu-system-aar
07:20:09     1000         -   3385516    0.00    0.00    0.00    0.00    0.00     0  |__call_rcu
07:20:09     1000         -   3385529   94.00    1.00    0.00    0.00   95.00    20  |__CPU 0/TCG
07:20:09     1000         -   3385531    1.00    0.00    0.00    0.00    1.00    16  |__CPU 1/TCG
07:20:09     1000         -   3385532   96.00    2.00    0.00    0.00   98.00     0  |__CPU 2/TCG
07:20:09     1000         -   3385534    0.00    0.00    0.00    0.00    0.00    28  |__CPU 3/TCG
07:20:10     1000   3385509         -  192.00    5.00    0.00    0.00  197.00     5  qemu-system-aar
07:20:10     1000         -   3385509    1.00    1.00    0.00    0.00    2.00     5  |__qemu-system-aar
07:20:10     1000         -   3385516    0.00    0.00    0.00    0.00    0.00     0  |__call_rcu
07:20:10     1000         -   3385529   95.00    1.00    0.00    0.00   96.00     4  |__CPU 0/TCG
07:20:10     1000         -   3385531    0.00    0.00    0.00    0.00    0.00    16  |__CPU 1/TCG
07:20:10     1000         -   3385532   96.00    4.00    0.00    0.00  100.00     0  |__CPU 2/TCG
07:20:10     1000         -   3385534    0.00    0.00    0.00    0.00    0.00    28  |__CPU 3/TCG
07:20:11     1000   3385509         -  193.00    3.00    0.00    0.00  196.00     7  qemu-system-aar
07:20:11     1000         -   3385509    0.00    1.00    0.00    0.00    1.00     7  |__qemu-system-aar
07:20:11     1000         -   3385516    0.00    0.00    0.00    0.00    0.00     0  |__call_rcu
07:20:11     1000         -   3385529   95.00    1.00    0.00    0.00   96.00     4  |__CPU 0/TCG
07:20:11     1000         -   3385531    1.00    0.00    0.00    0.00    1.00    16  |__CPU 1/TCG
07:20:11     1000         -   3385532   96.00    2.00    0.00    0.00   98.00     0  |__CPU 2/TCG
07:20:11     1000         -   3385534    0.00    0.00    0.00    0.00    0.00    28  |__CPU 3/TCG
07:20:12     1000   3385509         -  192.00    5.00    0.00    0.00  197.00     5  qemu-system-aar
07:20:12     1000         -   3385509    1.00    1.00    0.00    0.00    2.00     5  |__qemu-system-aar
07:20:12     1000         -   3385516    0.00    0.00    0.00    0.00    0.00     0  |__call_rcu
07:20:12     1000         -   3385529   94.00    1.00    0.00    0.00   95.00     4  |__CPU 0/TCG
07:20:12     1000         -   3385531    0.00    0.00    0.00    0.00    0.00    16  |__CPU 1/TCG
07:20:12     1000         -   3385532   95.00    4.00    0.00    0.00   99.00     0  |__CPU 2/TCG
07:20:12     1000         -   3385534    0.00    0.00    0.00    0.00    0.00    28  |__CPU 3/TCG
07:20:13     1000   3385509         -  193.00    3.00    0.00    0.00  196.00     5  qemu-system-aar
07:20:13     1000         -   3385509    0.00    1.00    0.00    0.00    1.00     5  |__qemu-system-aar
07:20:13     1000         -   3385516    0.00    0.00    0.00    0.00    0.00     0  |__call_rcu
07:20:13     1000         -   3385529   96.00    0.00    0.00    0.00   96.00    20  |__CPU 0/TCG
07:20:13     1000         -   3385531    1.00    0.00    0.00    0.00    1.00    16  |__CPU 1/TCG
07:20:13     1000         -   3385532   96.00    2.00    0.00    0.00   98.00     0  |__CPU 2/TCG
07:20:13     1000         -   3385534    0.00    0.00    0.00    0.00    0.00    28  |__CPU 3/TCG
07:20:14     1000   3385509         -  193.00    4.00    0.00    0.00  197.00     2  qemu-system-aar
07:20:14     1000         -   3385509    1.00    1.00    0.00    0.00    2.00     2  |__qemu-system-aar
07:20:14     1000         -   3385516    0.00    0.00    0.00    0.00    0.00     0  |__call_rcu
07:20:14     1000         -   3385529   94.00    2.00    0.00    0.00   96.00    20  |__CPU 0/TCG
07:20:14     1000         -   3385531    1.00    0.00    0.00    0.00    1.00    16  |__CPU 1/TCG
07:20:14     1000         -   3385532   96.00    4.00    0.00    0.00  100.00     0  |__CPU 2/TCG
07:20:14     1000         -   3385534    0.00    0.00    0.00    0.00    0.00    28  |__CPU 3/TCG
07:20:15     1000   3385509         -  191.00    5.00    0.00    0.00  196.00     2  qemu-system-aar
07:20:15     1000         -   3385509    0.00    1.00    0.00    0.00    1.00     2  |__qemu-system-aar
07:20:15     1000         -   3385516    0.00    0.00    0.00    0.00    0.00     0  |__call_rcu
07:20:15     1000         -   3385529   95.00    1.00    0.00    0.00   96.00    20  |__CPU 0/TCG
07:20:15     1000         -   3385531    0.00    0.00    0.00    0.00    0.00    16  |__CPU 1/TCG
07:20:15     1000         -   3385532   95.00    3.00    0.00    1.00   98.00     0  |__CPU 2/TCG
07:20:15     1000         -   3385534    0.00    0.00    0.00    0.00    0.00    28  |__CPU 3/TCG
07:20:16     1000   3385509         -  192.00    5.00    0.00    0.00  197.00     3  qemu-system-aar
07:20:16     1000         -   3385509    0.00    1.00    0.00    0.00    1.00     3  |__qemu-system-aar
07:20:16     1000         -   3385516    0.00    0.00    0.00    0.00    0.00     0  |__call_rcu
07:20:16     1000         -   3385529   93.00    1.00    0.00    0.00   94.00    20  |__CPU 0/TCG
07:20:16     1000         -   3385531    1.00    0.00    0.00    0.00    1.00     5  |__CPU 1/TCG
07:20:16     1000         -   3385532   96.00    3.00    0.00    0.00   99.00    16  |__CPU 2/TCG
07:20:16     1000         -   3385534    0.00    0.00    0.00    0.00    0.00    28  |__CPU 3/TCG
07:20:17     1000   3385509         -  190.00    6.00    0.00    0.00  196.00    17  qemu-system-aar
07:20:17     1000         -   3385509    1.00    1.00    0.00    0.00    2.00    17  |__qemu-system-aar
07:20:17     1000         -   3385516    0.00    0.00    0.00    0.00    0.00     0  |__call_rcu
07:20:17     1000         -   3385529   93.00    2.00    0.00    0.00   95.00    20  |__CPU 0/TCG
07:20:17     1000         -   3385531    1.00    0.00    0.00    0.00    1.00     6  |__CPU 1/TCG
07:20:17     1000         -   3385532   95.00    4.00    0.00    0.00   99.00    16  |__CPU 2/TCG
07:20:17     1000         -   3385534    0.00    0.00    0.00    0.00    0.00    28  |__CPU 3/TCG
07:20:18     1000   3385509         -  193.00    4.00    0.00    0.00  197.00     7  qemu-system-aar
07:20:18     1000         -   3385509    0.00    1.00    0.00    0.00    1.00     7  |__qemu-system-aar
07:20:18     1000         -   3385516    0.00    0.00    0.00    0.00    0.00     0  |__call_rcu
07:20:18     1000         -   3385529   95.00    1.00    0.00    0.00   96.00    20  |__CPU 0/TCG
07:20:18     1000         -   3385531    0.00    0.00    0.00    0.00    0.00     5  |__CPU 1/TCG
07:20:18     1000         -   3385532   97.00    3.00    0.00    0.00  100.00    16  |__CPU 2/TCG
07:20:18     1000         -   3385534    0.00    0.00    0.00    0.00    0.00    28  |__CPU 3/TCG
07:20:19     1000   3385509         -  192.00    4.00    0.00    0.00  196.00     2  qemu-system-aar
07:20:19     1000         -   3385509    0.00    1.00    0.00    0.00    1.00     2  |__qemu-system-aar
07:20:19     1000         -   3385516    0.00    0.00    0.00    0.00    0.00     0  |__call_rcu
07:20:19     1000         -   3385529   95.00    1.00    0.00    0.00   96.00    20  |__CPU 0/TCG
07:20:19     1000         -   3385531    1.00    0.00    0.00    0.00    1.00     5  |__CPU 1/TCG
07:20:19     1000         -   3385532   95.00    3.00    0.00    0.00   98.00    16  |__CPU 2/TCG
07:20:19     1000         -   3385534    0.00    0.00    0.00    0.00    0.00    28  |__CPU 3/TCG
07:20:20     1000   3385509         -  194.00    3.00    0.00    0.00  197.00    19  qemu-system-aar
07:20:20     1000         -   3385509    0.00    2.00    0.00    0.00    2.00    19  |__qemu-system-aar
07:20:20     1000         -   3385516    0.00    0.00    0.00    0.00    0.00     0  |__call_rcu
07:20:20     1000         -   3385529   95.00    1.00    0.00    0.00   96.00    20  |__CPU 0/TCG
07:20:20     1000         -   3385531    1.00    0.00    0.00    0.00    1.00     5  |__CPU 1/TCG
07:20:20     1000         -   3385532   97.00    2.00    0.00    0.00   99.00    16  |__CPU 2/TCG
07:20:20     1000         -   3385534    0.00    0.00    0.00    0.00    0.00    28  |__CPU 3/TCG
07:20:21     1000   3385509         -  192.00    4.00    0.00    0.00  196.00    19  qemu-system-aar
07:20:21     1000         -   3385509    0.00    1.00    0.00    0.00    1.00    19  |__qemu-system-aar
07:20:21     1000         -   3385516    0.00    0.00    0.00    0.00    0.00     0  |__call_rcu
07:20:21     1000         -   3385529   95.00    1.00    0.00    0.00   96.00    20  |__CPU 0/TCG
07:20:21     1000         -   3385531    0.00    0.00    0.00    0.00    0.00     6  |__CPU 1/TCG
07:20:21     1000         -   3385532   96.00    3.00    0.00    0.00   99.00    16  |__CPU 2/TCG
07:20:21     1000         -   3385534    0.00    0.00    0.00    0.00    0.00    28  |__CPU 3/TCG
07:20:22     1000   3385509         -  193.00    3.00    0.00    0.00  196.00     7  qemu-system-aar
07:20:22     1000         -   3385509    1.00    0.00    0.00    0.00    1.00     7  |__qemu-system-aar
07:20:22     1000         -   3385516    0.00    0.00    0.00    0.00    0.00     0  |__call_rcu
07:20:22     1000         -   3385529   94.00    1.00    0.00    0.00   95.00    20  |__CPU 0/TCG
07:20:22     1000         -   3385531    1.00    0.00    0.00    0.00    1.00     5  |__CPU 1/TCG
07:20:22     1000         -   3385532   96.00    3.00    0.00    0.00   99.00    16  |__CPU 2/TCG
07:20:22     1000         -   3385534    0.00    0.00    0.00    0.00    0.00    28  |__CPU 3/TCG
07:20:23     1000   3385509         -  194.00    4.00    0.00    0.00  198.00     5  qemu-system-aar
07:20:23     1000         -   3385509    2.00    0.00    0.00    0.00    2.00     5  |__qemu-system-aar
07:20:23     1000         -   3385516    0.00    0.00    0.00    0.00    0.00     0  |__call_rcu
07:20:23     1000         -   3385529   95.00    0.00    0.00    0.00   95.00    20  |__CPU 0/TCG
07:20:23     1000         -   3385531    0.00    0.00    0.00    0.00    0.00     7  |__CPU 1/TCG
07:20:23     1000         -   3385532   96.00    2.00    0.00    0.00   98.00    16  |__CPU 2/TCG
07:20:23     1000         -   3385534    0.00    0.00    0.00    0.00    0.00    28  |__CPU 3/TCG
07:20:24     1000   3385509         -  192.00    3.00    0.00    0.00  195.00     6  qemu-system-aar
07:20:24     1000         -   3385509    1.00    0.00    0.00    0.00    1.00     6  |__qemu-system-aar
07:20:24     1000         -   3385516    0.00    0.00    0.00    0.00    0.00     0  |__call_rcu
07:20:24     1000         -   3385529   95.00    2.00    0.00    0.00   97.00     4  |__CPU 0/TCG
07:20:24     1000         -   3385531    1.00    0.00    0.00    0.00    1.00     7  |__CPU 1/TCG
07:20:24     1000         -   3385532   97.00    3.00    0.00    0.00  100.00     0  |__CPU 2/TCG
07:20:24     1000         -   3385534    0.00    0.00    0.00    0.00    0.00    28  |__CPU 3/TCG
07:20:25     1000   3385509         -  189.00    6.00    0.00    0.00  195.00     1  qemu-system-aar
07:20:25     1000         -   3385509    1.00    1.00    0.00    0.00    2.00     1  |__qemu-system-aar
07:20:25     1000         -   3385516    0.00    0.00    0.00    0.00    0.00     0  |__call_rcu
07:20:25     1000         -   3385529   92.00    2.00    0.00    0.00   94.00     0  |__CPU 0/TCG
07:20:25     1000         -   3385531    1.00    0.00    0.00    0.00    1.00     7  |__CPU 1/TCG
07:20:25     1000         -   3385532   95.00    3.00    0.00    0.00   98.00     4  |__CPU 2/TCG
07:20:25     1000         -   3385534    0.00    0.00    0.00    0.00    0.00    28  |__CPU 3/TCG
07:20:26     1000   3385509         -  189.00    6.00    0.00    0.00  195.00     2  qemu-system-aar
07:20:26     1000         -   3385509    1.00    0.00    0.00    0.00    1.00     2  |__qemu-system-aar
07:20:26     1000         -   3385516    0.00    0.00    0.00    0.00    0.00     0  |__call_rcu
07:20:26     1000         -   3385529   92.00    2.00    0.00    0.00   94.00     0  |__CPU 0/TCG
07:20:26     1000         -   3385531    0.00    0.00    0.00    0.00    0.00    17  |__CPU 1/TCG
07:20:26     1000         -   3385532   95.00    5.00    0.00    0.00  100.00    20  |__CPU 2/TCG
07:20:26     1000         -   3385534    0.00    0.00    0.00    0.00    0.00    28  |__CPU 3/TCG
07:20:27     1000   3385509         -  188.00    6.00    0.00    0.00  194.00     5  qemu-system-aar
07:20:27     1000         -   3385509    0.00    1.00    0.00    0.00    1.00     5  |__qemu-system-aar
07:20:27     1000         -   3385516    0.00    0.00    0.00    0.00    0.00     0  |__call_rcu
07:20:27     1000         -   3385529   91.00    1.00    0.00    0.00   92.00     0  |__CPU 0/TCG
07:20:27     1000         -   3385531    1.00    0.00    0.00    0.00    1.00    17  |__CPU 1/TCG
07:20:27     1000         -   3385532   94.00    4.00    0.00    0.00   98.00    20  |__CPU 2/TCG
07:20:27     1000         -   3385534    0.00    0.00    0.00    0.00    0.00    28  |__CPU 3/TCG
07:20:28     1000   3385509         -  187.00    9.00    0.00    0.00  196.00     2  qemu-system-aar
07:20:28     1000         -   3385509    0.00    1.00    0.00    0.00    1.00     2  |__qemu-system-aar
07:20:28     1000         -   3385516    0.00    0.00    0.00    0.00    0.00     0  |__call_rcu
07:20:28     1000         -   3385529   92.00    3.00    0.00    0.00   95.00     0  |__CPU 0/TCG
07:20:28     1000         -   3385531    0.00    0.00    0.00    0.00    0.00     7  |__CPU 1/TCG
07:20:28     1000         -   3385532   94.00    5.00    0.00    0.00   99.00    20  |__CPU 2/TCG
07:20:28     1000         -   3385534    0.00    0.00    0.00    0.00    0.00    28  |__CPU 3/TCG
07:20:29     1000   3385509         -  187.00    7.00    0.00    0.00  194.00     3  qemu-system-aar
07:20:29     1000         -   3385509    0.00    1.00    0.00    0.00    1.00     3  |__qemu-system-aar
07:20:29     1000         -   3385516    0.00    0.00    0.00    0.00    0.00     0  |__call_rcu
07:20:29     1000         -   3385529   91.00    2.00    0.00    0.00   93.00    16  |__CPU 0/TCG
07:20:29     1000         -   3385531    1.00    0.00    0.00    0.00    1.00    17  |__CPU 1/TCG
07:20:29     1000         -   3385532   94.00    5.00    0.00    0.00   99.00    20  |__CPU 2/TCG
07:20:29     1000         -   3385534    0.00    0.00    0.00    0.00    0.00    28  |__CPU 3/TCG
07:20:30     1000   3385509         -  187.00    7.00    0.00    0.00  194.00     2  qemu-system-aar
07:20:30     1000         -   3385509    0.00    2.00    0.00    0.00    2.00     2  |__qemu-system-aar
07:20:30     1000         -   3385516    0.00    0.00    0.00    0.00    0.00     0  |__call_rcu
07:20:30     1000         -   3385529   91.00    2.00    0.00    0.00   93.00    16  |__CPU 0/TCG
07:20:30     1000         -   3385531    0.00    0.00    0.00    0.00    0.00    17  |__CPU 1/TCG
07:20:30     1000         -   3385532   94.00    6.00    0.00    0.00  100.00    20  |__CPU 2/TCG
07:20:30     1000         -   3385534    0.00    0.00    0.00    0.00    0.00    28  |__CPU 3/TCG
07:20:31     1000   3385509         -  185.00    7.00    0.00    0.00  192.00    18  qemu-system-aar
07:20:31     1000         -   3385509    1.00    0.00    0.00    0.00    1.00    18  |__qemu-system-aar
07:20:31     1000         -   3385516    0.00    0.00    0.00    0.00    0.00     0  |__call_rcu
07:20:31     1000         -   3385529   90.00    2.00    0.00    0.00   92.00    16  |__CPU 0/TCG
07:20:31     1000         -   3385531    1.00    0.00    0.00    0.00    1.00     7  |__CPU 1/TCG
07:20:31     1000         -   3385532   94.00    5.00    0.00    0.00   99.00    20  |__CPU 2/TCG
07:20:31     1000         -   3385534    0.00    0.00    0.00    0.00    0.00    28  |__CPU 3/TCG
07:20:32     1000   3385509         -  188.00    5.00    0.00    0.00  193.00    18  qemu-system-aar
07:20:32     1000         -   3385509    0.00    1.00    0.00    0.00    1.00    18  |__qemu-system-aar
07:20:32     1000         -   3385516    0.00    0.00    0.00    0.00    0.00     0  |__call_rcu
07:20:32     1000         -   3385529   91.00    1.00    0.00    0.00   92.00    16  |__CPU 0/TCG
07:20:32     1000         -   3385531    1.00    0.00    0.00    0.00    1.00     7  |__CPU 1/TCG
07:20:32     1000         -   3385532   95.00    3.00    0.00    0.00   98.00     4  |__CPU 2/TCG
07:20:32     1000         -   3385534    0.00    0.00    0.00    0.00    0.00    28  |__CPU 3/TCG
07:20:33     1000   3385509         -  189.00    7.00    0.00    0.00  196.00    18  qemu-system-aar
07:20:33     1000         -   3385509    0.00    1.00    0.00    0.00    1.00    18  |__qemu-system-aar
07:20:33     1000         -   3385516    0.00    0.00    0.00    0.00    0.00     0  |__call_rcu
07:20:33     1000         -   3385529   92.00    2.00    0.00    0.00   94.00     0  |__CPU 0/TCG
07:20:33     1000         -   3385531    0.00    0.00    0.00    0.00    0.00     7  |__CPU 1/TCG
07:20:33     1000         -   3385532   95.00    5.00    0.00    0.00  100.00     4  |__CPU 2/TCG
07:20:33     1000         -   3385534    0.00    0.00    0.00    0.00    0.00    28  |__CPU 3/TCG
07:20:34     1000   3385509         -  187.13    4.95    0.00    0.00  192.08    19  qemu-system-aar
07:20:34     1000         -   3385509    0.00    0.99    0.00    0.00    0.99    19  |__qemu-system-aar
07:20:34     1000         -   3385516    0.00    0.00    0.00    0.00    0.00     0  |__call_rcu
07:20:34     1000         -   3385529   92.08    1.98    0.00    0.00   94.06     0  |__CPU 0/TCG
07:20:34     1000         -   3385531    0.99    0.00    0.00    0.00    0.99     7  |__CPU 1/TCG
07:20:34     1000         -   3385532   94.06    3.96    0.00    0.00   98.02    20  |__CPU 2/TCG
07:20:34     1000         -   3385534    0.00    0.00    0.00    0.00    0.00    28  |__CPU 3/TCG
07:20:35     1000   3385509         -  189.00    7.00    0.00    0.00  196.00    22  qemu-system-aar
07:20:35     1000         -   3385509    2.00    0.00    0.00    0.00    2.00    22  |__qemu-system-aar
07:20:35     1000         -   3385516    0.00    0.00    0.00    0.00    0.00     0  |__call_rcu
07:20:35     1000         -   3385529   92.00    2.00    0.00    0.00   94.00    16  |__CPU 0/TCG
07:20:35     1000         -   3385531    1.00    0.00    0.00    0.00    1.00    17  |__CPU 1/TCG
07:20:35     1000         -   3385532   94.00    5.00    0.00    0.00   99.00    20  |__CPU 2/TCG
07:20:35     1000         -   3385534    0.00    0.00    0.00    0.00    0.00    28  |__CPU 3/TCG
07:20:36     1000   3385509         -  186.00    8.00    0.00    0.00  194.00    18  qemu-system-aar
07:20:36     1000         -   3385509    0.00    1.00    0.00    0.00    1.00    18  |__qemu-system-aar
07:20:36     1000         -   3385516    0.00    0.00    0.00    0.00    0.00     0  |__call_rcu
07:20:36     1000         -   3385529   91.00    1.00    0.00    0.00   92.00    16  |__CPU 0/TCG
07:20:36     1000         -   3385531    0.00    0.00    0.00    0.00    0.00    17  |__CPU 1/TCG
07:20:36     1000         -   3385532   93.00    6.00    0.00    0.00   99.00    20  |__CPU 2/TCG
07:20:36     1000         -   3385534    0.00    0.00    0.00    0.00    0.00    28  |__CPU 3/TCG
07:20:37     1000   3385509         -  185.00    6.00    0.00    0.00  191.00    18  qemu-system-aar
07:20:37     1000         -   3385509    1.00    1.00    0.00    0.00    2.00    18  |__qemu-system-aar
07:20:37     1000         -   3385516    0.00    0.00    0.00    0.00    0.00     0  |__call_rcu
07:20:37     1000         -   3385529   90.00    1.00    0.00    0.00   91.00    16  |__CPU 0/TCG
07:20:37     1000         -   3385531    1.00    0.00    0.00    0.00    1.00    17  |__CPU 1/TCG
07:20:37     1000         -   3385532   94.00    6.00    0.00    0.00  100.00    20  |__CPU 2/TCG
07:20:37     1000         -   3385534    0.00    0.00    0.00    0.00    0.00    28  |__CPU 3/TCG
07:20:38     1000   3385509         -  186.00    7.00    0.00    0.00  193.00     5  qemu-system-aar
07:20:38     1000         -   3385509    0.00    1.00    0.00    0.00    1.00     5  |__qemu-system-aar
07:20:38     1000         -   3385516    0.00    0.00    0.00    0.00    0.00     0  |__call_rcu
07:20:38     1000         -   3385529   90.00    1.00    0.00    0.00   91.00    16  |__CPU 0/TCG
07:20:38     1000         -   3385531    1.00    0.00    0.00    0.00    1.00     7  |__CPU 1/TCG
07:20:38     1000         -   3385532   94.00    5.00    0.00    0.00   99.00    20  |__CPU 2/TCG
07:20:38     1000         -   3385534    0.00    0.00    0.00    0.00    0.00    28  |__CPU 3/TCG
07:20:39     1000   3385509         -  190.00    5.00    0.00    0.00  195.00     5  qemu-system-aar
07:20:39     1000         -   3385509    0.00    1.00    0.00    0.00    1.00     5  |__qemu-system-aar
07:20:39     1000         -   3385516    0.00    0.00    0.00    0.00    0.00     0  |__call_rcu
07:20:39     1000         -   3385529   93.00    2.00    0.00    0.00   95.00     0  |__CPU 0/TCG
07:20:39     1000         -   3385531    0.00    0.00    0.00    0.00    0.00     7  |__CPU 1/TCG
07:20:39     1000         -   3385532   95.00    4.00    0.00    0.00   99.00    20  |__CPU 2/TCG
07:20:39     1000         -   3385534    0.00    0.00    0.00    0.00    0.00    28  |__CPU 3/TCG
07:20:40     1000   3385509         -  188.00    7.00    0.00    0.00  195.00    21  qemu-system-aar
07:20:40     1000         -   3385509    0.00    1.00    0.00    0.00    1.00    21  |__qemu-system-aar
07:20:40     1000         -   3385516    0.00    0.00    0.00    0.00    0.00     0  |__call_rcu
07:20:40     1000         -   3385529   93.00    2.00    0.00    0.00   95.00     0  |__CPU 0/TCG
07:20:40     1000         -   3385531    1.00    0.00    0.00    0.00    1.00     7  |__CPU 1/TCG
07:20:40     1000         -   3385532   94.00    5.00    0.00    0.00   99.00    20  |__CPU 2/TCG
07:20:40     1000         -   3385534    0.00    0.00    0.00    0.00    0.00    28  |__CPU 3/TCG
07:20:41     1000   3385509         -  190.00    5.00    0.00    0.00  195.00    19  qemu-system-aar
07:20:41     1000         -   3385509    0.00    1.00    0.00    0.00    1.00    19  |__qemu-system-aar
07:20:41     1000         -   3385516    0.00    0.00    0.00    0.00    0.00     0  |__call_rcu
07:20:41     1000         -   3385529   92.00    1.00    0.00    0.00   93.00    16  |__CPU 0/TCG
07:20:41     1000         -   3385531    1.00    0.00    0.00    0.00    1.00     7  |__CPU 1/TCG
07:20:41     1000         -   3385532   96.00    3.00    0.00    0.00   99.00    20  |__CPU 2/TCG
07:20:41     1000         -   3385534    0.00    0.00    0.00    0.00    0.00    28  |__CPU 3/TCG
07:20:42     1000   3385509         -  187.00    7.00    0.00    0.00  194.00    21  qemu-system-aar
07:20:42     1000         -   3385509    1.00    1.00    0.00    0.00    2.00    21  |__qemu-system-aar
07:20:42     1000         -   3385516    0.00    0.00    0.00    0.00    0.00     0  |__call_rcu
07:20:42     1000         -   3385529   91.00    3.00    0.00    0.00   94.00    16  |__CPU 0/TCG
07:20:42     1000         -   3385531    0.00    0.00    0.00    0.00    0.00    17  |__CPU 1/TCG
07:20:42     1000         -   3385532   94.00    5.00    0.00    0.00   99.00    20  |__CPU 2/TCG
07:20:42     1000         -   3385534    0.00    0.00    0.00    0.00    0.00    28  |__CPU 3/TCG
07:20:43     1000   3385509         -  189.00    6.00    0.00    0.00  195.00     2  qemu-system-aar
07:20:43     1000         -   3385509    0.00    0.00    0.00    0.00    0.00     2  |__qemu-system-aar
07:20:43     1000         -   3385516    0.00    0.00    0.00    0.00    0.00     0  |__call_rcu
07:20:43     1000         -   3385529   92.00    2.00    0.00    0.00   94.00    16  |__CPU 0/TCG
07:20:43     1000         -   3385531    1.00    0.00    0.00    0.00    1.00     7  |__CPU 1/TCG
07:20:43     1000         -   3385532   95.00    4.00    0.00    0.00   99.00     4  |__CPU 2/TCG
07:20:43     1000         -   3385534    0.00    0.00    0.00    0.00    0.00    28  |__CPU 3/TCG
07:20:44     1000   3385509         -  184.00   10.00    0.00    0.00  194.00     6  qemu-system-aar
07:20:44     1000         -   3385509    1.00    1.00    0.00    0.00    2.00     6  |__qemu-system-aar
07:20:44     1000         -   3385516    0.00    0.00    0.00    0.00    0.00     0  |__call_rcu
07:20:44     1000         -   3385529   90.00    2.00    0.00    0.00   92.00    16  |__CPU 0/TCG
07:20:44     1000         -   3385531    1.00    0.00    0.00    0.00    1.00     7  |__CPU 1/TCG
07:20:44     1000         -   3385532   92.00    7.00    0.00    0.00   99.00    20  |__CPU 2/TCG
07:20:44     1000         -   3385534    0.00    0.00    0.00    0.00    0.00    28  |__CPU 3/TCG
07:20:45     1000   3385509         -  184.00    9.00    0.00    0.00  193.00     5  qemu-system-aar
07:20:45     1000         -   3385509    0.00    1.00    0.00    0.00    1.00     5  |__qemu-system-aar
07:20:45     1000         -   3385516    0.00    0.00    0.00    0.00    0.00     0  |__call_rcu
07:20:45     1000         -   3385529   90.00    3.00    0.00    0.00   93.00    16  |__CPU 0/TCG
07:20:45     1000         -   3385531    0.00    0.00    0.00    0.00    0.00     2  |__CPU 1/TCG
07:20:45     1000         -   3385532   92.00    7.00    0.00    0.00   99.00    20  |__CPU 2/TCG
07:20:45     1000         -   3385534    0.00    0.00    0.00    0.00    0.00    28  |__CPU 3/TCG
07:20:46     1000   3385509         -  187.00    7.00    0.00    0.00  194.00     2  qemu-system-aar
07:20:46     1000         -   3385509    0.00    1.00    0.00    0.00    1.00     2  |__qemu-system-aar
07:20:46     1000         -   3385516    0.00    0.00    0.00    0.00    0.00     0  |__call_rcu
07:20:46     1000         -   3385529   91.00    1.00    0.00    0.00   92.00    16  |__CPU 0/TCG
07:20:46     1000         -   3385531    0.00    1.00    0.00    0.00    1.00    19  |__CPU 1/TCG
07:20:46     1000         -   3385532   94.00    5.00    0.00    0.00   99.00    20  |__CPU 2/TCG
07:20:46     1000         -   3385534    0.00    0.00    0.00    0.00    0.00    28  |__CPU 3/TCG
07:20:47     1000   3385509         -  185.00    6.00    0.00    0.00  191.00     5  qemu-system-aar
07:20:47     1000         -   3385509    1.00    0.00    0.00    0.00    1.00     5  |__qemu-system-aar
07:20:47     1000         -   3385516    0.00    0.00    0.00    0.00    0.00     0  |__call_rcu
07:20:47     1000         -   3385529   89.00    2.00    0.00    0.00   91.00    16  |__CPU 0/TCG
07:20:47     1000         -   3385531    1.00    0.00    0.00    0.00    1.00    19  |__CPU 1/TCG
07:20:47     1000         -   3385532   95.00    5.00    0.00    0.00  100.00     4  |__CPU 2/TCG
07:20:47     1000         -   3385534    0.00    0.00    0.00    0.00    0.00    28  |__CPU 3/TCG
07:20:48     1000   3385509         -  188.00    7.00    0.00    0.00  195.00     5  qemu-system-aar
07:20:48     1000         -   3385509    0.00    1.00    0.00    0.00    1.00     5  |__qemu-system-aar
07:20:48     1000         -   3385516    0.00    0.00    0.00    0.00    0.00     0  |__call_rcu
07:20:48     1000         -   3385529   92.00    2.00    0.00    0.00   94.00    16  |__CPU 0/TCG
07:20:48     1000         -   3385531    0.00    0.00    0.00    0.00    0.00    19  |__CPU 1/TCG
07:20:48     1000         -   3385532   94.00    4.00    0.00    0.00   98.00     4  |__CPU 2/TCG
07:20:48     1000         -   3385534    0.00    0.00    0.00    0.00    0.00    28  |__CPU 3/TCG
07:20:49     1000   3385509         -  190.00    5.00    0.00    0.00  195.00     3  qemu-system-aar
07:20:49     1000         -   3385509    1.00    0.00    0.00    0.00    1.00     3  |__qemu-system-aar
07:20:49     1000         -   3385516    0.00    0.00    0.00    0.00    0.00     0  |__call_rcu
07:20:49     1000         -   3385529   93.00    1.00    0.00    0.00   94.00    16  |__CPU 0/TCG
07:20:49     1000         -   3385531    1.00    0.00    0.00    0.00    1.00    19  |__CPU 1/TCG
07:20:49     1000         -   3385532   96.00    4.00    0.00    0.00  100.00     4  |__CPU 2/TCG
07:20:49     1000         -   3385534    0.00    0.00    0.00    0.00    0.00    28  |__CPU 3/TCG
07:20:50     1000   3385509         -  190.00    5.00    0.00    0.00  195.00     6  qemu-system-aar
07:20:50     1000         -   3385509    1.00    1.00    0.00    0.00    2.00     6  |__qemu-system-aar
07:20:50     1000         -   3385516    0.00    0.00    0.00    0.00    0.00     0  |__call_rcu
07:20:50     1000         -   3385529   93.00    1.00    0.00    0.00   94.00    16  |__CPU 0/TCG
07:20:50     1000         -   3385531    0.00    0.00    0.00    0.00    0.00     2  |__CPU 1/TCG
07:20:50     1000         -   3385532   95.00    4.00    0.00    0.00   99.00     4  |__CPU 2/TCG
07:20:50     1000         -   3385534    0.00    0.00    0.00    0.00    0.00    28  |__CPU 3/TCG
07:20:51     1000   3385509         -  190.00    6.00    0.00    0.00  196.00     2  qemu-system-aar
07:20:51     1000         -   3385509    0.00    1.00    0.00    0.00    1.00     2  |__qemu-system-aar
07:20:51     1000         -   3385516    0.00    0.00    0.00    0.00    0.00     0  |__call_rcu
07:20:51     1000         -   3385529   93.00    2.00    0.00    0.00   95.00     0  |__CPU 0/TCG
07:20:51     1000         -   3385531    1.00    0.00    0.00    0.00    1.00    20  |__CPU 1/TCG
07:20:51     1000         -   3385532   95.00    4.00    0.00    0.00   99.00     4  |__CPU 2/TCG
07:20:51     1000         -   3385534    0.00    0.00    0.00    0.00    0.00    28  |__CPU 3/TCG
07:20:52     1000   3385509         -  187.00    7.00    0.00    0.00  194.00     2  qemu-system-aar
07:20:52     1000         -   3385509    2.00    0.00    0.00    0.00    2.00     2  |__qemu-system-aar
07:20:52     1000         -   3385516    0.00    0.00    0.00    0.00    0.00     0  |__call_rcu
07:20:52     1000         -   3385529   90.00    2.00    0.00    0.00   92.00    16  |__CPU 0/TCG
07:20:52     1000         -   3385531    1.00    0.00    0.00    0.00    1.00    20  |__CPU 1/TCG
07:20:52     1000         -   3385532   95.00    4.00    0.00    0.00   99.00     4  |__CPU 2/TCG
07:20:52     1000         -   3385534    0.00    0.00    0.00    0.00    0.00    28  |__CPU 3/TCG
07:20:53     1000   3385509         -  188.00    5.00    0.00    0.00  193.00     7  qemu-system-aar
07:20:53     1000         -   3385509    0.00    1.00    0.00    0.00    1.00     7  |__qemu-system-aar
07:20:53     1000         -   3385516    0.00    0.00    0.00    0.00    0.00     0  |__call_rcu
07:20:53     1000         -   3385529   92.00    2.00    0.00    0.00   94.00    16  |__CPU 0/TCG
07:20:53     1000         -   3385531    1.00    0.00    0.00    0.00    1.00    20  |__CPU 1/TCG
07:20:53     1000         -   3385532   94.00    5.00    0.00    0.00   99.00     4  |__CPU 2/TCG
07:20:53     1000         -   3385534    0.00    0.00    0.00    0.00    0.00    28  |__CPU 3/TCG
