Linux 6.17.0-40-generic (9950x) 	08/15/26 	_x86_64_	(32 CPU)

# Time        UID      TGID       TID    %usr %system  %guest   %wait    %CPU   CPU  Command
22:41:29     1000   1823138         -    4.00    0.00    0.00    0.00    4.00     4  qemu-system-aar
22:41:29     1000         -   1823138    1.00    0.00    0.00    0.00    1.00     4  |__qemu-system-aar
22:41:29     1000         -   1823144    0.00    0.00    0.00    0.00    0.00    12  |__call_rcu
22:41:29     1000         -   1823153    3.00    0.00    0.00    0.00    3.00     6  |__CPU 0/TCG
22:41:30     1000   1823138         -    1.00    0.00    0.00    0.00    1.00     5  qemu-system-aar
22:41:30     1000         -   1823138    0.00    0.00    0.00    0.00    0.00     5  |__qemu-system-aar
22:41:30     1000         -   1823144    0.00    0.00    0.00    0.00    0.00    12  |__call_rcu
22:41:30     1000         -   1823153    1.00    0.00    0.00    0.00    1.00     6  |__CPU 0/TCG
22:41:31     1000   1823138         -    2.00    0.00    0.00    0.00    2.00     5  qemu-system-aar
22:41:31     1000         -   1823138    1.00    0.00    0.00    0.00    1.00     5  |__qemu-system-aar
22:41:31     1000         -   1823144    0.00    0.00    0.00    0.00    0.00    12  |__call_rcu
22:41:31     1000         -   1823153    0.00    0.00    0.00    0.00    0.00     7  |__CPU 0/TCG
22:41:32     1000   1823138         -    1.00    1.00    0.00    0.00    2.00     7  qemu-system-aar
22:41:32     1000         -   1823138    0.00    1.00    0.00    0.00    1.00     7  |__qemu-system-aar
22:41:32     1000         -   1823144    0.00    0.00    0.00    0.00    0.00    12  |__call_rcu
22:41:32     1000         -   1823153    1.00    0.00    0.00    0.00    1.00     6  |__CPU 0/TCG
22:41:33     1000   1823138         -    1.00    0.00    0.00    0.00    1.00     5  qemu-system-aar
22:41:33     1000         -   1823138    1.00    0.00    0.00    0.00    1.00     5  |__qemu-system-aar
22:41:33     1000         -   1823144    0.00    0.00    0.00    0.00    0.00    12  |__call_rcu
22:41:33     1000         -   1823153    1.00    0.00    0.00    0.00    1.00     7  |__CPU 0/TCG
22:41:34     1000   1823138         -    2.00    0.00    0.00    0.00    2.00     7  qemu-system-aar
22:41:34     1000         -   1823138    0.00    0.00    0.00    0.00    0.00     7  |__qemu-system-aar
22:41:34     1000         -   1823144    0.00    0.00    0.00    0.00    0.00    12  |__call_rcu
22:41:34     1000         -   1823153    1.00    0.00    0.00    0.00    1.00    17  |__CPU 0/TCG
22:41:35     1000   1823138         -    1.00    0.00    0.00    0.00    1.00     7  qemu-system-aar
22:41:35     1000         -   1823138    1.00    0.00    0.00    0.00    1.00     7  |__qemu-system-aar
22:41:35     1000         -   1823144    0.00    0.00    0.00    0.00    0.00    12  |__call_rcu
22:41:35     1000         -   1823153    1.00    0.00    0.00    0.00    1.00    16  |__CPU 0/TCG
22:41:36     1000   1823138         -    2.00    0.00    0.00    0.00    2.00    22  qemu-system-aar
22:41:36     1000         -   1823138    0.00    0.00    0.00    0.00    0.00    22  |__qemu-system-aar
22:41:36     1000         -   1823144    0.00    0.00    0.00    0.00    0.00    12  |__call_rcu
22:41:36     1000         -   1823153    1.00    0.00    0.00    0.00    1.00    17  |__CPU 0/TCG
22:41:37     1000   1823138         -    1.00    0.00    0.00    0.00    1.00     5  qemu-system-aar
22:41:37     1000         -   1823138    0.00    1.00    0.00    0.00    1.00     5  |__qemu-system-aar
22:41:37     1000         -   1823144    0.00    0.00    0.00    0.00    0.00    12  |__call_rcu
22:41:37     1000         -   1823153    1.00    0.00    0.00    0.00    1.00     1  |__CPU 0/TCG
22:41:38     1000   1823138         -    1.00    1.00    0.00    0.00    2.00    22  qemu-system-aar
22:41:38     1000         -   1823138    1.00    0.00    0.00    0.00    1.00    22  |__qemu-system-aar
22:41:38     1000         -   1823144    0.00    0.00    0.00    0.00    0.00    12  |__call_rcu
22:41:38     1000         -   1823153    0.00    0.00    0.00    0.00    0.00     1  |__CPU 0/TCG
22:41:39     1000   1823138         -    1.00    0.00    0.00    0.00    1.00    22  qemu-system-aar
22:41:39     1000         -   1823138    0.00    0.00    0.00    0.00    0.00    22  |__qemu-system-aar
22:41:39     1000         -   1823144    0.00    0.00    0.00    0.00    0.00    12  |__call_rcu
22:41:39     1000         -   1823153    1.00    0.00    0.00    0.00    1.00     1  |__CPU 0/TCG
22:41:40     1000   1823138         -    1.00    0.00    0.00    0.00    1.00    22  qemu-system-aar
22:41:40     1000         -   1823138    1.00    0.00    0.00    0.00    1.00    22  |__qemu-system-aar
22:41:40     1000         -   1823144    0.00    0.00    0.00    0.00    0.00    12  |__call_rcu
22:41:40     1000         -   1823153    1.00    0.00    0.00    0.00    1.00     1  |__CPU 0/TCG
22:41:41     1000   1823138         -    1.00    0.00    0.00    0.00    1.00    22  qemu-system-aar
22:41:41     1000         -   1823138    0.00    0.00    0.00    0.00    0.00    22  |__qemu-system-aar
22:41:41     1000         -   1823144    0.00    0.00    0.00    0.00    0.00    12  |__call_rcu
22:41:41     1000         -   1823153    0.00    0.00    0.00    0.00    0.00    23  |__CPU 0/TCG
22:41:42     1000   1823138         -    1.00    0.00    0.00    0.00    1.00     5  qemu-system-aar
22:41:42     1000         -   1823138    0.00    0.00    0.00    0.00    0.00     5  |__qemu-system-aar
22:41:42     1000         -   1823144    0.00    0.00    0.00    0.00    0.00    12  |__call_rcu
22:41:42     1000         -   1823153    1.00    0.00    0.00    0.00    1.00     6  |__CPU 0/TCG
22:41:43     1000   1823138         -    2.00    0.00    0.00    0.00    2.00     5  qemu-system-aar
22:41:43     1000         -   1823138    1.00    1.00    0.00    0.00    2.00     5  |__qemu-system-aar
22:41:43     1000         -   1823144    0.00    0.00    0.00    0.00    0.00    12  |__call_rcu
22:41:43     1000         -   1823153    1.00    0.00    0.00    0.00    1.00    23  |__CPU 0/TCG
22:41:44     1000   1823138         -    1.00    1.00    0.00    0.00    2.00    22  qemu-system-aar
22:41:44     1000         -   1823138    0.00    0.00    0.00    0.00    0.00    22  |__qemu-system-aar
22:41:44     1000         -   1823144    0.00    0.00    0.00    0.00    0.00    12  |__call_rcu
22:41:44     1000         -   1823153    1.00    0.00    0.00    0.00    1.00    23  |__CPU 0/TCG
22:41:45     1000   1823138         -    1.00    0.00    0.00    0.00    1.00     5  qemu-system-aar
22:41:45     1000         -   1823138    1.00    0.00    0.00    0.00    1.00     5  |__qemu-system-aar
22:41:45     1000         -   1823144    0.00    0.00    0.00    0.00    0.00    12  |__call_rcu
22:41:45     1000         -   1823153    0.00    0.00    0.00    0.00    0.00    22  |__CPU 0/TCG
22:41:46     1000   1823138         -    1.00    0.00    0.00    0.00    1.00    22  qemu-system-aar
22:41:46     1000         -   1823138    0.00    0.00    0.00    0.00    0.00    22  |__qemu-system-aar
22:41:46     1000         -   1823144    0.00    0.00    0.00    0.00    0.00    12  |__call_rcu
22:41:46     1000         -   1823153    1.00    0.00    0.00    0.00    1.00     5  |__CPU 0/TCG
22:41:47     1000   1823138         -    2.00    0.00    0.00    0.00    2.00    22  qemu-system-aar
22:41:47     1000         -   1823138    1.00    0.00    0.00    0.00    1.00    22  |__qemu-system-aar
22:41:47     1000         -   1823144    0.00    0.00    0.00    0.00    0.00    12  |__call_rcu
22:41:47     1000         -   1823153    1.00    0.00    0.00    0.00    1.00    16  |__CPU 0/TCG
22:41:48     1000   1823138         -    1.00    0.00    0.00    0.00    1.00     0  qemu-system-aar
22:41:48     1000         -   1823138    0.00    1.00    0.00    0.00    1.00     0  |__qemu-system-aar
22:41:48     1000         -   1823144    0.00    0.00    0.00    0.00    0.00    12  |__call_rcu
22:41:48     1000         -   1823153    1.00    0.00    0.00    0.00    1.00     6  |__CPU 0/TCG
22:41:49     1000   1823138         -    1.00    0.00    0.00    0.00    1.00    20  qemu-system-aar
22:41:49     1000         -   1823138    1.00    0.00    0.00    0.00    1.00    20  |__qemu-system-aar
22:41:49     1000         -   1823144    0.00    0.00    0.00    0.00    0.00    12  |__call_rcu
22:41:49     1000         -   1823153    1.00    0.00    0.00    0.00    1.00    16  |__CPU 0/TCG
22:41:50     1000   1823138         -    2.00    1.00    0.00    0.00    3.00    20  qemu-system-aar
22:41:50     1000         -   1823138    0.00    0.00    0.00    0.00    0.00    20  |__qemu-system-aar
22:41:50     1000         -   1823144    0.00    0.00    0.00    0.00    0.00    12  |__call_rcu
22:41:50     1000         -   1823153    1.00    0.00    0.00    0.00    1.00    16  |__CPU 0/TCG
22:41:51     1000   1823138         -    1.00    0.00    0.00    0.00    1.00    20  qemu-system-aar
22:41:51     1000         -   1823138    0.00    0.00    0.00    0.00    0.00    20  |__qemu-system-aar
22:41:51     1000         -   1823144    0.00    0.00    0.00    0.00    0.00    12  |__call_rcu
22:41:51     1000         -   1823153    0.00    0.00    0.00    0.00    0.00    16  |__CPU 0/TCG
22:41:52     1000   1823138         -    1.00    0.00    0.00    0.00    1.00    20  qemu-system-aar
22:41:52     1000         -   1823138    1.00    0.00    0.00    0.00    1.00    20  |__qemu-system-aar
22:41:52     1000         -   1823144    0.00    0.00    0.00    0.00    0.00    12  |__call_rcu
22:41:52     1000         -   1823153    1.00    0.00    0.00    0.00    1.00    21  |__CPU 0/TCG
22:41:53     1000   1823138         -    2.00    0.00    0.00    0.00    2.00    20  qemu-system-aar
22:41:53     1000         -   1823138    0.00    1.00    0.00    0.00    1.00    20  |__qemu-system-aar
22:41:53     1000         -   1823144    0.00    0.00    0.00    0.00    0.00    12  |__call_rcu
22:41:53     1000         -   1823153    1.00    0.00    0.00    0.00    1.00    18  |__CPU 0/TCG
22:41:54     1000   1823138         -    1.00    1.00    0.00    1.00    2.00    19  qemu-system-aar
22:41:54     1000         -   1823138    0.00    1.00    0.00    1.00    1.00    19  |__qemu-system-aar
22:41:54     1000         -   1823144    0.00    0.00    0.00    0.00    0.00    12  |__call_rcu
22:41:54     1000         -   1823153    2.00    0.00    0.00    0.00    2.00    22  |__CPU 0/TCG
22:41:55     1000   1823138         -    1.00    1.00    0.00    0.00    2.00    19  qemu-system-aar
22:41:55     1000         -   1823138    0.00    0.00    0.00    0.00    0.00    19  |__qemu-system-aar
22:41:55     1000         -   1823144    0.00    0.00    0.00    0.00    0.00    12  |__call_rcu
22:41:55     1000         -   1823153    0.00    0.00    0.00    0.00    0.00    22  |__CPU 0/TCG
22:41:56     1000   1823138         -    1.00    0.00    0.00    0.00    1.00    17  qemu-system-aar
22:41:56     1000         -   1823138    1.00    1.00    0.00    0.00    2.00    17  |__qemu-system-aar
22:41:56     1000         -   1823144    0.00    0.00    0.00    0.00    0.00    12  |__call_rcu
22:41:56     1000         -   1823153    1.00    0.00    0.00    0.00    1.00     7  |__CPU 0/TCG
22:41:57     1000   1823138         -    2.00    0.00    0.00    0.00    2.00    17  qemu-system-aar
22:41:57     1000         -   1823138    0.00    0.00    0.00    0.00    0.00    17  |__qemu-system-aar
22:41:57     1000         -   1823144    0.00    0.00    0.00    0.00    0.00    12  |__call_rcu
22:41:57     1000         -   1823153    1.00    0.00    0.00    0.00    1.00    18  |__CPU 0/TCG
22:41:58     1000   1823138         -    1.00    0.00    0.00    0.00    1.00    19  qemu-system-aar
22:41:58     1000         -   1823138    1.00    0.00    0.00    0.00    1.00    19  |__qemu-system-aar
22:41:58     1000         -   1823144    0.00    0.00    0.00    0.00    0.00    12  |__call_rcu
22:41:58     1000         -   1823153    1.00    0.00    0.00    0.00    1.00    22  |__CPU 0/TCG
22:41:59     1000   1823138         -    1.00    0.00    0.00    0.00    1.00    23  qemu-system-aar
22:41:59     1000         -   1823138    0.00    0.00    0.00    0.00    0.00    23  |__qemu-system-aar
22:41:59     1000         -   1823144    0.00    0.00    0.00    0.00    0.00    12  |__call_rcu
22:41:59     1000         -   1823153    1.00    0.00    0.00    0.00    1.00    22  |__CPU 0/TCG
22:42:00     1000   1823138         -    2.00    1.00    0.00    0.00    3.00    13  qemu-system-aar
22:42:00     1000         -   1823138    1.00    1.00    0.00    0.00    2.00    13  |__qemu-system-aar
22:42:00     1000         -   1823144    0.00    0.00    0.00    0.00    0.00    12  |__call_rcu
22:42:00     1000         -   1823153    1.00    0.00    0.00    0.00    1.00    25  |__CPU 0/TCG
22:42:01     1000   1823138         -    1.00    0.00    0.00    0.00    1.00    25  qemu-system-aar
22:42:01     1000         -   1823138    0.00    0.00    0.00    0.00    0.00    25  |__qemu-system-aar
22:42:01     1000         -   1823144    0.00    0.00    0.00    0.00    0.00    12  |__call_rcu
22:42:01     1000         -   1823153    1.00    0.00    0.00    0.00    1.00    27  |__CPU 0/TCG
22:42:02     1000   1823138         -    2.00    0.00    0.00    0.00    2.00    14  qemu-system-aar
22:42:02     1000         -   1823138    1.00    0.00    0.00    0.00    1.00    14  |__qemu-system-aar
22:42:02     1000         -   1823144    0.00    0.00    0.00    0.00    0.00    12  |__call_rcu
22:42:02     1000         -   1823153    1.00    0.00    0.00    0.00    1.00    27  |__CPU 0/TCG
22:42:03     1000   1823138         -    1.00    0.00    0.00    0.00    1.00    25  qemu-system-aar
22:42:03     1000         -   1823138    0.00    0.00    0.00    0.00    0.00    25  |__qemu-system-aar
22:42:03     1000         -   1823144    0.00    0.00    0.00    0.00    0.00    12  |__call_rcu
22:42:03     1000         -   1823153    0.00    0.00    0.00    0.00    0.00    27  |__CPU 0/TCG
22:42:04     1000   1823138         -    1.00    1.00    0.00    0.00    2.00    25  qemu-system-aar
22:42:04     1000         -   1823138    0.00    1.00    0.00    0.00    1.00    25  |__qemu-system-aar
22:42:04     1000         -   1823144    0.00    0.00    0.00    0.00    0.00    12  |__call_rcu
22:42:04     1000         -   1823153    1.00    0.00    0.00    0.00    1.00    27  |__CPU 0/TCG
22:42:05     1000   1823138         -    2.00    0.00    0.00    0.00    2.00    11  qemu-system-aar
22:42:05     1000         -   1823138    1.00    0.00    0.00    0.00    1.00    11  |__qemu-system-aar
22:42:05     1000         -   1823144    0.00    0.00    0.00    0.00    0.00    12  |__call_rcu
22:42:05     1000         -   1823153    1.00    0.00    0.00    0.00    1.00    15  |__CPU 0/TCG
22:42:06     1000   1823138         -    1.00    0.00    0.00    0.00    1.00    24  qemu-system-aar
22:42:06     1000         -   1823138    0.00    0.00    0.00    0.00    0.00    24  |__qemu-system-aar
22:42:06     1000         -   1823144    0.00    0.00    0.00    0.00    0.00    12  |__call_rcu
22:42:06     1000         -   1823153    1.00    0.00    0.00    0.00    1.00    30  |__CPU 0/TCG
22:42:07     1000   1823138         -    1.00    1.00    0.00    2.00    2.00     4  qemu-system-aar
22:42:07     1000         -   1823138    1.00    0.00    0.00    2.00    1.00     4  |__qemu-system-aar
22:42:07     1000         -   1823144    0.00    0.00    0.00    0.00    0.00    12  |__call_rcu
22:42:07     1000         -   1823153    0.00    1.00    0.00    0.00    1.00    19  |__CPU 0/TCG
22:42:08     1000   1823138         -    1.00    0.00    0.00    0.00    1.00     3  qemu-system-aar
22:42:08     1000         -   1823138    1.00    0.00    0.00    0.00    1.00     3  |__qemu-system-aar
22:42:08     1000         -   1823144    0.00    0.00    0.00    0.00    0.00    12  |__call_rcu
22:42:08     1000         -   1823153    0.00    0.00    0.00    0.00    0.00    21  |__CPU 0/TCG
22:42:09     1000   1823138         -    1.00    0.00    0.00    0.00    1.00     2  qemu-system-aar
22:42:09     1000         -   1823138    0.00    0.00    0.00    0.00    0.00     2  |__qemu-system-aar
22:42:09     1000         -   1823144    0.00    0.00    0.00    0.00    0.00    12  |__call_rcu
22:42:09     1000         -   1823153    1.00    0.00    0.00    0.00    1.00    21  |__CPU 0/TCG
22:42:10     1000   1823138         -    2.00    1.00    0.00    0.00    3.00    19  qemu-system-aar
22:42:10     1000         -   1823138    1.00    0.00    0.00    0.00    1.00    19  |__qemu-system-aar
22:42:10     1000         -   1823144    0.00    0.00    0.00    0.00    0.00    12  |__call_rcu
22:42:10     1000         -   1823153    1.00    0.00    0.00    0.00    1.00    20  |__CPU 0/TCG
22:42:11     1000   1823138         -    1.00    0.00    0.00    0.00    1.00     3  qemu-system-aar
22:42:11     1000         -   1823138    0.00    0.00    0.00    0.00    0.00     3  |__qemu-system-aar
22:42:11     1000         -   1823144    0.00    0.00    0.00    0.00    0.00    12  |__call_rcu
22:42:11     1000         -   1823153    1.00    0.00    0.00    0.00    1.00    20  |__CPU 0/TCG
22:42:12     1000   1823138         -    1.00    0.00    0.00    0.00    1.00     5  qemu-system-aar
22:42:12     1000         -   1823138    1.00    1.00    0.00    0.00    2.00     5  |__qemu-system-aar
22:42:12     1000         -   1823144    0.00    0.00    0.00    0.00    0.00    12  |__call_rcu
22:42:12     1000         -   1823153    1.00    0.00    0.00    0.00    1.00     7  |__CPU 0/TCG
22:42:13     1000   1823138         -    1.00    0.00    0.00    0.00    1.00     5  qemu-system-aar
22:42:13     1000         -   1823138    0.00    0.00    0.00    0.00    0.00     5  |__qemu-system-aar
22:42:13     1000         -   1823144    0.00    0.00    0.00    0.00    0.00    12  |__call_rcu
22:42:13     1000         -   1823153    0.00    0.00    0.00    0.00    0.00    18  |__CPU 0/TCG
22:42:14     1000   1823138         -    2.00    1.00    0.00    0.00    3.00    21  qemu-system-aar
22:42:14     1000         -   1823138    1.00    0.00    0.00    0.00    1.00    21  |__qemu-system-aar
22:42:14     1000         -   1823144    0.00    0.00    0.00    0.00    0.00    12  |__call_rcu
22:42:14     1000         -   1823153    2.00    0.00    0.00    0.00    2.00     0  |__CPU 0/TCG
22:42:15     1000   1823138         -    3.00    0.00    0.00    0.00    3.00    18  qemu-system-aar
22:42:15     1000         -   1823138    1.00    1.00    0.00    0.00    2.00    18  |__qemu-system-aar
22:42:15     1000         -   1823144    0.00    0.00    0.00    0.00    0.00    12  |__call_rcu
22:42:15     1000         -   1823153    1.00    0.00    0.00    0.00    1.00    22  |__CPU 0/TCG
22:42:16     1000   1823138         -    0.00    2.00    0.00    0.00    2.00    22  qemu-system-aar
22:42:16     1000         -   1823138    0.00    1.00    0.00    0.00    1.00    22  |__qemu-system-aar
22:42:16     1000         -   1823144    0.00    0.00    0.00    0.00    0.00    12  |__call_rcu
22:42:16     1000         -   1823153    1.00    0.00    0.00    0.00    1.00     2  |__CPU 0/TCG
22:42:17     1000   1823138         -    1.00    0.00    0.00    0.00    1.00     7  qemu-system-aar
22:42:17     1000         -   1823138    0.00    0.00    0.00    0.00    0.00     7  |__qemu-system-aar
22:42:17     1000         -   1823144    0.00    0.00    0.00    0.00    0.00    12  |__call_rcu
22:42:17     1000         -   1823153    1.00    0.00    0.00    1.00    1.00     7  |__CPU 0/TCG
22:42:18     1000   1823138         -    2.00    1.00    0.00    1.00    3.00     1  qemu-system-aar
22:42:18     1000         -   1823138    0.00    1.00    0.00    1.00    1.00     1  |__qemu-system-aar
22:42:18     1000         -   1823144    0.00    0.00    0.00    0.00    0.00    12  |__call_rcu
22:42:18     1000         -   1823153    1.00    0.00    0.00    0.00    1.00     4  |__CPU 0/TCG
22:42:19     1000   1823138         -    1.00    0.00    0.00    0.00    1.00     3  qemu-system-aar
22:42:19     1000         -   1823138    0.00    1.00    0.00    0.00    1.00     3  |__qemu-system-aar
22:42:19     1000         -   1823144    0.00    0.00    0.00    0.00    0.00    12  |__call_rcu
22:42:19     1000         -   1823153    1.00    0.00    0.00    0.00    1.00     4  |__CPU 0/TCG
22:42:20     1000   1823138         -    4.00    0.00    0.00    2.00    4.00    21  qemu-system-aar
22:42:20     1000         -   1823138    1.00    0.00    0.00    2.00    1.00    21  |__qemu-system-aar
22:42:20     1000         -   1823144    0.00    0.00    0.00    0.00    0.00    12  |__call_rcu
22:42:20     1000         -   1823153    2.00    0.00    0.00    0.00    2.00    22  |__CPU 0/TCG
22:42:21     1000   1823138         -    2.00    0.00    0.00    0.00    2.00    16  qemu-system-aar
22:42:21     1000         -   1823138    0.00    0.00    0.00    0.00    0.00    16  |__qemu-system-aar
22:42:21     1000         -   1823144    0.00    0.00    0.00    0.00    0.00    12  |__call_rcu
22:42:21     1000         -   1823153    2.00    0.00    0.00    0.00    2.00    18  |__CPU 0/TCG
22:42:22     1000   1823138         -    1.00    2.00    0.00    1.00    3.00     3  qemu-system-aar
22:42:22     1000         -   1823138    0.00    2.00    0.00    1.00    2.00     3  |__qemu-system-aar
22:42:22     1000         -   1823144    0.00    0.00    0.00    0.00    0.00    12  |__call_rcu
22:42:22     1000         -   1823153    2.00    0.00    0.00    0.00    2.00     7  |__CPU 0/TCG
22:42:23     1000   1823138         -    1.00    2.00    0.00    2.00    3.00    16  qemu-system-aar
22:42:23     1000         -   1823138    0.00    1.00    0.00    2.00    1.00    16  |__qemu-system-aar
22:42:23     1000         -   1823144    0.00    0.00    0.00    0.00    0.00    12  |__call_rcu
22:42:23     1000         -   1823153    0.00    2.00    0.00    1.00    2.00    12  |__CPU 0/TCG
22:42:24     1000   1823138         -    1.00    1.00    0.00    0.00    2.00    14  qemu-system-aar
22:42:24     1000         -   1823138    1.00    1.00    0.00    0.00    2.00    14  |__qemu-system-aar
22:42:24     1000         -   1823144    0.00    0.00    0.00    0.00    0.00    12  |__call_rcu
22:42:24     1000         -   1823153    1.00    0.00    0.00    0.00    1.00    12  |__CPU 0/TCG
22:42:25     1000   1823138         -    2.00    0.00    0.00    0.00    2.00    14  qemu-system-aar
22:42:25     1000         -   1823138    0.00    0.00    0.00    0.00    0.00    14  |__qemu-system-aar
22:42:25     1000         -   1823144    0.00    0.00    0.00    0.00    0.00    12  |__call_rcu
22:42:25     1000         -   1823153    1.00    0.00    0.00    0.00    1.00    27  |__CPU 0/TCG
22:42:26     1000   1823138         -    0.00    4.00    0.00    2.00    4.00    23  qemu-system-aar
22:42:26     1000         -   1823138    0.00    1.00    0.00    2.00    1.00    23  |__qemu-system-aar
22:42:26     1000         -   1823144    0.00    0.00    0.00    0.00    0.00    12  |__call_rcu
22:42:26     1000         -   1823153    0.00    2.00    0.00    0.00    2.00     7  |__CPU 0/TCG
22:42:27     1000   1823138         -    0.00    2.00    0.00    0.00    2.00     3  qemu-system-aar
22:42:27     1000         -   1823138    1.00    1.00    0.00    0.00    2.00     3  |__qemu-system-aar
22:42:27     1000         -   1823144    0.00    0.00    0.00    0.00    0.00    12  |__call_rcu
22:42:27     1000         -   1823153    0.00    2.00    0.00    0.00    2.00     5  |__CPU 0/TCG
22:42:28     1000   1823138         -    1.00    0.00    0.00    0.00    1.00    18  qemu-system-aar
22:42:28     1000         -   1823138    0.00    0.00    0.00    0.00    0.00    18  |__qemu-system-aar
22:42:28     1000         -   1823144    0.00    0.00    0.00    0.00    0.00    12  |__call_rcu
22:42:28     1000         -   1823153    0.00    1.00    0.00    0.00    1.00    19  |__CPU 0/TCG
22:42:29     1000   1823138         -    1.00    1.00    0.00    0.00    2.00     6  qemu-system-aar
22:42:29     1000         -   1823138    0.00    0.00    0.00    0.00    0.00     6  |__qemu-system-aar
22:42:29     1000         -   1823144    0.00    0.00    0.00    0.00    0.00    12  |__call_rcu
22:42:29     1000         -   1823153    0.00    0.00    0.00    0.00    0.00     7  |__CPU 0/TCG
22:42:30     1000   1823138         -    1.00    0.00    0.00    0.00    1.00    17  qemu-system-aar
22:42:30     1000         -   1823138    1.00    0.00    0.00    0.00    1.00    17  |__qemu-system-aar
22:42:30     1000         -   1823144    0.00    0.00    0.00    0.00    0.00    12  |__call_rcu
22:42:30     1000         -   1823153    1.00    0.00    0.00    0.00    1.00    20  |__CPU 0/TCG
22:42:31     1000   1823138         -    1.00    1.00    0.00    0.00    2.00     6  qemu-system-aar
22:42:31     1000         -   1823138    0.00    1.00    0.00    0.00    1.00     6  |__qemu-system-aar
22:42:31     1000         -   1823144    0.00    0.00    0.00    0.00    0.00    12  |__call_rcu
22:42:31     1000         -   1823153    0.00    0.00    0.00    0.00    0.00    20  |__CPU 0/TCG
22:42:32     1000   1823138         -    2.00    0.00    0.00    3.00    2.00    19  qemu-system-aar
22:42:32     1000         -   1823138    1.00    0.00    0.00    3.00    1.00    19  |__qemu-system-aar
22:42:32     1000         -   1823144    0.00    0.00    0.00    0.00    0.00    12  |__call_rcu
22:42:32     1000         -   1823153    2.00    0.00    0.00    1.00    2.00    19  |__CPU 0/TCG
22:42:33     1000   1823138         -    4.00    0.00    0.00    6.00    4.00    23  qemu-system-aar
22:42:33     1000         -   1823138    0.00    2.00    0.00    6.00    2.00    23  |__qemu-system-aar
22:42:33     1000         -   1823144    0.00    0.00    0.00    0.00    0.00    12  |__call_rcu
22:42:33     1000         -   1823153    2.00    0.00    0.00    3.00    2.00    23  |__CPU 0/TCG
22:42:34     1000   1823138         -    1.00    1.00    0.00    1.00    2.00    11  qemu-system-aar
22:42:34     1000         -   1823138    0.00    1.00    0.00    1.00    1.00    11  |__qemu-system-aar
22:42:34     1000         -   1823144    0.00    0.00    0.00    0.00    0.00    12  |__call_rcu
22:42:34     1000         -   1823153    1.00    0.00    0.00    1.00    1.00    12  |__CPU 0/TCG
22:42:35     1000   1823138         -    1.00    0.00    0.00    0.00    1.00    14  qemu-system-aar
22:42:35     1000         -   1823138    0.00    0.00    0.00    0.00    0.00    14  |__qemu-system-aar
22:42:35     1000         -   1823144    0.00    0.00    0.00    0.00    0.00    12  |__call_rcu
22:42:35     1000         -   1823153    1.00    0.00    0.00    0.00    1.00    15  |__CPU 0/TCG
22:42:36     1000   1823138         -    2.00    1.00    0.00    0.00    3.00    13  qemu-system-aar
22:42:36     1000         -   1823138    0.00    1.00    0.00    0.00    1.00    13  |__qemu-system-aar
22:42:36     1000         -   1823144    0.00    0.00    0.00    0.00    0.00    12  |__call_rcu
22:42:36     1000         -   1823153    1.00    0.00    0.00    0.00    1.00    14  |__CPU 0/TCG
22:42:37     1000   1823138         -    0.00    5.00    0.00    8.00    5.00    23  qemu-system-aar
22:42:37     1000         -   1823138    0.00    2.00    0.00    8.00    2.00    23  |__qemu-system-aar
22:42:37     1000         -   1823144    0.00    0.00    0.00    0.00    0.00    12  |__call_rcu
22:42:37     1000         -   1823153    3.00    1.00    0.00    4.00    4.00     0  |__CPU 0/TCG
22:42:38     1000   1823138         -    1.00    0.00    0.00    0.00    1.00     3  qemu-system-aar
22:42:38     1000         -   1823138    0.00    1.00    0.00    0.00    1.00     3  |__qemu-system-aar
22:42:38     1000         -   1823144    0.00    0.00    0.00    0.00    0.00    12  |__call_rcu
22:42:38     1000         -   1823153    1.00    0.00    0.00    0.00    1.00     0  |__CPU 0/TCG
22:42:39     1000   1823138         -    2.00    0.00    0.00    2.00    2.00    10  qemu-system-aar
22:42:39     1000         -   1823138    0.00    0.00    0.00    2.00    0.00    10  |__qemu-system-aar
22:42:39     1000         -   1823144    0.00    0.00    0.00    0.00    0.00    12  |__call_rcu
22:42:39     1000         -   1823153    1.00    0.00    0.00    1.00    1.00    12  |__CPU 0/TCG
22:42:40     1000   1823138         -    2.00    0.00    0.00    0.00    2.00    10  qemu-system-aar
22:42:40     1000         -   1823138    1.00    1.00    0.00    0.00    2.00    10  |__qemu-system-aar
22:42:40     1000         -   1823144    0.00    0.00    0.00    0.00    0.00    12  |__call_rcu
22:42:40     1000         -   1823153    1.00    0.00    0.00    0.00    1.00    12  |__CPU 0/TCG
22:42:41     1000   1823138         -    1.00    0.00    0.00    0.00    1.00    12  qemu-system-aar
22:42:41     1000         -   1823138    0.00    0.00    0.00    0.00    0.00    12  |__qemu-system-aar
22:42:41     1000         -   1823144    0.00    0.00    0.00    0.00    0.00    12  |__call_rcu
22:42:41     1000         -   1823153    1.00    0.00    0.00    0.00    1.00    15  |__CPU 0/TCG
22:42:42     1000   1823138         -    1.00    0.00    0.00    0.00    1.00    12  qemu-system-aar
22:42:42     1000         -   1823138    0.00    0.00    0.00    0.00    0.00    12  |__qemu-system-aar
22:42:42     1000         -   1823144    0.00    0.00    0.00    0.00    0.00    12  |__call_rcu
22:42:42     1000         -   1823153    0.00    0.00    0.00    0.00    0.00    14  |__CPU 0/TCG
22:42:43     1000   1823138         -    2.00    1.00    0.00    0.00    3.00    17  qemu-system-aar
22:42:43     1000         -   1823138    1.00    1.00    0.00    0.00    2.00    17  |__qemu-system-aar
22:42:43     1000         -   1823144    0.00    0.00    0.00    0.00    0.00    12  |__call_rcu
22:42:43     1000         -   1823153    1.00    0.00    0.00    0.00    1.00    18  |__CPU 0/TCG
22:42:44     1000   1823138         -    1.00    0.00    0.00    0.00    1.00     0  qemu-system-aar
22:42:44     1000         -   1823138    0.00    0.00    0.00    0.00    0.00     0  |__qemu-system-aar
22:42:44     1000         -   1823144    0.00    0.00    0.00    0.00    0.00    12  |__call_rcu
22:42:44     1000         -   1823153    1.00    0.00    0.00    0.00    1.00     4  |__CPU 0/TCG
22:42:45     1000   1823138         -    3.00    1.00    0.00    0.00    4.00     5  qemu-system-aar
22:42:45     1000         -   1823138    1.00    1.00    0.00    0.00    2.00     5  |__qemu-system-aar
22:42:45     1000         -   1823144    0.00    0.00    0.00    0.00    0.00    12  |__call_rcu
22:42:45     1000         -   1823153    3.00    0.00    0.00    0.00    3.00     6  |__CPU 0/TCG
22:42:46     1000   1823138         -    3.00    1.00    0.00    0.00    4.00     5  qemu-system-aar
22:42:46     1000         -   1823138    1.00    1.00    0.00    0.00    2.00     5  |__qemu-system-aar
22:42:46     1000         -   1823144    0.00    0.00    0.00    0.00    0.00    12  |__call_rcu
22:42:46     1000         -   1823153    1.00    0.00    0.00    0.00    1.00    23  |__CPU 0/TCG
22:42:47     1000   1823138         -    1.00    0.00    0.00    1.00    1.00     3  qemu-system-aar
22:42:47     1000         -   1823138    0.00    0.00    0.00    1.00    0.00     3  |__qemu-system-aar
22:42:47     1000         -   1823144    0.00    0.00    0.00    0.00    0.00    12  |__call_rcu
22:42:47     1000         -   1823153    1.00    1.00    0.00    0.00    2.00     5  |__CPU 0/TCG
22:42:48     1000   1823138         -    2.00    2.00    0.00    4.00    4.00    23  qemu-system-aar
22:42:48     1000         -   1823138    0.00    2.00    0.00    4.00    2.00    23  |__qemu-system-aar
22:42:48     1000         -   1823144    0.00    0.00    0.00    0.00    0.00    12  |__call_rcu
22:42:48     1000         -   1823153    2.00    0.00    0.00    1.00    2.00    18  |__CPU 0/TCG
22:42:49     1000   1823138         -    2.00    1.00    0.00    0.00    3.00     6  qemu-system-aar
22:42:49     1000         -   1823138    0.00    1.00    0.00    0.00    1.00     6  |__qemu-system-aar
22:42:49     1000         -   1823144    0.00    0.00    0.00    0.00    0.00    12  |__call_rcu
22:42:49     1000         -   1823153    1.00    0.00    0.00    0.00    1.00     4  |__CPU 0/TCG
22:42:50     1000   1823138         -    2.00    1.00    0.00    0.00    3.00    21  qemu-system-aar
22:42:50     1000         -   1823138    0.00    1.00    0.00    0.00    1.00    21  |__qemu-system-aar
22:42:50     1000         -   1823144    0.00    0.00    0.00    0.00    0.00    12  |__call_rcu
22:42:50     1000         -   1823153    1.00    0.00    0.00    0.00    1.00    19  |__CPU 0/TCG
22:42:51     1000   1823138         -    1.00    0.00    0.00    0.00    1.00    21  qemu-system-aar
22:42:51     1000         -   1823138    1.00    0.00    0.00    0.00    1.00    21  |__qemu-system-aar
22:42:51     1000         -   1823144    0.00    0.00    0.00    0.00    0.00    12  |__call_rcu
22:42:51     1000         -   1823153    1.00    0.00    0.00    0.00    1.00    23  |__CPU 0/TCG
22:42:52     1000   1823138         -    1.00    0.00    0.00    0.00    1.00    21  qemu-system-aar
22:42:52     1000         -   1823138    0.00    0.00    0.00    0.00    0.00    21  |__qemu-system-aar
22:42:52     1000         -   1823144    0.00    0.00    0.00    0.00    0.00    12  |__call_rcu
22:42:52     1000         -   1823153    1.00    0.00    0.00    0.00    1.00    23  |__CPU 0/TCG
22:42:53     1000   1823138         -    1.00    1.00    0.00    0.00    2.00    21  qemu-system-aar
22:42:53     1000         -   1823138    0.00    1.00    0.00    0.00    1.00    21  |__qemu-system-aar
22:42:53     1000         -   1823144    0.00    0.00    0.00    0.00    0.00    12  |__call_rcu
22:42:53     1000         -   1823153    0.00    0.00    0.00    0.00    0.00    23  |__CPU 0/TCG
22:42:54     1000   1823138         -    1.00    0.00    0.00    0.00    1.00    21  qemu-system-aar
22:42:54     1000         -   1823138    1.00    0.00    0.00    0.00    1.00    21  |__qemu-system-aar
22:42:54     1000         -   1823144    0.00    0.00    0.00    0.00    0.00    12  |__call_rcu
22:42:54     1000         -   1823153    1.00    0.00    0.00    0.00    1.00     2  |__CPU 0/TCG
22:42:55     1000   1823138         -    2.00    1.00    0.00    0.00    3.00     0  qemu-system-aar
22:42:55     1000         -   1823138    0.00    0.00    0.00    0.00    0.00     0  |__qemu-system-aar
22:42:55     1000         -   1823144    0.00    0.00    0.00    0.00    0.00    12  |__call_rcu
22:42:55     1000         -   1823153    2.00    1.00    0.00    0.00    3.00     6  |__CPU 0/TCG
22:42:56     1000   1823138         -    2.00    0.00    0.00    0.00    2.00     5  qemu-system-aar
22:42:56     1000         -   1823138    1.00    1.00    0.00    0.00    2.00     5  |__qemu-system-aar
22:42:56     1000         -   1823144    0.00    0.00    0.00    0.00    0.00    12  |__call_rcu
22:42:56     1000         -   1823153    1.00    0.00    0.00    0.00    1.00     6  |__CPU 0/TCG
22:42:57     1000   1823138         -    2.00    1.00    0.00    0.00    3.00    16  qemu-system-aar
22:42:57     1000         -   1823138    0.00    1.00    0.00    0.00    1.00    16  |__qemu-system-aar
22:42:57     1000         -   1823144    0.00    0.00    0.00    0.00    0.00    12  |__call_rcu
22:42:57     1000         -   1823153    1.00    0.00    0.00    1.00    1.00    16  |__CPU 0/TCG
22:42:58     1000   1823138         -    2.00    1.00    0.00    3.00    3.00     0  qemu-system-aar
22:42:58     1000         -   1823138    1.00    0.00    0.00    3.00    1.00     0  |__qemu-system-aar
22:42:58     1000         -   1823144    0.00    0.00    0.00    0.00    0.00    12  |__call_rcu
22:42:58     1000         -   1823153    2.00    0.00    0.00    1.00    2.00     0  |__CPU 0/TCG
22:42:59     1000   1823138         -    4.00    1.00    0.00    3.00    5.00    19  qemu-system-aar
22:42:59     1000         -   1823138    1.00    2.00    0.00    3.00    3.00    19  |__qemu-system-aar
22:42:59     1000         -   1823144    0.00    0.00    0.00    0.00    0.00    12  |__call_rcu
22:42:59     1000         -   1823153    2.00    1.00    0.00    1.00    3.00    19  |__CPU 0/TCG
22:43:00     1000   1823138         -    3.00    1.00    0.00    4.00    4.00    21  qemu-system-aar
22:43:00     1000         -   1823138    1.00    0.00    0.00    4.00    1.00    21  |__qemu-system-aar
22:43:00     1000         -   1823144    0.00    0.00    0.00    0.00    0.00    12  |__call_rcu
22:43:00     1000         -   1823153    2.00    0.00    0.00    1.00    2.00    21  |__CPU 0/TCG
22:43:01     1000   1823138         -    4.00    2.00    0.00    4.00    6.00    21  qemu-system-aar
22:43:01     1000         -   1823138    1.00    2.00    0.00    4.00    3.00    21  |__qemu-system-aar
22:43:01     1000         -   1823144    0.00    0.00    0.00    0.00    0.00    12  |__call_rcu
22:43:01     1000         -   1823153    3.00    0.00    0.00    1.00    3.00    21  |__CPU 0/TCG
22:43:02     1000   1823138         -    2.00    2.00    0.00    4.00    4.00    21  qemu-system-aar
22:43:02     1000         -   1823138    0.00    2.00    0.00    4.00    2.00    21  |__qemu-system-aar
22:43:02     1000         -   1823144    0.00    0.00    0.00    0.00    0.00    12  |__call_rcu
22:43:02     1000         -   1823153    2.00    0.00    0.00    1.00    2.00    21  |__CPU 0/TCG
22:43:03     1000   1823138         -    3.00    1.00    0.00    3.00    4.00     6  qemu-system-aar
22:43:03     1000         -   1823138    1.00    0.00    0.00    3.00    1.00     6  |__qemu-system-aar
22:43:03     1000         -   1823144    0.00    0.00    0.00    0.00    0.00    12  |__call_rcu
22:43:03     1000         -   1823153    2.00    1.00    0.00    1.00    3.00     6  |__CPU 0/TCG
22:43:04     1000   1823138         -    4.00    1.00    0.00    4.00    5.00     1  qemu-system-aar
22:43:04     1000         -   1823138    2.00    1.00    0.00    4.00    3.00     1  |__qemu-system-aar
22:43:04     1000         -   1823144    0.00    0.00    0.00    0.00    0.00    12  |__call_rcu
22:43:04     1000         -   1823153    2.00    0.00    0.00    2.00    2.00     1  |__CPU 0/TCG
22:43:05     1000   1823138         -    5.00    2.00    0.00    3.00    7.00     1  qemu-system-aar
22:43:05     1000         -   1823138    1.00    1.00    0.00    3.00    2.00     1  |__qemu-system-aar
22:43:05     1000         -   1823144    0.00    0.00    0.00    0.00    0.00    12  |__call_rcu
22:43:05     1000         -   1823153    3.00    1.00    0.00    3.00    4.00     1  |__CPU 0/TCG
22:43:06     1000   1823138         -    5.00    1.00    0.00    4.00    6.00     9  qemu-system-aar
22:43:06     1000         -   1823138    1.00    2.00    0.00    4.00    3.00     9  |__qemu-system-aar
22:43:06     1000         -   1823144    0.00    0.00    0.00    0.00    0.00    12  |__call_rcu
22:43:06     1000         -   1823153    3.00    0.00    0.00    1.00    3.00     9  |__CPU 0/TCG
22:43:07     1000   1823138         -    3.00    2.00    0.00    4.00    5.00    28  qemu-system-aar
22:43:07     1000         -   1823138    1.00    2.00    0.00    4.00    3.00    28  |__qemu-system-aar
22:43:07     1000         -   1823144    0.00    0.00    0.00    0.00    0.00    12  |__call_rcu
22:43:07     1000         -   1823153    3.00    0.00    0.00    1.00    3.00    28  |__CPU 0/TCG
22:43:08     1000   1823138         -    4.00    1.00    0.00    4.00    5.00    28  qemu-system-aar
22:43:08     1000         -   1823138    1.00    1.00    0.00    4.00    2.00    28  |__qemu-system-aar
22:43:08     1000         -   1823144    0.00    0.00    0.00    0.00    0.00    12  |__call_rcu
22:43:08     1000         -   1823153    3.00    1.00    0.00    1.00    4.00    28  |__CPU 0/TCG
22:43:09     1000   1823138         -    3.96    0.99    0.00    3.96    4.95    12  qemu-system-aar
22:43:09     1000         -   1823138    0.99    0.99    0.00    3.96    1.98    12  |__qemu-system-aar
22:43:09     1000         -   1823144    0.00    0.00    0.00    0.00    0.00    12  |__call_rcu
22:43:09     1000         -   1823153    2.97    0.00    0.00    1.98    2.97    12  |__CPU 0/TCG
22:43:10     1000   1823138         -    3.00    2.00    0.00    5.00    5.00    12  qemu-system-aar
22:43:10     1000         -   1823138    1.00    1.00    0.00    5.00    2.00    12  |__qemu-system-aar
22:43:10     1000         -   1823144    0.00    0.00    0.00    0.00    0.00    12  |__call_rcu
22:43:10     1000         -   1823153    2.00    0.00    0.00    2.00    2.00    12  |__CPU 0/TCG
22:43:11     1000   1823138         -    4.00    2.00    0.00    5.00    6.00    28  qemu-system-aar
22:43:11     1000         -   1823138    1.00    2.00    0.00    5.00    3.00    28  |__qemu-system-aar
22:43:11     1000         -   1823144    0.00    0.00    0.00    0.00    0.00    12  |__call_rcu
22:43:11     1000         -   1823153    3.00    0.00    0.00    2.00    3.00    28  |__CPU 0/TCG
22:43:12     1000   1823138         -    5.00    0.00    0.00    5.00    5.00    12  qemu-system-aar
22:43:12     1000         -   1823138    2.00    1.00    0.00    5.00    3.00    12  |__qemu-system-aar
22:43:12     1000         -   1823144    0.00    0.00    0.00    0.00    0.00    12  |__call_rcu
22:43:12     1000         -   1823153    3.00    0.00    0.00    1.00    3.00    12  |__CPU 0/TCG
22:43:13     1000   1823138         -    4.00    1.00    0.00    4.00    5.00    13  qemu-system-aar
22:43:13     1000         -   1823138    1.00    0.00    0.00    4.00    1.00    13  |__qemu-system-aar
22:43:13     1000         -   1823144    0.00    0.00    0.00    0.00    0.00    12  |__call_rcu
22:43:13     1000         -   1823153    2.00    0.00    0.00    1.00    2.00    13  |__CPU 0/TCG
22:43:14     1000   1823138         -    4.00    2.00    0.00    3.00    6.00    13  qemu-system-aar
22:43:14     1000         -   1823138    2.00    1.00    0.00    3.00    3.00    13  |__qemu-system-aar
22:43:14     1000         -   1823144    0.00    0.00    0.00    0.00    0.00    12  |__call_rcu
22:43:14     1000         -   1823153    3.00    1.00    0.00    2.00    4.00    13  |__CPU 0/TCG
22:43:15     1000   1823138         -    4.00    1.00    0.00    4.00    5.00    29  qemu-system-aar
22:43:15     1000         -   1823138    1.00    2.00    0.00    4.00    3.00    29  |__qemu-system-aar
22:43:15     1000         -   1823144    0.00    0.00    0.00    0.00    0.00    12  |__call_rcu
22:43:15     1000         -   1823153    3.00    0.00    0.00    2.00    3.00    29  |__CPU 0/TCG
22:43:16     1000   1823138         -    4.00    2.00    0.00    5.00    6.00    21  qemu-system-aar
22:43:16     1000         -   1823138    1.00    1.00    0.00    5.00    2.00    21  |__qemu-system-aar
22:43:16     1000         -   1823144    0.00    0.00    0.00    0.00    0.00    12  |__call_rcu
22:43:16     1000         -   1823153    2.00    0.00    0.00    1.00    2.00    21  |__CPU 0/TCG
22:43:17     1000   1823138         -    4.00    1.00    0.00    4.00    5.00    11  qemu-system-aar
22:43:17     1000         -   1823138    1.00    1.00    0.00    4.00    2.00    11  |__qemu-system-aar
22:43:17     1000         -   1823144    0.00    0.00    0.00    0.00    0.00    12  |__call_rcu
22:43:17     1000         -   1823153    3.00    1.00    0.00    1.00    4.00    11  |__CPU 0/TCG
22:43:18     1000   1823138         -    1.00    4.00    0.00    5.00    5.00     9  qemu-system-aar
22:43:18     1000         -   1823138    0.00    2.00    0.00    5.00    2.00     9  |__qemu-system-aar
22:43:18     1000         -   1823144    0.00    0.00    0.00    0.00    0.00    12  |__call_rcu
22:43:18     1000         -   1823153    2.00    1.00    0.00    3.00    3.00     9  |__CPU 0/TCG
22:43:19     1000   1823138         -    3.00    2.00    0.00    2.00    5.00    27  qemu-system-aar
22:43:19     1000         -   1823138    0.00    2.00    0.00    2.00    2.00    27  |__qemu-system-aar
22:43:19     1000         -   1823144    0.00    0.00    0.00    0.00    0.00    12  |__call_rcu
22:43:19     1000         -   1823153    2.00    0.00    0.00    0.00    2.00    28  |__CPU 0/TCG
22:43:20     1000   1823138         -    1.00    1.00    0.00    0.00    2.00    27  qemu-system-aar
22:43:20     1000         -   1823138    0.00    1.00    0.00    0.00    1.00    27  |__qemu-system-aar
22:43:20     1000         -   1823144    0.00    0.00    0.00    0.00    0.00    12  |__call_rcu
22:43:20     1000         -   1823153    1.00    0.00    0.00    0.00    1.00    28  |__CPU 0/TCG
22:43:21     1000   1823138         -    1.00    0.00    0.00    0.00    1.00    27  qemu-system-aar
22:43:21     1000         -   1823138    1.00    0.00    0.00    0.00    1.00    27  |__qemu-system-aar
22:43:21     1000         -   1823144    0.00    0.00    0.00    0.00    0.00    12  |__call_rcu
22:43:21     1000         -   1823153    1.00    0.00    0.00    0.00    1.00    31  |__CPU 0/TCG
22:43:22     1000   1823138         -    1.00    0.00    0.00    0.00    1.00    14  qemu-system-aar
22:43:22     1000         -   1823138    0.00    0.00    0.00    0.00    0.00    14  |__qemu-system-aar
22:43:22     1000         -   1823144    0.00    0.00    0.00    0.00    0.00    12  |__call_rcu
22:43:22     1000         -   1823153    0.00    0.00    0.00    0.00    0.00    28  |__CPU 0/TCG
22:43:23     1000   1823138         -    1.00    1.00    0.00    0.00    2.00    14  qemu-system-aar
22:43:23     1000         -   1823138    0.00    1.00    0.00    0.00    1.00    14  |__qemu-system-aar
22:43:23     1000         -   1823144    0.00    0.00    0.00    0.00    0.00    12  |__call_rcu
22:43:23     1000         -   1823153    1.00    1.00    0.00    0.00    2.00    31  |__CPU 0/TCG
22:43:24     1000   1823138         -    1.00    0.00    0.00    0.00    1.00    14  qemu-system-aar
22:43:24     1000         -   1823138    0.00    0.00    0.00    0.00    0.00    14  |__qemu-system-aar
22:43:24     1000         -   1823144    0.00    0.00    0.00    0.00    0.00    12  |__call_rcu
22:43:24     1000         -   1823153    1.00    0.00    0.00    0.00    1.00    31  |__CPU 0/TCG
22:43:25     1000   1823138         -    1.00    1.00    0.00    0.00    2.00    14  qemu-system-aar
22:43:25     1000         -   1823138    1.00    0.00    0.00    0.00    1.00    14  |__qemu-system-aar
22:43:25     1000         -   1823144    0.00    0.00    0.00    0.00    0.00    12  |__call_rcu
22:43:25     1000         -   1823153    0.00    0.00    0.00    0.00    0.00    31  |__CPU 0/TCG
22:43:26     1000   1823138         -    1.00    0.00    0.00    0.00    1.00    14  qemu-system-aar
22:43:26     1000         -   1823138    0.00    1.00    0.00    0.00    1.00    14  |__qemu-system-aar
22:43:26     1000         -   1823144    0.00    0.00    0.00    0.00    0.00    12  |__call_rcu
22:43:26     1000         -   1823153    1.00    0.00    0.00    0.00    1.00    31  |__CPU 0/TCG
22:43:27     1000   1823138         -    1.00    0.00    0.00    0.00    1.00    14  qemu-system-aar
22:43:27     1000         -   1823138    0.00    0.00    0.00    0.00    0.00    14  |__qemu-system-aar
22:43:27     1000         -   1823144    0.00    0.00    0.00    0.00    0.00    12  |__call_rcu
22:43:27     1000         -   1823153    1.00    0.00    0.00    0.00    1.00    31  |__CPU 0/TCG
22:43:28     1000   1823138         -    1.00    1.00    0.00    0.00    2.00    27  qemu-system-aar
22:43:28     1000         -   1823138    1.00    0.00    0.00    0.00    1.00    27  |__qemu-system-aar
22:43:28     1000         -   1823144    0.00    0.00    0.00    0.00    0.00    12  |__call_rcu
22:43:28     1000         -   1823153    0.00    0.00    0.00    0.00    0.00    31  |__CPU 0/TCG
22:43:29     1000   1823138         -    1.00    0.00    0.00    0.00    1.00    27  qemu-system-aar
22:43:29     1000         -   1823138    0.00    1.00    0.00    0.00    1.00    27  |__qemu-system-aar
22:43:29     1000         -   1823144    0.00    0.00    0.00    0.00    0.00    12  |__call_rcu
22:43:29     1000         -   1823153    1.00    0.00    0.00    0.00    1.00    31  |__CPU 0/TCG
22:43:30     1000   1823138         -    1.00    0.00    0.00    0.00    1.00    27  qemu-system-aar
22:43:30     1000         -   1823138    0.00    0.00    0.00    0.00    0.00    27  |__qemu-system-aar
22:43:30     1000         -   1823144    0.00    0.00    0.00    0.00    0.00    12  |__call_rcu
22:43:30     1000         -   1823153    1.00    0.00    0.00    0.00    1.00    31  |__CPU 0/TCG
22:43:31     1000   1823138         -    1.00    1.00    0.00    0.00    2.00    27  qemu-system-aar
22:43:31     1000         -   1823138    0.00    0.00    0.00    0.00    0.00    27  |__qemu-system-aar
22:43:31     1000         -   1823144    0.00    0.00    0.00    0.00    0.00    12  |__call_rcu
22:43:31     1000         -   1823153    0.00    0.00    0.00    0.00    0.00    11  |__CPU 0/TCG
22:43:32     1000   1823138         -    1.00    0.00    0.00    0.00    1.00    28  qemu-system-aar
22:43:32     1000         -   1823138    1.00    1.00    0.00    0.00    2.00    28  |__qemu-system-aar
22:43:32     1000         -   1823144    0.00    0.00    0.00    0.00    0.00    12  |__call_rcu
22:43:32     1000         -   1823153    1.00    0.00    0.00    0.00    1.00    29  |__CPU 0/TCG
22:43:33     1000   1823138         -    1.00    1.00    0.00    0.00    2.00    28  qemu-system-aar
22:43:33     1000         -   1823138    0.00    0.00    0.00    0.00    0.00    28  |__qemu-system-aar
22:43:33     1000         -   1823144    0.00    0.00    0.00    0.00    0.00    12  |__call_rcu
22:43:33     1000         -   1823153    1.00    0.00    0.00    0.00    1.00    29  |__CPU 0/TCG
22:43:34     1000   1823138         -    1.00    0.00    0.00    0.00    1.00    28  qemu-system-aar
22:43:34     1000         -   1823138    0.00    0.00    0.00    0.00    0.00    28  |__qemu-system-aar
22:43:34     1000         -   1823144    0.00    0.00    0.00    0.00    0.00    12  |__call_rcu
22:43:34     1000         -   1823153    0.00    1.00    0.00    0.00    1.00    29  |__CPU 0/TCG
22:43:35     1000   1823138         -    1.00    0.00    0.00    0.00    1.00    30  qemu-system-aar
22:43:35     1000         -   1823138    1.00    1.00    0.00    0.00    2.00    30  |__qemu-system-aar
22:43:35     1000         -   1823144    0.00    0.00    0.00    0.00    0.00    12  |__call_rcu
22:43:35     1000         -   1823153    1.00    0.00    0.00    0.00    1.00    11  |__CPU 0/TCG
22:43:36     1000   1823138         -    1.00    1.00    0.00    0.00    2.00    12  qemu-system-aar
22:43:36     1000         -   1823138    0.00    0.00    0.00    0.00    0.00    12  |__qemu-system-aar
22:43:36     1000         -   1823144    0.00    0.00    0.00    0.00    0.00    12  |__call_rcu
22:43:36     1000         -   1823153    1.00    0.00    0.00    0.00    1.00    29  |__CPU 0/TCG
22:43:37     1000   1823138         -    1.00    0.00    0.00    0.00    1.00    28  qemu-system-aar
22:43:37     1000         -   1823138    0.00    0.00    0.00    0.00    0.00    28  |__qemu-system-aar
22:43:37     1000         -   1823144    0.00    0.00    0.00    0.00    0.00    12  |__call_rcu
22:43:37     1000         -   1823153    0.00    0.00    0.00    0.00    0.00    12  |__CPU 0/TCG
22:43:38     1000   1823138         -    1.00    0.00    0.00    0.00    1.00    28  qemu-system-aar
22:43:38     1000         -   1823138    0.00    1.00    0.00    0.00    1.00    28  |__qemu-system-aar
22:43:38     1000         -   1823144    0.00    0.00    0.00    0.00    0.00    12  |__call_rcu
22:43:38     1000         -   1823153    1.00    0.00    0.00    0.00    1.00    29  |__CPU 0/TCG
22:43:39     1000   1823138         -    1.00    1.00    0.00    0.00    2.00    28  qemu-system-aar
22:43:39     1000         -   1823138    1.00    0.00    0.00    0.00    1.00    28  |__qemu-system-aar
22:43:39     1000         -   1823144    0.00    0.00    0.00    0.00    0.00    12  |__call_rcu
22:43:39     1000         -   1823153    1.00    0.00    0.00    0.00    1.00    14  |__CPU 0/TCG
22:43:40     1000   1823138         -    1.00    0.00    0.00    0.00    1.00    28  qemu-system-aar
22:43:40     1000         -   1823138    0.00    0.00    0.00    0.00    0.00    28  |__qemu-system-aar
22:43:40     1000         -   1823144    0.00    0.00    0.00    0.00    0.00    12  |__call_rcu
22:43:40     1000         -   1823153    0.00    0.00    0.00    0.00    0.00    14  |__CPU 0/TCG
22:43:41     1000   1823138         -    0.00    1.00    0.00    0.00    1.00    12  qemu-system-aar
22:43:41     1000         -   1823138    0.00    1.00    0.00    0.00    1.00    12  |__qemu-system-aar
22:43:41     1000         -   1823144    0.00    0.00    0.00    0.00    0.00    12  |__call_rcu
22:43:41     1000         -   1823153    1.00    0.00    0.00    0.00    1.00    29  |__CPU 0/TCG
22:43:42     1000   1823138         -    1.00    0.00    0.00    0.00    1.00    12  qemu-system-aar
22:43:42     1000         -   1823138    0.00    0.00    0.00    0.00    0.00    12  |__qemu-system-aar
22:43:42     1000         -   1823144    0.00    0.00    0.00    0.00    0.00    12  |__call_rcu
22:43:42     1000         -   1823153    1.00    0.00    0.00    0.00    1.00    29  |__CPU 0/TCG
22:43:43     1000   1823138         -    1.00    0.00    0.00    0.00    1.00    12  qemu-system-aar
22:43:43     1000         -   1823138    1.00    0.00    0.00    0.00    1.00    12  |__qemu-system-aar
22:43:43     1000         -   1823144    0.00    0.00    0.00    0.00    0.00    12  |__call_rcu
22:43:43     1000         -   1823153    0.00    0.00    0.00    0.00    0.00    14  |__CPU 0/TCG
22:43:44     1000   1823138         -    2.00    1.00    0.00    0.00    3.00    12  qemu-system-aar
22:43:44     1000         -   1823138    0.00    1.00    0.00    0.00    1.00    12  |__qemu-system-aar
22:43:44     1000         -   1823144    0.00    0.00    0.00    0.00    0.00    12  |__call_rcu
22:43:44     1000         -   1823153    1.00    0.00    0.00    0.00    1.00    14  |__CPU 0/TCG
22:43:45     1000   1823138         -    3.00    0.00    0.00    3.00    3.00    19  qemu-system-aar
22:43:45     1000         -   1823138    1.00    0.00    0.00    3.00    1.00    19  |__qemu-system-aar
22:43:45     1000         -   1823144    0.00    0.00    0.00    0.00    0.00    12  |__call_rcu
22:43:45     1000         -   1823153    2.00    0.00    0.00    1.00    2.00    21  |__CPU 0/TCG
22:43:46     1000   1823138         -    1.00    0.00    0.00    0.00    1.00    17  qemu-system-aar
22:43:46     1000         -   1823138    0.00    0.00    0.00    0.00    0.00    17  |__qemu-system-aar
22:43:46     1000         -   1823144    0.00    0.00    0.00    0.00    0.00    12  |__call_rcu
22:43:46     1000         -   1823153    0.00    0.00    0.00    0.00    0.00     6  |__CPU 0/TCG
22:43:47     1000   1823138         -    2.00    0.00    0.00    0.00    2.00    18  qemu-system-aar
22:43:47     1000         -   1823138    1.00    1.00    0.00    0.00    2.00    18  |__qemu-system-aar
22:43:47     1000         -   1823144    0.00    0.00    0.00    0.00    0.00    12  |__call_rcu
22:43:47     1000         -   1823153    1.00    0.00    0.00    0.00    1.00     6  |__CPU 0/TCG
22:43:48     1000   1823138         -    1.00    0.00    0.00    0.00    1.00    18  qemu-system-aar
22:43:48     1000         -   1823138    0.00    0.00    0.00    0.00    0.00    18  |__qemu-system-aar
22:43:48     1000         -   1823144    0.00    0.00    0.00    0.00    0.00    12  |__call_rcu
22:43:48     1000         -   1823153    1.00    0.00    0.00    0.00    1.00     6  |__CPU 0/TCG
22:43:49     1000   1823138         -    1.00    0.00    0.00    0.00    1.00    18  qemu-system-aar
22:43:49     1000         -   1823138    0.00    0.00    0.00    0.00    0.00    18  |__qemu-system-aar
22:43:49     1000         -   1823144    0.00    0.00    0.00    0.00    0.00    12  |__call_rcu
22:43:49     1000         -   1823153    1.00    0.00    0.00    0.00    1.00    21  |__CPU 0/TCG
22:43:50     1000   1823138         -    0.00    0.00    0.00    0.00    0.00    21  qemu-system-aar
22:43:50     1000         -   1823138    0.00    1.00    0.00    0.00    1.00    21  |__qemu-system-aar
22:43:50     1000         -   1823144    0.00    0.00    0.00    0.00    0.00    12  |__call_rcu
22:43:50     1000         -   1823153    0.00    0.00    0.00    0.00    0.00    22  |__CPU 0/TCG
22:43:51     1000   1823138         -    1.00    1.00    0.00    0.00    2.00    21  qemu-system-aar
22:43:51     1000         -   1823138    1.00    0.00    0.00    0.00    1.00    21  |__qemu-system-aar
22:43:51     1000         -   1823144    0.00    0.00    0.00    0.00    0.00    12  |__call_rcu
22:43:51     1000         -   1823153    1.00    0.00    0.00    0.00    1.00    22  |__CPU 0/TCG
22:43:52     1000   1823138         -    1.00    0.00    0.00    0.00    1.00    19  qemu-system-aar
22:43:52     1000         -   1823138    0.00    0.00    0.00    0.00    0.00    19  |__qemu-system-aar
22:43:52     1000         -   1823144    0.00    0.00    0.00    0.00    0.00    12  |__call_rcu
22:43:52     1000         -   1823153    1.00    0.00    0.00    0.00    1.00    21  |__CPU 0/TCG
22:43:53     1000   1823138         -    1.00    1.00    0.00    0.00    2.00    19  qemu-system-aar
22:43:53     1000         -   1823138    0.00    1.00    0.00    0.00    1.00    19  |__qemu-system-aar
22:43:53     1000         -   1823144    0.00    0.00    0.00    0.00    0.00    12  |__call_rcu
22:43:53     1000         -   1823153    1.00    0.00    0.00    0.00    1.00    20  |__CPU 0/TCG
22:43:54     1000   1823138         -    1.00    0.00    0.00    0.00    1.00    19  qemu-system-aar
22:43:54     1000         -   1823138    1.00    0.00    0.00    0.00    1.00    19  |__qemu-system-aar
22:43:54     1000         -   1823144    0.00    0.00    0.00    0.00    0.00    12  |__call_rcu
22:43:54     1000         -   1823153    0.00    0.00    0.00    0.00    0.00    22  |__CPU 0/TCG
22:43:55     1000   1823138         -    1.00    0.00    0.00    0.00    1.00    21  qemu-system-aar
22:43:55     1000         -   1823138    0.00    0.00    0.00    0.00    0.00    21  |__qemu-system-aar
22:43:55     1000         -   1823144    0.00    0.00    0.00    0.00    0.00    12  |__call_rcu
22:43:55     1000         -   1823153    1.00    0.00    0.00    0.00    1.00    22  |__CPU 0/TCG
22:43:56     1000   1823138         -    2.00    1.00    0.00    0.00    3.00    19  qemu-system-aar
22:43:56     1000         -   1823138    0.00    1.00    0.00    0.00    1.00    19  |__qemu-system-aar
22:43:56     1000         -   1823144    0.00    0.00    0.00    0.00    0.00    12  |__call_rcu
22:43:56     1000         -   1823153    1.00    0.00    0.00    0.00    1.00    22  |__CPU 0/TCG
22:43:57     1000   1823138         -    5.00    0.00    0.00   10.00    5.00    28  qemu-system-aar
22:43:57     1000         -   1823138    0.00    2.00    0.00   10.00    2.00    28  |__qemu-system-aar
22:43:57     1000         -   1823144    0.00    0.00    0.00    0.00    0.00    12  |__call_rcu
22:43:57     1000         -   1823153    3.00    0.00    0.00    5.00    3.00    12  |__CPU 0/TCG
22:43:58     1000   1823138         -    3.00    0.00    0.00    4.00    3.00     4  qemu-system-aar
22:43:58     1000         -   1823138    1.00    0.00    0.00    4.00    1.00     4  |__qemu-system-aar
22:43:58     1000         -   1823144    0.00    0.00    0.00    0.00    0.00    12  |__call_rcu
22:43:58     1000         -   1823153    2.00    0.00    0.00    2.00    2.00     0  |__CPU 0/TCG
22:43:59     1000   1823138         -    1.00    0.00    0.00    0.00    1.00     6  qemu-system-aar
22:43:59     1000         -   1823138    0.00    0.00    0.00    0.00    0.00     6  |__qemu-system-aar
22:43:59     1000         -   1823144    0.00    0.00    0.00    0.00    0.00    12  |__call_rcu
22:43:59     1000         -   1823153    1.00    0.00    0.00    0.00    1.00    23  |__CPU 0/TCG
22:44:00     1000   1823138         -    2.00    0.00    0.00    0.00    2.00    17  qemu-system-aar
22:44:00     1000         -   1823138    1.00    1.00    0.00    0.00    2.00    17  |__qemu-system-aar
22:44:00     1000         -   1823144    0.00    0.00    0.00    0.00    0.00    12  |__call_rcu
22:44:00     1000         -   1823153    1.00    0.00    0.00    0.00    1.00    23  |__CPU 0/TCG
22:44:01     1000   1823138         -    1.00    0.00    0.00    0.00    1.00    20  qemu-system-aar
22:44:01     1000         -   1823138    0.00    0.00    0.00    0.00    0.00    20  |__qemu-system-aar
22:44:01     1000         -   1823144    0.00    0.00    0.00    0.00    0.00    12  |__call_rcu
22:44:01     1000         -   1823153    0.00    0.00    0.00    0.00    0.00    23  |__CPU 0/TCG
22:44:02     1000   1823138         -    1.00    0.00    0.00    0.00    1.00     8  qemu-system-aar
22:44:02     1000         -   1823138    0.00    0.00    0.00    0.00    0.00     8  |__qemu-system-aar
22:44:02     1000         -   1823144    0.00    0.00    0.00    0.00    0.00    12  |__call_rcu
22:44:02     1000         -   1823153    1.00    0.00    0.00    0.00    1.00    10  |__CPU 0/TCG
22:44:03     1000   1823138         -    3.00    0.00    0.00    0.00    3.00    19  qemu-system-aar
22:44:03     1000         -   1823138    1.00    1.00    0.00    0.00    2.00    19  |__qemu-system-aar
22:44:03     1000         -   1823144    0.00    0.00    0.00    0.00    0.00    12  |__call_rcu
22:44:03     1000         -   1823153    2.00    0.00    0.00    0.00    2.00    22  |__CPU 0/TCG
22:44:04     1000   1823138         -    4.00    0.00    0.00    0.00    4.00     7  qemu-system-aar
22:44:04     1000         -   1823138    0.00    1.00    0.00    0.00    1.00     7  |__qemu-system-aar
22:44:04     1000         -   1823144    0.00    0.00    0.00    0.00    0.00    12  |__call_rcu
22:44:04     1000         -   1823153    2.00    0.00    0.00    0.00    2.00     7  |__CPU 0/TCG
22:44:05     1000   1823138         -    2.00    1.00    0.00    0.00    3.00    16  qemu-system-aar
22:44:05     1000         -   1823138    1.00    1.00    0.00    0.00    2.00    16  |__qemu-system-aar
22:44:05     1000         -   1823144    0.00    0.00    0.00    0.00    0.00    12  |__call_rcu
22:44:05     1000         -   1823153    2.00    0.00    0.00    0.00    2.00    21  |__CPU 0/TCG
22:44:06     1000   1823138         -    1.00    0.00    0.00    1.00    1.00    19  qemu-system-aar
22:44:06     1000         -   1823138    0.00    0.00    0.00    1.00    0.00    19  |__qemu-system-aar
22:44:06     1000         -   1823144    0.00    0.00    0.00    0.00    0.00    12  |__call_rcu
22:44:06     1000         -   1823153    1.00    0.00    0.00    0.00    1.00    19  |__CPU 0/TCG
22:44:07     1000   1823138         -    3.00    2.00    0.00    3.00    5.00    19  qemu-system-aar
22:44:07     1000         -   1823138    1.00    2.00    0.00    3.00    3.00    19  |__qemu-system-aar
22:44:07     1000         -   1823144    0.00    0.00    0.00    0.00    0.00    12  |__call_rcu
22:44:07     1000         -   1823153    2.00    0.00    0.00    1.00    2.00    22  |__CPU 0/TCG
22:44:08     1000   1823138         -    2.00    0.00    0.00    0.00    2.00    22  qemu-system-aar
22:44:08     1000         -   1823138    0.00    0.00    0.00    0.00    0.00    22  |__qemu-system-aar
22:44:08     1000         -   1823144    0.00    0.00    0.00    0.00    0.00    12  |__call_rcu
22:44:08     1000         -   1823153    1.00    0.00    0.00    0.00    1.00     0  |__CPU 0/TCG
22:44:09     1000   1823138         -    1.00    1.00    0.00    0.00    2.00    23  qemu-system-aar
22:44:09     1000         -   1823138    0.00    1.00    0.00    0.00    1.00    23  |__qemu-system-aar
22:44:09     1000         -   1823144    0.00    0.00    0.00    0.00    0.00    12  |__call_rcu
22:44:09     1000         -   1823153    1.00    0.00    0.00    0.00    1.00     3  |__CPU 0/TCG
22:44:10     1000   1823138         -    1.00    0.00    0.00    0.00    1.00     7  qemu-system-aar
22:44:10     1000         -   1823138    1.00    0.00    0.00    0.00    1.00     7  |__qemu-system-aar
22:44:10     1000         -   1823144    0.00    0.00    0.00    0.00    0.00    12  |__call_rcu
22:44:10     1000         -   1823153    1.00    0.00    0.00    0.00    1.00     0  |__CPU 0/TCG
22:44:11     1000   1823138         -    1.00    1.00    0.00    0.00    2.00    23  qemu-system-aar
22:44:11     1000         -   1823138    0.00    1.00    0.00    0.00    1.00    23  |__qemu-system-aar
22:44:11     1000         -   1823144    0.00    0.00    0.00    0.00    0.00    12  |__call_rcu
22:44:11     1000         -   1823153    1.00    0.00    0.00    0.00    1.00     3  |__CPU 0/TCG
22:44:12     1000   1823138         -    1.00    0.00    0.00    0.00    1.00    23  qemu-system-aar
22:44:12     1000         -   1823138    0.00    0.00    0.00    0.00    0.00    23  |__qemu-system-aar
22:44:12     1000         -   1823144    0.00    0.00    0.00    0.00    0.00    12  |__call_rcu
22:44:12     1000         -   1823153    1.00    0.00    0.00    0.00    1.00     2  |__CPU 0/TCG
22:44:13     1000   1823138         -    1.00    0.00    0.00    0.00    1.00     7  qemu-system-aar
22:44:13     1000         -   1823138    1.00    0.00    0.00    0.00    1.00     7  |__qemu-system-aar
22:44:13     1000         -   1823144    0.00    0.00    0.00    0.00    0.00    12  |__call_rcu
22:44:13     1000         -   1823153    0.00    0.00    0.00    0.00    0.00     2  |__CPU 0/TCG
22:44:14     1000   1823138         -    2.00    1.00    0.00    0.00    3.00    17  qemu-system-aar
22:44:14     1000         -   1823138    0.00    1.00    0.00    0.00    1.00    17  |__qemu-system-aar
22:44:14     1000         -   1823144    0.00    0.00    0.00    0.00    0.00    12  |__call_rcu
22:44:14     1000         -   1823153    2.00    0.00    0.00    0.00    2.00    20  |__CPU 0/TCG
22:44:15     1000   1823138         -    2.00    1.00    0.00    0.00    3.00    17  qemu-system-aar
22:44:15     1000         -   1823138    1.00    1.00    0.00    0.00    2.00    17  |__qemu-system-aar
22:44:15     1000         -   1823144    0.00    0.00    0.00    0.00    0.00    12  |__call_rcu
22:44:15     1000         -   1823153    2.00    0.00    0.00    0.00    2.00    23  |__CPU 0/TCG
22:44:16     1000   1823138         -    2.00    0.00    0.00    1.00    2.00    16  qemu-system-aar
22:44:16     1000         -   1823138    0.00    0.00    0.00    1.00    0.00    16  |__qemu-system-aar
22:44:16     1000         -   1823144    0.00    0.00    0.00    0.00    0.00    12  |__call_rcu
22:44:16     1000         -   1823153    1.00    0.00    0.00    0.00    1.00    16  |__CPU 0/TCG
22:44:17     1000   1823138         -    4.00    1.00    0.00    4.00    5.00     0  qemu-system-aar
22:44:17     1000         -   1823138    1.00    1.00    0.00    4.00    2.00     0  |__qemu-system-aar
22:44:17     1000         -   1823144    0.00    0.00    0.00    0.00    0.00    12  |__call_rcu
22:44:17     1000         -   1823153    2.00    1.00    0.00    2.00    3.00     0  |__CPU 0/TCG
22:44:18     1000   1823138         -    5.00    1.00    0.00    5.00    6.00     0  qemu-system-aar
22:44:18     1000         -   1823138    1.00    2.00    0.00    5.00    3.00     0  |__qemu-system-aar
22:44:18     1000         -   1823144    0.00    0.00    0.00    0.00    0.00    12  |__call_rcu
22:44:18     1000         -   1823153    3.00    0.00    0.00    1.00    3.00     0  |__CPU 0/TCG
22:44:19     1000   1823138         -    3.00    3.00    0.00    3.00    6.00    16  qemu-system-aar
22:44:19     1000         -   1823138    1.00    2.00    0.00    3.00    3.00    16  |__qemu-system-aar
22:44:19     1000         -   1823144    0.00    0.00    0.00    0.00    0.00    12  |__call_rcu
22:44:19     1000         -   1823153    3.00    0.00    0.00    2.00    3.00    16  |__CPU 0/TCG
22:44:20     1000   1823138         -    3.00    2.00    0.00    4.00    5.00    16  qemu-system-aar
22:44:20     1000         -   1823138    0.00    2.00    0.00    4.00    2.00    16  |__qemu-system-aar
22:44:20     1000         -   1823144    0.00    0.00    0.00    0.00    0.00    12  |__call_rcu
22:44:20     1000         -   1823153    3.00    0.00    0.00    1.00    3.00    16  |__CPU 0/TCG
22:44:21     1000   1823138         -    4.00    0.00    0.00    3.00    4.00    16  qemu-system-aar
22:44:21     1000         -   1823138    1.00    1.00    0.00    3.00    2.00    16  |__qemu-system-aar
22:44:21     1000         -   1823144    0.00    0.00    0.00    0.00    0.00    12  |__call_rcu
22:44:21     1000         -   1823153    2.00    0.00    0.00    1.00    2.00    16  |__CPU 0/TCG
22:44:22     1000   1823138         -    4.00    1.00    0.00    4.00    5.00    20  qemu-system-aar
22:44:22     1000         -   1823138    2.00    0.00    0.00    4.00    2.00    20  |__qemu-system-aar
22:44:22     1000         -   1823144    0.00    0.00    0.00    0.00    0.00    12  |__call_rcu
22:44:22     1000         -   1823153    3.00    1.00    0.00    1.00    4.00    20  |__CPU 0/TCG
22:44:23     1000   1823138         -    3.00    2.00    0.00    5.00    5.00    25  qemu-system-aar
22:44:23     1000         -   1823138    1.00    1.00    0.00    5.00    2.00    25  |__qemu-system-aar
22:44:23     1000         -   1823144    0.00    0.00    0.00    0.00    0.00    12  |__call_rcu
22:44:23     1000         -   1823153    1.00    1.00    0.00    1.00    2.00    25  |__CPU 0/TCG
22:44:24     1000   1823138         -    2.00    5.00    0.00    4.00    7.00     9  qemu-system-aar
22:44:24     1000         -   1823138    0.00    3.00    0.00    4.00    3.00     9  |__qemu-system-aar
22:44:24     1000         -   1823144    0.00    0.00    0.00    0.00    0.00    12  |__call_rcu
22:44:24     1000         -   1823153    2.00    1.00    0.00    1.00    3.00     9  |__CPU 0/TCG
22:44:25     1000   1823138         -    2.00    2.00    0.00    5.00    4.00     9  qemu-system-aar
22:44:25     1000         -   1823138    0.00    2.00    0.00    5.00    2.00     9  |__qemu-system-aar
22:44:25     1000         -   1823144    0.00    0.00    0.00    0.00    0.00    12  |__call_rcu
22:44:25     1000         -   1823153    3.00    0.00    0.00    2.00    3.00     9  |__CPU 0/TCG
22:44:26     1000   1823138         -    4.00    2.00    0.00    4.00    6.00    25  qemu-system-aar
22:44:26     1000         -   1823138    1.00    2.00    0.00    4.00    3.00    25  |__qemu-system-aar
22:44:26     1000         -   1823144    0.00    0.00    0.00    0.00    0.00    12  |__call_rcu
22:44:26     1000         -   1823153    2.00    1.00    0.00    1.00    3.00     9  |__CPU 0/TCG
22:44:27     1000   1823138         -    5.00    0.00    0.00    3.00    5.00     9  qemu-system-aar
22:44:27     1000         -   1823138    1.00    1.00    0.00    3.00    2.00     9  |__qemu-system-aar
22:44:27     1000         -   1823144    0.00    0.00    0.00    0.00    0.00    12  |__call_rcu
22:44:27     1000         -   1823153    3.00    0.00    0.00    2.00    3.00     9  |__CPU 0/TCG
22:44:28     1000   1823138         -    4.00    2.00    0.00    4.00    6.00    12  qemu-system-aar
22:44:28     1000         -   1823138    1.00    1.00    0.00    4.00    2.00    12  |__qemu-system-aar
22:44:28     1000         -   1823144    0.00    0.00    0.00    0.00    0.00    12  |__call_rcu
22:44:28     1000         -   1823153    2.00    1.00    0.00    1.00    3.00    28  |__CPU 0/TCG
22:44:29     1000   1823138         -    3.00    2.00    0.00    3.00    5.00    12  qemu-system-aar
22:44:29     1000         -   1823138    0.00    2.00    0.00    3.00    2.00    12  |__qemu-system-aar
22:44:29     1000         -   1823144    0.00    0.00    0.00    0.00    0.00    12  |__call_rcu
22:44:29     1000         -   1823153    3.00    1.00    0.00    0.00    4.00    12  |__CPU 0/TCG
22:44:30     1000   1823138         -    4.00    1.00    0.00    2.00    5.00     8  qemu-system-aar
22:44:30     1000         -   1823138    1.00    2.00    0.00    2.00    3.00     8  |__qemu-system-aar
22:44:30     1000         -   1823144    0.00    0.00    0.00    0.00    0.00    12  |__call_rcu
22:44:30     1000         -   1823153    2.00    0.00    0.00    2.00    2.00     8  |__CPU 0/TCG
22:44:31     1000   1823138         -    3.96    1.98    0.00    3.96    5.94     8  qemu-system-aar
22:44:31     1000         -   1823138    1.98    0.00    0.00    3.96    1.98     8  |__qemu-system-aar
22:44:31     1000         -   1823144    0.00    0.00    0.00    0.00    0.00    12  |__call_rcu
22:44:31     1000         -   1823153    2.97    0.00    0.00    1.98    2.97     8  |__CPU 0/TCG
22:44:32     1000   1823138         -    5.00    1.00    0.00    5.00    6.00    31  qemu-system-aar
22:44:32     1000         -   1823138    2.00    1.00    0.00    5.00    3.00    31  |__qemu-system-aar
22:44:32     1000         -   1823144    0.00    0.00    0.00    0.00    0.00    12  |__call_rcu
22:44:32     1000         -   1823153    2.00    1.00    0.00    1.00    3.00    31  |__CPU 0/TCG
22:44:33     1000   1823138         -    4.00    2.00    0.00    4.00    6.00    10  qemu-system-aar
22:44:33     1000         -   1823138    2.00    1.00    0.00    4.00    3.00    10  |__qemu-system-aar
22:44:33     1000         -   1823144    0.00    0.00    0.00    0.00    0.00    12  |__call_rcu
22:44:33     1000         -   1823153    3.00    1.00    0.00    1.00    4.00    10  |__CPU 0/TCG
22:44:34     1000   1823138         -    4.00    1.00    0.00    4.00    5.00    26  qemu-system-aar
22:44:34     1000         -   1823138    1.00    1.00    0.00    4.00    2.00    26  |__qemu-system-aar
22:44:34     1000         -   1823144    0.00    0.00    0.00    0.00    0.00    12  |__call_rcu
22:44:34     1000         -   1823153    3.00    0.00    0.00    2.00    3.00    26  |__CPU 0/TCG
22:44:35     1000   1823138         -    5.00    0.00    0.00    3.00    5.00    12  qemu-system-aar
22:44:35     1000         -   1823138    2.00    1.00    0.00    3.00    3.00    12  |__qemu-system-aar
22:44:35     1000         -   1823144    0.00    0.00    0.00    0.00    0.00    12  |__call_rcu
22:44:35     1000         -   1823153    3.00    0.00    0.00    2.00    3.00    12  |__CPU 0/TCG
22:44:36     1000   1823138         -    3.00    2.00    0.00    4.00    5.00    12  qemu-system-aar
22:44:36     1000         -   1823138    0.00    1.00    0.00    4.00    1.00    12  |__qemu-system-aar
22:44:36     1000         -   1823144    0.00    0.00    0.00    0.00    0.00    12  |__call_rcu
22:44:36     1000         -   1823153    2.00    0.00    0.00    1.00    2.00    12  |__CPU 0/TCG
22:44:37     1000   1823138         -    2.00    2.00    0.00    4.00    4.00    12  qemu-system-aar
22:44:37     1000         -   1823138    0.00    2.00    0.00    4.00    2.00    12  |__qemu-system-aar
22:44:37     1000         -   1823144    0.00    0.00    0.00    0.00    0.00    12  |__call_rcu
22:44:37     1000         -   1823153    3.00    0.00    0.00    0.00    3.00    12  |__CPU 0/TCG
22:44:38     1000   1823138         -    2.00    3.00    0.00    1.00    5.00    14  qemu-system-aar
22:44:38     1000         -   1823138    0.00    2.00    0.00    1.00    2.00    14  |__qemu-system-aar
22:44:38     1000         -   1823144    0.00    0.00    0.00    0.00    0.00    12  |__call_rcu
22:44:38     1000         -   1823153    2.00    1.00    0.00    1.00    3.00    15  |__CPU 0/TCG
22:44:39     1000   1823138         -    1.00    0.00    0.00    0.00    1.00    31  qemu-system-aar
22:44:39     1000         -   1823138    0.00    1.00    0.00    0.00    1.00    31  |__qemu-system-aar
22:44:39     1000         -   1823144    0.00    0.00    0.00    0.00    0.00    12  |__call_rcu
22:44:39     1000         -   1823153    1.00    0.00    0.00    0.00    1.00    15  |__CPU 0/TCG
22:44:40     1000   1823138         -    2.00    0.00    0.00    0.00    2.00    31  qemu-system-aar
22:44:40     1000         -   1823138    1.00    0.00    0.00    0.00    1.00    31  |__qemu-system-aar
22:44:40     1000         -   1823144    0.00    0.00    0.00    0.00    0.00    12  |__call_rcu
22:44:40     1000         -   1823153    1.00    0.00    0.00    0.00    1.00    15  |__CPU 0/TCG
22:44:41     1000   1823138         -    1.00    1.00    0.00    0.00    2.00    29  qemu-system-aar
22:44:41     1000         -   1823138    0.00    0.00    0.00    0.00    0.00    29  |__qemu-system-aar
22:44:41     1000         -   1823144    0.00    0.00    0.00    0.00    0.00    12  |__call_rcu
22:44:41     1000         -   1823153    0.00    0.00    0.00    0.00    0.00    15  |__CPU 0/TCG
22:44:42     1000   1823138         -    1.00    0.00    0.00    0.00    1.00    31  qemu-system-aar
22:44:42     1000         -   1823138    0.00    1.00    0.00    0.00    1.00    31  |__qemu-system-aar
22:44:42     1000         -   1823144    0.00    0.00    0.00    0.00    0.00    12  |__call_rcu
22:44:42     1000         -   1823153    1.00    0.00    0.00    0.00    1.00    15  |__CPU 0/TCG
22:44:43     1000   1823138         -    1.00    1.00    0.00    0.00    2.00    29  qemu-system-aar
22:44:43     1000         -   1823138    1.00    0.00    0.00    0.00    1.00    29  |__qemu-system-aar
22:44:43     1000         -   1823144    0.00    0.00    0.00    0.00    0.00    12  |__call_rcu
22:44:43     1000         -   1823153    1.00    0.00    0.00    0.00    1.00    10  |__CPU 0/TCG
22:44:44     1000   1823138         -    1.00    0.00    0.00    0.00    1.00    29  qemu-system-aar
22:44:44     1000         -   1823138    0.00    1.00    0.00    0.00    1.00    29  |__qemu-system-aar
22:44:44     1000         -   1823144    0.00    0.00    0.00    0.00    0.00    12  |__call_rcu
22:44:44     1000         -   1823153    1.00    0.00    0.00    0.00    1.00    15  |__CPU 0/TCG
22:44:45     1000   1823138         -    1.00    1.00    0.00    0.00    2.00    29  qemu-system-aar
22:44:45     1000         -   1823138    0.00    0.00    0.00    0.00    0.00    29  |__qemu-system-aar
22:44:45     1000         -   1823144    0.00    0.00    0.00    0.00    0.00    12  |__call_rcu
22:44:45     1000         -   1823153    0.00    0.00    0.00    0.00    0.00    10  |__CPU 0/TCG
22:44:46     1000   1823138         -    2.00    0.00    0.00    0.00    2.00    29  qemu-system-aar
22:44:46     1000         -   1823138    1.00    0.00    0.00    0.00    1.00    29  |__qemu-system-aar
22:44:46     1000         -   1823144    0.00    0.00    0.00    0.00    0.00    12  |__call_rcu
22:44:46     1000         -   1823153    1.00    0.00    0.00    0.00    1.00    10  |__CPU 0/TCG
22:44:47     1000   1823138         -    1.00    0.00    0.00    0.00    1.00    31  qemu-system-aar
22:44:47     1000         -   1823138    0.00    1.00    0.00    0.00    1.00    31  |__qemu-system-aar
22:44:47     1000         -   1823144    0.00    0.00    0.00    0.00    0.00    12  |__call_rcu
22:44:47     1000         -   1823153    1.00    0.00    0.00    0.00    1.00    10  |__CPU 0/TCG
22:44:48     1000   1823138         -    1.00    1.00    0.00    0.00    2.00    31  qemu-system-aar
22:44:48     1000         -   1823138    0.00    0.00    0.00    0.00    0.00    31  |__qemu-system-aar
22:44:48     1000         -   1823144    0.00    0.00    0.00    0.00    0.00    12  |__call_rcu
22:44:48     1000         -   1823153    0.00    0.00    0.00    0.00    0.00    10  |__CPU 0/TCG
22:44:49     1000   1823138         -    0.00    0.00    0.00    0.00    0.00    29  qemu-system-aar
22:44:49     1000         -   1823138    1.00    1.00    0.00    0.00    2.00    29  |__qemu-system-aar
22:44:49     1000         -   1823144    0.00    0.00    0.00    0.00    0.00    12  |__call_rcu
22:44:49     1000         -   1823153    1.00    1.00    0.00    0.00    2.00    10  |__CPU 0/TCG
22:44:50     1000   1823138         -    1.00    0.00    0.00    0.00    1.00    31  qemu-system-aar
22:44:50     1000         -   1823138    0.00    0.00    0.00    0.00    0.00    31  |__qemu-system-aar
22:44:50     1000         -   1823144    0.00    0.00    0.00    0.00    0.00    12  |__call_rcu
22:44:50     1000         -   1823153    1.00    0.00    0.00    0.00    1.00    15  |__CPU 0/TCG
22:44:51     1000   1823138         -    2.00    1.00    0.00    0.00    3.00    31  qemu-system-aar
22:44:51     1000         -   1823138    0.00    0.00    0.00    0.00    0.00    31  |__qemu-system-aar
22:44:51     1000         -   1823144    0.00    0.00    0.00    0.00    0.00    12  |__call_rcu
22:44:51     1000         -   1823153    0.00    0.00    0.00    0.00    0.00    10  |__CPU 0/TCG
22:44:52     1000   1823138         -    1.00    0.00    0.00    0.00    1.00    29  qemu-system-aar
22:44:52     1000         -   1823138    0.00    1.00    0.00    0.00    1.00    29  |__qemu-system-aar
22:44:52     1000         -   1823144    0.00    0.00    0.00    0.00    0.00    12  |__call_rcu
22:44:52     1000         -   1823153    1.00    0.00    0.00    0.00    1.00    10  |__CPU 0/TCG
22:44:53     1000   1823138         -    0.00    1.00    0.00    0.00    1.00    31  qemu-system-aar
22:44:53     1000         -   1823138    1.00    0.00    0.00    0.00    1.00    31  |__qemu-system-aar
22:44:53     1000         -   1823144    0.00    0.00    0.00    0.00    0.00    12  |__call_rcu
22:44:53     1000         -   1823153    1.00    0.00    0.00    0.00    1.00    10  |__CPU 0/TCG
22:44:54     1000   1823138         -    1.00    0.00    0.00    0.00    1.00    29  qemu-system-aar
22:44:54     1000         -   1823138    0.00    0.00    0.00    0.00    0.00    29  |__qemu-system-aar
22:44:54     1000         -   1823144    0.00    0.00    0.00    0.00    0.00    12  |__call_rcu
22:44:54     1000         -   1823153    0.00    0.00    0.00    0.00    0.00    10  |__CPU 0/TCG
22:44:55     1000   1823138         -    1.00    0.00    0.00    0.00    1.00    31  qemu-system-aar
22:44:55     1000         -   1823138    0.00    1.00    0.00    0.00    1.00    31  |__qemu-system-aar
22:44:55     1000         -   1823144    0.00    0.00    0.00    0.00    0.00    12  |__call_rcu
22:44:55     1000         -   1823153    1.00    0.00    0.00    0.00    1.00    15  |__CPU 0/TCG
22:44:56     1000   1823138         -    1.00    1.00    0.00    0.00    2.00    30  qemu-system-aar
22:44:56     1000         -   1823138    0.00    0.00    0.00    0.00    0.00    30  |__qemu-system-aar
22:44:56     1000         -   1823144    0.00    0.00    0.00    0.00    0.00    12  |__call_rcu
22:44:56     1000         -   1823153    1.00    0.00    0.00    0.00    1.00    15  |__CPU 0/TCG
22:44:57     1000   1823138         -    1.00    0.00    0.00    0.00    1.00    29  qemu-system-aar
22:44:57     1000         -   1823138    1.00    0.00    0.00    0.00    1.00    29  |__qemu-system-aar
22:44:57     1000         -   1823144    0.00    0.00    0.00    0.00    0.00    12  |__call_rcu
22:44:57     1000         -   1823153    0.00    0.00    0.00    0.00    0.00    10  |__CPU 0/TCG
22:44:58     1000   1823138         -    1.00    0.00    0.00    0.00    1.00    29  qemu-system-aar
22:44:58     1000         -   1823138    0.00    1.00    0.00    0.00    1.00    29  |__qemu-system-aar
22:44:58     1000         -   1823144    0.00    0.00    0.00    0.00    0.00    12  |__call_rcu
22:44:58     1000         -   1823153    1.00    0.00    0.00    0.00    1.00    15  |__CPU 0/TCG
22:44:59     1000   1823138         -    1.00    1.00    0.00    0.00    2.00    29  qemu-system-aar
22:44:59     1000         -   1823138    0.00    0.00    0.00    0.00    0.00    29  |__qemu-system-aar
22:44:59     1000         -   1823144    0.00    0.00    0.00    0.00    0.00    12  |__call_rcu
22:44:59     1000         -   1823153    1.00    0.00    0.00    0.00    1.00    15  |__CPU 0/TCG
22:45:00     1000   1823138         -    1.00    0.00    0.00    0.00    1.00    29  qemu-system-aar
22:45:00     1000         -   1823138    0.00    0.00    0.00    0.00    0.00    29  |__qemu-system-aar
22:45:00     1000         -   1823144    0.00    0.00    0.00    0.00    0.00    12  |__call_rcu
22:45:00     1000         -   1823153    0.00    0.00    0.00    0.00    0.00    15  |__CPU 0/TCG
22:45:01     1000   1823138         -    1.00    0.00    0.00    0.00    1.00    30  qemu-system-aar
22:45:01     1000         -   1823138    1.00    1.00    0.00    0.00    2.00    30  |__qemu-system-aar
22:45:01     1000         -   1823144    0.00    0.00    0.00    0.00    0.00    12  |__call_rcu
22:45:01     1000         -   1823153    1.00    0.00    0.00    0.00    1.00    10  |__CPU 0/TCG
22:45:02     1000   1823138         -    1.00    1.00    0.00    0.00    2.00    30  qemu-system-aar
22:45:02     1000         -   1823138    0.00    0.00    0.00    0.00    0.00    30  |__qemu-system-aar
22:45:02     1000         -   1823144    0.00    0.00    0.00    0.00    0.00    12  |__call_rcu
22:45:02     1000         -   1823153    0.00    1.00    0.00    0.00    1.00    29  |__CPU 0/TCG
22:45:03     1000   1823138         -    1.00    0.00    0.00    0.00    1.00    31  qemu-system-aar
22:45:03     1000         -   1823138    0.00    0.00    0.00    0.00    0.00    31  |__qemu-system-aar
22:45:03     1000         -   1823144    0.00    0.00    0.00    0.00    0.00    12  |__call_rcu
22:45:03     1000         -   1823153    1.00    0.00    0.00    0.00    1.00     8  |__CPU 0/TCG
22:45:04     1000   1823138         -    3.00    1.00    0.00    3.00    4.00    27  qemu-system-aar
22:45:04     1000         -   1823138    0.00    1.00    0.00    3.00    1.00    27  |__qemu-system-aar
22:45:04     1000         -   1823144    0.00    0.00    0.00    0.00    0.00    12  |__call_rcu
22:45:04     1000         -   1823153    2.00    0.00    0.00    1.00    2.00    27  |__CPU 0/TCG
22:45:05     1000   1823138         -    1.00    2.00    0.00    3.00    3.00    10  qemu-system-aar
22:45:05     1000         -   1823138    0.00    2.00    0.00    3.00    2.00    10  |__qemu-system-aar
22:45:05     1000         -   1823144    0.00    0.00    0.00    0.00    0.00    12  |__call_rcu
22:45:05     1000         -   1823153    2.00    0.00    0.00    0.00    2.00    26  |__CPU 0/TCG
22:45:06     1000   1823138         -    1.00    0.00    0.00    0.00    1.00    21  qemu-system-aar
22:45:06     1000         -   1823138    1.00    0.00    0.00    0.00    1.00    21  |__qemu-system-aar
22:45:06     1000         -   1823144    0.00    0.00    0.00    0.00    0.00    12  |__call_rcu
22:45:06     1000         -   1823153    1.00    0.00    0.00    1.00    1.00    20  |__CPU 0/TCG
22:45:07     1000   1823138         -    3.00    0.00    0.00    1.00    3.00    22  qemu-system-aar
22:45:07     1000         -   1823138    0.00    0.00    0.00    1.00    0.00    22  |__qemu-system-aar
22:45:07     1000         -   1823144    0.00    0.00    0.00    0.00    0.00    12  |__call_rcu
22:45:07     1000         -   1823153    1.00    0.00    0.00    0.00    1.00    17  |__CPU 0/TCG
22:45:08     1000   1823138         -    1.00    0.00    0.00    0.00    1.00    23  qemu-system-aar
22:45:08     1000         -   1823138    1.00    1.00    0.00    0.00    2.00    23  |__qemu-system-aar
22:45:08     1000         -   1823144    0.00    0.00    0.00    0.00    0.00    12  |__call_rcu
22:45:08     1000         -   1823153    1.00    0.00    0.00    0.00    1.00     1  |__CPU 0/TCG
22:45:09     1000   1823138         -    2.00    0.00    0.00    0.00    2.00    17  qemu-system-aar
22:45:09     1000         -   1823138    0.00    0.00    0.00    0.00    0.00    17  |__qemu-system-aar
22:45:09     1000         -   1823144    0.00    0.00    0.00    0.00    0.00    12  |__call_rcu
22:45:09     1000         -   1823153    1.00    0.00    0.00    0.00    1.00    16  |__CPU 0/TCG
22:45:10     1000   1823138         -    1.00    1.00    0.00    0.00    2.00    18  qemu-system-aar
22:45:10     1000         -   1823138    0.00    0.00    0.00    0.00    0.00    18  |__qemu-system-aar
22:45:10     1000         -   1823144    0.00    0.00    0.00    0.00    0.00    12  |__call_rcu
22:45:10     1000         -   1823153    1.00    0.00    0.00    0.00    1.00    21  |__CPU 0/TCG
22:45:11     1000   1823138         -    1.00    0.00    0.00    0.00    1.00    18  qemu-system-aar
22:45:11     1000         -   1823138    0.00    1.00    0.00    0.00    1.00    18  |__qemu-system-aar
22:45:11     1000         -   1823144    0.00    0.00    0.00    0.00    0.00    12  |__call_rcu
22:45:11     1000         -   1823153    1.00    0.00    0.00    0.00    1.00    21  |__CPU 0/TCG
22:45:12     1000   1823138         -    1.00    1.00    0.00    0.00    2.00    19  qemu-system-aar
22:45:12     1000         -   1823138    1.00    0.00    0.00    0.00    1.00    19  |__qemu-system-aar
22:45:12     1000         -   1823144    0.00    0.00    0.00    0.00    0.00    12  |__call_rcu
22:45:12     1000         -   1823153    0.00    0.00    0.00    0.00    0.00    18  |__CPU 0/TCG
22:45:13     1000   1823138         -    1.00    0.00    0.00    0.00    1.00    19  qemu-system-aar
22:45:13     1000         -   1823138    0.00    0.00    0.00    0.00    0.00    19  |__qemu-system-aar
22:45:13     1000         -   1823144    0.00    0.00    0.00    0.00    0.00    12  |__call_rcu
22:45:13     1000         -   1823153    1.00    0.00    0.00    0.00    1.00    18  |__CPU 0/TCG
22:45:14     1000   1823138         -    1.00    0.00    0.00    0.00    1.00     1  qemu-system-aar
22:45:14     1000         -   1823138    0.00    1.00    0.00    0.00    1.00     1  |__qemu-system-aar
22:45:14     1000         -   1823144    0.00    0.00    0.00    0.00    0.00    12  |__call_rcu
22:45:14     1000         -   1823153    1.00    0.00    0.00    0.00    1.00    21  |__CPU 0/TCG
22:45:15     1000   1823138         -    1.00    1.00    0.00    0.00    2.00    19  qemu-system-aar
22:45:15     1000         -   1823138    1.00    0.00    0.00    0.00    1.00    19  |__qemu-system-aar
22:45:15     1000         -   1823144    0.00    0.00    0.00    0.00    0.00    12  |__call_rcu
22:45:15     1000         -   1823153    1.00    0.00    0.00    0.00    1.00    20  |__CPU 0/TCG
22:45:16     1000   1823138         -    1.00    0.00    0.00    0.00    1.00    19  qemu-system-aar
22:45:16     1000         -   1823138    0.00    1.00    0.00    0.00    1.00    19  |__qemu-system-aar
22:45:16     1000         -   1823144    0.00    0.00    0.00    0.00    0.00    12  |__call_rcu
22:45:16     1000         -   1823153    1.00    0.00    0.00    0.00    1.00    21  |__CPU 0/TCG
22:45:17     1000   1823138         -    1.00    1.00    0.00    0.00    2.00    19  qemu-system-aar
22:45:17     1000         -   1823138    0.00    0.00    0.00    0.00    0.00    19  |__qemu-system-aar
22:45:17     1000         -   1823144    0.00    0.00    0.00    0.00    0.00    12  |__call_rcu
22:45:17     1000         -   1823153    0.00    0.00    0.00    0.00    0.00    21  |__CPU 0/TCG
22:45:18     1000   1823138         -    1.00    0.00    0.00    0.00    1.00     4  qemu-system-aar
22:45:18     1000         -   1823138    0.00    0.00    0.00    0.00    0.00     4  |__qemu-system-aar
22:45:18     1000         -   1823144    0.00    0.00    0.00    0.00    0.00    12  |__call_rcu
22:45:18     1000         -   1823153    1.00    0.00    0.00    0.00    1.00    20  |__CPU 0/TCG
22:45:19     1000   1823138         -    2.00    1.00    0.00    0.00    3.00    17  qemu-system-aar
22:45:19     1000         -   1823138    1.00    1.00    0.00    0.00    2.00    17  |__qemu-system-aar
22:45:19     1000         -   1823144    0.00    0.00    0.00    0.00    0.00    12  |__call_rcu
22:45:19     1000         -   1823153    1.00    0.00    0.00    0.00    1.00     5  |__CPU 0/TCG
22:45:20     1000   1823138         -    1.00    0.00    0.00    0.00    1.00    19  qemu-system-aar
22:45:20     1000         -   1823138    0.00    0.00    0.00    0.00    0.00    19  |__qemu-system-aar
22:45:20     1000         -   1823144    0.00    0.00    0.00    0.00    0.00    12  |__call_rcu
22:45:20     1000         -   1823153    0.00    0.00    0.00    0.00    0.00    18  |__CPU 0/TCG
22:45:21     1000   1823138         -    1.00    0.00    0.00    0.00    1.00    17  qemu-system-aar
22:45:21     1000         -   1823138    1.00    1.00    0.00    0.00    2.00    17  |__qemu-system-aar
22:45:21     1000         -   1823144    0.00    0.00    0.00    0.00    0.00    12  |__call_rcu
22:45:21     1000         -   1823153    1.00    0.00    0.00    0.00    1.00    20  |__CPU 0/TCG
22:45:22     1000   1823138         -    1.00    1.00    0.00    0.00    2.00    21  qemu-system-aar
22:45:22     1000         -   1823138    0.00    0.00    0.00    0.00    0.00    21  |__qemu-system-aar
22:45:22     1000         -   1823144    0.00    0.00    0.00    0.00    0.00    12  |__call_rcu
22:45:22     1000         -   1823153    1.00    1.00    0.00    0.00    2.00    20  |__CPU 0/TCG
22:45:23     1000   1823138         -    0.00    4.00    0.00    7.00    4.00     6  qemu-system-aar
22:45:23     1000         -   1823138    0.00    2.00    0.00    7.00    2.00     6  |__qemu-system-aar
22:45:23     1000         -   1823144    0.00    0.00    0.00    0.00    0.00    12  |__call_rcu
22:45:23     1000         -   1823153    1.00    1.00    0.00    4.00    2.00     6  |__CPU 0/TCG
22:45:24     1000   1823138         -    1.00    1.00    0.00    3.00    2.00    27  qemu-system-aar
22:45:24     1000         -   1823138    1.00    0.00    0.00    3.00    1.00    27  |__qemu-system-aar
22:45:24     1000         -   1823144    0.00    0.00    0.00    0.00    0.00    12  |__call_rcu
22:45:24     1000         -   1823153    0.00    2.00    0.00    0.00    2.00    29  |__CPU 0/TCG
22:45:25     1000   1823138         -    1.00    1.00    0.00    0.00    2.00     7  qemu-system-aar
22:45:25     1000         -   1823138    1.00    0.00    0.00    0.00    1.00     7  |__qemu-system-aar
22:45:25     1000         -   1823144    0.00    0.00    0.00    0.00    0.00    12  |__call_rcu
22:45:25     1000         -   1823153    0.00    0.00    0.00    0.00    0.00     2  |__CPU 0/TCG
22:45:26     1000   1823138         -    1.00    0.00    0.00    0.00    1.00    18  qemu-system-aar
22:45:26     1000         -   1823138    0.00    0.00    0.00    0.00    0.00    18  |__qemu-system-aar
22:45:26     1000         -   1823144    0.00    0.00    0.00    0.00    0.00    12  |__call_rcu
22:45:26     1000         -   1823153    1.00    0.00    0.00    0.00    1.00     2  |__CPU 0/TCG
22:45:27     1000   1823138         -    2.00    0.00    0.00    0.00    2.00    17  qemu-system-aar
22:45:27     1000         -   1823138    0.00    1.00    0.00    0.00    1.00    17  |__qemu-system-aar
22:45:27     1000         -   1823144    0.00    0.00    0.00    0.00    0.00    12  |__call_rcu
22:45:27     1000         -   1823153    1.00    0.00    0.00    0.00    1.00     3  |__CPU 0/TCG
22:45:28     1000   1823138         -    1.00    1.00    0.00    0.00    2.00    20  qemu-system-aar
22:45:28     1000         -   1823138    0.00    0.00    0.00    0.00    0.00    20  |__qemu-system-aar
22:45:28     1000         -   1823144    0.00    0.00    0.00    0.00    0.00    12  |__call_rcu
22:45:28     1000         -   1823153    0.00    0.00    0.00    0.00    0.00    21  |__CPU 0/TCG
22:45:29     1000   1823138         -    1.00    0.00    0.00    0.00    1.00    18  qemu-system-aar
22:45:29     1000         -   1823138    1.00    1.00    0.00    0.00    2.00    18  |__qemu-system-aar
22:45:29     1000         -   1823144    0.00    0.00    0.00    0.00    0.00    12  |__call_rcu
22:45:29     1000         -   1823153    1.00    1.00    0.00    0.00    2.00    23  |__CPU 0/TCG
22:45:30     1000   1823138         -    1.00    1.00    0.00    0.00    2.00     2  qemu-system-aar
22:45:30     1000         -   1823138    0.00    0.00    0.00    0.00    0.00     2  |__qemu-system-aar
22:45:30     1000         -   1823144    0.00    0.00    0.00    0.00    0.00    12  |__call_rcu
22:45:30     1000         -   1823153    1.00    0.00    0.00    0.00    1.00    21  |__CPU 0/TCG
22:45:31     1000   1823138         -    1.00    0.00    0.00    0.00    1.00    17  qemu-system-aar
22:45:31     1000         -   1823138    0.00    0.00    0.00    0.00    0.00    17  |__qemu-system-aar
22:45:31     1000         -   1823144    0.00    0.00    0.00    0.00    0.00    12  |__call_rcu
22:45:31     1000         -   1823153    1.00    0.00    0.00    0.00    1.00    18  |__CPU 0/TCG
22:45:32     1000   1823138         -    1.00    1.00    0.00    0.00    2.00    17  qemu-system-aar
22:45:32     1000         -   1823138    1.00    1.00    0.00    0.00    2.00    17  |__qemu-system-aar
22:45:32     1000         -   1823144    0.00    0.00    0.00    0.00    0.00    12  |__call_rcu
22:45:32     1000         -   1823153    1.00    0.00    0.00    0.00    1.00    18  |__CPU 0/TCG
22:45:33     1000   1823138         -    2.00    0.00    0.00    0.00    2.00    19  qemu-system-aar
22:45:33     1000         -   1823138    0.00    0.00    0.00    0.00    0.00    19  |__qemu-system-aar
22:45:33     1000         -   1823144    0.00    0.00    0.00    0.00    0.00    12  |__call_rcu
22:45:33     1000         -   1823153    1.00    0.00    0.00    0.00    1.00    23  |__CPU 0/TCG
22:45:34     1000   1823138         -    1.00    1.00    0.00    0.00    2.00    19  qemu-system-aar
22:45:34     1000         -   1823138    0.00    1.00    0.00    0.00    1.00    19  |__qemu-system-aar
22:45:34     1000         -   1823144    0.00    0.00    0.00    0.00    0.00    12  |__call_rcu
22:45:34     1000         -   1823153    0.00    0.00    0.00    0.00    0.00    23  |__CPU 0/TCG
22:45:35     1000   1823138         -    1.00    0.00    0.00    0.00    1.00    19  qemu-system-aar
22:45:35     1000         -   1823138    1.00    0.00    0.00    0.00    1.00    19  |__qemu-system-aar
22:45:35     1000         -   1823144    0.00    0.00    0.00    0.00    0.00    12  |__call_rcu
22:45:35     1000         -   1823153    1.00    0.00    0.00    0.00    1.00    21  |__CPU 0/TCG
22:45:36     1000   1823138         -    1.00    0.00    0.00    0.00    1.00    20  qemu-system-aar
22:45:36     1000         -   1823138    0.00    0.00    0.00    0.00    0.00    20  |__qemu-system-aar
22:45:36     1000         -   1823144    0.00    0.00    0.00    0.00    0.00    12  |__call_rcu
22:45:36     1000         -   1823153    1.00    0.00    0.00    0.00    1.00    22  |__CPU 0/TCG
22:45:37     1000   1823138         -    1.00    0.00    0.00    0.00    1.00    21  qemu-system-aar
22:45:37     1000         -   1823138    0.00    1.00    0.00    0.00    1.00    21  |__qemu-system-aar
22:45:37     1000         -   1823144    0.00    0.00    0.00    0.00    0.00    12  |__call_rcu
22:45:37     1000         -   1823153    1.00    0.00    0.00    0.00    1.00    19  |__CPU 0/TCG
22:45:38     1000   1823138         -    1.00    1.00    0.00    0.00    2.00    21  qemu-system-aar
22:45:38     1000         -   1823138    0.00    0.00    0.00    0.00    0.00    21  |__qemu-system-aar
22:45:38     1000         -   1823144    0.00    0.00    0.00    0.00    0.00    12  |__call_rcu
22:45:38     1000         -   1823153    0.00    0.00    0.00    0.00    0.00    23  |__CPU 0/TCG
22:45:39     1000   1823138         -    1.00    0.00    0.00    0.00    1.00    21  qemu-system-aar
22:45:39     1000         -   1823138    1.00    0.00    0.00    0.00    1.00    21  |__qemu-system-aar
22:45:39     1000         -   1823144    0.00    0.00    0.00    0.00    0.00    12  |__call_rcu
22:45:39     1000         -   1823153    1.00    0.00    0.00    0.00    1.00    19  |__CPU 0/TCG
22:45:40     1000   1823138         -    1.00    0.00    0.00    0.00    1.00    19  qemu-system-aar
22:45:40     1000         -   1823138    0.00    1.00    0.00    0.00    1.00    19  |__qemu-system-aar
22:45:40     1000         -   1823144    0.00    0.00    0.00    0.00    0.00    12  |__call_rcu
22:45:40     1000         -   1823153    1.00    0.00    0.00    0.00    1.00    20  |__CPU 0/TCG
22:45:41     1000   1823138         -    1.00    1.00    0.00    0.00    2.00    19  qemu-system-aar
22:45:41     1000         -   1823138    0.00    0.00    0.00    0.00    0.00    19  |__qemu-system-aar
22:45:41     1000         -   1823144    0.00    0.00    0.00    0.00    0.00    12  |__call_rcu
22:45:41     1000         -   1823153    0.00    1.00    0.00    0.00    1.00    20  |__CPU 0/TCG
22:45:42     1000   1823138         -    1.00    0.00    0.00    0.00    1.00    19  qemu-system-aar
22:45:42     1000         -   1823138    0.00    0.00    0.00    0.00    0.00    19  |__qemu-system-aar
22:45:42     1000         -   1823144    0.00    0.00    0.00    0.00    0.00    12  |__call_rcu
22:45:42     1000         -   1823153    1.00    0.00    0.00    0.00    1.00    20  |__CPU 0/TCG
22:45:43     1000   1823138         -    2.00    1.00    0.00    0.00    3.00    21  qemu-system-aar
22:45:43     1000         -   1823138    1.00    1.00    0.00    0.00    2.00    21  |__qemu-system-aar
22:45:43     1000         -   1823144    0.00    0.00    0.00    0.00    0.00    12  |__call_rcu
22:45:43     1000         -   1823153    1.00    0.00    0.00    0.00    1.00    20  |__CPU 0/TCG
22:45:44     1000   1823138         -    1.00    0.00    0.00    0.00    1.00    21  qemu-system-aar
22:45:44     1000         -   1823138    0.00    0.00    0.00    0.00    0.00    21  |__qemu-system-aar
22:45:44     1000         -   1823144    0.00    0.00    0.00    0.00    0.00    12  |__call_rcu
22:45:44     1000         -   1823153    1.00    0.00    0.00    0.00    1.00    22  |__CPU 0/TCG
22:45:45     1000   1823138         -    1.00    1.00    0.00    0.00    2.00    19  qemu-system-aar
22:45:45     1000         -   1823138    0.00    0.00    0.00    0.00    0.00    19  |__qemu-system-aar
22:45:45     1000         -   1823144    0.00    0.00    0.00    0.00    0.00    12  |__call_rcu
22:45:45     1000         -   1823153    0.00    0.00    0.00    0.00    0.00    20  |__CPU 0/TCG
22:45:46     1000   1823138         -    1.00    0.00    0.00    0.00    1.00    21  qemu-system-aar
22:45:46     1000         -   1823138    1.00    1.00    0.00    0.00    2.00    21  |__qemu-system-aar
22:45:46     1000         -   1823144    0.00    0.00    0.00    0.00    0.00    12  |__call_rcu
22:45:46     1000         -   1823153    1.00    0.00    0.00    0.00    1.00    23  |__CPU 0/TCG
22:45:47     1000   1823138         -    1.00    0.00    0.00    0.00    1.00    21  qemu-system-aar
22:45:47     1000         -   1823138    0.00    0.00    0.00    0.00    0.00    21  |__qemu-system-aar
22:45:47     1000         -   1823144    0.00    0.00    0.00    0.00    0.00    12  |__call_rcu
22:45:47     1000         -   1823153    1.00    0.00    0.00    0.00    1.00    23  |__CPU 0/TCG
22:45:48     1000   1823138         -    1.00    1.00    0.00    0.00    2.00    21  qemu-system-aar
22:45:48     1000         -   1823138    0.00    1.00    0.00    0.00    1.00    21  |__qemu-system-aar
22:45:48     1000         -   1823144    0.00    0.00    0.00    0.00    0.00    12  |__call_rcu
22:45:48     1000         -   1823153    1.00    0.00    0.00    0.00    1.00    23  |__CPU 0/TCG
22:45:49     1000   1823138         -    1.00    0.00    0.00    0.00    1.00    21  qemu-system-aar
22:45:49     1000         -   1823138    0.00    0.00    0.00    0.00    0.00    21  |__qemu-system-aar
22:45:49     1000         -   1823144    0.00    0.00    0.00    0.00    0.00    12  |__call_rcu
22:45:49     1000         -   1823153    0.00    0.00    0.00    0.00    0.00    20  |__CPU 0/TCG
22:45:50     1000   1823138         -    1.00    1.00    0.00    0.00    2.00    21  qemu-system-aar
22:45:50     1000         -   1823138    1.00    0.00    0.00    0.00    1.00    21  |__qemu-system-aar
22:45:50     1000         -   1823144    0.00    0.00    0.00    0.00    0.00    12  |__call_rcu
22:45:50     1000         -   1823153    1.00    0.00    0.00    0.00    1.00    23  |__CPU 0/TCG
22:45:51     1000   1823138         -    1.00    0.00    0.00    0.00    1.00    21  qemu-system-aar
22:45:51     1000         -   1823138    0.00    1.00    0.00    0.00    1.00    21  |__qemu-system-aar
22:45:51     1000         -   1823144    0.00    0.00    0.00    0.00    0.00    12  |__call_rcu
22:45:51     1000         -   1823153    1.00    0.00    0.00    0.00    1.00    19  |__CPU 0/TCG
22:45:52     1000   1823138         -    1.00    0.00    0.00    0.00    1.00    19  qemu-system-aar
22:45:52     1000         -   1823138    0.00    0.00    0.00    0.00    0.00    19  |__qemu-system-aar
22:45:52     1000         -   1823144    0.00    0.00    0.00    0.00    0.00    12  |__call_rcu
22:45:52     1000         -   1823153    1.00    1.00    0.00    0.00    2.00    20  |__CPU 0/TCG
22:45:53     1000   1823138         -    2.00    1.00    0.00    0.00    3.00    19  qemu-system-aar
22:45:53     1000         -   1823138    1.00    0.00    0.00    0.00    1.00    19  |__qemu-system-aar
22:45:53     1000         -   1823144    0.00    0.00    0.00    0.00    0.00    12  |__call_rcu
22:45:53     1000         -   1823153    1.00    0.00    0.00    0.00    1.00    23  |__CPU 0/TCG
22:45:54     1000   1823138         -    1.00    0.00    0.00    0.00    1.00    19  qemu-system-aar
22:45:54     1000         -   1823138    0.00    1.00    0.00    0.00    1.00    19  |__qemu-system-aar
22:45:54     1000         -   1823144    0.00    0.00    0.00    0.00    0.00    12  |__call_rcu
22:45:54     1000         -   1823153    0.00    0.00    0.00    0.00    0.00    23  |__CPU 0/TCG
22:45:55     1000   1823138         -    1.00    1.00    0.00    0.00    2.00    21  qemu-system-aar
22:45:55     1000         -   1823138    0.00    0.00    0.00    0.00    0.00    21  |__qemu-system-aar
22:45:55     1000         -   1823144    0.00    0.00    0.00    0.00    0.00    12  |__call_rcu
22:45:55     1000         -   1823153    1.00    0.00    0.00    0.00    1.00    19  |__CPU 0/TCG
22:45:56     1000   1823138         -    1.00    0.00    0.00    0.00    1.00    21  qemu-system-aar
22:45:56     1000         -   1823138    0.00    0.00    0.00    0.00    0.00    21  |__qemu-system-aar
22:45:56     1000         -   1823144    0.00    0.00    0.00    0.00    0.00    12  |__call_rcu
22:45:56     1000         -   1823153    1.00    0.00    0.00    0.00    1.00    19  |__CPU 0/TCG
22:45:57     1000   1823138         -    1.00    1.00    0.00    0.00    2.00    21  qemu-system-aar
22:45:57     1000         -   1823138    1.00    1.00    0.00    0.00    2.00    21  |__qemu-system-aar
22:45:57     1000         -   1823144    0.00    0.00    0.00    0.00    0.00    12  |__call_rcu
22:45:57     1000         -   1823153    1.00    0.00    0.00    0.00    1.00    23  |__CPU 0/TCG
22:45:58     1000   1823138         -    1.00    0.00    0.00    0.00    1.00    21  qemu-system-aar
22:45:58     1000         -   1823138    0.00    0.00    0.00    0.00    0.00    21  |__qemu-system-aar
22:45:58     1000         -   1823144    0.00    0.00    0.00    0.00    0.00    12  |__call_rcu
22:45:58     1000         -   1823153    0.00    0.00    0.00    0.00    0.00    23  |__CPU 0/TCG
22:45:59     1000   1823138         -    1.00    0.00    0.00    0.00    1.00    19  qemu-system-aar
22:45:59     1000         -   1823138    0.00    1.00    0.00    0.00    1.00    19  |__qemu-system-aar
22:45:59     1000         -   1823144    0.00    0.00    0.00    0.00    0.00    12  |__call_rcu
22:45:59     1000         -   1823153    1.00    0.00    0.00    0.00    1.00    22  |__CPU 0/TCG
22:46:00     1000   1823138         -    1.00    1.00    0.00    0.00    2.00    21  qemu-system-aar
22:46:00     1000         -   1823138    1.00    0.00    0.00    0.00    1.00    21  |__qemu-system-aar
22:46:00     1000         -   1823144    0.00    0.00    0.00    0.00    0.00    12  |__call_rcu
22:46:00     1000         -   1823153    1.00    0.00    0.00    0.00    1.00    22  |__CPU 0/TCG
22:46:01     1000   1823138         -    1.00    0.00    0.00    0.00    1.00    19  qemu-system-aar
22:46:01     1000         -   1823138    0.00    0.00    0.00    0.00    0.00    19  |__qemu-system-aar
22:46:01     1000         -   1823144    0.00    0.00    0.00    0.00    0.00    12  |__call_rcu
22:46:01     1000         -   1823153    1.00    0.00    0.00    0.00    1.00    22  |__CPU 0/TCG
22:46:02     1000   1823138         -    1.00    1.00    0.00    0.00    2.00    19  qemu-system-aar
22:46:02     1000         -   1823138    0.00    1.00    0.00    0.00    1.00    19  |__qemu-system-aar
22:46:02     1000         -   1823144    0.00    0.00    0.00    0.00    0.00    12  |__call_rcu
22:46:02     1000         -   1823153    1.00    1.00    0.00    0.00    2.00    21  |__CPU 0/TCG
22:46:03     1000   1823138         -    2.00    0.00    0.00    0.00    2.00    19  qemu-system-aar
22:46:03     1000         -   1823138    0.00    0.00    0.00    0.00    0.00    19  |__qemu-system-aar
22:46:03     1000         -   1823144    0.00    0.00    0.00    0.00    0.00    12  |__call_rcu
22:46:03     1000         -   1823153    0.00    0.00    0.00    0.00    0.00    21  |__CPU 0/TCG
22:46:04     1000   1823138         -    1.00    0.00    0.00    0.00    1.00    22  qemu-system-aar
22:46:04     1000         -   1823138    1.00    0.00    0.00    0.00    1.00    22  |__qemu-system-aar
22:46:04     1000         -   1823144    0.00    0.00    0.00    0.00    0.00    12  |__call_rcu
22:46:04     1000         -   1823153    1.00    0.00    0.00    0.00    1.00     0  |__CPU 0/TCG
22:46:05     1000   1823138         -    1.00    1.00    0.00    0.00    2.00    21  qemu-system-aar
22:46:05     1000         -   1823138    0.00    1.00    0.00    0.00    1.00    21  |__qemu-system-aar
22:46:05     1000         -   1823144    0.00    0.00    0.00    0.00    0.00    12  |__call_rcu
22:46:05     1000         -   1823153    1.00    0.00    0.00    0.00    1.00    23  |__CPU 0/TCG
22:46:06     1000   1823138         -    1.00    0.00    0.00    0.00    1.00    22  qemu-system-aar
22:46:06     1000         -   1823138    0.00    0.00    0.00    0.00    0.00    22  |__qemu-system-aar
22:46:06     1000         -   1823144    0.00    0.00    0.00    0.00    0.00    12  |__call_rcu
22:46:06     1000         -   1823153    1.00    0.00    0.00    0.00    1.00    21  |__CPU 0/TCG
22:46:07     1000   1823138         -    1.00    1.00    0.00    0.00    2.00    22  qemu-system-aar
22:46:07     1000         -   1823138    1.00    1.00    0.00    0.00    2.00    22  |__qemu-system-aar
22:46:07     1000         -   1823144    0.00    0.00    0.00    0.00    0.00    12  |__call_rcu
22:46:07     1000         -   1823153    0.00    0.00    0.00    0.00    0.00    23  |__CPU 0/TCG
22:46:08     1000   1823138         -    1.00    0.00    0.00    0.00    1.00    21  qemu-system-aar
22:46:08     1000         -   1823138    0.00    0.00    0.00    0.00    0.00    21  |__qemu-system-aar
22:46:08     1000         -   1823144    0.00    0.00    0.00    0.00    0.00    12  |__call_rcu
22:46:08     1000         -   1823153    1.00    0.00    0.00    0.00    1.00    23  |__CPU 0/TCG
22:46:09     1000   1823138         -    1.00    1.00    0.00    0.00    2.00    21  qemu-system-aar
22:46:09     1000         -   1823138    0.00    0.00    0.00    0.00    0.00    21  |__qemu-system-aar
22:46:09     1000         -   1823144    0.00    0.00    0.00    0.00    0.00    12  |__call_rcu
22:46:09     1000         -   1823153    1.00    0.00    0.00    0.00    1.00    23  |__CPU 0/TCG
22:46:10     1000   1823138         -    1.00    0.00    0.00    0.00    1.00    21  qemu-system-aar
22:46:10     1000         -   1823138    0.00    1.00    0.00    0.00    1.00    21  |__qemu-system-aar
22:46:10     1000         -   1823144    0.00    0.00    0.00    0.00    0.00    12  |__call_rcu
22:46:10     1000         -   1823153    1.00    0.00    0.00    0.00    1.00    23  |__CPU 0/TCG
22:46:11     1000   1823138         -    1.00    0.00    0.00    0.00    1.00    21  qemu-system-aar
22:46:11     1000         -   1823138    1.00    0.00    0.00    0.00    1.00    21  |__qemu-system-aar
22:46:11     1000         -   1823144    0.00    0.00    0.00    0.00    0.00    12  |__call_rcu
22:46:11     1000         -   1823153    0.00    0.00    0.00    0.00    0.00    22  |__CPU 0/TCG
22:46:12     1000   1823138         -    2.00    1.00    0.00    0.00    3.00    21  qemu-system-aar
22:46:12     1000         -   1823138    0.00    0.00    0.00    0.00    0.00    21  |__qemu-system-aar
22:46:12     1000         -   1823144    0.00    0.00    0.00    0.00    0.00    12  |__call_rcu
22:46:12     1000         -   1823153    1.00    1.00    0.00    0.00    2.00    22  |__CPU 0/TCG
22:46:13     1000   1823138         -    1.00    0.00    0.00    0.00    1.00    22  qemu-system-aar
22:46:13     1000         -   1823138    0.00    1.00    0.00    0.00    1.00    22  |__qemu-system-aar
22:46:13     1000         -   1823144    0.00    0.00    0.00    0.00    0.00    12  |__call_rcu
22:46:13     1000         -   1823153    1.00    0.00    0.00    0.00    1.00    23  |__CPU 0/TCG
22:46:14     1000   1823138         -    1.00    1.00    0.00    0.00    2.00    22  qemu-system-aar
22:46:14     1000         -   1823138    1.00    0.00    0.00    0.00    1.00    22  |__qemu-system-aar
22:46:14     1000         -   1823144    0.00    0.00    0.00    0.00    0.00    12  |__call_rcu
22:46:14     1000         -   1823153    1.00    0.00    0.00    0.00    1.00     0  |__CPU 0/TCG
22:46:15     1000   1823138         -    1.00    0.00    0.00    0.00    1.00    22  qemu-system-aar
22:46:15     1000         -   1823138    0.00    1.00    0.00    0.00    1.00    22  |__qemu-system-aar
22:46:15     1000         -   1823144    0.00    0.00    0.00    0.00    0.00    12  |__call_rcu
22:46:15     1000         -   1823153    1.00    0.00    0.00    0.00    1.00    23  |__CPU 0/TCG
22:46:16     1000   1823138         -    1.00    0.00    0.00    0.00    1.00    22  qemu-system-aar
22:46:16     1000         -   1823138    0.00    0.00    0.00    0.00    0.00    22  |__qemu-system-aar
22:46:16     1000         -   1823144    0.00    0.00    0.00    0.00    0.00    12  |__call_rcu
22:46:16     1000         -   1823153    0.00    0.00    0.00    0.00    0.00    23  |__CPU 0/TCG
22:46:17     1000   1823138         -    1.00    1.00    0.00    0.00    2.00    22  qemu-system-aar
22:46:17     1000         -   1823138    0.00    0.00    0.00    0.00    0.00    22  |__qemu-system-aar
22:46:17     1000         -   1823144    0.00    0.00    0.00    0.00    0.00    12  |__call_rcu
22:46:17     1000         -   1823153    1.00    0.00    0.00    0.00    1.00    23  |__CPU 0/TCG
22:46:18     1000   1823138         -    1.00    0.00    0.00    0.00    1.00    21  qemu-system-aar
22:46:18     1000         -   1823138    1.00    1.00    0.00    0.00    2.00    21  |__qemu-system-aar
22:46:18     1000         -   1823144    0.00    0.00    0.00    0.00    0.00    12  |__call_rcu
22:46:18     1000         -   1823153    1.00    0.00    0.00    0.00    1.00    23  |__CPU 0/TCG
22:46:19     1000   1823138         -    1.00    1.00    0.00    0.00    2.00    21  qemu-system-aar
22:46:19     1000         -   1823138    0.00    0.00    0.00    0.00    0.00    21  |__qemu-system-aar
22:46:19     1000         -   1823144    0.00    0.00    0.00    0.00    0.00    12  |__call_rcu
22:46:19     1000         -   1823153    1.00    0.00    0.00    0.00    1.00    22  |__CPU 0/TCG
22:46:20     1000   1823138         -    1.00    0.00    0.00    0.00    1.00    21  qemu-system-aar
22:46:20     1000         -   1823138    0.00    0.00    0.00    0.00    0.00    21  |__qemu-system-aar
22:46:20     1000         -   1823144    0.00    0.00    0.00    0.00    0.00    12  |__call_rcu
22:46:20     1000         -   1823153    0.00    0.00    0.00    0.00    0.00    22  |__CPU 0/TCG
22:46:21     1000   1823138         -    1.00    1.00    0.00    0.00    2.00    21  qemu-system-aar
22:46:21     1000         -   1823138    1.00    1.00    0.00    0.00    2.00    21  |__qemu-system-aar
22:46:21     1000         -   1823144    0.00    0.00    0.00    0.00    0.00    12  |__call_rcu
22:46:21     1000         -   1823153    1.00    0.00    0.00    0.00    1.00    23  |__CPU 0/TCG
22:46:22     1000   1823138         -    2.00    0.00    0.00    0.00    2.00    21  qemu-system-aar
22:46:22     1000         -   1823138    0.00    0.00    0.00    0.00    0.00    21  |__qemu-system-aar
22:46:22     1000         -   1823144    0.00    0.00    0.00    0.00    0.00    12  |__call_rcu
22:46:22     1000         -   1823153    1.00    1.00    0.00    0.00    2.00    23  |__CPU 0/TCG
22:46:23     1000   1823138         -    1.00    0.00    0.00    0.00    1.00    22  qemu-system-aar
22:46:23     1000         -   1823138    0.00    1.00    0.00    0.00    1.00    22  |__qemu-system-aar
22:46:23     1000         -   1823144    0.00    0.00    0.00    0.00    0.00    12  |__call_rcu
22:46:23     1000         -   1823153    1.00    0.00    0.00    0.00    1.00    21  |__CPU 0/TCG
22:46:24     1000   1823138         -    1.00    1.00    0.00    0.00    2.00    22  qemu-system-aar
22:46:24     1000         -   1823138    0.00    0.00    0.00    0.00    0.00    22  |__qemu-system-aar
22:46:24     1000         -   1823144    0.00    0.00    0.00    0.00    0.00    12  |__call_rcu
22:46:24     1000         -   1823153    0.00    0.00    0.00    0.00    0.00    23  |__CPU 0/TCG
22:46:25     1000   1823138         -    1.00    0.00    0.00    0.00    1.00    21  qemu-system-aar
22:46:25     1000         -   1823138    1.00    0.00    0.00    0.00    1.00    21  |__qemu-system-aar
22:46:25     1000         -   1823144    0.00    0.00    0.00    0.00    0.00    12  |__call_rcu
22:46:25     1000         -   1823153    1.00    0.00    0.00    1.00    1.00    22  |__CPU 0/TCG
22:46:26     1000   1823138         -    1.00    1.00    0.00    0.00    2.00    22  qemu-system-aar
22:46:26     1000         -   1823138    0.00    1.00    0.00    0.00    1.00    22  |__qemu-system-aar
22:46:26     1000         -   1823144    0.00    0.00    0.00    0.00    0.00    12  |__call_rcu
22:46:26     1000         -   1823153    1.00    0.00    0.00    0.00    1.00    23  |__CPU 0/TCG
22:46:27     1000   1823138         -    1.00    0.00    0.00    0.00    1.00    22  qemu-system-aar
22:46:27     1000         -   1823138    0.00    0.00    0.00    0.00    0.00    22  |__qemu-system-aar
22:46:27     1000         -   1823144    0.00    0.00    0.00    0.00    0.00    12  |__call_rcu
22:46:27     1000         -   1823153    1.00    0.00    0.00    0.00    1.00    23  |__CPU 0/TCG
22:46:28     1000   1823138         -    1.00    0.00    0.00    0.00    1.00    21  qemu-system-aar
22:46:28     1000         -   1823138    1.00    0.00    0.00    0.00    1.00    21  |__qemu-system-aar
22:46:28     1000         -   1823144    0.00    0.00    0.00    0.00    0.00    12  |__call_rcu
22:46:28     1000         -   1823153    0.00    0.00    0.00    0.00    0.00    23  |__CPU 0/TCG
22:46:29     1000   1823138         -   92.00    0.00    0.00    0.00   92.00    21  qemu-system-aar
22:46:29     1000         -   1823138    0.00    1.00    0.00    0.00    1.00    21  |__qemu-system-aar
22:46:29     1000         -   1823144    0.00    0.00    0.00    0.00    0.00    12  |__call_rcu
22:46:29     1000         -   1823153   91.00    0.00    0.00    0.00   91.00     0  |__CPU 0/TCG
