Linux 6.17.0-40-generic (9950x) 	08/15/26 	_x86_64_	(32 CPU)

# Time        UID      TGID       TID    %usr %system  %guest   %wait    %CPU   CPU  Command
22:33:15     1000   1755190         -    4.00    0.00    0.00    0.00    4.00     8  qemu-system-aar
22:33:15     1000         -   1755190    1.00    0.00    0.00    0.00    1.00     8  |__qemu-system-aar
22:33:15     1000         -   1755197    0.00    0.00    0.00    0.00    0.00     9  |__call_rcu
22:33:15     1000         -   1755206    3.00    0.00    0.00    0.00    3.00    11  |__CPU 0/TCG
22:33:16     1000   1755190         -    2.00    0.00    0.00    0.00    2.00     9  qemu-system-aar
22:33:16     1000         -   1755190    1.00    0.00    0.00    0.00    1.00     9  |__qemu-system-aar
22:33:16     1000         -   1755197    0.00    0.00    0.00    0.00    0.00     9  |__call_rcu
22:33:16     1000         -   1755206    0.00    0.00    0.00    0.00    0.00    10  |__CPU 0/TCG
22:33:17     1000   1755190         -    1.00    0.00    0.00    0.00    1.00     8  qemu-system-aar
22:33:17     1000         -   1755190    0.00    0.00    0.00    0.00    0.00     8  |__qemu-system-aar
22:33:17     1000         -   1755197    0.00    0.00    0.00    0.00    0.00     9  |__call_rcu
22:33:17     1000         -   1755206    1.00    0.00    0.00    0.00    1.00     9  |__CPU 0/TCG
22:33:18     1000   1755190         -    1.00    1.00    0.00    0.00    2.00     8  qemu-system-aar
22:33:18     1000         -   1755190    1.00    0.00    0.00    0.00    1.00     8  |__qemu-system-aar
22:33:18     1000         -   1755197    0.00    0.00    0.00    0.00    0.00     9  |__call_rcu
22:33:18     1000         -   1755206    1.00    0.00    0.00    0.00    1.00    12  |__CPU 0/TCG
22:33:19     1000   1755190         -    2.00    0.00    0.00    0.00    2.00     8  qemu-system-aar
22:33:19     1000         -   1755190    0.00    0.00    0.00    0.00    0.00     8  |__qemu-system-aar
22:33:19     1000         -   1755197    0.00    0.00    0.00    0.00    0.00     9  |__call_rcu
22:33:19     1000         -   1755206    1.00    0.00    0.00    0.00    1.00    11  |__CPU 0/TCG
22:33:20     1000   1755190         -    1.00    0.00    0.00    0.00    1.00    10  qemu-system-aar
22:33:20     1000         -   1755190    1.00    0.00    0.00    0.00    1.00    10  |__qemu-system-aar
22:33:20     1000         -   1755197    0.00    0.00    0.00    0.00    0.00     9  |__call_rcu
22:33:20     1000         -   1755206    1.00    0.00    0.00    0.00    1.00    11  |__CPU 0/TCG
22:33:21     1000   1755190         -    2.00    0.00    0.00    0.00    2.00    10  qemu-system-aar
22:33:21     1000         -   1755190    0.00    1.00    0.00    0.00    1.00    10  |__qemu-system-aar
22:33:21     1000         -   1755197    0.00    0.00    0.00    0.00    0.00     9  |__call_rcu
22:33:21     1000         -   1755206    1.00    0.00    0.00    0.00    1.00    12  |__CPU 0/TCG
22:33:22     1000   1755190         -    1.00    0.00    0.00    0.00    1.00    10  qemu-system-aar
22:33:22     1000         -   1755190    1.00    0.00    0.00    0.00    1.00    10  |__qemu-system-aar
22:33:22     1000         -   1755197    0.00    0.00    0.00    0.00    0.00     9  |__call_rcu
22:33:22     1000         -   1755206    0.00    0.00    0.00    0.00    0.00    11  |__CPU 0/TCG
22:33:23     1000   1755190         -    2.00    0.00    0.00    0.00    2.00    10  qemu-system-aar
22:33:23     1000         -   1755190    1.00    0.00    0.00    0.00    1.00    10  |__qemu-system-aar
22:33:23     1000         -   1755197    0.00    0.00    0.00    0.00    0.00     9  |__call_rcu
22:33:23     1000         -   1755206    1.00    0.00    0.00    0.00    1.00    12  |__CPU 0/TCG
22:33:24     1000   1755190         -    1.00    1.00    0.00    0.00    2.00    10  qemu-system-aar
22:33:24     1000         -   1755190    0.00    0.00    0.00    0.00    0.00    10  |__qemu-system-aar
22:33:24     1000         -   1755197    0.00    0.00    0.00    0.00    0.00     9  |__call_rcu
22:33:24     1000         -   1755206    1.00    0.00    0.00    0.00    1.00    13  |__CPU 0/TCG
22:33:25     1000   1755190         -    1.00    0.00    0.00    0.00    1.00    10  qemu-system-aar
22:33:25     1000         -   1755190    1.00    0.00    0.00    0.00    1.00    10  |__qemu-system-aar
22:33:25     1000         -   1755197    0.00    0.00    0.00    0.00    0.00     9  |__call_rcu
22:33:25     1000         -   1755206    1.00    0.00    0.00    0.00    1.00    13  |__CPU 0/TCG
22:33:26     1000   1755190         -    2.00    0.00    0.00    0.00    2.00    11  qemu-system-aar
22:33:26     1000         -   1755190    0.00    0.00    0.00    0.00    0.00    11  |__qemu-system-aar
22:33:26     1000         -   1755197    0.00    0.00    0.00    0.00    0.00     9  |__call_rcu
22:33:26     1000         -   1755206    1.00    1.00    0.00    0.00    2.00    13  |__CPU 0/TCG
22:33:27     1000   1755190         -    1.00    0.00    0.00    0.00    1.00    11  qemu-system-aar
22:33:27     1000         -   1755190    1.00    0.00    0.00    0.00    1.00    11  |__qemu-system-aar
22:33:27     1000         -   1755197    0.00    0.00    0.00    0.00    0.00     9  |__call_rcu
22:33:27     1000         -   1755206    0.00    0.00    0.00    0.00    0.00    12  |__CPU 0/TCG
22:33:28     1000   1755190         -    1.00    0.00    0.00    0.00    1.00    10  qemu-system-aar
22:33:28     1000         -   1755190    0.00    0.00    0.00    0.00    0.00    10  |__qemu-system-aar
22:33:28     1000         -   1755197    0.00    0.00    0.00    0.00    0.00     9  |__call_rcu
22:33:28     1000         -   1755206    1.00    0.00    0.00    0.00    1.00    13  |__CPU 0/TCG
22:33:29     1000   1755190         -    2.00    0.00    0.00    0.00    2.00    10  qemu-system-aar
22:33:29     1000         -   1755190    1.00    1.00    0.00    0.00    2.00    10  |__qemu-system-aar
22:33:29     1000         -   1755197    0.00    0.00    0.00    0.00    0.00     9  |__call_rcu
22:33:29     1000         -   1755206    1.00    0.00    0.00    0.00    1.00    13  |__CPU 0/TCG
22:33:30     1000   1755190         -    1.00    1.00    0.00    0.00    2.00    11  qemu-system-aar
22:33:30     1000         -   1755190    0.00    0.00    0.00    0.00    0.00    11  |__qemu-system-aar
22:33:30     1000         -   1755197    0.00    0.00    0.00    0.00    0.00     9  |__call_rcu
22:33:30     1000         -   1755206    1.00    0.00    0.00    0.00    1.00    13  |__CPU 0/TCG
22:33:31     1000   1755190         -    2.00    0.00    0.00    0.00    2.00    11  qemu-system-aar
22:33:31     1000         -   1755190    1.00    0.00    0.00    0.00    1.00    11  |__qemu-system-aar
22:33:31     1000         -   1755197    0.00    0.00    0.00    0.00    0.00     9  |__call_rcu
22:33:31     1000         -   1755206    1.00    0.00    0.00    0.00    1.00    14  |__CPU 0/TCG
22:33:32     1000   1755190         -    1.00    0.00    0.00    0.00    1.00    11  qemu-system-aar
22:33:32     1000         -   1755190    1.00    0.00    0.00    0.00    1.00    11  |__qemu-system-aar
22:33:32     1000         -   1755197    0.00    0.00    0.00    0.00    0.00     9  |__call_rcu
22:33:32     1000         -   1755206    0.00    0.00    0.00    0.00    0.00    13  |__CPU 0/TCG
22:33:33     1000   1755190         -    1.00    0.00    0.00    0.00    1.00    10  qemu-system-aar
22:33:33     1000         -   1755190    0.00    0.00    0.00    0.00    0.00    10  |__qemu-system-aar
22:33:33     1000         -   1755197    0.00    0.00    0.00    0.00    0.00     9  |__call_rcu
22:33:33     1000         -   1755206    1.00    0.00    0.00    0.00    1.00    13  |__CPU 0/TCG
22:33:34     1000   1755190         -    2.00    0.00    0.00    0.00    2.00    10  qemu-system-aar
22:33:34     1000         -   1755190    1.00    0.00    0.00    0.00    1.00    10  |__qemu-system-aar
22:33:34     1000         -   1755197    0.00    0.00    0.00    0.00    0.00     9  |__call_rcu
22:33:34     1000         -   1755206    1.00    0.00    0.00    0.00    1.00    13  |__CPU 0/TCG
22:33:35     1000   1755190         -    1.00    0.00    0.00    0.00    1.00    11  qemu-system-aar
22:33:35     1000         -   1755190    0.00    0.00    0.00    0.00    0.00    11  |__qemu-system-aar
22:33:35     1000         -   1755197    0.00    0.00    0.00    0.00    0.00     9  |__call_rcu
22:33:35     1000         -   1755206    1.00    0.00    0.00    0.00    1.00    14  |__CPU 0/TCG
22:33:36     1000   1755190         -    1.00    0.00    0.00    0.00    1.00    11  qemu-system-aar
22:33:36     1000         -   1755190    1.00    0.00    0.00    0.00    1.00    11  |__qemu-system-aar
22:33:36     1000         -   1755197    0.00    0.00    0.00    0.00    0.00     9  |__call_rcu
22:33:36     1000         -   1755206    1.00    0.00    0.00    0.00    1.00    13  |__CPU 0/TCG
22:33:37     1000   1755190         -    2.00    1.00    0.00    0.00    3.00    11  qemu-system-aar
22:33:37     1000         -   1755190    0.00    1.00    0.00    0.00    1.00    11  |__qemu-system-aar
22:33:37     1000         -   1755197    0.00    0.00    0.00    0.00    0.00     9  |__call_rcu
22:33:37     1000         -   1755206    0.00    0.00    0.00    0.00    0.00    14  |__CPU 0/TCG
22:33:38     1000   1755190         -    1.00    0.00    0.00    0.00    1.00    10  qemu-system-aar
22:33:38     1000         -   1755190    1.00    0.00    0.00    0.00    1.00    10  |__qemu-system-aar
22:33:38     1000         -   1755197    0.00    0.00    0.00    0.00    0.00     9  |__call_rcu
22:33:38     1000         -   1755206    1.00    0.00    0.00    0.00    1.00    13  |__CPU 0/TCG
22:33:39     1000   1755190         -    2.00    0.00    0.00    0.00    2.00    10  qemu-system-aar
22:33:39     1000         -   1755190    0.00    0.00    0.00    0.00    0.00    10  |__qemu-system-aar
22:33:39     1000         -   1755197    0.00    0.00    0.00    0.00    0.00     9  |__call_rcu
22:33:39     1000         -   1755206    1.00    0.00    0.00    0.00    1.00    13  |__CPU 0/TCG
22:33:40     1000   1755190         -    1.00    0.00    0.00    0.00    1.00    10  qemu-system-aar
22:33:40     1000         -   1755190    1.00    0.00    0.00    0.00    1.00    10  |__qemu-system-aar
22:33:40     1000         -   1755197    0.00    0.00    0.00    0.00    0.00     9  |__call_rcu
22:33:40     1000         -   1755206    1.00    0.00    0.00    0.00    1.00    14  |__CPU 0/TCG
22:33:41     1000   1755190         -    1.00    0.00    0.00    0.00    1.00    11  qemu-system-aar
22:33:41     1000         -   1755190    0.00    0.00    0.00    0.00    0.00    11  |__qemu-system-aar
22:33:41     1000         -   1755197    0.00    0.00    0.00    0.00    0.00     9  |__call_rcu
22:33:41     1000         -   1755206    1.00    1.00    0.00    0.00    2.00    14  |__CPU 0/TCG
22:33:42     1000   1755190         -    2.00    0.00    0.00    0.00    2.00    10  qemu-system-aar
22:33:42     1000         -   1755190    1.00    0.00    0.00    0.00    1.00    10  |__qemu-system-aar
22:33:42     1000         -   1755197    0.00    0.00    0.00    0.00    0.00     9  |__call_rcu
22:33:42     1000         -   1755206    0.00    0.00    0.00    0.00    0.00    14  |__CPU 0/TCG
22:33:43     1000   1755190         -    1.00    1.00    0.00    0.00    2.00    10  qemu-system-aar
22:33:43     1000         -   1755190    1.00    0.00    0.00    0.00    1.00    10  |__qemu-system-aar
22:33:43     1000         -   1755197    0.00    0.00    0.00    0.00    0.00     9  |__call_rcu
22:33:43     1000         -   1755206    1.00    0.00    0.00    0.00    1.00    13  |__CPU 0/TCG
22:33:44     1000   1755190         -    2.00    0.00    0.00    0.00    2.00    13  qemu-system-aar
22:33:44     1000         -   1755190    0.00    0.00    0.00    0.00    0.00    13  |__qemu-system-aar
22:33:44     1000         -   1755197    0.00    0.00    0.00    0.00    0.00     9  |__call_rcu
22:33:44     1000         -   1755206    1.00    0.00    0.00    0.00    1.00    14  |__CPU 0/TCG
22:33:45     1000   1755190         -    1.00    0.00    0.00    0.00    1.00    10  qemu-system-aar
22:33:45     1000         -   1755190    1.00    1.00    0.00    0.00    2.00    10  |__qemu-system-aar
22:33:45     1000         -   1755197    0.00    0.00    0.00    0.00    0.00     9  |__call_rcu
22:33:45     1000         -   1755206    1.00    0.00    0.00    0.00    1.00    15  |__CPU 0/TCG
22:33:46     1000   1755190         -    1.00    0.00    0.00    0.00    1.00    13  qemu-system-aar
22:33:46     1000         -   1755190    0.00    0.00    0.00    0.00    0.00    13  |__qemu-system-aar
22:33:46     1000         -   1755197    0.00    0.00    0.00    0.00    0.00     9  |__call_rcu
22:33:46     1000         -   1755206    1.00    0.00    0.00    0.00    1.00    14  |__CPU 0/TCG
22:33:47     1000   1755190         -    2.00    0.00    0.00    0.00    2.00    10  qemu-system-aar
22:33:47     1000         -   1755190    1.00    0.00    0.00    0.00    1.00    10  |__qemu-system-aar
22:33:47     1000         -   1755197    0.00    0.00    0.00    0.00    0.00     9  |__call_rcu
22:33:47     1000         -   1755206    1.00    0.00    0.00    0.00    1.00    11  |__CPU 0/TCG
22:33:48     1000   1755190         -    1.00    0.00    0.00    0.00    1.00    13  qemu-system-aar
22:33:48     1000         -   1755190    0.00    0.00    0.00    0.00    0.00    13  |__qemu-system-aar
22:33:48     1000         -   1755197    0.00    0.00    0.00    0.00    0.00     9  |__call_rcu
22:33:48     1000         -   1755206    0.00    0.00    0.00    0.00    0.00    14  |__CPU 0/TCG
22:33:49     1000   1755190         -    2.00    1.00    0.00    0.00    3.00    13  qemu-system-aar
22:33:49     1000         -   1755190    1.00    0.00    0.00    0.00    1.00    13  |__qemu-system-aar
22:33:49     1000         -   1755197    0.00    0.00    0.00    0.00    0.00     9  |__call_rcu
22:33:49     1000         -   1755206    1.00    0.00    0.00    0.00    1.00    12  |__CPU 0/TCG
22:33:50     1000   1755190         -    1.00    0.00    0.00    0.00    1.00    13  qemu-system-aar
22:33:50     1000         -   1755190    1.00    0.00    0.00    0.00    1.00    13  |__qemu-system-aar
22:33:50     1000         -   1755197    0.00    0.00    0.00    0.00    0.00     9  |__call_rcu
22:33:50     1000         -   1755206    1.00    0.00    0.00    0.00    1.00    14  |__CPU 0/TCG
22:33:51     1000   1755190         -    1.00    0.00    0.00    0.00    1.00    13  qemu-system-aar
22:33:51     1000         -   1755190    0.00    0.00    0.00    0.00    0.00    13  |__qemu-system-aar
22:33:51     1000         -   1755197    0.00    0.00    0.00    0.00    0.00     9  |__call_rcu
22:33:51     1000         -   1755206    1.00    0.00    0.00    0.00    1.00    11  |__CPU 0/TCG
22:33:52     1000   1755190         -    2.00    0.00    0.00    0.00    2.00    10  qemu-system-aar
22:33:52     1000         -   1755190    1.00    0.00    0.00    0.00    1.00    10  |__qemu-system-aar
22:33:52     1000         -   1755197    0.00    0.00    0.00    0.00    0.00     9  |__call_rcu
22:33:52     1000         -   1755206    1.00    0.00    0.00    0.00    1.00    11  |__CPU 0/TCG
22:33:53     1000   1755190         -    1.00    0.00    0.00    0.00    1.00    13  qemu-system-aar
22:33:53     1000         -   1755190    0.00    1.00    0.00    0.00    1.00    13  |__qemu-system-aar
22:33:53     1000         -   1755197    0.00    0.00    0.00    0.00    0.00     9  |__call_rcu
22:33:53     1000         -   1755206    0.00    0.00    0.00    0.00    0.00    12  |__CPU 0/TCG
22:33:54     1000   1755190         -    2.00    0.00    0.00    0.00    2.00    13  qemu-system-aar
22:33:54     1000         -   1755190    1.00    0.00    0.00    0.00    1.00    13  |__qemu-system-aar
22:33:54     1000         -   1755197    0.00    0.00    0.00    0.00    0.00     9  |__call_rcu
22:33:54     1000         -   1755206    1.00    0.00    0.00    0.00    1.00    12  |__CPU 0/TCG
22:33:55     1000   1755190         -    1.00    1.00    0.00    0.00    2.00    10  qemu-system-aar
22:33:55     1000         -   1755190    0.00    0.00    0.00    0.00    0.00    10  |__qemu-system-aar
22:33:55     1000         -   1755197    0.00    0.00    0.00    0.00    0.00     9  |__call_rcu
22:33:55     1000         -   1755206    1.00    0.00    0.00    0.00    1.00    12  |__CPU 0/TCG
22:33:56     1000   1755190         -    1.00    0.00    0.00    0.00    1.00    10  qemu-system-aar
22:33:56     1000         -   1755190    1.00    0.00    0.00    0.00    1.00    10  |__qemu-system-aar
22:33:56     1000         -   1755197    0.00    0.00    0.00    0.00    0.00     9  |__call_rcu
22:33:56     1000         -   1755206    1.00    1.00    0.00    0.00    2.00    12  |__CPU 0/TCG
22:33:57     1000   1755190         -    2.00    0.00    0.00    0.00    2.00    10  qemu-system-aar
22:33:57     1000         -   1755190    0.00    0.00    0.00    0.00    0.00    10  |__qemu-system-aar
22:33:57     1000         -   1755197    0.00    0.00    0.00    0.00    0.00     9  |__call_rcu
22:33:57     1000         -   1755206    1.00    0.00    0.00    0.00    1.00    13  |__CPU 0/TCG
22:33:58     1000   1755190         -    1.00    0.00    0.00    0.00    1.00    13  qemu-system-aar
22:33:58     1000         -   1755190    1.00    0.00    0.00    0.00    1.00    13  |__qemu-system-aar
22:33:58     1000         -   1755197    0.00    0.00    0.00    0.00    0.00     9  |__call_rcu
22:33:58     1000         -   1755206    0.00    0.00    0.00    0.00    0.00    14  |__CPU 0/TCG
22:33:59     1000   1755190         -    1.00    0.00    0.00    0.00    1.00    13  qemu-system-aar
22:33:59     1000         -   1755190    0.00    0.00    0.00    0.00    0.00    13  |__qemu-system-aar
22:33:59     1000         -   1755197    0.00    0.00    0.00    0.00    0.00     9  |__call_rcu
22:33:59     1000         -   1755206    1.00    0.00    0.00    0.00    1.00    14  |__CPU 0/TCG
22:34:00     1000   1755190         -    2.00    0.00    0.00    0.00    2.00    10  qemu-system-aar
22:34:00     1000         -   1755190    1.00    0.00    0.00    0.00    1.00    10  |__qemu-system-aar
22:34:00     1000         -   1755197    0.00    0.00    0.00    0.00    0.00     9  |__call_rcu
22:34:00     1000         -   1755206    1.00    0.00    0.00    0.00    1.00    14  |__CPU 0/TCG
22:34:01     1000   1755190         -    1.00    1.00    0.00    0.00    2.00    13  qemu-system-aar
22:34:01     1000         -   1755190    1.00    1.00    0.00    0.00    2.00    13  |__qemu-system-aar
22:34:01     1000         -   1755197    0.00    0.00    0.00    0.00    0.00     9  |__call_rcu
22:34:01     1000         -   1755206    1.00    0.00    0.00    0.00    1.00    14  |__CPU 0/TCG
22:34:02     1000   1755190         -    2.00    0.00    0.00    0.00    2.00    13  qemu-system-aar
22:34:02     1000         -   1755190    0.00    0.00    0.00    0.00    0.00    13  |__qemu-system-aar
22:34:02     1000         -   1755197    0.00    0.00    0.00    0.00    0.00     9  |__call_rcu
22:34:02     1000         -   1755206    1.00    0.00    0.00    0.00    1.00    11  |__CPU 0/TCG
22:34:03     1000   1755190         -    1.00    0.00    0.00    0.00    1.00    11  qemu-system-aar
22:34:03     1000         -   1755190    1.00    0.00    0.00    0.00    1.00    11  |__qemu-system-aar
22:34:03     1000         -   1755197    0.00    0.00    0.00    0.00    0.00     9  |__call_rcu
22:34:03     1000         -   1755206    0.00    0.00    0.00    0.00    0.00    10  |__CPU 0/TCG
22:34:04     1000   1755190         -    1.00    0.00    0.00    0.00    1.00    13  qemu-system-aar
22:34:04     1000         -   1755190    0.00    0.00    0.00    0.00    0.00    13  |__qemu-system-aar
22:34:04     1000         -   1755197    0.00    0.00    0.00    0.00    0.00     9  |__call_rcu
22:34:04     1000         -   1755206    1.00    0.00    0.00    0.00    1.00    10  |__CPU 0/TCG
22:34:05     1000   1755190         -    2.00    0.00    0.00    0.00    2.00    11  qemu-system-aar
22:34:05     1000         -   1755190    1.00    0.00    0.00    0.00    1.00    11  |__qemu-system-aar
22:34:05     1000         -   1755197    0.00    0.00    0.00    0.00    0.00     9  |__call_rcu
22:34:05     1000         -   1755206    1.00    0.00    0.00    0.00    1.00    10  |__CPU 0/TCG
22:34:06     1000   1755190         -    1.00    0.00    0.00    0.00    1.00    13  qemu-system-aar
22:34:06     1000         -   1755190    0.00    0.00    0.00    0.00    0.00    13  |__qemu-system-aar
22:34:06     1000         -   1755197    0.00    0.00    0.00    0.00    0.00     9  |__call_rcu
22:34:06     1000         -   1755206    1.00    0.00    0.00    0.00    1.00    10  |__CPU 0/TCG
22:34:07     1000   1755190         -    1.00    1.00    0.00    0.00    2.00    13  qemu-system-aar
22:34:07     1000         -   1755190    1.00    0.00    0.00    0.00    1.00    13  |__qemu-system-aar
22:34:07     1000         -   1755197    0.00    0.00    0.00    0.00    0.00     9  |__call_rcu
22:34:07     1000         -   1755206    0.00    0.00    0.00    0.00    0.00    12  |__CPU 0/TCG
22:34:08     1000   1755190         -    2.00    0.00    0.00    0.00    2.00    11  qemu-system-aar
22:34:08     1000         -   1755190    0.00    0.00    0.00    0.00    0.00    11  |__qemu-system-aar
22:34:08     1000         -   1755197    0.00    0.00    0.00    0.00    0.00     9  |__call_rcu
22:34:08     1000         -   1755206    1.00    0.00    0.00    0.00    1.00    12  |__CPU 0/TCG
22:34:09     1000   1755190         -    1.00    0.00    0.00    0.00    1.00    11  qemu-system-aar
22:34:09     1000         -   1755190    1.00    1.00    0.00    0.00    2.00    11  |__qemu-system-aar
22:34:09     1000         -   1755197    0.00    0.00    0.00    0.00    0.00     9  |__call_rcu
22:34:09     1000         -   1755206    1.00    0.00    0.00    0.00    1.00    14  |__CPU 0/TCG
22:34:10     1000   1755190         -    1.00    0.00    0.00    0.00    1.00    11  qemu-system-aar
22:34:10     1000         -   1755190    1.00    0.00    0.00    0.00    1.00    11  |__qemu-system-aar
22:34:10     1000         -   1755197    0.00    0.00    0.00    0.00    0.00     9  |__call_rcu
22:34:10     1000         -   1755206    1.00    0.00    0.00    0.00    1.00    14  |__CPU 0/TCG
22:34:11     1000   1755190         -    2.00    0.00    0.00    0.00    2.00    11  qemu-system-aar
22:34:11     1000         -   1755190    0.00    0.00    0.00    0.00    0.00    11  |__qemu-system-aar
22:34:11     1000         -   1755197    0.00    0.00    0.00    0.00    0.00     9  |__call_rcu
22:34:11     1000         -   1755206    1.00    1.00    0.00    0.00    2.00    14  |__CPU 0/TCG
22:34:12     1000   1755190         -    1.00    0.00    0.00    0.00    1.00    13  qemu-system-aar
22:34:12     1000         -   1755190    1.00    0.00    0.00    0.00    1.00    13  |__qemu-system-aar
22:34:12     1000         -   1755197    0.00    0.00    0.00    0.00    0.00     9  |__call_rcu
22:34:12     1000         -   1755206    0.00    0.00    0.00    0.00    0.00    12  |__CPU 0/TCG
22:34:13     1000   1755190         -    2.00    1.00    0.00    0.00    3.00    11  qemu-system-aar
22:34:13     1000         -   1755190    0.00    0.00    0.00    0.00    0.00    11  |__qemu-system-aar
22:34:13     1000         -   1755197    0.00    0.00    0.00    0.00    0.00     9  |__call_rcu
22:34:13     1000         -   1755206    1.00    0.00    0.00    0.00    1.00    14  |__CPU 0/TCG
22:34:14     1000   1755190         -    1.00    0.00    0.00    0.00    1.00    11  qemu-system-aar
22:34:14     1000         -   1755190    1.00    0.00    0.00    0.00    1.00    11  |__qemu-system-aar
22:34:14     1000         -   1755197    0.00    0.00    0.00    0.00    0.00     9  |__call_rcu
22:34:14     1000         -   1755206    1.00    0.00    0.00    0.00    1.00    13  |__CPU 0/TCG
22:34:15     1000   1755190         -    1.00    0.00    0.00    0.00    1.00    11  qemu-system-aar
22:34:15     1000         -   1755190    0.00    0.00    0.00    0.00    0.00    11  |__qemu-system-aar
22:34:15     1000         -   1755197    0.00    0.00    0.00    0.00    0.00     9  |__call_rcu
22:34:15     1000         -   1755206    1.00    0.00    0.00    0.00    1.00    15  |__CPU 0/TCG
22:34:16     1000   1755190         -    2.00    0.00    0.00    0.00    2.00    11  qemu-system-aar
22:34:16     1000         -   1755190    1.00    0.00    0.00    0.00    1.00    11  |__qemu-system-aar
22:34:16     1000         -   1755197    0.00    0.00    0.00    0.00    0.00     9  |__call_rcu
22:34:16     1000         -   1755206    1.00    0.00    0.00    0.00    1.00    15  |__CPU 0/TCG
22:34:17     1000   1755190         -    1.00    0.00    0.00    0.00    1.00    13  qemu-system-aar
22:34:17     1000         -   1755190    0.00    0.00    0.00    0.00    0.00    13  |__qemu-system-aar
22:34:17     1000         -   1755197    0.00    0.00    0.00    0.00    0.00     9  |__call_rcu
22:34:17     1000         -   1755206    0.00    0.00    0.00    0.00    0.00    14  |__CPU 0/TCG
22:34:18     1000   1755190         -    2.00    0.00    0.00    0.00    2.00    11  qemu-system-aar
22:34:18     1000         -   1755190    1.00    1.00    0.00    0.00    2.00    11  |__qemu-system-aar
22:34:18     1000         -   1755197    0.00    0.00    0.00    0.00    0.00     9  |__call_rcu
22:34:18     1000         -   1755206    1.00    0.00    0.00    0.00    1.00    13  |__CPU 0/TCG
22:34:19     1000   1755190         -    1.00    1.00    0.00    0.00    2.00    11  qemu-system-aar
22:34:19     1000         -   1755190    1.00    0.00    0.00    0.00    1.00    11  |__qemu-system-aar
22:34:19     1000         -   1755197    0.00    0.00    0.00    0.00    0.00     9  |__call_rcu
22:34:19     1000         -   1755206    1.00    0.00    0.00    0.00    1.00    12  |__CPU 0/TCG
22:34:20     1000   1755190         -    1.00    0.00    0.00    0.00    1.00    11  qemu-system-aar
22:34:20     1000         -   1755190    0.00    0.00    0.00    0.00    0.00    11  |__qemu-system-aar
22:34:20     1000         -   1755197    0.00    0.00    0.00    0.00    0.00     9  |__call_rcu
22:34:20     1000         -   1755206    1.00    0.00    0.00    0.00    1.00    13  |__CPU 0/TCG
22:34:21     1000   1755190         -    2.00    0.00    0.00    0.00    2.00    13  qemu-system-aar
22:34:21     1000         -   1755190    1.00    0.00    0.00    0.00    1.00    13  |__qemu-system-aar
22:34:21     1000         -   1755197    0.00    0.00    0.00    0.00    0.00     9  |__call_rcu
22:34:21     1000         -   1755206    1.00    0.00    0.00    0.00    1.00    12  |__CPU 0/TCG
22:34:22     1000   1755190         -    1.00    0.00    0.00    0.00    1.00    13  qemu-system-aar
22:34:22     1000         -   1755190    0.00    0.00    0.00    0.00    0.00    13  |__qemu-system-aar
22:34:22     1000         -   1755197    0.00    0.00    0.00    0.00    0.00     9  |__call_rcu
22:34:22     1000         -   1755206    0.00    0.00    0.00    0.00    0.00    14  |__CPU 0/TCG
22:34:23     1000   1755190         -    2.00    0.00    0.00    0.00    2.00    11  qemu-system-aar
22:34:23     1000         -   1755190    1.00    0.00    0.00    0.00    1.00    11  |__qemu-system-aar
22:34:23     1000         -   1755197    0.00    0.00    0.00    0.00    0.00     9  |__call_rcu
22:34:23     1000         -   1755206    1.00    0.00    0.00    0.00    1.00    14  |__CPU 0/TCG
22:34:24     1000   1755190         -    1.00    0.00    0.00    0.00    1.00    11  qemu-system-aar
22:34:24     1000         -   1755190    0.00    0.00    0.00    0.00    0.00    11  |__qemu-system-aar
22:34:24     1000         -   1755197    0.00    0.00    0.00    0.00    0.00     9  |__call_rcu
22:34:24     1000         -   1755206    1.00    0.00    0.00    0.00    1.00    13  |__CPU 0/TCG
22:34:25     1000   1755190         -    1.00    0.00    0.00    0.00    1.00    11  qemu-system-aar
22:34:25     1000         -   1755190    1.00    0.00    0.00    0.00    1.00    11  |__qemu-system-aar
22:34:25     1000         -   1755197    0.00    0.00    0.00    0.00    0.00     9  |__call_rcu
22:34:25     1000         -   1755206    1.00    0.00    0.00    0.00    1.00    14  |__CPU 0/TCG
22:34:26     1000   1755190         -    2.00    1.00    0.00    0.00    3.00    13  qemu-system-aar
22:34:26     1000         -   1755190    0.00    1.00    0.00    0.00    1.00    13  |__qemu-system-aar
22:34:26     1000         -   1755197    0.00    0.00    0.00    0.00    0.00     9  |__call_rcu
22:34:26     1000         -   1755206    1.00    1.00    0.00    0.00    2.00    11  |__CPU 0/TCG
22:34:27     1000   1755190         -    1.00    0.00    0.00    0.00    1.00    11  qemu-system-aar
22:34:27     1000         -   1755190    1.00    0.00    0.00    0.00    1.00    11  |__qemu-system-aar
22:34:27     1000         -   1755197    0.00    0.00    0.00    0.00    0.00     9  |__call_rcu
22:34:27     1000         -   1755206    0.00    0.00    0.00    0.00    0.00    14  |__CPU 0/TCG
22:34:28     1000   1755190         -    1.00    0.00    0.00    0.00    1.00    11  qemu-system-aar
22:34:28     1000         -   1755190    1.00    0.00    0.00    0.00    1.00    11  |__qemu-system-aar
22:34:28     1000         -   1755197    0.00    0.00    0.00    0.00    0.00     9  |__call_rcu
22:34:28     1000         -   1755206    1.00    0.00    0.00    0.00    1.00    15  |__CPU 0/TCG
22:34:29     1000   1755190         -    2.00    0.00    0.00    0.00    2.00    11  qemu-system-aar
22:34:29     1000         -   1755190    0.00    0.00    0.00    0.00    0.00    11  |__qemu-system-aar
22:34:29     1000         -   1755197    0.00    0.00    0.00    0.00    0.00     9  |__call_rcu
22:34:29     1000         -   1755206    1.00    0.00    0.00    0.00    1.00    12  |__CPU 0/TCG
22:34:30     1000   1755190         -    1.00    0.00    0.00    0.00    1.00    11  qemu-system-aar
22:34:30     1000         -   1755190    1.00    0.00    0.00    0.00    1.00    11  |__qemu-system-aar
22:34:30     1000         -   1755197    0.00    0.00    0.00    0.00    0.00     9  |__call_rcu
22:34:30     1000         -   1755206    1.00    0.00    0.00    0.00    1.00    13  |__CPU 0/TCG
22:34:31     1000   1755190         -    2.00    0.00    0.00    0.00    2.00    26  qemu-system-aar
22:34:31     1000         -   1755190    0.00    0.00    0.00    0.00    0.00    26  |__qemu-system-aar
22:34:31     1000         -   1755197    0.00    0.00    0.00    0.00    0.00     9  |__call_rcu
22:34:31     1000         -   1755206    1.00    0.00    0.00    0.00    1.00    27  |__CPU 0/TCG
22:34:32     1000   1755190         -    1.00    1.00    0.00    0.00    2.00    26  qemu-system-aar
22:34:32     1000         -   1755190    1.00    0.00    0.00    0.00    1.00    26  |__qemu-system-aar
22:34:32     1000         -   1755197    0.00    0.00    0.00    0.00    0.00     9  |__call_rcu
22:34:32     1000         -   1755206    0.00    0.00    0.00    0.00    0.00    27  |__CPU 0/TCG
22:34:33     1000   1755190         -    1.00    0.00    0.00    0.00    1.00    29  qemu-system-aar
22:34:33     1000         -   1755190    0.00    0.00    0.00    0.00    0.00    29  |__qemu-system-aar
22:34:33     1000         -   1755197    0.00    0.00    0.00    0.00    0.00     9  |__call_rcu
22:34:33     1000         -   1755206    1.00    0.00    0.00    0.00    1.00    30  |__CPU 0/TCG
22:34:34     1000   1755190         -    2.00    0.00    0.00    0.00    2.00    29  qemu-system-aar
22:34:34     1000         -   1755190    1.00    1.00    0.00    0.00    2.00    29  |__qemu-system-aar
22:34:34     1000         -   1755197    0.00    0.00    0.00    0.00    0.00     9  |__call_rcu
22:34:34     1000         -   1755206    1.00    0.00    0.00    0.00    1.00    27  |__CPU 0/TCG
22:34:35     1000   1755190         -    1.00    0.00    0.00    0.00    1.00    29  qemu-system-aar
22:34:35     1000         -   1755190    1.00    0.00    0.00    0.00    1.00    29  |__qemu-system-aar
22:34:35     1000         -   1755197    0.00    0.00    0.00    0.00    0.00     9  |__call_rcu
22:34:35     1000         -   1755206    1.00    0.00    0.00    0.00    1.00    28  |__CPU 0/TCG
22:34:36     1000   1755190         -    2.00    0.00    0.00    0.00    2.00    26  qemu-system-aar
22:34:36     1000         -   1755190    0.00    0.00    0.00    0.00    0.00    26  |__qemu-system-aar
22:34:36     1000         -   1755197    0.00    0.00    0.00    0.00    0.00     9  |__call_rcu
22:34:36     1000         -   1755206    1.00    0.00    0.00    0.00    1.00    28  |__CPU 0/TCG
22:34:37     1000   1755190         -    1.00    0.00    0.00    0.00    1.00    26  qemu-system-aar
22:34:37     1000         -   1755190    1.00    0.00    0.00    0.00    1.00    26  |__qemu-system-aar
22:34:37     1000         -   1755197    0.00    0.00    0.00    0.00    0.00     9  |__call_rcu
22:34:37     1000         -   1755206    0.00    0.00    0.00    0.00    0.00    28  |__CPU 0/TCG
22:34:38     1000   1755190         -    1.00    1.00    0.00    0.00    2.00    26  qemu-system-aar
22:34:38     1000         -   1755190    0.00    0.00    0.00    0.00    0.00    26  |__qemu-system-aar
22:34:38     1000         -   1755197    0.00    0.00    0.00    0.00    0.00     9  |__call_rcu
22:34:38     1000         -   1755206    1.00    0.00    0.00    0.00    1.00    28  |__CPU 0/TCG
22:34:39     1000   1755190         -    2.00    0.00    0.00    0.00    2.00    26  qemu-system-aar
22:34:39     1000         -   1755190    1.00    0.00    0.00    0.00    1.00    26  |__qemu-system-aar
22:34:39     1000         -   1755197    0.00    0.00    0.00    0.00    0.00     9  |__call_rcu
22:34:39     1000         -   1755206    1.00    0.00    0.00    0.00    1.00    28  |__CPU 0/TCG
22:34:40     1000   1755190         -    1.00    0.00    0.00    0.00    1.00    29  qemu-system-aar
22:34:40     1000         -   1755190    0.00    0.00    0.00    0.00    0.00    29  |__qemu-system-aar
22:34:40     1000         -   1755197    0.00    0.00    0.00    0.00    0.00     9  |__call_rcu
22:34:40     1000         -   1755206    1.00    0.00    0.00    0.00    1.00    28  |__CPU 0/TCG
22:34:41     1000   1755190         -    1.00    0.00    0.00    0.00    1.00    26  qemu-system-aar
22:34:41     1000         -   1755190    1.00    0.00    0.00    0.00    1.00    26  |__qemu-system-aar
22:34:41     1000         -   1755197    0.00    0.00    0.00    0.00    0.00     9  |__call_rcu
22:34:41     1000         -   1755206    1.00    1.00    0.00    0.00    2.00    27  |__CPU 0/TCG
22:34:42     1000   1755190         -    2.00    0.00    0.00    0.00    2.00    26  qemu-system-aar
22:34:42     1000         -   1755190    0.00    1.00    0.00    0.00    1.00    26  |__qemu-system-aar
22:34:42     1000         -   1755197    0.00    0.00    0.00    0.00    0.00     9  |__call_rcu
22:34:42     1000         -   1755206    0.00    0.00    0.00    0.00    0.00    27  |__CPU 0/TCG
22:34:43     1000   1755190         -    1.00    0.00    0.00    0.00    1.00    29  qemu-system-aar
22:34:43     1000         -   1755190    1.00    0.00    0.00    0.00    1.00    29  |__qemu-system-aar
22:34:43     1000         -   1755197    0.00    0.00    0.00    0.00    0.00     9  |__call_rcu
22:34:43     1000         -   1755206    1.00    0.00    0.00    0.00    1.00    27  |__CPU 0/TCG
22:34:44     1000   1755190         -    2.00    1.00    0.00    0.00    3.00    29  qemu-system-aar
22:34:44     1000         -   1755190    1.00    0.00    0.00    0.00    1.00    29  |__qemu-system-aar
22:34:44     1000         -   1755197    0.00    0.00    0.00    0.00    0.00     9  |__call_rcu
22:34:44     1000         -   1755206    1.00    0.00    0.00    0.00    1.00    27  |__CPU 0/TCG
22:34:45     1000   1755190         -    1.00    0.00    0.00    0.00    1.00    29  qemu-system-aar
22:34:45     1000         -   1755190    0.00    0.00    0.00    0.00    0.00    29  |__qemu-system-aar
22:34:45     1000         -   1755197    0.00    0.00    0.00    0.00    0.00     9  |__call_rcu
22:34:45     1000         -   1755206    1.00    0.00    0.00    0.00    1.00    27  |__CPU 0/TCG
22:34:46     1000   1755190         -    1.00    0.00    0.00    0.00    1.00    30  qemu-system-aar
22:34:46     1000         -   1755190    1.00    0.00    0.00    0.00    1.00    30  |__qemu-system-aar
22:34:46     1000         -   1755197    0.00    0.00    0.00    0.00    0.00     9  |__call_rcu
22:34:46     1000         -   1755206    1.00    0.00    0.00    0.00    1.00    31  |__CPU 0/TCG
22:34:47     1000   1755190         -    2.00    0.00    0.00    0.00    2.00    29  qemu-system-aar
22:34:47     1000         -   1755190    0.00    0.00    0.00    0.00    0.00    29  |__qemu-system-aar
22:34:47     1000         -   1755197    0.00    0.00    0.00    0.00    0.00     9  |__call_rcu
22:34:47     1000         -   1755206    0.00    0.00    0.00    0.00    0.00    31  |__CPU 0/TCG
22:34:48     1000   1755190         -    1.00    0.00    0.00    0.00    1.00    30  qemu-system-aar
22:34:48     1000         -   1755190    1.00    0.00    0.00    0.00    1.00    30  |__qemu-system-aar
22:34:48     1000         -   1755197    0.00    0.00    0.00    0.00    0.00     9  |__call_rcu
22:34:48     1000         -   1755206    1.00    0.00    0.00    0.00    1.00    31  |__CPU 0/TCG
22:34:49     1000   1755190         -    2.00    0.00    0.00    0.00    2.00    29  qemu-system-aar
22:34:49     1000         -   1755190    0.00    0.00    0.00    0.00    0.00    29  |__qemu-system-aar
22:34:49     1000         -   1755197    0.00    0.00    0.00    0.00    0.00     9  |__call_rcu
22:34:49     1000         -   1755206    1.00    0.00    0.00    0.00    1.00    31  |__CPU 0/TCG
22:34:50     1000   1755190         -    1.00    1.00    0.00    0.00    2.00    29  qemu-system-aar
22:34:50     1000         -   1755190    1.00    1.00    0.00    0.00    2.00    29  |__qemu-system-aar
22:34:50     1000         -   1755197    0.00    0.00    0.00    0.00    0.00     9  |__call_rcu
22:34:50     1000         -   1755206    1.00    0.00    0.00    0.00    1.00    31  |__CPU 0/TCG
22:34:51     1000   1755190         -    1.00    0.00    0.00    0.00    1.00    30  qemu-system-aar
22:34:51     1000         -   1755190    0.00    0.00    0.00    0.00    0.00    30  |__qemu-system-aar
22:34:51     1000         -   1755197    0.00    0.00    0.00    0.00    0.00     9  |__call_rcu
22:34:51     1000         -   1755206    1.00    0.00    0.00    0.00    1.00     8  |__CPU 0/TCG
22:34:52     1000   1755190         -    2.00    0.00    0.00    0.00    2.00    29  qemu-system-aar
22:34:52     1000         -   1755190    1.00    0.00    0.00    0.00    1.00    29  |__qemu-system-aar
22:34:52     1000         -   1755197    0.00    0.00    0.00    0.00    0.00     9  |__call_rcu
22:34:52     1000         -   1755206    0.00    0.00    0.00    0.00    0.00     8  |__CPU 0/TCG
22:34:53     1000   1755190         -    1.00    0.00    0.00    0.00    1.00    29  qemu-system-aar
22:34:53     1000         -   1755190    1.00    0.00    0.00    0.00    1.00    29  |__qemu-system-aar
22:34:53     1000         -   1755197    0.00    0.00    0.00    0.00    0.00     9  |__call_rcu
22:34:53     1000         -   1755206    1.00    0.00    0.00    0.00    1.00    31  |__CPU 0/TCG
22:34:54     1000   1755190         -    1.00    0.00    0.00    0.00    1.00    30  qemu-system-aar
22:34:54     1000         -   1755190    0.00    0.00    0.00    0.00    0.00    30  |__qemu-system-aar
22:34:54     1000         -   1755197    0.00    0.00    0.00    0.00    0.00     9  |__call_rcu
22:34:54     1000         -   1755206    1.00    0.00    0.00    0.00    1.00    29  |__CPU 0/TCG
22:34:55     1000   1755190         -    2.00    0.00    0.00    0.00    2.00    30  qemu-system-aar
22:34:55     1000         -   1755190    1.00    0.00    0.00    0.00    1.00    30  |__qemu-system-aar
22:34:55     1000         -   1755197    0.00    0.00    0.00    0.00    0.00     9  |__call_rcu
22:34:55     1000         -   1755206    1.00    0.00    0.00    0.00    1.00    31  |__CPU 0/TCG
22:34:56     1000   1755190         -    1.00    1.00    0.00    0.00    2.00    29  qemu-system-aar
22:34:56     1000         -   1755190    0.00    0.00    0.00    0.00    0.00    29  |__qemu-system-aar
22:34:56     1000         -   1755197    0.00    0.00    0.00    0.00    0.00     9  |__call_rcu
22:34:56     1000         -   1755206    1.00    1.00    0.00    0.00    2.00    31  |__CPU 0/TCG
22:34:57     1000   1755190         -    2.00    0.00    0.00    0.00    2.00    29  qemu-system-aar
22:34:57     1000         -   1755190    1.00    0.00    0.00    0.00    1.00    29  |__qemu-system-aar
22:34:57     1000         -   1755197    0.00    0.00    0.00    0.00    0.00     9  |__call_rcu
22:34:57     1000         -   1755206    0.00    0.00    0.00    0.00    0.00    31  |__CPU 0/TCG
22:34:58     1000   1755190         -    1.00    0.00    0.00    0.00    1.00    29  qemu-system-aar
22:34:58     1000         -   1755190    0.00    1.00    0.00    0.00    1.00    29  |__qemu-system-aar
22:34:58     1000         -   1755197    0.00    0.00    0.00    0.00    0.00     9  |__call_rcu
22:34:58     1000         -   1755206    1.00    0.00    0.00    0.00    1.00     8  |__CPU 0/TCG
22:34:59     1000   1755190         -    1.00    0.00    0.00    0.00    1.00    30  qemu-system-aar
22:34:59     1000         -   1755190    1.00    0.00    0.00    0.00    1.00    30  |__qemu-system-aar
22:34:59     1000         -   1755197    0.00    0.00    0.00    0.00    0.00     9  |__call_rcu
22:34:59     1000         -   1755206    1.00    0.00    0.00    0.00    1.00     8  |__CPU 0/TCG
22:35:00     1000   1755190         -    2.00    0.00    0.00    0.00    2.00    29  qemu-system-aar
22:35:00     1000         -   1755190    0.00    0.00    0.00    0.00    0.00    29  |__qemu-system-aar
22:35:00     1000         -   1755197    0.00    0.00    0.00    0.00    0.00     9  |__call_rcu
22:35:00     1000         -   1755206    1.00    0.00    0.00    0.00    1.00    31  |__CPU 0/TCG
22:35:01     1000   1755190         -    1.00    0.00    0.00    0.00    1.00     8  qemu-system-aar
22:35:01     1000         -   1755190    1.00    0.00    0.00    0.00    1.00     8  |__qemu-system-aar
22:35:01     1000         -   1755197    0.00    0.00    0.00    0.00    0.00     9  |__call_rcu
22:35:01     1000         -   1755206    1.00    0.00    0.00    0.00    1.00    29  |__CPU 0/TCG
22:35:02     1000   1755190         -    2.00    1.00    0.00    0.00    3.00    30  qemu-system-aar
22:35:02     1000         -   1755190    1.00    0.00    0.00    0.00    1.00    30  |__qemu-system-aar
22:35:02     1000         -   1755197    0.00    0.00    0.00    0.00    0.00     9  |__call_rcu
22:35:02     1000         -   1755206    0.00    0.00    0.00    0.00    0.00     8  |__CPU 0/TCG
22:35:03     1000   1755190         -    1.00    0.00    0.00    0.00    1.00    30  qemu-system-aar
22:35:03     1000         -   1755190    0.00    0.00    0.00    0.00    0.00    30  |__qemu-system-aar
22:35:03     1000         -   1755197    0.00    0.00    0.00    0.00    0.00     9  |__call_rcu
22:35:03     1000         -   1755206    1.00    0.00    0.00    0.00    1.00    29  |__CPU 0/TCG
22:35:04     1000   1755190         -    1.00    0.00    0.00    0.00    1.00     8  qemu-system-aar
22:35:04     1000         -   1755190    1.00    0.00    0.00    0.00    1.00     8  |__qemu-system-aar
22:35:04     1000         -   1755197    0.00    0.00    0.00    0.00    0.00     9  |__call_rcu
22:35:04     1000         -   1755206    1.00    0.00    0.00    0.00    1.00    29  |__CPU 0/TCG
22:35:05     1000   1755190         -    2.00    0.00    0.00    0.00    2.00    30  qemu-system-aar
22:35:05     1000         -   1755190    0.00    0.00    0.00    0.00    0.00    30  |__qemu-system-aar
22:35:05     1000         -   1755197    0.00    0.00    0.00    0.00    0.00     9  |__call_rcu
22:35:05     1000         -   1755206    1.00    0.00    0.00    0.00    1.00     8  |__CPU 0/TCG
22:35:06     1000   1755190         -    1.00    0.00    0.00    0.00    1.00     8  qemu-system-aar
22:35:06     1000         -   1755190    1.00    1.00    0.00    0.00    2.00     8  |__qemu-system-aar
22:35:06     1000         -   1755197    0.00    0.00    0.00    0.00    0.00     9  |__call_rcu
22:35:06     1000         -   1755206    1.00    0.00    0.00    0.00    1.00    29  |__CPU 0/TCG
22:35:07     1000   1755190         -    2.00    0.00    0.00    0.00    2.00     9  qemu-system-aar
22:35:07     1000         -   1755190    0.00    0.00    0.00    0.00    0.00     9  |__qemu-system-aar
22:35:07     1000         -   1755197    0.00    0.00    0.00    0.00    0.00     9  |__call_rcu
22:35:07     1000         -   1755206    0.00    0.00    0.00    0.00    0.00    29  |__CPU 0/TCG
22:35:08     1000   1755190         -    1.00    0.00    0.00    0.00    1.00     9  qemu-system-aar
22:35:08     1000         -   1755190    1.00    0.00    0.00    0.00    1.00     9  |__qemu-system-aar
22:35:08     1000         -   1755197    0.00    0.00    0.00    0.00    0.00     9  |__call_rcu
22:35:08     1000         -   1755206    1.00    0.00    0.00    0.00    1.00    30  |__CPU 0/TCG
22:35:09     1000   1755190         -    1.00    1.00    0.00    0.00    2.00     9  qemu-system-aar
22:35:09     1000         -   1755190    0.00    0.00    0.00    0.00    0.00     9  |__qemu-system-aar
22:35:09     1000         -   1755197    0.00    0.00    0.00    0.00    0.00     9  |__call_rcu
22:35:09     1000         -   1755206    1.00    0.00    0.00    0.00    1.00    29  |__CPU 0/TCG
22:35:10     1000   1755190         -    2.00    0.00    0.00    0.00    2.00     8  qemu-system-aar
22:35:10     1000         -   1755190    1.00    0.00    0.00    0.00    1.00     8  |__qemu-system-aar
22:35:10     1000         -   1755197    0.00    0.00    0.00    0.00    0.00     9  |__call_rcu
22:35:10     1000         -   1755206    1.00    0.00    0.00    0.00    1.00    29  |__CPU 0/TCG
22:35:11     1000   1755190         -    1.00    0.00    0.00    0.00    1.00     8  qemu-system-aar
22:35:11     1000         -   1755190    1.00    0.00    0.00    0.00    1.00     8  |__qemu-system-aar
22:35:11     1000         -   1755197    0.00    0.00    0.00    0.00    0.00     9  |__call_rcu
22:35:11     1000         -   1755206    1.00    1.00    0.00    0.00    2.00    29  |__CPU 0/TCG
22:35:12     1000   1755190         -    1.00    0.00    0.00    0.00    1.00     8  qemu-system-aar
22:35:12     1000         -   1755190    0.00    0.00    0.00    0.00    0.00     8  |__qemu-system-aar
22:35:12     1000         -   1755197    0.00    0.00    0.00    0.00    0.00     9  |__call_rcu
22:35:12     1000         -   1755206    1.00    0.00    0.00    0.00    1.00     9  |__CPU 0/TCG
22:35:13     1000   1755190         -    2.00    0.00    0.00    0.00    2.00     8  qemu-system-aar
22:35:13     1000         -   1755190    1.00    0.00    0.00    0.00    1.00     8  |__qemu-system-aar
22:35:13     1000         -   1755197    0.00    0.00    0.00    0.00    0.00     9  |__call_rcu
22:35:13     1000         -   1755206    0.00    0.00    0.00    0.00    0.00    10  |__CPU 0/TCG
22:35:14     1000   1755190         -    1.00    0.00    0.00    0.00    1.00     8  qemu-system-aar
22:35:14     1000         -   1755190    0.00    1.00    0.00    0.00    1.00     8  |__qemu-system-aar
22:35:14     1000         -   1755197    0.00    0.00    0.00    0.00    0.00     9  |__call_rcu
22:35:14     1000         -   1755206    1.00    0.00    0.00    0.00    1.00    10  |__CPU 0/TCG
22:35:15     1000   1755190         -    2.00    1.00    0.00    0.00    3.00    13  qemu-system-aar
22:35:15     1000         -   1755190    1.00    0.00    0.00    0.00    1.00    13  |__qemu-system-aar
22:35:15     1000         -   1755197    0.00    0.00    0.00    0.00    0.00     9  |__call_rcu
22:35:15     1000         -   1755206    1.00    0.00    0.00    0.00    1.00    14  |__CPU 0/TCG
22:35:16     1000   1755190         -    1.00    0.00    0.00    0.00    1.00     8  qemu-system-aar
22:35:16     1000         -   1755190    0.00    0.00    0.00    0.00    0.00     8  |__qemu-system-aar
22:35:16     1000         -   1755197    0.00    0.00    0.00    0.00    0.00     9  |__call_rcu
22:35:16     1000         -   1755206    1.00    0.00    0.00    0.00    1.00    11  |__CPU 0/TCG
22:35:17     1000   1755190         -    2.00    0.00    0.00    0.00    2.00     8  qemu-system-aar
22:35:17     1000         -   1755190    1.00    0.00    0.00    0.00    1.00     8  |__qemu-system-aar
22:35:17     1000         -   1755197    0.00    0.00    0.00    0.00    0.00     9  |__call_rcu
22:35:17     1000         -   1755206    1.00    0.00    0.00    0.00    1.00    11  |__CPU 0/TCG
22:35:18     1000   1755190         -    1.00    0.00    0.00    0.00    1.00     8  qemu-system-aar
22:35:18     1000         -   1755190    0.00    0.00    0.00    0.00    0.00     8  |__qemu-system-aar
22:35:18     1000         -   1755197    0.00    0.00    0.00    0.00    0.00     9  |__call_rcu
22:35:18     1000         -   1755206    0.00    0.00    0.00    0.00    0.00    11  |__CPU 0/TCG
22:35:19     1000   1755190         -    1.00    0.00    0.00    0.00    1.00     8  qemu-system-aar
22:35:19     1000         -   1755190    1.00    0.00    0.00    0.00    1.00     8  |__qemu-system-aar
22:35:19     1000         -   1755197    0.00    0.00    0.00    0.00    0.00     9  |__call_rcu
22:35:19     1000         -   1755206    1.00    0.00    0.00    0.00    1.00    13  |__CPU 0/TCG
22:35:20     1000   1755190         -    2.00    0.00    0.00    0.00    2.00    13  qemu-system-aar
22:35:20     1000         -   1755190    1.00    0.00    0.00    0.00    1.00    13  |__qemu-system-aar
22:35:20     1000         -   1755197    0.00    0.00    0.00    0.00    0.00     9  |__call_rcu
22:35:20     1000         -   1755206    1.00    0.00    0.00    0.00    1.00    14  |__CPU 0/TCG
22:35:21     1000   1755190         -    1.00    1.00    0.00    0.00    2.00     8  qemu-system-aar
22:35:21     1000         -   1755190    0.00    0.00    0.00    0.00    0.00     8  |__qemu-system-aar
22:35:21     1000         -   1755197    0.00    0.00    0.00    0.00    0.00     9  |__call_rcu
22:35:21     1000         -   1755206    1.00    0.00    0.00    0.00    1.00    10  |__CPU 0/TCG
22:35:22     1000   1755190         -    2.00    0.00    0.00    0.00    2.00     8  qemu-system-aar
22:35:22     1000         -   1755190    1.00    1.00    0.00    0.00    2.00     8  |__qemu-system-aar
22:35:22     1000         -   1755197    0.00    0.00    0.00    0.00    0.00     9  |__call_rcu
22:35:22     1000         -   1755206    1.00    0.00    0.00    0.00    1.00    14  |__CPU 0/TCG
22:35:23     1000   1755190         -    1.00    0.00    0.00    0.00    1.00    13  qemu-system-aar
22:35:23     1000         -   1755190    0.00    0.00    0.00    0.00    0.00    13  |__qemu-system-aar
22:35:23     1000         -   1755197    0.00    0.00    0.00    0.00    0.00     9  |__call_rcu
22:35:23     1000         -   1755206    1.00    0.00    0.00    0.00    1.00     9  |__CPU 0/TCG
22:35:24     1000   1755190         -    1.00    0.00    0.00    0.00    1.00    13  qemu-system-aar
22:35:24     1000         -   1755190    1.00    0.00    0.00    0.00    1.00    13  |__qemu-system-aar
22:35:24     1000         -   1755197    0.00    0.00    0.00    0.00    0.00     9  |__call_rcu
22:35:24     1000         -   1755206    0.00    0.00    0.00    0.00    0.00     8  |__CPU 0/TCG
22:35:25     1000   1755190         -    2.00    0.00    0.00    0.00    2.00    13  qemu-system-aar
22:35:25     1000         -   1755190    0.00    0.00    0.00    0.00    0.00    13  |__qemu-system-aar
22:35:25     1000         -   1755197    0.00    0.00    0.00    0.00    0.00     9  |__call_rcu
22:35:25     1000         -   1755206    1.00    0.00    0.00    0.00    1.00     9  |__CPU 0/TCG
22:35:26     1000   1755190         -    1.00    0.00    0.00    0.00    1.00    13  qemu-system-aar
22:35:26     1000         -   1755190    1.00    0.00    0.00    0.00    1.00    13  |__qemu-system-aar
22:35:26     1000         -   1755197    0.00    0.00    0.00    0.00    0.00     9  |__call_rcu
22:35:26     1000         -   1755206    1.00    1.00    0.00    0.00    2.00     9  |__CPU 0/TCG
22:35:27     1000   1755190         -    2.00    1.00    0.00    0.00    3.00    13  qemu-system-aar
22:35:27     1000         -   1755190    1.00    0.00    0.00    0.00    1.00    13  |__qemu-system-aar
22:35:27     1000         -   1755197    0.00    0.00    0.00    0.00    0.00     9  |__call_rcu
22:35:27     1000         -   1755206    1.00    0.00    0.00    0.00    1.00    11  |__CPU 0/TCG
22:35:28     1000   1755190         -    1.00    0.00    0.00    0.00    1.00     9  qemu-system-aar
22:35:28     1000         -   1755190    0.00    0.00    0.00    0.00    0.00     9  |__qemu-system-aar
22:35:28     1000         -   1755197    0.00    0.00    0.00    0.00    0.00     9  |__call_rcu
22:35:28     1000         -   1755206    1.00    0.00    0.00    0.00    1.00    11  |__CPU 0/TCG
22:35:29     1000   1755190         -    1.00    0.00    0.00    0.00    1.00    13  qemu-system-aar
22:35:29     1000         -   1755190    1.00    0.00    0.00    0.00    1.00    13  |__qemu-system-aar
22:35:29     1000         -   1755197    0.00    0.00    0.00    0.00    0.00     9  |__call_rcu
22:35:29     1000         -   1755206    0.00    0.00    0.00    0.00    0.00    10  |__CPU 0/TCG
22:35:30     1000   1755190         -    2.00    0.00    0.00    0.00    2.00     9  qemu-system-aar
22:35:30     1000         -   1755190    0.00    1.00    0.00    0.00    1.00     9  |__qemu-system-aar
22:35:30     1000         -   1755197    0.00    0.00    0.00    0.00    0.00     9  |__call_rcu
22:35:30     1000         -   1755206    1.00    0.00    0.00    0.00    1.00    10  |__CPU 0/TCG
22:35:31     1000   1755190         -    1.00    0.00    0.00    0.00    1.00     9  qemu-system-aar
22:35:31     1000         -   1755190    1.00    0.00    0.00    0.00    1.00     9  |__qemu-system-aar
22:35:31     1000         -   1755197    0.00    0.00    0.00    0.00    0.00     9  |__call_rcu
22:35:31     1000         -   1755206    1.00    0.00    0.00    0.00    1.00    13  |__CPU 0/TCG
22:35:32     1000   1755190         -    2.00    0.00    0.00    0.00    2.00     9  qemu-system-aar
22:35:32     1000         -   1755190    0.00    0.00    0.00    0.00    0.00     9  |__qemu-system-aar
22:35:32     1000         -   1755197    0.00    0.00    0.00    0.00    0.00     9  |__call_rcu
22:35:32     1000         -   1755206    1.00    0.00    0.00    0.00    1.00    13  |__CPU 0/TCG
22:35:33     1000   1755190         -    1.00    1.00    0.00    0.00    2.00    14  qemu-system-aar
22:35:33     1000         -   1755190    1.00    0.00    0.00    0.00    1.00    14  |__qemu-system-aar
22:35:33     1000         -   1755197    0.00    0.00    0.00    0.00    0.00     9  |__call_rcu
22:35:33     1000         -   1755206    1.00    0.00    0.00    0.00    1.00    13  |__CPU 0/TCG
22:35:34     1000   1755190         -    1.00    0.00    0.00    0.00    1.00     9  qemu-system-aar
22:35:34     1000         -   1755190    0.00    0.00    0.00    0.00    0.00     9  |__qemu-system-aar
22:35:34     1000         -   1755197    0.00    0.00    0.00    0.00    0.00     9  |__call_rcu
22:35:34     1000         -   1755206    0.00    0.00    0.00    0.00    0.00    14  |__CPU 0/TCG
22:35:35     1000   1755190         -    1.00    0.00    0.00    0.00    1.00    14  qemu-system-aar
22:35:35     1000         -   1755190    1.00    0.00    0.00    0.00    1.00    14  |__qemu-system-aar
22:35:35     1000         -   1755197    0.00    0.00    0.00    0.00    0.00     9  |__call_rcu
22:35:35     1000         -   1755206    1.00    0.00    0.00    0.00    1.00    15  |__CPU 0/TCG
22:35:36     1000   1755190         -    1.00    0.00    0.00    0.00    1.00     9  qemu-system-aar
22:35:36     1000         -   1755190    0.00    0.00    0.00    0.00    0.00     9  |__qemu-system-aar
22:35:36     1000         -   1755197    0.00    0.00    0.00    0.00    0.00     9  |__call_rcu
22:35:36     1000         -   1755206    1.00    0.00    0.00    0.00    1.00    15  |__CPU 0/TCG
22:35:37     1000   1755190         -    2.00    0.00    0.00    0.00    2.00    14  qemu-system-aar
22:35:37     1000         -   1755190    1.00    0.00    0.00    0.00    1.00    14  |__qemu-system-aar
22:35:37     1000         -   1755197    0.00    0.00    0.00    0.00    0.00     9  |__call_rcu
22:35:37     1000         -   1755206    0.00    0.00    0.00    0.00    0.00    15  |__CPU 0/TCG
22:35:38     1000   1755190         -    1.00    0.00    0.00    0.00    1.00     9  qemu-system-aar
22:35:38     1000         -   1755190    0.00    0.00    0.00    0.00    0.00     9  |__qemu-system-aar
22:35:38     1000         -   1755197    0.00    0.00    0.00    0.00    0.00     9  |__call_rcu
22:35:38     1000         -   1755206    1.00    0.00    0.00    0.00    1.00    15  |__CPU 0/TCG
22:35:39     1000   1755190         -    1.00    0.00    0.00    0.00    1.00    23  qemu-system-aar
22:35:39     1000         -   1755190    1.00    1.00    0.00    0.00    2.00    23  |__qemu-system-aar
22:35:39     1000         -   1755197    0.00    0.00    0.00    0.00    0.00     9  |__call_rcu
22:35:39     1000         -   1755206    1.00    0.00    0.00    0.00    1.00    22  |__CPU 0/TCG
22:35:40     1000   1755190         -    1.00    1.00    0.00    0.00    2.00    22  qemu-system-aar
22:35:40     1000         -   1755190    1.00    0.00    0.00    0.00    1.00    22  |__qemu-system-aar
22:35:40     1000         -   1755197    0.00    0.00    0.00    0.00    0.00     9  |__call_rcu
22:35:40     1000         -   1755206    0.00    0.00    0.00    0.00    0.00     0  |__CPU 0/TCG
22:35:41     1000   1755190         -    2.00    0.00    0.00    0.00    2.00    21  qemu-system-aar
22:35:41     1000         -   1755190    0.00    0.00    0.00    0.00    0.00    21  |__qemu-system-aar
22:35:41     1000         -   1755197    0.00    0.00    0.00    0.00    0.00     9  |__call_rcu
22:35:41     1000         -   1755206    1.00    0.00    0.00    0.00    1.00    23  |__CPU 0/TCG
22:35:42     1000   1755190         -    1.00    0.00    0.00    0.00    1.00    21  qemu-system-aar
22:35:42     1000         -   1755190    1.00    0.00    0.00    0.00    1.00    21  |__qemu-system-aar
22:35:42     1000         -   1755197    0.00    0.00    0.00    0.00    0.00     9  |__call_rcu
22:35:42     1000         -   1755206    1.00    1.00    0.00    0.00    2.00     1  |__CPU 0/TCG
22:35:43     1000   1755190         -    1.00    0.00    0.00    0.00    1.00    22  qemu-system-aar
22:35:43     1000         -   1755190    0.00    0.00    0.00    0.00    0.00    22  |__qemu-system-aar
22:35:43     1000         -   1755197    0.00    0.00    0.00    0.00    0.00     9  |__call_rcu
22:35:43     1000         -   1755206    0.00    0.00    0.00    0.00    0.00     1  |__CPU 0/TCG
22:35:44     1000   1755190         -    2.00    0.00    0.00    0.00    2.00    22  qemu-system-aar
22:35:44     1000         -   1755190    1.00    0.00    0.00    0.00    1.00    22  |__qemu-system-aar
22:35:44     1000         -   1755197    0.00    0.00    0.00    0.00    0.00     9  |__call_rcu
22:35:44     1000         -   1755206    1.00    0.00    0.00    0.00    1.00    21  |__CPU 0/TCG
22:35:45     1000   1755190         -    1.00    0.00    0.00    0.00    1.00    21  qemu-system-aar
22:35:45     1000         -   1755190    0.00    0.00    0.00    0.00    0.00    21  |__qemu-system-aar
22:35:45     1000         -   1755197    0.00    0.00    0.00    0.00    0.00     9  |__call_rcu
22:35:45     1000         -   1755206    1.00    0.00    0.00    0.00    1.00    22  |__CPU 0/TCG
22:35:46     1000   1755190         -    1.00    1.00    0.00    0.00    2.00    21  qemu-system-aar
22:35:46     1000         -   1755190    1.00    0.00    0.00    0.00    1.00    21  |__qemu-system-aar
22:35:46     1000         -   1755197    0.00    0.00    0.00    0.00    0.00     9  |__call_rcu
22:35:46     1000         -   1755206    1.00    0.00    0.00    0.00    1.00    22  |__CPU 0/TCG
22:35:47     1000   1755190         -    2.00    0.00    0.00    0.00    2.00    23  qemu-system-aar
22:35:47     1000         -   1755190    0.00    1.00    0.00    0.00    1.00    23  |__qemu-system-aar
22:35:47     1000         -   1755197    0.00    0.00    0.00    0.00    0.00     9  |__call_rcu
22:35:47     1000         -   1755206    1.00    0.00    0.00    0.00    1.00    22  |__CPU 0/TCG
22:35:48     1000   1755190         -    1.00    0.00    0.00    0.00    1.00    23  qemu-system-aar
22:35:48     1000         -   1755190    1.00    0.00    0.00    0.00    1.00    23  |__qemu-system-aar
22:35:48     1000         -   1755197    0.00    0.00    0.00    0.00    0.00     9  |__call_rcu
22:35:48     1000         -   1755206    0.00    0.00    0.00    0.00    0.00    22  |__CPU 0/TCG
22:35:49     1000   1755190         -    1.00    0.00    0.00    0.00    1.00    23  qemu-system-aar
22:35:49     1000         -   1755190    0.00    0.00    0.00    0.00    0.00    23  |__qemu-system-aar
22:35:49     1000         -   1755197    0.00    0.00    0.00    0.00    0.00     9  |__call_rcu
22:35:49     1000         -   1755206    1.00    0.00    0.00    0.00    1.00    22  |__CPU 0/TCG
22:35:50     1000   1755190         -    2.00    0.00    0.00    0.00    2.00    23  qemu-system-aar
22:35:50     1000         -   1755190    1.00    0.00    0.00    0.00    1.00    23  |__qemu-system-aar
22:35:50     1000         -   1755197    0.00    0.00    0.00    0.00    0.00     9  |__call_rcu
22:35:50     1000         -   1755206    1.00    0.00    0.00    0.00    1.00     0  |__CPU 0/TCG
22:35:51     1000   1755190         -    1.00    0.00    0.00    0.00    1.00    23  qemu-system-aar
22:35:51     1000         -   1755190    0.00    0.00    0.00    0.00    0.00    23  |__qemu-system-aar
22:35:51     1000         -   1755197    0.00    0.00    0.00    0.00    0.00     9  |__call_rcu
22:35:51     1000         -   1755206    1.00    0.00    0.00    0.00    1.00     2  |__CPU 0/TCG
22:35:52     1000   1755190         -    1.00    0.00    0.00    0.00    1.00    23  qemu-system-aar
22:35:52     1000         -   1755190    1.00    0.00    0.00    0.00    1.00    23  |__qemu-system-aar
22:35:52     1000         -   1755197    0.00    0.00    0.00    0.00    0.00     9  |__call_rcu
22:35:52     1000         -   1755206    1.00    0.00    0.00    0.00    1.00     3  |__CPU 0/TCG
22:35:53     1000   1755190         -    2.00    1.00    0.00    0.00    3.00    23  qemu-system-aar
22:35:53     1000         -   1755190    0.00    0.00    0.00    0.00    0.00    23  |__qemu-system-aar
22:35:53     1000         -   1755197    0.00    0.00    0.00    0.00    0.00     9  |__call_rcu
22:35:53     1000         -   1755206    0.00    0.00    0.00    0.00    0.00     3  |__CPU 0/TCG
22:35:54     1000   1755190         -    1.00    0.00    0.00    0.00    1.00    23  qemu-system-aar
22:35:54     1000         -   1755190    1.00    0.00    0.00    0.00    1.00    23  |__qemu-system-aar
22:35:54     1000         -   1755197    0.00    0.00    0.00    0.00    0.00     9  |__call_rcu
22:35:54     1000         -   1755206    1.00    0.00    0.00    0.00    1.00     3  |__CPU 0/TCG
22:35:55     1000   1755190         -    1.00    0.00    0.00    0.00    1.00    23  qemu-system-aar
22:35:55     1000         -   1755190    1.00    1.00    0.00    0.00    2.00    23  |__qemu-system-aar
22:35:55     1000         -   1755197    0.00    0.00    0.00    0.00    0.00     9  |__call_rcu
22:35:55     1000         -   1755206    1.00    0.00    0.00    0.00    1.00     2  |__CPU 0/TCG
22:35:56     1000   1755190         -    2.00    0.00    0.00    0.00    2.00    23  qemu-system-aar
22:35:56     1000         -   1755190    0.00    0.00    0.00    0.00    0.00    23  |__qemu-system-aar
22:35:56     1000         -   1755197    0.00    0.00    0.00    0.00    0.00     9  |__call_rcu
22:35:56     1000         -   1755206    1.00    0.00    0.00    0.00    1.00     3  |__CPU 0/TCG
22:35:57     1000   1755190         -    1.00    0.00    0.00    0.00    1.00    23  qemu-system-aar
22:35:57     1000         -   1755190    1.00    0.00    0.00    0.00    1.00    23  |__qemu-system-aar
22:35:57     1000         -   1755197    0.00    0.00    0.00    0.00    0.00     9  |__call_rcu
22:35:57     1000         -   1755206    1.00    1.00    0.00    0.00    2.00     4  |__CPU 0/TCG
22:35:58     1000   1755190         -    2.00    0.00    0.00    0.00    2.00    23  qemu-system-aar
22:35:58     1000         -   1755190    0.00    0.00    0.00    0.00    0.00    23  |__qemu-system-aar
22:35:58     1000         -   1755197    0.00    0.00    0.00    0.00    0.00     9  |__call_rcu
22:35:58     1000         -   1755206    0.00    0.00    0.00    0.00    0.00     4  |__CPU 0/TCG
22:35:59     1000   1755190         -    1.00    1.00    0.00    0.00    2.00    23  qemu-system-aar
22:35:59     1000         -   1755190    1.00    0.00    0.00    0.00    1.00    23  |__qemu-system-aar
22:35:59     1000         -   1755197    0.00    0.00    0.00    0.00    0.00     9  |__call_rcu
22:35:59     1000         -   1755206    1.00    0.00    0.00    0.00    1.00     2  |__CPU 0/TCG
22:36:00     1000   1755190         -    1.00    0.00    0.00    0.00    1.00    23  qemu-system-aar
22:36:00     1000         -   1755190    0.00    0.00    0.00    0.00    0.00    23  |__qemu-system-aar
22:36:00     1000         -   1755197    0.00    0.00    0.00    0.00    0.00     9  |__call_rcu
22:36:00     1000         -   1755206    1.00    0.00    0.00    0.00    1.00     1  |__CPU 0/TCG
22:36:01     1000   1755190         -    2.00    0.00    0.00    0.00    2.00    23  qemu-system-aar
22:36:01     1000         -   1755190    1.00    0.00    0.00    0.00    1.00    23  |__qemu-system-aar
22:36:01     1000         -   1755197    0.00    0.00    0.00    0.00    0.00     9  |__call_rcu
22:36:01     1000         -   1755206    1.00    0.00    0.00    0.00    1.00     4  |__CPU 0/TCG
22:36:02     1000   1755190         -    1.00    0.00    0.00    0.00    1.00    23  qemu-system-aar
22:36:02     1000         -   1755190    0.00    0.00    0.00    0.00    0.00    23  |__qemu-system-aar
22:36:02     1000         -   1755197    0.00    0.00    0.00    0.00    0.00     9  |__call_rcu
22:36:02     1000         -   1755206    1.00    0.00    0.00    0.00    1.00     5  |__CPU 0/TCG
22:36:03     1000   1755190         -    1.00    0.00    0.00    0.00    1.00    23  qemu-system-aar
22:36:03     1000         -   1755190    1.00    0.00    0.00    0.00    1.00    23  |__qemu-system-aar
22:36:03     1000         -   1755197    0.00    0.00    0.00    0.00    0.00     9  |__call_rcu
22:36:03     1000         -   1755206    0.00    0.00    0.00    0.00    0.00     4  |__CPU 0/TCG
22:36:04     1000   1755190         -    2.00    0.00    0.00    0.00    2.00    23  qemu-system-aar
22:36:04     1000         -   1755190    1.00    1.00    0.00    0.00    2.00    23  |__qemu-system-aar
22:36:04     1000         -   1755197    0.00    0.00    0.00    0.00    0.00     9  |__call_rcu
22:36:04     1000         -   1755206    1.00    0.00    0.00    0.00    1.00     2  |__CPU 0/TCG
22:36:05     1000   1755190         -    1.00    1.00    0.00    0.00    2.00     0  qemu-system-aar
22:36:05     1000         -   1755190    0.00    0.00    0.00    0.00    0.00     0  |__qemu-system-aar
22:36:05     1000         -   1755197    0.00    0.00    0.00    0.00    0.00     9  |__call_rcu
22:36:05     1000         -   1755206    1.00    0.00    0.00    0.00    1.00     5  |__CPU 0/TCG
22:36:06     1000   1755190         -    2.00    0.00    0.00    0.00    2.00    23  qemu-system-aar
22:36:06     1000         -   1755190    1.00    0.00    0.00    0.00    1.00    23  |__qemu-system-aar
22:36:06     1000         -   1755197    0.00    0.00    0.00    0.00    0.00     9  |__call_rcu
22:36:06     1000         -   1755206    1.00    0.00    0.00    0.00    1.00     1  |__CPU 0/TCG
22:36:07     1000   1755190         -    1.00    0.00    0.00    0.00    1.00    23  qemu-system-aar
22:36:07     1000         -   1755190    0.00    0.00    0.00    0.00    0.00    23  |__qemu-system-aar
22:36:07     1000         -   1755197    0.00    0.00    0.00    0.00    0.00     9  |__call_rcu
22:36:07     1000         -   1755206    1.00    0.00    0.00    0.00    1.00     1  |__CPU 0/TCG
22:36:08     1000   1755190         -    1.00    0.00    0.00    0.00    1.00    23  qemu-system-aar
22:36:08     1000         -   1755190    1.00    0.00    0.00    0.00    1.00    23  |__qemu-system-aar
22:36:08     1000         -   1755197    0.00    0.00    0.00    0.00    0.00     9  |__call_rcu
22:36:08     1000         -   1755206    0.00    0.00    0.00    0.00    0.00     3  |__CPU 0/TCG
22:36:09     1000   1755190         -    2.00    0.00    0.00    0.00    2.00    23  qemu-system-aar
22:36:09     1000         -   1755190    0.00    0.00    0.00    0.00    0.00    23  |__qemu-system-aar
22:36:09     1000         -   1755197    0.00    0.00    0.00    0.00    0.00     9  |__call_rcu
22:36:09     1000         -   1755206    1.00    0.00    0.00    0.00    1.00     1  |__CPU 0/TCG
22:36:10     1000   1755190         -    1.00    0.00    0.00    0.00    1.00    23  qemu-system-aar
22:36:10     1000         -   1755190    1.00    0.00    0.00    0.00    1.00    23  |__qemu-system-aar
22:36:10     1000         -   1755197    0.00    0.00    0.00    0.00    0.00     9  |__call_rcu
22:36:10     1000         -   1755206    1.00    0.00    0.00    0.00    1.00     3  |__CPU 0/TCG
22:36:11     1000   1755190         -    2.00    1.00    0.00    0.00    3.00    23  qemu-system-aar
22:36:11     1000         -   1755190    0.00    0.00    0.00    0.00    0.00    23  |__qemu-system-aar
22:36:11     1000         -   1755197    0.00    0.00    0.00    0.00    0.00     9  |__call_rcu
22:36:11     1000         -   1755206    1.00    0.00    0.00    0.00    1.00     0  |__CPU 0/TCG
22:36:12     1000   1755190         -    1.00    0.00    0.00    0.00    1.00     5  qemu-system-aar
22:36:12     1000         -   1755190    1.00    1.00    0.00    0.00    2.00     5  |__qemu-system-aar
22:36:12     1000         -   1755197    0.00    0.00    0.00    0.00    0.00     9  |__call_rcu
22:36:12     1000         -   1755206    1.00    1.00    0.00    0.00    2.00     6  |__CPU 0/TCG
22:36:13     1000   1755190         -    1.00    0.00    0.00    0.00    1.00     5  qemu-system-aar
22:36:13     1000         -   1755190    0.00    0.00    0.00    0.00    0.00     5  |__qemu-system-aar
22:36:13     1000         -   1755197    0.00    0.00    0.00    0.00    0.00     9  |__call_rcu
22:36:13     1000         -   1755206    0.00    0.00    0.00    0.00    0.00     6  |__CPU 0/TCG
22:36:14     1000   1755190         -    2.00    0.00    0.00    0.00    2.00     5  qemu-system-aar
22:36:14     1000         -   1755190    1.00    0.00    0.00    0.00    1.00     5  |__qemu-system-aar
22:36:14     1000         -   1755197    0.00    0.00    0.00    0.00    0.00     9  |__call_rcu
22:36:14     1000         -   1755206    1.00    0.00    0.00    0.00    1.00     7  |__CPU 0/TCG
22:36:15     1000   1755190         -    1.00    0.00    0.00    0.00    1.00     5  qemu-system-aar
22:36:15     1000         -   1755190    1.00    0.00    0.00    0.00    1.00     5  |__qemu-system-aar
22:36:15     1000         -   1755197    0.00    0.00    0.00    0.00    0.00     9  |__call_rcu
22:36:15     1000         -   1755206    1.00    0.00    0.00    0.00    1.00    18  |__CPU 0/TCG
22:36:16     1000   1755190         -    1.00    0.00    0.00    0.00    1.00     5  qemu-system-aar
22:36:16     1000         -   1755190    0.00    0.00    0.00    0.00    0.00     5  |__qemu-system-aar
22:36:16     1000         -   1755197    0.00    0.00    0.00    0.00    0.00     9  |__call_rcu
22:36:16     1000         -   1755206    1.00    0.00    0.00    0.00    1.00    18  |__CPU 0/TCG
22:36:17     1000   1755190         -    2.00    1.00    0.00    0.00    3.00     7  qemu-system-aar
22:36:17     1000         -   1755190    1.00    0.00    0.00    0.00    1.00     7  |__qemu-system-aar
22:36:17     1000         -   1755197    0.00    0.00    0.00    0.00    0.00     9  |__call_rcu
22:36:17     1000         -   1755206    1.00    0.00    0.00    0.00    1.00    17  |__CPU 0/TCG
22:36:18     1000   1755190         -    1.00    0.00    0.00    0.00    1.00     7  qemu-system-aar
22:36:18     1000         -   1755190    0.00    0.00    0.00    0.00    0.00     7  |__qemu-system-aar
22:36:18     1000         -   1755197    0.00    0.00    0.00    0.00    0.00     9  |__call_rcu
22:36:18     1000         -   1755206    0.00    0.00    0.00    0.00    0.00    16  |__CPU 0/TCG
22:36:19     1000   1755190         -    2.00    0.00    0.00    0.00    2.00     7  qemu-system-aar
22:36:19     1000         -   1755190    1.00    0.00    0.00    0.00    1.00     7  |__qemu-system-aar
22:36:19     1000         -   1755197    0.00    0.00    0.00    0.00    0.00     9  |__call_rcu
22:36:19     1000         -   1755206    1.00    0.00    0.00    0.00    1.00    16  |__CPU 0/TCG
22:36:20     1000   1755190         -    1.00    0.00    0.00    0.00    1.00     7  qemu-system-aar
22:36:20     1000         -   1755190    0.00    1.00    0.00    0.00    1.00     7  |__qemu-system-aar
22:36:20     1000         -   1755197    0.00    0.00    0.00    0.00    0.00     9  |__call_rcu
22:36:20     1000         -   1755206    1.00    0.00    0.00    0.00    1.00    17  |__CPU 0/TCG
22:36:21     1000   1755190         -    1.00    0.00    0.00    0.00    1.00     7  qemu-system-aar
22:36:21     1000         -   1755190    1.00    0.00    0.00    0.00    1.00     7  |__qemu-system-aar
22:36:21     1000         -   1755197    0.00    0.00    0.00    0.00    0.00     9  |__call_rcu
22:36:21     1000         -   1755206    1.00    0.00    0.00    0.00    1.00    17  |__CPU 0/TCG
22:36:22     1000   1755190         -    2.00    0.00    0.00    0.00    2.00    16  qemu-system-aar
22:36:22     1000         -   1755190    0.00    0.00    0.00    0.00    0.00    16  |__qemu-system-aar
22:36:22     1000         -   1755197    0.00    0.00    0.00    0.00    0.00     9  |__call_rcu
22:36:22     1000         -   1755206    1.00    0.00    0.00    0.00    1.00    17  |__CPU 0/TCG
22:36:23     1000   1755190         -    1.00    1.00    0.00    0.00    2.00    17  qemu-system-aar
22:36:23     1000         -   1755190    1.00    0.00    0.00    0.00    1.00    17  |__qemu-system-aar
22:36:23     1000         -   1755197    0.00    0.00    0.00    0.00    0.00     9  |__call_rcu
22:36:23     1000         -   1755206    1.00    0.00    0.00    0.00    1.00    16  |__CPU 0/TCG
22:36:24     1000   1755190         -    1.00    0.00    0.00    0.00    1.00    18  qemu-system-aar
22:36:24     1000         -   1755190    0.00    0.00    0.00    0.00    0.00    18  |__qemu-system-aar
22:36:24     1000         -   1755197    0.00    0.00    0.00    0.00    0.00     9  |__call_rcu
22:36:24     1000         -   1755206    0.00    0.00    0.00    0.00    0.00    16  |__CPU 0/TCG
22:36:25     1000   1755190         -    2.00    0.00    0.00    0.00    2.00    17  qemu-system-aar
22:36:25     1000         -   1755190    1.00    0.00    0.00    0.00    1.00    17  |__qemu-system-aar
22:36:25     1000         -   1755197    0.00    0.00    0.00    0.00    0.00     9  |__call_rcu
22:36:25     1000         -   1755206    1.00    0.00    0.00    0.00    1.00    19  |__CPU 0/TCG
22:36:26     1000   1755190         -    1.00    0.00    0.00    0.00    1.00    17  qemu-system-aar
22:36:26     1000         -   1755190    1.00    0.00    0.00    0.00    1.00    17  |__qemu-system-aar
22:36:26     1000         -   1755197    0.00    0.00    0.00    0.00    0.00     9  |__call_rcu
22:36:26     1000         -   1755206    1.00    0.00    0.00    0.00    1.00    19  |__CPU 0/TCG
22:36:27     1000   1755190         -    2.00    0.00    0.00    0.00    2.00    17  qemu-system-aar
22:36:27     1000         -   1755190    0.00    0.00    0.00    0.00    0.00    17  |__qemu-system-aar
22:36:27     1000         -   1755197    0.00    0.00    0.00    0.00    0.00     9  |__call_rcu
22:36:27     1000         -   1755206    1.00    1.00    0.00    0.00    2.00    19  |__CPU 0/TCG
22:36:28     1000   1755190         -    1.00    0.00    0.00    0.00    1.00    18  qemu-system-aar
22:36:28     1000         -   1755190    1.00    1.00    0.00    0.00    2.00    18  |__qemu-system-aar
22:36:28     1000         -   1755197    0.00    0.00    0.00    0.00    0.00     9  |__call_rcu
22:36:28     1000         -   1755206    0.00    0.00    0.00    0.00    0.00    19  |__CPU 0/TCG
22:36:29     1000   1755190         -    1.00    0.00    0.00    0.00    1.00    19  qemu-system-aar
22:36:29     1000         -   1755190    0.00    0.00    0.00    0.00    0.00    19  |__qemu-system-aar
22:36:29     1000         -   1755197    0.00    0.00    0.00    0.00    0.00     9  |__call_rcu
22:36:29     1000         -   1755206    1.00    0.00    0.00    0.00    1.00    21  |__CPU 0/TCG
22:36:30     1000   1755190         -    2.00    1.00    0.00    0.00    3.00    17  qemu-system-aar
22:36:30     1000         -   1755190    1.00    0.00    0.00    0.00    1.00    17  |__qemu-system-aar
22:36:30     1000         -   1755197    0.00    0.00    0.00    0.00    0.00     9  |__call_rcu
22:36:30     1000         -   1755206    1.00    0.00    0.00    0.00    1.00    21  |__CPU 0/TCG
22:36:31     1000   1755190         -    1.00    0.00    0.00    0.00    1.00    17  qemu-system-aar
22:36:31     1000         -   1755190    0.00    0.00    0.00    0.00    0.00    17  |__qemu-system-aar
22:36:31     1000         -   1755197    0.00    0.00    0.00    0.00    0.00     9  |__call_rcu
22:36:31     1000         -   1755206    1.00    0.00    0.00    0.00    1.00    23  |__CPU 0/TCG
22:36:32     1000   1755190         -    1.00    0.00    0.00    0.00    1.00    17  qemu-system-aar
22:36:32     1000         -   1755190    1.00    0.00    0.00    0.00    1.00    17  |__qemu-system-aar
22:36:32     1000         -   1755197    0.00    0.00    0.00    0.00    0.00     9  |__call_rcu
22:36:32     1000         -   1755206    1.00    0.00    0.00    0.00    1.00    22  |__CPU 0/TCG
22:36:33     1000   1755190         -    2.00    0.00    0.00    0.00    2.00    17  qemu-system-aar
22:36:33     1000         -   1755190    0.00    0.00    0.00    0.00    0.00    17  |__qemu-system-aar
22:36:33     1000         -   1755197    0.00    0.00    0.00    0.00    0.00     9  |__call_rcu
22:36:33     1000         -   1755206    0.00    0.00    0.00    0.00    0.00    23  |__CPU 0/TCG
22:36:34     1000   1755190         -    1.00    0.00    0.00    0.00    1.00    21  qemu-system-aar
22:36:34     1000         -   1755190    1.00    0.00    0.00    0.00    1.00    21  |__qemu-system-aar
22:36:34     1000         -   1755197    0.00    0.00    0.00    0.00    0.00     9  |__call_rcu
22:36:34     1000         -   1755206    1.00    0.00    0.00    0.00    1.00    22  |__CPU 0/TCG
22:36:35     1000   1755190         -    1.00    0.00    0.00    0.00    1.00    17  qemu-system-aar
22:36:35     1000         -   1755190    0.00    0.00    0.00    0.00    0.00    17  |__qemu-system-aar
22:36:35     1000         -   1755197    0.00    0.00    0.00    0.00    0.00     9  |__call_rcu
22:36:35     1000         -   1755206    1.00    0.00    0.00    0.00    1.00    19  |__CPU 0/TCG
22:36:36     1000   1755190         -    2.00    1.00    0.00    0.00    3.00    17  qemu-system-aar
22:36:36     1000         -   1755190    1.00    1.00    0.00    0.00    2.00    17  |__qemu-system-aar
22:36:36     1000         -   1755197    0.00    0.00    0.00    0.00    0.00     9  |__call_rcu
22:36:36     1000         -   1755206    1.00    0.00    0.00    0.00    1.00    22  |__CPU 0/TCG
22:36:37     1000   1755190         -    1.00    0.00    0.00    0.00    1.00    17  qemu-system-aar
22:36:37     1000         -   1755190    1.00    0.00    0.00    0.00    1.00    17  |__qemu-system-aar
22:36:37     1000         -   1755197    0.00    0.00    0.00    0.00    0.00     9  |__call_rcu
22:36:37     1000         -   1755206    1.00    0.00    0.00    0.00    1.00    22  |__CPU 0/TCG
22:36:38     1000   1755190         -    2.00    0.00    0.00    0.00    2.00    18  qemu-system-aar
22:36:38     1000         -   1755190    0.00    0.00    0.00    0.00    0.00    18  |__qemu-system-aar
22:36:38     1000         -   1755197    0.00    0.00    0.00    0.00    0.00     9  |__call_rcu
22:36:38     1000         -   1755206    0.00    0.00    0.00    0.00    0.00    21  |__CPU 0/TCG
22:36:39     1000   1755190         -    1.00    0.00    0.00    0.00    1.00    19  qemu-system-aar
22:36:39     1000         -   1755190    1.00    0.00    0.00    0.00    1.00    19  |__qemu-system-aar
22:36:39     1000         -   1755197    0.00    0.00    0.00    0.00    0.00     9  |__call_rcu
22:36:39     1000         -   1755206    1.00    0.00    0.00    0.00    1.00    21  |__CPU 0/TCG
22:36:40     1000   1755190         -    1.00    0.00    0.00    0.00    1.00    19  qemu-system-aar
22:36:40     1000         -   1755190    0.00    0.00    0.00    0.00    0.00    19  |__qemu-system-aar
22:36:40     1000         -   1755197    0.00    0.00    0.00    0.00    0.00     9  |__call_rcu
22:36:40     1000         -   1755206    1.00    0.00    0.00    0.00    1.00    21  |__CPU 0/TCG
22:36:41     1000   1755190         -    2.00    0.00    0.00    0.00    2.00    19  qemu-system-aar
22:36:41     1000         -   1755190    1.00    0.00    0.00    0.00    1.00    19  |__qemu-system-aar
22:36:41     1000         -   1755197    0.00    0.00    0.00    0.00    0.00     9  |__call_rcu
22:36:41     1000         -   1755206    1.00    0.00    0.00    0.00    1.00    21  |__CPU 0/TCG
22:36:42     1000   1755190         -    1.00    1.00    0.00    0.00    2.00    19  qemu-system-aar
22:36:42     1000         -   1755190    0.00    0.00    0.00    0.00    0.00    19  |__qemu-system-aar
22:36:42     1000         -   1755197    0.00    0.00    0.00    0.00    0.00     9  |__call_rcu
22:36:42     1000         -   1755206    0.00    0.00    0.00    0.00    0.00    18  |__CPU 0/TCG
22:36:43     1000   1755190         -    1.00    0.00    0.00    0.00    1.00    18  qemu-system-aar
22:36:43     1000         -   1755190    1.00    0.00    0.00    0.00    1.00    18  |__qemu-system-aar
22:36:43     1000         -   1755197    0.00    0.00    0.00    0.00    0.00     9  |__call_rcu
22:36:43     1000         -   1755206    1.00    1.00    0.00    0.00    2.00    19  |__CPU 0/TCG
22:36:44     1000   1755190         -    2.00    0.00    0.00    0.00    2.00    20  qemu-system-aar
22:36:44     1000         -   1755190    0.00    0.00    0.00    0.00    0.00    20  |__qemu-system-aar
22:36:44     1000         -   1755197    0.00    0.00    0.00    0.00    0.00     9  |__call_rcu
22:36:44     1000         -   1755206    1.00    0.00    0.00    0.00    1.00    21  |__CPU 0/TCG
22:36:45     1000   1755190         -    1.00    0.00    0.00    0.00    1.00    20  qemu-system-aar
22:36:45     1000         -   1755190    1.00    1.00    0.00    0.00    2.00    20  |__qemu-system-aar
22:36:45     1000         -   1755197    0.00    0.00    0.00    0.00    0.00     9  |__call_rcu
22:36:45     1000         -   1755206    1.00    0.00    0.00    0.00    1.00    18  |__CPU 0/TCG
22:36:46     1000   1755190         -    2.00    0.00    0.00    0.00    2.00    21  qemu-system-aar
22:36:46     1000         -   1755190    1.00    0.00    0.00    0.00    1.00    21  |__qemu-system-aar
22:36:46     1000         -   1755197    0.00    0.00    0.00    0.00    0.00     9  |__call_rcu
22:36:46     1000         -   1755206    1.00    0.00    0.00    0.00    1.00    18  |__CPU 0/TCG
22:36:47     1000   1755190         -    1.00    0.00    0.00    0.00    1.00    22  qemu-system-aar
22:36:47     1000         -   1755190    0.00    0.00    0.00    0.00    0.00    22  |__qemu-system-aar
22:36:47     1000         -   1755197    0.00    0.00    0.00    0.00    0.00     9  |__call_rcu
22:36:47     1000         -   1755206    0.00    0.00    0.00    0.00    0.00    18  |__CPU 0/TCG
22:36:48     1000   1755190         -    1.00    0.00    0.00    0.00    1.00    21  qemu-system-aar
22:36:48     1000         -   1755190    0.00    0.00    0.00    0.00    0.00    21  |__qemu-system-aar
22:36:48     1000         -   1755197    0.00    0.00    0.00    0.00    0.00     9  |__call_rcu
22:36:48     1000         -   1755206    1.00    0.00    0.00    0.00    1.00    18  |__CPU 0/TCG
22:36:49     1000   1755190         -    1.00    1.00    0.00    0.00    2.00    19  qemu-system-aar
22:36:49     1000         -   1755190    1.00    0.00    0.00    0.00    1.00    19  |__qemu-system-aar
22:36:49     1000         -   1755197    0.00    0.00    0.00    0.00    0.00     9  |__call_rcu
22:36:49     1000         -   1755206    0.00    0.00    0.00    0.00    0.00    18  |__CPU 0/TCG
22:36:50     1000   1755190         -    1.00    0.00    0.00    0.00    1.00    19  qemu-system-aar
22:36:50     1000         -   1755190    0.00    0.00    0.00    0.00    0.00    19  |__qemu-system-aar
22:36:50     1000         -   1755197    0.00    0.00    0.00    0.00    0.00     9  |__call_rcu
22:36:50     1000         -   1755206    1.00    0.00    0.00    0.00    1.00    18  |__CPU 0/TCG
22:36:51     1000   1755190         -    1.00    0.00    0.00    0.00    1.00    20  qemu-system-aar
22:36:51     1000         -   1755190    1.00    0.00    0.00    0.00    1.00    20  |__qemu-system-aar
22:36:51     1000         -   1755197    0.00    0.00    0.00    0.00    0.00     9  |__call_rcu
22:36:51     1000         -   1755206    1.00    0.00    0.00    0.00    1.00    18  |__CPU 0/TCG
22:36:52     1000   1755190         -    2.00    0.00    0.00    0.00    2.00    21  qemu-system-aar
22:36:52     1000         -   1755190    0.00    0.00    0.00    0.00    0.00    21  |__qemu-system-aar
22:36:52     1000         -   1755197    0.00    0.00    0.00    0.00    0.00     9  |__call_rcu
22:36:52     1000         -   1755206    1.00    0.00    0.00    0.00    1.00    18  |__CPU 0/TCG
22:36:53     1000   1755190         -    1.00    0.00    0.00    0.00    1.00    21  qemu-system-aar
22:36:53     1000         -   1755190    1.00    1.00    0.00    0.00    2.00    21  |__qemu-system-aar
22:36:53     1000         -   1755197    0.00    0.00    0.00    0.00    0.00     9  |__call_rcu
22:36:53     1000         -   1755206    1.00    0.00    0.00    0.00    1.00    18  |__CPU 0/TCG
22:36:54     1000   1755190         -    1.00    0.00    0.00    0.00    1.00    21  qemu-system-aar
22:36:54     1000         -   1755190    1.00    0.00    0.00    0.00    1.00    21  |__qemu-system-aar
22:36:54     1000         -   1755197    0.00    0.00    0.00    0.00    0.00     9  |__call_rcu
22:36:54     1000         -   1755206    0.00    0.00    0.00    0.00    0.00    22  |__CPU 0/TCG
22:36:55     1000   1755190         -    2.00    1.00    0.00    0.00    3.00    22  qemu-system-aar
22:36:55     1000         -   1755190    0.00    0.00    0.00    0.00    0.00    22  |__qemu-system-aar
22:36:55     1000         -   1755197    0.00    0.00    0.00    0.00    0.00     9  |__call_rcu
22:36:55     1000         -   1755206    1.00    0.00    0.00    0.00    1.00    23  |__CPU 0/TCG
22:36:56     1000   1755190         -    1.00    0.00    0.00    0.00    1.00    20  qemu-system-aar
22:36:56     1000         -   1755190    1.00    0.00    0.00    0.00    1.00    20  |__qemu-system-aar
22:36:56     1000         -   1755197    0.00    0.00    0.00    0.00    0.00     9  |__call_rcu
22:36:56     1000         -   1755206    1.00    0.00    0.00    0.00    1.00    23  |__CPU 0/TCG
22:36:57     1000   1755190         -    2.00    0.00    0.00    0.00    2.00    20  qemu-system-aar
22:36:57     1000         -   1755190    0.00    0.00    0.00    0.00    0.00    20  |__qemu-system-aar
22:36:57     1000         -   1755197    0.00    0.00    0.00    0.00    0.00     9  |__call_rcu
22:36:57     1000         -   1755206    1.00    0.00    0.00    0.00    1.00     4  |__CPU 0/TCG
22:36:58     1000   1755190         -    1.00    0.00    0.00    0.00    1.00    20  qemu-system-aar
22:36:58     1000         -   1755190    1.00    0.00    0.00    0.00    1.00    20  |__qemu-system-aar
22:36:58     1000         -   1755197    0.00    0.00    0.00    0.00    0.00     9  |__call_rcu
22:36:58     1000         -   1755206    1.00    1.00    0.00    0.00    2.00    22  |__CPU 0/TCG
22:36:59     1000   1755190         -    1.00    0.00    0.00    0.00    1.00    22  qemu-system-aar
22:36:59     1000         -   1755190    0.00    0.00    0.00    0.00    0.00    22  |__qemu-system-aar
22:36:59     1000         -   1755197    0.00    0.00    0.00    0.00    0.00     9  |__call_rcu
22:36:59     1000         -   1755206    0.00    0.00    0.00    0.00    0.00     1  |__CPU 0/TCG
22:37:00     1000   1755190         -    2.00    0.00    0.00    0.00    2.00    22  qemu-system-aar
22:37:00     1000         -   1755190    1.00    0.00    0.00    0.00    1.00    22  |__qemu-system-aar
22:37:00     1000         -   1755197    0.00    0.00    0.00    0.00    0.00     9  |__call_rcu
22:37:00     1000         -   1755206    1.00    0.00    0.00    0.00    1.00    20  |__CPU 0/TCG
22:37:01     1000   1755190         -    1.00    1.00    0.00    0.00    2.00    21  qemu-system-aar
22:37:01     1000         -   1755190    0.00    0.00    0.00    0.00    0.00    21  |__qemu-system-aar
22:37:01     1000         -   1755197    0.00    0.00    0.00    0.00    0.00     9  |__call_rcu
22:37:01     1000         -   1755206    1.00    0.00    0.00    0.00    1.00    23  |__CPU 0/TCG
22:37:02     1000   1755190         -    2.00    0.00    0.00    0.00    2.00    22  qemu-system-aar
22:37:02     1000         -   1755190    1.00    1.00    0.00    0.00    2.00    22  |__qemu-system-aar
22:37:02     1000         -   1755197    0.00    0.00    0.00    0.00    0.00     9  |__call_rcu
22:37:02     1000         -   1755206    1.00    0.00    0.00    0.00    1.00     1  |__CPU 0/TCG
22:37:03     1000   1755190         -    1.00    0.00    0.00    0.00    1.00    22  qemu-system-aar
22:37:03     1000         -   1755190    0.00    0.00    0.00    0.00    0.00    22  |__qemu-system-aar
22:37:03     1000         -   1755197    0.00    0.00    0.00    0.00    0.00     9  |__call_rcu
22:37:03     1000         -   1755206    1.00    0.00    0.00    0.00    1.00    23  |__CPU 0/TCG
22:37:04     1000   1755190         -    1.00    0.00    0.00    0.00    1.00     1  qemu-system-aar
22:37:04     1000         -   1755190    1.00    0.00    0.00    0.00    1.00     1  |__qemu-system-aar
22:37:04     1000         -   1755197    0.00    0.00    0.00    0.00    0.00     9  |__call_rcu
22:37:04     1000         -   1755206    0.00    0.00    0.00    0.00    0.00     2  |__CPU 0/TCG
22:37:05     1000   1755190         -    2.00    0.00    0.00    0.00    2.00     5  qemu-system-aar
22:37:05     1000         -   1755190    1.00    0.00    0.00    0.00    1.00     5  |__qemu-system-aar
22:37:05     1000         -   1755197    0.00    0.00    0.00    0.00    0.00     9  |__call_rcu
22:37:05     1000         -   1755206    1.00    0.00    0.00    0.00    1.00     2  |__CPU 0/TCG
22:37:06     1000   1755190         -    1.00    0.00    0.00    0.00    1.00     6  qemu-system-aar
22:37:06     1000         -   1755190    0.00    0.00    0.00    0.00    0.00     6  |__qemu-system-aar
22:37:06     1000         -   1755197    0.00    0.00    0.00    0.00    0.00     9  |__call_rcu
22:37:06     1000         -   1755206    1.00    0.00    0.00    0.00    1.00     7  |__CPU 0/TCG
22:37:07     1000   1755190         -    2.00    1.00    0.00    0.00    3.00     6  qemu-system-aar
22:37:07     1000         -   1755190    1.00    0.00    0.00    0.00    1.00     6  |__qemu-system-aar
22:37:07     1000         -   1755197    0.00    0.00    0.00    0.00    0.00     9  |__call_rcu
22:37:07     1000         -   1755206    1.00    0.00    0.00    0.00    1.00    16  |__CPU 0/TCG
22:37:08     1000   1755190         -    1.00    0.00    0.00    0.00    1.00     6  qemu-system-aar
22:37:08     1000         -   1755190    0.00    0.00    0.00    0.00    0.00     6  |__qemu-system-aar
22:37:08     1000         -   1755197    0.00    0.00    0.00    0.00    0.00     9  |__call_rcu
22:37:08     1000         -   1755206    1.00    0.00    0.00    0.00    1.00    16  |__CPU 0/TCG
22:37:09     1000   1755190         -    1.00    0.00    0.00    0.00    1.00     6  qemu-system-aar
22:37:09     1000         -   1755190    1.00    0.00    0.00    0.00    1.00     6  |__qemu-system-aar
22:37:09     1000         -   1755197    0.00    0.00    0.00    0.00    0.00     9  |__call_rcu
22:37:09     1000         -   1755206    1.00    0.00    0.00    0.00    1.00    16  |__CPU 0/TCG
22:37:10     1000   1755190         -    2.00    0.00    0.00    0.00    2.00     6  qemu-system-aar
22:37:10     1000         -   1755190    0.00    1.00    0.00    0.00    1.00     6  |__qemu-system-aar
22:37:10     1000         -   1755197    0.00    0.00    0.00    0.00    0.00     9  |__call_rcu
22:37:10     1000         -   1755206    0.00    0.00    0.00    0.00    0.00     7  |__CPU 0/TCG
22:37:11     1000   1755190         -    1.00    0.00    0.00    0.00    1.00    17  qemu-system-aar
22:37:11     1000         -   1755190    1.00    0.00    0.00    0.00    1.00    17  |__qemu-system-aar
22:37:11     1000         -   1755197    0.00    0.00    0.00    0.00    0.00     9  |__call_rcu
22:37:11     1000         -   1755206    1.00    0.00    0.00    0.00    1.00     7  |__CPU 0/TCG
22:37:12     1000   1755190         -    1.00    0.00    0.00    0.00    1.00    17  qemu-system-aar
22:37:12     1000         -   1755190    0.00    0.00    0.00    0.00    0.00    17  |__qemu-system-aar
22:37:12     1000         -   1755197    0.00    0.00    0.00    0.00    0.00     9  |__call_rcu
22:37:12     1000         -   1755206    1.00    0.00    0.00    0.00    1.00    18  |__CPU 0/TCG
22:37:13     1000   1755190         -    2.00    0.00    0.00    0.00    2.00     0  qemu-system-aar
22:37:13     1000         -   1755190    1.00    0.00    0.00    0.00    1.00     0  |__qemu-system-aar
22:37:13     1000         -   1755197    0.00    0.00    0.00    0.00    0.00     9  |__call_rcu
22:37:13     1000         -   1755206    1.00    1.00    0.00    0.00    2.00    18  |__CPU 0/TCG
22:37:14     1000   1755190         -    1.00    1.00    0.00    0.00    2.00    17  qemu-system-aar
22:37:14     1000         -   1755190    1.00    0.00    0.00    0.00    1.00    17  |__qemu-system-aar
22:37:14     1000         -   1755197    0.00    0.00    0.00    0.00    0.00     9  |__call_rcu
22:37:14     1000         -   1755206    1.00    0.00    0.00    0.00    1.00    19  |__CPU 0/TCG
22:37:15     1000   1755190         -    2.00    0.00    0.00    0.00    2.00    17  qemu-system-aar
22:37:15     1000         -   1755190    0.00    0.00    0.00    0.00    0.00    17  |__qemu-system-aar
22:37:15     1000         -   1755197    0.00    0.00    0.00    0.00    0.00     9  |__call_rcu
22:37:15     1000         -   1755206    0.00    0.00    0.00    0.00    0.00    18  |__CPU 0/TCG
22:37:16     1000   1755190         -    1.00    0.00    0.00    0.00    1.00    17  qemu-system-aar
22:37:16     1000         -   1755190    1.00    0.00    0.00    0.00    1.00    17  |__qemu-system-aar
22:37:16     1000         -   1755197    0.00    0.00    0.00    0.00    0.00     9  |__call_rcu
22:37:16     1000         -   1755206    1.00    0.00    0.00    0.00    1.00    18  |__CPU 0/TCG
22:37:17     1000   1755190         -    1.00    0.00    0.00    0.00    1.00    18  qemu-system-aar
22:37:17     1000         -   1755190    0.00    0.00    0.00    0.00    0.00    18  |__qemu-system-aar
22:37:17     1000         -   1755197    0.00    0.00    0.00    0.00    0.00     9  |__call_rcu
22:37:17     1000         -   1755206    1.00    0.00    0.00    0.00    1.00    19  |__CPU 0/TCG
22:37:18     1000   1755190         -    2.00    0.00    0.00    0.00    2.00    17  qemu-system-aar
22:37:18     1000         -   1755190    1.00    1.00    0.00    0.00    2.00    17  |__qemu-system-aar
22:37:18     1000         -   1755197    0.00    0.00    0.00    0.00    0.00     9  |__call_rcu
22:37:18     1000         -   1755206    1.00    0.00    0.00    0.00    1.00    20  |__CPU 0/TCG
22:37:19     1000   1755190         -    1.00    0.00    0.00    0.00    1.00    17  qemu-system-aar
22:37:19     1000         -   1755190    0.00    0.00    0.00    0.00    0.00    17  |__qemu-system-aar
22:37:19     1000         -   1755197    0.00    0.00    0.00    0.00    0.00     9  |__call_rcu
22:37:19     1000         -   1755206    1.00    0.00    0.00    0.00    1.00    19  |__CPU 0/TCG
22:37:20     1000   1755190         -    1.00    1.00    0.00    0.00    2.00    17  qemu-system-aar
22:37:20     1000         -   1755190    1.00    0.00    0.00    0.00    1.00    17  |__qemu-system-aar
22:37:20     1000         -   1755197    0.00    0.00    0.00    0.00    0.00     9  |__call_rcu
22:37:20     1000         -   1755206    0.00    0.00    0.00    0.00    0.00    19  |__CPU 0/TCG
22:37:21     1000   1755190         -    2.00    0.00    0.00    0.00    2.00    17  qemu-system-aar
22:37:21     1000         -   1755190    0.00    0.00    0.00    0.00    0.00    17  |__qemu-system-aar
22:37:21     1000         -   1755197    0.00    0.00    0.00    0.00    0.00     9  |__call_rcu
22:37:21     1000         -   1755206    1.00    0.00    0.00    0.00    1.00    20  |__CPU 0/TCG
22:37:22     1000   1755190         -    1.00    0.00    0.00    0.00    1.00    17  qemu-system-aar
22:37:22     1000         -   1755190    1.00    0.00    0.00    0.00    1.00    17  |__qemu-system-aar
22:37:22     1000         -   1755197    0.00    0.00    0.00    0.00    0.00     9  |__call_rcu
22:37:22     1000         -   1755206    1.00    0.00    0.00    0.00    1.00    21  |__CPU 0/TCG
22:37:23     1000   1755190         -    0.00    3.00    0.00    7.00    3.00     0  qemu-system-aar
22:37:23     1000         -   1755190    1.00    0.00    0.00    7.00    1.00     0  |__qemu-system-aar
22:37:23     1000         -   1755197    0.00    0.00    0.00    0.00    0.00     9  |__call_rcu
22:37:23     1000         -   1755206    0.00    2.00    0.00    2.00    2.00    18  |__CPU 0/TCG
22:37:24     1000   1755190         -    0.00    5.00    0.00    8.00    5.00     6  qemu-system-aar
22:37:24     1000         -   1755190    0.00    2.00    0.00    8.00    2.00     6  |__qemu-system-aar
22:37:24     1000         -   1755197    0.00    0.00    0.00    0.00    0.00     9  |__call_rcu
22:37:24     1000         -   1755206    0.00    3.00    0.00    3.00    3.00     7  |__CPU 0/TCG
22:37:25     1000   1755190         -    0.00    1.00    0.00    0.00    1.00    18  qemu-system-aar
22:37:25     1000         -   1755190    0.00    1.00    0.00    0.00    1.00    18  |__qemu-system-aar
22:37:25     1000         -   1755197    0.00    0.00    0.00    0.00    0.00     9  |__call_rcu
22:37:25     1000         -   1755206    0.00    1.00    0.00    0.00    1.00    20  |__CPU 0/TCG
22:37:26     1000   1755190         -    0.00    1.00    0.00    0.00    1.00    18  qemu-system-aar
22:37:26     1000         -   1755190    0.00    0.00    0.00    0.00    0.00    18  |__qemu-system-aar
22:37:26     1000         -   1755197    0.00    0.00    0.00    0.00    0.00     9  |__call_rcu
22:37:26     1000         -   1755206    0.00    0.00    0.00    0.00    0.00    20  |__CPU 0/TCG
22:37:27     1000   1755190         -    0.00    2.00    0.00    0.00    2.00    18  qemu-system-aar
22:37:27     1000         -   1755190    0.00    1.00    0.00    0.00    1.00    18  |__qemu-system-aar
22:37:27     1000         -   1755197    0.00    0.00    0.00    0.00    0.00     9  |__call_rcu
22:37:27     1000         -   1755206    0.00    1.00    0.00    0.00    1.00    19  |__CPU 0/TCG
22:37:28     1000   1755190         -    0.00    1.00    0.00    0.00    1.00    21  qemu-system-aar
22:37:28     1000         -   1755190    0.00    0.00    0.00    0.00    0.00    21  |__qemu-system-aar
22:37:28     1000         -   1755197    0.00    0.00    0.00    0.00    0.00     9  |__call_rcu
22:37:28     1000         -   1755206    0.00    1.00    0.00    0.00    1.00    23  |__CPU 0/TCG
22:37:29     1000   1755190         -    0.00    2.00    0.00    0.00    2.00    23  qemu-system-aar
22:37:29     1000         -   1755190    0.00    1.00    0.00    0.00    1.00    23  |__qemu-system-aar
22:37:29     1000         -   1755197    0.00    0.00    0.00    0.00    0.00     9  |__call_rcu
22:37:29     1000         -   1755206    0.00    1.00    0.00    0.00    1.00    19  |__CPU 0/TCG
22:37:30     1000   1755190         -    0.00    4.00    0.00    0.00    4.00    30  qemu-system-aar
22:37:30     1000         -   1755190    0.00    2.00    0.00    0.00    2.00    30  |__qemu-system-aar
22:37:30     1000         -   1755197    0.00    0.00    0.00    0.00    0.00     9  |__call_rcu
22:37:30     1000         -   1755206    0.00    3.00    0.00    0.00    3.00    11  |__CPU 0/TCG
22:37:31     1000   1755190         -    1.00    3.00    0.00    0.00    4.00    30  qemu-system-aar
22:37:31     1000         -   1755190    1.00    0.00    0.00    0.00    1.00    30  |__qemu-system-aar
22:37:31     1000         -   1755197    0.00    0.00    0.00    0.00    0.00     9  |__call_rcu
22:37:31     1000         -   1755206    0.00    2.00    0.00    0.00    2.00    28  |__CPU 0/TCG
22:37:32     1000   1755190         -    1.00    0.00    0.00    0.00    1.00    14  qemu-system-aar
22:37:32     1000         -   1755190    0.00    1.00    0.00    0.00    1.00    14  |__qemu-system-aar
22:37:32     1000         -   1755197    0.00    0.00    0.00    0.00    0.00     9  |__call_rcu
22:37:32     1000         -   1755206    0.00    1.00    0.00    0.00    1.00    28  |__CPU 0/TCG
22:37:33     1000   1755190         -    0.00    4.00    0.00    4.00    4.00     3  qemu-system-aar
22:37:33     1000         -   1755190    0.00    1.00    0.00    4.00    1.00     3  |__qemu-system-aar
22:37:33     1000         -   1755197    0.00    0.00    0.00    0.00    0.00     9  |__call_rcu
22:37:33     1000         -   1755206    0.00    2.00    0.00    1.00    2.00     6  |__CPU 0/TCG
22:37:34     1000   1755190         -    0.00    2.00    0.00    0.00    2.00    22  qemu-system-aar
22:37:34     1000         -   1755190    0.00    1.00    0.00    0.00    1.00    22  |__qemu-system-aar
22:37:34     1000         -   1755197    0.00    0.00    0.00    0.00    0.00     9  |__call_rcu
22:37:34     1000         -   1755206    0.00    1.00    0.00    0.00    1.00     0  |__CPU 0/TCG
22:37:35     1000   1755190         -    0.00    3.00    0.00    0.00    3.00     6  qemu-system-aar
22:37:35     1000         -   1755190    0.00    1.00    0.00    0.00    1.00     6  |__qemu-system-aar
22:37:35     1000         -   1755197    0.00    0.00    0.00    0.00    0.00     9  |__call_rcu
22:37:35     1000         -   1755206    1.00    1.00    0.00    0.00    2.00    22  |__CPU 0/TCG
22:37:36     1000   1755190         -    0.00    1.00    0.00    0.00    1.00    21  qemu-system-aar
22:37:36     1000         -   1755190    0.00    1.00    0.00    0.00    1.00    21  |__qemu-system-aar
22:37:36     1000         -   1755197    0.00    0.00    0.00    0.00    0.00     9  |__call_rcu
22:37:36     1000         -   1755206    1.00    0.00    0.00    0.00    1.00    23  |__CPU 0/TCG
22:37:37     1000   1755190         -    1.00    1.00    0.00    0.00    2.00     5  qemu-system-aar
22:37:37     1000         -   1755190    0.00    0.00    0.00    0.00    0.00     5  |__qemu-system-aar
22:37:37     1000         -   1755197    0.00    0.00    0.00    0.00    0.00     9  |__call_rcu
22:37:37     1000         -   1755206    0.00    0.00    0.00    0.00    0.00     1  |__CPU 0/TCG
22:37:38     1000   1755190         -    1.00    0.00    0.00    0.00    1.00     7  qemu-system-aar
22:37:38     1000         -   1755190    0.00    1.00    0.00    0.00    1.00     7  |__qemu-system-aar
22:37:38     1000         -   1755197    0.00    0.00    0.00    0.00    0.00     9  |__call_rcu
22:37:38     1000         -   1755206    1.00    0.00    0.00    0.00    1.00     1  |__CPU 0/TCG
22:37:39     1000   1755190         -    1.00    1.00    0.00    0.00    2.00     5  qemu-system-aar
22:37:39     1000         -   1755190    0.00    0.00    0.00    0.00    0.00     5  |__qemu-system-aar
22:37:39     1000         -   1755197    0.00    0.00    0.00    0.00    0.00     9  |__call_rcu
22:37:39     1000         -   1755206    1.00    0.00    0.00    0.00    1.00     1  |__CPU 0/TCG
22:37:40     1000   1755190         -    2.00    0.00    0.00    0.00    2.00    18  qemu-system-aar
22:37:40     1000         -   1755190    0.00    1.00    0.00    0.00    1.00    18  |__qemu-system-aar
22:37:40     1000         -   1755197    0.00    0.00    0.00    0.00    0.00     9  |__call_rcu
22:37:40     1000         -   1755206    1.00    1.00    0.00    0.00    2.00    19  |__CPU 0/TCG
22:37:41     1000   1755190         -    3.00    1.00    0.00    0.00    4.00    19  qemu-system-aar
22:37:41     1000         -   1755190    0.00    2.00    0.00    0.00    2.00    19  |__qemu-system-aar
22:37:41     1000         -   1755197    0.00    0.00    0.00    0.00    0.00     9  |__call_rcu
22:37:41     1000         -   1755206    1.00    0.00    0.00    0.00    1.00    22  |__CPU 0/TCG
22:37:42     1000   1755190         -    1.00    0.00    0.00    0.00    1.00    17  qemu-system-aar
22:37:42     1000         -   1755190    1.00    0.00    0.00    0.00    1.00    17  |__qemu-system-aar
22:37:42     1000         -   1755197    0.00    0.00    0.00    0.00    0.00     9  |__call_rcu
22:37:42     1000         -   1755206    1.00    0.00    0.00    0.00    1.00    22  |__CPU 0/TCG
22:37:43     1000   1755190         -    0.00    4.00    0.00    3.00    4.00    20  qemu-system-aar
22:37:43     1000         -   1755190    0.00    2.00    0.00    3.00    2.00    20  |__qemu-system-aar
22:37:43     1000         -   1755197    0.00    0.00    0.00    0.00    0.00     9  |__call_rcu
22:37:43     1000         -   1755206    2.00    0.00    0.00    2.00    2.00    20  |__CPU 0/TCG
22:37:44     1000   1755190         -    0.00    5.00    0.00    7.00    5.00     3  qemu-system-aar
22:37:44     1000         -   1755190    0.00    2.00    0.00    7.00    2.00     3  |__qemu-system-aar
22:37:44     1000         -   1755197    0.00    0.00    0.00    0.00    0.00     9  |__call_rcu
22:37:44     1000         -   1755206    3.00    0.00    0.00    4.00    3.00     3  |__CPU 0/TCG
22:37:45     1000   1755190         -    0.00    4.00    0.00    4.00    4.00     3  qemu-system-aar
22:37:45     1000         -   1755190    0.00    2.00    0.00    4.00    2.00     3  |__qemu-system-aar
22:37:45     1000         -   1755197    0.00    0.00    0.00    0.00    0.00     9  |__call_rcu
22:37:45     1000         -   1755206    0.00    3.00    0.00    2.00    3.00     3  |__CPU 0/TCG
22:37:46     1000   1755190         -    0.00    4.95    0.00    8.91    4.95     1  qemu-system-aar
22:37:46     1000         -   1755190    0.00    1.98    0.00    8.91    1.98     1  |__qemu-system-aar
22:37:46     1000         -   1755197    0.00    0.00    0.00    0.00    0.00     9  |__call_rcu
22:37:46     1000         -   1755206    1.98    0.00    0.00    1.98    1.98     1  |__CPU 0/TCG
22:37:47     1000   1755190         -    0.00    4.00    0.00    6.00    4.00     1  qemu-system-aar
22:37:47     1000         -   1755190    0.00    2.00    0.00    6.00    2.00     1  |__qemu-system-aar
22:37:47     1000         -   1755197    0.00    0.00    0.00    0.00    0.00     9  |__call_rcu
22:37:47     1000         -   1755206    2.00    0.00    0.00    6.00    2.00     1  |__CPU 0/TCG
22:37:48     1000   1755190         -    1.00    6.00    0.00    9.00    7.00    21  qemu-system-aar
22:37:48     1000         -   1755190    0.00    3.00    0.00    9.00    3.00    21  |__qemu-system-aar
22:37:48     1000         -   1755197    0.00    0.00    0.00    0.00    0.00     9  |__call_rcu
22:37:48     1000         -   1755206    0.00    3.00    0.00    7.00    3.00    21  |__CPU 0/TCG
22:37:49     1000   1755190         -    0.00    5.00    0.00    6.00    5.00     5  qemu-system-aar
22:37:49     1000         -   1755190    0.00    3.00    0.00    6.00    3.00     5  |__qemu-system-aar
22:37:49     1000         -   1755197    0.00    0.00    0.00    0.00    0.00     9  |__call_rcu
22:37:49     1000         -   1755206    2.00    1.00    0.00    6.00    3.00     5  |__CPU 0/TCG
22:37:50     1000   1755190         -    3.00    2.00    0.00    5.00    5.00    21  qemu-system-aar
22:37:50     1000         -   1755190    0.00    2.00    0.00    5.00    2.00    21  |__qemu-system-aar
22:37:50     1000         -   1755197    0.00    0.00    0.00    0.00    0.00     9  |__call_rcu
22:37:50     1000         -   1755206    3.00    1.00    0.00    5.00    4.00    21  |__CPU 0/TCG
22:37:51     1000   1755190         -    4.00    1.00    0.00    4.00    5.00    22  qemu-system-aar
22:37:51     1000         -   1755190    0.00    2.00    0.00    4.00    2.00    22  |__qemu-system-aar
22:37:51     1000         -   1755197    0.00    0.00    0.00    0.00    0.00     9  |__call_rcu
22:37:51     1000         -   1755206    2.00    0.00    0.00    2.00    2.00    22  |__CPU 0/TCG
22:37:52     1000   1755190         -    4.00    2.00    0.00    5.00    6.00    22  qemu-system-aar
22:37:52     1000         -   1755190    0.00    3.00    0.00    5.00    3.00    22  |__qemu-system-aar
22:37:52     1000         -   1755197    0.00    0.00    0.00    0.00    0.00     9  |__call_rcu
22:37:52     1000         -   1755206    3.00    1.00    0.00    4.00    4.00    22  |__CPU 0/TCG
22:37:53     1000   1755190         -    4.00    1.00    0.00    4.00    5.00    22  qemu-system-aar
22:37:53     1000         -   1755190    0.00    2.00    0.00    4.00    2.00    22  |__qemu-system-aar
22:37:53     1000         -   1755197    0.00    0.00    0.00    0.00    0.00     9  |__call_rcu
22:37:53     1000         -   1755206    3.00    0.00    0.00    2.00    3.00    22  |__CPU 0/TCG
22:37:54     1000   1755190         -    4.00    1.00    0.00    4.00    5.00     0  qemu-system-aar
22:37:54     1000         -   1755190    0.00    2.00    0.00    4.00    2.00     0  |__qemu-system-aar
22:37:54     1000         -   1755197    0.00    0.00    0.00    0.00    0.00     9  |__call_rcu
22:37:54     1000         -   1755206    2.00    1.00    0.00    3.00    3.00     0  |__CPU 0/TCG
22:37:55     1000   1755190         -    4.00    1.00    0.00    5.00    5.00    16  qemu-system-aar
22:37:55     1000         -   1755190    0.00    2.00    0.00    5.00    2.00    16  |__qemu-system-aar
22:37:55     1000         -   1755197    0.00    0.00    0.00    0.00    0.00     9  |__call_rcu
22:37:55     1000         -   1755206    2.00    0.00    0.00    2.00    2.00    16  |__CPU 0/TCG
22:37:56     1000   1755190         -    5.00    0.00    0.00    4.00    5.00     0  qemu-system-aar
22:37:56     1000         -   1755190    0.00    3.00    0.00    4.00    3.00     0  |__qemu-system-aar
22:37:56     1000         -   1755197    0.00    0.00    0.00    0.00    0.00     9  |__call_rcu
22:37:56     1000         -   1755206    3.00    0.00    0.00    2.00    3.00     0  |__CPU 0/TCG
22:37:57     1000   1755190         -    5.00    0.00    0.00    0.00    5.00     2  qemu-system-aar
22:37:57     1000         -   1755190    0.00    2.00    0.00    0.00    2.00     2  |__qemu-system-aar
22:37:57     1000         -   1755197    0.00    0.00    0.00    0.00    0.00     9  |__call_rcu
22:37:57     1000         -   1755206    3.00    0.00    0.00    0.00    3.00     4  |__CPU 0/TCG
22:37:58     1000   1755190         -    4.00    0.00    0.00    0.00    4.00     6  qemu-system-aar
22:37:58     1000         -   1755190    0.00    1.00    0.00    0.00    1.00     6  |__qemu-system-aar
22:37:58     1000         -   1755197    0.00    0.00    0.00    0.00    0.00     9  |__call_rcu
22:37:58     1000         -   1755206    2.00    0.00    0.00    0.00    2.00    18  |__CPU 0/TCG
22:37:59     1000   1755190         -    1.00    1.00    0.00    0.00    2.00     6  qemu-system-aar
22:37:59     1000         -   1755190    0.00    0.00    0.00    0.00    0.00     6  |__qemu-system-aar
22:37:59     1000         -   1755197    0.00    0.00    0.00    0.00    0.00     9  |__call_rcu
22:37:59     1000         -   1755206    2.00    1.00    0.00    0.00    3.00    18  |__CPU 0/TCG
22:38:00     1000   1755190         -    1.00    0.00    0.00    0.00    1.00    19  qemu-system-aar
22:38:00     1000         -   1755190    0.00    1.00    0.00    0.00    1.00    19  |__qemu-system-aar
22:38:00     1000         -   1755197    0.00    0.00    0.00    0.00    0.00     9  |__call_rcu
22:38:00     1000         -   1755206    0.00    0.00    0.00    0.00    0.00    21  |__CPU 0/TCG
22:38:01     1000   1755190         -    1.00    1.00    0.00    0.00    2.00    22  qemu-system-aar
22:38:01     1000         -   1755190    0.00    0.00    0.00    0.00    0.00    22  |__qemu-system-aar
22:38:01     1000         -   1755197    0.00    0.00    0.00    0.00    0.00     9  |__call_rcu
22:38:01     1000         -   1755206    1.00    0.00    0.00    0.00    1.00    23  |__CPU 0/TCG
22:38:02     1000   1755190         -    1.00    0.00    0.00    0.00    1.00    19  qemu-system-aar
22:38:02     1000         -   1755190    0.00    1.00    0.00    0.00    1.00    19  |__qemu-system-aar
22:38:02     1000         -   1755197    0.00    0.00    0.00    0.00    0.00     9  |__call_rcu
22:38:02     1000         -   1755206    0.00    0.00    0.00    0.00    0.00    23  |__CPU 0/TCG
22:38:03     1000   1755190         -    2.00    0.00    0.00    0.00    2.00    22  qemu-system-aar
22:38:03     1000         -   1755190    0.00    1.00    0.00    0.00    1.00    22  |__qemu-system-aar
22:38:03     1000         -   1755197    0.00    0.00    0.00    0.00    0.00     9  |__call_rcu
22:38:03     1000         -   1755206    1.00    0.00    0.00    0.00    1.00    21  |__CPU 0/TCG
22:38:04     1000   1755190         -    0.00    0.00    0.00    0.00    0.00    23  qemu-system-aar
22:38:04     1000         -   1755190    0.00    0.00    0.00    0.00    0.00    23  |__qemu-system-aar
22:38:04     1000         -   1755197    0.00    0.00    0.00    0.00    0.00     9  |__call_rcu
22:38:04     1000         -   1755206    1.00    0.00    0.00    0.00    1.00     1  |__CPU 0/TCG
22:38:05     1000   1755190         -    1.00    1.00    0.00    0.00    2.00    23  qemu-system-aar
22:38:05     1000         -   1755190    0.00    0.00    0.00    0.00    0.00    23  |__qemu-system-aar
22:38:05     1000         -   1755197    0.00    0.00    0.00    0.00    0.00     9  |__call_rcu
22:38:05     1000         -   1755206    0.00    0.00    0.00    0.00    0.00     1  |__CPU 0/TCG
22:38:06     1000   1755190         -    1.00    0.00    0.00    0.00    1.00     2  qemu-system-aar
22:38:06     1000         -   1755190    1.00    0.00    0.00    0.00    1.00     2  |__qemu-system-aar
22:38:06     1000         -   1755197    0.00    0.00    0.00    0.00    0.00     9  |__call_rcu
22:38:06     1000         -   1755206    1.00    1.00    0.00    0.00    2.00     1  |__CPU 0/TCG
22:38:07     1000   1755190         -    1.00    0.00    0.00    0.00    1.00    23  qemu-system-aar
22:38:07     1000         -   1755190    0.00    0.00    0.00    0.00    0.00    23  |__qemu-system-aar
22:38:07     1000         -   1755197    0.00    0.00    0.00    0.00    0.00     9  |__call_rcu
22:38:07     1000         -   1755206    1.00    0.00    0.00    0.00    1.00    21  |__CPU 0/TCG
22:38:08     1000   1755190         -    1.00    1.00    0.00    0.00    2.00     2  qemu-system-aar
22:38:08     1000         -   1755190    0.00    1.00    0.00    0.00    1.00     2  |__qemu-system-aar
22:38:08     1000         -   1755197    0.00    0.00    0.00    0.00    0.00     9  |__call_rcu
22:38:08     1000         -   1755206    0.00    0.00    0.00    0.00    0.00    21  |__CPU 0/TCG
22:38:09     1000   1755190         -    1.00    0.00    0.00    0.00    1.00    23  qemu-system-aar
22:38:09     1000         -   1755190    1.00    0.00    0.00    0.00    1.00    23  |__qemu-system-aar
22:38:09     1000         -   1755197    0.00    0.00    0.00    0.00    0.00     9  |__call_rcu
22:38:09     1000         -   1755206    1.00    0.00    0.00    0.00    1.00     3  |__CPU 0/TCG
22:38:10     1000   1755190         -    1.00    0.00    0.00    0.00    1.00     1  qemu-system-aar
22:38:10     1000         -   1755190    0.00    0.00    0.00    0.00    0.00     1  |__qemu-system-aar
22:38:10     1000         -   1755197    0.00    0.00    0.00    0.00    0.00     9  |__call_rcu
22:38:10     1000         -   1755206    0.00    0.00    0.00    0.00    0.00     3  |__CPU 0/TCG
22:38:11     1000   1755190         -    1.00    0.00    0.00    0.00    1.00    23  qemu-system-aar
22:38:11     1000         -   1755190    0.00    0.00    0.00    0.00    0.00    23  |__qemu-system-aar
22:38:11     1000         -   1755197    0.00    0.00    0.00    0.00    0.00     9  |__call_rcu
22:38:11     1000         -   1755206    1.00    0.00    0.00    0.00    1.00    21  |__CPU 0/TCG
22:38:12     1000   1755190         -    1.00    1.00    0.00    0.00    2.00    23  qemu-system-aar
22:38:12     1000         -   1755190    1.00    0.00    0.00    0.00    1.00    23  |__qemu-system-aar
22:38:12     1000         -   1755197    0.00    0.00    0.00    0.00    0.00     9  |__call_rcu
22:38:12     1000         -   1755206    1.00    0.00    0.00    0.00    1.00    21  |__CPU 0/TCG
22:38:13     1000   1755190         -    1.00    0.00    0.00    0.00    1.00    23  qemu-system-aar
22:38:13     1000         -   1755190    0.00    1.00    0.00    0.00    1.00    23  |__qemu-system-aar
22:38:13     1000         -   1755197    0.00    0.00    0.00    0.00    0.00     9  |__call_rcu
22:38:13     1000         -   1755206    0.00    0.00    0.00    0.00    0.00     3  |__CPU 0/TCG
22:38:14     1000   1755190         -    1.00    0.00    0.00    0.00    1.00    23  qemu-system-aar
22:38:14     1000         -   1755190    0.00    0.00    0.00    0.00    0.00    23  |__qemu-system-aar
22:38:14     1000         -   1755197    0.00    0.00    0.00    0.00    0.00     9  |__call_rcu
22:38:14     1000         -   1755206    1.00    1.00    0.00    0.00    2.00    21  |__CPU 0/TCG
22:38:15     1000   1755190         -   91.00    0.00    0.00    0.00   91.00    23  qemu-system-aar
22:38:15     1000         -   1755190    1.00    0.00    0.00    0.00    1.00    23  |__qemu-system-aar
22:38:15     1000         -   1755197    0.00    0.00    0.00    0.00    0.00     9  |__call_rcu
22:38:15     1000         -   1755206   90.00    0.00    0.00    0.00   90.00     4  |__CPU 0/TCG
