Linux 6.17.0-40-generic (9950x) 	08/15/26 	_x86_64_	(32 CPU)

# Time        UID      TGID       TID    %usr %system  %guest   %wait    %CPU   CPU  Command
21:23:07     1000   1482118         -  104.00    5.00    0.00    0.00  109.00     9  qemu-system-aar
21:23:07     1000         -   1482118    1.00    3.00    0.00    0.00    4.00     9  |__qemu-system-aar
21:23:07     1000         -   1482124    0.00    0.00    0.00    0.00    0.00     8  |__call_rcu
21:23:07     1000         -   1482125    0.00    0.00    0.00    0.00    0.00    30  |__worker
21:23:07     1000         -   1482139   94.00    0.00    0.00    0.00   94.00    16  |__CPU 0/TCG
21:23:07     1000         -   1482140    1.00    0.00    0.00    0.00    1.00    17  |__CPU 1/TCG
21:23:07     1000         -   1482141    6.00    0.00    0.00    0.00    6.00     4  |__CPU 2/TCG
21:23:07     1000         -   1482142    0.00    0.00    0.00    0.00    0.00     8  |__CPU 3/TCG
21:23:08     1000   1482118         -  200.00    4.00    0.00    0.00  204.00    11  qemu-system-aar
21:23:08     1000         -   1482118    1.00    4.00    0.00    0.00    5.00    11  |__qemu-system-aar
21:23:08     1000         -   1482124    0.00    0.00    0.00    0.00    0.00     8  |__call_rcu
21:23:08     1000         -   1482125    0.00    0.00    0.00    0.00    0.00    30  |__worker
21:23:08     1000         -   1482139   98.00    2.00    0.00    0.00  100.00     0  |__CPU 0/TCG
21:23:08     1000         -   1482140    1.00    0.00    0.00    0.00    1.00    12  |__CPU 1/TCG
21:23:08     1000         -   1482141   97.00    2.00    0.00    0.00   99.00     4  |__CPU 2/TCG
21:23:08     1000         -   1482142    0.00    0.00    0.00    0.00    0.00     8  |__CPU 3/TCG
21:23:09     1000   1482118         -  200.00    4.00    0.00    0.00  204.00    13  qemu-system-aar
21:23:09     1000         -   1482118    2.00    4.00    0.00    0.00    6.00    13  |__qemu-system-aar
21:23:09     1000         -   1482124    0.00    0.00    0.00    0.00    0.00     8  |__call_rcu
21:23:09     1000         -   1482125    0.00    0.00    0.00    0.00    0.00    30  |__worker
21:23:09     1000         -   1482139   97.00    1.00    0.00    0.00   98.00     0  |__CPU 0/TCG
21:23:09     1000         -   1482140    1.00    0.00    0.00    0.00    1.00     8  |__CPU 1/TCG
21:23:09     1000         -   1482141   98.00    1.00    0.00    0.00   99.00     2  |__CPU 2/TCG
21:23:09     1000         -   1482142    0.00    0.00    0.00    0.00    0.00     8  |__CPU 3/TCG
21:23:10     1000   1482118         -  202.00    2.00    0.00    0.00  204.00     9  qemu-system-aar
21:23:10     1000         -   1482118    1.00    4.00    0.00    0.00    5.00     9  |__qemu-system-aar
21:23:10     1000         -   1482124    0.00    0.00    0.00    0.00    0.00     8  |__call_rcu
21:23:10     1000         -   1482125    0.00    0.00    0.00    0.00    0.00    30  |__worker
21:23:10     1000         -   1482139   98.00    1.00    0.00    0.00   99.00     0  |__CPU 0/TCG
21:23:10     1000         -   1482140    1.00    0.00    0.00    0.00    1.00     8  |__CPU 1/TCG
21:23:10     1000         -   1482141   99.00    0.00    0.00    0.00   99.00    20  |__CPU 2/TCG
21:23:10     1000         -   1482142    0.00    0.00    0.00    0.00    0.00     8  |__CPU 3/TCG
21:23:11     1000   1482118         -  201.00    3.00    0.00    0.00  204.00     9  qemu-system-aar
21:23:11     1000         -   1482118    2.00    4.00    0.00    0.00    6.00     9  |__qemu-system-aar
21:23:11     1000         -   1482124    0.00    0.00    0.00    0.00    0.00     8  |__call_rcu
21:23:11     1000         -   1482125    0.00    0.00    0.00    0.00    0.00    30  |__worker
21:23:11     1000         -   1482139   98.00    0.00    0.00    0.00   98.00    16  |__CPU 0/TCG
21:23:11     1000         -   1482140    1.00    0.00    0.00    0.00    1.00     8  |__CPU 1/TCG
21:23:11     1000         -   1482141   98.00    1.00    0.00    0.00   99.00    20  |__CPU 2/TCG
21:23:11     1000         -   1482142    0.00    0.00    0.00    0.00    0.00     8  |__CPU 3/TCG
21:23:12     1000   1482118         -  202.00    2.00    0.00    0.00  204.00    21  qemu-system-aar
21:23:12     1000         -   1482118    1.00    3.00    0.00    0.00    4.00    21  |__qemu-system-aar
21:23:12     1000         -   1482124    0.00    0.00    0.00    0.00    0.00     8  |__call_rcu
21:23:12     1000         -   1482125    0.00    0.00    0.00    0.00    0.00    30  |__worker
21:23:12     1000         -   1482139   99.00    1.00    0.00    0.00  100.00    16  |__CPU 0/TCG
21:23:12     1000         -   1482140    0.00    0.00    0.00    0.00    0.00     8  |__CPU 1/TCG
21:23:12     1000         -   1482141   99.00    1.00    0.00    0.00  100.00    20  |__CPU 2/TCG
21:23:12     1000         -   1482142    0.00    0.00    0.00    0.00    0.00     8  |__CPU 3/TCG
21:23:13     1000   1482118         -  203.00    1.00    0.00    0.00  204.00    21  qemu-system-aar
21:23:13     1000         -   1482118    1.00    2.00    0.00    0.00    3.00    21  |__qemu-system-aar
21:23:13     1000         -   1482124    0.00    0.00    0.00    0.00    0.00     8  |__call_rcu
21:23:13     1000         -   1482125    0.00    0.00    0.00    0.00    0.00    30  |__worker
21:23:13     1000         -   1482139   99.00    0.00    0.00    0.00   99.00    16  |__CPU 0/TCG
21:23:13     1000         -   1482140    1.00    0.00    0.00    0.00    1.00     8  |__CPU 1/TCG
21:23:13     1000         -   1482141   99.00    0.00    0.00    0.00   99.00    20  |__CPU 2/TCG
21:23:13     1000         -   1482142    0.00    0.00    0.00    0.00    0.00     8  |__CPU 3/TCG
21:23:14     1000   1482118         -  202.00    1.00    0.00    0.00  203.00    22  qemu-system-aar
21:23:14     1000         -   1482118    1.00    2.00    0.00    0.00    3.00    22  |__qemu-system-aar
21:23:14     1000         -   1482124    0.00    0.00    0.00    0.00    0.00     8  |__call_rcu
21:23:14     1000         -   1482125    0.00    0.00    0.00    0.00    0.00    30  |__worker
21:23:14     1000         -   1482139   99.00    0.00    0.00    0.00   99.00    16  |__CPU 0/TCG
21:23:14     1000         -   1482140    0.00    1.00    0.00    0.00    1.00     8  |__CPU 1/TCG
21:23:14     1000         -   1482141   99.00    1.00    0.00    0.00  100.00    20  |__CPU 2/TCG
21:23:14     1000         -   1482142    0.00    0.00    0.00    0.00    0.00     8  |__CPU 3/TCG
21:23:15     1000   1482118         -  202.00    1.00    0.00    0.00  203.00    23  qemu-system-aar
21:23:15     1000         -   1482118    1.00    3.00    0.00    0.00    4.00    23  |__qemu-system-aar
21:23:15     1000         -   1482124    0.00    0.00    0.00    0.00    0.00     8  |__call_rcu
21:23:15     1000         -   1482125    0.00    0.00    0.00    0.00    0.00    30  |__worker
21:23:15     1000         -   1482139   99.00    0.00    0.00    0.00   99.00    16  |__CPU 0/TCG
21:23:15     1000         -   1482140    1.00    0.00    0.00    0.00    1.00     8  |__CPU 1/TCG
21:23:15     1000         -   1482141  100.00    0.00    0.00    0.00  100.00    20  |__CPU 2/TCG
21:23:15     1000         -   1482142    0.00    0.00    0.00    0.00    0.00     8  |__CPU 3/TCG
21:23:16     1000   1482118         -  201.00    2.00    0.00    0.00  203.00    23  qemu-system-aar
21:23:16     1000         -   1482118    1.00    2.00    0.00    0.00    3.00    23  |__qemu-system-aar
21:23:16     1000         -   1482124    0.00    0.00    0.00    0.00    0.00     8  |__call_rcu
21:23:16     1000         -   1482125    0.00    0.00    0.00    0.00    0.00    30  |__worker
21:23:16     1000         -   1482139  100.00    1.00    0.00    0.00  101.00     0  |__CPU 0/TCG
21:23:16     1000         -   1482140    1.00    0.00    0.00    0.00    1.00     8  |__CPU 1/TCG
21:23:16     1000         -   1482141   98.00    1.00    0.00    0.00   99.00     4  |__CPU 2/TCG
21:23:16     1000         -   1482142    0.00    0.00    0.00    0.00    0.00     8  |__CPU 3/TCG
21:23:17     1000   1482118         -  201.00    1.00    0.00    0.00  202.00    23  qemu-system-aar
21:23:17     1000         -   1482118    1.00    2.00    0.00    0.00    3.00    23  |__qemu-system-aar
21:23:17     1000         -   1482124    0.00    0.00    0.00    0.00    0.00     8  |__call_rcu
21:23:17     1000         -   1482139   99.00    0.00    0.00    0.00   99.00    16  |__CPU 0/TCG
21:23:17     1000         -   1482140    0.00    0.00    0.00    0.00    0.00     8  |__CPU 1/TCG
21:23:17     1000         -   1482141   99.00    1.00    0.00    0.00  100.00    20  |__CPU 2/TCG
21:23:17     1000         -   1482142    0.00    0.00    0.00    0.00    0.00     8  |__CPU 3/TCG
21:23:18     1000   1482118         -  201.00    2.00    0.00    0.00  203.00     1  qemu-system-aar
21:23:18     1000         -   1482118    1.00    2.00    0.00    0.00    3.00     1  |__qemu-system-aar
21:23:18     1000         -   1482124    0.00    0.00    0.00    0.00    0.00     8  |__call_rcu
21:23:18     1000         -   1482139   99.00    1.00    0.00    0.00  100.00    16  |__CPU 0/TCG
21:23:18     1000         -   1482140    1.00    0.00    0.00    0.00    1.00     8  |__CPU 1/TCG
21:23:18     1000         -   1482141   99.00    1.00    0.00    0.00  100.00    20  |__CPU 2/TCG
21:23:18     1000         -   1482142    0.00    0.00    0.00    0.00    0.00     8  |__CPU 3/TCG
21:23:19     1000   1482118         -  202.00    1.00    0.00    0.00  203.00     5  qemu-system-aar
21:23:19     1000         -   1482118    1.00    2.00    0.00    0.00    3.00     5  |__qemu-system-aar
21:23:19     1000         -   1482124    0.00    0.00    0.00    0.00    0.00     8  |__call_rcu
21:23:19     1000         -   1482139   99.00    0.00    0.00    0.00   99.00     0  |__CPU 0/TCG
21:23:19     1000         -   1482140    0.00    0.00    0.00    0.00    0.00     3  |__CPU 1/TCG
21:23:19     1000         -   1482141  100.00    0.00    0.00    0.00  100.00    20  |__CPU 2/TCG
21:23:19     1000         -   1482142    0.00    0.00    0.00    0.00    0.00     8  |__CPU 3/TCG
21:23:20     1000   1482118         -  203.00    1.00    0.00    0.00  204.00     5  qemu-system-aar
21:23:20     1000         -   1482118    1.00    3.00    0.00    0.00    4.00     5  |__qemu-system-aar
21:23:20     1000         -   1482124    0.00    0.00    0.00    0.00    0.00     8  |__call_rcu
21:23:20     1000         -   1482139   99.00    0.00    0.00    0.00   99.00    16  |__CPU 0/TCG
21:23:20     1000         -   1482140    1.00    0.00    0.00    0.00    1.00     3  |__CPU 1/TCG
21:23:20     1000         -   1482141   99.00    0.00    0.00    0.00   99.00    20  |__CPU 2/TCG
21:23:20     1000         -   1482142    0.00    0.00    0.00    0.00    0.00     8  |__CPU 3/TCG
21:23:21     1000   1482118         -  201.00    1.00    0.00    0.00  202.00     6  qemu-system-aar
21:23:21     1000         -   1482118    0.00    2.00    0.00    0.00    2.00     6  |__qemu-system-aar
21:23:21     1000         -   1482124    0.00    0.00    0.00    0.00    0.00     8  |__call_rcu
21:23:21     1000         -   1482139   99.00    1.00    0.00    0.00  100.00    16  |__CPU 0/TCG
21:23:21     1000         -   1482140    0.00    0.00    0.00    0.00    0.00     5  |__CPU 1/TCG
21:23:21     1000         -   1482141   99.00    0.00    0.00    0.00   99.00    20  |__CPU 2/TCG
21:23:21     1000         -   1482142    0.00    0.00    0.00    0.00    0.00     8  |__CPU 3/TCG
21:23:22     1000   1482118         -  201.00    2.00    0.00    0.00  203.00     6  qemu-system-aar
21:23:22     1000         -   1482118    1.00    2.00    0.00    0.00    3.00     6  |__qemu-system-aar
21:23:22     1000         -   1482124    0.00    0.00    0.00    0.00    0.00     8  |__call_rcu
21:23:22     1000         -   1482139   99.00    0.00    0.00    0.00   99.00    16  |__CPU 0/TCG
21:23:22     1000         -   1482140    1.00    0.00    0.00    0.00    1.00     2  |__CPU 1/TCG
21:23:22     1000         -   1482141  100.00    1.00    0.00    0.00  101.00    20  |__CPU 2/TCG
21:23:22     1000         -   1482142    0.00    0.00    0.00    0.00    0.00     8  |__CPU 3/TCG
21:23:23     1000   1482118         -  202.00    1.00    0.00    0.00  203.00     5  qemu-system-aar
21:23:23     1000         -   1482118    1.00    3.00    0.00    0.00    4.00     5  |__qemu-system-aar
21:23:23     1000         -   1482124    0.00    0.00    0.00    0.00    0.00     8  |__call_rcu
21:23:23     1000         -   1482139   99.00    0.00    0.00    0.00   99.00    16  |__CPU 0/TCG
21:23:23     1000         -   1482140    0.00    0.00    0.00    0.00    0.00     2  |__CPU 1/TCG
21:23:23     1000         -   1482141   99.00    0.00    0.00    0.00   99.00    20  |__CPU 2/TCG
21:23:23     1000         -   1482142    0.00    0.00    0.00    0.00    0.00     8  |__CPU 3/TCG
21:23:24     1000   1482118         -  202.00    1.00    0.00    0.00  203.00     6  qemu-system-aar
21:23:24     1000         -   1482118    1.00    1.00    0.00    0.00    2.00     6  |__qemu-system-aar
21:23:24     1000         -   1482124    0.00    0.00    0.00    0.00    0.00     8  |__call_rcu
21:23:24     1000         -   1482139  100.00    1.00    0.00    0.00  101.00    16  |__CPU 0/TCG
21:23:24     1000         -   1482140    1.00    0.00    0.00    0.00    1.00     2  |__CPU 1/TCG
21:23:24     1000         -   1482141   99.00    1.00    0.00    0.00  100.00    20  |__CPU 2/TCG
21:23:24     1000         -   1482142    0.00    0.00    0.00    0.00    0.00     8  |__CPU 3/TCG
21:23:25     1000   1482118         -  202.00    1.00    0.00    0.00  203.00     3  qemu-system-aar
21:23:25     1000         -   1482118    1.00    3.00    0.00    0.00    4.00     3  |__qemu-system-aar
21:23:25     1000         -   1482124    0.00    0.00    0.00    0.00    0.00     8  |__call_rcu
21:23:25     1000         -   1482139   99.00    0.00    0.00    0.00   99.00    16  |__CPU 0/TCG
21:23:25     1000         -   1482140    0.00    0.00    0.00    0.00    0.00     2  |__CPU 1/TCG
21:23:25     1000         -   1482141   99.00    0.00    0.00    0.00   99.00     4  |__CPU 2/TCG
21:23:25     1000         -   1482142    0.00    0.00    0.00    0.00    0.00     8  |__CPU 3/TCG
21:23:26     1000   1482118         -  201.00    2.00    0.00    0.00  203.00     3  qemu-system-aar
21:23:26     1000         -   1482118    1.00    2.00    0.00    0.00    3.00     3  |__qemu-system-aar
21:23:26     1000         -   1482124    0.00    0.00    0.00    0.00    0.00     8  |__call_rcu
21:23:26     1000         -   1482139   99.00    1.00    0.00    0.00  100.00    16  |__CPU 0/TCG
21:23:26     1000         -   1482140    1.00    1.00    0.00    0.00    2.00     5  |__CPU 1/TCG
21:23:26     1000         -   1482141   99.00    1.00    0.00    0.00  100.00     4  |__CPU 2/TCG
21:23:26     1000         -   1482142    0.00    0.00    0.00    0.00    0.00     8  |__CPU 3/TCG
21:23:27     1000   1482118         -  201.00    1.00    0.00    0.00  202.00     6  qemu-system-aar
21:23:27     1000         -   1482118    1.00    2.00    0.00    0.00    3.00     6  |__qemu-system-aar
21:23:27     1000         -   1482124    0.00    0.00    0.00    0.00    0.00     8  |__call_rcu
21:23:27     1000         -   1482139   99.00    0.00    0.00    0.00   99.00    16  |__CPU 0/TCG
21:23:27     1000         -   1482140    0.00    0.00    0.00    0.00    0.00     5  |__CPU 1/TCG
21:23:27     1000         -   1482141   99.00    1.00    0.00    0.00  100.00     4  |__CPU 2/TCG
21:23:27     1000         -   1482142    0.00    0.00    0.00    0.00    0.00     8  |__CPU 3/TCG
21:23:28     1000   1482118         -  201.00    2.00    0.00    0.00  203.00     3  qemu-system-aar
21:23:28     1000         -   1482118    1.00    2.00    0.00    0.00    3.00     3  |__qemu-system-aar
21:23:28     1000         -   1482124    0.00    0.00    0.00    0.00    0.00     8  |__call_rcu
21:23:28     1000         -   1482139   98.00    1.00    0.00    0.00   99.00    16  |__CPU 0/TCG
21:23:28     1000         -   1482140    1.00    0.00    0.00    0.00    1.00     5  |__CPU 1/TCG
21:23:28     1000         -   1482141   99.00    0.00    0.00    0.00   99.00    20  |__CPU 2/TCG
21:23:28     1000         -   1482142    0.00    0.00    0.00    0.00    0.00     8  |__CPU 3/TCG
21:23:29     1000   1482118         -  202.00    1.00    0.00    0.00  203.00     3  qemu-system-aar
21:23:29     1000         -   1482118    0.00    3.00    0.00    0.00    3.00     3  |__qemu-system-aar
21:23:29     1000         -   1482124    0.00    0.00    0.00    0.00    0.00     8  |__call_rcu
21:23:29     1000         -   1482139  100.00    0.00    0.00    0.00  100.00    16  |__CPU 0/TCG
21:23:29     1000         -   1482140    1.00    0.00    0.00    0.00    1.00     2  |__CPU 1/TCG
21:23:29     1000         -   1482141  100.00    0.00    0.00    0.00  100.00    20  |__CPU 2/TCG
21:23:29     1000         -   1482142    0.00    0.00    0.00    0.00    0.00     8  |__CPU 3/TCG
21:23:30     1000   1482118         -  201.00    1.00    0.00    0.00  202.00    23  qemu-system-aar
21:23:30     1000         -   1482118    1.00    3.00    0.00    0.00    4.00    23  |__qemu-system-aar
21:23:30     1000         -   1482124    0.00    0.00    0.00    0.00    0.00     8  |__call_rcu
21:23:30     1000         -   1482139   99.00    0.00    0.00    0.00   99.00    16  |__CPU 0/TCG
21:23:30     1000         -   1482140    0.00    0.00    0.00    0.00    0.00     5  |__CPU 1/TCG
21:23:30     1000         -   1482141   99.00    1.00    0.00    0.00  100.00     4  |__CPU 2/TCG
21:23:30     1000         -   1482142    0.00    0.00    0.00    0.00    0.00     8  |__CPU 3/TCG
21:23:31     1000   1482118         -  202.00    1.00    0.00    0.00  203.00    22  qemu-system-aar
21:23:31     1000         -   1482118    0.00    2.00    0.00    0.00    2.00    22  |__qemu-system-aar
21:23:31     1000         -   1482124    0.00    0.00    0.00    0.00    0.00     8  |__call_rcu
21:23:31     1000         -   1482139   99.00    0.00    0.00    0.00   99.00     0  |__CPU 0/TCG
21:23:31     1000         -   1482140    1.00    0.00    0.00    0.00    1.00     5  |__CPU 1/TCG
21:23:31     1000         -   1482141   99.00    0.00    0.00    0.00   99.00     4  |__CPU 2/TCG
21:23:31     1000         -   1482142    0.00    0.00    0.00    0.00    0.00     8  |__CPU 3/TCG
21:23:32     1000   1482118         -  202.00    1.00    0.00    0.00  203.00    23  qemu-system-aar
21:23:32     1000         -   1482118    2.00    1.00    0.00    0.00    3.00    23  |__qemu-system-aar
21:23:32     1000         -   1482124    0.00    0.00    0.00    0.00    0.00     8  |__call_rcu
21:23:32     1000         -   1482139  100.00    0.00    0.00    0.00  100.00     0  |__CPU 0/TCG
21:23:32     1000         -   1482140    0.00    0.00    0.00    0.00    0.00     5  |__CPU 1/TCG
21:23:32     1000         -   1482141   99.00    1.00    0.00    0.00  100.00     4  |__CPU 2/TCG
21:23:32     1000         -   1482142    0.00    0.00    0.00    0.00    0.00     8  |__CPU 3/TCG
21:23:33     1000   1482118         -  202.00    1.00    0.00    0.00  203.00    23  qemu-system-aar
21:23:33     1000         -   1482118    2.00    2.00    0.00    0.00    4.00    23  |__qemu-system-aar
21:23:33     1000         -   1482124    0.00    0.00    0.00    0.00    0.00     8  |__call_rcu
21:23:33     1000         -   1482139   99.00    1.00    0.00    0.00  100.00     0  |__CPU 0/TCG
21:23:33     1000         -   1482140    1.00    0.00    0.00    0.00    1.00     5  |__CPU 1/TCG
21:23:33     1000         -   1482141   99.00    0.00    0.00    0.00   99.00     4  |__CPU 2/TCG
21:23:33     1000         -   1482142    0.00    0.00    0.00    0.00    0.00     8  |__CPU 3/TCG
21:23:34     1000   1482118         -  201.00    1.00    0.00    0.00  202.00     3  qemu-system-aar
21:23:34     1000         -   1482118    1.00    1.00    0.00    0.00    2.00     3  |__qemu-system-aar
21:23:34     1000         -   1482124    0.00    0.00    0.00    0.00    0.00     8  |__call_rcu
21:23:34     1000         -   1482139   99.00    0.00    0.00    0.00   99.00     0  |__CPU 0/TCG
21:23:34     1000         -   1482140    0.00    0.00    0.00    0.00    0.00     5  |__CPU 1/TCG
21:23:34     1000         -   1482141   99.00    0.00    0.00    0.00   99.00     4  |__CPU 2/TCG
21:23:34     1000         -   1482142    0.00    0.00    0.00    0.00    0.00     8  |__CPU 3/TCG
21:23:35     1000   1482118         -  202.00    1.00    0.00    0.00  203.00     1  qemu-system-aar
21:23:35     1000         -   1482118    1.00    3.00    0.00    0.00    4.00     1  |__qemu-system-aar
21:23:35     1000         -   1482124    0.00    0.00    0.00    0.00    0.00     8  |__call_rcu
21:23:35     1000         -   1482139   99.00    1.00    0.00    0.00  100.00     0  |__CPU 0/TCG
21:23:35     1000         -   1482140    1.00    0.00    0.00    0.00    1.00     5  |__CPU 1/TCG
21:23:35     1000         -   1482141   99.00    1.00    0.00    0.00  100.00     4  |__CPU 2/TCG
21:23:35     1000         -   1482142    0.00    0.00    0.00    0.00    0.00     8  |__CPU 3/TCG
21:23:36     1000   1482118         -  201.00    2.00    0.00    0.00  203.00     6  qemu-system-aar
21:23:36     1000         -   1482118    1.00    2.00    0.00    0.00    3.00     6  |__qemu-system-aar
21:23:36     1000         -   1482124    0.00    0.00    0.00    0.00    0.00     8  |__call_rcu
21:23:36     1000         -   1482139   99.00    0.00    0.00    0.00   99.00     0  |__CPU 0/TCG
21:23:36     1000         -   1482140    0.00    0.00    0.00    0.00    0.00     5  |__CPU 1/TCG
21:23:36     1000         -   1482141  100.00    1.00    0.00    0.00  101.00    20  |__CPU 2/TCG
21:23:36     1000         -   1482142    0.00    0.00    0.00    0.00    0.00     8  |__CPU 3/TCG
21:23:37     1000   1482118         -  201.00    1.00    0.00    0.00  202.00     5  qemu-system-aar
21:23:37     1000         -   1482118    0.00    3.00    0.00    0.00    3.00     5  |__qemu-system-aar
21:23:37     1000         -   1482124    0.00    0.00    0.00    0.00    0.00     8  |__call_rcu
21:23:37     1000         -   1482139   99.00    0.00    0.00    0.00   99.00     0  |__CPU 0/TCG
21:23:37     1000         -   1482140    1.00    0.00    0.00    0.00    1.00     2  |__CPU 1/TCG
21:23:37     1000         -   1482141   99.00    0.00    0.00    0.00   99.00    20  |__CPU 2/TCG
21:23:37     1000         -   1482142    0.00    0.00    0.00    0.00    0.00     8  |__CPU 3/TCG
21:23:38     1000   1482118         -  203.00    1.00    0.00    0.00  204.00     7  qemu-system-aar
21:23:38     1000         -   1482118    1.00    1.00    0.00    0.00    2.00     7  |__qemu-system-aar
21:23:38     1000         -   1482124    0.00    0.00    0.00    0.00    0.00     8  |__call_rcu
21:23:38     1000         -   1482139   99.00    0.00    0.00    0.00   99.00     0  |__CPU 0/TCG
21:23:38     1000         -   1482140    1.00    0.00    0.00    0.00    1.00     3  |__CPU 1/TCG
21:23:38     1000         -   1482141   99.00    0.00    0.00    0.00   99.00    20  |__CPU 2/TCG
21:23:38     1000         -   1482142    0.00    0.00    0.00    0.00    0.00     8  |__CPU 3/TCG
21:23:39     1000   1482118         -  201.00    1.00    0.00    0.00  202.00     7  qemu-system-aar
21:23:39     1000         -   1482118    2.00    2.00    0.00    0.00    4.00     7  |__qemu-system-aar
21:23:39     1000         -   1482124    0.00    0.00    0.00    0.00    0.00     8  |__call_rcu
21:23:39     1000         -   1482139   99.00    1.00    0.00    0.00  100.00    16  |__CPU 0/TCG
21:23:39     1000         -   1482140    0.00    0.00    0.00    0.00    0.00     3  |__CPU 1/TCG
21:23:39     1000         -   1482141   99.00    1.00    0.00    0.00  100.00    20  |__CPU 2/TCG
21:23:39     1000         -   1482142    0.00    0.00    0.00    0.00    0.00     8  |__CPU 3/TCG
21:23:40     1000   1482118         -  201.00    1.00    0.00    0.00  202.00     7  qemu-system-aar
21:23:40     1000         -   1482118    1.00    2.00    0.00    0.00    3.00     7  |__qemu-system-aar
21:23:40     1000         -   1482124    0.00    0.00    0.00    0.00    0.00     8  |__call_rcu
21:23:40     1000         -   1482139   99.00    1.00    0.00    0.00  100.00     2  |__CPU 0/TCG
21:23:40     1000         -   1482140    1.00    0.00    0.00    0.00    1.00     3  |__CPU 1/TCG
21:23:40     1000         -   1482141   99.00    0.00    0.00    0.00   99.00    20  |__CPU 2/TCG
21:23:40     1000         -   1482142    0.00    0.00    0.00    0.00    0.00     8  |__CPU 3/TCG
21:23:41     1000   1482118         -  202.00    1.00    0.00    0.00  203.00     7  qemu-system-aar
21:23:41     1000         -   1482118    1.00    2.00    0.00    0.00    3.00     7  |__qemu-system-aar
21:23:41     1000         -   1482124    0.00    0.00    0.00    0.00    0.00     8  |__call_rcu
21:23:41     1000         -   1482139   99.00    0.00    0.00    0.00   99.00     0  |__CPU 0/TCG
21:23:41     1000         -   1482140    0.00    0.00    0.00    0.00    0.00     3  |__CPU 1/TCG
21:23:41     1000         -   1482141   99.00    1.00    0.00    0.00  100.00    20  |__CPU 2/TCG
21:23:41     1000         -   1482142    0.00    0.00    0.00    0.00    0.00     8  |__CPU 3/TCG
21:23:42     1000   1482118         -  201.00    2.00    0.00    0.00  203.00     7  qemu-system-aar
21:23:42     1000         -   1482118    1.00    2.00    0.00    0.00    3.00     7  |__qemu-system-aar
21:23:42     1000         -   1482124    0.00    0.00    0.00    0.00    0.00     8  |__call_rcu
21:23:42     1000         -   1482139   99.00    0.00    0.00    0.00   99.00     0  |__CPU 0/TCG
21:23:42     1000         -   1482140    1.00    0.00    0.00    0.00    1.00     3  |__CPU 1/TCG
21:23:42     1000         -   1482141   99.00    0.00    0.00    0.00   99.00    20  |__CPU 2/TCG
21:23:42     1000         -   1482142    0.00    0.00    0.00    0.00    0.00     8  |__CPU 3/TCG
21:23:43     1000   1482118         -  203.00    0.00    0.00    0.00  203.00     7  qemu-system-aar
21:23:43     1000         -   1482118    1.00    2.00    0.00    0.00    3.00     7  |__qemu-system-aar
21:23:43     1000         -   1482124    0.00    0.00    0.00    0.00    0.00     8  |__call_rcu
21:23:43     1000         -   1482139  100.00    0.00    0.00    0.00  100.00     0  |__CPU 0/TCG
21:23:43     1000         -   1482140    1.00    0.00    0.00    0.00    1.00     3  |__CPU 1/TCG
21:23:43     1000         -   1482141  100.00    1.00    0.00    0.00  101.00    20  |__CPU 2/TCG
21:23:43     1000         -   1482142    0.00    0.00    0.00    0.00    0.00     8  |__CPU 3/TCG
21:23:44     1000   1482118         -  201.00    1.00    0.00    0.00  202.00    17  qemu-system-aar
21:23:44     1000         -   1482118    1.00    2.00    0.00    0.00    3.00    17  |__qemu-system-aar
21:23:44     1000         -   1482124    0.00    0.00    0.00    0.00    0.00     8  |__call_rcu
21:23:44     1000         -   1482139   99.00    1.00    0.00    0.00  100.00     0  |__CPU 0/TCG
21:23:44     1000         -   1482140    0.00    0.00    0.00    0.00    0.00     3  |__CPU 1/TCG
21:23:44     1000         -   1482141   99.00    0.00    0.00    0.00   99.00    20  |__CPU 2/TCG
21:23:44     1000         -   1482142    0.00    0.00    0.00    0.00    0.00     8  |__CPU 3/TCG
21:23:45     1000   1482118         -  201.00    2.00    0.00    0.00  203.00     7  qemu-system-aar
21:23:45     1000         -   1482118    1.00    2.00    0.00    0.00    3.00     7  |__qemu-system-aar
21:23:45     1000         -   1482124    0.00    0.00    0.00    0.00    0.00     8  |__call_rcu
21:23:45     1000         -   1482139   99.00    0.00    0.00    0.00   99.00     0  |__CPU 0/TCG
21:23:45     1000         -   1482140    1.00    0.00    0.00    0.00    1.00     3  |__CPU 1/TCG
21:23:45     1000         -   1482141   98.00    1.00    0.00    0.00   99.00    20  |__CPU 2/TCG
21:23:45     1000         -   1482142    0.00    0.00    0.00    0.00    0.00     8  |__CPU 3/TCG
21:23:46     1000   1482118         -  202.00    1.00    0.00    0.00  203.00     7  qemu-system-aar
21:23:46     1000         -   1482118    0.00    3.00    0.00    0.00    3.00     7  |__qemu-system-aar
21:23:46     1000         -   1482124    0.00    0.00    0.00    0.00    0.00     8  |__call_rcu
21:23:46     1000         -   1482139   99.00    0.00    0.00    0.00   99.00    16  |__CPU 0/TCG
21:23:46     1000         -   1482140    0.00    0.00    0.00    0.00    0.00     3  |__CPU 1/TCG
21:23:46     1000         -   1482141  100.00    0.00    0.00    0.00  100.00    20  |__CPU 2/TCG
21:23:46     1000         -   1482142    0.00    0.00    0.00    0.00    0.00     8  |__CPU 3/TCG
21:23:47     1000   1482118         -  202.00    1.00    0.00    0.00  203.00    17  qemu-system-aar
21:23:47     1000         -   1482118    2.00    2.00    0.00    0.00    4.00    17  |__qemu-system-aar
21:23:47     1000         -   1482124    0.00    0.00    0.00    0.00    0.00     8  |__call_rcu
21:23:47     1000         -   1482139  100.00    0.00    0.00    0.00  100.00    16  |__CPU 0/TCG
21:23:47     1000         -   1482140    1.00    0.00    0.00    0.00    1.00     3  |__CPU 1/TCG
21:23:47     1000         -   1482141   99.00    1.00    0.00    0.00  100.00    20  |__CPU 2/TCG
21:23:47     1000         -   1482142    0.00    0.00    0.00    0.00    0.00     8  |__CPU 3/TCG
21:23:48     1000   1482118         -  201.00    2.00    0.00    0.00  203.00     3  qemu-system-aar
21:23:48     1000         -   1482118    0.00    3.00    0.00    0.00    3.00     3  |__qemu-system-aar
21:23:48     1000         -   1482124    0.00    0.00    0.00    0.00    0.00     8  |__call_rcu
21:23:48     1000         -   1482139   99.00    0.00    0.00    0.00   99.00    16  |__CPU 0/TCG
21:23:48     1000         -   1482140    1.00    0.00    0.00    0.00    1.00     2  |__CPU 1/TCG
21:23:48     1000         -   1482141   99.00    0.00    0.00    0.00   99.00    20  |__CPU 2/TCG
21:23:48     1000         -   1482142    0.00    0.00    0.00    0.00    0.00     8  |__CPU 3/TCG
21:23:49     1000   1482118         -  201.00    1.00    0.00    0.00  202.00     5  qemu-system-aar
21:23:49     1000         -   1482118    0.00    2.00    0.00    0.00    2.00     5  |__qemu-system-aar
21:23:49     1000         -   1482124    0.00    0.00    0.00    0.00    0.00     8  |__call_rcu
21:23:49     1000         -   1482139   99.00    1.00    0.00    0.00  100.00    16  |__CPU 0/TCG
21:23:49     1000         -   1482140    0.00    0.00    0.00    0.00    0.00     2  |__CPU 1/TCG
21:23:49     1000         -   1482141   99.00    1.00    0.00    0.00  100.00    20  |__CPU 2/TCG
21:23:49     1000         -   1482142    0.00    0.00    0.00    0.00    0.00     8  |__CPU 3/TCG
21:23:50     1000   1482118         -  202.00    1.00    0.00    0.00  203.00     5  qemu-system-aar
21:23:50     1000         -   1482118    1.00    2.00    0.00    0.00    3.00     5  |__qemu-system-aar
21:23:50     1000         -   1482124    0.00    0.00    0.00    0.00    0.00     8  |__call_rcu
21:23:50     1000         -   1482139   99.00    0.00    0.00    0.00   99.00    16  |__CPU 0/TCG
21:23:50     1000         -   1482140    1.00    0.00    0.00    0.00    1.00     2  |__CPU 1/TCG
21:23:50     1000         -   1482141  100.00    0.00    0.00    0.00  100.00    20  |__CPU 2/TCG
21:23:50     1000         -   1482142    0.00    0.00    0.00    0.00    0.00     8  |__CPU 3/TCG
21:23:51     1000   1482118         -  202.00    1.00    0.00    0.00  203.00     6  qemu-system-aar
21:23:51     1000         -   1482118    1.00    2.00    0.00    0.00    3.00     6  |__qemu-system-aar
21:23:51     1000         -   1482124    0.00    0.00    0.00    0.00    0.00     8  |__call_rcu
21:23:51     1000         -   1482139   99.00    1.00    0.00    0.00  100.00    16  |__CPU 0/TCG
21:23:51     1000         -   1482140    0.00    0.00    0.00    0.00    0.00     3  |__CPU 1/TCG
21:23:51     1000         -   1482141   99.00    0.00    0.00    0.00   99.00    20  |__CPU 2/TCG
21:23:51     1000         -   1482142    0.00    0.00    0.00    0.00    0.00     8  |__CPU 3/TCG
21:23:52     1000   1482118         -  201.00    1.00    0.00    0.00  202.00     3  qemu-system-aar
21:23:52     1000         -   1482118    1.00    3.00    0.00    0.00    4.00     3  |__qemu-system-aar
21:23:52     1000         -   1482124    0.00    0.00    0.00    0.00    0.00     8  |__call_rcu
21:23:52     1000         -   1482139  100.00    0.00    0.00    0.00  100.00    16  |__CPU 0/TCG
21:23:52     1000         -   1482140    1.00    0.00    0.00    0.00    1.00     7  |__CPU 1/TCG
21:23:52     1000         -   1482141   99.00    1.00    0.00    0.00  100.00    20  |__CPU 2/TCG
21:23:52     1000         -   1482142    0.00    0.00    0.00    0.00    0.00     8  |__CPU 3/TCG
21:23:53     1000   1482118         -  202.00    2.00    0.00    0.00  204.00     5  qemu-system-aar
21:23:53     1000         -   1482118    1.00    2.00    0.00    0.00    3.00     5  |__qemu-system-aar
21:23:53     1000         -   1482124    0.00    0.00    0.00    0.00    0.00     8  |__call_rcu
21:23:53     1000         -   1482139   99.00    0.00    0.00    0.00   99.00    16  |__CPU 0/TCG
21:23:53     1000         -   1482140    1.00    1.00    0.00    0.00    2.00     7  |__CPU 1/TCG
21:23:53     1000         -   1482141   99.00    0.00    0.00    0.00   99.00    20  |__CPU 2/TCG
21:23:53     1000         -   1482142    0.00    0.00    0.00    0.00    0.00     8  |__CPU 3/TCG
21:23:54     1000   1482118         -  202.00    0.00    0.00    0.00  202.00     6  qemu-system-aar
21:23:54     1000         -   1482118    1.00    2.00    0.00    0.00    3.00     6  |__qemu-system-aar
21:23:54     1000         -   1482124    0.00    0.00    0.00    0.00    0.00     8  |__call_rcu
21:23:54     1000         -   1482139   99.00    0.00    0.00    0.00   99.00    16  |__CPU 0/TCG
21:23:54     1000         -   1482140    0.00    0.00    0.00    0.00    0.00     2  |__CPU 1/TCG
21:23:54     1000         -   1482141  100.00    0.00    0.00    0.00  100.00    20  |__CPU 2/TCG
21:23:54     1000         -   1482142    0.00    0.00    0.00    0.00    0.00     8  |__CPU 3/TCG
21:23:55     1000   1482118         -  202.00    1.00    0.00    0.00  203.00     6  qemu-system-aar
21:23:55     1000         -   1482118    0.00    2.00    0.00    0.00    2.00     6  |__qemu-system-aar
21:23:55     1000         -   1482124    0.00    0.00    0.00    0.00    0.00     8  |__call_rcu
21:23:55     1000         -   1482139   99.00    1.00    0.00    0.00  100.00    16  |__CPU 0/TCG
21:23:55     1000         -   1482140    1.00    0.00    0.00    0.00    1.00     2  |__CPU 1/TCG
21:23:55     1000         -   1482141   99.00    1.00    0.00    0.00  100.00    20  |__CPU 2/TCG
21:23:55     1000         -   1482142    0.00    0.00    0.00    0.00    0.00     8  |__CPU 3/TCG
21:23:56     1000   1482118         -  202.00    1.00    0.00    0.00  203.00     6  qemu-system-aar
21:23:56     1000         -   1482118    2.00    2.00    0.00    0.00    4.00     6  |__qemu-system-aar
21:23:56     1000         -   1482124    0.00    0.00    0.00    0.00    0.00     8  |__call_rcu
21:23:56     1000         -   1482139   99.00    0.00    0.00    0.00   99.00    16  |__CPU 0/TCG
21:23:56     1000         -   1482140    0.00    0.00    0.00    0.00    0.00    19  |__CPU 1/TCG
21:23:56     1000         -   1482141   99.00    0.00    0.00    0.00   99.00    20  |__CPU 2/TCG
21:23:56     1000         -   1482142    0.00    0.00    0.00    0.00    0.00     8  |__CPU 3/TCG
21:23:57     1000   1482118         -  201.00    2.00    0.00    0.00  203.00     7  qemu-system-aar
21:23:57     1000         -   1482118    0.00    3.00    0.00    0.00    3.00     7  |__qemu-system-aar
21:23:57     1000         -   1482124    0.00    0.00    0.00    0.00    0.00     8  |__call_rcu
21:23:57     1000         -   1482139   99.00    0.00    0.00    0.00   99.00    16  |__CPU 0/TCG
21:23:57     1000         -   1482140    1.00    0.00    0.00    0.00    1.00    19  |__CPU 1/TCG
21:23:57     1000         -   1482141   99.00    1.00    0.00    0.00  100.00    20  |__CPU 2/TCG
21:23:57     1000         -   1482142    0.00    0.00    0.00    0.00    0.00     8  |__CPU 3/TCG
21:23:58     1000   1482118         -  202.00    1.00    0.00    0.00  203.00     6  qemu-system-aar
21:23:58     1000         -   1482118    2.00    1.00    0.00    0.00    3.00     6  |__qemu-system-aar
21:23:58     1000         -   1482124    0.00    0.00    0.00    0.00    0.00     8  |__call_rcu
21:23:58     1000         -   1482139   99.00    1.00    0.00    0.00  100.00    16  |__CPU 0/TCG
21:23:58     1000         -   1482140    0.00    0.00    0.00    0.00    0.00     1  |__CPU 1/TCG
21:23:58     1000         -   1482141   99.00    0.00    0.00    0.00   99.00    20  |__CPU 2/TCG
21:23:58     1000         -   1482142    0.00    0.00    0.00    0.00    0.00     8  |__CPU 3/TCG
21:23:59     1000   1482118         -  201.00    1.00    0.00    0.00  202.00     6  qemu-system-aar
21:23:59     1000         -   1482118    0.00    3.00    0.00    0.00    3.00     6  |__qemu-system-aar
21:23:59     1000         -   1482124    0.00    0.00    0.00    0.00    0.00     8  |__call_rcu
21:23:59     1000         -   1482139  100.00    0.00    0.00    0.00  100.00    16  |__CPU 0/TCG
21:23:59     1000         -   1482140    1.00    0.00    0.00    0.00    1.00     1  |__CPU 1/TCG
21:23:59     1000         -   1482141  100.00    1.00    0.00    0.00  101.00    20  |__CPU 2/TCG
21:23:59     1000         -   1482142    0.00    0.00    0.00    0.00    0.00     8  |__CPU 3/TCG
21:24:00     1000   1482118         -  202.00    1.00    0.00    0.00  203.00     7  qemu-system-aar
21:24:00     1000         -   1482118    2.00    2.00    0.00    0.00    4.00     7  |__qemu-system-aar
21:24:00     1000         -   1482124    0.00    0.00    0.00    0.00    0.00     8  |__call_rcu
21:24:00     1000         -   1482139   99.00    0.00    0.00    0.00   99.00    16  |__CPU 0/TCG
21:24:00     1000         -   1482140    0.00    0.00    0.00    0.00    0.00     1  |__CPU 1/TCG
21:24:00     1000         -   1482141   99.00    0.00    0.00    0.00   99.00    20  |__CPU 2/TCG
21:24:00     1000         -   1482142    0.00    0.00    0.00    0.00    0.00     8  |__CPU 3/TCG
21:24:01     1000   1482118         -  201.00    1.00    0.00    0.00  202.00    19  qemu-system-aar
21:24:01     1000         -   1482118    0.00    2.00    0.00    0.00    2.00    19  |__qemu-system-aar
21:24:01     1000         -   1482124    0.00    0.00    0.00    0.00    0.00     8  |__call_rcu
21:24:01     1000         -   1482139   99.00    1.00    0.00    0.00  100.00    16  |__CPU 0/TCG
21:24:01     1000         -   1482140    1.00    0.00    0.00    0.00    1.00     1  |__CPU 1/TCG
21:24:01     1000         -   1482141   99.00    1.00    0.00    0.00  100.00     4  |__CPU 2/TCG
21:24:01     1000         -   1482142    0.00    0.00    0.00    0.00    0.00     8  |__CPU 3/TCG
21:24:02     1000   1482118         -  202.00    2.00    0.00    0.00  204.00    19  qemu-system-aar
21:24:02     1000         -   1482118    1.00    2.00    0.00    0.00    3.00    19  |__qemu-system-aar
21:24:02     1000         -   1482124    0.00    0.00    0.00    0.00    0.00     8  |__call_rcu
21:24:02     1000         -   1482139   99.00    0.00    0.00    0.00   99.00    16  |__CPU 0/TCG
21:24:02     1000         -   1482140    0.00    0.00    0.00    0.00    0.00    17  |__CPU 1/TCG
21:24:02     1000         -   1482141   99.00    0.00    0.00    0.00   99.00    20  |__CPU 2/TCG
21:24:02     1000         -   1482142    0.00    0.00    0.00    0.00    0.00     8  |__CPU 3/TCG
21:24:03     1000   1482118         -  202.00    1.00    0.00    0.00  203.00    21  qemu-system-aar
21:24:03     1000         -   1482118    1.00    2.00    0.00    0.00    3.00    21  |__qemu-system-aar
21:24:03     1000         -   1482124    0.00    0.00    0.00    0.00    0.00     8  |__call_rcu
21:24:03     1000         -   1482139   99.00    1.00    0.00    0.00  100.00    16  |__CPU 0/TCG
21:24:03     1000         -   1482140    1.00    0.00    0.00    0.00    1.00    17  |__CPU 1/TCG
21:24:03     1000         -   1482141   99.00    0.00    0.00    0.00   99.00     4  |__CPU 2/TCG
21:24:03     1000         -   1482142    0.00    0.00    0.00    0.00    0.00     8  |__CPU 3/TCG
21:24:04     1000   1482118         -  201.00    1.00    0.00    0.00  202.00    19  qemu-system-aar
21:24:04     1000         -   1482118    1.00    2.00    0.00    0.00    3.00    19  |__qemu-system-aar
21:24:04     1000         -   1482124    0.00    0.00    0.00    0.00    0.00     8  |__call_rcu
21:24:04     1000         -   1482139   99.00    0.00    0.00    0.00   99.00    16  |__CPU 0/TCG
21:24:04     1000         -   1482140    0.00    0.00    0.00    0.00    0.00    17  |__CPU 1/TCG
21:24:04     1000         -   1482141   99.00    1.00    0.00    0.00  100.00     4  |__CPU 2/TCG
21:24:04     1000         -   1482142    0.00    0.00    0.00    0.00    0.00     8  |__CPU 3/TCG
21:24:05     1000   1482118         -  201.00    1.00    0.00    0.00  202.00    19  qemu-system-aar
21:24:05     1000         -   1482118    1.00    2.00    0.00    0.00    3.00    19  |__qemu-system-aar
21:24:05     1000         -   1482124    0.00    0.00    0.00    0.00    0.00     8  |__call_rcu
21:24:05     1000         -   1482139   99.00    1.00    0.00    0.00  100.00    16  |__CPU 0/TCG
21:24:05     1000         -   1482140    1.00    0.00    0.00    0.00    1.00     1  |__CPU 1/TCG
21:24:05     1000         -   1482141   99.00    1.00    0.00    0.00  100.00     4  |__CPU 2/TCG
21:24:05     1000         -   1482142    0.00    0.00    0.00    0.00    0.00     8  |__CPU 3/TCG
21:24:06     1000   1482118         -  202.00    2.00    0.00    0.00  204.00    21  qemu-system-aar
21:24:06     1000         -   1482118    1.00    2.00    0.00    0.00    3.00    21  |__qemu-system-aar
21:24:06     1000         -   1482124    0.00    0.00    0.00    0.00    0.00     8  |__call_rcu
21:24:06     1000         -   1482139  100.00    0.00    0.00    0.00  100.00    16  |__CPU 0/TCG
21:24:06     1000         -   1482140    1.00    0.00    0.00    0.00    1.00     1  |__CPU 1/TCG
21:24:06     1000         -   1482141   99.00    0.00    0.00    0.00   99.00     4  |__CPU 2/TCG
21:24:06     1000         -   1482142    0.00    0.00    0.00    0.00    0.00     8  |__CPU 3/TCG
21:24:07     1000   1482118         -  201.00    1.00    0.00    0.00  202.00    21  qemu-system-aar
21:24:07     1000         -   1482118    1.00    2.00    0.00    0.00    3.00    21  |__qemu-system-aar
21:24:07     1000         -   1482124    0.00    0.00    0.00    0.00    0.00     8  |__call_rcu
21:24:07     1000         -   1482139   98.00    0.00    0.00    0.00   98.00     0  |__CPU 0/TCG
21:24:07     1000         -   1482140    0.00    0.00    0.00    0.00    0.00    17  |__CPU 1/TCG
21:24:07     1000         -   1482141   99.00    1.00    0.00    0.00  100.00     4  |__CPU 2/TCG
21:24:07     1000         -   1482142    0.00    0.00    0.00    0.00    0.00     8  |__CPU 3/TCG
21:24:08     1000   1482118         -  201.00    2.00    0.00    0.00  203.00     2  qemu-system-aar
21:24:08     1000         -   1482118    2.00    2.00    0.00    0.00    4.00     2  |__qemu-system-aar
21:24:08     1000         -   1482124    0.00    0.00    0.00    0.00    0.00     8  |__call_rcu
21:24:08     1000         -   1482139  100.00    1.00    0.00    0.00  101.00     0  |__CPU 0/TCG
21:24:08     1000         -   1482140    0.00    0.00    0.00    0.00    0.00    17  |__CPU 1/TCG
21:24:08     1000         -   1482141   99.00    1.00    0.00    0.00  100.00     4  |__CPU 2/TCG
21:24:08     1000         -   1482142    0.00    0.00    0.00    0.00    0.00     8  |__CPU 3/TCG
21:24:09     1000   1482118         -  201.00    1.00    0.00    0.00  202.00    19  qemu-system-aar
21:24:09     1000         -   1482118    0.00    2.00    0.00    0.00    2.00    19  |__qemu-system-aar
21:24:09     1000         -   1482124    0.00    0.00    0.00    0.00    0.00     8  |__call_rcu
21:24:09     1000         -   1482139   99.00    0.00    0.00    0.00   99.00     0  |__CPU 0/TCG
21:24:09     1000         -   1482140    1.00    0.00    0.00    0.00    1.00     1  |__CPU 1/TCG
21:24:09     1000         -   1482141   99.00    0.00    0.00    0.00   99.00    20  |__CPU 2/TCG
21:24:09     1000         -   1482142    0.00    0.00    0.00    0.00    0.00     8  |__CPU 3/TCG
21:24:10     1000   1482118         -  201.00    1.00    0.00    0.00  202.00    19  qemu-system-aar
21:24:10     1000         -   1482118    2.00    1.00    0.00    0.00    3.00    19  |__qemu-system-aar
21:24:10     1000         -   1482124    0.00    0.00    0.00    0.00    0.00     8  |__call_rcu
21:24:10     1000         -   1482139   99.00    1.00    0.00    0.00  100.00     0  |__CPU 0/TCG
21:24:10     1000         -   1482140    0.00    0.00    0.00    0.00    0.00     7  |__CPU 1/TCG
21:24:10     1000         -   1482141   99.00    1.00    0.00    0.00  100.00    20  |__CPU 2/TCG
21:24:10     1000         -   1482142    0.00    0.00    0.00    0.00    0.00     8  |__CPU 3/TCG
21:24:11     1000   1482118         -  201.00    2.00    0.00    0.00  203.00    23  qemu-system-aar
21:24:11     1000         -   1482118    1.00    2.00    0.00    0.00    3.00    23  |__qemu-system-aar
21:24:11     1000         -   1482124    0.00    0.00    0.00    0.00    0.00     8  |__call_rcu
21:24:11     1000         -   1482139   99.00    0.00    0.00    0.00   99.00     0  |__CPU 0/TCG
21:24:11     1000         -   1482140    0.00    0.00    0.00    0.00    0.00     7  |__CPU 1/TCG
21:24:11     1000         -   1482141   98.00    1.00    0.00    0.00   99.00    20  |__CPU 2/TCG
21:24:11     1000         -   1482142    0.00    0.00    0.00    0.00    0.00     8  |__CPU 3/TCG
21:24:12     1000   1482118         -  202.00    0.00    0.00    0.00  202.00    23  qemu-system-aar
21:24:12     1000         -   1482118    1.00    2.00    0.00    0.00    3.00    23  |__qemu-system-aar
21:24:12     1000         -   1482124    0.00    0.00    0.00    0.00    0.00     8  |__call_rcu
21:24:12     1000         -   1482139   99.00    0.00    0.00    0.00   99.00    16  |__CPU 0/TCG
21:24:12     1000         -   1482140    1.00    0.00    0.00    0.00    1.00     7  |__CPU 1/TCG
21:24:12     1000         -   1482141  100.00    0.00    0.00    0.00  100.00    20  |__CPU 2/TCG
21:24:12     1000         -   1482142    0.00    0.00    0.00    0.00    0.00     8  |__CPU 3/TCG
21:24:13     1000   1482118         -  201.00    2.00    0.00    0.00  203.00    23  qemu-system-aar
21:24:13     1000         -   1482118    1.00    2.00    0.00    0.00    3.00    23  |__qemu-system-aar
21:24:13     1000         -   1482124    0.00    0.00    0.00    0.00    0.00     8  |__call_rcu
21:24:13     1000         -   1482139  100.00    0.00    0.00    0.00  100.00    16  |__CPU 0/TCG
21:24:13     1000         -   1482140    0.00    0.00    0.00    0.00    0.00     7  |__CPU 1/TCG
21:24:13     1000         -   1482141   99.00    1.00    0.00    0.00  100.00    20  |__CPU 2/TCG
21:24:13     1000         -   1482142    0.00    0.00    0.00    0.00    0.00     8  |__CPU 3/TCG
21:24:14     1000   1482118         -  201.00    1.00    0.00    0.00  202.00    19  qemu-system-aar
21:24:14     1000         -   1482118    1.00    2.00    0.00    0.00    3.00    19  |__qemu-system-aar
21:24:14     1000         -   1482124    0.00    0.00    0.00    0.00    0.00     8  |__call_rcu
21:24:14     1000         -   1482139   98.00    1.00    0.00    0.00   99.00     0  |__CPU 0/TCG
21:24:14     1000         -   1482140    1.00    0.00    0.00    0.00    1.00     7  |__CPU 1/TCG
21:24:14     1000         -   1482141   99.00    0.00    0.00    0.00   99.00    20  |__CPU 2/TCG
21:24:14     1000         -   1482142    0.00    0.00    0.00    0.00    0.00     8  |__CPU 3/TCG
21:24:15     1000   1482118         -  201.00    2.00    0.00    0.00  203.00    19  qemu-system-aar
21:24:15     1000         -   1482118    1.00    3.00    0.00    0.00    4.00    19  |__qemu-system-aar
21:24:15     1000         -   1482124    0.00    0.00    0.00    0.00    0.00     8  |__call_rcu
21:24:15     1000         -   1482139   99.00    1.00    0.00    0.00  100.00    16  |__CPU 0/TCG
21:24:15     1000         -   1482140    0.00    0.00    0.00    0.00    0.00     2  |__CPU 1/TCG
21:24:15     1000         -   1482141   99.00    1.00    0.00    0.00  100.00    20  |__CPU 2/TCG
21:24:15     1000         -   1482142    0.00    0.00    0.00    0.00    0.00     8  |__CPU 3/TCG
21:24:16     1000   1482118         -  201.00    2.00    0.00    0.00  203.00    19  qemu-system-aar
21:24:16     1000         -   1482118    1.00    2.00    0.00    0.00    3.00    19  |__qemu-system-aar
21:24:16     1000         -   1482124    0.00    0.00    0.00    0.00    0.00     8  |__call_rcu
21:24:16     1000         -   1482139   99.00    0.00    0.00    0.00   99.00    16  |__CPU 0/TCG
21:24:16     1000         -   1482140    0.00    1.00    0.00    0.00    1.00     2  |__CPU 1/TCG
21:24:16     1000         -   1482141   98.00    1.00    0.00    0.00   99.00    20  |__CPU 2/TCG
21:24:16     1000         -   1482142    0.00    0.00    0.00    0.00    0.00     8  |__CPU 3/TCG
21:24:17     1000   1482118         -  202.00    1.00    0.00    0.00  203.00    19  qemu-system-aar
21:24:17     1000         -   1482118    0.00    2.00    0.00    0.00    2.00    19  |__qemu-system-aar
21:24:17     1000         -   1482124    0.00    0.00    0.00    0.00    0.00     8  |__call_rcu
21:24:17     1000         -   1482139  100.00    0.00    0.00    0.00  100.00    16  |__CPU 0/TCG
21:24:17     1000         -   1482140    1.00    0.00    0.00    0.00    1.00     1  |__CPU 1/TCG
21:24:17     1000         -   1482141   99.00    1.00    0.00    0.00  100.00    20  |__CPU 2/TCG
21:24:17     1000         -   1482142    0.00    0.00    0.00    0.00    0.00     8  |__CPU 3/TCG
21:24:18     1000   1482118         -  201.00    1.00    0.00    0.00  202.00     6  qemu-system-aar
21:24:18     1000         -   1482118    1.00    2.00    0.00    0.00    3.00     6  |__qemu-system-aar
21:24:18     1000         -   1482124    0.00    0.00    0.00    0.00    0.00     8  |__call_rcu
21:24:18     1000         -   1482139   99.00    1.00    0.00    0.00  100.00    16  |__CPU 0/TCG
21:24:18     1000         -   1482140    0.00    0.00    0.00    0.00    0.00     1  |__CPU 1/TCG
21:24:18     1000         -   1482141   99.00    0.00    0.00    0.00   99.00    20  |__CPU 2/TCG
21:24:18     1000         -   1482142    0.00    0.00    0.00    0.00    0.00     8  |__CPU 3/TCG
21:24:19     1000   1482118         -  202.00    1.00    0.00    0.00  203.00    19  qemu-system-aar
21:24:19     1000         -   1482118    1.00    2.00    0.00    0.00    3.00    19  |__qemu-system-aar
21:24:19     1000         -   1482124    0.00    0.00    0.00    0.00    0.00     8  |__call_rcu
21:24:19     1000         -   1482139   99.00    0.00    0.00    0.00   99.00    16  |__CPU 0/TCG
21:24:19     1000         -   1482140    1.00    0.00    0.00    0.00    1.00     2  |__CPU 1/TCG
21:24:19     1000         -   1482141  100.00    1.00    0.00    0.00  101.00    20  |__CPU 2/TCG
21:24:19     1000         -   1482142    0.00    0.00    0.00    0.00    0.00     8  |__CPU 3/TCG
21:24:20     1000   1482118         -  202.00    1.00    0.00    0.00  203.00    19  qemu-system-aar
21:24:20     1000         -   1482118    2.00    2.00    0.00    0.00    4.00    19  |__qemu-system-aar
21:24:20     1000         -   1482124    0.00    0.00    0.00    0.00    0.00     8  |__call_rcu
21:24:20     1000         -   1482139   99.00    0.00    0.00    0.00   99.00     0  |__CPU 0/TCG
21:24:20     1000         -   1482140    0.00    0.00    0.00    0.00    0.00     2  |__CPU 1/TCG
21:24:20     1000         -   1482141   99.00    0.00    0.00    0.00   99.00    20  |__CPU 2/TCG
21:24:20     1000         -   1482142    0.00    0.00    0.00    0.00    0.00     8  |__CPU 3/TCG
21:24:21     1000   1482118         -  201.00    2.00    0.00    0.00  203.00    19  qemu-system-aar
21:24:21     1000         -   1482118    1.00    2.00    0.00    0.00    3.00    19  |__qemu-system-aar
21:24:21     1000         -   1482124    0.00    0.00    0.00    0.00    0.00     8  |__call_rcu
21:24:21     1000         -   1482139   99.00    0.00    0.00    0.00   99.00     0  |__CPU 0/TCG
21:24:21     1000         -   1482140    1.00    0.00    0.00    0.00    1.00     1  |__CPU 1/TCG
21:24:21     1000         -   1482141   99.00    1.00    0.00    0.00  100.00    20  |__CPU 2/TCG
21:24:21     1000         -   1482142    0.00    0.00    0.00    0.00    0.00     8  |__CPU 3/TCG
21:24:22     1000   1482118         -  201.00    1.00    0.00    0.00  202.00    21  qemu-system-aar
21:24:22     1000         -   1482118    1.00    2.00    0.00    0.00    3.00    21  |__qemu-system-aar
21:24:22     1000         -   1482124    0.00    0.00    0.00    0.00    0.00     8  |__call_rcu
21:24:22     1000         -   1482139  100.00    1.00    0.00    0.00  101.00     0  |__CPU 0/TCG
21:24:22     1000         -   1482140    0.00    0.00    0.00    0.00    0.00     1  |__CPU 1/TCG
21:24:22     1000         -   1482141   99.00    0.00    0.00    0.00   99.00    20  |__CPU 2/TCG
21:24:22     1000         -   1482142    0.00    0.00    0.00    0.00    0.00     8  |__CPU 3/TCG
21:24:23     1000   1482118         -  201.00    1.00    0.00    0.00  202.00    21  qemu-system-aar
21:24:23     1000         -   1482118    0.00    3.00    0.00    0.00    3.00    21  |__qemu-system-aar
21:24:23     1000         -   1482124    0.00    0.00    0.00    0.00    0.00     8  |__call_rcu
21:24:23     1000         -   1482139   99.00    0.00    0.00    0.00   99.00     0  |__CPU 0/TCG
21:24:23     1000         -   1482140    0.00    0.00    0.00    0.00    0.00     1  |__CPU 1/TCG
21:24:23     1000         -   1482141   99.00    1.00    0.00    0.00  100.00    20  |__CPU 2/TCG
21:24:23     1000         -   1482142    0.00    0.00    0.00    0.00    0.00     8  |__CPU 3/TCG
21:24:24     1000   1482118         -  201.00    2.00    0.00    0.00  203.00    21  qemu-system-aar
21:24:24     1000         -   1482118    1.00    1.00    0.00    0.00    2.00    21  |__qemu-system-aar
21:24:24     1000         -   1482124    0.00    0.00    0.00    0.00    0.00     8  |__call_rcu
21:24:24     1000         -   1482139   99.00    1.00    0.00    0.00  100.00     0  |__CPU 0/TCG
21:24:24     1000         -   1482140    0.00    0.00    0.00    0.00    0.00     1  |__CPU 1/TCG
21:24:24     1000         -   1482141   99.00    0.00    0.00    0.00   99.00    20  |__CPU 2/TCG
21:24:24     1000         -   1482142    0.00    0.00    0.00    0.00    0.00     8  |__CPU 3/TCG
21:24:25     1000   1482118         -  200.00    1.00    0.00    0.00  201.00    21  qemu-system-aar
21:24:25     1000         -   1482118    1.00    3.00    0.00    0.00    4.00    21  |__qemu-system-aar
21:24:25     1000         -   1482124    0.00    0.00    0.00    0.00    0.00     8  |__call_rcu
21:24:25     1000         -   1482139   99.00    0.00    0.00    0.00   99.00     0  |__CPU 0/TCG
21:24:25     1000         -   1482140    1.00    0.00    0.00    0.00    1.00     1  |__CPU 1/TCG
21:24:25     1000         -   1482141   99.00    1.00    0.00    0.00  100.00    20  |__CPU 2/TCG
21:24:25     1000         -   1482142    0.00    0.00    0.00    0.00    0.00     8  |__CPU 3/TCG
21:24:26     1000   1482118         -  201.00    2.00    0.00    0.00  203.00    19  qemu-system-aar
21:24:26     1000         -   1482118    1.00    2.00    0.00    0.00    3.00    19  |__qemu-system-aar
21:24:26     1000         -   1482124    0.00    0.00    0.00    0.00    0.00     8  |__call_rcu
21:24:26     1000         -   1482139   99.00    0.00    0.00    0.00   99.00     0  |__CPU 0/TCG
21:24:26     1000         -   1482140    0.00    0.00    0.00    0.00    0.00     1  |__CPU 1/TCG
21:24:26     1000         -   1482141   99.00    1.00    0.00    0.00  100.00    20  |__CPU 2/TCG
21:24:26     1000         -   1482142    0.00    0.00    0.00    0.00    0.00     8  |__CPU 3/TCG
21:24:27     1000   1482118         -  202.00    1.00    0.00    0.00  203.00    19  qemu-system-aar
21:24:27     1000         -   1482118    1.00    2.00    0.00    0.00    3.00    19  |__qemu-system-aar
21:24:27     1000         -   1482124    0.00    0.00    0.00    0.00    0.00     8  |__call_rcu
21:24:27     1000         -   1482139   99.00    1.00    0.00    0.00  100.00     0  |__CPU 0/TCG
21:24:27     1000         -   1482140    0.00    0.00    0.00    0.00    0.00     1  |__CPU 1/TCG
21:24:27     1000         -   1482141   99.00    0.00    0.00    0.00   99.00    20  |__CPU 2/TCG
21:24:27     1000         -   1482142    0.00    0.00    0.00    0.00    0.00     8  |__CPU 3/TCG
21:24:28     1000   1482118         -  201.00    1.00    0.00    0.00  202.00    22  qemu-system-aar
21:24:28     1000         -   1482118    2.00    1.00    0.00    0.00    3.00    22  |__qemu-system-aar
21:24:28     1000         -   1482124    0.00    0.00    0.00    0.00    0.00     8  |__call_rcu
21:24:28     1000         -   1482139   99.00    0.00    0.00    0.00   99.00     0  |__CPU 0/TCG
21:24:28     1000         -   1482140    0.00    0.00    0.00    0.00    0.00     1  |__CPU 1/TCG
21:24:28     1000         -   1482141   99.00    1.00    0.00    0.00  100.00    20  |__CPU 2/TCG
21:24:28     1000         -   1482142    0.00    0.00    0.00    0.00    0.00     8  |__CPU 3/TCG
21:24:29     1000   1482118         -  201.00    2.00    0.00    0.00  203.00    21  qemu-system-aar
21:24:29     1000         -   1482118    1.00    2.00    0.00    0.00    3.00    21  |__qemu-system-aar
21:24:29     1000         -   1482124    0.00    0.00    0.00    0.00    0.00     8  |__call_rcu
21:24:29     1000         -   1482139   99.00    0.00    0.00    0.00   99.00     0  |__CPU 0/TCG
21:24:29     1000         -   1482140    1.00    0.00    0.00    0.00    1.00     1  |__CPU 1/TCG
21:24:29     1000         -   1482141   99.00    1.00    0.00    0.00  100.00    20  |__CPU 2/TCG
21:24:29     1000         -   1482142    0.00    0.00    0.00    0.00    0.00     8  |__CPU 3/TCG
21:24:30     1000   1482118         -  201.00    1.00    0.00    0.00  202.00     5  qemu-system-aar
21:24:30     1000         -   1482118    1.00    3.00    0.00    0.00    4.00     5  |__qemu-system-aar
21:24:30     1000         -   1482124    0.00    0.00    0.00    0.00    0.00     8  |__call_rcu
21:24:30     1000         -   1482139   99.00    1.00    0.00    0.00  100.00     0  |__CPU 0/TCG
21:24:30     1000         -   1482140    0.00    0.00    0.00    0.00    0.00     1  |__CPU 1/TCG
21:24:30     1000         -   1482141   99.00    0.00    0.00    0.00   99.00    20  |__CPU 2/TCG
21:24:30     1000         -   1482142    0.00    0.00    0.00    0.00    0.00     8  |__CPU 3/TCG
21:24:31     1000   1482118         -  202.00    1.00    0.00    0.00  203.00     5  qemu-system-aar
21:24:31     1000         -   1482118    0.00    2.00    0.00    0.00    2.00     5  |__qemu-system-aar
21:24:31     1000         -   1482124    0.00    0.00    0.00    0.00    0.00     8  |__call_rcu
21:24:31     1000         -   1482139  100.00    0.00    0.00    0.00  100.00    16  |__CPU 0/TCG
21:24:31     1000         -   1482140    1.00    0.00    0.00    0.00    1.00     3  |__CPU 1/TCG
21:24:31     1000         -   1482141   99.00    0.00    0.00    0.00   99.00    20  |__CPU 2/TCG
21:24:31     1000         -   1482142    0.00    0.00    0.00    0.00    0.00     8  |__CPU 3/TCG
21:24:32     1000   1482118         -  201.00    2.00    0.00    0.00  203.00    19  qemu-system-aar
21:24:32     1000         -   1482118    1.00    2.00    0.00    0.00    3.00    19  |__qemu-system-aar
21:24:32     1000         -   1482124    0.00    0.00    0.00    0.00    0.00     8  |__call_rcu
21:24:32     1000         -   1482139   99.00    0.00    0.00    0.00   99.00    16  |__CPU 0/TCG
21:24:32     1000         -   1482140    0.00    0.00    0.00    0.00    0.00     1  |__CPU 1/TCG
21:24:32     1000         -   1482141   99.00    1.00    0.00    0.00  100.00    20  |__CPU 2/TCG
21:24:32     1000         -   1482142    0.00    0.00    0.00    0.00    0.00     8  |__CPU 3/TCG
21:24:33     1000   1482118         -  201.00    1.00    0.00    0.00  202.00     7  qemu-system-aar
21:24:33     1000         -   1482118    1.00    2.00    0.00    0.00    3.00     7  |__qemu-system-aar
21:24:33     1000         -   1482124    0.00    0.00    0.00    0.00    0.00     8  |__call_rcu
21:24:33     1000         -   1482139   99.00    1.00    0.00    0.00  100.00    16  |__CPU 0/TCG
21:24:33     1000         -   1482140    1.00    0.00    0.00    0.00    1.00     3  |__CPU 1/TCG
21:24:33     1000         -   1482141   99.00    1.00    0.00    0.00  100.00    20  |__CPU 2/TCG
21:24:33     1000         -   1482142    0.00    0.00    0.00    0.00    0.00     8  |__CPU 3/TCG
21:24:34     1000   1482118         -  202.00    1.00    0.00    0.00  203.00     1  qemu-system-aar
21:24:34     1000         -   1482118    1.00    3.00    0.00    0.00    4.00     1  |__qemu-system-aar
21:24:34     1000         -   1482124    0.00    0.00    0.00    0.00    0.00     8  |__call_rcu
21:24:34     1000         -   1482139   99.00    0.00    0.00    0.00   99.00    16  |__CPU 0/TCG
21:24:34     1000         -   1482140    0.00    0.00    0.00    0.00    0.00     5  |__CPU 1/TCG
21:24:34     1000         -   1482141  100.00    0.00    0.00    0.00  100.00    20  |__CPU 2/TCG
21:24:34     1000         -   1482142    0.00    0.00    0.00    0.00    0.00     8  |__CPU 3/TCG
21:24:35     1000   1482118         -  202.00    1.00    0.00    0.00  203.00     6  qemu-system-aar
21:24:35     1000         -   1482118    2.00    0.00    0.00    0.00    2.00     6  |__qemu-system-aar
21:24:35     1000         -   1482124    0.00    0.00    0.00    0.00    0.00     8  |__call_rcu
21:24:35     1000         -   1482139  100.00    0.00    0.00    0.00  100.00    16  |__CPU 0/TCG
21:24:35     1000         -   1482140    0.00    1.00    0.00    0.00    1.00     3  |__CPU 1/TCG
21:24:35     1000         -   1482141   99.00    0.00    0.00    0.00   99.00     4  |__CPU 2/TCG
21:24:35     1000         -   1482142    0.00    0.00    0.00    0.00    0.00     8  |__CPU 3/TCG
21:24:36     1000   1482118         -  202.00    1.00    0.00    0.00  203.00     6  qemu-system-aar
21:24:36     1000         -   1482118    2.00    2.00    0.00    0.00    4.00     6  |__qemu-system-aar
21:24:36     1000         -   1482124    0.00    0.00    0.00    0.00    0.00     8  |__call_rcu
21:24:36     1000         -   1482139   99.00    0.00    0.00    0.00   99.00    16  |__CPU 0/TCG
21:24:36     1000         -   1482140    1.00    0.00    0.00    0.00    1.00     5  |__CPU 1/TCG
21:24:36     1000         -   1482141   99.00    1.00    0.00    0.00  100.00    20  |__CPU 2/TCG
21:24:36     1000         -   1482142    0.00    0.00    0.00    0.00    0.00     8  |__CPU 3/TCG
21:24:37     1000   1482118         -  201.00    2.00    0.00    0.00  203.00     2  qemu-system-aar
21:24:37     1000         -   1482118    0.00    3.00    0.00    0.00    3.00     2  |__qemu-system-aar
21:24:37     1000         -   1482124    0.00    0.00    0.00    0.00    0.00     8  |__call_rcu
21:24:37     1000         -   1482139   99.00    1.00    0.00    0.00  100.00    16  |__CPU 0/TCG
21:24:37     1000         -   1482140    1.00    0.00    0.00    0.00    1.00     3  |__CPU 1/TCG
21:24:37     1000         -   1482141   99.00    0.00    0.00    0.00   99.00    20  |__CPU 2/TCG
21:24:37     1000         -   1482142    0.00    0.00    0.00    0.00    0.00     8  |__CPU 3/TCG
21:24:38     1000   1482118         -  201.00    1.00    0.00    0.00  202.00     3  qemu-system-aar
21:24:38     1000         -   1482118    1.00    2.00    0.00    0.00    3.00     3  |__qemu-system-aar
21:24:38     1000         -   1482124    0.00    0.00    0.00    0.00    0.00     8  |__call_rcu
21:24:38     1000         -   1482139   99.00    1.00    0.00    0.00  100.00    16  |__CPU 0/TCG
21:24:38     1000         -   1482140    0.00    0.00    0.00    0.00    0.00     5  |__CPU 1/TCG
21:24:38     1000         -   1482141   99.00    1.00    0.00    0.00  100.00    20  |__CPU 2/TCG
21:24:38     1000         -   1482142    0.00    0.00    0.00    0.00    0.00     8  |__CPU 3/TCG
21:24:39     1000   1482118         -  202.00    1.00    0.00    0.00  203.00     3  qemu-system-aar
21:24:39     1000         -   1482118    0.00    3.00    0.00    0.00    3.00     3  |__qemu-system-aar
21:24:39     1000         -   1482124    0.00    0.00    0.00    0.00    0.00     8  |__call_rcu
21:24:39     1000         -   1482139   99.00    0.00    0.00    0.00   99.00     0  |__CPU 0/TCG
21:24:39     1000         -   1482140    0.00    0.00    0.00    0.00    0.00     5  |__CPU 1/TCG
21:24:39     1000         -   1482141   99.00    0.00    0.00    0.00   99.00     4  |__CPU 2/TCG
21:24:39     1000         -   1482142    0.00    0.00    0.00    0.00    0.00     8  |__CPU 3/TCG
21:24:40     1000   1482118         -  201.00    2.00    0.00    0.00  203.00    20  qemu-system-aar
21:24:40     1000         -   1482118    1.00    2.00    0.00    0.00    3.00    20  |__qemu-system-aar
21:24:40     1000         -   1482124    0.00    0.00    0.00    0.00    0.00     8  |__call_rcu
21:24:40     1000         -   1482139   99.00    0.00    0.00    0.00   99.00     0  |__CPU 0/TCG
21:24:40     1000         -   1482140    1.00    0.00    0.00    0.00    1.00     7  |__CPU 1/TCG
21:24:40     1000         -   1482141   99.00    1.00    0.00    0.00  100.00     4  |__CPU 2/TCG
21:24:40     1000         -   1482142    0.00    0.00    0.00    0.00    0.00     8  |__CPU 3/TCG
21:24:41     1000   1482118         -  202.00    1.00    0.00    0.00  203.00    16  qemu-system-aar
21:24:41     1000         -   1482118    2.00    2.00    0.00    0.00    4.00    16  |__qemu-system-aar
21:24:41     1000         -   1482124    0.00    0.00    0.00    0.00    0.00     8  |__call_rcu
21:24:41     1000         -   1482139   99.00    1.00    0.00    0.00  100.00     0  |__CPU 0/TCG
21:24:41     1000         -   1482140    1.00    0.00    0.00    0.00    1.00     7  |__CPU 1/TCG
21:24:41     1000         -   1482141  100.00    0.00    0.00    0.00  100.00    20  |__CPU 2/TCG
21:24:41     1000         -   1482142    0.00    0.00    0.00    0.00    0.00     8  |__CPU 3/TCG
21:24:42     1000   1482118         -  201.00    2.00    0.00    0.00  203.00    23  qemu-system-aar
21:24:42     1000         -   1482118    0.00    4.00    0.00    0.00    4.00    23  |__qemu-system-aar
21:24:42     1000         -   1482124    0.00    0.00    0.00    0.00    0.00     8  |__call_rcu
21:24:42     1000         -   1482139   99.00    0.00    0.00    0.00   99.00    16  |__CPU 0/TCG
21:24:42     1000         -   1482140    0.00    0.00    0.00    0.00    0.00     5  |__CPU 1/TCG
21:24:42     1000         -   1482141   98.00    1.00    0.00    0.00   99.00     4  |__CPU 2/TCG
21:24:42     1000         -   1482142    0.00    0.00    0.00    0.00    0.00     8  |__CPU 3/TCG
21:24:43     1000   1482118         -  201.00    2.00    0.00    0.00  203.00    19  qemu-system-aar
21:24:43     1000         -   1482118    0.00    2.00    0.00    0.00    2.00    19  |__qemu-system-aar
21:24:43     1000         -   1482124    0.00    0.00    0.00    0.00    0.00     8  |__call_rcu
21:24:43     1000         -   1482139   99.00    0.00    0.00    0.00   99.00    16  |__CPU 0/TCG
21:24:43     1000         -   1482140    1.00    0.00    0.00    0.00    1.00     7  |__CPU 1/TCG
21:24:43     1000         -   1482141   99.00    1.00    0.00    0.00  100.00     4  |__CPU 2/TCG
21:24:43     1000         -   1482142    0.00    0.00    0.00    0.00    0.00     8  |__CPU 3/TCG
21:24:44     1000   1482118         -  202.00    1.00    0.00    0.00  203.00    19  qemu-system-aar
21:24:44     1000         -   1482118    1.00    3.00    0.00    0.00    4.00    19  |__qemu-system-aar
21:24:44     1000         -   1482124    0.00    0.00    0.00    0.00    0.00     8  |__call_rcu
21:24:44     1000         -   1482139   99.00    1.00    0.00    0.00  100.00    16  |__CPU 0/TCG
21:24:44     1000         -   1482140    0.00    0.00    0.00    0.00    0.00     7  |__CPU 1/TCG
21:24:44     1000         -   1482141  100.00    0.00    0.00    0.00  100.00    20  |__CPU 2/TCG
21:24:44     1000         -   1482142    0.00    0.00    0.00    0.00    0.00     8  |__CPU 3/TCG
21:24:45     1000   1482118         -  201.00    2.00    0.00    0.00  203.00    19  qemu-system-aar
21:24:45     1000         -   1482118    0.00    3.00    0.00    0.00    3.00    19  |__qemu-system-aar
21:24:45     1000         -   1482124    0.00    0.00    0.00    0.00    0.00     8  |__call_rcu
21:24:45     1000         -   1482139   99.00    0.00    0.00    0.00   99.00    16  |__CPU 0/TCG
21:24:45     1000         -   1482140    1.00    0.00    0.00    0.00    1.00     7  |__CPU 1/TCG
21:24:45     1000         -   1482141   98.00    1.00    0.00    0.00   99.00    20  |__CPU 2/TCG
21:24:45     1000         -   1482142    0.00    0.00    0.00    0.00    0.00     8  |__CPU 3/TCG
21:24:46     1000   1482118         -  201.00    1.00    0.00    0.00  202.00    19  qemu-system-aar
21:24:46     1000         -   1482118    1.00    1.00    0.00    0.00    2.00    19  |__qemu-system-aar
21:24:46     1000         -   1482124    0.00    0.00    0.00    0.00    0.00     8  |__call_rcu
21:24:46     1000         -   1482139  100.00    0.00    0.00    0.00  100.00     0  |__CPU 0/TCG
21:24:46     1000         -   1482140    1.00    0.00    0.00    0.00    1.00     7  |__CPU 1/TCG
21:24:46     1000         -   1482141   99.00    1.00    0.00    0.00  100.00    20  |__CPU 2/TCG
21:24:46     1000         -   1482142    0.00    0.00    0.00    0.00    0.00     8  |__CPU 3/TCG
21:24:47     1000   1482118         -  202.00    1.00    0.00    0.00  203.00    21  qemu-system-aar
21:24:47     1000         -   1482118    1.00    3.00    0.00    0.00    4.00    21  |__qemu-system-aar
21:24:47     1000         -   1482124    0.00    0.00    0.00    0.00    0.00     8  |__call_rcu
21:24:47     1000         -   1482139   98.00    1.00    0.00    0.00   99.00     0  |__CPU 0/TCG
21:24:47     1000         -   1482140    0.00    0.00    0.00    0.00    0.00     5  |__CPU 1/TCG
21:24:47     1000         -   1482141  100.00    0.00    0.00    0.00  100.00    20  |__CPU 2/TCG
21:24:47     1000         -   1482142    0.00    0.00    0.00    0.00    0.00     8  |__CPU 3/TCG
21:24:48     1000   1482118         -  201.00    1.00    0.00    0.00  202.00     1  qemu-system-aar
21:24:48     1000         -   1482118    1.00    2.00    0.00    0.00    3.00     1  |__qemu-system-aar
21:24:48     1000         -   1482124    0.00    0.00    0.00    0.00    0.00     8  |__call_rcu
21:24:48     1000         -   1482139  100.00    0.00    0.00    0.00  100.00     0  |__CPU 0/TCG
21:24:48     1000         -   1482140    1.00    0.00    0.00    0.00    1.00     5  |__CPU 1/TCG
21:24:48     1000         -   1482141   99.00    0.00    0.00    0.00   99.00    20  |__CPU 2/TCG
21:24:48     1000         -   1482142    0.00    0.00    0.00    0.00    0.00     8  |__CPU 3/TCG
21:24:49     1000   1482118         -  202.00    1.00    0.00    0.00  203.00     3  qemu-system-aar
21:24:49     1000         -   1482118    1.00    2.00    0.00    0.00    3.00     3  |__qemu-system-aar
21:24:49     1000         -   1482124    0.00    0.00    0.00    0.00    0.00     8  |__call_rcu
21:24:49     1000         -   1482139   99.00    0.00    0.00    0.00   99.00     0  |__CPU 0/TCG
21:24:49     1000         -   1482140    0.00    0.00    0.00    0.00    0.00     1  |__CPU 1/TCG
21:24:49     1000         -   1482141   99.00    1.00    0.00    0.00  100.00    20  |__CPU 2/TCG
21:24:49     1000         -   1482142    0.00    0.00    0.00    0.00    0.00     8  |__CPU 3/TCG
21:24:50     1000   1482118         -  201.00    1.00    0.00    0.00  202.00    17  qemu-system-aar
21:24:50     1000         -   1482118    1.00    2.00    0.00    0.00    3.00    17  |__qemu-system-aar
21:24:50     1000         -   1482124    0.00    0.00    0.00    0.00    0.00     8  |__call_rcu
21:24:50     1000         -   1482139   99.00    1.00    0.00    0.00  100.00    16  |__CPU 0/TCG
21:24:50     1000         -   1482140    0.00    0.00    0.00    0.00    0.00     1  |__CPU 1/TCG
21:24:50     1000         -   1482141   99.00    0.00    0.00    0.00   99.00    20  |__CPU 2/TCG
21:24:50     1000         -   1482142    0.00    0.00    0.00    0.00    0.00     8  |__CPU 3/TCG
21:24:51     1000   1482118         -  202.00    2.00    0.00    0.00  204.00    17  qemu-system-aar
21:24:51     1000         -   1482118    1.00    2.00    0.00    0.00    3.00    17  |__qemu-system-aar
21:24:51     1000         -   1482124    0.00    0.00    0.00    0.00    0.00     8  |__call_rcu
21:24:51     1000         -   1482139   99.00    0.00    0.00    0.00   99.00    16  |__CPU 0/TCG
21:24:51     1000         -   1482140    1.00    0.00    0.00    0.00    1.00     1  |__CPU 1/TCG
21:24:51     1000         -   1482141   99.00    1.00    0.00    0.00  100.00    20  |__CPU 2/TCG
21:24:51     1000         -   1482142    0.00    0.00    0.00    0.00    0.00     8  |__CPU 3/TCG
21:24:52     1000   1482118         -  201.00    1.00    0.00    0.00  202.00    17  qemu-system-aar
21:24:52     1000         -   1482118    0.00    3.00    0.00    0.00    3.00    17  |__qemu-system-aar
21:24:52     1000         -   1482124    0.00    0.00    0.00    0.00    0.00     8  |__call_rcu
21:24:52     1000         -   1482139   99.00    0.00    0.00    0.00   99.00    16  |__CPU 0/TCG
21:24:52     1000         -   1482140    0.00    0.00    0.00    0.00    0.00     5  |__CPU 1/TCG
21:24:52     1000         -   1482141   99.00    1.00    0.00    0.00  100.00    20  |__CPU 2/TCG
21:24:52     1000         -   1482142    0.00    0.00    0.00    0.00    0.00     8  |__CPU 3/TCG
21:24:53     1000   1482118         -  202.00    1.00    0.00    0.00  203.00    22  qemu-system-aar
21:24:53     1000         -   1482118    1.00    2.00    0.00    0.00    3.00    22  |__qemu-system-aar
21:24:53     1000         -   1482124    0.00    0.00    0.00    0.00    0.00     8  |__call_rcu
21:24:53     1000         -   1482139   99.00    1.00    0.00    0.00  100.00    16  |__CPU 0/TCG
21:24:53     1000         -   1482140    1.00    0.00    0.00    0.00    1.00     2  |__CPU 1/TCG
21:24:53     1000         -   1482141   99.00    0.00    0.00    0.00   99.00    20  |__CPU 2/TCG
21:24:53     1000         -   1482142    0.00    0.00    0.00    0.00    0.00     8  |__CPU 3/TCG
21:24:54     1000   1482118         -  201.00    2.00    0.00    0.00  203.00    22  qemu-system-aar
21:24:54     1000         -   1482118    1.00    3.00    0.00    0.00    4.00    22  |__qemu-system-aar
21:24:54     1000         -   1482124    0.00    0.00    0.00    0.00    0.00     8  |__call_rcu
21:24:54     1000         -   1482139  100.00    0.00    0.00    0.00  100.00    16  |__CPU 0/TCG
21:24:54     1000         -   1482140    0.00    0.00    0.00    0.00    0.00     1  |__CPU 1/TCG
21:24:54     1000         -   1482141   99.00    1.00    0.00    0.00  100.00    20  |__CPU 2/TCG
21:24:54     1000         -   1482142    0.00    0.00    0.00    0.00    0.00     8  |__CPU 3/TCG
21:24:55     1000   1482118         -  201.00    2.00    0.00    0.00  203.00    22  qemu-system-aar
21:24:55     1000         -   1482118    0.00    2.00    0.00    0.00    2.00    22  |__qemu-system-aar
21:24:55     1000         -   1482124    0.00    0.00    0.00    0.00    0.00     8  |__call_rcu
21:24:55     1000         -   1482139   99.00    0.00    0.00    0.00   99.00    16  |__CPU 0/TCG
21:24:55     1000         -   1482140    1.00    0.00    0.00    0.00    1.00     3  |__CPU 1/TCG
21:24:55     1000         -   1482141   99.00    1.00    0.00    0.00  100.00    20  |__CPU 2/TCG
21:24:55     1000         -   1482142    0.00    0.00    0.00    0.00    0.00     8  |__CPU 3/TCG
21:24:56     1000   1482118         -  201.00    1.00    0.00    0.00  202.00    22  qemu-system-aar
21:24:56     1000         -   1482118    0.00    3.00    0.00    0.00    3.00    22  |__qemu-system-aar
21:24:56     1000         -   1482124    0.00    0.00    0.00    0.00    0.00     8  |__call_rcu
21:24:56     1000         -   1482139   99.00    1.00    0.00    0.00  100.00     0  |__CPU 0/TCG
21:24:56     1000         -   1482140    0.00    0.00    0.00    0.00    0.00     3  |__CPU 1/TCG
21:24:56     1000         -   1482141   99.00    0.00    0.00    0.00   99.00    20  |__CPU 2/TCG
21:24:56     1000         -   1482142    0.00    0.00    0.00    0.00    0.00     8  |__CPU 3/TCG
21:24:57     1000   1482118         -  201.00    2.00    0.00    0.00  203.00    22  qemu-system-aar
21:24:57     1000         -   1482118    1.00    2.00    0.00    0.00    3.00    22  |__qemu-system-aar
21:24:57     1000         -   1482124    0.00    0.00    0.00    0.00    0.00     8  |__call_rcu
21:24:57     1000         -   1482139   99.00    0.00    0.00    0.00   99.00     0  |__CPU 0/TCG
21:24:57     1000         -   1482140    1.00    0.00    0.00    0.00    1.00     1  |__CPU 1/TCG
21:24:57     1000         -   1482141   99.00    1.00    0.00    0.00  100.00    20  |__CPU 2/TCG
21:24:57     1000         -   1482142    0.00    0.00    0.00    0.00    0.00     8  |__CPU 3/TCG
21:24:58     1000   1482118         -  202.00    1.00    0.00    0.00  203.00     6  qemu-system-aar
21:24:58     1000         -   1482118    1.00    3.00    0.00    0.00    4.00     6  |__qemu-system-aar
21:24:58     1000         -   1482124    0.00    0.00    0.00    0.00    0.00     8  |__call_rcu
21:24:58     1000         -   1482139   99.00    1.00    0.00    0.00  100.00     0  |__CPU 0/TCG
21:24:58     1000         -   1482140    0.00    0.00    0.00    0.00    0.00     1  |__CPU 1/TCG
21:24:58     1000         -   1482141   99.00    0.00    0.00    0.00   99.00    20  |__CPU 2/TCG
21:24:58     1000         -   1482142    0.00    0.00    0.00    0.00    0.00     8  |__CPU 3/TCG
21:24:59     1000   1482118         -  201.00    2.00    0.00    0.00  203.00    21  qemu-system-aar
21:24:59     1000         -   1482118    1.00    1.00    0.00    0.00    2.00    21  |__qemu-system-aar
21:24:59     1000         -   1482124    0.00    0.00    0.00    0.00    0.00     8  |__call_rcu
21:24:59     1000         -   1482139   98.00    1.00    0.00    0.00   99.00    16  |__CPU 0/TCG
21:24:59     1000         -   1482140    1.00    0.00    0.00    0.00    1.00     1  |__CPU 1/TCG
21:24:59     1000         -   1482141   99.00    1.00    0.00    0.00  100.00    20  |__CPU 2/TCG
21:24:59     1000         -   1482142    0.00    0.00    0.00    0.00    0.00     8  |__CPU 3/TCG
21:25:00     1000   1482118         -  201.00    1.00    0.00    0.00  202.00     6  qemu-system-aar
21:25:00     1000         -   1482118    1.00    3.00    0.00    0.00    4.00     6  |__qemu-system-aar
21:25:00     1000         -   1482124    0.00    0.00    0.00    0.00    0.00     8  |__call_rcu
21:25:00     1000         -   1482139  100.00    0.00    0.00    0.00  100.00    16  |__CPU 0/TCG
21:25:00     1000         -   1482140    0.00    0.00    0.00    0.00    0.00     3  |__CPU 1/TCG
21:25:00     1000         -   1482141  100.00    0.00    0.00    0.00  100.00    20  |__CPU 2/TCG
21:25:00     1000         -   1482142    0.00    0.00    0.00    0.00    0.00     8  |__CPU 3/TCG
21:25:01     1000   1482118         -  203.00    0.00    0.00    0.00  203.00     7  qemu-system-aar
21:25:01     1000         -   1482118    1.00    2.00    0.00    0.00    3.00     7  |__qemu-system-aar
21:25:01     1000         -   1482124    0.00    0.00    0.00    0.00    0.00     8  |__call_rcu
21:25:01     1000         -   1482139   99.00    0.00    0.00    0.00   99.00    16  |__CPU 0/TCG
21:25:01     1000         -   1482140    1.00    0.00    0.00    0.00    1.00     3  |__CPU 1/TCG
21:25:01     1000         -   1482141   99.00    0.00    0.00    0.00   99.00    20  |__CPU 2/TCG
21:25:01     1000         -   1482142    0.00    0.00    0.00    0.00    0.00     8  |__CPU 3/TCG
21:25:02     1000   1482118         -  201.00    2.00    0.00    0.00  203.00     7  qemu-system-aar
21:25:02     1000         -   1482118    0.00    3.00    0.00    0.00    3.00     7  |__qemu-system-aar
21:25:02     1000         -   1482124    0.00    0.00    0.00    0.00    0.00     8  |__call_rcu
21:25:02     1000         -   1482139   99.00    1.00    0.00    0.00  100.00    16  |__CPU 0/TCG
21:25:02     1000         -   1482140    0.00    0.00    0.00    0.00    0.00     3  |__CPU 1/TCG
21:25:02     1000         -   1482141   99.00    1.00    0.00    0.00  100.00    20  |__CPU 2/TCG
21:25:02     1000         -   1482142    0.00    0.00    0.00    0.00    0.00     8  |__CPU 3/TCG
21:25:03     1000   1482118         -  202.00    1.00    0.00    0.00  203.00     7  qemu-system-aar
21:25:03     1000         -   1482118    1.00    3.00    0.00    0.00    4.00     7  |__qemu-system-aar
21:25:03     1000         -   1482124    0.00    0.00    0.00    0.00    0.00     8  |__call_rcu
21:25:03     1000         -   1482139   99.00    0.00    0.00    0.00   99.00    16  |__CPU 0/TCG
21:25:03     1000         -   1482140    1.00    0.00    0.00    0.00    1.00     3  |__CPU 1/TCG
21:25:03     1000         -   1482141   99.00    1.00    0.00    0.00  100.00     4  |__CPU 2/TCG
21:25:03     1000         -   1482142    0.00    0.00    0.00    0.00    0.00     8  |__CPU 3/TCG
21:25:04     1000   1482118         -  201.00    1.00    0.00    0.00  202.00     3  qemu-system-aar
21:25:04     1000         -   1482118    1.00    1.00    0.00    0.00    2.00     3  |__qemu-system-aar
21:25:04     1000         -   1482124    0.00    0.00    0.00    0.00    0.00     8  |__call_rcu
21:25:04     1000         -   1482139  100.00    0.00    0.00    0.00  100.00    16  |__CPU 0/TCG
21:25:04     1000         -   1482140    0.00    0.00    0.00    0.00    0.00     1  |__CPU 1/TCG
21:25:04     1000         -   1482141   99.00    0.00    0.00    0.00   99.00     4  |__CPU 2/TCG
21:25:04     1000         -   1482142    0.00    0.00    0.00    0.00    0.00     8  |__CPU 3/TCG
21:25:05     1000   1482118         -  202.00    1.00    0.00    0.00  203.00     7  qemu-system-aar
21:25:05     1000         -   1482118    2.00    2.00    0.00    0.00    4.00     7  |__qemu-system-aar
21:25:05     1000         -   1482124    0.00    0.00    0.00    0.00    0.00     8  |__call_rcu
21:25:05     1000         -   1482139   99.00    1.00    0.00    0.00  100.00    16  |__CPU 0/TCG
21:25:05     1000         -   1482140    1.00    0.00    0.00    0.00    1.00     1  |__CPU 1/TCG
21:25:05     1000         -   1482141   99.00    1.00    0.00    0.00  100.00     4  |__CPU 2/TCG
21:25:05     1000         -   1482142    0.00    0.00    0.00    0.00    0.00     8  |__CPU 3/TCG
21:25:06     1000   1482118         -  202.00    1.00    0.00    0.00  203.00     7  qemu-system-aar
21:25:06     1000         -   1482118    1.00    2.00    0.00    0.00    3.00     7  |__qemu-system-aar
21:25:06     1000         -   1482124    0.00    0.00    0.00    0.00    0.00     8  |__call_rcu
21:25:06     1000         -   1482139   99.00    0.00    0.00    0.00   99.00    16  |__CPU 0/TCG
21:25:06     1000         -   1482140    1.00    0.00    0.00    0.00    1.00     3  |__CPU 1/TCG
21:25:06     1000         -   1482141   99.00    0.00    0.00    0.00   99.00     4  |__CPU 2/TCG
21:25:06     1000         -   1482142    0.00    0.00    0.00    0.00    0.00     8  |__CPU 3/TCG
21:25:07     1000   1482118         -  201.00    2.00    0.00    0.00  203.00     7  qemu-system-aar
21:25:07     1000         -   1482118    1.00    2.00    0.00    0.00    3.00     7  |__qemu-system-aar
21:25:07     1000         -   1482124    0.00    0.00    0.00    0.00    0.00     8  |__call_rcu
21:25:07     1000         -   1482139   99.00    0.00    0.00    0.00   99.00     6  |__CPU 0/TCG
21:25:07     1000         -   1482140    0.00    0.00    0.00    0.00    0.00     3  |__CPU 1/TCG
21:25:07     1000         -   1482141   99.00    1.00    0.00    0.00  100.00     4  |__CPU 2/TCG
21:25:07     1000         -   1482142    0.00    0.00    0.00    0.00    0.00     8  |__CPU 3/TCG
21:25:08     1000   1482118         -  202.00    1.00    0.00    0.00  203.00     5  qemu-system-aar
21:25:08     1000         -   1482118    0.00    3.00    0.00    0.00    3.00     5  |__qemu-system-aar
21:25:08     1000         -   1482124    0.00    0.00    0.00    0.00    0.00     8  |__call_rcu
21:25:08     1000         -   1482139   99.00    0.00    0.00    0.00   99.00     0  |__CPU 0/TCG
21:25:08     1000         -   1482140    0.00    1.00    0.00    0.00    1.00     1  |__CPU 1/TCG
21:25:08     1000         -   1482141   99.00    0.00    0.00    0.00   99.00    20  |__CPU 2/TCG
21:25:08     1000         -   1482142    0.00    0.00    0.00    0.00    0.00     8  |__CPU 3/TCG
21:25:09     1000   1482118         -  201.00    1.00    0.00    0.00  202.00     5  qemu-system-aar
21:25:09     1000         -   1482118    0.00    2.00    0.00    0.00    2.00     5  |__qemu-system-aar
21:25:09     1000         -   1482124    0.00    0.00    0.00    0.00    0.00     8  |__call_rcu
21:25:09     1000         -   1482139   99.00    1.00    0.00    0.00  100.00     0  |__CPU 0/TCG
21:25:09     1000         -   1482140    0.00    0.00    0.00    0.00    0.00     1  |__CPU 1/TCG
21:25:09     1000         -   1482141  100.00    1.00    0.00    0.00  101.00    20  |__CPU 2/TCG
21:25:09     1000         -   1482142    0.00    0.00    0.00    0.00    0.00     8  |__CPU 3/TCG
21:25:10     1000   1482118         -  202.00    0.00    0.00    0.00  202.00     5  qemu-system-aar
21:25:10     1000         -   1482118    2.00    2.00    0.00    0.00    4.00     5  |__qemu-system-aar
21:25:10     1000         -   1482124    0.00    0.00    0.00    0.00    0.00     8  |__call_rcu
21:25:10     1000         -   1482139  100.00    0.00    0.00    0.00  100.00    16  |__CPU 0/TCG
21:25:10     1000         -   1482140    1.00    0.00    0.00    0.00    1.00     1  |__CPU 1/TCG
21:25:10     1000         -   1482141   99.00    0.00    0.00    0.00   99.00    20  |__CPU 2/TCG
21:25:10     1000         -   1482142    0.00    0.00    0.00    0.00    0.00     8  |__CPU 3/TCG
21:25:11     1000   1482118         -  202.00    2.00    0.00    0.00  204.00     7  qemu-system-aar
21:25:11     1000         -   1482118    1.00    2.00    0.00    0.00    3.00     7  |__qemu-system-aar
21:25:11     1000         -   1482124    0.00    0.00    0.00    0.00    0.00     8  |__call_rcu
21:25:11     1000         -   1482139   99.00    0.00    0.00    0.00   99.00    16  |__CPU 0/TCG
21:25:11     1000         -   1482140    0.00    0.00    0.00    0.00    0.00     1  |__CPU 1/TCG
21:25:11     1000         -   1482141   99.00    0.00    0.00    0.00   99.00    20  |__CPU 2/TCG
21:25:11     1000         -   1482142    0.00    0.00    0.00    0.00    0.00     8  |__CPU 3/TCG
21:25:12     1000   1482118         -  201.00    1.00    0.00    0.00  202.00     6  qemu-system-aar
21:25:12     1000         -   1482118    1.00    2.00    0.00    0.00    3.00     6  |__qemu-system-aar
21:25:12     1000         -   1482124    0.00    0.00    0.00    0.00    0.00     8  |__call_rcu
21:25:12     1000         -   1482139   99.00    1.00    0.00    0.00  100.00    16  |__CPU 0/TCG
21:25:12     1000         -   1482140    1.00    0.00    0.00    0.00    1.00     1  |__CPU 1/TCG
21:25:12     1000         -   1482141   99.00    1.00    0.00    0.00  100.00    20  |__CPU 2/TCG
21:25:12     1000         -   1482142    0.00    0.00    0.00    0.00    0.00     8  |__CPU 3/TCG
21:25:13     1000   1482118         -  203.00    0.00    0.00    0.00  203.00     6  qemu-system-aar
21:25:13     1000         -   1482118    1.00    2.00    0.00    0.00    3.00     6  |__qemu-system-aar
21:25:13     1000         -   1482124    0.00    0.00    0.00    0.00    0.00     8  |__call_rcu
21:25:13     1000         -   1482139  100.00    0.00    0.00    0.00  100.00     0  |__CPU 0/TCG
21:25:13     1000         -   1482140    0.00    0.00    0.00    0.00    0.00     1  |__CPU 1/TCG
21:25:13     1000         -   1482141   99.00    0.00    0.00    0.00   99.00    20  |__CPU 2/TCG
21:25:13     1000         -   1482142    0.00    0.00    0.00    0.00    0.00     8  |__CPU 3/TCG
21:25:14     1000   1482118         -  202.00    1.00    0.00    0.00  203.00     6  qemu-system-aar
21:25:14     1000         -   1482118    0.00    3.00    0.00    0.00    3.00     6  |__qemu-system-aar
21:25:14     1000         -   1482124    0.00    0.00    0.00    0.00    0.00     8  |__call_rcu
21:25:14     1000         -   1482139   99.00    0.00    0.00    0.00   99.00    16  |__CPU 0/TCG
21:25:14     1000         -   1482140    1.00    0.00    0.00    0.00    1.00     1  |__CPU 1/TCG
21:25:14     1000         -   1482141  100.00    1.00    0.00    0.00  101.00     4  |__CPU 2/TCG
21:25:14     1000         -   1482142    0.00    0.00    0.00    0.00    0.00     8  |__CPU 3/TCG
21:25:15     1000   1482118         -  202.00    1.00    0.00    0.00  203.00     2  qemu-system-aar
21:25:15     1000         -   1482118    2.00    2.00    0.00    0.00    4.00     2  |__qemu-system-aar
21:25:15     1000         -   1482124    0.00    0.00    0.00    0.00    0.00     8  |__call_rcu
21:25:15     1000         -   1482139   99.00    0.00    0.00    0.00   99.00    16  |__CPU 0/TCG
21:25:15     1000         -   1482140    0.00    0.00    0.00    0.00    0.00     1  |__CPU 1/TCG
21:25:15     1000         -   1482141   99.00    0.00    0.00    0.00   99.00     4  |__CPU 2/TCG
21:25:15     1000         -   1482142    0.00    0.00    0.00    0.00    0.00     8  |__CPU 3/TCG
21:25:16     1000   1482118         -  202.00    1.00    0.00    0.00  203.00     7  qemu-system-aar
21:25:16     1000         -   1482118    1.00    1.00    0.00    0.00    2.00     7  |__qemu-system-aar
21:25:16     1000         -   1482124    0.00    0.00    0.00    0.00    0.00     8  |__call_rcu
21:25:16     1000         -   1482139  100.00    0.00    0.00    0.00  100.00    16  |__CPU 0/TCG
21:25:16     1000         -   1482140    1.00    0.00    0.00    0.00    1.00     1  |__CPU 1/TCG
21:25:16     1000         -   1482141   99.00    1.00    0.00    0.00  100.00     4  |__CPU 2/TCG
21:25:16     1000         -   1482142    0.00    0.00    0.00    0.00    0.00     8  |__CPU 3/TCG
21:25:17     1000   1482118         -  201.00    1.00    0.00    0.00  202.00     2  qemu-system-aar
21:25:17     1000         -   1482118    2.00    1.00    0.00    0.00    3.00     2  |__qemu-system-aar
21:25:17     1000         -   1482124    0.00    0.00    0.00    0.00    0.00     8  |__call_rcu
21:25:17     1000         -   1482139   99.00    1.00    0.00    0.00  100.00    16  |__CPU 0/TCG
21:25:17     1000         -   1482140    1.00    0.00    0.00    0.00    1.00     1  |__CPU 1/TCG
21:25:17     1000         -   1482141   99.00    0.00    0.00    0.00   99.00     4  |__CPU 2/TCG
21:25:17     1000         -   1482142    0.00    0.00    0.00    0.00    0.00     8  |__CPU 3/TCG
21:25:18     1000   1482118         -  202.00    2.00    0.00    0.00  204.00     2  qemu-system-aar
21:25:18     1000         -   1482118    1.00    2.00    0.00    0.00    3.00     2  |__qemu-system-aar
21:25:18     1000         -   1482124    0.00    0.00    0.00    0.00    0.00     8  |__call_rcu
21:25:18     1000         -   1482139   99.00    1.00    0.00    0.00  100.00    16  |__CPU 0/TCG
21:25:18     1000         -   1482140    0.00    0.00    0.00    0.00    0.00     1  |__CPU 1/TCG
21:25:18     1000         -   1482141   99.00    1.00    0.00    0.00  100.00     4  |__CPU 2/TCG
21:25:18     1000         -   1482142    0.00    0.00    0.00    0.00    0.00     8  |__CPU 3/TCG
21:25:19     1000   1482118         -  201.00    2.00    0.00    0.00  203.00     7  qemu-system-aar
21:25:19     1000         -   1482118    0.00    3.00    0.00    0.00    3.00     7  |__qemu-system-aar
21:25:19     1000         -   1482124    0.00    0.00    0.00    0.00    0.00     8  |__call_rcu
21:25:19     1000         -   1482139   98.00    0.00    0.00    0.00   98.00    16  |__CPU 0/TCG
21:25:19     1000         -   1482140    1.00    0.00    0.00    0.00    1.00     3  |__CPU 1/TCG
21:25:19     1000         -   1482141   99.00    0.00    0.00    0.00   99.00     4  |__CPU 2/TCG
21:25:19     1000         -   1482142    0.00    0.00    0.00    0.00    0.00     8  |__CPU 3/TCG
21:25:20     1000   1482118         -  203.00    0.00    0.00    0.00  203.00     0  qemu-system-aar
21:25:20     1000         -   1482118    1.00    4.00    0.00    0.00    5.00     0  |__qemu-system-aar
21:25:20     1000         -   1482124    0.00    0.00    0.00    0.00    0.00     8  |__call_rcu
21:25:20     1000         -   1482139  100.00    0.00    0.00    0.00  100.00    16  |__CPU 0/TCG
21:25:20     1000         -   1482140    0.00    0.00    0.00    0.00    0.00     3  |__CPU 1/TCG
21:25:20     1000         -   1482141  100.00    0.00    0.00    0.00  100.00     4  |__CPU 2/TCG
21:25:20     1000         -   1482142    0.00    0.00    0.00    0.00    0.00     8  |__CPU 3/TCG
21:25:21     1000   1482118         -  202.00    1.00    0.00    0.00  203.00    17  qemu-system-aar
21:25:21     1000         -   1482118    2.00    2.00    0.00    0.00    4.00    17  |__qemu-system-aar
21:25:21     1000         -   1482124    0.00    0.00    0.00    0.00    0.00     8  |__call_rcu
21:25:21     1000         -   1482139   99.00    0.00    0.00    0.00   99.00     0  |__CPU 0/TCG
21:25:21     1000         -   1482140    1.00    0.00    0.00    0.00    1.00     1  |__CPU 1/TCG
21:25:21     1000         -   1482141   99.00    1.00    0.00    0.00  100.00    20  |__CPU 2/TCG
21:25:21     1000         -   1482142    0.00    0.00    0.00    0.00    0.00     8  |__CPU 3/TCG
21:25:22     1000   1482118         -  202.00    1.00    0.00    0.00  203.00    17  qemu-system-aar
21:25:22     1000         -   1482118    1.00    2.00    0.00    0.00    3.00    17  |__qemu-system-aar
21:25:22     1000         -   1482124    0.00    0.00    0.00    0.00    0.00     8  |__call_rcu
21:25:22     1000         -   1482139   99.00    1.00    0.00    0.00  100.00     0  |__CPU 0/TCG
21:25:22     1000         -   1482140    0.00    0.00    0.00    0.00    0.00     3  |__CPU 1/TCG
21:25:22     1000         -   1482141   99.00    0.00    0.00    0.00   99.00    20  |__CPU 2/TCG
21:25:22     1000         -   1482142    0.00    0.00    0.00    0.00    0.00     8  |__CPU 3/TCG
21:25:23     1000   1482118         -  202.00    1.00    0.00    0.00  203.00    19  qemu-system-aar
21:25:23     1000         -   1482118    1.00    2.00    0.00    0.00    3.00    19  |__qemu-system-aar
21:25:23     1000         -   1482124    0.00    0.00    0.00    0.00    0.00     8  |__call_rcu
21:25:23     1000         -   1482139  100.00    0.00    0.00    0.00  100.00     0  |__CPU 0/TCG
21:25:23     1000         -   1482140    1.00    0.00    0.00    0.00    1.00     3  |__CPU 1/TCG
21:25:23     1000         -   1482141   99.00    1.00    0.00    0.00  100.00    20  |__CPU 2/TCG
21:25:23     1000         -   1482142    0.00    0.00    0.00    0.00    0.00     8  |__CPU 3/TCG
21:25:24     1000   1482118         -  202.00    1.00    0.00    0.00  203.00     7  qemu-system-aar
21:25:24     1000         -   1482118    1.00    3.00    0.00    0.00    4.00     7  |__qemu-system-aar
21:25:24     1000         -   1482124    0.00    0.00    0.00    0.00    0.00     8  |__call_rcu
21:25:24     1000         -   1482139   99.00    0.00    0.00    0.00   99.00     0  |__CPU 0/TCG
21:25:24     1000         -   1482140    0.00    0.00    0.00    0.00    0.00     1  |__CPU 1/TCG
21:25:24     1000         -   1482141  100.00    0.00    0.00    0.00  100.00    20  |__CPU 2/TCG
21:25:24     1000         -   1482142    0.00    0.00    0.00    0.00    0.00     8  |__CPU 3/TCG
21:25:25     1000   1482118         -  201.00    1.00    0.00    0.00  202.00    19  qemu-system-aar
21:25:25     1000         -   1482118    1.00    2.00    0.00    0.00    3.00    19  |__qemu-system-aar
21:25:25     1000         -   1482124    0.00    0.00    0.00    0.00    0.00     8  |__call_rcu
21:25:25     1000         -   1482139   99.00    1.00    0.00    0.00  100.00     0  |__CPU 0/TCG
21:25:25     1000         -   1482140    0.00    0.00    0.00    0.00    0.00     3  |__CPU 1/TCG
21:25:25     1000         -   1482141   99.00    0.00    0.00    0.00   99.00    20  |__CPU 2/TCG
21:25:25     1000         -   1482142    0.00    0.00    0.00    0.00    0.00     8  |__CPU 3/TCG
21:25:26     1000   1482118         -  201.00    2.00    0.00    0.00  203.00    21  qemu-system-aar
21:25:26     1000         -   1482118    1.00    1.00    0.00    0.00    2.00    21  |__qemu-system-aar
21:25:26     1000         -   1482124    0.00    0.00    0.00    0.00    0.00     8  |__call_rcu
21:25:26     1000         -   1482139   99.00    0.00    0.00    0.00   99.00     0  |__CPU 0/TCG
21:25:26     1000         -   1482140    0.00    0.00    0.00    0.00    0.00     1  |__CPU 1/TCG
21:25:26     1000         -   1482141   99.00    1.00    0.00    0.00  100.00    20  |__CPU 2/TCG
21:25:26     1000         -   1482142    0.00    0.00    0.00    0.00    0.00     8  |__CPU 3/TCG
21:25:27     1000   1482118         -  201.00    1.00    0.00    0.00  202.00    19  qemu-system-aar
21:25:27     1000         -   1482118    2.00    2.00    0.00    0.00    4.00    19  |__qemu-system-aar
21:25:27     1000         -   1482124    0.00    0.00    0.00    0.00    0.00     8  |__call_rcu
21:25:27     1000         -   1482139   99.00    1.00    0.00    0.00  100.00     0  |__CPU 0/TCG
21:25:27     1000         -   1482140    1.00    0.00    0.00    0.00    1.00     1  |__CPU 1/TCG
21:25:27     1000         -   1482141   99.00    1.00    0.00    0.00  100.00    20  |__CPU 2/TCG
21:25:27     1000         -   1482142    0.00    0.00    0.00    0.00    0.00     8  |__CPU 3/TCG
21:25:28     1000   1482118         -  201.00    2.00    0.00    0.00  203.00    19  qemu-system-aar
21:25:28     1000         -   1482118    0.00    2.00    0.00    0.00    2.00    19  |__qemu-system-aar
21:25:28     1000         -   1482124    0.00    0.00    0.00    0.00    0.00     8  |__call_rcu
21:25:28     1000         -   1482139   99.00    0.00    0.00    0.00   99.00     0  |__CPU 0/TCG
21:25:28     1000         -   1482140    0.00    0.00    0.00    0.00    0.00     1  |__CPU 1/TCG
21:25:28     1000         -   1482141   99.00    1.00    0.00    0.00  100.00    20  |__CPU 2/TCG
21:25:28     1000         -   1482142    0.00    0.00    0.00    0.00    0.00     8  |__CPU 3/TCG
21:25:29     1000   1482118         -  201.00    1.00    0.00    0.00  202.00    19  qemu-system-aar
21:25:29     1000         -   1482118    1.00    3.00    0.00    0.00    4.00    19  |__qemu-system-aar
21:25:29     1000         -   1482124    0.00    0.00    0.00    0.00    0.00     8  |__call_rcu
21:25:29     1000         -   1482139   99.00    1.00    0.00    0.00  100.00     0  |__CPU 0/TCG
21:25:29     1000         -   1482140    0.00    0.00    0.00    0.00    0.00    20  |__CPU 1/TCG
21:25:29     1000         -   1482141   99.00    0.00    0.00    0.00   99.00     4  |__CPU 2/TCG
21:25:29     1000         -   1482142    0.00    0.00    0.00    0.00    0.00     8  |__CPU 3/TCG
21:25:30     1000   1482118         -  202.00    1.00    0.00    0.00  203.00    19  qemu-system-aar
21:25:30     1000         -   1482118    1.00    2.00    0.00    0.00    3.00    19  |__qemu-system-aar
21:25:30     1000         -   1482124    0.00    0.00    0.00    0.00    0.00     8  |__call_rcu
21:25:30     1000         -   1482139   99.00    0.00    0.00    0.00   99.00     0  |__CPU 0/TCG
21:25:30     1000         -   1482140    1.00    0.00    0.00    0.00    1.00     3  |__CPU 1/TCG
21:25:30     1000         -   1482141   99.00    0.00    0.00    0.00   99.00    20  |__CPU 2/TCG
21:25:30     1000         -   1482142    0.00    0.00    0.00    0.00    0.00     8  |__CPU 3/TCG
21:25:31     1000   1482118         -  201.00    1.00    0.00    0.00  202.00    21  qemu-system-aar
21:25:31     1000         -   1482118    1.00    2.00    0.00    0.00    3.00    21  |__qemu-system-aar
21:25:31     1000         -   1482124    0.00    0.00    0.00    0.00    0.00     8  |__call_rcu
21:25:31     1000         -   1482139  100.00    0.00    0.00    0.00  100.00     0  |__CPU 0/TCG
21:25:31     1000         -   1482140    0.00    0.00    0.00    0.00    0.00    20  |__CPU 1/TCG
21:25:31     1000         -   1482141   99.00    1.00    0.00    0.00  100.00     4  |__CPU 2/TCG
21:25:31     1000         -   1482142    0.00    0.00    0.00    0.00    0.00     8  |__CPU 3/TCG
21:25:32     1000   1482118         -  203.00    1.00    0.00    0.00  204.00    21  qemu-system-aar
21:25:32     1000         -   1482118    1.00    2.00    0.00    0.00    3.00    21  |__qemu-system-aar
21:25:32     1000         -   1482124    0.00    0.00    0.00    0.00    0.00     8  |__call_rcu
21:25:32     1000         -   1482139   99.00    0.00    0.00    0.00   99.00    16  |__CPU 0/TCG
21:25:32     1000         -   1482140    1.00    0.00    0.00    0.00    1.00    20  |__CPU 1/TCG
21:25:32     1000         -   1482141   99.00    0.00    0.00    0.00   99.00     4  |__CPU 2/TCG
21:25:32     1000         -   1482142    0.00    0.00    0.00    0.00    0.00     8  |__CPU 3/TCG
21:25:33     1000   1482118         -  201.00    1.00    0.00    0.00  202.00    21  qemu-system-aar
21:25:33     1000         -   1482118    1.00    2.00    0.00    0.00    3.00    21  |__qemu-system-aar
21:25:33     1000         -   1482124    0.00    0.00    0.00    0.00    0.00     8  |__call_rcu
21:25:33     1000         -   1482139   99.00    1.00    0.00    0.00  100.00    16  |__CPU 0/TCG
21:25:33     1000         -   1482140    1.00    0.00    0.00    0.00    1.00    20  |__CPU 1/TCG
21:25:33     1000         -   1482141   99.00    1.00    0.00    0.00  100.00     4  |__CPU 2/TCG
21:25:33     1000         -   1482142    0.00    0.00    0.00    0.00    0.00     8  |__CPU 3/TCG
21:25:34     1000   1482118         -  201.00    1.00    0.00    0.00  202.00     1  qemu-system-aar
21:25:34     1000         -   1482118    1.00    2.00    0.00    0.00    3.00     1  |__qemu-system-aar
21:25:34     1000         -   1482124    0.00    0.00    0.00    0.00    0.00     8  |__call_rcu
21:25:34     1000         -   1482139   99.00    0.00    0.00    0.00   99.00     0  |__CPU 0/TCG
21:25:34     1000         -   1482140    0.00    0.00    0.00    0.00    0.00    20  |__CPU 1/TCG
21:25:34     1000         -   1482141   99.00    0.00    0.00    0.00   99.00     4  |__CPU 2/TCG
21:25:34     1000         -   1482142    0.00    0.00    0.00    0.00    0.00     8  |__CPU 3/TCG
21:25:35     1000   1482118         -  201.00    1.00    0.00    0.00  202.00     1  qemu-system-aar
21:25:35     1000         -   1482118    1.00    2.00    0.00    0.00    3.00     1  |__qemu-system-aar
21:25:35     1000         -   1482124    0.00    0.00    0.00    0.00    0.00     8  |__call_rcu
21:25:35     1000         -   1482139   99.00    0.00    0.00    0.00   99.00    16  |__CPU 0/TCG
21:25:35     1000         -   1482140    1.00    0.00    0.00    0.00    1.00     3  |__CPU 1/TCG
21:25:35     1000         -   1482141   99.00    1.00    0.00    0.00  100.00     4  |__CPU 2/TCG
21:25:35     1000         -   1482142    0.00    0.00    0.00    0.00    0.00     8  |__CPU 3/TCG
21:25:36     1000   1482118         -  202.00    1.00    0.00    0.00  203.00    22  qemu-system-aar
21:25:36     1000         -   1482118    0.00    2.00    0.00    0.00    2.00    22  |__qemu-system-aar
21:25:36     1000         -   1482124    0.00    0.00    0.00    0.00    0.00     8  |__call_rcu
21:25:36     1000         -   1482139   99.00    1.00    0.00    0.00  100.00    16  |__CPU 0/TCG
21:25:36     1000         -   1482140    0.00    0.00    0.00    0.00    0.00    20  |__CPU 1/TCG
21:25:36     1000         -   1482141  100.00    0.00    0.00    0.00  100.00     4  |__CPU 2/TCG
21:25:36     1000         -   1482142    0.00    0.00    0.00    0.00    0.00     8  |__CPU 3/TCG
21:25:37     1000   1482118         -  201.00    2.00    0.00    0.00  203.00     6  qemu-system-aar
21:25:37     1000         -   1482118    0.00    3.00    0.00    0.00    3.00     6  |__qemu-system-aar
21:25:37     1000         -   1482124    0.00    0.00    0.00    0.00    0.00     8  |__call_rcu
21:25:37     1000         -   1482139   99.00    0.00    0.00    0.00   99.00    16  |__CPU 0/TCG
21:25:37     1000         -   1482140    1.00    0.00    0.00    0.00    1.00    20  |__CPU 1/TCG
21:25:37     1000         -   1482141   98.00    1.00    0.00    0.00   99.00     4  |__CPU 2/TCG
21:25:37     1000         -   1482142    0.00    0.00    0.00    0.00    0.00     8  |__CPU 3/TCG
21:25:38     1000   1482118         -  202.00    1.00    0.00    0.00  203.00     5  qemu-system-aar
21:25:38     1000         -   1482118    1.00    2.00    0.00    0.00    3.00     5  |__qemu-system-aar
21:25:38     1000         -   1482124    0.00    0.00    0.00    0.00    0.00     8  |__call_rcu
21:25:38     1000         -   1482139  100.00    0.00    0.00    0.00  100.00    16  |__CPU 0/TCG
21:25:38     1000         -   1482140    0.00    0.00    0.00    0.00    0.00    20  |__CPU 1/TCG
21:25:38     1000         -   1482141  100.00    0.00    0.00    0.00  100.00     4  |__CPU 2/TCG
21:25:38     1000         -   1482142    0.00    0.00    0.00    0.00    0.00     8  |__CPU 3/TCG
21:25:39     1000   1482118         -  201.00    1.00    0.00    0.00  202.00     5  qemu-system-aar
21:25:39     1000         -   1482118    1.00    2.00    0.00    0.00    3.00     5  |__qemu-system-aar
21:25:39     1000         -   1482124    0.00    0.00    0.00    0.00    0.00     8  |__call_rcu
21:25:39     1000         -   1482139   99.00    1.00    0.00    0.00  100.00    16  |__CPU 0/TCG
21:25:39     1000         -   1482140    1.00    0.00    0.00    0.00    1.00    20  |__CPU 1/TCG
21:25:39     1000         -   1482141   99.00    1.00    0.00    0.00  100.00     4  |__CPU 2/TCG
21:25:39     1000         -   1482142    0.00    0.00    0.00    0.00    0.00     8  |__CPU 3/TCG
21:25:40     1000   1482118         -  201.00    1.00    0.00    0.00  202.00     7  qemu-system-aar
21:25:40     1000         -   1482118    1.00    3.00    0.00    0.00    4.00     7  |__qemu-system-aar
21:25:40     1000         -   1482124    0.00    0.00    0.00    0.00    0.00     8  |__call_rcu
21:25:40     1000         -   1482139   98.00    1.00    0.00    0.00   99.00    16  |__CPU 0/TCG
21:25:40     1000         -   1482140    0.00    0.00    0.00    0.00    0.00    20  |__CPU 1/TCG
21:25:40     1000         -   1482141   99.00    0.00    0.00    0.00   99.00     4  |__CPU 2/TCG
21:25:40     1000         -   1482142    0.00    0.00    0.00    0.00    0.00     8  |__CPU 3/TCG
21:25:41     1000   1482118         -  202.00    2.00    0.00    0.00  204.00     7  qemu-system-aar
21:25:41     1000         -   1482118    2.00    1.00    0.00    0.00    3.00     7  |__qemu-system-aar
21:25:41     1000         -   1482124    0.00    0.00    0.00    0.00    0.00     8  |__call_rcu
21:25:41     1000         -   1482139   99.00    0.00    0.00    0.00   99.00    16  |__CPU 0/TCG
21:25:41     1000         -   1482140    1.00    0.00    0.00    0.00    1.00    20  |__CPU 1/TCG
21:25:41     1000         -   1482141   99.00    1.00    0.00    0.00  100.00     4  |__CPU 2/TCG
21:25:41     1000         -   1482142    0.00    0.00    0.00    0.00    0.00     8  |__CPU 3/TCG
21:25:42     1000   1482118         -  201.00    1.00    0.00    0.00  202.00     5  qemu-system-aar
21:25:42     1000         -   1482118    2.00    1.00    0.00    0.00    3.00     5  |__qemu-system-aar
21:25:42     1000         -   1482124    0.00    0.00    0.00    0.00    0.00     8  |__call_rcu
21:25:42     1000         -   1482139   99.00    0.00    0.00    0.00   99.00    16  |__CPU 0/TCG
21:25:42     1000         -   1482140    1.00    0.00    0.00    0.00    1.00    20  |__CPU 1/TCG
21:25:42     1000         -   1482141   99.00    0.00    0.00    0.00   99.00     4  |__CPU 2/TCG
21:25:42     1000         -   1482142    0.00    0.00    0.00    0.00    0.00     8  |__CPU 3/TCG
21:25:43     1000   1482118         -  201.00    1.00    0.00    0.00  202.00     5  qemu-system-aar
21:25:43     1000         -   1482118    1.00    2.00    0.00    0.00    3.00     5  |__qemu-system-aar
21:25:43     1000         -   1482124    0.00    0.00    0.00    0.00    0.00     8  |__call_rcu
21:25:43     1000         -   1482139   99.00    1.00    0.00    0.00  100.00    16  |__CPU 0/TCG
21:25:43     1000         -   1482140    0.00    0.00    0.00    0.00    0.00    20  |__CPU 1/TCG
21:25:43     1000         -   1482141  100.00    0.00    0.00    0.00  100.00     4  |__CPU 2/TCG
21:25:43     1000         -   1482142    0.00    0.00    0.00    0.00    0.00     8  |__CPU 3/TCG
21:25:44     1000   1482118         -  202.00    1.00    0.00    0.00  203.00     5  qemu-system-aar
21:25:44     1000         -   1482118    1.00    1.00    0.00    0.00    2.00     5  |__qemu-system-aar
21:25:44     1000         -   1482124    0.00    0.00    0.00    0.00    0.00     8  |__call_rcu
21:25:44     1000         -   1482139   99.00    1.00    0.00    0.00  100.00    16  |__CPU 0/TCG
21:25:44     1000         -   1482140    1.00    0.00    0.00    0.00    1.00    20  |__CPU 1/TCG
21:25:44     1000         -   1482141   99.00    1.00    0.00    0.00  100.00     4  |__CPU 2/TCG
21:25:44     1000         -   1482142    0.00    0.00    0.00    0.00    0.00     8  |__CPU 3/TCG
21:25:45     1000   1482118         -  201.00    1.00    0.00    0.00  202.00     7  qemu-system-aar
21:25:45     1000         -   1482118    2.00    1.00    0.00    0.00    3.00     7  |__qemu-system-aar
21:25:45     1000         -   1482124    0.00    0.00    0.00    0.00    0.00     8  |__call_rcu
21:25:45     1000         -   1482139   99.00    0.00    0.00    1.00   99.00    16  |__CPU 0/TCG
21:25:45     1000         -   1482140    0.00    0.00    0.00    0.00    0.00    20  |__CPU 1/TCG
21:25:45     1000         -   1482141   99.00    0.00    0.00    0.00   99.00     4  |__CPU 2/TCG
21:25:45     1000         -   1482142    0.00    0.00    0.00    0.00    0.00     8  |__CPU 3/TCG
21:25:46     1000   1482118         -  202.00    1.00    0.00    0.00  203.00     5  qemu-system-aar
21:25:46     1000         -   1482118    1.00    2.00    0.00    0.00    3.00     5  |__qemu-system-aar
21:25:46     1000         -   1482124    0.00    0.00    0.00    0.00    0.00     8  |__call_rcu
21:25:46     1000         -   1482139   99.00    0.00    0.00    0.00   99.00     0  |__CPU 0/TCG
21:25:46     1000         -   1482140    1.00    0.00    0.00    0.00    1.00    20  |__CPU 1/TCG
21:25:46     1000         -   1482141   99.00    0.00    0.00    0.00   99.00     4  |__CPU 2/TCG
21:25:46     1000         -   1482142    0.00    0.00    0.00    0.00    0.00     8  |__CPU 3/TCG
21:25:47     1000   1482118         -  201.00    2.00    0.00    0.00  203.00     5  qemu-system-aar
21:25:47     1000         -   1482118    1.00    2.00    0.00    0.00    3.00     5  |__qemu-system-aar
21:25:47     1000         -   1482124    0.00    0.00    0.00    0.00    0.00     8  |__call_rcu
21:25:47     1000         -   1482139   99.00    1.00    0.00    0.00  100.00     0  |__CPU 0/TCG
21:25:47     1000         -   1482140    0.00    0.00    0.00    0.00    0.00    20  |__CPU 1/TCG
21:25:47     1000         -   1482141   99.00    1.00    0.00    0.00  100.00     4  |__CPU 2/TCG
21:25:47     1000         -   1482142    0.00    0.00    0.00    0.00    0.00     8  |__CPU 3/TCG
21:25:48     1000   1482118         -  201.00    1.00    0.00    0.00  202.00     3  qemu-system-aar
21:25:48     1000         -   1482118    2.00    1.00    0.00    0.00    3.00     3  |__qemu-system-aar
21:25:48     1000         -   1482124    0.00    0.00    0.00    0.00    0.00     8  |__call_rcu
21:25:48     1000         -   1482139   99.00    0.00    0.00    0.00   99.00     0  |__CPU 0/TCG
21:25:48     1000         -   1482140    1.00    0.00    0.00    0.00    1.00    20  |__CPU 1/TCG
21:25:48     1000         -   1482141   99.00    1.00    0.00    0.00  100.00     4  |__CPU 2/TCG
21:25:48     1000         -   1482142    0.00    0.00    0.00    0.00    0.00     8  |__CPU 3/TCG
21:25:49     1000   1482118         -  202.00    1.00    0.00    0.00  203.00     6  qemu-system-aar
21:25:49     1000         -   1482118    1.00    2.00    0.00    0.00    3.00     6  |__qemu-system-aar
21:25:49     1000         -   1482124    0.00    0.00    0.00    0.00    0.00     8  |__call_rcu
21:25:49     1000         -   1482139  100.00    0.00    0.00    0.00  100.00    16  |__CPU 0/TCG
21:25:49     1000         -   1482140    1.00    0.00    0.00    0.00    1.00     3  |__CPU 1/TCG
21:25:49     1000         -   1482141   99.00    0.00    0.00    0.00   99.00    20  |__CPU 2/TCG
21:25:49     1000         -   1482142    0.00    0.00    0.00    0.00    0.00     8  |__CPU 3/TCG
21:25:50     1000   1482118         -  201.00    1.00    0.00    0.00  202.00     6  qemu-system-aar
21:25:50     1000         -   1482118    0.00    3.00    0.00    0.00    3.00     6  |__qemu-system-aar
21:25:50     1000         -   1482124    0.00    0.00    0.00    0.00    0.00     8  |__call_rcu
21:25:50     1000         -   1482139   99.00    0.00    0.00    0.00   99.00    16  |__CPU 0/TCG
21:25:50     1000         -   1482140    0.00    0.00    0.00    0.00    0.00     3  |__CPU 1/TCG
21:25:50     1000         -   1482141   99.00    0.00    0.00    0.00   99.00    20  |__CPU 2/TCG
21:25:50     1000         -   1482142    0.00    0.00    0.00    0.00    0.00     8  |__CPU 3/TCG
21:25:51     1000   1482118         -  202.00    1.00    0.00    0.00  203.00     6  qemu-system-aar
21:25:51     1000         -   1482118    0.00    3.00    0.00    0.00    3.00     6  |__qemu-system-aar
21:25:51     1000         -   1482124    0.00    0.00    0.00    0.00    0.00     8  |__call_rcu
21:25:51     1000         -   1482139   99.00    1.00    0.00    0.00  100.00     0  |__CPU 0/TCG
21:25:51     1000         -   1482140    1.00    0.00    0.00    0.00    1.00     3  |__CPU 1/TCG
21:25:51     1000         -   1482141  100.00    1.00    0.00    0.00  101.00    20  |__CPU 2/TCG
21:25:51     1000         -   1482142    0.00    0.00    0.00    0.00    0.00     8  |__CPU 3/TCG
21:25:52     1000   1482118         -  202.00    1.00    0.00    0.00  203.00     5  qemu-system-aar
21:25:52     1000         -   1482118    2.00    2.00    0.00    0.00    4.00     5  |__qemu-system-aar
21:25:52     1000         -   1482124    0.00    0.00    0.00    0.00    0.00     8  |__call_rcu
21:25:52     1000         -   1482139   99.00    0.00    0.00    0.00   99.00    16  |__CPU 0/TCG
21:25:52     1000         -   1482140    0.00    0.00    0.00    0.00    0.00     7  |__CPU 1/TCG
21:25:52     1000         -   1482141   99.00    0.00    0.00    0.00   99.00    20  |__CPU 2/TCG
21:25:52     1000         -   1482142    0.00    0.00    0.00    0.00    0.00     8  |__CPU 3/TCG
21:25:53     1000   1482118         -  202.00    1.00    0.00    0.00  203.00    17  qemu-system-aar
21:25:53     1000         -   1482118    0.00    2.00    0.00    0.00    2.00    17  |__qemu-system-aar
21:25:53     1000         -   1482124    0.00    0.00    0.00    0.00    0.00     8  |__call_rcu
21:25:53     1000         -   1482139  100.00    0.00    0.00    0.00  100.00    16  |__CPU 0/TCG
21:25:53     1000         -   1482140    1.00    0.00    0.00    0.00    1.00     3  |__CPU 1/TCG
21:25:53     1000         -   1482141   99.00    1.00    0.00    0.00  100.00    20  |__CPU 2/TCG
21:25:53     1000         -   1482142    0.00    0.00    0.00    0.00    0.00     8  |__CPU 3/TCG
21:25:54     1000   1482118         -  201.00    1.00    0.00    0.00  202.00    19  qemu-system-aar
21:25:54     1000         -   1482118    2.00    2.00    0.00    0.00    4.00    19  |__qemu-system-aar
21:25:54     1000         -   1482124    0.00    0.00    0.00    0.00    0.00     8  |__call_rcu
21:25:54     1000         -   1482139   99.00    1.00    0.00    0.00  100.00    16  |__CPU 0/TCG
21:25:54     1000         -   1482140    1.00    0.00    0.00    0.00    1.00     5  |__CPU 1/TCG
21:25:54     1000         -   1482141   99.00    0.00    0.00    0.00   99.00    20  |__CPU 2/TCG
21:25:54     1000         -   1482142    0.00    0.00    0.00    0.00    0.00     8  |__CPU 3/TCG
21:25:55     1000   1482118         -  202.00    1.00    0.00    0.00  203.00    17  qemu-system-aar
21:25:55     1000         -   1482118    1.00    2.00    0.00    0.00    3.00    17  |__qemu-system-aar
21:25:55     1000         -   1482124    0.00    0.00    0.00    0.00    0.00     8  |__call_rcu
21:25:55     1000         -   1482139   99.00    0.00    0.00    0.00   99.00     0  |__CPU 0/TCG
21:25:55     1000         -   1482140    0.00    0.00    0.00    0.00    0.00     3  |__CPU 1/TCG
21:25:55     1000         -   1482141   99.00    0.00    0.00    0.00   99.00    20  |__CPU 2/TCG
21:25:55     1000         -   1482142    0.00    0.00    0.00    0.00    0.00     8  |__CPU 3/TCG
21:25:56     1000   1482118         -  200.00    2.00    0.00    0.00  202.00    17  qemu-system-aar
21:25:56     1000         -   1482118    0.00    2.00    0.00    0.00    2.00    17  |__qemu-system-aar
21:25:56     1000         -   1482124    0.00    0.00    0.00    0.00    0.00     8  |__call_rcu
21:25:56     1000         -   1482139   99.00    0.00    0.00    0.00   99.00     0  |__CPU 0/TCG
21:25:56     1000         -   1482140    0.00    0.00    0.00    0.00    0.00     3  |__CPU 1/TCG
21:25:56     1000         -   1482141   99.00    1.00    0.00    0.00  100.00    20  |__CPU 2/TCG
21:25:56     1000         -   1482142    0.00    0.00    0.00    0.00    0.00     8  |__CPU 3/TCG
21:25:57     1000   1482118         -  201.00    1.00    0.00    0.00  202.00    17  qemu-system-aar
21:25:57     1000         -   1482118    2.00    2.00    0.00    0.00    4.00    17  |__qemu-system-aar
21:25:57     1000         -   1482124    0.00    0.00    0.00    0.00    0.00     8  |__call_rcu
21:25:57     1000         -   1482139   99.00    0.00    0.00    0.00   99.00     0  |__CPU 0/TCG
21:25:57     1000         -   1482140    1.00    0.00    0.00    0.00    1.00     5  |__CPU 1/TCG
21:25:57     1000         -   1482141   99.00    1.00    0.00    0.00  100.00    20  |__CPU 2/TCG
21:25:57     1000         -   1482142    0.00    0.00    0.00    0.00    0.00     8  |__CPU 3/TCG
21:25:58     1000   1482118         -  201.00    1.00    0.00    0.00  202.00    21  qemu-system-aar
21:25:58     1000         -   1482118    0.00    2.00    0.00    0.00    2.00    21  |__qemu-system-aar
21:25:58     1000         -   1482124    0.00    0.00    0.00    0.00    0.00     8  |__call_rcu
21:25:58     1000         -   1482139   99.00    1.00    0.00    0.00  100.00     0  |__CPU 0/TCG
21:25:58     1000         -   1482140    0.00    1.00    0.00    0.00    1.00     5  |__CPU 1/TCG
21:25:58     1000         -   1482141   99.00    0.00    0.00    0.00   99.00    20  |__CPU 2/TCG
21:25:58     1000         -   1482142    0.00    0.00    0.00    0.00    0.00     8  |__CPU 3/TCG
21:25:59     1000   1482118         -  201.00    2.00    0.00    0.00  203.00    22  qemu-system-aar
21:25:59     1000         -   1482118    1.00    2.00    0.00    0.00    3.00    22  |__qemu-system-aar
21:25:59     1000         -   1482124    0.00    0.00    0.00    0.00    0.00     8  |__call_rcu
21:25:59     1000         -   1482139   99.00    1.00    0.00    0.00  100.00    16  |__CPU 0/TCG
21:25:59     1000         -   1482140    0.00    0.00    0.00    0.00    0.00     7  |__CPU 1/TCG
21:25:59     1000         -   1482141   99.00    1.00    0.00    0.00  100.00    20  |__CPU 2/TCG
21:25:59     1000         -   1482142    0.00    0.00    0.00    0.00    0.00     8  |__CPU 3/TCG
21:26:00     1000   1482118         -  202.00    1.00    0.00    0.00  203.00    18  qemu-system-aar
21:26:00     1000         -   1482118    2.00    1.00    0.00    0.00    3.00    22  |__qemu-system-aar
21:26:00     1000         -   1482124    0.00    0.00    0.00    0.00    0.00     8  |__call_rcu
21:26:00     1000         -   1482139   99.00    0.00    0.00    0.00   99.00    16  |__CPU 0/TCG
21:26:00     1000         -   1482140    1.00    0.00    0.00    0.00    1.00     7  |__CPU 1/TCG
21:26:00     1000         -   1482141   99.00    0.00    0.00    0.00   99.00     4  |__CPU 2/TCG
21:26:00     1000         -   1482142    0.00    0.00    0.00    0.00    0.00     8  |__CPU 3/TCG
21:26:01     1000   1482118         -  201.00    1.00    0.00    0.00  202.00    23  qemu-system-aar
21:26:01     1000         -   1482118    0.00    3.00    0.00    0.00    3.00    23  |__qemu-system-aar
21:26:01     1000         -   1482124    0.00    0.00    0.00    0.00    0.00     8  |__call_rcu
21:26:01     1000         -   1482139   99.00    0.00    0.00    0.00   99.00    16  |__CPU 0/TCG
21:26:01     1000         -   1482140    0.00    0.00    0.00    0.00    0.00     7  |__CPU 1/TCG
21:26:01     1000         -   1482141   99.00    1.00    0.00    0.00  100.00    20  |__CPU 2/TCG
21:26:01     1000         -   1482142    0.00    0.00    0.00    0.00    0.00     8  |__CPU 3/TCG
21:26:02     1000   1482118         -  202.00    1.00    0.00    0.00  203.00    23  qemu-system-aar
21:26:02     1000         -   1482118    2.00    2.00    0.00    0.00    4.00    23  |__qemu-system-aar
21:26:02     1000         -   1482124    0.00    0.00    0.00    0.00    0.00     8  |__call_rcu
21:26:02     1000         -   1482139  100.00    0.00    0.00    0.00  100.00    16  |__CPU 0/TCG
21:26:02     1000         -   1482140    1.00    0.00    0.00    0.00    1.00     7  |__CPU 1/TCG
21:26:02     1000         -   1482141   99.00    1.00    0.00    0.00  100.00     4  |__CPU 2/TCG
21:26:02     1000         -   1482142    0.00    0.00    0.00    0.00    0.00     8  |__CPU 3/TCG
21:26:03     1000   1482118         -  201.00    2.00    0.00    0.00  203.00     3  qemu-system-aar
21:26:03     1000         -   1482118    1.00    1.00    0.00    0.00    2.00     3  |__qemu-system-aar
21:26:03     1000         -   1482124    0.00    0.00    0.00    0.00    0.00     8  |__call_rcu
21:26:03     1000         -   1482139   98.00    1.00    0.00    0.00   99.00    16  |__CPU 0/TCG
21:26:03     1000         -   1482140    0.00    0.00    0.00    0.00    0.00     5  |__CPU 1/TCG
21:26:03     1000         -   1482141   99.00    0.00    0.00    0.00   99.00     4  |__CPU 2/TCG
21:26:03     1000         -   1482142    0.00    0.00    0.00    0.00    0.00     8  |__CPU 3/TCG
21:26:04     1000   1482118         -  201.00    1.00    0.00    0.00  202.00     3  qemu-system-aar
21:26:04     1000         -   1482118    1.00    2.00    0.00    0.00    3.00     3  |__qemu-system-aar
21:26:04     1000         -   1482124    0.00    0.00    0.00    0.00    0.00     8  |__call_rcu
21:26:04     1000         -   1482139   99.00    0.00    0.00    0.00   99.00    16  |__CPU 0/TCG
21:26:04     1000         -   1482140    1.00    0.00    0.00    0.00    1.00     7  |__CPU 1/TCG
21:26:04     1000         -   1482141   99.00    1.00    0.00    0.00  100.00     4  |__CPU 2/TCG
21:26:04     1000         -   1482142    0.00    0.00    0.00    0.00    0.00     8  |__CPU 3/TCG
21:26:05     1000   1482118         -  201.00    2.00    0.00    0.00  203.00    17  qemu-system-aar
21:26:05     1000         -   1482118    1.00    2.00    0.00    0.00    3.00    17  |__qemu-system-aar
21:26:05     1000         -   1482124    0.00    0.00    0.00    0.00    0.00     8  |__call_rcu
21:26:05     1000         -   1482139   99.00    1.00    0.00    0.00  100.00    16  |__CPU 0/TCG
21:26:05     1000         -   1482140    0.00    0.00    0.00    0.00    0.00     6  |__CPU 1/TCG
21:26:05     1000         -   1482141   99.00    0.00    0.00    0.00   99.00     4  |__CPU 2/TCG
21:26:05     1000         -   1482142    0.00    0.00    0.00    0.00    0.00     8  |__CPU 3/TCG
21:26:06     1000   1482118         -  202.00    1.00    0.00    0.00  203.00    17  qemu-system-aar
21:26:06     1000         -   1482118    1.00    2.00    0.00    0.00    3.00    17  |__qemu-system-aar
21:26:06     1000         -   1482124    0.00    0.00    0.00    0.00    0.00     8  |__call_rcu
21:26:06     1000         -   1482139   99.00    0.00    0.00    0.00   99.00    16  |__CPU 0/TCG
21:26:06     1000         -   1482140    1.00    0.00    0.00    0.00    1.00     2  |__CPU 1/TCG
21:26:06     1000         -   1482141   99.00    0.00    0.00    0.00   99.00     4  |__CPU 2/TCG
21:26:06     1000         -   1482142    0.00    0.00    0.00    0.00    0.00     8  |__CPU 3/TCG
21:26:07     1000   1482118         -  202.00    0.00    0.00    0.00  202.00    17  qemu-system-aar
21:26:07     1000         -   1482118    1.00    2.00    0.00    0.00    3.00    17  |__qemu-system-aar
21:26:07     1000         -   1482124    0.00    0.00    0.00    0.00    0.00     8  |__call_rcu
21:26:07     1000         -   1482139   99.00    1.00    0.00    0.00  100.00    16  |__CPU 0/TCG
21:26:07     1000         -   1482140    0.00    0.00    0.00    0.00    0.00     5  |__CPU 1/TCG
21:26:07     1000         -   1482141  100.00    1.00    0.00    0.00  101.00     4  |__CPU 2/TCG
21:26:07     1000         -   1482142    0.00    0.00    0.00    0.00    0.00     8  |__CPU 3/TCG
21:26:08     1000   1482118         -  202.00    1.00    0.00    0.00  203.00     7  qemu-system-aar
21:26:08     1000         -   1482118    1.00    2.00    0.00    0.00    3.00     7  |__qemu-system-aar
21:26:08     1000         -   1482124    0.00    0.00    0.00    0.00    0.00     8  |__call_rcu
21:26:08     1000         -   1482139  100.00    0.00    0.00    0.00  100.00    16  |__CPU 0/TCG
21:26:08     1000         -   1482140    1.00    0.00    0.00    0.00    1.00     2  |__CPU 1/TCG
21:26:08     1000         -   1482141   99.00    0.00    0.00    0.00   99.00     4  |__CPU 2/TCG
21:26:08     1000         -   1482142    0.00    0.00    0.00    0.00    0.00     8  |__CPU 3/TCG
21:26:09     1000   1482118         -  200.00    2.00    0.00    0.00  202.00    17  qemu-system-aar
21:26:09     1000         -   1482118    0.00    3.00    0.00    0.00    3.00    17  |__qemu-system-aar
21:26:09     1000         -   1482124    0.00    0.00    0.00    0.00    0.00     8  |__call_rcu
21:26:09     1000         -   1482139   99.00    0.00    0.00    0.00   99.00     0  |__CPU 0/TCG
21:26:09     1000         -   1482140    1.00    0.00    0.00    0.00    1.00     5  |__CPU 1/TCG
21:26:09     1000         -   1482141   99.00    1.00    0.00    0.00  100.00    20  |__CPU 2/TCG
21:26:09     1000         -   1482142    0.00    0.00    0.00    0.00    0.00     8  |__CPU 3/TCG
21:26:10     1000   1482118         -  201.00    2.00    0.00    0.00  203.00    17  qemu-system-aar
21:26:10     1000         -   1482118    1.00    2.00    0.00    0.00    3.00    17  |__qemu-system-aar
21:26:10     1000         -   1482124    0.00    0.00    0.00    0.00    0.00     8  |__call_rcu
21:26:10     1000         -   1482139   99.00    1.00    0.00    0.00  100.00     0  |__CPU 0/TCG
21:26:10     1000         -   1482140    0.00    0.00    0.00    0.00    0.00     2  |__CPU 1/TCG
21:26:10     1000         -   1482141   99.00    1.00    0.00    0.00  100.00    20  |__CPU 2/TCG
21:26:10     1000         -   1482142    0.00    0.00    0.00    0.00    0.00     8  |__CPU 3/TCG
21:26:11     1000   1482118         -  202.00    1.00    0.00    0.00  203.00     7  qemu-system-aar
21:26:11     1000         -   1482118    1.00    2.00    0.00    0.00    3.00     7  |__qemu-system-aar
21:26:11     1000         -   1482124    0.00    0.00    0.00    0.00    0.00     8  |__call_rcu
21:26:11     1000         -   1482139   99.00    0.00    0.00    0.00   99.00     0  |__CPU 0/TCG
21:26:11     1000         -   1482140    1.00    0.00    0.00    0.00    1.00     5  |__CPU 1/TCG
21:26:11     1000         -   1482141   99.00    0.00    0.00    0.00   99.00    20  |__CPU 2/TCG
21:26:11     1000         -   1482142    0.00    0.00    0.00    0.00    0.00     8  |__CPU 3/TCG
21:26:12     1000   1482118         -  201.00    1.00    0.00    0.00  202.00     7  qemu-system-aar
21:26:12     1000         -   1482118    1.00    2.00    0.00    0.00    3.00     7  |__qemu-system-aar
21:26:12     1000         -   1482124    0.00    0.00    0.00    0.00    0.00     8  |__call_rcu
21:26:12     1000         -   1482139   99.00    1.00    0.00    0.00  100.00     0  |__CPU 0/TCG
21:26:12     1000         -   1482140    0.00    0.00    0.00    0.00    0.00     5  |__CPU 1/TCG
21:26:12     1000         -   1482141   99.00    0.00    0.00    0.00   99.00    20  |__CPU 2/TCG
21:26:12     1000         -   1482142    0.00    0.00    0.00    0.00    0.00     8  |__CPU 3/TCG
21:26:13     1000   1482118         -  201.00    2.00    0.00    0.00  203.00     7  qemu-system-aar
21:26:13     1000         -   1482118    0.00    3.00    0.00    0.00    3.00     7  |__qemu-system-aar
21:26:13     1000         -   1482124    0.00    0.00    0.00    0.00    0.00     8  |__call_rcu
21:26:13     1000         -   1482139   99.00    0.00    0.00    0.00   99.00     0  |__CPU 0/TCG
21:26:13     1000         -   1482140    1.00    0.00    0.00    0.00    1.00     6  |__CPU 1/TCG
21:26:13     1000         -   1482141   99.00    1.00    0.00    0.00  100.00     4  |__CPU 2/TCG
21:26:13     1000         -   1482142    0.00    0.00    0.00    0.00    0.00     8  |__CPU 3/TCG
21:26:14     1000   1482118         -  201.00    1.00    0.00    0.00  202.00     7  qemu-system-aar
21:26:14     1000         -   1482118    0.00    2.00    0.00    0.00    2.00     7  |__qemu-system-aar
21:26:14     1000         -   1482124    0.00    0.00    0.00    0.00    0.00     8  |__call_rcu
21:26:14     1000         -   1482139   99.00    1.00    0.00    0.00  100.00     0  |__CPU 0/TCG
21:26:14     1000         -   1482140    1.00    0.00    0.00    0.00    1.00     6  |__CPU 1/TCG
21:26:14     1000         -   1482141   99.00    1.00    0.00    0.00  100.00     4  |__CPU 2/TCG
21:26:14     1000         -   1482142    0.00    0.00    0.00    0.00    0.00     8  |__CPU 3/TCG
21:26:15     1000   1482118         -  201.00    1.00    0.00    0.00  202.00     7  qemu-system-aar
21:26:15     1000         -   1482118    2.00    2.00    0.00    0.00    4.00     7  |__qemu-system-aar
21:26:15     1000         -   1482124    0.00    0.00    0.00    0.00    0.00     8  |__call_rcu
21:26:15     1000         -   1482139   99.00    0.00    0.00    0.00   99.00     0  |__CPU 0/TCG
21:26:15     1000         -   1482140    0.00    0.00    0.00    0.00    0.00     6  |__CPU 1/TCG
21:26:15     1000         -   1482141   99.00    0.00    0.00    0.00   99.00     4  |__CPU 2/TCG
21:26:15     1000         -   1482142    0.00    0.00    0.00    0.00    0.00     8  |__CPU 3/TCG
21:26:16     1000   1482118         -  202.00    1.00    0.00    0.00  203.00     2  qemu-system-aar
21:26:16     1000         -   1482118    1.00    2.00    0.00    0.00    3.00     2  |__qemu-system-aar
21:26:16     1000         -   1482124    0.00    0.00    0.00    0.00    0.00     8  |__call_rcu
21:26:16     1000         -   1482139   99.00    0.00    0.00    0.00   99.00     0  |__CPU 0/TCG
21:26:16     1000         -   1482140    1.00    0.00    0.00    0.00    1.00     6  |__CPU 1/TCG
21:26:16     1000         -   1482141   99.00    1.00    0.00    0.00  100.00     4  |__CPU 2/TCG
21:26:16     1000         -   1482142    0.00    0.00    0.00    0.00    0.00     8  |__CPU 3/TCG
21:26:17     1000   1482118         -  202.00    1.00    0.00    0.00  203.00     7  qemu-system-aar
21:26:17     1000         -   1482118    0.00    3.00    0.00    0.00    3.00     7  |__qemu-system-aar
21:26:17     1000         -   1482124    0.00    0.00    0.00    0.00    0.00     8  |__call_rcu
21:26:17     1000         -   1482139   99.00    1.00    0.00    0.00  100.00     0  |__CPU 0/TCG
21:26:17     1000         -   1482140    0.00    0.00    0.00    0.00    0.00     5  |__CPU 1/TCG
21:26:17     1000         -   1482141  100.00    0.00    0.00    0.00  100.00     4  |__CPU 2/TCG
21:26:17     1000         -   1482142    0.00    0.00    0.00    0.00    0.00     8  |__CPU 3/TCG
21:26:18     1000   1482118         -  201.00    2.00    0.00    0.00  203.00     3  qemu-system-aar
21:26:18     1000         -   1482118    1.00    2.00    0.00    0.00    3.00     3  |__qemu-system-aar
21:26:18     1000         -   1482124    0.00    0.00    0.00    0.00    0.00     8  |__call_rcu
21:26:18     1000         -   1482139   99.00    0.00    0.00    0.00   99.00     0  |__CPU 0/TCG
21:26:18     1000         -   1482140    0.00    1.00    0.00    0.00    1.00     5  |__CPU 1/TCG
21:26:18     1000         -   1482141   98.00    0.00    0.00    0.00   98.00     4  |__CPU 2/TCG
21:26:18     1000         -   1482142    0.00    0.00    0.00    0.00    0.00     8  |__CPU 3/TCG
21:26:19     1000   1482118         -  202.00    0.00    0.00    0.00  202.00     3  qemu-system-aar
21:26:19     1000         -   1482118    0.00    3.00    0.00    0.00    3.00     3  |__qemu-system-aar
21:26:19     1000         -   1482124    0.00    0.00    0.00    0.00    0.00     8  |__call_rcu
21:26:19     1000         -   1482139  100.00    0.00    0.00    0.00  100.00     0  |__CPU 0/TCG
21:26:19     1000         -   1482140    1.00    0.00    0.00    0.00    1.00     7  |__CPU 1/TCG
21:26:19     1000         -   1482141   99.00    1.00    0.00    0.00  100.00     4  |__CPU 2/TCG
21:26:19     1000         -   1482142    0.00    0.00    0.00    0.00    0.00     8  |__CPU 3/TCG
21:26:20     1000   1482118         -  202.00    1.00    0.00    0.00  203.00     6  qemu-system-aar
21:26:20     1000         -   1482118    1.00    2.00    0.00    0.00    3.00     6  |__qemu-system-aar
21:26:20     1000         -   1482124    0.00    0.00    0.00    0.00    0.00     8  |__call_rcu
21:26:20     1000         -   1482139   99.00    0.00    0.00    0.00   99.00     0  |__CPU 0/TCG
21:26:20     1000         -   1482140    0.00    0.00    0.00    0.00    0.00     7  |__CPU 1/TCG
21:26:20     1000         -   1482141   99.00    0.00    0.00    0.00   99.00     4  |__CPU 2/TCG
21:26:20     1000         -   1482142    0.00    0.00    0.00    0.00    0.00     8  |__CPU 3/TCG
21:26:21     1000   1482118         -  201.00    1.00    0.00    0.00  202.00     5  qemu-system-aar
21:26:21     1000         -   1482118    1.00    2.00    0.00    0.00    3.00     5  |__qemu-system-aar
21:26:21     1000         -   1482124    0.00    0.00    0.00    0.00    0.00     8  |__call_rcu
21:26:21     1000         -   1482139   99.00    0.00    0.00    0.00   99.00     0  |__CPU 0/TCG
21:26:21     1000         -   1482140    1.00    0.00    0.00    0.00    1.00     6  |__CPU 1/TCG
21:26:21     1000         -   1482141   99.00    1.00    0.00    0.00  100.00     4  |__CPU 2/TCG
21:26:21     1000         -   1482142    0.00    0.00    0.00    0.00    0.00     8  |__CPU 3/TCG
21:26:22     1000   1482118         -  201.00    1.00    0.00    0.00  202.00     6  qemu-system-aar
21:26:22     1000         -   1482118    1.00    2.00    0.00    0.00    3.00     6  |__qemu-system-aar
21:26:22     1000         -   1482124    0.00    0.00    0.00    0.00    0.00     8  |__call_rcu
21:26:22     1000         -   1482139  100.00    0.00    0.00    0.00  100.00    16  |__CPU 0/TCG
21:26:22     1000         -   1482140    0.00    0.00    0.00    0.00    0.00     7  |__CPU 1/TCG
21:26:22     1000         -   1482141   99.00    1.00    0.00    0.00  100.00     4  |__CPU 2/TCG
21:26:22     1000         -   1482142    0.00    0.00    0.00    0.00    0.00     8  |__CPU 3/TCG
21:26:23     1000   1482118         -  202.00    2.00    0.00    0.00  204.00     5  qemu-system-aar
21:26:23     1000         -   1482118    0.00    3.00    0.00    0.00    3.00     5  |__qemu-system-aar
21:26:23     1000         -   1482124    0.00    0.00    0.00    0.00    0.00     8  |__call_rcu
21:26:23     1000         -   1482139   99.00    1.00    0.00    0.00  100.00    16  |__CPU 0/TCG
21:26:23     1000         -   1482140    1.00    0.00    0.00    0.00    1.00    17  |__CPU 1/TCG
21:26:23     1000         -   1482141   99.00    0.00    0.00    1.00   99.00    20  |__CPU 2/TCG
21:26:23     1000         -   1482142    0.00    0.00    0.00    0.00    0.00     8  |__CPU 3/TCG
21:26:24     1000   1482118         -  201.00    1.00    0.00    0.00  202.00    19  qemu-system-aar
21:26:24     1000         -   1482118    0.00    2.00    0.00    0.00    2.00    19  |__qemu-system-aar
21:26:24     1000         -   1482124    0.00    0.00    0.00    0.00    0.00     8  |__call_rcu
21:26:24     1000         -   1482139   99.00    0.00    0.00    0.00   99.00    16  |__CPU 0/TCG
21:26:24     1000         -   1482140    1.00    0.00    0.00    0.00    1.00    17  |__CPU 1/TCG
21:26:24     1000         -   1482141   99.00    1.00    0.00    0.00  100.00    20  |__CPU 2/TCG
21:26:24     1000         -   1482142    0.00    0.00    0.00    0.00    0.00     8  |__CPU 3/TCG
21:26:25     1000   1482118         -  202.00    1.00    0.00    0.00  203.00    19  qemu-system-aar
21:26:25     1000         -   1482118    0.00    4.00    0.00    0.00    4.00    19  |__qemu-system-aar
21:26:25     1000         -   1482124    0.00    0.00    0.00    0.00    0.00     8  |__call_rcu
21:26:25     1000         -   1482139  100.00    0.00    0.00    0.00  100.00    16  |__CPU 0/TCG
21:26:25     1000         -   1482140    0.00    0.00    0.00    0.00    0.00    17  |__CPU 1/TCG
21:26:25     1000         -   1482141   99.00    0.00    0.00    0.00   99.00    20  |__CPU 2/TCG
21:26:25     1000         -   1482142    0.00    0.00    0.00    0.00    0.00     8  |__CPU 3/TCG
21:26:26     1000   1482118         -  202.00    2.00    0.00    0.00  204.00    19  qemu-system-aar
21:26:26     1000         -   1482118    1.00    2.00    0.00    0.00    3.00    19  |__qemu-system-aar
21:26:26     1000         -   1482124    0.00    0.00    0.00    0.00    0.00     8  |__call_rcu
21:26:26     1000         -   1482139   99.00    1.00    0.00    0.00  100.00    16  |__CPU 0/TCG
21:26:26     1000         -   1482140    1.00    0.00    0.00    0.00    1.00    22  |__CPU 1/TCG
21:26:26     1000         -   1482141  100.00    1.00    0.00    0.00  101.00    20  |__CPU 2/TCG
21:26:26     1000         -   1482142    0.00    0.00    0.00    0.00    0.00     8  |__CPU 3/TCG
21:26:27     1000   1482118         -  201.00    1.00    0.00    0.00  202.00    19  qemu-system-aar
21:26:27     1000         -   1482118    1.00    2.00    0.00    0.00    3.00    19  |__qemu-system-aar
21:26:27     1000         -   1482124    0.00    0.00    0.00    0.00    0.00     8  |__call_rcu
21:26:27     1000         -   1482139   99.00    0.00    0.00    0.00   99.00    16  |__CPU 0/TCG
21:26:27     1000         -   1482140    0.00    0.00    0.00    0.00    0.00    17  |__CPU 1/TCG
21:26:27     1000         -   1482141   99.00    0.00    0.00    0.00   99.00    20  |__CPU 2/TCG
21:26:27     1000         -   1482142    0.00    0.00    0.00    0.00    0.00     8  |__CPU 3/TCG
21:26:28     1000   1482118         -  201.00    1.00    0.00    0.00  202.00     3  qemu-system-aar
21:26:28     1000         -   1482118    1.00    2.00    0.00    0.00    3.00     3  |__qemu-system-aar
21:26:28     1000         -   1482124    0.00    0.00    0.00    0.00    0.00     8  |__call_rcu
21:26:28     1000         -   1482139   99.00    0.00    0.00    0.00   99.00    16  |__CPU 0/TCG
21:26:28     1000         -   1482140    1.00    0.00    0.00    0.00    1.00    17  |__CPU 1/TCG
21:26:28     1000         -   1482141   99.00    1.00    0.00    0.00  100.00    20  |__CPU 2/TCG
21:26:28     1000         -   1482142    0.00    0.00    0.00    0.00    0.00     8  |__CPU 3/TCG
21:26:29     1000   1482118         -  202.00    1.00    0.00    0.00  203.00     3  qemu-system-aar
21:26:29     1000         -   1482118    2.00    1.00    0.00    0.00    3.00     3  |__qemu-system-aar
21:26:29     1000         -   1482124    0.00    0.00    0.00    0.00    0.00     8  |__call_rcu
21:26:29     1000         -   1482139   99.00    0.00    0.00    0.00   99.00    16  |__CPU 0/TCG
21:26:29     1000         -   1482140    0.00    0.00    0.00    0.00    0.00    22  |__CPU 1/TCG
21:26:29     1000         -   1482141   99.00    0.00    0.00    0.00   99.00    20  |__CPU 2/TCG
21:26:29     1000         -   1482142    0.00    0.00    0.00    0.00    0.00     8  |__CPU 3/TCG
21:26:30     1000   1482118         -  201.00    2.00    0.00    0.00  203.00     3  qemu-system-aar
21:26:30     1000         -   1482118    1.00    2.00    0.00    0.00    3.00     3  |__qemu-system-aar
21:26:30     1000         -   1482124    0.00    0.00    0.00    0.00    0.00     8  |__call_rcu
21:26:30     1000         -   1482139   99.00    1.00    0.00    0.00  100.00    16  |__CPU 0/TCG
21:26:30     1000         -   1482140    1.00    0.00    0.00    0.00    1.00    17  |__CPU 1/TCG
21:26:30     1000         -   1482141   99.00    1.00    0.00    0.00  100.00    20  |__CPU 2/TCG
21:26:30     1000         -   1482142    0.00    0.00    0.00    0.00    0.00     8  |__CPU 3/TCG
21:26:31     1000   1482118         -  201.00    2.00    0.00    0.00  203.00     6  qemu-system-aar
21:26:31     1000         -   1482118    2.00    2.00    0.00    0.00    4.00     6  |__qemu-system-aar
21:26:31     1000         -   1482124    0.00    0.00    0.00    0.00    0.00     8  |__call_rcu
21:26:31     1000         -   1482139   99.00    1.00    0.00    0.00  100.00    16  |__CPU 0/TCG
21:26:31     1000         -   1482140    0.00    1.00    0.00    0.00    1.00    17  |__CPU 1/TCG
21:26:31     1000         -   1482141   99.00    1.00    0.00    0.00  100.00    20  |__CPU 2/TCG
21:26:31     1000         -   1482142    0.00    0.00    0.00    0.00    0.00     8  |__CPU 3/TCG
21:26:32     1000   1482118         -  201.00    2.00    0.00    0.00  203.00    21  qemu-system-aar
21:26:32     1000         -   1482118    0.00    2.00    0.00    0.00    2.00    21  |__qemu-system-aar
21:26:32     1000         -   1482124    0.00    0.00    0.00    0.00    0.00     8  |__call_rcu
21:26:32     1000         -   1482139   99.00    0.00    0.00    0.00   99.00    16  |__CPU 0/TCG
21:26:32     1000         -   1482140    1.00    0.00    0.00    0.00    1.00    22  |__CPU 1/TCG
21:26:32     1000         -   1482141   99.00    0.00    0.00    0.00   99.00    20  |__CPU 2/TCG
21:26:32     1000         -   1482142    0.00    0.00    0.00    0.00    0.00     8  |__CPU 3/TCG
21:26:33     1000   1482118         -  201.00    1.00    0.00    0.00  202.00    21  qemu-system-aar
21:26:33     1000         -   1482118    1.00    2.00    0.00    0.00    3.00    21  |__qemu-system-aar
21:26:33     1000         -   1482124    0.00    0.00    0.00    0.00    0.00     8  |__call_rcu
21:26:33     1000         -   1482139   99.00    0.00    0.00    0.00   99.00    16  |__CPU 0/TCG
21:26:33     1000         -   1482140    0.00    0.00    0.00    0.00    0.00     2  |__CPU 1/TCG
21:26:33     1000         -   1482141   99.00    1.00    0.00    0.00  100.00    20  |__CPU 2/TCG
21:26:33     1000         -   1482142    0.00    0.00    0.00    0.00    0.00     8  |__CPU 3/TCG
21:26:34     1000   1482118         -  202.00    1.00    0.00    0.00  203.00    21  qemu-system-aar
21:26:34     1000         -   1482118    1.00    3.00    0.00    0.00    4.00    21  |__qemu-system-aar
21:26:34     1000         -   1482124    0.00    0.00    0.00    0.00    0.00     8  |__call_rcu
21:26:34     1000         -   1482139   99.00    1.00    0.00    0.00  100.00    16  |__CPU 0/TCG
21:26:34     1000         -   1482140    1.00    0.00    0.00    0.00    1.00     2  |__CPU 1/TCG
21:26:34     1000         -   1482141   99.00    0.00    0.00    0.00   99.00    20  |__CPU 2/TCG
21:26:34     1000         -   1482142    0.00    0.00    0.00    0.00    0.00     8  |__CPU 3/TCG
21:26:35     1000   1482118         -  202.00    0.00    0.00    0.00  202.00    21  qemu-system-aar
21:26:35     1000         -   1482118    0.00    2.00    0.00    0.00    2.00    21  |__qemu-system-aar
21:26:35     1000         -   1482124    0.00    0.00    0.00    0.00    0.00     8  |__call_rcu
21:26:35     1000         -   1482139  100.00    0.00    0.00    0.00  100.00    16  |__CPU 0/TCG
21:26:35     1000         -   1482140    0.00    0.00    0.00    0.00    0.00    22  |__CPU 1/TCG
21:26:35     1000         -   1482141   99.00    1.00    0.00    0.00  100.00    20  |__CPU 2/TCG
21:26:35     1000         -   1482142    0.00    0.00    0.00    0.00    0.00     8  |__CPU 3/TCG
21:26:36     1000   1482118         -  201.00    2.00    0.00    0.00  203.00    21  qemu-system-aar
21:26:36     1000         -   1482118    1.00    2.00    0.00    0.00    3.00    21  |__qemu-system-aar
21:26:36     1000         -   1482124    0.00    0.00    0.00    0.00    0.00     8  |__call_rcu
21:26:36     1000         -   1482139   99.00    0.00    0.00    0.00   99.00    16  |__CPU 0/TCG
21:26:36     1000         -   1482140    1.00    0.00    0.00    0.00    1.00    23  |__CPU 1/TCG
21:26:36     1000         -   1482141   99.00    0.00    0.00    0.00   99.00    20  |__CPU 2/TCG
21:26:36     1000         -   1482142    0.00    0.00    0.00    0.00    0.00     8  |__CPU 3/TCG
21:26:37     1000   1482118         -  202.00    1.00    0.00    0.00  203.00    23  qemu-system-aar
21:26:37     1000         -   1482118    1.00    2.00    0.00    0.00    3.00    23  |__qemu-system-aar
21:26:37     1000         -   1482124    0.00    0.00    0.00    0.00    0.00     8  |__call_rcu
21:26:37     1000         -   1482139   99.00    0.00    0.00    0.00   99.00    16  |__CPU 0/TCG
21:26:37     1000         -   1482140    0.00    0.00    0.00    0.00    0.00    22  |__CPU 1/TCG
21:26:37     1000         -   1482141   99.00    1.00    0.00    0.00  100.00    20  |__CPU 2/TCG
21:26:37     1000         -   1482142    0.00    0.00    0.00    0.00    0.00     8  |__CPU 3/TCG
21:26:38     1000   1482118         -  201.00    1.00    0.00    0.00  202.00    21  qemu-system-aar
21:26:38     1000         -   1482118    1.00    2.00    0.00    0.00    3.00    21  |__qemu-system-aar
21:26:38     1000         -   1482124    0.00    0.00    0.00    0.00    0.00     8  |__call_rcu
21:26:38     1000         -   1482139   99.00    1.00    0.00    0.00  100.00    16  |__CPU 0/TCG
21:26:38     1000         -   1482140    1.00    0.00    0.00    0.00    1.00    22  |__CPU 1/TCG
21:26:38     1000         -   1482141   99.00    0.00    0.00    0.00   99.00    20  |__CPU 2/TCG
21:26:38     1000         -   1482142    0.00    0.00    0.00    0.00    0.00     8  |__CPU 3/TCG
21:26:39     1000   1482118         -  201.00    2.00    0.00    0.00  203.00    23  qemu-system-aar
21:26:39     1000         -   1482118    2.00    1.00    0.00    0.00    3.00    23  |__qemu-system-aar
21:26:39     1000         -   1482124    0.00    0.00    0.00    0.00    0.00     8  |__call_rcu
21:26:39     1000         -   1482139   99.00    0.00    0.00    0.00   99.00    16  |__CPU 0/TCG
21:26:39     1000         -   1482140    1.00    0.00    0.00    0.00    1.00     1  |__CPU 1/TCG
21:26:39     1000         -   1482141   99.00    1.00    0.00    0.00  100.00    20  |__CPU 2/TCG
21:26:39     1000         -   1482142    0.00    0.00    0.00    0.00    0.00     8  |__CPU 3/TCG
21:26:40     1000   1482118         -  202.00    1.00    0.00    0.00  203.00    21  qemu-system-aar
21:26:40     1000         -   1482118    1.00    3.00    0.00    0.00    4.00    21  |__qemu-system-aar
21:26:40     1000         -   1482124    0.00    0.00    0.00    0.00    0.00     8  |__call_rcu
21:26:40     1000         -   1482139   99.00    1.00    0.00    0.00  100.00    16  |__CPU 0/TCG
21:26:40     1000         -   1482140    0.00    0.00    0.00    0.00    0.00     1  |__CPU 1/TCG
21:26:40     1000         -   1482141  100.00    0.00    0.00    0.00  100.00    20  |__CPU 2/TCG
21:26:40     1000         -   1482142    0.00    0.00    0.00    0.00    0.00     8  |__CPU 3/TCG
21:26:41     1000   1482118         -  202.00    1.00    0.00    0.00  203.00    23  qemu-system-aar
21:26:41     1000         -   1482118    1.00    2.00    0.00    0.00    3.00    23  |__qemu-system-aar
21:26:41     1000         -   1482124    0.00    0.00    0.00    0.00    0.00     8  |__call_rcu
21:26:41     1000         -   1482139   99.00    0.00    0.00    0.00   99.00    16  |__CPU 0/TCG
21:26:41     1000         -   1482140    1.00    0.00    0.00    0.00    1.00     1  |__CPU 1/TCG
21:26:41     1000         -   1482141   99.00    1.00    0.00    0.00  100.00    20  |__CPU 2/TCG
21:26:41     1000         -   1482142    0.00    0.00    0.00    0.00    0.00     8  |__CPU 3/TCG
21:26:42     1000   1482118         -  201.00    2.00    0.00    0.00  203.00     2  qemu-system-aar
21:26:42     1000         -   1482118    0.00    2.00    0.00    0.00    2.00     2  |__qemu-system-aar
21:26:42     1000         -   1482124    0.00    0.00    0.00    0.00    0.00     8  |__call_rcu
21:26:42     1000         -   1482139   99.00    1.00    0.00    0.00  100.00    16  |__CPU 0/TCG
21:26:42     1000         -   1482140    0.00    0.00    0.00    0.00    0.00     1  |__CPU 1/TCG
21:26:42     1000         -   1482141   99.00    0.00    0.00    0.00   99.00    20  |__CPU 2/TCG
21:26:42     1000         -   1482142    0.00    0.00    0.00    0.00    0.00     8  |__CPU 3/TCG
21:26:43     1000   1482118         -  202.00    1.00    0.00    0.00  203.00     0  qemu-system-aar
21:26:43     1000         -   1482118    2.00    2.00    0.00    0.00    4.00     0  |__qemu-system-aar
21:26:43     1000         -   1482124    0.00    0.00    0.00    0.00    0.00     8  |__call_rcu
21:26:43     1000         -   1482139   99.00    1.00    0.00    0.00  100.00    16  |__CPU 0/TCG
21:26:43     1000         -   1482140    1.00    0.00    0.00    0.00    1.00     1  |__CPU 1/TCG
21:26:43     1000         -   1482141   99.00    1.00    0.00    0.00  100.00    20  |__CPU 2/TCG
21:26:43     1000         -   1482142    0.00    0.00    0.00    0.00    0.00     8  |__CPU 3/TCG
21:26:44     1000   1482118         -  202.00    1.00    0.00    0.00  203.00     0  qemu-system-aar
21:26:44     1000         -   1482118    1.00    3.00    0.00    0.00    4.00     0  |__qemu-system-aar
21:26:44     1000         -   1482124    0.00    0.00    0.00    0.00    0.00     8  |__call_rcu
21:26:44     1000         -   1482139   98.00    0.00    0.00    0.00   98.00    16  |__CPU 0/TCG
21:26:44     1000         -   1482140    1.00    0.00    0.00    0.00    1.00     1  |__CPU 1/TCG
21:26:44     1000         -   1482141   99.00    0.00    0.00    0.00   99.00    20  |__CPU 2/TCG
21:26:44     1000         -   1482142    0.00    0.00    0.00    0.00    0.00     8  |__CPU 3/TCG
21:26:45     1000   1482118         -  202.00    1.00    0.00    0.00  203.00    17  qemu-system-aar
21:26:45     1000         -   1482118    1.00    3.00    0.00    0.00    4.00    17  |__qemu-system-aar
21:26:45     1000         -   1482124    0.00    0.00    0.00    0.00    0.00     8  |__call_rcu
21:26:45     1000         -   1482139  100.00    1.00    0.00    0.00  101.00    16  |__CPU 0/TCG
21:26:45     1000         -   1482140    0.00    0.00    0.00    0.00    0.00     5  |__CPU 1/TCG
21:26:45     1000         -   1482141   99.00    0.00    0.00    0.00   99.00    20  |__CPU 2/TCG
21:26:45     1000         -   1482142    0.00    0.00    0.00    0.00    0.00     8  |__CPU 3/TCG
21:26:46     1000   1482118         -  202.00    1.00    0.00    0.00  203.00     7  qemu-system-aar
21:26:46     1000         -   1482118    1.00    2.00    0.00    0.00    3.00     7  |__qemu-system-aar
21:26:46     1000         -   1482124    0.00    0.00    0.00    0.00    0.00     8  |__call_rcu
21:26:46     1000         -   1482139   99.00    0.00    0.00    0.00   99.00    16  |__CPU 0/TCG
21:26:46     1000         -   1482140    1.00    0.00    0.00    0.00    1.00     3  |__CPU 1/TCG
21:26:46     1000         -   1482141  100.00    1.00    0.00    0.00  101.00    20  |__CPU 2/TCG
21:26:46     1000         -   1482142    0.00    0.00    0.00    0.00    0.00     8  |__CPU 3/TCG
21:26:47     1000   1482118         -  202.00    2.00    0.00    0.00  204.00     7  qemu-system-aar
21:26:47     1000         -   1482118    0.00    3.00    0.00    0.00    3.00     7  |__qemu-system-aar
21:26:47     1000         -   1482124    0.00    0.00    0.00    0.00    0.00     8  |__call_rcu
21:26:47     1000         -   1482139   99.00    1.00    0.00    0.00  100.00    16  |__CPU 0/TCG
21:26:47     1000         -   1482140    0.00    0.00    0.00    0.00    0.00     3  |__CPU 1/TCG
21:26:47     1000         -   1482141   99.00    0.00    0.00    0.00   99.00    20  |__CPU 2/TCG
21:26:47     1000         -   1482142    0.00    0.00    0.00    0.00    0.00     8  |__CPU 3/TCG
21:26:48     1000   1482118         -  201.00    1.00    0.00    0.00  202.00     7  qemu-system-aar
21:26:48     1000         -   1482118    2.00    1.00    0.00    0.00    3.00     7  |__qemu-system-aar
21:26:48     1000         -   1482124    0.00    0.00    0.00    0.00    0.00     8  |__call_rcu
21:26:48     1000         -   1482139   99.00    0.00    0.00    0.00   99.00    16  |__CPU 0/TCG
21:26:48     1000         -   1482140    1.00    0.00    0.00    0.00    1.00     4  |__CPU 1/TCG
21:26:48     1000         -   1482141   99.00    0.00    0.00    0.00   99.00    20  |__CPU 2/TCG
21:26:48     1000         -   1482142    0.00    0.00    0.00    0.00    0.00     8  |__CPU 3/TCG
21:26:49     1000   1482118         -  200.00    2.00    0.00    0.00  202.00    23  qemu-system-aar
21:26:49     1000         -   1482118    1.00    3.00    0.00    0.00    4.00    23  |__qemu-system-aar
21:26:49     1000         -   1482124    0.00    0.00    0.00    0.00    0.00     8  |__call_rcu
21:26:49     1000         -   1482139   99.00    0.00    0.00    0.00   99.00    16  |__CPU 0/TCG
21:26:49     1000         -   1482140    0.00    0.00    0.00    0.00    0.00     3  |__CPU 1/TCG
21:26:49     1000         -   1482141   99.00    1.00    0.00    0.00  100.00    20  |__CPU 2/TCG
21:26:49     1000         -   1482142    0.00    0.00    0.00    0.00    0.00     8  |__CPU 3/TCG
21:26:50     1000   1482118         -  201.00    2.00    0.00    0.00  203.00    23  qemu-system-aar
21:26:50     1000         -   1482118    0.00    3.00    0.00    0.00    3.00    23  |__qemu-system-aar
21:26:50     1000         -   1482124    0.00    0.00    0.00    0.00    0.00     8  |__call_rcu
21:26:50     1000         -   1482139   98.00    1.00    0.00    0.00   99.00    16  |__CPU 0/TCG
21:26:50     1000         -   1482140    1.00    0.00    0.00    0.00    1.00     3  |__CPU 1/TCG
21:26:50     1000         -   1482141   99.00    0.00    0.00    0.00   99.00    20  |__CPU 2/TCG
21:26:50     1000         -   1482142    0.00    0.00    0.00    0.00    0.00     8  |__CPU 3/TCG
21:26:51     1000   1482118         -  201.00    1.00    0.00    0.00  202.00    19  qemu-system-aar
21:26:51     1000         -   1482118    1.00    2.00    0.00    0.00    3.00    19  |__qemu-system-aar
21:26:51     1000         -   1482124    0.00    0.00    0.00    0.00    0.00     8  |__call_rcu
21:26:51     1000         -   1482139   99.00    1.00    0.00    0.00  100.00    16  |__CPU 0/TCG
21:26:51     1000         -   1482140    0.00    0.00    0.00    0.00    0.00     4  |__CPU 1/TCG
21:26:51     1000         -   1482141   99.00    1.00    0.00    0.00  100.00    20  |__CPU 2/TCG
21:26:51     1000         -   1482142    0.00    0.00    0.00    0.00    0.00     8  |__CPU 3/TCG
21:26:52     1000   1482118         -  201.00    2.00    0.00    0.00  203.00    19  qemu-system-aar
21:26:52     1000         -   1482118    1.00    1.00    0.00    0.00    2.00    19  |__qemu-system-aar
21:26:52     1000         -   1482124    0.00    0.00    0.00    0.00    0.00     8  |__call_rcu
21:26:52     1000         -   1482139   99.00    0.00    0.00    0.00   99.00    16  |__CPU 0/TCG
21:26:52     1000         -   1482140    1.00    0.00    0.00    0.00    1.00     4  |__CPU 1/TCG
21:26:52     1000         -   1482141   99.00    1.00    0.00    0.00  100.00    20  |__CPU 2/TCG
21:26:52     1000         -   1482142    0.00    0.00    0.00    0.00    0.00     8  |__CPU 3/TCG
21:26:53     1000   1482118         -  201.00    1.00    0.00    0.00  202.00     5  qemu-system-aar
21:26:53     1000         -   1482118    1.00    2.00    0.00    0.00    3.00     5  |__qemu-system-aar
21:26:53     1000         -   1482124    0.00    0.00    0.00    0.00    0.00     8  |__call_rcu
21:26:53     1000         -   1482139   99.00    0.00    0.00    0.00   99.00    16  |__CPU 0/TCG
21:26:53     1000         -   1482140    1.00    0.00    0.00    0.00    1.00     8  |__CPU 1/TCG
21:26:53     1000         -   1482141   99.00    0.00    0.00    0.00   99.00    20  |__CPU 2/TCG
21:26:53     1000         -   1482142    0.00    0.00    0.00    0.00    0.00     8  |__CPU 3/TCG
21:26:54     1000   1482118         -  202.00    1.00    0.00    0.00  203.00     5  qemu-system-aar
21:26:54     1000         -   1482118    1.00    2.00    0.00    0.00    3.00     5  |__qemu-system-aar
21:26:54     1000         -   1482124    0.00    0.00    0.00    0.00    0.00     8  |__call_rcu
21:26:54     1000         -   1482139   99.00    1.00    0.00    0.00  100.00    16  |__CPU 0/TCG
21:26:54     1000         -   1482140    0.00    0.00    0.00    0.00    0.00     8  |__CPU 1/TCG
21:26:54     1000         -   1482141   99.00    1.00    0.00    0.00  100.00    20  |__CPU 2/TCG
21:26:54     1000         -   1482142    0.00    0.00    0.00    0.00    0.00     8  |__CPU 3/TCG
21:26:55     1000   1482118         -  202.00    1.00    0.00    0.00  203.00    19  qemu-system-aar
21:26:55     1000         -   1482118    2.00    1.00    0.00    0.00    3.00    19  |__qemu-system-aar
21:26:55     1000         -   1482124    0.00    0.00    0.00    0.00    0.00     8  |__call_rcu
21:26:55     1000         -   1482139   99.00    0.00    0.00    0.00   99.00    16  |__CPU 0/TCG
21:26:55     1000         -   1482140    1.00    0.00    0.00    0.00    1.00     8  |__CPU 1/TCG
21:26:55     1000         -   1482141   99.00    0.00    0.00    0.00   99.00    20  |__CPU 2/TCG
21:26:55     1000         -   1482142    0.00    0.00    0.00    0.00    0.00     8  |__CPU 3/TCG
21:26:56     1000   1482118         -  201.00    1.00    0.00    0.00  202.00    19  qemu-system-aar
21:26:56     1000         -   1482118    0.00    3.00    0.00    0.00    3.00    19  |__qemu-system-aar
21:26:56     1000         -   1482124    0.00    0.00    0.00    0.00    0.00     8  |__call_rcu
21:26:56     1000         -   1482139   99.00    1.00    0.00    0.00  100.00    16  |__CPU 0/TCG
21:26:56     1000         -   1482140    0.00    0.00    0.00    0.00    0.00     9  |__CPU 1/TCG
21:26:56     1000         -   1482141   99.00    1.00    0.00    0.00  100.00    20  |__CPU 2/TCG
21:26:56     1000         -   1482142    0.00    0.00    0.00    0.00    0.00     8  |__CPU 3/TCG
21:26:57     1000   1482118         -  202.00    1.00    0.00    0.00  203.00     5  qemu-system-aar
21:26:57     1000         -   1482118    1.00    2.00    0.00    0.00    3.00     5  |__qemu-system-aar
21:26:57     1000         -   1482124    0.00    0.00    0.00    0.00    0.00     8  |__call_rcu
21:26:57     1000         -   1482139   99.00    0.00    0.00    0.00   99.00    16  |__CPU 0/TCG
21:26:57     1000         -   1482140    1.00    0.00    0.00    0.00    1.00     9  |__CPU 1/TCG
21:26:57     1000         -   1482141  100.00    0.00    0.00    0.00  100.00    20  |__CPU 2/TCG
21:26:57     1000         -   1482142    0.00    0.00    0.00    0.00    0.00     8  |__CPU 3/TCG
21:26:58     1000   1482118         -  200.00    2.00    0.00    0.00  202.00    19  qemu-system-aar
21:26:58     1000         -   1482118    0.00    3.00    0.00    0.00    3.00    19  |__qemu-system-aar
21:26:58     1000         -   1482124    0.00    0.00    0.00    0.00    0.00     8  |__call_rcu
21:26:58     1000         -   1482139   99.00    1.00    0.00    0.00  100.00    16  |__CPU 0/TCG
21:26:58     1000         -   1482140    1.00    0.00    0.00    0.00    1.00     8  |__CPU 1/TCG
21:26:58     1000         -   1482141   99.00    1.00    0.00    0.00  100.00    20  |__CPU 2/TCG
21:26:58     1000         -   1482142    0.00    0.00    0.00    0.00    0.00     8  |__CPU 3/TCG
21:26:59     1000   1482118         -  202.00    2.00    0.00    0.00  204.00    19  qemu-system-aar
21:26:59     1000         -   1482118    1.00    2.00    0.00    0.00    3.00    19  |__qemu-system-aar
21:26:59     1000         -   1482124    0.00    0.00    0.00    0.00    0.00     8  |__call_rcu
21:26:59     1000         -   1482139   99.00    0.00    0.00    0.00   99.00    16  |__CPU 0/TCG
21:26:59     1000         -   1482140    0.00    0.00    0.00    0.00    0.00    10  |__CPU 1/TCG
21:26:59     1000         -   1482141   99.00    0.00    0.00    0.00   99.00    20  |__CPU 2/TCG
21:26:59     1000         -   1482142    0.00    0.00    0.00    0.00    0.00     8  |__CPU 3/TCG
21:27:00     1000   1482118         -  200.00    1.00    0.00    0.00  201.00    21  qemu-system-aar
21:27:00     1000         -   1482118    0.00    3.00    0.00    0.00    3.00    21  |__qemu-system-aar
21:27:00     1000         -   1482124    0.00    0.00    0.00    0.00    0.00     8  |__call_rcu
21:27:00     1000         -   1482139  100.00    0.00    0.00    0.00  100.00     0  |__CPU 0/TCG
21:27:00     1000         -   1482140    1.00    0.00    0.00    0.00    1.00    10  |__CPU 1/TCG
21:27:00     1000         -   1482141   98.00    1.00    0.00    0.00   99.00    20  |__CPU 2/TCG
21:27:00     1000         -   1482142    0.00    0.00    0.00    0.00    0.00     8  |__CPU 3/TCG
21:27:01     1000   1482118         -  201.00    2.00    0.00    0.00  203.00     2  qemu-system-aar
21:27:01     1000         -   1482118    1.00    2.00    0.00    0.00    3.00     2  |__qemu-system-aar
21:27:01     1000         -   1482124    0.00    0.00    0.00    0.00    0.00     8  |__call_rcu
21:27:01     1000         -   1482139   98.00    1.00    0.00    0.00   99.00     0  |__CPU 0/TCG
21:27:01     1000         -   1482140    0.00    1.00    0.00    0.00    1.00    10  |__CPU 1/TCG
21:27:01     1000         -   1482141   99.00    1.00    0.00    0.00  100.00    20  |__CPU 2/TCG
21:27:01     1000         -   1482142    0.00    0.00    0.00    0.00    0.00     8  |__CPU 3/TCG
21:27:02     1000   1482118         -  201.00    2.00    0.00    0.00  203.00     5  qemu-system-aar
21:27:02     1000         -   1482118    1.00    2.00    0.00    0.00    3.00     5  |__qemu-system-aar
21:27:02     1000         -   1482124    0.00    0.00    0.00    0.00    0.00     8  |__call_rcu
21:27:02     1000         -   1482139  100.00    0.00    0.00    0.00  100.00     0  |__CPU 0/TCG
21:27:02     1000         -   1482140    0.00    0.00    0.00    0.00    0.00     8  |__CPU 1/TCG
21:27:02     1000         -   1482141   99.00    1.00    0.00    0.00  100.00    20  |__CPU 2/TCG
21:27:02     1000         -   1482142    0.00    0.00    0.00    0.00    0.00     8  |__CPU 3/TCG
21:27:03     1000   1482118         -  200.00    1.00    0.00    0.00  201.00     7  qemu-system-aar
21:27:03     1000         -   1482118    0.00    3.00    0.00    0.00    3.00     7  |__qemu-system-aar
21:27:03     1000         -   1482124    0.00    0.00    0.00    0.00    0.00     8  |__call_rcu
21:27:03     1000         -   1482139   98.00    1.00    0.00    0.00   99.00     0  |__CPU 0/TCG
21:27:03     1000         -   1482140    0.00    0.00    0.00    0.00    0.00    13  |__CPU 1/TCG
21:27:03     1000         -   1482141   99.00    0.00    0.00    0.00   99.00    20  |__CPU 2/TCG
21:27:03     1000         -   1482142    0.00    0.00    0.00    0.00    0.00     8  |__CPU 3/TCG
21:27:04     1000   1482118         -  202.00    2.00    0.00    0.00  204.00     7  qemu-system-aar
21:27:04     1000         -   1482118    2.00    1.00    0.00    0.00    3.00     7  |__qemu-system-aar
21:27:04     1000         -   1482124    0.00    0.00    0.00    0.00    0.00     8  |__call_rcu
21:27:04     1000         -   1482139   99.00    0.00    0.00    0.00   99.00    16  |__CPU 0/TCG
21:27:04     1000         -   1482140    1.00    0.00    0.00    0.00    1.00    10  |__CPU 1/TCG
21:27:04     1000         -   1482141   99.00    1.00    0.00    0.00  100.00    20  |__CPU 2/TCG
21:27:04     1000         -   1482142    0.00    0.00    0.00    0.00    0.00     8  |__CPU 3/TCG
21:27:05     1000   1482118         -  201.00    1.00    0.00    0.00  202.00     7  qemu-system-aar
21:27:05     1000         -   1482118    0.00    3.00    0.00    0.00    3.00     7  |__qemu-system-aar
21:27:05     1000         -   1482124    0.00    0.00    0.00    0.00    0.00     8  |__call_rcu
21:27:05     1000         -   1482139  100.00    0.00    0.00    0.00  100.00    16  |__CPU 0/TCG
21:27:05     1000         -   1482140    1.00    0.00    0.00    0.00    1.00    19  |__CPU 1/TCG
21:27:05     1000         -   1482141   99.00    0.00    0.00    0.00   99.00    20  |__CPU 2/TCG
21:27:05     1000         -   1482142    0.00    0.00    0.00    0.00    0.00     8  |__CPU 3/TCG
21:27:06     1000   1482118         -  203.00    0.00    0.00    0.00  203.00     6  qemu-system-aar
21:27:06     1000         -   1482118    2.00    1.00    0.00    0.00    3.00     6  |__qemu-system-aar
21:27:06     1000         -   1482124    0.00    0.00    0.00    0.00    0.00     8  |__call_rcu
21:27:06     1000         -   1482139   99.00    0.00    0.00    0.00   99.00    16  |__CPU 0/TCG
21:27:06     1000         -   1482140    0.00    0.00    0.00    0.00    0.00    19  |__CPU 1/TCG
21:27:06     1000         -   1482141   99.00    1.00    0.00    0.00  100.00    20  |__CPU 2/TCG
21:27:06     1000         -   1482142    0.00    0.00    0.00    0.00    0.00     8  |__CPU 3/TCG
21:27:07     1000   1482118         -  201.00    1.00    0.00    0.00  202.00     6  qemu-system-aar
21:27:07     1000         -   1482118    1.00    3.00    0.00    0.00    4.00     6  |__qemu-system-aar
21:27:07     1000         -   1482124    0.00    0.00    0.00    0.00    0.00     8  |__call_rcu
21:27:07     1000         -   1482139   99.00    1.00    0.00    0.00  100.00    16  |__CPU 0/TCG
21:27:07     1000         -   1482140    1.00    0.00    0.00    0.00    1.00    18  |__CPU 1/TCG
21:27:07     1000         -   1482141   99.00    0.00    0.00    0.00   99.00    20  |__CPU 2/TCG
21:27:07     1000         -   1482142    0.00    0.00    0.00    0.00    0.00     8  |__CPU 3/TCG
21:27:08     1000   1482118         -  202.00    2.00    0.00    0.00  204.00     7  qemu-system-aar
21:27:08     1000         -   1482118    1.00    1.00    0.00    0.00    2.00     7  |__qemu-system-aar
21:27:08     1000         -   1482124    0.00    0.00    0.00    0.00    0.00     8  |__call_rcu
21:27:08     1000         -   1482139   99.00    0.00    0.00    0.00   99.00    16  |__CPU 0/TCG
21:27:08     1000         -   1482140    0.00    0.00    0.00    0.00    0.00    18  |__CPU 1/TCG
21:27:08     1000         -   1482141   99.00    1.00    0.00    0.00  100.00    20  |__CPU 2/TCG
21:27:08     1000         -   1482142    0.00    0.00    0.00    0.00    0.00     8  |__CPU 3/TCG
21:27:09     1000   1482118         -  201.00    1.00    0.00    0.00  202.00     7  qemu-system-aar
21:27:09     1000         -   1482118    1.00    3.00    0.00    0.00    4.00     7  |__qemu-system-aar
21:27:09     1000         -   1482124    0.00    0.00    0.00    0.00    0.00     8  |__call_rcu
21:27:09     1000         -   1482139   99.00    1.00    0.00    0.00  100.00    16  |__CPU 0/TCG
21:27:09     1000         -   1482140    1.00    0.00    0.00    0.00    1.00    18  |__CPU 1/TCG
21:27:09     1000         -   1482141   99.00    1.00    0.00    0.00  100.00    20  |__CPU 2/TCG
21:27:09     1000         -   1482142    0.00    0.00    0.00    0.00    0.00     8  |__CPU 3/TCG
21:27:10     1000   1482118         -  201.00    2.00    0.00    0.00  203.00     7  qemu-system-aar
21:27:10     1000         -   1482118    1.00    2.00    0.00    0.00    3.00     7  |__qemu-system-aar
21:27:10     1000         -   1482124    0.00    0.00    0.00    0.00    0.00     8  |__call_rcu
21:27:10     1000         -   1482139   99.00    0.00    0.00    0.00   99.00    16  |__CPU 0/TCG
21:27:10     1000         -   1482140    1.00    0.00    0.00    0.00    1.00    19  |__CPU 1/TCG
21:27:10     1000         -   1482141   99.00    0.00    0.00    0.00   99.00    20  |__CPU 2/TCG
21:27:10     1000         -   1482142    0.00    0.00    0.00    0.00    0.00     8  |__CPU 3/TCG
21:27:11     1000   1482118         -  202.00    1.00    0.00    0.00  203.00     7  qemu-system-aar
21:27:11     1000         -   1482118    1.00    2.00    0.00    0.00    3.00     7  |__qemu-system-aar
21:27:11     1000         -   1482124    0.00    0.00    0.00    0.00    0.00     8  |__call_rcu
21:27:11     1000         -   1482139   99.00    0.00    0.00    0.00   99.00    16  |__CPU 0/TCG
21:27:11     1000         -   1482140    0.00    0.00    0.00    0.00    0.00    19  |__CPU 1/TCG
21:27:11     1000         -   1482141   99.00    1.00    0.00    0.00  100.00    20  |__CPU 2/TCG
21:27:11     1000         -   1482142    0.00    0.00    0.00    0.00    0.00     8  |__CPU 3/TCG
21:27:12     1000   1482118         -  201.00    1.00    0.00    0.00  202.00     3  qemu-system-aar
21:27:12     1000         -   1482118    0.00    2.00    0.00    0.00    2.00     3  |__qemu-system-aar
21:27:12     1000         -   1482124    0.00    0.00    0.00    0.00    0.00     8  |__call_rcu
21:27:12     1000         -   1482139   99.00    1.00    0.00    0.00  100.00    16  |__CPU 0/TCG
21:27:12     1000         -   1482140    1.00    0.00    0.00    0.00    1.00    19  |__CPU 1/TCG
21:27:12     1000         -   1482141   99.00    0.00    0.00    0.00   99.00    20  |__CPU 2/TCG
21:27:12     1000         -   1482142    0.00    0.00    0.00    0.00    0.00     8  |__CPU 3/TCG
21:27:13     1000   1482118         -  202.00    1.00    0.00    0.00  203.00    21  qemu-system-aar
21:27:13     1000         -   1482118    1.00    2.00    0.00    0.00    3.00    21  |__qemu-system-aar
21:27:13     1000         -   1482124    0.00    0.00    0.00    0.00    0.00     8  |__call_rcu
21:27:13     1000         -   1482139   99.00    0.00    0.00    0.00   99.00    16  |__CPU 0/TCG
21:27:13     1000         -   1482140    0.00    0.00    0.00    0.00    0.00    19  |__CPU 1/TCG
21:27:13     1000         -   1482141   99.00    0.00    0.00    0.00   99.00    20  |__CPU 2/TCG
21:27:13     1000         -   1482142    0.00    0.00    0.00    0.00    0.00     8  |__CPU 3/TCG
21:27:14     1000   1482118         -  202.00    1.00    0.00    0.00  203.00    19  qemu-system-aar
21:27:14     1000         -   1482118    2.00    2.00    0.00    0.00    4.00    19  |__qemu-system-aar
21:27:14     1000         -   1482124    0.00    0.00    0.00    0.00    0.00     8  |__call_rcu
21:27:14     1000         -   1482139  100.00    0.00    0.00    0.00  100.00    16  |__CPU 0/TCG
21:27:14     1000         -   1482140    1.00    0.00    0.00    0.00    1.00    17  |__CPU 1/TCG
21:27:14     1000         -   1482141  100.00    1.00    0.00    0.00  101.00    20  |__CPU 2/TCG
21:27:14     1000         -   1482142    0.00    0.00    0.00    0.00    0.00     8  |__CPU 3/TCG
21:27:15     1000   1482118         -  201.00    1.00    0.00    0.00  202.00     3  qemu-system-aar
21:27:15     1000         -   1482118    1.00    2.00    0.00    0.00    3.00     3  |__qemu-system-aar
21:27:15     1000         -   1482124    0.00    0.00    0.00    0.00    0.00     8  |__call_rcu
21:27:15     1000         -   1482139   99.00    1.00    0.00    0.00  100.00    16  |__CPU 0/TCG
21:27:15     1000         -   1482140    0.00    0.00    0.00    0.00    0.00    17  |__CPU 1/TCG
21:27:15     1000         -   1482141   99.00    0.00    0.00    0.00   99.00    20  |__CPU 2/TCG
21:27:15     1000         -   1482142    0.00    0.00    0.00    0.00    0.00     8  |__CPU 3/TCG
21:27:16     1000   1482118         -  202.00    1.00    0.00    0.00  203.00    20  qemu-system-aar
21:27:16     1000         -   1482118    0.00    3.00    0.00    0.00    3.00    20  |__qemu-system-aar
21:27:16     1000         -   1482124    0.00    0.00    0.00    0.00    0.00     8  |__call_rcu
21:27:16     1000         -   1482139   99.00    0.00    0.00    0.00   99.00    16  |__CPU 0/TCG
21:27:16     1000         -   1482140    1.00    0.00    0.00    0.00    1.00    17  |__CPU 1/TCG
21:27:16     1000         -   1482141   99.00    1.00    0.00    0.00  100.00     4  |__CPU 2/TCG
21:27:16     1000         -   1482142    0.00    0.00    0.00    0.00    0.00     8  |__CPU 3/TCG
21:27:17     1000   1482118         -  202.00    2.00    0.00    0.00  204.00    20  qemu-system-aar
21:27:17     1000         -   1482118    2.00    2.00    0.00    0.00    4.00    20  |__qemu-system-aar
21:27:17     1000         -   1482124    0.00    0.00    0.00    0.00    0.00     8  |__call_rcu
21:27:17     1000         -   1482139   99.00    0.00    0.00    0.00   99.00     0  |__CPU 0/TCG
21:27:17     1000         -   1482140    1.00    0.00    0.00    0.00    1.00    19  |__CPU 1/TCG
21:27:17     1000         -   1482141   99.00    0.00    0.00    0.00   99.00     4  |__CPU 2/TCG
21:27:17     1000         -   1482142    0.00    0.00    0.00    0.00    0.00     8  |__CPU 3/TCG
21:27:18     1000   1482118         -  202.00    1.00    0.00    0.00  203.00    20  qemu-system-aar
21:27:18     1000         -   1482118    1.00    4.00    0.00    0.00    5.00    20  |__qemu-system-aar
21:27:18     1000         -   1482124    0.00    0.00    0.00    0.00    0.00     8  |__call_rcu
21:27:18     1000         -   1482139   99.00    1.00    0.00    0.00  100.00     4  |__CPU 0/TCG
21:27:18     1000         -   1482140    0.00    0.00    0.00    0.00    0.00    19  |__CPU 1/TCG
21:27:18     1000         -   1482141   99.00    1.00    0.00    0.00  100.00     0  |__CPU 2/TCG
21:27:18     1000         -   1482142    0.00    0.00    0.00    0.00    0.00     8  |__CPU 3/TCG
21:27:19     1000   1482118         -  204.00    0.00    0.00    0.00  204.00    20  qemu-system-aar
21:27:19     1000         -   1482118    3.00    1.00    0.00    0.00    4.00    20  |__qemu-system-aar
21:27:19     1000         -   1482124    0.00    0.00    0.00    0.00    0.00     8  |__call_rcu
21:27:19     1000         -   1482139   99.00    0.00    0.00    0.00   99.00     4  |__CPU 0/TCG
21:27:19     1000         -   1482140    1.00    0.00    0.00    0.00    1.00    19  |__CPU 1/TCG
21:27:19     1000         -   1482141   99.00    0.00    0.00    0.00   99.00     0  |__CPU 2/TCG
21:27:19     1000         -   1482142    0.00    0.00    0.00    0.00    0.00     8  |__CPU 3/TCG
21:27:20     1000   1482118         -  202.00    1.00    0.00    0.00  203.00     3  qemu-system-aar
21:27:20     1000         -   1482118    1.00    3.00    0.00    0.00    4.00     3  |__qemu-system-aar
21:27:20     1000         -   1482124    0.00    0.00    0.00    0.00    0.00     8  |__call_rcu
21:27:20     1000         -   1482139   99.00    0.00    0.00    0.00   99.00     4  |__CPU 0/TCG
21:27:20     1000         -   1482140    0.00    0.00    0.00    0.00    0.00    17  |__CPU 1/TCG
21:27:20     1000         -   1482141   99.00    0.00    0.00    0.00   99.00    16  |__CPU 2/TCG
21:27:20     1000         -   1482142    0.00    0.00    0.00    0.00    0.00     8  |__CPU 3/TCG
21:27:21     1000   1482118         -  201.00    2.00    0.00    0.00  203.00     3  qemu-system-aar
21:27:21     1000         -   1482118    1.00    2.00    0.00    0.00    3.00     3  |__qemu-system-aar
21:27:21     1000         -   1482124    0.00    0.00    0.00    0.00    0.00     8  |__call_rcu
21:27:21     1000         -   1482139   99.00    1.00    0.00    0.00  100.00     0  |__CPU 0/TCG
21:27:21     1000         -   1482140    1.00    0.00    0.00    0.00    1.00    19  |__CPU 1/TCG
21:27:21     1000         -   1482141   98.00    1.00    0.00    0.00   99.00    20  |__CPU 2/TCG
21:27:21     1000         -   1482142    0.00    0.00    0.00    0.00    0.00     8  |__CPU 3/TCG
21:27:22     1000   1482118         -  201.00    1.00    0.00    0.00  202.00    18  qemu-system-aar
21:27:22     1000         -   1482118    1.00    2.00    0.00    0.00    3.00    18  |__qemu-system-aar
21:27:22     1000         -   1482124    0.00    0.00    0.00    0.00    0.00     8  |__call_rcu
21:27:22     1000         -   1482139  100.00    0.00    0.00    0.00  100.00     0  |__CPU 0/TCG
21:27:22     1000         -   1482140    0.00    0.00    0.00    0.00    0.00    19  |__CPU 1/TCG
21:27:22     1000         -   1482141   99.00    1.00    0.00    0.00  100.00    20  |__CPU 2/TCG
21:27:22     1000         -   1482142    0.00    0.00    0.00    0.00    0.00     8  |__CPU 3/TCG
21:27:23     1000   1482118         -  202.00    1.00    0.00    0.00  203.00    18  qemu-system-aar
21:27:23     1000         -   1482118    1.00    2.00    0.00    0.00    3.00    18  |__qemu-system-aar
21:27:23     1000         -   1482124    0.00    0.00    0.00    0.00    0.00     8  |__call_rcu
21:27:23     1000         -   1482139   99.00    0.00    0.00    0.00   99.00     0  |__CPU 0/TCG
21:27:23     1000         -   1482140    1.00    0.00    0.00    0.00    1.00    19  |__CPU 1/TCG
21:27:23     1000         -   1482141   99.00    0.00    0.00    0.00   99.00    20  |__CPU 2/TCG
21:27:23     1000         -   1482142    0.00    0.00    0.00    0.00    0.00     8  |__CPU 3/TCG
21:27:24     1000   1482118         -  201.00    2.00    0.00    0.00  203.00    21  qemu-system-aar
21:27:24     1000         -   1482118    1.00    1.00    0.00    0.00    2.00    21  |__qemu-system-aar
21:27:24     1000         -   1482124    0.00    0.00    0.00    0.00    0.00     8  |__call_rcu
21:27:24     1000         -   1482139   99.00    0.00    0.00    0.00   99.00     0  |__CPU 0/TCG
21:27:24     1000         -   1482140    0.00    0.00    0.00    0.00    0.00    18  |__CPU 1/TCG
21:27:24     1000         -   1482141   99.00    1.00    0.00    0.00  100.00    20  |__CPU 2/TCG
21:27:24     1000         -   1482142    0.00    0.00    0.00    0.00    0.00     8  |__CPU 3/TCG
21:27:25     1000   1482118         -  201.00    1.00    0.00    0.00  202.00    22  qemu-system-aar
21:27:25     1000         -   1482118    3.00    1.00    0.00    0.00    4.00    22  |__qemu-system-aar
21:27:25     1000         -   1482124    0.00    0.00    0.00    0.00    0.00     8  |__call_rcu
21:27:25     1000         -   1482139   99.00    1.00    0.00    0.00  100.00     4  |__CPU 0/TCG
21:27:25     1000         -   1482140    1.00    0.00    0.00    0.00    1.00    18  |__CPU 1/TCG
21:27:25     1000         -   1482141   99.00    0.00    0.00    0.00   99.00     0  |__CPU 2/TCG
21:27:25     1000         -   1482142    0.00    0.00    0.00    0.00    0.00     8  |__CPU 3/TCG
21:27:26     1000   1482118         -  201.00    1.00    0.00    0.00  202.00    21  qemu-system-aar
21:27:26     1000         -   1482118    0.00    2.00    0.00    0.00    2.00    21  |__qemu-system-aar
21:27:26     1000         -   1482124    0.00    0.00    0.00    0.00    0.00     8  |__call_rcu
21:27:26     1000         -   1482139   99.00    0.00    0.00    0.00   99.00    20  |__CPU 0/TCG
21:27:26     1000         -   1482140    1.00    0.00    0.00    0.00    1.00    19  |__CPU 1/TCG
21:27:26     1000         -   1482141   99.00    1.00    0.00    0.00  100.00    16  |__CPU 2/TCG
21:27:26     1000         -   1482142    0.00    0.00    0.00    0.00    0.00     8  |__CPU 3/TCG
21:27:27     1000   1482118         -  201.00    2.00    0.00    0.00  203.00    21  qemu-system-aar
21:27:27     1000         -   1482118    1.00    2.00    0.00    0.00    3.00    21  |__qemu-system-aar
21:27:27     1000         -   1482124    0.00    0.00    0.00    0.00    0.00     8  |__call_rcu
21:27:27     1000         -   1482139   99.00    1.00    0.00    0.00  100.00    20  |__CPU 0/TCG
21:27:27     1000         -   1482140    0.00    0.00    0.00    0.00    0.00    18  |__CPU 1/TCG
21:27:27     1000         -   1482141   99.00    1.00    0.00    0.00  100.00    16  |__CPU 2/TCG
21:27:27     1000         -   1482142    0.00    0.00    0.00    0.00    0.00     8  |__CPU 3/TCG
21:27:28     1000   1482118         -  201.00    1.00    0.00    0.00  202.00    21  qemu-system-aar
21:27:28     1000         -   1482118    1.00    3.00    0.00    0.00    4.00    21  |__qemu-system-aar
21:27:28     1000         -   1482124    0.00    0.00    0.00    0.00    0.00     8  |__call_rcu
21:27:28     1000         -   1482139   99.00    0.00    0.00    0.00   99.00    20  |__CPU 0/TCG
21:27:28     1000         -   1482140    1.00    0.00    0.00    0.00    1.00    18  |__CPU 1/TCG
21:27:28     1000         -   1482141   98.00    1.00    0.00    0.00   99.00    16  |__CPU 2/TCG
21:27:28     1000         -   1482142    0.00    0.00    0.00    0.00    0.00     8  |__CPU 3/TCG
21:27:29     1000   1482118         -  202.00    2.00    0.00    0.00  204.00    22  qemu-system-aar
21:27:29     1000         -   1482118    0.00    2.00    0.00    0.00    2.00    22  |__qemu-system-aar
21:27:29     1000         -   1482124    0.00    0.00    0.00    0.00    0.00     8  |__call_rcu
21:27:29     1000         -   1482139   99.00    0.00    0.00    1.00   99.00    20  |__CPU 0/TCG
21:27:29     1000         -   1482140    0.00    0.00    0.00    0.00    0.00    18  |__CPU 1/TCG
21:27:29     1000         -   1482141  100.00    0.00    0.00    0.00  100.00     0  |__CPU 2/TCG
21:27:29     1000         -   1482142    0.00    0.00    0.00    0.00    0.00     8  |__CPU 3/TCG
21:27:30     1000   1482118         -  200.00    1.00    0.00    0.00  201.00    22  qemu-system-aar
21:27:30     1000         -   1482118    1.00    2.00    0.00    0.00    3.00    22  |__qemu-system-aar
21:27:30     1000         -   1482124    0.00    0.00    0.00    0.00    0.00     8  |__call_rcu
21:27:30     1000         -   1482139   99.00    1.00    0.00    0.00  100.00    20  |__CPU 0/TCG
21:27:30     1000         -   1482140    1.00    0.00    0.00    0.00    1.00    18  |__CPU 1/TCG
21:27:30     1000         -   1482141   98.00    1.00    0.00    0.00   99.00     0  |__CPU 2/TCG
21:27:30     1000         -   1482142    0.00    0.00    0.00    0.00    0.00     8  |__CPU 3/TCG
21:27:31     1000   1482118         -  201.00    1.00    0.00    0.00  202.00    22  qemu-system-aar
21:27:31     1000         -   1482118    2.00    1.00    0.00    0.00    3.00    22  |__qemu-system-aar
21:27:31     1000         -   1482124    0.00    0.00    0.00    0.00    0.00     8  |__call_rcu
21:27:31     1000         -   1482139   99.00    0.00    0.00    0.00   99.00    20  |__CPU 0/TCG
21:27:31     1000         -   1482140    1.00    0.00    0.00    0.00    1.00    18  |__CPU 1/TCG
21:27:31     1000         -   1482141   99.00    1.00    0.00    0.00  100.00    16  |__CPU 2/TCG
21:27:31     1000         -   1482142    0.00    0.00    0.00    0.00    0.00     8  |__CPU 3/TCG
21:27:32     1000   1482118         -  201.00    2.00    0.00    0.00  203.00    21  qemu-system-aar
21:27:32     1000         -   1482118    1.00    2.00    0.00    0.00    3.00    21  |__qemu-system-aar
21:27:32     1000         -   1482124    0.00    0.00    0.00    0.00    0.00     8  |__call_rcu
21:27:32     1000         -   1482139   99.00    1.00    0.00    0.00  100.00    20  |__CPU 0/TCG
21:27:32     1000         -   1482140    0.00    0.00    0.00    0.00    0.00    19  |__CPU 1/TCG
21:27:32     1000         -   1482141  100.00    0.00    0.00    0.00  100.00    16  |__CPU 2/TCG
21:27:32     1000         -   1482142    0.00    0.00    0.00    0.00    0.00     8  |__CPU 3/TCG
21:27:33     1000   1482118         -  202.00    1.00    0.00    0.00  203.00     2  qemu-system-aar
21:27:33     1000         -   1482118    1.00    2.00    0.00    0.00    3.00     2  |__qemu-system-aar
21:27:33     1000         -   1482124    0.00    0.00    0.00    0.00    0.00     8  |__call_rcu
21:27:33     1000         -   1482139   99.00    0.00    0.00    0.00   99.00     4  |__CPU 0/TCG
21:27:33     1000         -   1482140    1.00    0.00    0.00    0.00    1.00    18  |__CPU 1/TCG
21:27:33     1000         -   1482141   99.00    0.00    0.00    0.00   99.00     0  |__CPU 2/TCG
21:27:33     1000         -   1482142    0.00    0.00    0.00    0.00    0.00     8  |__CPU 3/TCG
21:27:34     1000   1482118         -  200.00    2.00    0.00    0.00  202.00     2  qemu-system-aar
21:27:34     1000         -   1482118    2.00    1.00    0.00    0.00    3.00     2  |__qemu-system-aar
21:27:34     1000         -   1482124    0.00    0.00    0.00    0.00    0.00     8  |__call_rcu
21:27:34     1000         -   1482139   99.00    1.00    0.00    0.00  100.00     4  |__CPU 0/TCG
21:27:34     1000         -   1482140    0.00    0.00    0.00    0.00    0.00    19  |__CPU 1/TCG
21:27:34     1000         -   1482141   99.00    1.00    0.00    0.00  100.00     0  |__CPU 2/TCG
21:27:34     1000         -   1482142    0.00    0.00    0.00    0.00    0.00     8  |__CPU 3/TCG
21:27:35     1000   1482118         -  201.00    1.00    0.00    0.00  202.00     7  qemu-system-aar
21:27:35     1000         -   1482118    1.00    2.00    0.00    0.00    3.00     7  |__qemu-system-aar
21:27:35     1000         -   1482124    0.00    0.00    0.00    0.00    0.00     8  |__call_rcu
21:27:35     1000         -   1482139   99.00    0.00    0.00    0.00   99.00     4  |__CPU 0/TCG
21:27:35     1000         -   1482140    1.00    0.00    0.00    0.00    1.00    19  |__CPU 1/TCG
21:27:35     1000         -   1482141   99.00    0.00    0.00    0.00   99.00     0  |__CPU 2/TCG
21:27:35     1000         -   1482142    0.00    0.00    0.00    0.00    0.00     8  |__CPU 3/TCG
21:27:36     1000   1482118         -  201.00    1.00    0.00    0.00  202.00     7  qemu-system-aar
21:27:36     1000         -   1482118    1.00    2.00    0.00    0.00    3.00     7  |__qemu-system-aar
21:27:36     1000         -   1482124    0.00    0.00    0.00    0.00    0.00     8  |__call_rcu
21:27:36     1000         -   1482139   99.00    1.00    0.00    0.00  100.00     4  |__CPU 0/TCG
21:27:36     1000         -   1482140    0.00    0.00    0.00    0.00    0.00    19  |__CPU 1/TCG
21:27:36     1000         -   1482141   99.00    0.00    0.00    0.00   99.00     0  |__CPU 2/TCG
21:27:36     1000         -   1482142    0.00    0.00    0.00    0.00    0.00     8  |__CPU 3/TCG
21:27:37     1000   1482118         -  202.00    2.00    0.00    0.00  204.00    17  qemu-system-aar
21:27:37     1000         -   1482118    3.00    0.00    0.00    0.00    3.00    17  |__qemu-system-aar
21:27:37     1000         -   1482124    0.00    0.00    0.00    0.00    0.00     8  |__call_rcu
21:27:37     1000         -   1482139   99.00    0.00    0.00    0.00   99.00     4  |__CPU 0/TCG
21:27:37     1000         -   1482140    1.00    0.00    0.00    0.00    1.00    19  |__CPU 1/TCG
21:27:37     1000         -   1482141   99.00    1.00    0.00    0.00  100.00     0  |__CPU 2/TCG
21:27:37     1000         -   1482142    0.00    0.00    0.00    0.00    0.00     8  |__CPU 3/TCG
21:27:38     1000   1482118         -  201.00    1.00    0.00    0.00  202.00    17  qemu-system-aar
21:27:38     1000         -   1482118    1.00    2.00    0.00    0.00    3.00    17  |__qemu-system-aar
21:27:38     1000         -   1482124    0.00    0.00    0.00    0.00    0.00     8  |__call_rcu
21:27:38     1000         -   1482139   99.00    0.00    0.00    0.00   99.00    20  |__CPU 0/TCG
21:27:38     1000         -   1482140    0.00    0.00    0.00    0.00    0.00    19  |__CPU 1/TCG
21:27:38     1000         -   1482141   99.00    0.00    0.00    0.00   99.00     0  |__CPU 2/TCG
21:27:38     1000         -   1482142    0.00    0.00    0.00    0.00    0.00     8  |__CPU 3/TCG
21:27:39     1000   1482118         -  201.00    1.00    0.00    0.00  202.00    17  qemu-system-aar
21:27:39     1000         -   1482118    0.00    2.00    0.00    0.00    2.00    17  |__qemu-system-aar
21:27:39     1000         -   1482124    0.00    0.00    0.00    0.00    0.00     8  |__call_rcu
21:27:39     1000         -   1482139   99.00    1.00    0.00    0.00  100.00    20  |__CPU 0/TCG
21:27:39     1000         -   1482140    1.00    0.00    0.00    0.00    1.00    19  |__CPU 1/TCG
21:27:39     1000         -   1482141   99.00    1.00    0.00    0.00  100.00    16  |__CPU 2/TCG
21:27:39     1000         -   1482142    0.00    0.00    0.00    0.00    0.00     8  |__CPU 3/TCG
21:27:40     1000   1482118         -  202.00    1.00    0.00    0.00  203.00    19  qemu-system-aar
21:27:40     1000         -   1482118    2.00    2.00    0.00    0.00    4.00    19  |__qemu-system-aar
21:27:40     1000         -   1482124    0.00    0.00    0.00    0.00    0.00     8  |__call_rcu
21:27:40     1000         -   1482139   99.00    0.00    0.00    0.00   99.00    20  |__CPU 0/TCG
21:27:40     1000         -   1482140    1.00    0.00    0.00    0.00    1.00    21  |__CPU 1/TCG
21:27:40     1000         -   1482141  100.00    0.00    0.00    0.00  100.00    16  |__CPU 2/TCG
21:27:40     1000         -   1482142    0.00    0.00    0.00    0.00    0.00     8  |__CPU 3/TCG
21:27:41     1000   1482118         -  201.00    1.00    0.00    0.00  202.00    17  qemu-system-aar
21:27:41     1000         -   1482118    1.00    1.00    0.00    0.00    2.00    17  |__qemu-system-aar
21:27:41     1000         -   1482124    0.00    0.00    0.00    0.00    0.00     8  |__call_rcu
21:27:41     1000         -   1482139   99.00    1.00    0.00    0.00  100.00    20  |__CPU 0/TCG
21:27:41     1000         -   1482140    0.00    0.00    0.00    0.00    0.00    22  |__CPU 1/TCG
21:27:41     1000         -   1482141   99.00    0.00    0.00    0.00   99.00    16  |__CPU 2/TCG
21:27:41     1000         -   1482142    0.00    0.00    0.00    0.00    0.00     8  |__CPU 3/TCG
21:27:42     1000   1482118         -  200.00    3.00    0.00    0.00  203.00    17  qemu-system-aar
21:27:42     1000         -   1482118    0.00    3.00    0.00    0.00    3.00    17  |__qemu-system-aar
21:27:42     1000         -   1482124    0.00    0.00    0.00    0.00    0.00     8  |__call_rcu
21:27:42     1000         -   1482139   99.00    1.00    0.00    0.00  100.00    20  |__CPU 0/TCG
21:27:42     1000         -   1482140    1.00    0.00    0.00    0.00    1.00    22  |__CPU 1/TCG
21:27:42     1000         -   1482141   98.00    1.00    0.00    0.00   99.00    16  |__CPU 2/TCG
21:27:42     1000         -   1482142    0.00    0.00    0.00    0.00    0.00     8  |__CPU 3/TCG
21:27:43     1000   1482118         -  201.00    1.00    0.00    0.00  202.00    17  qemu-system-aar
21:27:43     1000         -   1482118    2.00    1.00    0.00    0.00    3.00    17  |__qemu-system-aar
21:27:43     1000         -   1482124    0.00    0.00    0.00    0.00    0.00     8  |__call_rcu
21:27:43     1000         -   1482139   99.00    0.00    0.00    0.00   99.00    20  |__CPU 0/TCG
21:27:43     1000         -   1482140    1.00    0.00    0.00    0.00    1.00    18  |__CPU 1/TCG
21:27:43     1000         -   1482141   99.00    1.00    0.00    0.00  100.00     0  |__CPU 2/TCG
21:27:43     1000         -   1482142    0.00    0.00    0.00    0.00    0.00     8  |__CPU 3/TCG
21:27:44     1000   1482118         -  203.00    1.00    0.00    0.00  204.00    22  qemu-system-aar
21:27:44     1000         -   1482118    1.00    2.00    0.00    0.00    3.00    22  |__qemu-system-aar
21:27:44     1000         -   1482124    0.00    0.00    0.00    0.00    0.00     8  |__call_rcu
21:27:44     1000         -   1482139  100.00    0.00    0.00    0.00  100.00    20  |__CPU 0/TCG
21:27:44     1000         -   1482140    0.00    0.00    0.00    0.00    0.00    19  |__CPU 1/TCG
21:27:44     1000         -   1482141  100.00    0.00    0.00    0.00  100.00     0  |__CPU 2/TCG
21:27:44     1000         -   1482142    0.00    0.00    0.00    0.00    0.00     8  |__CPU 3/TCG
21:27:45     1000   1482118         -  200.00    2.00    0.00    0.00  202.00    23  qemu-system-aar
21:27:45     1000         -   1482118    1.00    2.00    0.00    0.00    3.00    23  |__qemu-system-aar
21:27:45     1000         -   1482124    0.00    0.00    0.00    0.00    0.00     8  |__call_rcu
21:27:45     1000         -   1482139   98.00    1.00    0.00    0.00   99.00    20  |__CPU 0/TCG
21:27:45     1000         -   1482140    1.00    0.00    0.00    0.00    1.00    19  |__CPU 1/TCG
21:27:45     1000         -   1482141   98.00    1.00    0.00    0.00   99.00     0  |__CPU 2/TCG
21:27:45     1000         -   1482142    0.00    0.00    0.00    0.00    0.00     8  |__CPU 3/TCG
21:27:46     1000   1482118         -  202.00    2.00    0.00    0.00  204.00    22  qemu-system-aar
21:27:46     1000         -   1482118    2.00    2.00    0.00    0.00    4.00    22  |__qemu-system-aar
21:27:46     1000         -   1482124    0.00    0.00    0.00    0.00    0.00     8  |__call_rcu
21:27:46     1000         -   1482139   99.00    0.00    0.00    0.00   99.00    20  |__CPU 0/TCG
21:27:46     1000         -   1482140    0.00    0.00    0.00    0.00    0.00    19  |__CPU 1/TCG
21:27:46     1000         -   1482141  100.00    0.00    0.00    0.00  100.00     0  |__CPU 2/TCG
21:27:46     1000         -   1482142    0.00    0.00    0.00    0.00    0.00     8  |__CPU 3/TCG
21:27:47     1000   1482118         -  200.00    2.00    0.00    0.00  202.00    22  qemu-system-aar
21:27:47     1000         -   1482118    1.00    1.00    0.00    0.00    2.00    22  |__qemu-system-aar
21:27:47     1000         -   1482124    0.00    0.00    0.00    0.00    0.00     8  |__call_rcu
21:27:47     1000         -   1482139  100.00    0.00    0.00    0.00  100.00    20  |__CPU 0/TCG
21:27:47     1000         -   1482140    1.00    0.00    0.00    0.00    1.00    19  |__CPU 1/TCG
21:27:47     1000         -   1482141   98.00    2.00    0.00    0.00  100.00     0  |__CPU 2/TCG
21:27:47     1000         -   1482142    0.00    0.00    0.00    0.00    0.00     8  |__CPU 3/TCG
21:27:48     1000   1482118         -  201.00    1.00    0.00    0.00  202.00    22  qemu-system-aar
21:27:48     1000         -   1482118    1.00    2.00    0.00    0.00    3.00    22  |__qemu-system-aar
21:27:48     1000         -   1482124    0.00    0.00    0.00    0.00    0.00     8  |__call_rcu
21:27:48     1000         -   1482139   99.00    1.00    0.00    0.00  100.00    20  |__CPU 0/TCG
21:27:48     1000         -   1482140    1.00    0.00    0.00    0.00    1.00    19  |__CPU 1/TCG
21:27:48     1000         -   1482141   99.00    0.00    0.00    0.00   99.00    16  |__CPU 2/TCG
21:27:48     1000         -   1482142    0.00    0.00    0.00    0.00    0.00     8  |__CPU 3/TCG
21:27:49     1000   1482118         -  202.00    1.00    0.00    0.00  203.00     2  qemu-system-aar
21:27:49     1000         -   1482118    3.00    0.00    0.00    0.00    3.00     2  |__qemu-system-aar
21:27:49     1000         -   1482124    0.00    0.00    0.00    0.00    0.00     8  |__call_rcu
21:27:49     1000         -   1482139   99.00    1.00    0.00    0.00  100.00    20  |__CPU 0/TCG
21:27:49     1000         -   1482140    0.00    0.00    0.00    0.00    0.00    19  |__CPU 1/TCG
21:27:49     1000         -   1482141   99.00    0.00    0.00    0.00   99.00    16  |__CPU 2/TCG
21:27:49     1000         -   1482142    0.00    0.00    0.00    0.00    0.00     8  |__CPU 3/TCG
21:27:50     1000   1482118         -  200.00    1.00    0.00    0.00  201.00     2  qemu-system-aar
21:27:50     1000         -   1482118    1.00    1.00    0.00    0.00    2.00     2  |__qemu-system-aar
21:27:50     1000         -   1482124    0.00    0.00    0.00    0.00    0.00     8  |__call_rcu
21:27:50     1000         -   1482139   98.00    0.00    0.00    0.00   98.00    20  |__CPU 0/TCG
21:27:50     1000         -   1482140    1.00    0.00    0.00    0.00    1.00    19  |__CPU 1/TCG
21:27:50     1000         -   1482141   99.00    1.00    0.00    0.00  100.00    16  |__CPU 2/TCG
21:27:50     1000         -   1482142    0.00    0.00    0.00    0.00    0.00     8  |__CPU 3/TCG
21:27:51     1000   1482118         -  202.00    1.00    0.00    0.00  203.00     6  qemu-system-aar
21:27:51     1000         -   1482118    2.00    2.00    0.00    0.00    4.00     6  |__qemu-system-aar
21:27:51     1000         -   1482124    0.00    0.00    0.00    0.00    0.00     8  |__call_rcu
21:27:51     1000         -   1482139  100.00    0.00    0.00    0.00  100.00    20  |__CPU 0/TCG
21:27:51     1000         -   1482140    0.00    0.00    0.00    0.00    0.00    19  |__CPU 1/TCG
21:27:51     1000         -   1482141   99.00    0.00    0.00    0.00   99.00    16  |__CPU 2/TCG
21:27:51     1000         -   1482142    0.00    0.00    0.00    0.00    0.00     8  |__CPU 3/TCG
21:27:52     1000   1482118         -  202.00    1.00    0.00    0.00  203.00     7  qemu-system-aar
21:27:52     1000         -   1482118    0.00    2.00    0.00    0.00    2.00     7  |__qemu-system-aar
21:27:52     1000         -   1482124    0.00    0.00    0.00    0.00    0.00     8  |__call_rcu
21:27:52     1000         -   1482139   99.00    1.00    0.00    0.00  100.00    20  |__CPU 0/TCG
21:27:52     1000         -   1482140    1.00    0.00    0.00    0.00    1.00    18  |__CPU 1/TCG
21:27:52     1000         -   1482141  100.00    1.00    0.00    0.00  101.00     0  |__CPU 2/TCG
21:27:52     1000         -   1482142    0.00    0.00    0.00    0.00    0.00     8  |__CPU 3/TCG
21:27:53     1000   1482118         -  200.00    2.00    0.00    0.00  202.00     6  qemu-system-aar
21:27:53     1000         -   1482118    2.00    1.00    0.00    0.00    3.00     6  |__qemu-system-aar
21:27:53     1000         -   1482124    0.00    0.00    0.00    0.00    0.00     8  |__call_rcu
21:27:53     1000         -   1482139   99.00    0.00    0.00    0.00   99.00    20  |__CPU 0/TCG
21:27:53     1000         -   1482140    0.00    0.00    0.00    0.00    0.00    18  |__CPU 1/TCG
21:27:53     1000         -   1482141   99.00    0.00    0.00    0.00   99.00     0  |__CPU 2/TCG
21:27:53     1000         -   1482142    0.00    0.00    0.00    0.00    0.00     8  |__CPU 3/TCG
21:27:54     1000   1482118         -  202.00    1.00    0.00    0.00  203.00    17  qemu-system-aar
21:27:54     1000         -   1482118    1.00    3.00    0.00    0.00    4.00    17  |__qemu-system-aar
21:27:54     1000         -   1482124    0.00    0.00    0.00    0.00    0.00     8  |__call_rcu
21:27:54     1000         -   1482139   99.00    0.00    0.00    0.00   99.00    20  |__CPU 0/TCG
21:27:54     1000         -   1482140    1.00    0.00    0.00    0.00    1.00    18  |__CPU 1/TCG
21:27:54     1000         -   1482141   99.00    1.00    0.00    0.00  100.00    16  |__CPU 2/TCG
21:27:54     1000         -   1482142    0.00    0.00    0.00    0.00    0.00     8  |__CPU 3/TCG
21:27:55     1000   1482118         -  200.00    2.00    0.00    0.00  202.00    17  qemu-system-aar
21:27:55     1000         -   1482118    0.00    2.00    0.00    0.00    2.00    17  |__qemu-system-aar
21:27:55     1000         -   1482124    0.00    0.00    0.00    0.00    0.00     8  |__call_rcu
21:27:55     1000         -   1482139   99.00    1.00    0.00    0.00  100.00    20  |__CPU 0/TCG
21:27:55     1000         -   1482140    0.00    0.00    0.00    0.00    0.00    18  |__CPU 1/TCG
21:27:55     1000         -   1482141   98.00    1.00    0.00    0.00   99.00    16  |__CPU 2/TCG
21:27:55     1000         -   1482142    0.00    0.00    0.00    0.00    0.00     8  |__CPU 3/TCG
21:27:56     1000   1482118         -  201.00    2.00    0.00    0.00  203.00    17  qemu-system-aar
21:27:56     1000         -   1482118    1.00    2.00    0.00    0.00    3.00    17  |__qemu-system-aar
21:27:56     1000         -   1482124    0.00    0.00    0.00    0.00    0.00     8  |__call_rcu
21:27:56     1000         -   1482139   99.00    0.00    0.00    0.00   99.00    20  |__CPU 0/TCG
21:27:56     1000         -   1482140    1.00    0.00    0.00    0.00    1.00    19  |__CPU 1/TCG
21:27:56     1000         -   1482141   99.00    0.00    0.00    0.00   99.00    16  |__CPU 2/TCG
21:27:56     1000         -   1482142    0.00    0.00    0.00    0.00    0.00     8  |__CPU 3/TCG
21:27:57     1000   1482118         -  201.00    1.00    0.00    0.00  202.00    21  qemu-system-aar
21:27:57     1000         -   1482118    1.00    2.00    0.00    0.00    3.00    21  |__qemu-system-aar
21:27:57     1000         -   1482124    0.00    0.00    0.00    0.00    0.00     8  |__call_rcu
21:27:57     1000         -   1482139   99.00    1.00    0.00    0.00  100.00    20  |__CPU 0/TCG
21:27:57     1000         -   1482140    1.00    0.00    0.00    0.00    1.00    19  |__CPU 1/TCG
21:27:57     1000         -   1482141   99.00    1.00    0.00    0.00  100.00    16  |__CPU 2/TCG
21:27:57     1000         -   1482142    0.00    0.00    0.00    0.00    0.00     8  |__CPU 3/TCG
21:27:58     1000   1482118         -  202.00    1.00    0.00    0.00  203.00    21  qemu-system-aar
21:27:58     1000         -   1482118    1.00    2.00    0.00    0.00    3.00    21  |__qemu-system-aar
21:27:58     1000         -   1482124    0.00    0.00    0.00    0.00    0.00     8  |__call_rcu
21:27:58     1000         -   1482139   99.00    0.00    0.00    0.00   99.00    20  |__CPU 0/TCG
21:27:58     1000         -   1482140    0.00    0.00    0.00    0.00    0.00     1  |__CPU 1/TCG
21:27:58     1000         -   1482141   99.00    0.00    0.00    0.00   99.00    16  |__CPU 2/TCG
21:27:58     1000         -   1482142    0.00    0.00    0.00    0.00    0.00     8  |__CPU 3/TCG
21:27:59     1000   1482118         -  201.00    1.00    0.00    0.00  202.00    21  qemu-system-aar
21:27:59     1000         -   1482118    1.00    1.00    0.00    0.00    2.00    21  |__qemu-system-aar
21:27:59     1000         -   1482124    0.00    0.00    0.00    0.00    0.00     8  |__call_rcu
21:27:59     1000         -   1482139   99.00    0.00    0.00    0.00   99.00     4  |__CPU 0/TCG
21:27:59     1000         -   1482140    1.00    0.00    0.00    0.00    1.00    18  |__CPU 1/TCG
21:27:59     1000         -   1482141   99.00    1.00    0.00    0.00  100.00    16  |__CPU 2/TCG
21:27:59     1000         -   1482142    0.00    0.00    0.00    0.00    0.00     8  |__CPU 3/TCG
21:28:00     1000   1482118         -  202.00    1.00    0.00    0.00  203.00     1  qemu-system-aar
21:28:00     1000         -   1482118    2.00    2.00    0.00    0.00    4.00     1  |__qemu-system-aar
21:28:00     1000         -   1482124    0.00    0.00    0.00    0.00    0.00     8  |__call_rcu
21:28:00     1000         -   1482139   99.00    1.00    0.00    0.00  100.00     4  |__CPU 0/TCG
21:28:00     1000         -   1482140    0.00    0.00    0.00    0.00    0.00    18  |__CPU 1/TCG
21:28:00     1000         -   1482141   99.00    0.00    0.00    0.00   99.00    16  |__CPU 2/TCG
21:28:00     1000         -   1482142    0.00    0.00    0.00    0.00    0.00     8  |__CPU 3/TCG
21:28:01     1000   1482118         -  200.00    2.00    0.00    0.00  202.00     2  qemu-system-aar
21:28:01     1000         -   1482118    0.00    2.00    0.00    0.00    2.00     2  |__qemu-system-aar
21:28:01     1000         -   1482124    0.00    0.00    0.00    0.00    0.00     8  |__call_rcu
21:28:01     1000         -   1482139   99.00    0.00    0.00    0.00   99.00     4  |__CPU 0/TCG
21:28:01     1000         -   1482140    1.00    0.00    0.00    0.00    1.00    18  |__CPU 1/TCG
21:28:01     1000         -   1482141   99.00    1.00    0.00    0.00  100.00    16  |__CPU 2/TCG
21:28:01     1000         -   1482142    0.00    0.00    0.00    0.00    0.00     8  |__CPU 3/TCG
21:28:02     1000   1482118         -  201.00    2.00    0.00    0.00  203.00     5  qemu-system-aar
21:28:02     1000         -   1482118    1.00    2.00    0.00    0.00    3.00     5  |__qemu-system-aar
21:28:02     1000         -   1482124    0.00    0.00    0.00    0.00    0.00     8  |__call_rcu
21:28:02     1000         -   1482139   99.00    1.00    0.00    0.00  100.00    20  |__CPU 0/TCG
21:28:02     1000         -   1482140    0.00    0.00    0.00    0.00    0.00     1  |__CPU 1/TCG
21:28:02     1000         -   1482141   99.00    0.00    0.00    0.00   99.00    16  |__CPU 2/TCG
21:28:02     1000         -   1482142    0.00    0.00    0.00    0.00    0.00     8  |__CPU 3/TCG
21:28:03     1000   1482118         -  201.00    2.00    0.00    0.00  203.00     6  qemu-system-aar
21:28:03     1000         -   1482118    1.00    3.00    0.00    0.00    4.00     6  |__qemu-system-aar
21:28:03     1000         -   1482124    0.00    0.00    0.00    0.00    0.00     8  |__call_rcu
21:28:03     1000         -   1482139   99.00    0.00    0.00    0.00   99.00    20  |__CPU 0/TCG
21:28:03     1000         -   1482140    1.00    0.00    0.00    0.00    1.00     1  |__CPU 1/TCG
21:28:03     1000         -   1482141   99.00    1.00    0.00    0.00  100.00    16  |__CPU 2/TCG
21:28:03     1000         -   1482142    0.00    0.00    0.00    0.00    0.00     8  |__CPU 3/TCG
21:28:04     1000   1482118         -  200.00    1.00    0.00    0.00  201.00     5  qemu-system-aar
21:28:04     1000         -   1482118    0.00    2.00    0.00    0.00    2.00     5  |__qemu-system-aar
21:28:04     1000         -   1482124    0.00    0.00    0.00    0.00    0.00     8  |__call_rcu
21:28:04     1000         -   1482139   99.00    1.00    0.00    0.00  100.00     4  |__CPU 0/TCG
21:28:04     1000         -   1482140    1.00    0.00    0.00    0.00    1.00     1  |__CPU 1/TCG
21:28:04     1000         -   1482141   99.00    1.00    0.00    0.00  100.00    16  |__CPU 2/TCG
21:28:04     1000         -   1482142    0.00    0.00    0.00    0.00    0.00     8  |__CPU 3/TCG
21:28:05     1000   1482118         -  201.00    2.00    0.00    0.00  203.00     7  qemu-system-aar
21:28:05     1000         -   1482118    2.00    2.00    0.00    0.00    4.00     7  |__qemu-system-aar
21:28:05     1000         -   1482124    0.00    0.00    0.00    0.00    0.00     8  |__call_rcu
21:28:05     1000         -   1482139   99.00    1.00    0.00    0.00  100.00     4  |__CPU 0/TCG
21:28:05     1000         -   1482140    0.00    0.00    0.00    0.00    0.00     1  |__CPU 1/TCG
21:28:05     1000         -   1482141   99.00    0.00    0.00    0.00   99.00     0  |__CPU 2/TCG
21:28:05     1000         -   1482142    0.00    0.00    0.00    0.00    0.00     8  |__CPU 3/TCG
21:28:06     1000   1482118         -  200.00    2.00    0.00    0.00  202.00    18  qemu-system-aar
21:28:06     1000         -   1482118    1.00    1.00    0.00    0.00    2.00    18  |__qemu-system-aar
21:28:06     1000         -   1482124    0.00    0.00    0.00    0.00    0.00     8  |__call_rcu
21:28:06     1000         -   1482139   98.00    0.00    0.00    0.00   98.00    20  |__CPU 0/TCG
21:28:06     1000         -   1482140    0.00    0.00    0.00    0.00    0.00     1  |__CPU 1/TCG
21:28:06     1000         -   1482141   99.00    1.00    0.00    0.00  100.00    16  |__CPU 2/TCG
21:28:06     1000         -   1482142    0.00    0.00    0.00    0.00    0.00     8  |__CPU 3/TCG
21:28:07     1000   1482118         -  200.00    2.00    0.00    0.00  202.00     3  qemu-system-aar
21:28:07     1000         -   1482118    0.00    3.00    0.00    0.00    3.00     3  |__qemu-system-aar
21:28:07     1000         -   1482124    0.00    0.00    0.00    0.00    0.00     8  |__call_rcu
21:28:07     1000         -   1482139   99.00    1.00    0.00    0.00  100.00    20  |__CPU 0/TCG
21:28:07     1000         -   1482140    1.00    0.00    0.00    0.00    1.00    18  |__CPU 1/TCG
21:28:07     1000         -   1482141   99.00    1.00    0.00    0.00  100.00     2  |__CPU 2/TCG
21:28:07     1000         -   1482142    0.00    0.00    0.00    0.00    0.00     8  |__CPU 3/TCG
21:28:08     1000   1482118         -  201.00    2.00    0.00    0.00  203.00     3  qemu-system-aar
21:28:08     1000         -   1482118    1.00    2.00    0.00    0.00    3.00     3  |__qemu-system-aar
21:28:08     1000         -   1482124    0.00    0.00    0.00    0.00    0.00     8  |__call_rcu
21:28:08     1000         -   1482139   99.00    1.00    0.00    0.00  100.00    20  |__CPU 0/TCG
21:28:08     1000         -   1482140    0.00    0.00    0.00    0.00    0.00     6  |__CPU 1/TCG
21:28:08     1000         -   1482141   99.00    0.00    0.00    0.00   99.00     0  |__CPU 2/TCG
21:28:08     1000         -   1482142    0.00    0.00    0.00    0.00    0.00     8  |__CPU 3/TCG
21:28:09     1000   1482118         -  202.00    1.00    0.00    0.00  203.00     6  qemu-system-aar
21:28:09     1000         -   1482118    1.00    3.00    0.00    0.00    4.00     6  |__qemu-system-aar
21:28:09     1000         -   1482124    0.00    0.00    0.00    0.00    0.00     8  |__call_rcu
21:28:09     1000         -   1482139   99.00    0.00    0.00    0.00   99.00    20  |__CPU 0/TCG
21:28:09     1000         -   1482140    1.00    0.00    0.00    0.00    1.00     7  |__CPU 1/TCG
21:28:09     1000         -   1482141   99.00    1.00    0.00    0.00  100.00     0  |__CPU 2/TCG
21:28:09     1000         -   1482142    0.00    0.00    0.00    0.00    0.00     8  |__CPU 3/TCG
21:28:10     1000   1482118         -  201.00    0.00    0.00    0.00  201.00     6  qemu-system-aar
21:28:10     1000         -   1482118    0.00    1.00    0.00    0.00    1.00     6  |__qemu-system-aar
21:28:10     1000         -   1482124    0.00    0.00    0.00    0.00    0.00     8  |__call_rcu
21:28:10     1000         -   1482139  100.00    0.00    0.00    0.00  100.00    20  |__CPU 0/TCG
21:28:10     1000         -   1482140    1.00    0.00    0.00    0.00    1.00     7  |__CPU 1/TCG
21:28:10     1000         -   1482141   99.00    0.00    0.00    0.00   99.00     0  |__CPU 2/TCG
21:28:10     1000         -   1482142    0.00    0.00    0.00    0.00    0.00     8  |__CPU 3/TCG
21:28:11     1000   1482118         -  201.00    0.00    0.00    0.00  201.00     6  qemu-system-aar
21:28:11     1000         -   1482118    0.00    1.00    0.00    0.00    1.00     6  |__qemu-system-aar
21:28:11     1000         -   1482124    0.00    0.00    0.00    0.00    0.00     8  |__call_rcu
21:28:11     1000         -   1482139  100.00    0.00    0.00    0.00  100.00    20  |__CPU 0/TCG
21:28:11     1000         -   1482140    0.00    0.00    0.00    0.00    0.00     7  |__CPU 1/TCG
21:28:11     1000         -   1482141  100.00    0.00    0.00    0.00  100.00     0  |__CPU 2/TCG
21:28:11     1000         -   1482142    0.00    0.00    0.00    0.00    0.00     8  |__CPU 3/TCG
21:28:12     1000   1482118         -  200.00    4.00    0.00    0.00  204.00    11  qemu-system-aar
21:28:12     1000         -   1482118    2.00    2.00    0.00    0.00    4.00    11  |__qemu-system-aar
21:28:12     1000         -   1482124    0.00    0.00    0.00    0.00    0.00     8  |__call_rcu
21:28:12     1000         -   1482139   98.00    1.00    0.00    0.00   99.00    20  |__CPU 0/TCG
21:28:12     1000         -   1482140    1.00    0.00    0.00    0.00    1.00     7  |__CPU 1/TCG
21:28:12     1000         -   1482141   98.00    1.00    0.00    0.00   99.00     0  |__CPU 2/TCG
21:28:12     1000         -   1482142    0.00    0.00    0.00    0.00    0.00     8  |__CPU 3/TCG
21:28:13     1000   1482118         -  201.00    2.00    0.00    0.00  203.00    11  qemu-system-aar
21:28:13     1000         -   1482118    2.00    3.00    0.00    0.00    5.00    11  |__qemu-system-aar
21:28:13     1000         -   1482124    0.00    0.00    0.00    0.00    0.00     8  |__call_rcu
21:28:13     1000         -   1482139   98.00    1.00    0.00    0.00   99.00    20  |__CPU 0/TCG
21:28:13     1000         -   1482140    0.00    0.00    0.00    0.00    0.00     1  |__CPU 1/TCG
21:28:13     1000         -   1482141   98.00    1.00    0.00    0.00   99.00     0  |__CPU 2/TCG
21:28:13     1000         -   1482142    0.00    0.00    0.00    0.00    0.00     8  |__CPU 3/TCG
21:28:14     1000   1482118         -  201.00    2.00    0.00    0.00  203.00     1  qemu-system-aar
21:28:14     1000         -   1482118    0.00    3.00    0.00    0.00    3.00     1  |__qemu-system-aar
21:28:14     1000         -   1482124    0.00    0.00    0.00    0.00    0.00     8  |__call_rcu
21:28:14     1000         -   1482139   99.00    0.00    0.00    0.00   99.00    20  |__CPU 0/TCG
21:28:14     1000         -   1482140    1.00    0.00    0.00    0.00    1.00     6  |__CPU 1/TCG
21:28:14     1000         -   1482141   98.00    1.00    0.00    0.00   99.00     0  |__CPU 2/TCG
21:28:14     1000         -   1482142    0.00    0.00    0.00    0.00    0.00     8  |__CPU 3/TCG
21:28:15     1000   1482118         -  202.00    1.00    0.00    0.00  203.00     1  qemu-system-aar
21:28:15     1000         -   1482118    1.00    2.00    0.00    0.00    3.00     1  |__qemu-system-aar
21:28:15     1000         -   1482124    0.00    0.00    0.00    0.00    0.00     8  |__call_rcu
21:28:15     1000         -   1482139   99.00    1.00    0.00    0.00  100.00    20  |__CPU 0/TCG
21:28:15     1000         -   1482140    0.00    0.00    0.00    0.00    0.00     6  |__CPU 1/TCG
21:28:15     1000         -   1482141  100.00    0.00    0.00    0.00  100.00    16  |__CPU 2/TCG
21:28:15     1000         -   1482142    0.00    0.00    0.00    0.00    0.00     8  |__CPU 3/TCG
21:28:16     1000   1482118         -  201.00    1.00    0.00    0.00  202.00     1  qemu-system-aar
21:28:16     1000         -   1482118    1.00    2.00    0.00    0.00    3.00     1  |__qemu-system-aar
21:28:16     1000         -   1482124    0.00    0.00    0.00    0.00    0.00     8  |__call_rcu
21:28:16     1000         -   1482139   99.00    0.00    0.00    0.00   99.00    20  |__CPU 0/TCG
21:28:16     1000         -   1482140    1.00    0.00    0.00    0.00    1.00     2  |__CPU 1/TCG
21:28:16     1000         -   1482141   98.00    1.00    0.00    0.00   99.00    16  |__CPU 2/TCG
21:28:16     1000         -   1482142    0.00    0.00    0.00    0.00    0.00     8  |__CPU 3/TCG
21:28:17     1000   1482118         -  200.00    2.00    0.00    0.00  202.00     3  qemu-system-aar
21:28:17     1000         -   1482118    0.00    3.00    0.00    0.00    3.00     3  |__qemu-system-aar
21:28:17     1000         -   1482124    0.00    0.00    0.00    0.00    0.00     8  |__call_rcu
21:28:17     1000         -   1482139   99.00    1.00    0.00    0.00  100.00    20  |__CPU 0/TCG
21:28:17     1000         -   1482140    1.00    0.00    0.00    0.00    1.00     2  |__CPU 1/TCG
21:28:17     1000         -   1482141  100.00    0.00    0.00    0.00  100.00    16  |__CPU 2/TCG
21:28:17     1000         -   1482142    0.00    0.00    0.00    0.00    0.00     8  |__CPU 3/TCG
21:28:18     1000   1482118         -  202.00    1.00    0.00    0.00  203.00     2  qemu-system-aar
21:28:18     1000         -   1482118    1.00    2.00    0.00    0.00    3.00     2  |__qemu-system-aar
21:28:18     1000         -   1482124    0.00    0.00    0.00    0.00    0.00     8  |__call_rcu
21:28:18     1000         -   1482139   99.00    0.00    0.00    0.00   99.00    20  |__CPU 0/TCG
21:28:18     1000         -   1482140    0.00    0.00    0.00    0.00    0.00     6  |__CPU 1/TCG
21:28:18     1000         -   1482141   99.00    1.00    0.00    0.00  100.00    16  |__CPU 2/TCG
21:28:18     1000         -   1482142    0.00    0.00    0.00    0.00    0.00     8  |__CPU 3/TCG
21:28:19     1000   1482118         -  201.00    1.00    0.00    0.00  202.00     3  qemu-system-aar
21:28:19     1000         -   1482118    0.00    3.00    0.00    0.00    3.00     3  |__qemu-system-aar
21:28:19     1000         -   1482124    0.00    0.00    0.00    0.00    0.00     8  |__call_rcu
21:28:19     1000         -   1482139   99.00    0.00    0.00    0.00   99.00    20  |__CPU 0/TCG
21:28:19     1000         -   1482140    1.00    0.00    0.00    0.00    1.00     7  |__CPU 1/TCG
21:28:19     1000         -   1482141   99.00    0.00    0.00    0.00   99.00    16  |__CPU 2/TCG
21:28:19     1000         -   1482142    0.00    0.00    0.00    0.00    0.00     8  |__CPU 3/TCG
21:28:20     1000   1482118         -  201.00    1.00    0.00    0.00  202.00     7  qemu-system-aar
21:28:20     1000         -   1482118    1.00    2.00    0.00    0.00    3.00     7  |__qemu-system-aar
21:28:20     1000         -   1482124    0.00    0.00    0.00    0.00    0.00     8  |__call_rcu
21:28:20     1000         -   1482139   99.00    1.00    0.00    0.00  100.00    20  |__CPU 0/TCG
21:28:20     1000         -   1482140    0.00    0.00    0.00    0.00    0.00    21  |__CPU 1/TCG
21:28:20     1000         -   1482141   99.00    1.00    0.00    0.00  100.00    16  |__CPU 2/TCG
21:28:20     1000         -   1482142    0.00    0.00    0.00    0.00    0.00     8  |__CPU 3/TCG
21:28:21     1000   1482118         -  201.00    2.00    0.00    0.00  203.00     6  qemu-system-aar
21:28:21     1000         -   1482118    1.00    2.00    0.00    0.00    3.00     6  |__qemu-system-aar
21:28:21     1000         -   1482124    0.00    0.00    0.00    0.00    0.00     8  |__call_rcu
21:28:21     1000         -   1482139   99.00    0.00    0.00    0.00   99.00    20  |__CPU 0/TCG
21:28:21     1000         -   1482140    1.00    0.00    0.00    0.00    1.00    21  |__CPU 1/TCG
21:28:21     1000         -   1482141   99.00    0.00    0.00    0.00   99.00    16  |__CPU 2/TCG
21:28:21     1000         -   1482142    0.00    0.00    0.00    0.00    0.00     8  |__CPU 3/TCG
21:28:22     1000   1482118         -  201.00    1.00    0.00    0.00  202.00     2  qemu-system-aar
21:28:22     1000         -   1482118    1.00    2.00    0.00    0.00    3.00     2  |__qemu-system-aar
21:28:22     1000         -   1482124    0.00    0.00    0.00    0.00    0.00     8  |__call_rcu
21:28:22     1000         -   1482139   99.00    0.00    0.00    0.00   99.00    20  |__CPU 0/TCG
21:28:22     1000         -   1482140    1.00    0.00    0.00    0.00    1.00    21  |__CPU 1/TCG
21:28:22     1000         -   1482141   99.00    1.00    0.00    0.00  100.00    16  |__CPU 2/TCG
21:28:22     1000         -   1482142    0.00    0.00    0.00    0.00    0.00     8  |__CPU 3/TCG
21:28:23     1000   1482118         -  202.00    1.00    0.00    0.00  203.00     3  qemu-system-aar
21:28:23     1000         -   1482118    1.00    1.00    0.00    0.00    2.00     3  |__qemu-system-aar
21:28:23     1000         -   1482124    0.00    0.00    0.00    0.00    0.00     8  |__call_rcu
21:28:23     1000         -   1482139   99.00    1.00    0.00    0.00  100.00    20  |__CPU 0/TCG
21:28:23     1000         -   1482140    0.00    0.00    0.00    0.00    0.00    21  |__CPU 1/TCG
21:28:23     1000         -   1482141   99.00    0.00    0.00    0.00   99.00    16  |__CPU 2/TCG
21:28:23     1000         -   1482142    0.00    0.00    0.00    0.00    0.00     8  |__CPU 3/TCG
21:28:24     1000   1482118         -  200.00    2.00    0.00    0.00  202.00     5  qemu-system-aar
21:28:24     1000         -   1482118    1.00    2.00    0.00    0.00    3.00     5  |__qemu-system-aar
21:28:24     1000         -   1482124    0.00    0.00    0.00    0.00    0.00     8  |__call_rcu
21:28:24     1000         -   1482139   99.00    1.00    0.00    0.00  100.00    20  |__CPU 0/TCG
21:28:24     1000         -   1482140    1.00    0.00    0.00    0.00    1.00     7  |__CPU 1/TCG
21:28:24     1000         -   1482141   98.00    1.00    0.00    0.00   99.00    16  |__CPU 2/TCG
21:28:24     1000         -   1482142    0.00    0.00    0.00    0.00    0.00     8  |__CPU 3/TCG
21:28:25     1000   1482118         -  201.00    2.00    0.00    0.00  203.00     7  qemu-system-aar
21:28:25     1000         -   1482118    1.00    2.00    0.00    0.00    3.00     7  |__qemu-system-aar
21:28:25     1000         -   1482124    0.00    0.00    0.00    0.00    0.00     8  |__call_rcu
21:28:25     1000         -   1482139   99.00    0.00    0.00    0.00   99.00    20  |__CPU 0/TCG
21:28:25     1000         -   1482140    0.00    0.00    0.00    0.00    0.00    21  |__CPU 1/TCG
21:28:25     1000         -   1482141   99.00    1.00    0.00    0.00  100.00    16  |__CPU 2/TCG
21:28:25     1000         -   1482142    0.00    0.00    0.00    0.00    0.00     8  |__CPU 3/TCG
21:28:26     1000   1482118         -  201.00    1.00    0.00    0.00  202.00     7  qemu-system-aar
21:28:26     1000         -   1482118    1.00    2.00    0.00    0.00    3.00     7  |__qemu-system-aar
21:28:26     1000         -   1482124    0.00    0.00    0.00    0.00    0.00     8  |__call_rcu
21:28:26     1000         -   1482139   99.00    1.00    0.00    0.00  100.00    20  |__CPU 0/TCG
21:28:26     1000         -   1482140    1.00    0.00    0.00    0.00    1.00     1  |__CPU 1/TCG
21:28:26     1000         -   1482141   99.00    0.00    0.00    0.00   99.00    16  |__CPU 2/TCG
21:28:26     1000         -   1482142    0.00    0.00    0.00    0.00    0.00     8  |__CPU 3/TCG
21:28:27     1000   1482118         -  201.00    1.00    0.00    0.00  202.00     7  qemu-system-aar
21:28:27     1000         -   1482118    2.00    1.00    0.00    0.00    3.00     7  |__qemu-system-aar
21:28:27     1000         -   1482124    0.00    0.00    0.00    0.00    0.00     8  |__call_rcu
21:28:27     1000         -   1482139   99.00    0.00    0.00    0.00   99.00    20  |__CPU 0/TCG
21:28:27     1000         -   1482140    1.00    0.00    0.00    0.00    1.00     2  |__CPU 1/TCG
21:28:27     1000         -   1482141   99.00    1.00    0.00    0.00  100.00    16  |__CPU 2/TCG
21:28:27     1000         -   1482142    0.00    0.00    0.00    0.00    0.00     8  |__CPU 3/TCG
21:28:28     1000   1482118         -  201.00    2.00    0.00    0.00  203.00     3  qemu-system-aar
21:28:28     1000         -   1482118    1.00    2.00    0.00    0.00    3.00     3  |__qemu-system-aar
21:28:28     1000         -   1482124    0.00    0.00    0.00    0.00    0.00     8  |__call_rcu
21:28:28     1000         -   1482139   98.00    1.00    0.00    0.00   99.00    20  |__CPU 0/TCG
21:28:28     1000         -   1482140    0.00    0.00    0.00    0.00    0.00     1  |__CPU 1/TCG
21:28:28     1000         -   1482141   99.00    0.00    0.00    0.00   99.00    16  |__CPU 2/TCG
21:28:28     1000         -   1482142    0.00    0.00    0.00    0.00    0.00     8  |__CPU 3/TCG
21:28:29     1000   1482118         -  200.00    2.00    0.00    0.00  202.00     3  qemu-system-aar
21:28:29     1000         -   1482118    0.00    3.00    0.00    0.00    3.00     3  |__qemu-system-aar
21:28:29     1000         -   1482124    0.00    0.00    0.00    0.00    0.00     8  |__call_rcu
21:28:29     1000         -   1482139   99.00    1.00    0.00    0.00  100.00     4  |__CPU 0/TCG
21:28:29     1000         -   1482140    1.00    0.00    0.00    0.00    1.00     1  |__CPU 1/TCG
21:28:29     1000         -   1482141   99.00    1.00    0.00    0.00  100.00     0  |__CPU 2/TCG
21:28:29     1000         -   1482142    0.00    0.00    0.00    0.00    0.00     8  |__CPU 3/TCG
21:28:30     1000   1482118         -  201.00    1.00    0.00    0.00  202.00     7  qemu-system-aar
21:28:30     1000         -   1482118    2.00    1.00    0.00    0.00    3.00     7  |__qemu-system-aar
21:28:30     1000         -   1482124    0.00    0.00    0.00    0.00    0.00     8  |__call_rcu
21:28:30     1000         -   1482139   99.00    0.00    0.00    0.00   99.00     4  |__CPU 0/TCG
21:28:30     1000         -   1482140    0.00    0.00    0.00    0.00    0.00     1  |__CPU 1/TCG
21:28:30     1000         -   1482141   99.00    1.00    0.00    0.00  100.00     0  |__CPU 2/TCG
21:28:30     1000         -   1482142    0.00    0.00    0.00    0.00    0.00     8  |__CPU 3/TCG
21:28:31     1000   1482118         -  200.00    2.00    0.00    0.00  202.00    17  qemu-system-aar
21:28:31     1000         -   1482118    1.00    2.00    0.00    0.00    3.00    17  |__qemu-system-aar
21:28:31     1000         -   1482124    0.00    0.00    0.00    0.00    0.00     8  |__call_rcu
21:28:31     1000         -   1482139   98.00    1.00    0.00    0.00   99.00     4  |__CPU 0/TCG
21:28:31     1000         -   1482140    0.00    0.00    0.00    0.00    0.00     1  |__CPU 1/TCG
21:28:31     1000         -   1482141   99.00    0.00    0.00    0.00   99.00     0  |__CPU 2/TCG
21:28:31     1000         -   1482142    0.00    0.00    0.00    0.00    0.00     8  |__CPU 3/TCG
21:28:32     1000   1482118         -  200.00    2.00    0.00    0.00  202.00     7  qemu-system-aar
21:28:32     1000         -   1482118    0.00    2.00    0.00    0.00    2.00     7  |__qemu-system-aar
21:28:32     1000         -   1482124    0.00    0.00    0.00    0.00    0.00     8  |__call_rcu
21:28:32     1000         -   1482139   99.00    1.00    0.00    0.00  100.00     4  |__CPU 0/TCG
21:28:32     1000         -   1482140    0.00    0.00    0.00    0.00    0.00     1  |__CPU 1/TCG
21:28:32     1000         -   1482141   98.00    1.00    0.00    0.00   99.00     0  |__CPU 2/TCG
21:28:32     1000         -   1482142    0.00    0.00    0.00    0.00    0.00     8  |__CPU 3/TCG
21:28:33     1000   1482118         -  201.00    2.00    0.00    0.00  203.00     7  qemu-system-aar
21:28:33     1000         -   1482118    1.00    2.00    0.00    0.00    3.00     7  |__qemu-system-aar
21:28:33     1000         -   1482124    0.00    0.00    0.00    0.00    0.00     8  |__call_rcu
21:28:33     1000         -   1482139   99.00    0.00    0.00    0.00   99.00     4  |__CPU 0/TCG
21:28:33     1000         -   1482140    1.00    0.00    0.00    0.00    1.00     3  |__CPU 1/TCG
21:28:33     1000         -   1482141  100.00    0.00    0.00    0.00  100.00     0  |__CPU 2/TCG
21:28:33     1000         -   1482142    0.00    0.00    0.00    0.00    0.00     8  |__CPU 3/TCG
21:28:34     1000   1482118         -  201.00    1.00    0.00    0.00  202.00     2  qemu-system-aar
21:28:34     1000         -   1482118    0.00    3.00    0.00    0.00    3.00     2  |__qemu-system-aar
21:28:34     1000         -   1482124    0.00    0.00    0.00    0.00    0.00     8  |__call_rcu
21:28:34     1000         -   1482139   99.00    1.00    0.00    0.00  100.00     4  |__CPU 0/TCG
21:28:34     1000         -   1482140    0.00    0.00    0.00    0.00    0.00     1  |__CPU 1/TCG
21:28:34     1000         -   1482141   99.00    1.00    0.00    0.00  100.00    16  |__CPU 2/TCG
21:28:34     1000         -   1482142    0.00    0.00    0.00    0.00    0.00     8  |__CPU 3/TCG
21:28:35     1000   1482118         -  201.00    2.00    0.00    0.00  203.00     3  qemu-system-aar
21:28:35     1000         -   1482118    0.00    3.00    0.00    0.00    3.00     3  |__qemu-system-aar
21:28:35     1000         -   1482124    0.00    0.00    0.00    0.00    0.00     8  |__call_rcu
21:28:35     1000         -   1482139   99.00    0.00    0.00    0.00   99.00     4  |__CPU 0/TCG
21:28:35     1000         -   1482140    1.00    0.00    0.00    0.00    1.00     7  |__CPU 1/TCG
21:28:35     1000         -   1482141   99.00    0.00    0.00    0.00   99.00    16  |__CPU 2/TCG
21:28:35     1000         -   1482142    0.00    0.00    0.00    0.00    0.00     8  |__CPU 3/TCG
21:28:36     1000   1482118         -  201.00    1.00    0.00    0.00  202.00     3  qemu-system-aar
21:28:36     1000         -   1482118    1.00    2.00    0.00    0.00    3.00     3  |__qemu-system-aar
21:28:36     1000         -   1482124    0.00    0.00    0.00    0.00    0.00     8  |__call_rcu
21:28:36     1000         -   1482139   99.00    0.00    0.00    0.00   99.00     4  |__CPU 0/TCG
21:28:36     1000         -   1482140    1.00    0.00    0.00    0.00    1.00     7  |__CPU 1/TCG
21:28:36     1000         -   1482141   99.00    1.00    0.00    0.00  100.00    16  |__CPU 2/TCG
21:28:36     1000         -   1482142    0.00    0.00    0.00    0.00    0.00     8  |__CPU 3/TCG
21:28:37     1000   1482118         -  201.00    1.00    0.00    0.00  202.00     5  qemu-system-aar
21:28:37     1000         -   1482118    1.00    2.00    0.00    0.00    3.00     5  |__qemu-system-aar
21:28:37     1000         -   1482124    0.00    0.00    0.00    0.00    0.00     8  |__call_rcu
21:28:37     1000         -   1482139   99.00    1.00    0.00    0.00  100.00     4  |__CPU 0/TCG
21:28:37     1000         -   1482140    0.00    0.00    0.00    0.00    0.00     7  |__CPU 1/TCG
21:28:37     1000         -   1482141   99.00    1.00    0.00    0.00  100.00    16  |__CPU 2/TCG
21:28:37     1000         -   1482142    0.00    0.00    0.00    0.00    0.00     8  |__CPU 3/TCG
21:28:38     1000   1482118         -  200.00    2.00    0.00    0.00  202.00     7  qemu-system-aar
21:28:38     1000         -   1482118    2.00    1.00    0.00    0.00    3.00     7  |__qemu-system-aar
21:28:38     1000         -   1482124    0.00    0.00    0.00    0.00    0.00     8  |__call_rcu
21:28:38     1000         -   1482139   99.00    0.00    0.00    0.00   99.00     4  |__CPU 0/TCG
21:28:38     1000         -   1482140    1.00    0.00    0.00    0.00    1.00    18  |__CPU 1/TCG
21:28:38     1000         -   1482141   98.00    0.00    0.00    0.00   98.00    16  |__CPU 2/TCG
21:28:38     1000         -   1482142    0.00    0.00    0.00    0.00    0.00     8  |__CPU 3/TCG
21:28:39     1000   1482118         -  202.00    1.00    0.00    0.00  203.00     7  qemu-system-aar
21:28:39     1000         -   1482118    3.00    0.00    0.00    0.00    3.00     7  |__qemu-system-aar
21:28:39     1000         -   1482124    0.00    0.00    0.00    0.00    0.00     8  |__call_rcu
21:28:39     1000         -   1482139   99.00    1.00    0.00    0.00  100.00     4  |__CPU 0/TCG
21:28:39     1000         -   1482140    0.00    0.00    0.00    0.00    0.00    17  |__CPU 1/TCG
21:28:39     1000         -   1482141   99.00    1.00    0.00    0.00  100.00    16  |__CPU 2/TCG
21:28:39     1000         -   1482142    0.00    0.00    0.00    0.00    0.00     8  |__CPU 3/TCG
21:28:40     1000   1482118         -  201.00    1.00    0.00    0.00  202.00     7  qemu-system-aar
21:28:40     1000         -   1482118    2.00    1.00    0.00    0.00    3.00     7  |__qemu-system-aar
21:28:40     1000         -   1482124    0.00    0.00    0.00    0.00    0.00     8  |__call_rcu
21:28:40     1000         -   1482139   99.00    0.00    0.00    0.00   99.00     4  |__CPU 0/TCG
21:28:40     1000         -   1482140    1.00    0.00    0.00    0.00    1.00    18  |__CPU 1/TCG
21:28:40     1000         -   1482141   99.00    0.00    0.00    0.00   99.00    16  |__CPU 2/TCG
21:28:40     1000         -   1482142    0.00    0.00    0.00    0.00    0.00     8  |__CPU 3/TCG
21:28:41     1000   1482118         -  201.00    2.00    0.00    0.00  203.00     7  qemu-system-aar
21:28:41     1000         -   1482118    0.00    2.00    0.00    0.00    2.00     7  |__qemu-system-aar
21:28:41     1000         -   1482124    0.00    0.00    0.00    0.00    0.00     8  |__call_rcu
21:28:41     1000         -   1482139   99.00    1.00    0.00    0.00  100.00     4  |__CPU 0/TCG
21:28:41     1000         -   1482140    1.00    0.00    0.00    0.00    1.00    18  |__CPU 1/TCG
21:28:41     1000         -   1482141  100.00    1.00    0.00    0.00  101.00    16  |__CPU 2/TCG
21:28:41     1000         -   1482142    0.00    0.00    0.00    0.00    0.00     8  |__CPU 3/TCG
21:28:42     1000   1482118         -  201.00    1.00    0.00    0.00  202.00     7  qemu-system-aar
21:28:42     1000         -   1482118    1.00    2.00    0.00    0.00    3.00     7  |__qemu-system-aar
21:28:42     1000         -   1482124    0.00    0.00    0.00    0.00    0.00     8  |__call_rcu
21:28:42     1000         -   1482139   98.00    1.00    0.00    0.00   99.00     4  |__CPU 0/TCG
21:28:42     1000         -   1482140    0.00    0.00    0.00    0.00    0.00    17  |__CPU 1/TCG
21:28:42     1000         -   1482141   98.00    0.00    0.00    0.00   98.00     0  |__CPU 2/TCG
21:28:42     1000         -   1482142    0.00    0.00    0.00    0.00    0.00     8  |__CPU 3/TCG
21:28:43     1000   1482118         -  202.00    0.00    0.00    0.00  202.00    19  qemu-system-aar
21:28:43     1000         -   1482118    1.00    2.00    0.00    0.00    3.00    19  |__qemu-system-aar
21:28:43     1000         -   1482124    0.00    0.00    0.00    0.00    0.00     8  |__call_rcu
21:28:43     1000         -   1482139  100.00    0.00    0.00    0.00  100.00    20  |__CPU 0/TCG
21:28:43     1000         -   1482140    0.00    0.00    0.00    0.00    0.00    17  |__CPU 1/TCG
21:28:43     1000         -   1482141  100.00    0.00    0.00    0.00  100.00     0  |__CPU 2/TCG
21:28:43     1000         -   1482142    0.00    0.00    0.00    0.00    0.00     8  |__CPU 3/TCG
21:28:44     1000   1482118         -  201.00    1.00    0.00    0.00  202.00     5  qemu-system-aar
21:28:44     1000         -   1482118    1.00    2.00    0.00    0.00    3.00     5  |__qemu-system-aar
21:28:44     1000         -   1482124    0.00    0.00    0.00    0.00    0.00     8  |__call_rcu
21:28:44     1000         -   1482139   99.00    0.00    0.00    0.00   99.00    20  |__CPU 0/TCG
21:28:44     1000         -   1482140    1.00    0.00    0.00    0.00    1.00    18  |__CPU 1/TCG
21:28:44     1000         -   1482141   99.00    1.00    0.00    0.00  100.00     0  |__CPU 2/TCG
21:28:44     1000         -   1482142    0.00    0.00    0.00    0.00    0.00     8  |__CPU 3/TCG
21:28:45     1000   1482118         -  202.00    1.00    0.00    0.00  203.00     7  qemu-system-aar
21:28:45     1000         -   1482118    0.00    3.00    0.00    0.00    3.00     7  |__qemu-system-aar
21:28:45     1000         -   1482124    0.00    0.00    0.00    0.00    0.00     8  |__call_rcu
21:28:45     1000         -   1482139   99.00    0.00    0.00    0.00   99.00     4  |__CPU 0/TCG
21:28:45     1000         -   1482140    0.00    0.00    0.00    0.00    0.00    19  |__CPU 1/TCG
21:28:45     1000         -   1482141   99.00    0.00    0.00    0.00   99.00     0  |__CPU 2/TCG
21:28:45     1000         -   1482142    0.00    0.00    0.00    0.00    0.00     8  |__CPU 3/TCG
21:28:46     1000   1482118         -  200.00    2.00    0.00    0.00  202.00    19  qemu-system-aar
21:28:46     1000         -   1482118    2.00    1.00    0.00    0.00    3.00    19  |__qemu-system-aar
21:28:46     1000         -   1482124    0.00    0.00    0.00    0.00    0.00     8  |__call_rcu
21:28:46     1000         -   1482139   99.00    1.00    0.00    0.00  100.00     4  |__CPU 0/TCG
21:28:46     1000         -   1482140    1.00    0.00    0.00    0.00    1.00    18  |__CPU 1/TCG
21:28:46     1000         -   1482141   99.00    1.00    0.00    0.00  100.00    16  |__CPU 2/TCG
21:28:46     1000         -   1482142    0.00    0.00    0.00    0.00    0.00     8  |__CPU 3/TCG
21:28:47     1000   1482118         -  201.00    2.00    0.00    0.00  203.00    19  qemu-system-aar
21:28:47     1000         -   1482118    0.00    3.00    0.00    0.00    3.00    19  |__qemu-system-aar
21:28:47     1000         -   1482124    0.00    0.00    0.00    0.00    0.00     8  |__call_rcu
21:28:47     1000         -   1482139   99.00    1.00    0.00    0.00  100.00     4  |__CPU 0/TCG
21:28:47     1000         -   1482140    1.00    0.00    0.00    0.00    1.00    18  |__CPU 1/TCG
21:28:47     1000         -   1482141   98.00    1.00    0.00    0.00   99.00    16  |__CPU 2/TCG
21:28:47     1000         -   1482142    0.00    0.00    0.00    0.00    0.00     8  |__CPU 3/TCG
21:28:48     1000   1482118         -  202.00    1.00    0.00    0.00  203.00     0  qemu-system-aar
21:28:48     1000         -   1482118    2.00    2.00    0.00    0.00    4.00     0  |__qemu-system-aar
21:28:48     1000         -   1482124    0.00    0.00    0.00    0.00    0.00     8  |__call_rcu
21:28:48     1000         -   1482139   98.00    0.00    0.00    0.00   98.00    20  |__CPU 0/TCG
21:28:48     1000         -   1482140    0.00    1.00    0.00    0.00    1.00    18  |__CPU 1/TCG
21:28:48     1000         -   1482141   99.00    0.00    0.00    0.00   99.00    16  |__CPU 2/TCG
21:28:48     1000         -   1482142    0.00    0.00    0.00    0.00    0.00     8  |__CPU 3/TCG
21:28:49     1000   1482118         -  202.00    2.00    0.00    0.00  204.00     0  qemu-system-aar
21:28:49     1000         -   1482118    1.00    3.00    0.00    0.00    4.00     0  |__qemu-system-aar
21:28:49     1000         -   1482124    0.00    0.00    0.00    0.00    0.00     8  |__call_rcu
21:28:49     1000         -   1482139   99.00    1.00    0.00    0.00  100.00    20  |__CPU 0/TCG
21:28:49     1000         -   1482140    0.00    0.00    0.00    0.00    0.00    21  |__CPU 1/TCG
21:28:49     1000         -   1482141   99.00    1.00    0.00    0.00  100.00    16  |__CPU 2/TCG
21:28:49     1000         -   1482142    0.00    0.00    0.00    0.00    0.00     8  |__CPU 3/TCG
21:28:50     1000   1482118         -  202.00    1.00    0.00    0.00  203.00     0  qemu-system-aar
21:28:50     1000         -   1482118    1.00    3.00    0.00    0.00    4.00     0  |__qemu-system-aar
21:28:50     1000         -   1482124    0.00    0.00    0.00    0.00    0.00     8  |__call_rcu
21:28:50     1000         -   1482139   99.00    0.00    0.00    0.00   99.00    20  |__CPU 0/TCG
21:28:50     1000         -   1482140    0.00    0.00    0.00    0.00    0.00    21  |__CPU 1/TCG
21:28:50     1000         -   1482141   99.00    0.00    0.00    0.00   99.00    16  |__CPU 2/TCG
21:28:50     1000         -   1482142    0.00    0.00    0.00    0.00    0.00     8  |__CPU 3/TCG
21:28:51     1000   1482118         -  202.00    2.00    0.00    0.00  204.00    23  qemu-system-aar
21:28:51     1000         -   1482118    1.00    3.00    0.00    0.00    4.00    23  |__qemu-system-aar
21:28:51     1000         -   1482124    0.00    0.00    0.00    0.00    0.00     8  |__call_rcu
21:28:51     1000         -   1482139   99.00    0.00    0.00    0.00   99.00    20  |__CPU 0/TCG
21:28:51     1000         -   1482140    1.00    0.00    0.00    0.00    1.00    21  |__CPU 1/TCG
21:28:51     1000         -   1482141   99.00    1.00    0.00    0.00  100.00    16  |__CPU 2/TCG
21:28:51     1000         -   1482142    0.00    0.00    0.00    0.00    0.00     8  |__CPU 3/TCG
21:28:52     1000   1482118         -  202.00    1.00    0.00    0.00  203.00     0  qemu-system-aar
21:28:52     1000         -   1482118    1.00    3.00    0.00    0.00    4.00     0  |__qemu-system-aar
21:28:52     1000         -   1482124    0.00    0.00    0.00    0.00    0.00     8  |__call_rcu
21:28:52     1000         -   1482139  100.00    0.00    0.00    0.00  100.00    20  |__CPU 0/TCG
21:28:52     1000         -   1482140    1.00    0.00    0.00    0.00    1.00    21  |__CPU 1/TCG
21:28:52     1000         -   1482141   99.00    1.00    0.00    0.00  100.00    16  |__CPU 2/TCG
21:28:52     1000         -   1482142    0.00    0.00    0.00    0.00    0.00     8  |__CPU 3/TCG
21:28:53     1000   1482118         -  202.00    2.00    0.00    0.00  204.00     0  qemu-system-aar
21:28:53     1000         -   1482118    0.00    5.00    0.00    0.00    5.00     0  |__qemu-system-aar
21:28:53     1000         -   1482124    0.00    0.00    0.00    0.00    0.00     8  |__call_rcu
21:28:53     1000         -   1482139   99.00    1.00    0.00    0.00  100.00     4  |__CPU 0/TCG
21:28:53     1000         -   1482140    0.00    0.00    0.00    0.00    0.00    22  |__CPU 1/TCG
21:28:53     1000         -   1482141   99.00    0.00    0.00    0.00   99.00    16  |__CPU 2/TCG
21:28:53     1000         -   1482142    0.00    0.00    0.00    0.00    0.00     8  |__CPU 3/TCG
21:28:54     1000   1482118         -  202.00    1.00    0.00    0.00  203.00    23  qemu-system-aar
21:28:54     1000         -   1482118    1.00    2.00    0.00    0.00    3.00    23  |__qemu-system-aar
21:28:54     1000         -   1482124    0.00    0.00    0.00    0.00    0.00     8  |__call_rcu
21:28:54     1000         -   1482139   99.00    0.00    0.00    0.00   99.00     4  |__CPU 0/TCG
21:28:54     1000         -   1482140    1.00    0.00    0.00    0.00    1.00    22  |__CPU 1/TCG
21:28:54     1000         -   1482141   99.00    1.00    0.00    0.00  100.00    16  |__CPU 2/TCG
21:28:54     1000         -   1482142    0.00    0.00    0.00    0.00    0.00     8  |__CPU 3/TCG
21:28:55     1000   1482118         -  202.00    1.00    0.00    0.00  203.00     0  qemu-system-aar
21:28:55     1000         -   1482118    1.00    3.00    0.00    0.00    4.00     0  |__qemu-system-aar
21:28:55     1000         -   1482124    0.00    0.00    0.00    0.00    0.00     8  |__call_rcu
21:28:55     1000         -   1482139   98.00    1.00    0.00    0.00   99.00     4  |__CPU 0/TCG
21:28:55     1000         -   1482140    1.00    0.00    0.00    0.00    1.00    22  |__CPU 1/TCG
21:28:55     1000         -   1482141   99.00    0.00    0.00    0.00   99.00    16  |__CPU 2/TCG
21:28:55     1000         -   1482142    0.00    0.00    0.00    0.00    0.00     8  |__CPU 3/TCG
21:28:56     1000   1482118         -  202.00    2.00    0.00    0.00  204.00     0  qemu-system-aar
21:28:56     1000         -   1482118    1.00    3.00    0.00    0.00    4.00     0  |__qemu-system-aar
21:28:56     1000         -   1482124    0.00    0.00    0.00    0.00    0.00     8  |__call_rcu
21:28:56     1000         -   1482139   99.00    0.00    0.00    0.00   99.00     4  |__CPU 0/TCG
21:28:56     1000         -   1482140    0.00    0.00    0.00    0.00    0.00    22  |__CPU 1/TCG
21:28:56     1000         -   1482141   99.00    1.00    0.00    0.00  100.00    16  |__CPU 2/TCG
21:28:56     1000         -   1482142    0.00    0.00    0.00    0.00    0.00     8  |__CPU 3/TCG
21:28:57     1000   1482118         -  201.00    1.00    0.00    0.00  202.00    23  qemu-system-aar
21:28:57     1000         -   1482118    1.00    2.00    0.00    0.00    3.00    23  |__qemu-system-aar
21:28:57     1000         -   1482124    0.00    0.00    0.00    0.00    0.00     8  |__call_rcu
21:28:57     1000         -   1482139   99.00    1.00    0.00    0.00  100.00    20  |__CPU 0/TCG
21:28:57     1000         -   1482140    1.00    0.00    0.00    0.00    1.00    22  |__CPU 1/TCG
21:28:57     1000         -   1482141   99.00    0.00    0.00    0.00   99.00    16  |__CPU 2/TCG
21:28:57     1000         -   1482142    0.00    0.00    0.00    0.00    0.00     8  |__CPU 3/TCG
