Linux 6.17.0-40-generic (9950x) 	08/15/26 	_x86_64_	(32 CPU)

# Time        UID      TGID       TID    %usr %system  %guest   %wait    %CPU   CPU  Command
18:22:30     1000   1213174         -    5.00    1.00    0.00    0.00    6.00    26  qemu-system-aar
18:22:30     1000         -   1213174    1.00    1.00    0.00    0.00    2.00    26  |__qemu-system-aar
18:22:30     1000         -   1213181    0.00    0.00    0.00    0.00    0.00     2  |__call_rcu
18:22:30     1000         -   1213189    4.00    0.00    0.00    0.00    4.00     1  |__CPU 0/TCG
18:22:31     1000   1213174         -    1.00    1.00    0.00    0.00    2.00    27  qemu-system-aar
18:22:31     1000         -   1213174    0.00    0.00    0.00    0.00    0.00    27  |__qemu-system-aar
18:22:31     1000         -   1213181    0.00    0.00    0.00    0.00    0.00     2  |__call_rcu
18:22:31     1000         -   1213189    1.00    0.00    0.00    0.00    1.00    29  |__CPU 0/TCG
18:22:32     1000   1213174         -    1.00    1.00    0.00    0.00    2.00    26  qemu-system-aar
18:22:32     1000         -   1213174    0.00    1.00    0.00    0.00    1.00    26  |__qemu-system-aar
18:22:32     1000         -   1213181    0.00    0.00    0.00    0.00    0.00     2  |__call_rcu
18:22:32     1000         -   1213189    1.00    0.00    0.00    0.00    1.00    29  |__CPU 0/TCG
18:22:33     1000   1213174         -    2.00    0.00    0.00    0.00    2.00    26  qemu-system-aar
18:22:33     1000         -   1213174    0.00    0.00    0.00    0.00    0.00    26  |__qemu-system-aar
18:22:33     1000         -   1213181    0.00    0.00    0.00    0.00    0.00     2  |__call_rcu
18:22:33     1000         -   1213189    2.00    0.00    0.00    0.00    2.00    29  |__CPU 0/TCG
18:22:34     1000   1213174         -    1.00    1.00    0.00    0.00    2.00    26  qemu-system-aar
18:22:34     1000         -   1213174    0.00    1.00    0.00    0.00    1.00    26  |__qemu-system-aar
18:22:34     1000         -   1213181    0.00    0.00    0.00    0.00    0.00     2  |__call_rcu
18:22:34     1000         -   1213189    1.00    0.00    0.00    0.00    1.00    29  |__CPU 0/TCG
18:22:35     1000   1213174         -    1.00    1.00    0.00    0.00    2.00    26  qemu-system-aar
18:22:35     1000         -   1213174    1.00    0.00    0.00    0.00    1.00    26  |__qemu-system-aar
18:22:35     1000         -   1213181    0.00    0.00    0.00    0.00    0.00     2  |__call_rcu
18:22:35     1000         -   1213189    1.00    0.00    0.00    0.00    1.00    29  |__CPU 0/TCG
18:22:36     1000   1213174         -    1.00    0.00    0.00    0.00    1.00    27  qemu-system-aar
18:22:36     1000         -   1213174    0.00    1.00    0.00    0.00    1.00    27  |__qemu-system-aar
18:22:36     1000         -   1213181    0.00    0.00    0.00    0.00    0.00     2  |__call_rcu
18:22:36     1000         -   1213189    1.00    0.00    0.00    0.00    1.00    29  |__CPU 0/TCG
18:22:37     1000   1213174         -    1.00    2.00    0.00    0.00    3.00     1  qemu-system-aar
18:22:37     1000         -   1213174    0.00    0.00    0.00    0.00    0.00     1  |__qemu-system-aar
18:22:37     1000         -   1213181    0.00    0.00    0.00    0.00    0.00     2  |__call_rcu
18:22:37     1000         -   1213189    2.00    0.00    0.00    0.00    2.00    29  |__CPU 0/TCG
18:22:38     1000   1213174         -    1.00    1.00    0.00    0.00    2.00     1  qemu-system-aar
18:22:38     1000         -   1213174    0.00    1.00    0.00    0.00    1.00     1  |__qemu-system-aar
18:22:38     1000         -   1213181    0.00    0.00    0.00    0.00    0.00     2  |__call_rcu
18:22:38     1000         -   1213189    1.00    0.00    0.00    0.00    1.00     5  |__CPU 0/TCG
18:22:39     1000   1213174         -    1.00    1.00    0.00    0.00    2.00     2  qemu-system-aar
18:22:39     1000         -   1213174    0.00    1.00    0.00    0.00    1.00     2  |__qemu-system-aar
18:22:39     1000         -   1213181    0.00    0.00    0.00    0.00    0.00     2  |__call_rcu
18:22:39     1000         -   1213189    1.00    0.00    0.00    0.00    1.00     5  |__CPU 0/TCG
18:22:40     1000   1213174         -    1.00    1.00    0.00    0.00    2.00     6  qemu-system-aar
18:22:40     1000         -   1213174    0.00    0.00    0.00    0.00    0.00     6  |__qemu-system-aar
18:22:40     1000         -   1213181    0.00    0.00    0.00    0.00    0.00     2  |__call_rcu
18:22:40     1000         -   1213189    2.00    0.00    0.00    0.00    2.00     7  |__CPU 0/TCG
18:22:41     1000   1213174         -    1.00    1.00    0.00    0.00    2.00     2  qemu-system-aar
18:22:41     1000         -   1213174    0.00    1.00    0.00    0.00    1.00     2  |__qemu-system-aar
18:22:41     1000         -   1213181    0.00    0.00    0.00    0.00    0.00     2  |__call_rcu
18:22:41     1000         -   1213189    1.00    0.00    0.00    0.00    1.00     6  |__CPU 0/TCG
18:22:42     1000   1213174         -    1.00    1.00    0.00    0.00    2.00     6  qemu-system-aar
18:22:42     1000         -   1213174    0.00    0.00    0.00    0.00    0.00     6  |__qemu-system-aar
18:22:42     1000         -   1213181    0.00    0.00    0.00    0.00    0.00     2  |__call_rcu
18:22:42     1000         -   1213189    1.00    0.00    0.00    0.00    1.00    17  |__CPU 0/TCG
18:22:43     1000   1213174         -    1.00    0.00    0.00    0.00    1.00     6  qemu-system-aar
18:22:43     1000         -   1213174    0.00    1.00    0.00    0.00    1.00     6  |__qemu-system-aar
18:22:43     1000         -   1213181    0.00    0.00    0.00    0.00    0.00     2  |__call_rcu
18:22:43     1000         -   1213189    2.00    0.00    0.00    0.00    2.00    17  |__CPU 0/TCG
18:22:44     1000   1213174         -    1.00    2.00    0.00    0.00    3.00     7  qemu-system-aar
18:22:44     1000         -   1213174    0.00    1.00    0.00    0.00    1.00     7  |__qemu-system-aar
18:22:44     1000         -   1213181    0.00    0.00    0.00    0.00    0.00     2  |__call_rcu
18:22:44     1000         -   1213189    1.00    0.00    0.00    0.00    1.00     6  |__CPU 0/TCG
18:22:45     1000   1213174         -    2.00    0.00    0.00    0.00    2.00     7  qemu-system-aar
18:22:45     1000         -   1213174    1.00    0.00    0.00    0.00    1.00     7  |__qemu-system-aar
18:22:45     1000         -   1213181    0.00    0.00    0.00    0.00    0.00     2  |__call_rcu
18:22:45     1000         -   1213189    1.00    0.00    0.00    0.00    1.00     6  |__CPU 0/TCG
18:22:46     1000   1213174         -    1.00    1.00    0.00    0.00    2.00     4  qemu-system-aar
18:22:46     1000         -   1213174    0.00    0.00    0.00    0.00    0.00     4  |__qemu-system-aar
18:22:46     1000         -   1213181    0.00    0.00    0.00    0.00    0.00     2  |__call_rcu
18:22:46     1000         -   1213189    1.00    0.00    0.00    0.00    1.00     0  |__CPU 0/TCG
18:22:47     1000   1213174         -    1.00    1.00    0.00    0.00    2.00     0  qemu-system-aar
18:22:47     1000         -   1213174    0.00    1.00    0.00    0.00    1.00     0  |__qemu-system-aar
18:22:47     1000         -   1213181    0.00    0.00    0.00    0.00    0.00     2  |__call_rcu
18:22:47     1000         -   1213189    2.00    0.00    0.00    0.00    2.00     5  |__CPU 0/TCG
18:22:48     1000   1213174         -    1.00    1.00    0.00    0.00    2.00     4  qemu-system-aar
18:22:48     1000         -   1213174    0.00    1.00    0.00    0.00    1.00     4  |__qemu-system-aar
18:22:48     1000         -   1213181    0.00    0.00    0.00    0.00    0.00     2  |__call_rcu
18:22:48     1000         -   1213189    0.00    0.00    0.00    0.00    0.00     5  |__CPU 0/TCG
18:22:49     1000   1213174         -    1.00    1.00    0.00    0.00    2.00     4  qemu-system-aar
18:22:49     1000         -   1213174    0.00    0.00    0.00    0.00    0.00     4  |__qemu-system-aar
18:22:49     1000         -   1213181    0.00    0.00    0.00    0.00    0.00     2  |__call_rcu
18:22:49     1000         -   1213189    2.00    0.00    0.00    0.00    2.00     5  |__CPU 0/TCG
18:22:50     1000   1213174         -    1.00    1.00    0.00    0.00    2.00     7  qemu-system-aar
18:22:50     1000         -   1213174    0.00    1.00    0.00    0.00    1.00     7  |__qemu-system-aar
18:22:50     1000         -   1213181    0.00    0.00    0.00    0.00    0.00     2  |__call_rcu
18:22:50     1000         -   1213189    1.00    1.00    0.00    0.00    2.00    17  |__CPU 0/TCG
18:22:51     1000   1213174         -    1.00    1.00    0.00    0.00    2.00     6  qemu-system-aar
18:22:51     1000         -   1213174    0.00    0.00    0.00    0.00    0.00     6  |__qemu-system-aar
18:22:51     1000         -   1213181    0.00    0.00    0.00    0.00    0.00     2  |__call_rcu
18:22:51     1000         -   1213189    1.00    0.00    0.00    0.00    1.00    17  |__CPU 0/TCG
18:22:52     1000   1213174         -    1.00    1.00    0.00    0.00    2.00    16  qemu-system-aar
18:22:52     1000         -   1213174    1.00    1.00    0.00    0.00    2.00    16  |__qemu-system-aar
18:22:52     1000         -   1213181    0.00    0.00    0.00    0.00    0.00     2  |__call_rcu
18:22:52     1000         -   1213189    1.00    0.00    0.00    0.00    1.00    17  |__CPU 0/TCG
18:22:53     1000   1213174         -    1.00    1.00    0.00    0.00    2.00    19  qemu-system-aar
18:22:53     1000         -   1213174    0.00    0.00    0.00    0.00    0.00    19  |__qemu-system-aar
18:22:53     1000         -   1213181    0.00    0.00    0.00    0.00    0.00     2  |__call_rcu
18:22:53     1000         -   1213189    2.00    0.00    0.00    0.00    2.00     2  |__CPU 0/TCG
18:22:54     1000   1213174         -    1.00    1.00    0.00    0.00    2.00     2  qemu-system-aar
18:22:54     1000         -   1213174    0.00    1.00    0.00    0.00    1.00     2  |__qemu-system-aar
18:22:54     1000         -   1213181    0.00    0.00    0.00    0.00    0.00     2  |__call_rcu
18:22:54     1000         -   1213189    1.00    0.00    0.00    0.00    1.00     6  |__CPU 0/TCG
18:22:55     1000   1213174         -    1.00    1.00    0.00    0.00    2.00     5  qemu-system-aar
18:22:55     1000         -   1213174    0.00    1.00    0.00    0.00    1.00     5  |__qemu-system-aar
18:22:55     1000         -   1213181    0.00    0.00    0.00    0.00    0.00     2  |__call_rcu
18:22:55     1000         -   1213189    1.00    0.00    0.00    0.00    1.00     2  |__CPU 0/TCG
18:22:56     1000   1213174         -    1.00    1.00    0.00    0.00    2.00     2  qemu-system-aar
18:22:56     1000         -   1213174    0.00    0.00    0.00    0.00    0.00     2  |__qemu-system-aar
18:22:56     1000         -   1213181    0.00    0.00    0.00    0.00    0.00     2  |__call_rcu
18:22:56     1000         -   1213189    1.00    0.00    0.00    0.00    1.00     1  |__CPU 0/TCG
18:22:57     1000   1213174         -    1.00    0.00    0.00    0.00    1.00     2  qemu-system-aar
18:22:57     1000         -   1213174    0.00    1.00    0.00    0.00    1.00     2  |__qemu-system-aar
18:22:57     1000         -   1213181    0.00    0.00    0.00    0.00    0.00     2  |__call_rcu
18:22:57     1000         -   1213189    2.00    0.00    0.00    0.00    2.00     4  |__CPU 0/TCG
18:22:58     1000   1213174         -    1.00    1.00    0.00    0.00    2.00     3  qemu-system-aar
18:22:58     1000         -   1213174    0.00    0.00    0.00    0.00    0.00     3  |__qemu-system-aar
18:22:58     1000         -   1213181    0.00    0.00    0.00    0.00    0.00     2  |__call_rcu
18:22:58     1000         -   1213189    1.00    0.00    0.00    0.00    1.00     4  |__CPU 0/TCG
18:22:59     1000   1213174         -    2.00    1.00    0.00    0.00    3.00     2  qemu-system-aar
18:22:59     1000         -   1213174    0.00    1.00    0.00    0.00    1.00     2  |__qemu-system-aar
18:22:59     1000         -   1213181    0.00    0.00    0.00    0.00    0.00     2  |__call_rcu
18:22:59     1000         -   1213189    1.00    0.00    0.00    0.00    1.00     0  |__CPU 0/TCG
18:23:00     1000   1213174         -    1.00    1.00    0.00    0.00    2.00     4  qemu-system-aar
18:23:00     1000         -   1213174    0.00    0.00    0.00    0.00    0.00     4  |__qemu-system-aar
18:23:00     1000         -   1213181    0.00    0.00    0.00    0.00    0.00     2  |__call_rcu
18:23:00     1000         -   1213189    2.00    0.00    0.00    0.00    2.00     7  |__CPU 0/TCG
18:23:01     1000   1213174         -    1.00    0.00    0.00    0.00    1.00     7  qemu-system-aar
18:23:01     1000         -   1213174    1.00    1.00    0.00    0.00    2.00     7  |__qemu-system-aar
18:23:01     1000         -   1213181    0.00    0.00    0.00    0.00    0.00     2  |__call_rcu
18:23:01     1000         -   1213189    1.00    0.00    0.00    0.00    1.00     6  |__CPU 0/TCG
18:23:02     1000   1213174         -    1.00    1.00    0.00    0.00    2.00     4  qemu-system-aar
18:23:02     1000         -   1213174    0.00    0.00    0.00    0.00    0.00     4  |__qemu-system-aar
18:23:02     1000         -   1213181    0.00    0.00    0.00    0.00    0.00     2  |__call_rcu
18:23:02     1000         -   1213189    1.00    0.00    0.00    0.00    1.00    16  |__CPU 0/TCG
18:23:03     1000   1213174         -    1.00    1.00    0.00    0.00    2.00     4  qemu-system-aar
18:23:03     1000         -   1213174    0.00    1.00    0.00    0.00    1.00     4  |__qemu-system-aar
18:23:03     1000         -   1213181    0.00    0.00    0.00    0.00    0.00     2  |__call_rcu
18:23:03     1000         -   1213189    2.00    0.00    0.00    0.00    2.00    19  |__CPU 0/TCG
18:23:04     1000   1213174         -    1.00    1.00    0.00    0.00    2.00     7  qemu-system-aar
18:23:04     1000         -   1213174    0.00    0.00    0.00    0.00    0.00     7  |__qemu-system-aar
18:23:04     1000         -   1213181    0.00    0.00    0.00    0.00    0.00     2  |__call_rcu
18:23:04     1000         -   1213189    1.00    0.00    0.00    0.00    1.00     4  |__CPU 0/TCG
18:23:05     1000   1213174         -    2.00    1.00    0.00    0.00    3.00     7  qemu-system-aar
18:23:05     1000         -   1213174    0.00    0.00    0.00    0.00    0.00     7  |__qemu-system-aar
18:23:05     1000         -   1213181    0.00    0.00    0.00    0.00    0.00     2  |__call_rcu
18:23:05     1000         -   1213189    1.00    0.00    0.00    0.00    1.00    17  |__CPU 0/TCG
18:23:06     1000   1213174         -    1.00    0.00    0.00    0.00    1.00     0  qemu-system-aar
18:23:06     1000         -   1213174    1.00    1.00    0.00    0.00    2.00     0  |__qemu-system-aar
18:23:06     1000         -   1213181    0.00    0.00    0.00    0.00    0.00     2  |__call_rcu
18:23:06     1000         -   1213189    1.00    0.00    0.00    0.00    1.00    17  |__CPU 0/TCG
18:23:07     1000   1213174         -    1.00    1.00    0.00    0.00    2.00    17  qemu-system-aar
18:23:07     1000         -   1213174    0.00    0.00    0.00    0.00    0.00    17  |__qemu-system-aar
18:23:07     1000         -   1213181    0.00    0.00    0.00    0.00    0.00     2  |__call_rcu
18:23:07     1000         -   1213189    1.00    0.00    0.00    0.00    1.00    18  |__CPU 0/TCG
18:23:08     1000   1213174         -    1.00    1.00    0.00    0.00    2.00    16  qemu-system-aar
18:23:08     1000         -   1213174    0.00    1.00    0.00    0.00    1.00    16  |__qemu-system-aar
18:23:08     1000         -   1213181    0.00    0.00    0.00    0.00    0.00     2  |__call_rcu
18:23:08     1000         -   1213189    1.00    1.00    0.00    0.00    2.00    17  |__CPU 0/TCG
18:23:09     1000   1213174         -    1.00    1.00    0.00    0.00    2.00    17  qemu-system-aar
18:23:09     1000         -   1213174    0.00    1.00    0.00    0.00    1.00    17  |__qemu-system-aar
18:23:09     1000         -   1213181    0.00    0.00    0.00    0.00    0.00     2  |__call_rcu
18:23:09     1000         -   1213189    2.00    0.00    0.00    0.00    2.00     6  |__CPU 0/TCG
18:23:10     1000   1213174         -    0.00    1.00    0.00    0.00    1.00    20  qemu-system-aar
18:23:10     1000         -   1213174    0.00    0.00    0.00    0.00    0.00    20  |__qemu-system-aar
18:23:10     1000         -   1213181    0.00    0.00    0.00    0.00    0.00     2  |__call_rcu
18:23:10     1000         -   1213189    1.00    0.00    0.00    0.00    1.00     4  |__CPU 0/TCG
18:23:11     1000   1213174         -    2.00    1.00    0.00    0.00    3.00    17  qemu-system-aar
18:23:11     1000         -   1213174    0.00    1.00    0.00    0.00    1.00    17  |__qemu-system-aar
18:23:11     1000         -   1213181    0.00    0.00    0.00    0.00    0.00     2  |__call_rcu
18:23:11     1000         -   1213189    1.00    0.00    0.00    0.00    1.00     6  |__CPU 0/TCG
18:23:12     1000   1213174         -    1.00    1.00    0.00    0.00    2.00    17  qemu-system-aar
18:23:12     1000         -   1213174    1.00    0.00    0.00    0.00    1.00    17  |__qemu-system-aar
18:23:12     1000         -   1213181    0.00    0.00    0.00    0.00    0.00     2  |__call_rcu
18:23:12     1000         -   1213189    1.00    0.00    0.00    0.00    1.00     6  |__CPU 0/TCG
18:23:13     1000   1213174         -    1.00    1.00    0.00    0.00    2.00    17  qemu-system-aar
18:23:13     1000         -   1213174    0.00    1.00    0.00    0.00    1.00    17  |__qemu-system-aar
18:23:13     1000         -   1213181    0.00    0.00    0.00    0.00    0.00     2  |__call_rcu
18:23:13     1000         -   1213189    2.00    0.00    0.00    0.00    2.00     5  |__CPU 0/TCG
18:23:14     1000   1213174         -    1.00    1.00    0.00    0.00    2.00    21  qemu-system-aar
18:23:14     1000         -   1213174    0.00    0.00    0.00    0.00    0.00    21  |__qemu-system-aar
18:23:14     1000         -   1213181    0.00    0.00    0.00    0.00    0.00     2  |__call_rcu
18:23:14     1000         -   1213189    1.00    0.00    0.00    0.00    1.00    20  |__CPU 0/TCG
18:23:15     1000   1213174         -    1.00    1.00    0.00    0.00    2.00     3  qemu-system-aar
18:23:15     1000         -   1213174    0.00    1.00    0.00    0.00    1.00     3  |__qemu-system-aar
18:23:15     1000         -   1213181    0.00    0.00    0.00    0.00    0.00     2  |__call_rcu
18:23:15     1000         -   1213189    1.00    0.00    0.00    0.00    1.00    20  |__CPU 0/TCG
18:23:16     1000   1213174         -    1.00    1.00    0.00    0.00    2.00     5  qemu-system-aar
18:23:16     1000         -   1213174    0.00    1.00    0.00    0.00    1.00     5  |__qemu-system-aar
18:23:16     1000         -   1213181    0.00    0.00    0.00    0.00    0.00     2  |__call_rcu
18:23:16     1000         -   1213189    1.00    0.00    0.00    0.00    1.00    20  |__CPU 0/TCG
18:23:17     1000   1213174         -    1.00    1.00    0.00    0.00    2.00     6  qemu-system-aar
18:23:17     1000         -   1213174    0.00    0.00    0.00    0.00    0.00     6  |__qemu-system-aar
18:23:17     1000         -   1213181    0.00    0.00    0.00    0.00    0.00     2  |__call_rcu
18:23:17     1000         -   1213189    2.00    0.00    0.00    0.00    2.00    20  |__CPU 0/TCG
18:23:18     1000   1213174         -    2.00    0.00    0.00    0.00    2.00    20  qemu-system-aar
18:23:18     1000         -   1213174    0.00    0.00    0.00    0.00    0.00    20  |__qemu-system-aar
18:23:18     1000         -   1213181    0.00    0.00    0.00    0.00    0.00     2  |__call_rcu
18:23:18     1000         -   1213189    1.00    0.00    0.00    0.00    1.00     1  |__CPU 0/TCG
18:23:19     1000   1213174         -    1.00    1.00    0.00    0.00    2.00     4  qemu-system-aar
18:23:19     1000         -   1213174    1.00    1.00    0.00    0.00    2.00     4  |__qemu-system-aar
18:23:19     1000         -   1213181    0.00    0.00    0.00    0.00    0.00     2  |__call_rcu
18:23:19     1000         -   1213189    1.00    1.00    0.00    0.00    2.00    17  |__CPU 0/TCG
18:23:20     1000   1213174         -    0.00    2.00    0.00    0.00    2.00     6  qemu-system-aar
18:23:20     1000         -   1213174    0.00    0.00    0.00    0.00    0.00     6  |__qemu-system-aar
18:23:20     1000         -   1213181    0.00    0.00    0.00    0.00    0.00     2  |__call_rcu
18:23:20     1000         -   1213189    1.00    0.00    0.00    0.00    1.00    19  |__CPU 0/TCG
18:23:21     1000   1213174         -    1.00    1.00    0.00    0.00    2.00     4  qemu-system-aar
18:23:21     1000         -   1213174    0.00    1.00    0.00    0.00    1.00     4  |__qemu-system-aar
18:23:21     1000         -   1213181    0.00    0.00    0.00    0.00    0.00     2  |__call_rcu
18:23:21     1000         -   1213189    1.00    0.00    0.00    0.00    1.00    18  |__CPU 0/TCG
18:23:22     1000   1213174         -    1.00    1.00    0.00    0.00    2.00    19  qemu-system-aar
18:23:22     1000         -   1213174    0.00    0.00    0.00    0.00    0.00    19  |__qemu-system-aar
18:23:22     1000         -   1213181    0.00    0.00    0.00    0.00    0.00     2  |__call_rcu
18:23:22     1000         -   1213189    2.00    0.00    0.00    0.00    2.00    18  |__CPU 0/TCG
18:23:23     1000   1213174         -    1.00    1.00    0.00    0.00    2.00    19  qemu-system-aar
18:23:23     1000         -   1213174    0.00    1.00    0.00    0.00    1.00    19  |__qemu-system-aar
18:23:23     1000         -   1213181    0.00    0.00    0.00    0.00    0.00     2  |__call_rcu
18:23:23     1000         -   1213189    1.00    0.00    0.00    0.00    1.00    20  |__CPU 0/TCG
18:23:24     1000   1213174         -    1.00    0.00    0.00    0.00    1.00     4  qemu-system-aar
18:23:24     1000         -   1213174    0.00    1.00    0.00    0.00    1.00     4  |__qemu-system-aar
18:23:24     1000         -   1213181    0.00    0.00    0.00    0.00    0.00     2  |__call_rcu
18:23:24     1000         -   1213189    1.00    0.00    0.00    0.00    1.00    18  |__CPU 0/TCG
18:23:25     1000   1213174         -    1.00    1.00    0.00    0.00    2.00    19  qemu-system-aar
18:23:25     1000         -   1213174    0.00    0.00    0.00    0.00    0.00    19  |__qemu-system-aar
18:23:25     1000         -   1213181    0.00    0.00    0.00    0.00    0.00     2  |__call_rcu
18:23:25     1000         -   1213189    1.00    0.00    0.00    0.00    1.00    20  |__CPU 0/TCG
18:23:26     1000   1213174         -    1.00    1.00    0.00    0.00    2.00    19  qemu-system-aar
18:23:26     1000         -   1213174    0.00    1.00    0.00    0.00    1.00    19  |__qemu-system-aar
18:23:26     1000         -   1213181    0.00    0.00    0.00    0.00    0.00     2  |__call_rcu
18:23:26     1000         -   1213189    1.00    0.00    0.00    0.00    1.00    20  |__CPU 0/TCG
18:23:27     1000   1213174         -    1.00    1.00    0.00    0.00    2.00    19  qemu-system-aar
18:23:27     1000         -   1213174    1.00    0.00    0.00    0.00    1.00    19  |__qemu-system-aar
18:23:27     1000         -   1213181    0.00    0.00    0.00    0.00    0.00     2  |__call_rcu
18:23:27     1000         -   1213189    2.00    0.00    0.00    0.00    2.00    20  |__CPU 0/TCG
18:23:28     1000   1213174         -    1.00    1.00    0.00    0.00    2.00    19  qemu-system-aar
18:23:28     1000         -   1213174    0.00    1.00    0.00    0.00    1.00    19  |__qemu-system-aar
18:23:28     1000         -   1213181    0.00    0.00    0.00    0.00    0.00     2  |__call_rcu
18:23:28     1000         -   1213189    1.00    0.00    0.00    0.00    1.00    22  |__CPU 0/TCG
18:23:29     1000   1213174         -    1.00    1.00    0.00    0.00    2.00    21  qemu-system-aar
18:23:29     1000         -   1213174    0.00    1.00    0.00    0.00    1.00    21  |__qemu-system-aar
18:23:29     1000         -   1213181    0.00    0.00    0.00    0.00    0.00     2  |__call_rcu
18:23:29     1000         -   1213189    1.00    0.00    0.00    0.00    1.00    20  |__CPU 0/TCG
18:23:30     1000   1213174         -    2.00    1.00    0.00    0.00    3.00    21  qemu-system-aar
18:23:30     1000         -   1213174    0.00    0.00    0.00    0.00    0.00    21  |__qemu-system-aar
18:23:30     1000         -   1213181    0.00    0.00    0.00    0.00    0.00     2  |__call_rcu
18:23:30     1000         -   1213189    1.00    0.00    0.00    0.00    1.00    20  |__CPU 0/TCG
18:23:31     1000   1213174         -    0.00    1.00    0.00    0.00    1.00    21  qemu-system-aar
18:23:31     1000         -   1213174    0.00    1.00    0.00    0.00    1.00    21  |__qemu-system-aar
18:23:31     1000         -   1213181    0.00    0.00    0.00    0.00    0.00     2  |__call_rcu
18:23:31     1000         -   1213189    1.00    0.00    0.00    0.00    1.00     0  |__CPU 0/TCG
18:23:32     1000   1213174         -    0.99    0.99    0.00    0.00    1.98     0  qemu-system-aar
18:23:32     1000         -   1213174    0.00    0.00    0.00    0.00    0.00     0  |__qemu-system-aar
18:23:32     1000         -   1213181    0.00    0.00    0.00    0.00    0.00     2  |__call_rcu
18:23:32     1000         -   1213189    1.98    0.00    0.00    0.00    1.98     3  |__CPU 0/TCG
18:23:33     1000   1213174         -    2.00    1.00    0.00    0.00    3.00    21  qemu-system-aar
18:23:33     1000         -   1213174    0.00    1.00    0.00    0.00    1.00    21  |__qemu-system-aar
18:23:33     1000         -   1213181    0.00    0.00    0.00    0.00    0.00     2  |__call_rcu
18:23:33     1000         -   1213189    1.00    1.00    0.00    0.00    2.00    23  |__CPU 0/TCG
18:23:34     1000   1213174         -    1.00    0.00    0.00    0.00    1.00    21  qemu-system-aar
18:23:34     1000         -   1213174    0.00    0.00    0.00    0.00    0.00    21  |__qemu-system-aar
18:23:34     1000         -   1213181    0.00    0.00    0.00    0.00    0.00     2  |__call_rcu
18:23:34     1000         -   1213189    1.00    0.00    0.00    0.00    1.00    22  |__CPU 0/TCG
18:23:35     1000   1213174         -    1.00    1.00    0.00    0.00    2.00    21  qemu-system-aar
18:23:35     1000         -   1213174    0.00    1.00    0.00    0.00    1.00    21  |__qemu-system-aar
18:23:35     1000         -   1213181    0.00    0.00    0.00    0.00    0.00     2  |__call_rcu
18:23:35     1000         -   1213189    1.00    0.00    0.00    0.00    1.00     1  |__CPU 0/TCG
18:23:36     1000   1213174         -    1.00    1.00    0.00    0.00    2.00    21  qemu-system-aar
18:23:36     1000         -   1213174    1.00    0.00    0.00    0.00    1.00    21  |__qemu-system-aar
18:23:36     1000         -   1213181    0.00    0.00    0.00    0.00    0.00     2  |__call_rcu
18:23:36     1000         -   1213189    2.00    0.00    0.00    0.00    2.00     4  |__CPU 0/TCG
18:23:37     1000   1213174         -    1.00    1.00    0.00    0.00    2.00    21  qemu-system-aar
18:23:37     1000         -   1213174    0.00    1.00    0.00    0.00    1.00    21  |__qemu-system-aar
18:23:37     1000         -   1213181    0.00    0.00    0.00    0.00    0.00     2  |__call_rcu
18:23:37     1000         -   1213189    1.00    0.00    0.00    0.00    1.00    22  |__CPU 0/TCG
18:23:38     1000   1213174         -    1.00    1.00    0.00    0.00    2.00    22  qemu-system-aar
18:23:38     1000         -   1213174    0.00    0.00    0.00    0.00    0.00    22  |__qemu-system-aar
18:23:38     1000         -   1213181    0.00    0.00    0.00    0.00    0.00     2  |__call_rcu
18:23:38     1000         -   1213189    1.00    0.00    0.00    0.00    1.00     4  |__CPU 0/TCG
18:23:39     1000   1213174         -    1.00    1.00    0.00    0.00    2.00    21  qemu-system-aar
18:23:39     1000         -   1213174    0.00    1.00    0.00    0.00    1.00    21  |__qemu-system-aar
18:23:39     1000         -   1213181    0.00    0.00    0.00    0.00    0.00     2  |__call_rcu
18:23:39     1000         -   1213189    1.00    0.00    0.00    0.00    1.00    23  |__CPU 0/TCG
18:23:40     1000   1213174         -    1.00    1.00    0.00    0.00    2.00    22  qemu-system-aar
18:23:40     1000         -   1213174    0.00    0.00    0.00    0.00    0.00    22  |__qemu-system-aar
18:23:40     1000         -   1213181    0.00    0.00    0.00    0.00    0.00     2  |__call_rcu
18:23:40     1000         -   1213189    1.00    0.00    0.00    0.00    1.00    23  |__CPU 0/TCG
18:23:41     1000   1213174         -    2.00    0.00    0.00    0.00    2.00    22  qemu-system-aar
18:23:41     1000         -   1213174    0.00    1.00    0.00    0.00    1.00    22  |__qemu-system-aar
18:23:41     1000         -   1213181    0.00    0.00    0.00    0.00    0.00     2  |__call_rcu
18:23:41     1000         -   1213189    2.00    0.00    0.00    0.00    2.00    23  |__CPU 0/TCG
18:23:42     1000   1213174         -    1.00    1.00    0.00    0.00    2.00     4  qemu-system-aar
18:23:42     1000         -   1213174    1.00    0.00    0.00    0.00    1.00     4  |__qemu-system-aar
18:23:42     1000         -   1213181    0.00    0.00    0.00    0.00    0.00     2  |__call_rcu
18:23:42     1000         -   1213189    1.00    0.00    0.00    0.00    1.00    22  |__CPU 0/TCG
18:23:43     1000   1213174         -    1.00    1.00    0.00    0.00    2.00     2  qemu-system-aar
18:23:43     1000         -   1213174    0.00    1.00    0.00    0.00    1.00     2  |__qemu-system-aar
18:23:43     1000         -   1213181    0.00    0.00    0.00    0.00    0.00     2  |__call_rcu
18:23:43     1000         -   1213189    1.00    1.00    0.00    0.00    2.00     3  |__CPU 0/TCG
18:23:44     1000   1213174         -    1.00    1.00    0.00    0.00    2.00     3  qemu-system-aar
18:23:44     1000         -   1213174    0.00    0.00    0.00    0.00    0.00     3  |__qemu-system-aar
18:23:44     1000         -   1213181    0.00    0.00    0.00    0.00    0.00     2  |__call_rcu
18:23:44     1000         -   1213189    1.00    0.00    0.00    0.00    1.00     5  |__CPU 0/TCG
18:23:45     1000   1213174         -    2.00    0.00    0.00    0.00    2.00     3  qemu-system-aar
18:23:45     1000         -   1213174    0.00    1.00    0.00    0.00    1.00     3  |__qemu-system-aar
18:23:45     1000         -   1213181    0.00    0.00    0.00    0.00    0.00     2  |__call_rcu
18:23:45     1000         -   1213189    1.00    0.00    0.00    0.00    1.00     0  |__CPU 0/TCG
18:23:46     1000   1213174         -    1.00    1.00    0.00    0.00    2.00     2  qemu-system-aar
18:23:46     1000         -   1213174    0.00    1.00    0.00    0.00    1.00     2  |__qemu-system-aar
18:23:46     1000         -   1213181    0.00    0.00    0.00    0.00    0.00     2  |__call_rcu
18:23:46     1000         -   1213189    2.00    0.00    0.00    0.00    2.00     0  |__CPU 0/TCG
18:23:47     1000   1213174         -    1.00    2.00    0.00    0.00    3.00     3  qemu-system-aar
18:23:47     1000         -   1213174    0.00    0.00    0.00    0.00    0.00     3  |__qemu-system-aar
18:23:47     1000         -   1213181    0.00    0.00    0.00    0.00    0.00     2  |__call_rcu
18:23:47     1000         -   1213189    0.00    0.00    0.00    0.00    0.00     6  |__CPU 0/TCG
18:23:48     1000   1213174         -    0.00    1.00    0.00    0.00    1.00     5  qemu-system-aar
18:23:48     1000         -   1213174    0.00    1.00    0.00    0.00    1.00     5  |__qemu-system-aar
18:23:48     1000         -   1213181    0.00    0.00    0.00    0.00    0.00     2  |__call_rcu
18:23:48     1000         -   1213189    2.00    0.00    0.00    0.00    2.00     6  |__CPU 0/TCG
18:23:49     1000   1213174         -    2.00    1.00    0.00    0.00    3.00     4  qemu-system-aar
18:23:49     1000         -   1213174    0.00    0.00    0.00    0.00    0.00     4  |__qemu-system-aar
18:23:49     1000         -   1213181    0.00    0.00    0.00    0.00    0.00     2  |__call_rcu
18:23:49     1000         -   1213189    1.00    1.00    0.00    0.00    2.00     1  |__CPU 0/TCG
18:23:50     1000   1213174         -    1.00    0.00    0.00    0.00    1.00     1  qemu-system-aar
18:23:50     1000         -   1213174    0.00    1.00    0.00    0.00    1.00     1  |__qemu-system-aar
18:23:50     1000         -   1213181    0.00    0.00    0.00    0.00    0.00     2  |__call_rcu
18:23:50     1000         -   1213189    1.00    0.00    0.00    0.00    1.00     4  |__CPU 0/TCG
18:23:51     1000   1213174         -    1.00    1.00    0.00    0.00    2.00     4  qemu-system-aar
18:23:51     1000         -   1213174    0.00    1.00    0.00    0.00    1.00     4  |__qemu-system-aar
18:23:51     1000         -   1213181    0.00    0.00    0.00    0.00    0.00     2  |__call_rcu
18:23:51     1000         -   1213189    1.00    0.00    0.00    0.00    1.00     3  |__CPU 0/TCG
18:23:52     1000   1213174         -    1.00    1.00    0.00    0.00    2.00    17  qemu-system-aar
18:23:52     1000         -   1213174    0.00    0.00    0.00    0.00    0.00    17  |__qemu-system-aar
18:23:52     1000         -   1213181    0.00    0.00    0.00    0.00    0.00     2  |__call_rcu
18:23:52     1000         -   1213189    2.00    0.00    0.00    0.00    2.00     3  |__CPU 0/TCG
18:23:53     1000   1213174         -    1.00    1.00    0.00    0.00    2.00    17  qemu-system-aar
18:23:53     1000         -   1213174    1.00    1.00    0.00    0.00    2.00    17  |__qemu-system-aar
18:23:53     1000         -   1213181    0.00    0.00    0.00    0.00    0.00     2  |__call_rcu
18:23:53     1000         -   1213189    1.00    0.00    0.00    0.00    1.00     2  |__CPU 0/TCG
18:23:54     1000   1213174         -    2.00    1.00    0.00    0.00    3.00    17  qemu-system-aar
18:23:54     1000         -   1213174    0.00    0.00    0.00    0.00    0.00    17  |__qemu-system-aar
18:23:54     1000         -   1213181    0.00    0.00    0.00    0.00    0.00     2  |__call_rcu
18:23:54     1000         -   1213189    1.00    0.00    0.00    0.00    1.00     2  |__CPU 0/TCG
18:23:55     1000   1213174         -    1.00    0.00    0.00    0.00    1.00    21  qemu-system-aar
18:23:55     1000         -   1213174    0.00    1.00    0.00    0.00    1.00    21  |__qemu-system-aar
18:23:55     1000         -   1213181    0.00    0.00    0.00    0.00    0.00     2  |__call_rcu
18:23:55     1000         -   1213189    1.00    0.00    0.00    0.00    1.00     2  |__CPU 0/TCG
18:23:56     1000   1213174         -    1.00    1.00    0.00    0.00    2.00    21  qemu-system-aar
18:23:56     1000         -   1213174    0.00    0.00    0.00    0.00    0.00    21  |__qemu-system-aar
18:23:56     1000         -   1213181    0.00    0.00    0.00    0.00    0.00     2  |__call_rcu
18:23:56     1000         -   1213189    1.00    0.00    0.00    0.00    1.00     0  |__CPU 0/TCG
18:23:57     1000   1213174         -    1.00    1.00    0.00    0.00    2.00    21  qemu-system-aar
18:23:57     1000         -   1213174    0.00    1.00    0.00    0.00    1.00    21  |__qemu-system-aar
18:23:57     1000         -   1213181    0.00    0.00    0.00    0.00    0.00     2  |__call_rcu
18:23:57     1000         -   1213189    2.00    0.00    0.00    0.00    2.00     1  |__CPU 0/TCG
18:23:58     1000   1213174         -    2.00    0.00    0.00    0.00    2.00    21  qemu-system-aar
18:23:58     1000         -   1213174    0.00    0.00    0.00    0.00    0.00    21  |__qemu-system-aar
18:23:58     1000         -   1213181    0.00    0.00    0.00    0.00    0.00     2  |__call_rcu
18:23:58     1000         -   1213189    1.00    0.00    0.00    0.00    1.00     2  |__CPU 0/TCG
18:23:59     1000   1213174         -    1.00    1.00    0.00    0.00    2.00    23  qemu-system-aar
18:23:59     1000         -   1213174    1.00    1.00    0.00    0.00    2.00    23  |__qemu-system-aar
18:23:59     1000         -   1213181    0.00    0.00    0.00    0.00    0.00     2  |__call_rcu
18:23:59     1000         -   1213189    1.00    0.00    0.00    0.00    1.00    20  |__CPU 0/TCG
18:24:00     1000   1213174         -    1.00    1.00    0.00    0.00    2.00    21  qemu-system-aar
18:24:00     1000         -   1213174    0.00    0.00    0.00    0.00    0.00    21  |__qemu-system-aar
18:24:00     1000         -   1213181    0.00    0.00    0.00    0.00    0.00     2  |__call_rcu
18:24:00     1000         -   1213189    2.00    0.00    0.00    0.00    2.00    22  |__CPU 0/TCG
18:24:01     1000   1213174         -    2.00    0.00    0.00    0.00    2.00    21  qemu-system-aar
18:24:01     1000         -   1213174    0.00    1.00    0.00    0.00    1.00    21  |__qemu-system-aar
18:24:01     1000         -   1213181    0.00    0.00    0.00    0.00    0.00     2  |__call_rcu
18:24:01     1000         -   1213189    1.00    0.00    0.00    0.00    1.00    20  |__CPU 0/TCG
18:24:02     1000   1213174         -    1.00    1.00    0.00    0.00    2.00    21  qemu-system-aar
18:24:02     1000         -   1213174    0.00    0.00    0.00    0.00    0.00    21  |__qemu-system-aar
18:24:02     1000         -   1213181    0.00    0.00    0.00    0.00    0.00     2  |__call_rcu
18:24:02     1000         -   1213189    1.00    0.00    0.00    0.00    1.00    20  |__CPU 0/TCG
18:24:03     1000   1213174         -    1.00    1.00    0.00    0.00    2.00    23  qemu-system-aar
18:24:03     1000         -   1213174    0.00    1.00    0.00    0.00    1.00    23  |__qemu-system-aar
18:24:03     1000         -   1213181    0.00    0.00    0.00    0.00    0.00     2  |__call_rcu
18:24:03     1000         -   1213189    2.00    0.00    0.00    0.00    2.00    20  |__CPU 0/TCG
18:24:04     1000   1213174         -    1.00    0.00    0.00    0.00    1.00     0  qemu-system-aar
18:24:04     1000         -   1213174    0.00    0.00    0.00    0.00    0.00     0  |__qemu-system-aar
18:24:04     1000         -   1213181    0.00    0.00    0.00    0.00    0.00     2  |__call_rcu
18:24:04     1000         -   1213189    1.00    0.00    0.00    0.00    1.00    20  |__CPU 0/TCG
18:24:05     1000   1213174         -    1.00    1.00    0.00    0.00    2.00     1  qemu-system-aar
18:24:05     1000         -   1213174    0.00    1.00    0.00    0.00    1.00     1  |__qemu-system-aar
18:24:05     1000         -   1213181    0.00    0.00    0.00    0.00    0.00     2  |__call_rcu
18:24:05     1000         -   1213189    1.00    1.00    0.00    0.00    2.00    20  |__CPU 0/TCG
18:24:06     1000   1213174         -    1.00    1.00    0.00    0.00    2.00    23  qemu-system-aar
18:24:06     1000         -   1213174    0.00    0.00    0.00    0.00    0.00    23  |__qemu-system-aar
18:24:06     1000         -   1213181    0.00    0.00    0.00    0.00    0.00     2  |__call_rcu
18:24:06     1000         -   1213189    1.00    0.00    0.00    0.00    1.00     2  |__CPU 0/TCG
18:24:07     1000   1213174         -    1.00    2.00    0.00    0.00    3.00     4  qemu-system-aar
18:24:07     1000         -   1213174    0.00    1.00    0.00    0.00    1.00     4  |__qemu-system-aar
18:24:07     1000         -   1213181    0.00    0.00    0.00    0.00    0.00     2  |__call_rcu
18:24:07     1000         -   1213189    1.00    0.00    0.00    0.00    1.00     2  |__CPU 0/TCG
18:24:08     1000   1213174         -    1.00    0.00    0.00    0.00    1.00     3  qemu-system-aar
18:24:08     1000         -   1213174    0.00    1.00    0.00    0.00    1.00     3  |__qemu-system-aar
18:24:08     1000         -   1213181    0.00    0.00    0.00    0.00    0.00     2  |__call_rcu
18:24:08     1000         -   1213189    1.00    0.00    0.00    0.00    1.00     1  |__CPU 0/TCG
18:24:09     1000   1213174         -    1.00    1.00    0.00    0.00    2.00     6  qemu-system-aar
18:24:09     1000         -   1213174    1.00    0.00    0.00    0.00    1.00     6  |__qemu-system-aar
18:24:09     1000         -   1213181    0.00    0.00    0.00    0.00    0.00     2  |__call_rcu
18:24:09     1000         -   1213189    1.00    0.00    0.00    0.00    1.00     4  |__CPU 0/TCG
18:24:10     1000   1213174         -    2.00    0.00    0.00    0.00    2.00     6  qemu-system-aar
18:24:10     1000         -   1213174    0.00    1.00    0.00    0.00    1.00     6  |__qemu-system-aar
18:24:10     1000         -   1213181    0.00    0.00    0.00    0.00    0.00     2  |__call_rcu
18:24:10     1000         -   1213189    2.00    0.00    0.00    0.00    2.00     0  |__CPU 0/TCG
18:24:11     1000   1213174         -    2.00    1.00    0.00    0.00    3.00     6  qemu-system-aar
18:24:11     1000         -   1213174    0.00    0.00    0.00    0.00    0.00     6  |__qemu-system-aar
18:24:11     1000         -   1213181    0.00    0.00    0.00    0.00    0.00     2  |__call_rcu
18:24:11     1000         -   1213189    1.00    0.00    0.00    0.00    1.00     4  |__CPU 0/TCG
18:24:12     1000   1213174         -    0.00    1.00    0.00    0.00    1.00     3  qemu-system-aar
18:24:12     1000         -   1213174    0.00    1.00    0.00    0.00    1.00     3  |__qemu-system-aar
18:24:12     1000         -   1213181    0.00    0.00    0.00    0.00    0.00     2  |__call_rcu
18:24:12     1000         -   1213189    1.00    1.00    0.00    0.00    2.00     6  |__CPU 0/TCG
18:24:13     1000   1213174         -    1.00    1.00    0.00    0.00    2.00     4  qemu-system-aar
18:24:13     1000         -   1213174    0.00    0.00    0.00    0.00    0.00     4  |__qemu-system-aar
18:24:13     1000         -   1213181    0.00    0.00    0.00    0.00    0.00     2  |__call_rcu
18:24:13     1000         -   1213189    1.00    0.00    0.00    0.00    1.00     6  |__CPU 0/TCG
18:24:14     1000   1213174         -    2.00    1.00    0.00    0.00    3.00     5  qemu-system-aar
18:24:14     1000         -   1213174    0.00    1.00    0.00    0.00    1.00     5  |__qemu-system-aar
18:24:14     1000         -   1213181    0.00    0.00    0.00    0.00    0.00     2  |__call_rcu
18:24:14     1000         -   1213189    2.00    0.00    0.00    0.00    2.00     1  |__CPU 0/TCG
18:24:15     1000   1213174         -    0.00    1.00    0.00    0.00    1.00     5  qemu-system-aar
18:24:15     1000         -   1213174    0.00    0.00    0.00    0.00    0.00     5  |__qemu-system-aar
18:24:15     1000         -   1213181    0.00    0.00    0.00    0.00    0.00     2  |__call_rcu
18:24:15     1000         -   1213189    1.00    0.00    0.00    0.00    1.00    18  |__CPU 0/TCG
18:24:16     1000   1213174         -    2.00    1.00    0.00    0.00    3.00     6  qemu-system-aar
18:24:16     1000         -   1213174    0.00    1.00    0.00    0.00    1.00     6  |__qemu-system-aar
18:24:16     1000         -   1213181    0.00    0.00    0.00    0.00    0.00     2  |__call_rcu
18:24:16     1000         -   1213189    1.00    0.00    0.00    0.00    1.00    18  |__CPU 0/TCG
18:24:17     1000   1213174         -    0.00    1.00    0.00    0.00    1.00     5  qemu-system-aar
18:24:17     1000         -   1213174    1.00    0.00    0.00    0.00    1.00     5  |__qemu-system-aar
18:24:17     1000         -   1213181    0.00    0.00    0.00    0.00    0.00     2  |__call_rcu
18:24:17     1000         -   1213189    1.00    0.00    0.00    0.00    1.00    18  |__CPU 0/TCG
18:24:18     1000   1213174         -    1.00    1.00    0.00    0.00    2.00     5  qemu-system-aar
18:24:18     1000         -   1213174    0.00    1.00    0.00    0.00    1.00     5  |__qemu-system-aar
18:24:18     1000         -   1213181    0.00    0.00    0.00    0.00    0.00     2  |__call_rcu
18:24:18     1000         -   1213189    2.00    0.00    0.00    0.00    2.00     7  |__CPU 0/TCG
18:24:19     1000   1213174         -    1.00    1.00    0.00    0.00    2.00     5  qemu-system-aar
18:24:19     1000         -   1213174    0.00    1.00    0.00    0.00    1.00     5  |__qemu-system-aar
18:24:19     1000         -   1213181    0.00    0.00    0.00    0.00    0.00     2  |__call_rcu
18:24:19     1000         -   1213189    1.00    0.00    0.00    0.00    1.00     6  |__CPU 0/TCG
18:24:20     1000   1213174         -    1.00    1.00    0.00    0.00    2.00     5  qemu-system-aar
18:24:20     1000         -   1213174    0.00    0.00    0.00    0.00    0.00     5  |__qemu-system-aar
18:24:20     1000         -   1213181    0.00    0.00    0.00    0.00    0.00     2  |__call_rcu
18:24:20     1000         -   1213189    1.00    0.00    0.00    0.00    1.00     2  |__CPU 0/TCG
18:24:21     1000   1213174         -    1.00    1.00    0.00    0.00    2.00     6  qemu-system-aar
18:24:21     1000         -   1213174    0.00    1.00    0.00    0.00    1.00     6  |__qemu-system-aar
18:24:21     1000         -   1213181    0.00    0.00    0.00    0.00    0.00     2  |__call_rcu
18:24:21     1000         -   1213189    2.00    0.00    0.00    0.00    2.00     2  |__CPU 0/TCG
18:24:22     1000   1213174         -    1.00    1.00    0.00    0.00    2.00     5  qemu-system-aar
18:24:22     1000         -   1213174    0.00    1.00    0.00    0.00    1.00     5  |__qemu-system-aar
18:24:22     1000         -   1213181    0.00    0.00    0.00    0.00    0.00     2  |__call_rcu
18:24:22     1000         -   1213189    0.00    0.00    0.00    0.00    0.00     6  |__CPU 0/TCG
18:24:23     1000   1213174         -    1.00    1.00    0.00    0.00    2.00     7  qemu-system-aar
18:24:23     1000         -   1213174    0.00    0.00    0.00    0.00    0.00     7  |__qemu-system-aar
18:24:23     1000         -   1213181    0.00    0.00    0.00    0.00    0.00     2  |__call_rcu
18:24:23     1000         -   1213189    2.00    0.00    0.00    0.00    2.00    18  |__CPU 0/TCG
18:24:24     1000   1213174         -    1.00    1.00    0.00    0.00    2.00     6  qemu-system-aar
18:24:24     1000         -   1213174    0.00    1.00    0.00    0.00    1.00     6  |__qemu-system-aar
18:24:24     1000         -   1213181    0.00    0.00    0.00    0.00    0.00     2  |__call_rcu
18:24:24     1000         -   1213189    1.00    0.00    0.00    0.00    1.00    18  |__CPU 0/TCG
18:24:25     1000   1213174         -    0.00    1.00    0.00    0.00    1.00     7  qemu-system-aar
18:24:25     1000         -   1213174    0.00    0.00    0.00    0.00    0.00     7  |__qemu-system-aar
18:24:25     1000         -   1213181    0.00    0.00    0.00    0.00    0.00     2  |__call_rcu
18:24:25     1000         -   1213189    1.00    0.00    0.00    0.00    1.00    16  |__CPU 0/TCG
18:24:26     1000   1213174         -    2.00    1.00    0.00    0.00    3.00     6  qemu-system-aar
18:24:26     1000         -   1213174    0.00    1.00    0.00    0.00    1.00     6  |__qemu-system-aar
18:24:26     1000         -   1213181    0.00    0.00    0.00    0.00    0.00     2  |__call_rcu
18:24:26     1000         -   1213189    1.00    1.00    0.00    0.00    2.00    16  |__CPU 0/TCG
18:24:27     1000   1213174         -    1.00    1.00    0.00    0.00    2.00     7  qemu-system-aar
18:24:27     1000         -   1213174    1.00    0.00    0.00    0.00    1.00     7  |__qemu-system-aar
18:24:27     1000         -   1213181    0.00    0.00    0.00    0.00    0.00     2  |__call_rcu
18:24:27     1000         -   1213189    1.00    0.00    0.00    0.00    1.00    16  |__CPU 0/TCG
18:24:28     1000   1213174         -    1.00    1.00    0.00    0.00    2.00     6  qemu-system-aar
18:24:28     1000         -   1213174    0.00    1.00    0.00    0.00    1.00     6  |__qemu-system-aar
18:24:28     1000         -   1213181    0.00    0.00    0.00    0.00    0.00     2  |__call_rcu
18:24:28     1000         -   1213189    1.00    0.00    0.00    0.00    1.00    18  |__CPU 0/TCG
18:24:29     1000   1213174         -    1.00    1.00    0.00    0.00    2.00     6  qemu-system-aar
18:24:29     1000         -   1213174    0.00    0.00    0.00    0.00    0.00     6  |__qemu-system-aar
18:24:29     1000         -   1213181    0.00    0.00    0.00    0.00    0.00     2  |__call_rcu
18:24:29     1000         -   1213189    2.00    0.00    0.00    0.00    2.00    19  |__CPU 0/TCG
18:24:30     1000   1213174         -    1.00    0.00    0.00    0.00    1.00    16  qemu-system-aar
18:24:30     1000         -   1213174    0.00    1.00    0.00    0.00    1.00    16  |__qemu-system-aar
18:24:30     1000         -   1213181    0.00    0.00    0.00    0.00    0.00     2  |__call_rcu
18:24:30     1000         -   1213189    1.00    0.00    0.00    0.00    1.00     0  |__CPU 0/TCG
18:24:31     1000   1213174         -    2.00    0.00    0.00    0.00    2.00    16  qemu-system-aar
18:24:31     1000         -   1213174    0.00    0.00    0.00    0.00    0.00    16  |__qemu-system-aar
18:24:31     1000         -   1213181    0.00    0.00    0.00    0.00    0.00     2  |__call_rcu
18:24:31     1000         -   1213189    1.00    0.00    0.00    0.00    1.00    18  |__CPU 0/TCG
18:24:32     1000   1213174         -    1.00    1.00    0.00    0.00    2.00    16  qemu-system-aar
18:24:32     1000         -   1213174    1.00    0.00    0.00    0.00    1.00    16  |__qemu-system-aar
18:24:32     1000         -   1213181    0.00    0.00    0.00    0.00    0.00     2  |__call_rcu
18:24:32     1000         -   1213189    1.00    0.00    0.00    0.00    1.00     4  |__CPU 0/TCG
18:24:33     1000   1213174         -    2.00    0.00    0.00    0.00    2.00    18  qemu-system-aar
18:24:33     1000         -   1213174    0.00    1.00    0.00    0.00    1.00    18  |__qemu-system-aar
18:24:33     1000         -   1213181    0.00    0.00    0.00    0.00    0.00     2  |__call_rcu
18:24:33     1000         -   1213189    1.00    0.00    0.00    0.00    1.00     4  |__CPU 0/TCG
18:24:34     1000   1213174         -    2.00    1.00    0.00    0.00    3.00    16  qemu-system-aar
18:24:34     1000         -   1213174    0.00    0.00    0.00    0.00    0.00    16  |__qemu-system-aar
18:24:34     1000         -   1213181    0.00    0.00    0.00    0.00    0.00     2  |__call_rcu
18:24:34     1000         -   1213189    1.00    1.00    0.00    0.00    2.00     4  |__CPU 0/TCG
18:24:35     1000   1213174         -    1.00    0.00    0.00    0.00    1.00    16  qemu-system-aar
18:24:35     1000         -   1213174    1.00    0.00    0.00    0.00    1.00    16  |__qemu-system-aar
18:24:35     1000         -   1213181    0.00    0.00    0.00    0.00    0.00     2  |__call_rcu
18:24:35     1000         -   1213189    2.00    0.00    0.00    0.00    2.00    17  |__CPU 0/TCG
18:24:36     1000   1213174         -    1.00    1.00    0.00    0.00    2.00    18  qemu-system-aar
18:24:36     1000         -   1213174    0.00    1.00    0.00    0.00    1.00    18  |__qemu-system-aar
18:24:36     1000         -   1213181    0.00    0.00    0.00    0.00    0.00     2  |__call_rcu
18:24:36     1000         -   1213189    1.00    0.00    0.00    0.00    1.00     4  |__CPU 0/TCG
18:24:37     1000   1213174         -    1.00    1.00    0.00    0.00    2.00    16  qemu-system-aar
18:24:37     1000         -   1213174    0.00    1.00    0.00    0.00    1.00    16  |__qemu-system-aar
18:24:37     1000         -   1213181    0.00    0.00    0.00    0.00    0.00     2  |__call_rcu
18:24:37     1000         -   1213189    1.00    0.00    0.00    0.00    1.00     3  |__CPU 0/TCG
18:24:38     1000   1213174         -    1.00    1.00    0.00    0.00    2.00    19  qemu-system-aar
18:24:38     1000         -   1213174    0.00    0.00    0.00    0.00    0.00    19  |__qemu-system-aar
18:24:38     1000         -   1213181    0.00    0.00    0.00    0.00    0.00     2  |__call_rcu
18:24:38     1000         -   1213189    1.00    0.00    0.00    0.00    1.00     2  |__CPU 0/TCG
18:24:39     1000   1213174         -    2.00    1.00    0.00    0.00    3.00    19  qemu-system-aar
18:24:39     1000         -   1213174    0.00    1.00    0.00    0.00    1.00    19  |__qemu-system-aar
18:24:39     1000         -   1213181    0.00    0.00    0.00    0.00    0.00     2  |__call_rcu
18:24:39     1000         -   1213189    1.00    0.00    0.00    0.00    1.00     2  |__CPU 0/TCG
18:24:40     1000   1213174         -    0.00    1.00    0.00    0.00    1.00    16  qemu-system-aar
18:24:40     1000         -   1213174    0.00    0.00    0.00    0.00    0.00    16  |__qemu-system-aar
18:24:40     1000         -   1213181    0.00    0.00    0.00    0.00    0.00     2  |__call_rcu
18:24:40     1000         -   1213189    1.00    0.00    0.00    0.00    1.00    20  |__CPU 0/TCG
18:24:41     1000   1213174         -    1.00    1.00    0.00    0.00    2.00    16  qemu-system-aar
18:24:41     1000         -   1213174    0.00    1.00    0.00    0.00    1.00    16  |__qemu-system-aar
18:24:41     1000         -   1213181    0.00    0.00    0.00    0.00    0.00     2  |__call_rcu
18:24:41     1000         -   1213189    1.00    0.00    0.00    0.00    1.00    20  |__CPU 0/TCG
18:24:42     1000   1213174         -    1.00    0.00    0.00    0.00    1.00    19  qemu-system-aar
18:24:42     1000         -   1213174    1.00    0.00    0.00    0.00    1.00    19  |__qemu-system-aar
18:24:42     1000         -   1213181    0.00    0.00    0.00    0.00    0.00     2  |__call_rcu
18:24:42     1000         -   1213189    1.00    0.00    0.00    0.00    1.00    20  |__CPU 0/TCG
18:24:43     1000   1213174         -    2.00    1.00    0.00    0.00    3.00    19  qemu-system-aar
18:24:43     1000         -   1213174    0.00    1.00    0.00    0.00    1.00    19  |__qemu-system-aar
18:24:43     1000         -   1213181    0.00    0.00    0.00    0.00    0.00     2  |__call_rcu
18:24:43     1000         -   1213189    2.00    0.00    0.00    0.00    2.00     9  |__CPU 0/TCG
18:24:44     1000   1213174         -    0.00    1.00    0.00    0.00    1.00    16  qemu-system-aar
18:24:44     1000         -   1213174    0.00    0.00    0.00    0.00    0.00    16  |__qemu-system-aar
18:24:44     1000         -   1213181    0.00    0.00    0.00    0.00    0.00     2  |__call_rcu
18:24:44     1000         -   1213189    1.00    0.00    0.00    0.00    1.00    23  |__CPU 0/TCG
18:24:45     1000   1213174         -    2.00    1.00    0.00    0.00    3.00    16  qemu-system-aar
18:24:45     1000         -   1213174    0.00    1.00    0.00    0.00    1.00    16  |__qemu-system-aar
18:24:45     1000         -   1213181    0.00    0.00    0.00    0.00    0.00     2  |__call_rcu
18:24:45     1000         -   1213189    1.00    0.00    0.00    0.00    1.00    17  |__CPU 0/TCG
18:24:46     1000   1213174         -    1.00    1.00    0.00    0.00    2.00    16  qemu-system-aar
18:24:46     1000         -   1213174    0.00    0.00    0.00    0.00    0.00    16  |__qemu-system-aar
18:24:46     1000         -   1213181    0.00    0.00    0.00    0.00    0.00     2  |__call_rcu
18:24:46     1000         -   1213189    2.00    0.00    0.00    0.00    2.00    20  |__CPU 0/TCG
18:24:47     1000   1213174         -    1.00    0.00    0.00    0.00    1.00     5  qemu-system-aar
18:24:47     1000         -   1213174    1.00    1.00    0.00    0.00    2.00     5  |__qemu-system-aar
18:24:47     1000         -   1213181    0.00    0.00    0.00    0.00    0.00     2  |__call_rcu
18:24:47     1000         -   1213189    1.00    0.00    0.00    0.00    1.00    20  |__CPU 0/TCG
18:24:48     1000   1213174         -    1.00    1.00    0.00    0.00    2.00     5  qemu-system-aar
18:24:48     1000         -   1213174    0.00    0.00    0.00    0.00    0.00     5  |__qemu-system-aar
18:24:48     1000         -   1213181    0.00    0.00    0.00    0.00    0.00     2  |__call_rcu
18:24:48     1000         -   1213189    1.00    0.00    0.00    0.00    1.00    20  |__CPU 0/TCG
18:24:49     1000   1213174         -    1.00    1.00    0.00    0.00    2.00    16  qemu-system-aar
18:24:49     1000         -   1213174    0.00    1.00    0.00    0.00    1.00    16  |__qemu-system-aar
18:24:49     1000         -   1213181    0.00    0.00    0.00    0.00    0.00     2  |__call_rcu
18:24:49     1000         -   1213189    1.00    1.00    0.00    0.00    2.00     0  |__CPU 0/TCG
18:24:50     1000   1213174         -    2.00    1.00    0.00    0.00    3.00    16  qemu-system-aar
18:24:50     1000         -   1213174    0.00    1.00    0.00    0.00    1.00    16  |__qemu-system-aar
18:24:50     1000         -   1213181    0.00    0.00    0.00    0.00    0.00     2  |__call_rcu
18:24:50     1000         -   1213189    2.00    0.00    0.00    0.00    2.00    20  |__CPU 0/TCG
18:24:51     1000   1213174         -    1.00    1.00    0.00    0.00    2.00     5  qemu-system-aar
18:24:51     1000         -   1213174    0.00    0.00    0.00    0.00    0.00     5  |__qemu-system-aar
18:24:51     1000         -   1213181    0.00    0.00    0.00    0.00    0.00     2  |__call_rcu
18:24:51     1000         -   1213189    1.00    0.00    0.00    0.00    1.00    20  |__CPU 0/TCG
18:24:52     1000   1213174         -    1.00    1.00    0.00    0.00    2.00    19  qemu-system-aar
18:24:52     1000         -   1213174    0.00    1.00    0.00    0.00    1.00    19  |__qemu-system-aar
18:24:52     1000         -   1213181    0.00    0.00    0.00    0.00    0.00     2  |__call_rcu
18:24:52     1000         -   1213189    1.00    0.00    0.00    0.00    1.00    20  |__CPU 0/TCG
18:24:53     1000   1213174         -    0.00    1.00    0.00    0.00    1.00    18  qemu-system-aar
18:24:53     1000         -   1213174    0.00    0.00    0.00    0.00    0.00    18  |__qemu-system-aar
18:24:53     1000         -   1213181    0.00    0.00    0.00    0.00    0.00     2  |__call_rcu
18:24:53     1000         -   1213189    1.00    0.00    0.00    0.00    1.00     0  |__CPU 0/TCG
18:24:54     1000   1213174         -    2.00    1.00    0.00    0.00    3.00    19  qemu-system-aar
18:24:54     1000         -   1213174    0.00    1.00    0.00    0.00    1.00    19  |__qemu-system-aar
18:24:54     1000         -   1213181    0.00    0.00    0.00    0.00    0.00     2  |__call_rcu
18:24:54     1000         -   1213189    2.00    0.00    0.00    0.00    2.00    20  |__CPU 0/TCG
18:24:55     1000   1213174         -    1.00    1.00    0.00    0.00    2.00     1  qemu-system-aar
18:24:55     1000         -   1213174    0.00    1.00    0.00    0.00    1.00     1  |__qemu-system-aar
18:24:55     1000         -   1213181    0.00    0.00    0.00    0.00    0.00     2  |__call_rcu
18:24:55     1000         -   1213189    1.00    0.00    0.00    0.00    1.00     0  |__CPU 0/TCG
18:24:56     1000   1213174         -    1.00    1.00    0.00    0.00    2.00    18  qemu-system-aar
18:24:56     1000         -   1213174    0.00    0.00    0.00    0.00    0.00    18  |__qemu-system-aar
18:24:56     1000         -   1213181    0.00    0.00    0.00    0.00    0.00     2  |__call_rcu
18:24:56     1000         -   1213189    1.00    0.00    0.00    0.00    1.00    19  |__CPU 0/TCG
18:24:57     1000   1213174         -    1.00    0.00    0.00    0.00    1.00    18  qemu-system-aar
18:24:57     1000         -   1213174    1.00    0.00    0.00    0.00    1.00    18  |__qemu-system-aar
18:24:57     1000         -   1213181    0.00    0.00    0.00    0.00    0.00     2  |__call_rcu
18:24:57     1000         -   1213189    2.00    0.00    0.00    0.00    2.00     4  |__CPU 0/TCG
18:24:58     1000   1213174         -    2.00    1.00    0.00    0.00    3.00    18  qemu-system-aar
18:24:58     1000         -   1213174    0.00    1.00    0.00    0.00    1.00    18  |__qemu-system-aar
18:24:58     1000         -   1213181    0.00    0.00    0.00    0.00    0.00     2  |__call_rcu
18:24:58     1000         -   1213189    1.00    0.00    0.00    0.00    1.00    21  |__CPU 0/TCG
18:24:59     1000   1213174         -    1.00    1.00    0.00    0.00    2.00    18  qemu-system-aar
18:24:59     1000         -   1213174    0.00    0.00    0.00    0.00    0.00    18  |__qemu-system-aar
18:24:59     1000         -   1213181    0.00    0.00    0.00    0.00    0.00     2  |__call_rcu
18:24:59     1000         -   1213189    1.00    0.00    0.00    0.00    1.00    19  |__CPU 0/TCG
18:25:00     1000   1213174         -    2.00    0.00    0.00    0.00    2.00    12  qemu-system-aar
18:25:00     1000         -   1213174    1.00    1.00    0.00    0.00    2.00    12  |__qemu-system-aar
18:25:00     1000         -   1213181    0.00    0.00    0.00    0.00    0.00     2  |__call_rcu
18:25:00     1000         -   1213189    1.00    0.00    0.00    0.00    1.00    14  |__CPU 0/TCG
18:25:01     1000   1213174         -    1.00    1.00    0.00    0.00    2.00    12  qemu-system-aar
18:25:01     1000         -   1213174    0.00    0.00    0.00    0.00    0.00    12  |__qemu-system-aar
18:25:01     1000         -   1213181    0.00    0.00    0.00    0.00    0.00     2  |__call_rcu
18:25:01     1000         -   1213189    1.00    0.00    0.00    0.00    1.00    13  |__CPU 0/TCG
18:25:02     1000   1213174         -    1.00    0.00    0.00    0.00    1.00    12  qemu-system-aar
18:25:02     1000         -   1213174    0.00    0.00    0.00    0.00    0.00    12  |__qemu-system-aar
18:25:02     1000         -   1213181    0.00    0.00    0.00    0.00    0.00     2  |__call_rcu
18:25:02     1000         -   1213189    2.00    0.00    0.00    0.00    2.00     9  |__CPU 0/TCG
18:25:03     1000   1213174         -    1.00    1.00    0.00    0.00    2.00    10  qemu-system-aar
18:25:03     1000         -   1213174    0.00    1.00    0.00    0.00    1.00    10  |__qemu-system-aar
18:25:03     1000         -   1213181    0.00    0.00    0.00    0.00    0.00     2  |__call_rcu
18:25:03     1000         -   1213189    1.00    0.00    0.00    0.00    1.00    13  |__CPU 0/TCG
18:25:04     1000   1213174         -    1.00    1.00    0.00    0.00    2.00    12  qemu-system-aar
18:25:04     1000         -   1213174    0.00    1.00    0.00    0.00    1.00    12  |__qemu-system-aar
18:25:04     1000         -   1213181    0.00    0.00    0.00    0.00    0.00     2  |__call_rcu
18:25:04     1000         -   1213189    1.00    0.00    0.00    0.00    1.00    11  |__CPU 0/TCG
18:25:05     1000   1213174         -    1.00    2.00    0.00    0.00    3.00    13  qemu-system-aar
18:25:05     1000         -   1213174    1.00    0.00    0.00    0.00    1.00    13  |__qemu-system-aar
18:25:05     1000         -   1213181    0.00    0.00    0.00    0.00    0.00     2  |__call_rcu
18:25:05     1000         -   1213189    1.00    1.00    0.00    0.00    2.00    11  |__CPU 0/TCG
18:25:06     1000   1213174         -    1.00    0.00    0.00    0.00    1.00    14  qemu-system-aar
18:25:06     1000         -   1213174    0.00    1.00    0.00    0.00    1.00    14  |__qemu-system-aar
18:25:06     1000         -   1213181    0.00    0.00    0.00    0.00    0.00     2  |__call_rcu
18:25:06     1000         -   1213189    2.00    0.00    0.00    0.00    2.00    15  |__CPU 0/TCG
18:25:07     1000   1213174         -    2.00    1.00    0.00    0.00    3.00    13  qemu-system-aar
18:25:07     1000         -   1213174    0.00    0.00    0.00    0.00    0.00    13  |__qemu-system-aar
18:25:07     1000         -   1213181    0.00    0.00    0.00    0.00    0.00     2  |__call_rcu
18:25:07     1000         -   1213189    1.00    0.00    0.00    0.00    1.00    15  |__CPU 0/TCG
18:25:08     1000   1213174         -    0.00    1.00    0.00    0.00    1.00    14  qemu-system-aar
18:25:08     1000         -   1213174    0.00    1.00    0.00    0.00    1.00    14  |__qemu-system-aar
18:25:08     1000         -   1213181    0.00    0.00    0.00    0.00    0.00     2  |__call_rcu
18:25:08     1000         -   1213189    1.00    0.00    0.00    0.00    1.00    15  |__CPU 0/TCG
18:25:09     1000   1213174         -    2.00    1.00    0.00    0.00    3.00    15  qemu-system-aar
18:25:09     1000         -   1213174    1.00    0.00    0.00    0.00    1.00    15  |__qemu-system-aar
18:25:09     1000         -   1213181    0.00    0.00    0.00    0.00    0.00     2  |__call_rcu
18:25:09     1000         -   1213189    1.00    0.00    0.00    0.00    1.00    25  |__CPU 0/TCG
18:25:10     1000   1213174         -    1.00    0.00    0.00    0.00    1.00    15  qemu-system-aar
18:25:10     1000         -   1213174    0.00    0.00    0.00    0.00    0.00    15  |__qemu-system-aar
18:25:10     1000         -   1213181    0.00    0.00    0.00    0.00    0.00     2  |__call_rcu
18:25:10     1000         -   1213189    2.00    0.00    0.00    0.00    2.00    25  |__CPU 0/TCG
18:25:11     1000   1213174         -    2.00    1.00    0.00    0.00    3.00    15  qemu-system-aar
18:25:11     1000         -   1213174    0.00    1.00    0.00    0.00    1.00    15  |__qemu-system-aar
18:25:11     1000         -   1213181    0.00    0.00    0.00    0.00    0.00     2  |__call_rcu
18:25:11     1000         -   1213189    1.00    0.00    0.00    0.00    1.00    27  |__CPU 0/TCG
18:25:12     1000   1213174         -    0.00    1.00    0.00    0.00    1.00    12  qemu-system-aar
18:25:12     1000         -   1213174    0.00    0.00    0.00    0.00    0.00    12  |__qemu-system-aar
18:25:12     1000         -   1213181    0.00    0.00    0.00    0.00    0.00     2  |__call_rcu
18:25:12     1000         -   1213189    1.00    0.00    0.00    0.00    1.00    13  |__CPU 0/TCG
18:25:13     1000   1213174         -    2.00    1.00    0.00    0.00    3.00    15  qemu-system-aar
18:25:13     1000         -   1213174    0.00    1.00    0.00    0.00    1.00    15  |__qemu-system-aar
18:25:13     1000         -   1213181    0.00    0.00    0.00    0.00    0.00     2  |__call_rcu
18:25:13     1000         -   1213189    1.00    0.00    0.00    0.00    1.00    13  |__CPU 0/TCG
18:25:14     1000   1213174         -    1.00    1.00    0.00    0.00    2.00     5  qemu-system-aar
18:25:14     1000         -   1213174    0.00    0.00    0.00    0.00    0.00     5  |__qemu-system-aar
18:25:14     1000         -   1213181    0.00    0.00    0.00    0.00    0.00     2  |__call_rcu
18:25:14     1000         -   1213189    2.00    0.00    0.00    0.00    2.00     3  |__CPU 0/TCG
18:25:15     1000   1213174         -    1.00    0.00    0.00    0.00    1.00     6  qemu-system-aar
18:25:15     1000         -   1213174    0.00    1.00    0.00    0.00    1.00     6  |__qemu-system-aar
18:25:15     1000         -   1213181    0.00    0.00    0.00    0.00    0.00     2  |__call_rcu
18:25:15     1000         -   1213189    1.00    0.00    0.00    0.00    1.00     7  |__CPU 0/TCG
18:25:16     1000   1213174         -    1.00    2.00    0.00    0.00    3.00     7  qemu-system-aar
18:25:16     1000         -   1213174    0.00    1.00    0.00    0.00    1.00     7  |__qemu-system-aar
18:25:16     1000         -   1213181    0.00    0.00    0.00    0.00    0.00     2  |__call_rcu
18:25:16     1000         -   1213189    1.00    1.00    0.00    0.00    2.00    18  |__CPU 0/TCG
18:25:17     1000   1213174         -    1.00    0.00    0.00    0.00    1.00     7  qemu-system-aar
18:25:17     1000         -   1213174    1.00    0.00    0.00    0.00    1.00     7  |__qemu-system-aar
18:25:17     1000         -   1213181    0.00    0.00    0.00    0.00    0.00     2  |__call_rcu
18:25:17     1000         -   1213189    1.00    0.00    0.00    0.00    1.00    19  |__CPU 0/TCG
18:25:18     1000   1213174         -    1.00    1.00    0.00    0.00    2.00     7  qemu-system-aar
18:25:18     1000         -   1213174    0.00    1.00    0.00    0.00    1.00     7  |__qemu-system-aar
18:25:18     1000         -   1213181    0.00    0.00    0.00    0.00    0.00     2  |__call_rcu
18:25:18     1000         -   1213189    1.00    0.00    0.00    0.00    1.00    18  |__CPU 0/TCG
18:25:19     1000   1213174         -    1.00    1.00    0.00    0.00    2.00     7  qemu-system-aar
18:25:19     1000         -   1213174    0.00    0.00    0.00    0.00    0.00     7  |__qemu-system-aar
18:25:19     1000         -   1213181    0.00    0.00    0.00    0.00    0.00     2  |__call_rcu
18:25:19     1000         -   1213189    0.00    0.00    0.00    0.00    0.00    18  |__CPU 0/TCG
18:25:20     1000   1213174         -    0.00    1.00    0.00    0.00    1.00     7  qemu-system-aar
18:25:20     1000         -   1213174    0.00    1.00    0.00    0.00    1.00     7  |__qemu-system-aar
18:25:20     1000         -   1213181    0.00    0.00    0.00    0.00    0.00     2  |__call_rcu
18:25:20     1000         -   1213189    2.00    0.00    0.00    0.00    2.00    18  |__CPU 0/TCG
18:25:21     1000   1213174         -    2.00    1.00    0.00    0.00    3.00     7  qemu-system-aar
18:25:21     1000         -   1213174    0.00    0.00    0.00    0.00    0.00     7  |__qemu-system-aar
18:25:21     1000         -   1213181    0.00    0.00    0.00    0.00    0.00     2  |__call_rcu
18:25:21     1000         -   1213189    1.00    0.00    0.00    0.00    1.00    18  |__CPU 0/TCG
18:25:22     1000   1213174         -    1.00    1.00    0.00    0.00    2.00    16  qemu-system-aar
18:25:22     1000         -   1213174    0.00    1.00    0.00    0.00    1.00    16  |__qemu-system-aar
18:25:22     1000         -   1213181    0.00    0.00    0.00    0.00    0.00     2  |__call_rcu
18:25:22     1000         -   1213189    1.00    0.00    0.00    0.00    1.00     2  |__CPU 0/TCG
18:25:23     1000   1213174         -    1.00    1.00    0.00    0.00    2.00    17  qemu-system-aar
18:25:23     1000         -   1213174    0.00    1.00    0.00    0.00    1.00    17  |__qemu-system-aar
18:25:23     1000         -   1213181    0.00    0.00    0.00    0.00    0.00     2  |__call_rcu
18:25:23     1000         -   1213189    1.00    0.00    0.00    0.00    1.00    19  |__CPU 0/TCG
18:25:24     1000   1213174         -    1.00    1.00    0.00    0.00    2.00    17  qemu-system-aar
18:25:24     1000         -   1213174    0.00    0.00    0.00    0.00    0.00    17  |__qemu-system-aar
18:25:24     1000         -   1213181    0.00    0.00    0.00    0.00    0.00     2  |__call_rcu
18:25:24     1000         -   1213189    2.00    0.00    0.00    0.00    2.00    19  |__CPU 0/TCG
18:25:25     1000   1213174         -    1.00    1.00    0.00    0.00    2.00     7  qemu-system-aar
18:25:25     1000         -   1213174    0.00    1.00    0.00    0.00    1.00     7  |__qemu-system-aar
18:25:25     1000         -   1213181    0.00    0.00    0.00    0.00    0.00     2  |__call_rcu
18:25:25     1000         -   1213189    1.00    0.00    0.00    0.00    1.00    18  |__CPU 0/TCG
18:25:26     1000   1213174         -    1.00    0.00    0.00    0.00    1.00     7  qemu-system-aar
18:25:26     1000         -   1213174    1.00    0.00    0.00    0.00    1.00     7  |__qemu-system-aar
18:25:26     1000         -   1213181    0.00    0.00    0.00    0.00    0.00     2  |__call_rcu
18:25:26     1000         -   1213189    1.00    1.00    0.00    0.00    2.00     1  |__CPU 0/TCG
18:25:27     1000   1213174         -    2.00    1.00    0.00    0.00    3.00    17  qemu-system-aar
18:25:27     1000         -   1213174    0.00    0.00    0.00    0.00    0.00    17  |__qemu-system-aar
18:25:27     1000         -   1213181    0.00    0.00    0.00    0.00    0.00     2  |__call_rcu
18:25:27     1000         -   1213189    1.00    0.00    0.00    0.00    1.00     1  |__CPU 0/TCG
18:25:28     1000   1213174         -    1.00    0.00    0.00    0.00    1.00    17  qemu-system-aar
18:25:28     1000         -   1213174    0.00    1.00    0.00    0.00    1.00    17  |__qemu-system-aar
18:25:28     1000         -   1213181    0.00    0.00    0.00    0.00    0.00     2  |__call_rcu
18:25:28     1000         -   1213189    2.00    0.00    0.00    0.00    2.00     4  |__CPU 0/TCG
18:25:29     1000   1213174         -    2.00    1.00    0.00    0.00    3.00    17  qemu-system-aar
18:25:29     1000         -   1213174    0.00    0.00    0.00    0.00    0.00    17  |__qemu-system-aar
18:25:29     1000         -   1213181    0.00    0.00    0.00    0.00    0.00     2  |__call_rcu
18:25:29     1000         -   1213189    1.00    0.00    0.00    0.00    1.00    19  |__CPU 0/TCG
18:25:30     1000   1213174         -    1.00    1.00    0.00    0.00    2.00     3  qemu-system-aar
18:25:30     1000         -   1213174    1.00    1.00    0.00    0.00    2.00     3  |__qemu-system-aar
18:25:30     1000         -   1213181    0.00    0.00    0.00    0.00    0.00     2  |__call_rcu
18:25:30     1000         -   1213189    1.00    0.00    0.00    0.00    1.00    17  |__CPU 0/TCG
18:25:31     1000   1213174         -    0.00    1.00    0.00    0.00    1.00     5  qemu-system-aar
18:25:31     1000         -   1213174    0.00    0.00    0.00    0.00    0.00     5  |__qemu-system-aar
18:25:31     1000         -   1213181    0.00    0.00    0.00    0.00    0.00     2  |__call_rcu
18:25:31     1000         -   1213189    2.00    0.00    0.00    0.00    2.00    17  |__CPU 0/TCG
18:25:32     1000   1213174         -    1.00    1.00    0.00    0.00    2.00     3  qemu-system-aar
18:25:32     1000         -   1213174    0.00    1.00    0.00    0.00    1.00     3  |__qemu-system-aar
18:25:32     1000         -   1213181    0.00    0.00    0.00    0.00    0.00     2  |__call_rcu
18:25:32     1000         -   1213189    1.00    0.00    0.00    0.00    1.00     0  |__CPU 0/TCG
18:25:33     1000   1213174         -    1.00    1.00    0.00    0.00    2.00     5  qemu-system-aar
18:25:33     1000         -   1213174    0.00    1.00    0.00    0.00    1.00     5  |__qemu-system-aar
18:25:33     1000         -   1213181    0.00    0.00    0.00    0.00    0.00     2  |__call_rcu
18:25:33     1000         -   1213189    1.00    0.00    0.00    0.00    1.00     2  |__CPU 0/TCG
18:25:34     1000   1213174         -    1.00    1.00    0.00    0.00    2.00     5  qemu-system-aar
18:25:34     1000         -   1213174    0.00    0.00    0.00    0.00    0.00     5  |__qemu-system-aar
18:25:34     1000         -   1213181    0.00    0.00    0.00    0.00    0.00     2  |__call_rcu
18:25:34     1000         -   1213189    1.00    0.00    0.00    0.00    1.00     3  |__CPU 0/TCG
18:25:35     1000   1213174         -    1.00    1.00    0.00    0.00    2.00     1  qemu-system-aar
18:25:35     1000         -   1213174    0.00    1.00    0.00    0.00    1.00     1  |__qemu-system-aar
18:25:35     1000         -   1213181    0.00    0.00    0.00    0.00    0.00     2  |__call_rcu
18:25:35     1000         -   1213189    2.00    0.00    0.00    0.00    2.00     5  |__CPU 0/TCG
18:25:36     1000   1213174         -    2.00    1.00    0.00    0.00    3.00     1  qemu-system-aar
18:25:36     1000         -   1213174    0.00    0.00    0.00    0.00    0.00     1  |__qemu-system-aar
18:25:36     1000         -   1213181    0.00    0.00    0.00    0.00    0.00     2  |__call_rcu
18:25:36     1000         -   1213189    1.00    0.00    0.00    0.00    1.00     0  |__CPU 0/TCG
18:25:37     1000   1213174         -    1.00    0.00    0.00    0.00    1.00     1  qemu-system-aar
18:25:37     1000         -   1213174    0.00    1.00    0.00    0.00    1.00     1  |__qemu-system-aar
18:25:37     1000         -   1213181    0.00    0.00    0.00    0.00    0.00     2  |__call_rcu
18:25:37     1000         -   1213189    1.00    0.00    0.00    0.00    1.00     6  |__CPU 0/TCG
18:25:38     1000   1213174         -    1.00    1.00    0.00    0.00    2.00     5  qemu-system-aar
18:25:38     1000         -   1213174    0.00    0.00    0.00    0.00    0.00     5  |__qemu-system-aar
18:25:38     1000         -   1213181    0.00    0.00    0.00    0.00    0.00     2  |__call_rcu
18:25:38     1000         -   1213189    1.00    0.00    0.00    0.00    1.00     0  |__CPU 0/TCG
18:25:39     1000   1213174         -    2.00    1.00    0.00    0.00    3.00     6  qemu-system-aar
18:25:39     1000         -   1213174    1.00    0.00    0.00    0.00    1.00     6  |__qemu-system-aar
18:25:39     1000         -   1213181    0.00    0.00    0.00    0.00    0.00     2  |__call_rcu
18:25:39     1000         -   1213189    2.00    0.00    0.00    0.00    2.00    17  |__CPU 0/TCG
18:25:40     1000   1213174         -    1.00    0.00    0.00    0.00    1.00     0  qemu-system-aar
18:25:40     1000         -   1213174    0.00    1.00    0.00    0.00    1.00     0  |__qemu-system-aar
18:25:40     1000         -   1213181    0.00    0.00    0.00    0.00    0.00     2  |__call_rcu
18:25:40     1000         -   1213189    1.00    0.00    0.00    0.00    1.00     3  |__CPU 0/TCG
18:25:41     1000   1213174         -    1.00    1.00    0.00    0.00    2.00     5  qemu-system-aar
18:25:41     1000         -   1213174    0.00    1.00    0.00    0.00    1.00     5  |__qemu-system-aar
18:25:41     1000         -   1213181    0.00    0.00    0.00    0.00    0.00     2  |__call_rcu
18:25:41     1000         -   1213189    1.00    0.00    0.00    0.00    1.00     3  |__CPU 0/TCG
18:25:42     1000   1213174         -    1.00    1.00    0.00    0.00    2.00     5  qemu-system-aar
18:25:42     1000         -   1213174    0.00    0.00    0.00    0.00    0.00     5  |__qemu-system-aar
18:25:42     1000         -   1213181    0.00    0.00    0.00    0.00    0.00     2  |__call_rcu
18:25:42     1000         -   1213189    2.00    0.00    0.00    0.00    2.00     2  |__CPU 0/TCG
18:25:43     1000   1213174         -    1.00    1.00    0.00    0.00    2.00     4  qemu-system-aar
18:25:43     1000         -   1213174    0.00    1.00    0.00    0.00    1.00     4  |__qemu-system-aar
18:25:43     1000         -   1213181    0.00    0.00    0.00    0.00    0.00     2  |__call_rcu
18:25:43     1000         -   1213189    1.00    0.00    0.00    0.00    1.00     6  |__CPU 0/TCG
18:25:44     1000   1213174         -    1.00    1.00    0.00    0.00    2.00     6  qemu-system-aar
18:25:44     1000         -   1213174    0.00    0.00    0.00    0.00    0.00     6  |__qemu-system-aar
18:25:44     1000         -   1213181    0.00    0.00    0.00    0.00    0.00     2  |__call_rcu
18:25:44     1000         -   1213189    1.00    1.00    0.00    0.00    2.00     1  |__CPU 0/TCG
18:25:45     1000   1213174         -    2.00    1.00    0.00    0.00    3.00     5  qemu-system-aar
18:25:45     1000         -   1213174    1.00    1.00    0.00    0.00    2.00     5  |__qemu-system-aar
18:25:45     1000         -   1213181    0.00    0.00    0.00    0.00    0.00     2  |__call_rcu
18:25:45     1000         -   1213189    1.00    0.00    0.00    0.00    1.00     1  |__CPU 0/TCG
18:25:46     1000   1213174         -    1.00    0.00    0.00    0.00    1.00     6  qemu-system-aar
18:25:46     1000         -   1213174    0.00    0.00    0.00    0.00    0.00     6  |__qemu-system-aar
18:25:46     1000         -   1213181    0.00    0.00    0.00    0.00    0.00     2  |__call_rcu
18:25:46     1000         -   1213189    1.00    0.00    0.00    0.00    1.00     1  |__CPU 0/TCG
18:25:47     1000   1213174         -    1.00    2.00    0.00    0.00    3.00     6  qemu-system-aar
18:25:47     1000         -   1213174    0.00    1.00    0.00    0.00    1.00     6  |__qemu-system-aar
18:25:47     1000         -   1213181    0.00    0.00    0.00    0.00    0.00     2  |__call_rcu
18:25:47     1000         -   1213189    2.00    0.00    0.00    0.00    2.00     7  |__CPU 0/TCG
18:25:48     1000   1213174         -    1.00    0.00    0.00    0.00    1.00     5  qemu-system-aar
18:25:48     1000         -   1213174    0.00    0.00    0.00    0.00    0.00     5  |__qemu-system-aar
18:25:48     1000         -   1213181    0.00    0.00    0.00    0.00    0.00     2  |__call_rcu
18:25:48     1000         -   1213189    1.00    0.00    0.00    0.00    1.00     3  |__CPU 0/TCG
18:25:49     1000   1213174         -    1.00    1.00    0.00    0.00    2.00     1  qemu-system-aar
18:25:49     1000         -   1213174    0.00    1.00    0.00    0.00    1.00     1  |__qemu-system-aar
18:25:49     1000         -   1213181    0.00    0.00    0.00    0.00    0.00     2  |__call_rcu
18:25:49     1000         -   1213189    1.00    0.00    0.00    0.00    1.00     6  |__CPU 0/TCG
18:25:50     1000   1213174         -    1.00    1.00    0.00    0.00    2.00     5  qemu-system-aar
18:25:50     1000         -   1213174    0.00    1.00    0.00    0.00    1.00     5  |__qemu-system-aar
18:25:50     1000         -   1213181    0.00    0.00    0.00    0.00    0.00     2  |__call_rcu
18:25:50     1000         -   1213189    1.00    0.00    0.00    0.00    1.00     3  |__CPU 0/TCG
18:25:51     1000   1213174         -    1.00    1.00    0.00    0.00    2.00     6  qemu-system-aar
18:25:51     1000         -   1213174    0.00    0.00    0.00    0.00    0.00     6  |__qemu-system-aar
18:25:51     1000         -   1213181    0.00    0.00    0.00    0.00    0.00     2  |__call_rcu
18:25:51     1000         -   1213189    2.00    0.00    0.00    0.00    2.00     2  |__CPU 0/TCG
18:25:52     1000   1213174         -    2.00    0.00    0.00    0.00    2.00     5  qemu-system-aar
18:25:52     1000         -   1213174    0.00    0.00    0.00    0.00    0.00     5  |__qemu-system-aar
18:25:52     1000         -   1213181    0.00    0.00    0.00    0.00    0.00     2  |__call_rcu
18:25:52     1000         -   1213189    1.00    0.00    0.00    0.00    1.00     2  |__CPU 0/TCG
18:25:53     1000   1213174         -    1.00    1.00    0.00    0.00    2.00     6  qemu-system-aar
18:25:53     1000         -   1213174    1.00    1.00    0.00    0.00    2.00     6  |__qemu-system-aar
18:25:53     1000         -   1213181    0.00    0.00    0.00    0.00    0.00     2  |__call_rcu
18:25:53     1000         -   1213189    1.00    0.00    0.00    0.00    1.00     0  |__CPU 0/TCG
18:25:54     1000   1213174         -    1.00    1.00    0.00    0.00    2.00     7  qemu-system-aar
18:25:54     1000         -   1213174    0.00    1.00    0.00    0.00    1.00     7  |__qemu-system-aar
18:25:54     1000         -   1213181    0.00    0.00    0.00    0.00    0.00     2  |__call_rcu
18:25:54     1000         -   1213189    1.00    0.00    0.00    0.00    1.00    20  |__CPU 0/TCG
18:25:55     1000   1213174         -    1.00    1.00    0.00    0.00    2.00     5  qemu-system-aar
18:25:55     1000         -   1213174    0.00    0.00    0.00    0.00    0.00     5  |__qemu-system-aar
18:25:55     1000         -   1213181    0.00    0.00    0.00    0.00    0.00     2  |__call_rcu
18:25:55     1000         -   1213189    2.00    0.00    0.00    0.00    2.00    20  |__CPU 0/TCG
18:25:56     1000   1213174         -    1.00    1.00    0.00    0.00    2.00     6  qemu-system-aar
18:25:56     1000         -   1213174    0.00    1.00    0.00    0.00    1.00     6  |__qemu-system-aar
18:25:56     1000         -   1213181    0.00    0.00    0.00    0.00    0.00     2  |__call_rcu
18:25:56     1000         -   1213189    1.00    0.00    0.00    0.00    1.00     0  |__CPU 0/TCG
18:25:57     1000   1213174         -    2.00    0.00    0.00    0.00    2.00     5  qemu-system-aar
18:25:57     1000         -   1213174    0.00    0.00    0.00    0.00    0.00     5  |__qemu-system-aar
18:25:57     1000         -   1213181    0.00    0.00    0.00    0.00    0.00     2  |__call_rcu
18:25:57     1000         -   1213189    1.00    0.00    0.00    0.00    1.00    20  |__CPU 0/TCG
18:25:58     1000   1213174         -    1.00    1.00    0.00    0.00    2.00     5  qemu-system-aar
18:25:58     1000         -   1213174    0.00    1.00    0.00    0.00    1.00     5  |__qemu-system-aar
18:25:58     1000         -   1213181    0.00    0.00    0.00    0.00    0.00     2  |__call_rcu
18:25:58     1000         -   1213189    1.00    0.00    0.00    0.00    1.00     3  |__CPU 0/TCG
18:25:59     1000   1213174         -    2.00    0.00    0.00    0.00    2.00     6  qemu-system-aar
18:25:59     1000         -   1213174    0.00    0.00    0.00    0.00    0.00     6  |__qemu-system-aar
18:25:59     1000         -   1213181    0.00    0.00    0.00    0.00    0.00     2  |__call_rcu
18:25:59     1000         -   1213189    2.00    0.00    0.00    0.00    2.00     2  |__CPU 0/TCG
18:26:00     1000   1213174         -    1.00    1.00    0.00    0.00    2.00     6  qemu-system-aar
18:26:00     1000         -   1213174    0.00    1.00    0.00    0.00    1.00     6  |__qemu-system-aar
18:26:00     1000         -   1213181    0.00    0.00    0.00    0.00    0.00     2  |__call_rcu
18:26:00     1000         -   1213189    1.00    0.00    0.00    0.00    1.00     7  |__CPU 0/TCG
18:26:01     1000   1213174         -    1.00    0.00    0.00    0.00    1.00     5  qemu-system-aar
18:26:01     1000         -   1213174    1.00    0.00    0.00    0.00    1.00     5  |__qemu-system-aar
18:26:01     1000         -   1213181    0.00    0.00    0.00    0.00    0.00     2  |__call_rcu
18:26:01     1000         -   1213189    1.00    0.00    0.00    0.00    1.00     6  |__CPU 0/TCG
18:26:02     1000   1213174         -    1.00    1.00    0.00    0.00    2.00     5  qemu-system-aar
18:26:02     1000         -   1213174    0.00    1.00    0.00    0.00    1.00     5  |__qemu-system-aar
18:26:02     1000         -   1213181    0.00    0.00    0.00    0.00    0.00     2  |__call_rcu
18:26:02     1000         -   1213189    2.00    0.00    0.00    0.00    2.00     6  |__CPU 0/TCG
18:26:03     1000   1213174         -    1.00    1.00    0.00    0.00    2.00     7  qemu-system-aar
18:26:03     1000         -   1213174    0.00    1.00    0.00    0.00    1.00     7  |__qemu-system-aar
18:26:03     1000         -   1213181    0.00    0.00    0.00    0.00    0.00     2  |__call_rcu
18:26:03     1000         -   1213189    1.00    0.00    0.00    0.00    1.00     4  |__CPU 0/TCG
18:26:04     1000   1213174         -    2.00    1.00    0.00    0.00    3.00     7  qemu-system-aar
18:26:04     1000         -   1213174    0.00    0.00    0.00    0.00    0.00     7  |__qemu-system-aar
18:26:04     1000         -   1213181    0.00    0.00    0.00    0.00    0.00     2  |__call_rcu
18:26:04     1000         -   1213189    1.00    0.00    0.00    0.00    1.00    19  |__CPU 0/TCG
18:26:05     1000   1213174         -    1.00    1.00    0.00    0.00    2.00     6  qemu-system-aar
18:26:05     1000         -   1213174    0.00    1.00    0.00    0.00    1.00     6  |__qemu-system-aar
18:26:05     1000         -   1213181    0.00    0.00    0.00    0.00    0.00     2  |__call_rcu
18:26:05     1000         -   1213189    2.00    0.00    0.00    0.00    2.00    16  |__CPU 0/TCG
18:26:06     1000   1213174         -    1.00    1.00    0.00    0.00    2.00     5  qemu-system-aar
18:26:06     1000         -   1213174    0.00    0.00    0.00    0.00    0.00     5  |__qemu-system-aar
18:26:06     1000         -   1213181    0.00    0.00    0.00    0.00    0.00     2  |__call_rcu
18:26:06     1000         -   1213189    1.00    0.00    0.00    0.00    1.00     0  |__CPU 0/TCG
18:26:07     1000   1213174         -    1.00    1.00    0.00    0.00    2.00    16  qemu-system-aar
18:26:07     1000         -   1213174    0.00    1.00    0.00    0.00    1.00    16  |__qemu-system-aar
18:26:07     1000         -   1213181    0.00    0.00    0.00    0.00    0.00     2  |__call_rcu
18:26:07     1000         -   1213189    1.00    0.00    0.00    0.00    1.00    18  |__CPU 0/TCG
18:26:08     1000   1213174         -    1.00    0.00    0.00    0.00    1.00     5  qemu-system-aar
18:26:08     1000         -   1213174    1.00    0.00    0.00    0.00    1.00     5  |__qemu-system-aar
18:26:08     1000         -   1213181    0.00    0.00    0.00    0.00    0.00     2  |__call_rcu
18:26:08     1000         -   1213189    1.00    0.00    0.00    0.00    1.00     1  |__CPU 0/TCG
18:26:09     1000   1213174         -    1.00    1.00    0.00    0.00    2.00     5  qemu-system-aar
18:26:09     1000         -   1213174    0.00    1.00    0.00    0.00    1.00     5  |__qemu-system-aar
18:26:09     1000         -   1213181    0.00    0.00    0.00    0.00    0.00     2  |__call_rcu
18:26:09     1000         -   1213189    1.00    1.00    0.00    0.00    2.00     6  |__CPU 0/TCG
18:26:10     1000   1213174         -    1.00    2.00    0.00    0.00    3.00     5  qemu-system-aar
18:26:10     1000         -   1213174    0.00    0.00    0.00    0.00    0.00     5  |__qemu-system-aar
18:26:10     1000         -   1213181    0.00    0.00    0.00    0.00    0.00     2  |__call_rcu
18:26:10     1000         -   1213189    1.00    0.00    0.00    0.00    1.00     2  |__CPU 0/TCG
18:26:11     1000   1213174         -    1.00    0.00    0.00    0.00    1.00     5  qemu-system-aar
18:26:11     1000         -   1213174    0.00    1.00    0.00    0.00    1.00     5  |__qemu-system-aar
18:26:11     1000         -   1213181    0.00    0.00    0.00    0.00    0.00     2  |__call_rcu
18:26:11     1000         -   1213189    2.00    0.00    0.00    0.00    2.00     1  |__CPU 0/TCG
18:26:12     1000   1213174         -    2.00    1.00    0.00    0.00    3.00     5  qemu-system-aar
18:26:12     1000         -   1213174    0.00    0.00    0.00    0.00    0.00     5  |__qemu-system-aar
18:26:12     1000         -   1213181    0.00    0.00    0.00    0.00    0.00     2  |__call_rcu
18:26:12     1000         -   1213189    1.00    0.00    0.00    0.00    1.00     6  |__CPU 0/TCG
18:26:13     1000   1213174         -    1.00    0.00    0.00    0.00    1.00     6  qemu-system-aar
18:26:13     1000         -   1213174    0.00    1.00    0.00    0.00    1.00     6  |__qemu-system-aar
18:26:13     1000         -   1213181    0.00    0.00    0.00    0.00    0.00     2  |__call_rcu
18:26:13     1000         -   1213189    1.00    0.00    0.00    0.00    1.00     3  |__CPU 0/TCG
18:26:14     1000   1213174         -    2.00    0.00    0.00    0.00    2.00     7  qemu-system-aar
18:26:14     1000         -   1213174    0.00    0.00    0.00    0.00    0.00     7  |__qemu-system-aar
18:26:14     1000         -   1213181    0.00    0.00    0.00    0.00    0.00     2  |__call_rcu
18:26:14     1000         -   1213189    2.00    0.00    0.00    0.00    2.00    17  |__CPU 0/TCG
18:26:15     1000   1213174         -    1.00    1.00    0.00    0.00    2.00     7  qemu-system-aar
18:26:15     1000         -   1213174    1.00    1.00    0.00    0.00    2.00     7  |__qemu-system-aar
18:26:15     1000         -   1213181    0.00    0.00    0.00    0.00    0.00     2  |__call_rcu
18:26:15     1000         -   1213189    1.00    0.00    0.00    0.00    1.00    17  |__CPU 0/TCG
18:26:16     1000   1213174         -    2.00    1.00    0.00    0.00    3.00     7  qemu-system-aar
18:26:16     1000         -   1213174    0.00    0.00    0.00    0.00    0.00     7  |__qemu-system-aar
18:26:16     1000         -   1213181    0.00    0.00    0.00    0.00    0.00     2  |__call_rcu
18:26:16     1000         -   1213189    1.00    0.00    0.00    0.00    1.00     4  |__CPU 0/TCG
18:26:17     1000   1213174         -    1.00    0.00    0.00    0.00    1.00    16  qemu-system-aar
18:26:17     1000         -   1213174    0.00    1.00    0.00    0.00    1.00    16  |__qemu-system-aar
18:26:17     1000         -   1213181    0.00    0.00    0.00    0.00    0.00     2  |__call_rcu
18:26:17     1000         -   1213189    1.00    0.00    0.00    0.00    1.00     0  |__CPU 0/TCG
18:26:18     1000   1213174         -    1.00    1.00    0.00    0.00    2.00    17  qemu-system-aar
18:26:18     1000         -   1213174    0.00    0.00    0.00    0.00    0.00    17  |__qemu-system-aar
18:26:18     1000         -   1213181    0.00    0.00    0.00    0.00    0.00     2  |__call_rcu
18:26:18     1000         -   1213189    2.00    0.00    0.00    0.00    2.00     4  |__CPU 0/TCG
18:26:19     1000   1213174         -    1.00    1.00    0.00    0.00    2.00    17  qemu-system-aar
18:26:19     1000         -   1213174    0.00    1.00    0.00    0.00    1.00    17  |__qemu-system-aar
18:26:19     1000         -   1213181    0.00    0.00    0.00    0.00    0.00     2  |__call_rcu
18:26:19     1000         -   1213189    1.00    0.00    0.00    0.00    1.00     4  |__CPU 0/TCG
18:26:20     1000   1213174         -    1.00    1.00    0.00    0.00    2.00    17  qemu-system-aar
18:26:20     1000         -   1213174    0.00    0.00    0.00    0.00    0.00    17  |__qemu-system-aar
18:26:20     1000         -   1213181    0.00    0.00    0.00    0.00    0.00     2  |__call_rcu
18:26:20     1000         -   1213189    1.00    0.00    0.00    0.00    1.00     4  |__CPU 0/TCG
18:26:21     1000   1213174         -    2.00    1.00    0.00    0.00    3.00     7  qemu-system-aar
18:26:21     1000         -   1213174    1.00    1.00    0.00    0.00    2.00     7  |__qemu-system-aar
18:26:21     1000         -   1213181    0.00    0.00    0.00    0.00    0.00     2  |__call_rcu
18:26:21     1000         -   1213189    1.00    0.00    0.00    0.00    1.00    17  |__CPU 0/TCG
18:26:22     1000   1213174         -    0.00    1.00    0.00    0.00    1.00     7  qemu-system-aar
18:26:22     1000         -   1213174    0.00    0.00    0.00    0.00    0.00     7  |__qemu-system-aar
18:26:22     1000         -   1213181    0.00    0.00    0.00    0.00    0.00     2  |__call_rcu
18:26:22     1000         -   1213189    1.00    1.00    0.00    0.00    2.00     4  |__CPU 0/TCG
18:26:23     1000   1213174         -    1.00    1.00    0.00    0.00    2.00    17  qemu-system-aar
18:26:23     1000         -   1213174    0.00    1.00    0.00    0.00    1.00    17  |__qemu-system-aar
18:26:23     1000         -   1213181    0.00    0.00    0.00    0.00    0.00     2  |__call_rcu
18:26:23     1000         -   1213189    1.00    0.00    0.00    0.00    1.00     5  |__CPU 0/TCG
18:26:24     1000   1213174         -    1.00    1.00    0.00    0.00    2.00     7  qemu-system-aar
18:26:24     1000         -   1213174    0.00    1.00    0.00    0.00    1.00     7  |__qemu-system-aar
18:26:24     1000         -   1213181    0.00    0.00    0.00    0.00    0.00     2  |__call_rcu
18:26:24     1000         -   1213189    2.00    0.00    0.00    0.00    2.00    17  |__CPU 0/TCG
18:26:25     1000   1213174         -    1.00    1.00    0.00    0.00    2.00    17  qemu-system-aar
18:26:25     1000         -   1213174    0.00    0.00    0.00    0.00    0.00    17  |__qemu-system-aar
18:26:25     1000         -   1213181    0.00    0.00    0.00    0.00    0.00     2  |__call_rcu
18:26:25     1000         -   1213189    1.00    0.00    0.00    0.00    1.00    16  |__CPU 0/TCG
18:26:26     1000   1213174         -    2.00    0.00    0.00    0.00    2.00     7  qemu-system-aar
18:26:26     1000         -   1213174    0.00    1.00    0.00    0.00    1.00     7  |__qemu-system-aar
18:26:26     1000         -   1213181    0.00    0.00    0.00    0.00    0.00     2  |__call_rcu
18:26:26     1000         -   1213189    1.00    0.00    0.00    0.00    1.00    16  |__CPU 0/TCG
18:26:27     1000   1213174         -    1.00    1.00    0.00    0.00    2.00    17  qemu-system-aar
18:26:27     1000         -   1213174    0.00    0.00    0.00    0.00    0.00    17  |__qemu-system-aar
18:26:27     1000         -   1213181    0.00    0.00    0.00    0.00    0.00     2  |__call_rcu
18:26:27     1000         -   1213189    2.00    0.00    0.00    0.00    2.00    18  |__CPU 0/TCG
18:26:28     1000   1213174         -    1.00    1.00    0.00    0.00    2.00     7  qemu-system-aar
18:26:28     1000         -   1213174    0.00    1.00    0.00    0.00    1.00     7  |__qemu-system-aar
18:26:28     1000         -   1213181    0.00    0.00    0.00    0.00    0.00     2  |__call_rcu
18:26:28     1000         -   1213189    1.00    0.00    0.00    0.00    1.00    19  |__CPU 0/TCG
18:26:29     1000   1213174         -    1.00    1.00    0.00    0.00    2.00     7  qemu-system-aar
18:26:29     1000         -   1213174    1.00    0.00    0.00    0.00    1.00     7  |__qemu-system-aar
18:26:29     1000         -   1213181    0.00    0.00    0.00    0.00    0.00     2  |__call_rcu
18:26:29     1000         -   1213189    1.00    0.00    0.00    0.00    1.00    19  |__CPU 0/TCG
18:26:30     1000   1213174         -    1.00    0.00    0.00    0.00    1.00     7  qemu-system-aar
18:26:30     1000         -   1213174    0.00    1.00    0.00    0.00    1.00     7  |__qemu-system-aar
18:26:30     1000         -   1213181    0.00    0.00    0.00    0.00    0.00     2  |__call_rcu
18:26:30     1000         -   1213189    1.00    0.00    0.00    0.00    1.00    19  |__CPU 0/TCG
18:26:31     1000   1213174         -    1.00    2.00    0.00    0.00    3.00     1  qemu-system-aar
18:26:31     1000         -   1213174    0.00    0.00    0.00    0.00    0.00     1  |__qemu-system-aar
18:26:31     1000         -   1213181    0.00    0.00    0.00    0.00    0.00     2  |__call_rcu
18:26:31     1000         -   1213189    1.00    0.00    0.00    0.00    1.00     3  |__CPU 0/TCG
18:26:32     1000   1213174         -    2.00    0.00    0.00    0.00    2.00     3  qemu-system-aar
18:26:32     1000         -   1213174    0.00    1.00    0.00    0.00    1.00     3  |__qemu-system-aar
18:26:32     1000         -   1213181    0.00    0.00    0.00    0.00    0.00     2  |__call_rcu
18:26:32     1000         -   1213189    2.00    0.00    0.00    0.00    2.00     2  |__CPU 0/TCG
18:26:33     1000   1213174         -    1.00    1.00    0.00    0.00    2.00     1  qemu-system-aar
18:26:33     1000         -   1213174    0.00    0.00    0.00    0.00    0.00     1  |__qemu-system-aar
18:26:33     1000         -   1213181    0.00    0.00    0.00    0.00    0.00     2  |__call_rcu
18:26:33     1000         -   1213189    1.00    0.00    0.00    0.00    1.00     7  |__CPU 0/TCG
18:26:34     1000   1213174         -    0.00    1.00    0.00    0.00    1.00     1  qemu-system-aar
18:26:34     1000         -   1213174    0.00    1.00    0.00    0.00    1.00     1  |__qemu-system-aar
18:26:34     1000         -   1213181    0.00    0.00    0.00    0.00    0.00     2  |__call_rcu
18:26:34     1000         -   1213189    1.00    0.00    0.00    0.00    1.00     3  |__CPU 0/TCG
18:26:35     1000   1213174         -    1.00    1.00    0.00    0.00    2.00     1  qemu-system-aar
18:26:35     1000         -   1213174    0.00    1.00    0.00    0.00    1.00     1  |__qemu-system-aar
18:26:35     1000         -   1213181    0.00    0.00    0.00    0.00    0.00     2  |__call_rcu
18:26:35     1000         -   1213189    2.00    0.00    0.00    0.00    2.00     3  |__CPU 0/TCG
18:26:36     1000   1213174         -    2.00    1.00    0.00    0.00    3.00     4  qemu-system-aar
18:26:36     1000         -   1213174    0.00    0.00    0.00    0.00    0.00     4  |__qemu-system-aar
18:26:36     1000         -   1213181    0.00    0.00    0.00    0.00    0.00     2  |__call_rcu
18:26:36     1000         -   1213189    1.00    0.00    0.00    0.00    1.00     1  |__CPU 0/TCG
18:26:37     1000   1213174         -    1.00    1.00    0.00    0.00    2.00     3  qemu-system-aar
18:26:37     1000         -   1213174    0.00    1.00    0.00    0.00    1.00     3  |__qemu-system-aar
18:26:37     1000         -   1213181    0.00    0.00    0.00    0.00    0.00     2  |__call_rcu
18:26:37     1000         -   1213189    1.00    0.00    0.00    0.00    1.00     1  |__CPU 0/TCG
18:26:38     1000   1213174         -    1.00    0.00    0.00    0.00    1.00     3  qemu-system-aar
18:26:38     1000         -   1213174    0.00    0.00    0.00    0.00    0.00     3  |__qemu-system-aar
18:26:38     1000         -   1213181    0.00    0.00    0.00    0.00    0.00     2  |__call_rcu
18:26:38     1000         -   1213189    1.00    0.00    0.00    0.00    1.00     4  |__CPU 0/TCG
18:26:39     1000   1213174         -    1.00    1.00    0.00    0.00    2.00     3  qemu-system-aar
18:26:39     1000         -   1213174    0.00    1.00    0.00    0.00    1.00     3  |__qemu-system-aar
18:26:39     1000         -   1213181    0.00    0.00    0.00    0.00    0.00     2  |__call_rcu
18:26:39     1000         -   1213189    2.00    0.00    0.00    0.00    2.00     5  |__CPU 0/TCG
18:26:40     1000   1213174         -    1.00    1.00    0.00    0.00    2.00     5  qemu-system-aar
18:26:40     1000         -   1213174    1.00    0.00    0.00    0.00    1.00     5  |__qemu-system-aar
18:26:40     1000         -   1213181    0.00    0.00    0.00    0.00    0.00     2  |__call_rcu
18:26:40     1000         -   1213189    1.00    0.00    0.00    0.00    1.00     6  |__CPU 0/TCG
18:26:41     1000   1213174         -    1.00    1.00    0.00    0.00    2.00     7  qemu-system-aar
18:26:41     1000         -   1213174    0.00    1.00    0.00    0.00    1.00     7  |__qemu-system-aar
18:26:41     1000         -   1213181    0.00    0.00    0.00    0.00    0.00     2  |__call_rcu
18:26:41     1000         -   1213189    1.00    0.00    0.00    0.00    1.00     2  |__CPU 0/TCG
18:26:42     1000   1213174         -    1.00    1.00    0.00    0.00    2.00     5  qemu-system-aar
18:26:42     1000         -   1213174    0.00    1.00    0.00    0.00    1.00     5  |__qemu-system-aar
18:26:42     1000         -   1213181    0.00    0.00    0.00    0.00    0.00     2  |__call_rcu
18:26:42     1000         -   1213189    1.00    0.00    0.00    0.00    1.00     7  |__CPU 0/TCG
18:26:43     1000   1213174         -    1.00    1.00    0.00    0.00    2.00     4  qemu-system-aar
18:26:43     1000         -   1213174    0.00    0.00    0.00    0.00    0.00     4  |__qemu-system-aar
18:26:43     1000         -   1213181    0.00    0.00    0.00    0.00    0.00     2  |__call_rcu
18:26:43     1000         -   1213189    2.00    0.00    0.00    0.00    2.00     5  |__CPU 0/TCG
18:26:44     1000   1213174         -    1.00    1.00    0.00    0.00    2.00    20  qemu-system-aar
18:26:44     1000         -   1213174    0.00    1.00    0.00    0.00    1.00    20  |__qemu-system-aar
18:26:44     1000         -   1213181    0.00    0.00    0.00    0.00    0.00     2  |__call_rcu
18:26:44     1000         -   1213189    1.00    1.00    0.00    0.00    2.00     2  |__CPU 0/TCG
18:26:45     1000   1213174         -    1.00    1.00    0.00    0.00    2.00    19  qemu-system-aar
18:26:45     1000         -   1213174    0.00    0.00    0.00    0.00    0.00    19  |__qemu-system-aar
18:26:45     1000         -   1213181    0.00    0.00    0.00    0.00    0.00     2  |__call_rcu
18:26:45     1000         -   1213189    1.00    0.00    0.00    0.00    1.00    20  |__CPU 0/TCG
18:26:46     1000   1213174         -    1.00    0.00    0.00    0.00    1.00    22  qemu-system-aar
18:26:46     1000         -   1213174    0.00    1.00    0.00    0.00    1.00    22  |__qemu-system-aar
18:26:46     1000         -   1213181    0.00    0.00    0.00    0.00    0.00     2  |__call_rcu
18:26:46     1000         -   1213189    1.00    0.00    0.00    0.00    1.00    20  |__CPU 0/TCG
18:26:47     1000   1213174         -    2.00    1.00    0.00    0.00    3.00    22  qemu-system-aar
18:26:47     1000         -   1213174    1.00    0.00    0.00    0.00    1.00    22  |__qemu-system-aar
18:26:47     1000         -   1213181    0.00    0.00    0.00    0.00    0.00     2  |__call_rcu
18:26:47     1000         -   1213189    1.00    0.00    0.00    0.00    1.00    23  |__CPU 0/TCG
18:26:48     1000   1213174         -    1.00    1.00    0.00    0.00    2.00    22  qemu-system-aar
18:26:48     1000         -   1213174    0.00    1.00    0.00    0.00    1.00    22  |__qemu-system-aar
18:26:48     1000         -   1213181    0.00    0.00    0.00    0.00    0.00     2  |__call_rcu
18:26:48     1000         -   1213189    2.00    0.00    0.00    0.00    2.00    20  |__CPU 0/TCG
18:26:49     1000   1213174         -    1.00    1.00    0.00    0.00    2.00    22  qemu-system-aar
18:26:49     1000         -   1213174    0.00    0.00    0.00    0.00    0.00    22  |__qemu-system-aar
18:26:49     1000         -   1213181    0.00    0.00    0.00    0.00    0.00     2  |__call_rcu
18:26:49     1000         -   1213189    1.00    0.00    0.00    0.00    1.00    20  |__CPU 0/TCG
18:26:50     1000   1213174         -    2.00    0.00    0.00    0.00    2.00    22  qemu-system-aar
18:26:50     1000         -   1213174    0.00    1.00    0.00    0.00    1.00    22  |__qemu-system-aar
18:26:50     1000         -   1213181    0.00    0.00    0.00    0.00    0.00     2  |__call_rcu
18:26:50     1000         -   1213189    1.00    0.00    0.00    0.00    1.00     2  |__CPU 0/TCG
18:26:51     1000   1213174         -    1.00    0.00    0.00    0.00    1.00    19  qemu-system-aar
18:26:51     1000         -   1213174    0.00    0.00    0.00    0.00    0.00    19  |__qemu-system-aar
18:26:51     1000         -   1213181    0.00    0.00    0.00    0.00    0.00     2  |__call_rcu
18:26:51     1000         -   1213189    2.00    0.00    0.00    0.00    2.00    20  |__CPU 0/TCG
18:26:52     1000   1213174         -    2.00    1.00    0.00    0.00    3.00    19  qemu-system-aar
18:26:52     1000         -   1213174    0.00    1.00    0.00    0.00    1.00    19  |__qemu-system-aar
18:26:52     1000         -   1213181    0.00    0.00    0.00    0.00    0.00     2  |__call_rcu
18:26:52     1000         -   1213189    1.00    0.00    0.00    0.00    1.00    20  |__CPU 0/TCG
18:26:53     1000   1213174         -    1.00    1.00    0.00    0.00    2.00    19  qemu-system-aar
18:26:53     1000         -   1213174    0.00    0.00    0.00    0.00    0.00    19  |__qemu-system-aar
18:26:53     1000         -   1213181    0.00    0.00    0.00    0.00    0.00     2  |__call_rcu
18:26:53     1000         -   1213189    1.00    0.00    0.00    0.00    1.00    23  |__CPU 0/TCG
18:26:54     1000   1213174         -    1.00    0.00    0.00    0.00    1.00     1  qemu-system-aar
18:26:54     1000         -   1213174    1.00    1.00    0.00    0.00    2.00     1  |__qemu-system-aar
18:26:54     1000         -   1213181    0.00    0.00    0.00    0.00    0.00     2  |__call_rcu
18:26:54     1000         -   1213189    1.00    0.00    0.00    0.00    1.00     2  |__CPU 0/TCG
18:26:55     1000   1213174         -    2.00    1.00    0.00    0.00    3.00    21  qemu-system-aar
18:26:55     1000         -   1213174    0.00    0.00    0.00    0.00    0.00    21  |__qemu-system-aar
18:26:55     1000         -   1213181    0.00    0.00    0.00    0.00    0.00     2  |__call_rcu
18:26:55     1000         -   1213189    2.00    0.00    0.00    0.00    2.00    22  |__CPU 0/TCG
18:26:56     1000   1213174         -    1.00    1.00    0.00    0.00    2.00    21  qemu-system-aar
18:26:56     1000         -   1213174    0.00    1.00    0.00    0.00    1.00    21  |__qemu-system-aar
18:26:56     1000         -   1213181    0.00    0.00    0.00    0.00    0.00     2  |__call_rcu
18:26:56     1000         -   1213189    1.00    0.00    0.00    0.00    1.00     4  |__CPU 0/TCG
18:26:57     1000   1213174         -    1.00    0.00    0.00    0.00    1.00    21  qemu-system-aar
18:26:57     1000         -   1213174    0.00    0.00    0.00    0.00    0.00    21  |__qemu-system-aar
18:26:57     1000         -   1213181    0.00    0.00    0.00    0.00    0.00     2  |__call_rcu
18:26:57     1000         -   1213189    1.00    0.00    0.00    0.00    1.00     4  |__CPU 0/TCG
18:26:58     1000   1213174         -    1.00    2.00    0.00    0.00    3.00    21  qemu-system-aar
18:26:58     1000         -   1213174    0.00    1.00    0.00    0.00    1.00    21  |__qemu-system-aar
18:26:58     1000         -   1213181    0.00    0.00    0.00    0.00    0.00     2  |__call_rcu
18:26:58     1000         -   1213189    1.00    0.00    0.00    0.00    1.00     2  |__CPU 0/TCG
18:26:59     1000   1213174         -    1.00    0.00    0.00    0.00    1.00    23  qemu-system-aar
18:26:59     1000         -   1213174    0.00    0.00    0.00    0.00    0.00    23  |__qemu-system-aar
18:26:59     1000         -   1213181    0.00    0.00    0.00    0.00    0.00     2  |__call_rcu
18:26:59     1000         -   1213189    2.00    0.00    0.00    0.00    2.00     2  |__CPU 0/TCG
18:27:00     1000   1213174         -    1.00    2.00    0.00    0.00    3.00    21  qemu-system-aar
18:27:00     1000         -   1213174    0.00    1.00    0.00    0.00    1.00    21  |__qemu-system-aar
18:27:00     1000         -   1213181    0.00    0.00    0.00    0.00    0.00     2  |__call_rcu
18:27:00     1000         -   1213189    1.00    0.00    0.00    0.00    1.00     2  |__CPU 0/TCG
18:27:01     1000   1213174         -    1.00    1.00    0.00    0.00    2.00    21  qemu-system-aar
18:27:01     1000         -   1213174    0.00    1.00    0.00    0.00    1.00    21  |__qemu-system-aar
18:27:01     1000         -   1213181    0.00    0.00    0.00    0.00    0.00     2  |__call_rcu
18:27:01     1000         -   1213189    1.00    0.00    0.00    0.00    1.00     1  |__CPU 0/TCG
18:27:02     1000   1213174         -    1.00    0.00    0.00    0.00    1.00    21  qemu-system-aar
18:27:02     1000         -   1213174    0.00    0.00    0.00    0.00    0.00    21  |__qemu-system-aar
18:27:02     1000         -   1213181    0.00    0.00    0.00    0.00    0.00     2  |__call_rcu
18:27:02     1000         -   1213189    1.00    0.00    0.00    0.00    1.00     2  |__CPU 0/TCG
18:27:03     1000   1213174         -    1.00    1.00    0.00    0.00    2.00    21  qemu-system-aar
18:27:03     1000         -   1213174    0.00    1.00    0.00    0.00    1.00    21  |__qemu-system-aar
18:27:03     1000         -   1213181    0.00    0.00    0.00    0.00    0.00     2  |__call_rcu
18:27:03     1000         -   1213189    1.00    0.00    0.00    0.00    1.00    22  |__CPU 0/TCG
18:27:04     1000   1213174         -    2.00    0.00    0.00    0.00    2.00    21  qemu-system-aar
18:27:04     1000         -   1213174    1.00    0.00    0.00    0.00    1.00    21  |__qemu-system-aar
18:27:04     1000         -   1213181    0.00    0.00    0.00    0.00    0.00     2  |__call_rcu
18:27:04     1000         -   1213189    2.00    0.00    0.00    0.00    2.00     2  |__CPU 0/TCG
18:27:05     1000   1213174         -    1.00    1.00    0.00    0.00    2.00    23  qemu-system-aar
18:27:05     1000         -   1213174    0.00    1.00    0.00    0.00    1.00    23  |__qemu-system-aar
18:27:05     1000         -   1213181    0.00    0.00    0.00    0.00    0.00     2  |__call_rcu
18:27:05     1000         -   1213189    0.00    1.00    0.00    0.00    1.00     2  |__CPU 0/TCG
18:27:06     1000   1213174         -    1.00    1.00    0.00    0.00    2.00    21  qemu-system-aar
18:27:06     1000         -   1213174    0.00    0.00    0.00    0.00    0.00    21  |__qemu-system-aar
18:27:06     1000         -   1213181    0.00    0.00    0.00    0.00    0.00     2  |__call_rcu
18:27:06     1000         -   1213189    1.00    0.00    0.00    0.00    1.00     4  |__CPU 0/TCG
18:27:07     1000   1213174         -    1.00    1.00    0.00    0.00    2.00    23  qemu-system-aar
18:27:07     1000         -   1213174    0.00    1.00    0.00    0.00    1.00    23  |__qemu-system-aar
18:27:07     1000         -   1213181    0.00    0.00    0.00    0.00    0.00     2  |__call_rcu
18:27:07     1000         -   1213189    2.00    0.00    0.00    0.00    2.00     4  |__CPU 0/TCG
18:27:08     1000   1213174         -    1.00    1.00    0.00    0.00    2.00     2  qemu-system-aar
18:27:08     1000         -   1213174    0.00    1.00    0.00    0.00    1.00     2  |__qemu-system-aar
18:27:08     1000         -   1213181    0.00    0.00    0.00    0.00    0.00     2  |__call_rcu
18:27:08     1000         -   1213189    1.00    0.00    0.00    0.00    1.00     1  |__CPU 0/TCG
18:27:09     1000   1213174         -    1.00    1.00    0.00    0.00    2.00     5  qemu-system-aar
18:27:09     1000         -   1213174    0.00    0.00    0.00    0.00    0.00     5  |__qemu-system-aar
18:27:09     1000         -   1213181    0.00    0.00    0.00    0.00    0.00     2  |__call_rcu
18:27:09     1000         -   1213189    1.00    0.00    0.00    0.00    1.00     1  |__CPU 0/TCG
18:27:10     1000   1213174         -    1.00    1.00    0.00    0.00    2.00     5  qemu-system-aar
18:27:10     1000         -   1213174    0.00    1.00    0.00    0.00    1.00     5  |__qemu-system-aar
18:27:10     1000         -   1213181    0.00    0.00    0.00    0.00    0.00     2  |__call_rcu
18:27:10     1000         -   1213189    2.00    0.00    0.00    0.00    2.00     2  |__CPU 0/TCG
18:27:11     1000   1213174         -    1.00    0.00    0.00    0.00    1.00     5  qemu-system-aar
18:27:11     1000         -   1213174    0.00    0.00    0.00    0.00    0.00     5  |__qemu-system-aar
18:27:11     1000         -   1213181    0.00    0.00    0.00    0.00    0.00     2  |__call_rcu
18:27:11     1000         -   1213189    1.00    0.00    0.00    0.00    1.00     1  |__CPU 0/TCG
18:27:12     1000   1213174         -    1.00    1.00    0.00    0.00    2.00     6  qemu-system-aar
18:27:12     1000         -   1213174    0.00    1.00    0.00    0.00    1.00     6  |__qemu-system-aar
18:27:12     1000         -   1213181    0.00    0.00    0.00    0.00    0.00     2  |__call_rcu
18:27:12     1000         -   1213189    1.00    0.00    0.00    0.00    1.00     2  |__CPU 0/TCG
18:27:13     1000   1213174         -    1.00    2.00    0.00    0.00    3.00     6  qemu-system-aar
18:27:13     1000         -   1213174    0.00    1.00    0.00    0.00    1.00     6  |__qemu-system-aar
18:27:13     1000         -   1213181    0.00    0.00    0.00    0.00    0.00     2  |__call_rcu
18:27:13     1000         -   1213189    1.00    1.00    0.00    0.00    2.00     2  |__CPU 0/TCG
18:27:14     1000   1213174         -    2.00    0.00    0.00    0.00    2.00     5  qemu-system-aar
18:27:14     1000         -   1213174    0.00    0.00    0.00    0.00    0.00     5  |__qemu-system-aar
18:27:14     1000         -   1213181    0.00    0.00    0.00    0.00    0.00     2  |__call_rcu
18:27:14     1000         -   1213189    1.00    0.00    0.00    0.00    1.00     2  |__CPU 0/TCG
18:27:15     1000   1213174         -    1.00    0.00    0.00    0.00    1.00     5  qemu-system-aar
18:27:15     1000         -   1213174    1.00    1.00    0.00    0.00    2.00     5  |__qemu-system-aar
18:27:15     1000         -   1213181    0.00    0.00    0.00    0.00    0.00     2  |__call_rcu
18:27:15     1000         -   1213189    1.00    0.00    0.00    0.00    1.00     4  |__CPU 0/TCG
18:27:16     1000   1213174         -    2.00    1.00    0.00    0.00    3.00     6  qemu-system-aar
18:27:16     1000         -   1213174    0.00    0.00    0.00    0.00    0.00     6  |__qemu-system-aar
18:27:16     1000         -   1213181    0.00    0.00    0.00    0.00    0.00     2  |__call_rcu
18:27:16     1000         -   1213189    2.00    0.00    0.00    0.00    2.00     4  |__CPU 0/TCG
18:27:17     1000   1213174         -    1.00    0.00    0.00    0.00    1.00     4  qemu-system-aar
18:27:17     1000         -   1213174    0.00    1.00    0.00    0.00    1.00     4  |__qemu-system-aar
18:27:17     1000         -   1213181    0.00    0.00    0.00    0.00    0.00     2  |__call_rcu
18:27:17     1000         -   1213189    1.00    0.00    0.00    0.00    1.00     6  |__CPU 0/TCG
18:27:18     1000   1213174         -    1.00    1.00    0.00    0.00    2.00     4  qemu-system-aar
18:27:18     1000         -   1213174    0.00    0.00    0.00    0.00    0.00     4  |__qemu-system-aar
18:27:18     1000         -   1213181    0.00    0.00    0.00    0.00    0.00     2  |__call_rcu
18:27:18     1000         -   1213189    1.00    0.00    0.00    0.00    1.00     5  |__CPU 0/TCG
18:27:19     1000   1213174         -    1.00    1.00    0.00    0.00    2.00    18  qemu-system-aar
18:27:19     1000         -   1213174    0.00    1.00    0.00    0.00    1.00    18  |__qemu-system-aar
18:27:19     1000         -   1213181    0.00    0.00    0.00    0.00    0.00     2  |__call_rcu
18:27:19     1000         -   1213189    1.00    0.00    0.00    0.00    1.00     5  |__CPU 0/TCG
18:27:20     1000   1213174         -    1.00    1.00    0.00    0.00    2.00    19  qemu-system-aar
18:27:20     1000         -   1213174    0.00    0.00    0.00    0.00    0.00    19  |__qemu-system-aar
18:27:20     1000         -   1213181    0.00    0.00    0.00    0.00    0.00     2  |__call_rcu
18:27:20     1000         -   1213189    1.00    1.00    0.00    0.00    2.00    18  |__CPU 0/TCG
18:27:21     1000   1213174         -    1.00    1.00    0.00    0.00    2.00    19  qemu-system-aar
18:27:21     1000         -   1213174    0.00    1.00    0.00    0.00    1.00    19  |__qemu-system-aar
18:27:21     1000         -   1213181    0.00    0.00    0.00    0.00    0.00     2  |__call_rcu
18:27:21     1000         -   1213189    1.00    0.00    0.00    0.00    1.00     1  |__CPU 0/TCG
18:27:22     1000   1213174         -    2.00    0.00    0.00    0.00    2.00    18  qemu-system-aar
18:27:22     1000         -   1213174    1.00    0.00    0.00    0.00    1.00    18  |__qemu-system-aar
18:27:22     1000         -   1213181    0.00    0.00    0.00    0.00    0.00     2  |__call_rcu
18:27:22     1000         -   1213189    1.00    0.00    0.00    0.00    1.00    19  |__CPU 0/TCG
18:27:23     1000   1213174         -    1.00    1.00    0.00    0.00    2.00    18  qemu-system-aar
18:27:23     1000         -   1213174    0.00    0.00    0.00    0.00    0.00    18  |__qemu-system-aar
18:27:23     1000         -   1213181    0.00    0.00    0.00    0.00    0.00     2  |__call_rcu
18:27:23     1000         -   1213189    2.00    0.00    0.00    0.00    2.00    20  |__CPU 0/TCG
18:27:24     1000   1213174         -    1.00    1.00    0.00    0.00    2.00    19  qemu-system-aar
18:27:24     1000         -   1213174    0.00    1.00    0.00    0.00    1.00    19  |__qemu-system-aar
18:27:24     1000         -   1213181    0.00    0.00    0.00    0.00    0.00     2  |__call_rcu
18:27:24     1000         -   1213189    1.00    0.00    0.00    0.00    1.00    21  |__CPU 0/TCG
18:27:25     1000   1213174         -    1.00    1.00    0.00    0.00    2.00    19  qemu-system-aar
18:27:25     1000         -   1213174    0.00    0.00    0.00    0.00    0.00    19  |__qemu-system-aar
18:27:25     1000         -   1213181    0.00    0.00    0.00    0.00    0.00     2  |__call_rcu
18:27:25     1000         -   1213189    1.00    0.00    0.00    0.00    1.00    18  |__CPU 0/TCG
18:27:26     1000   1213174         -    2.00    0.00    0.00    0.00    2.00    18  qemu-system-aar
18:27:26     1000         -   1213174    0.00    1.00    0.00    0.00    1.00    18  |__qemu-system-aar
18:27:26     1000         -   1213181    0.00    0.00    0.00    0.00    0.00     2  |__call_rcu
18:27:26     1000         -   1213189    1.00    0.00    0.00    0.00    1.00     2  |__CPU 0/TCG
18:27:27     1000   1213174         -    1.00    1.00    0.00    0.00    2.00    19  qemu-system-aar
18:27:27     1000         -   1213174    1.00    1.00    0.00    0.00    2.00    19  |__qemu-system-aar
18:27:27     1000         -   1213181    0.00    0.00    0.00    0.00    0.00     2  |__call_rcu
18:27:27     1000         -   1213189    1.00    1.00    0.00    0.00    2.00    20  |__CPU 0/TCG
18:27:28     1000   1213174         -    2.00    1.00    0.00    0.00    3.00    20  qemu-system-aar
18:27:28     1000         -   1213174    0.00    0.00    0.00    0.00    0.00    20  |__qemu-system-aar
18:27:28     1000         -   1213181    0.00    0.00    0.00    0.00    0.00     2  |__call_rcu
18:27:28     1000         -   1213189    2.00    0.00    0.00    0.00    2.00    21  |__CPU 0/TCG
18:27:29     1000   1213174         -    1.00    1.00    0.00    0.00    2.00    20  qemu-system-aar
18:27:29     1000         -   1213174    0.00    1.00    0.00    0.00    1.00    20  |__qemu-system-aar
18:27:29     1000         -   1213181    0.00    0.00    0.00    0.00    0.00     2  |__call_rcu
18:27:29     1000         -   1213189    1.00    0.00    0.00    0.00    1.00     0  |__CPU 0/TCG
18:27:30     1000   1213174         -    1.00    0.00    0.00    0.00    1.00    19  qemu-system-aar
18:27:30     1000         -   1213174    0.00    0.00    0.00    0.00    0.00    19  |__qemu-system-aar
18:27:30     1000         -   1213181    0.00    0.00    0.00    0.00    0.00     2  |__call_rcu
18:27:30     1000         -   1213189    1.00    0.00    0.00    0.00    1.00     1  |__CPU 0/TCG
18:27:31     1000   1213174         -    2.00    0.00    0.00    0.00    2.00    20  qemu-system-aar
18:27:31     1000         -   1213174    0.00    1.00    0.00    0.00    1.00    20  |__qemu-system-aar
18:27:31     1000         -   1213181    0.00    0.00    0.00    0.00    0.00     2  |__call_rcu
18:27:31     1000         -   1213189    2.00    0.00    0.00    0.00    2.00     1  |__CPU 0/TCG
18:27:32     1000   1213174         -   18.00    0.00    0.00    0.00   18.00    19  qemu-system-aar
18:27:32     1000         -   1213174    0.00    0.00    0.00    0.00    0.00    19  |__qemu-system-aar
18:27:32     1000         -   1213181    0.00    0.00    0.00    0.00    0.00     2  |__call_rcu
18:27:32     1000         -   1213189   17.00    0.00    0.00    0.00   17.00    16  |__CPU 0/TCG
