Linux 6.17.0-40-generic (9950x) 	08/16/26 	_x86_64_	(32 CPU)

# Time        UID      TGID       TID    %usr %system  %guest   %wait    %CPU   CPU  Command
06:14:45     1000   2939919         -  103.00    6.00    0.00    0.00  109.00     1  qemu-system-aar
06:14:45     1000         -   2939919    1.00    3.00    0.00    0.00    4.00     1  |__qemu-system-aar
06:14:45     1000         -   2939926    0.00    0.00    0.00    0.00    0.00    28  |__call_rcu
06:14:45     1000         -   2939927    0.00    0.00    0.00    0.00    0.00     4  |__worker
06:14:45     1000         -   2939941   94.00    1.00    0.00    0.00   95.00    20  |__CPU 0/TCG
06:14:45     1000         -   2939942    1.00    0.00    0.00    0.00    1.00    23  |__CPU 1/TCG
06:14:45     1000         -   2939943    5.00    1.00    0.00    0.00    6.00     0  |__CPU 2/TCG
06:14:45     1000         -   2939944    0.00    0.00    0.00    0.00    0.00     2  |__CPU 3/TCG
06:14:46     1000   2939919         -  200.00    3.00    0.00    0.00  203.00     3  qemu-system-aar
06:14:46     1000         -   2939919    1.00    3.00    0.00    0.00    4.00     3  |__qemu-system-aar
06:14:46     1000         -   2939926    0.00    0.00    0.00    0.00    0.00     0  |__call_rcu
06:14:46     1000         -   2939927    0.00    0.00    0.00    0.00    0.00     4  |__worker
06:14:46     1000         -   2939941   99.00    0.00    0.00    0.00   99.00    20  |__CPU 0/TCG
06:14:46     1000         -   2939942    1.00    0.00    0.00    0.00    1.00     5  |__CPU 1/TCG
06:14:46     1000         -   2939943   99.00    0.00    0.00    0.00   99.00     0  |__CPU 2/TCG
06:14:46     1000         -   2939944    0.00    0.00    0.00    0.00    0.00     2  |__CPU 3/TCG
06:14:47     1000   2939919         -  199.00    4.00    0.00    0.00  203.00    31  qemu-system-aar
06:14:47     1000         -   2939919    1.00    3.00    0.00    0.00    4.00    31  |__qemu-system-aar
06:14:47     1000         -   2939926    0.00    0.00    0.00    0.00    0.00     0  |__call_rcu
06:14:47     1000         -   2939927    0.00    0.00    0.00    0.00    0.00     4  |__worker
06:14:47     1000         -   2939941   98.00    1.00    0.00    0.00   99.00    20  |__CPU 0/TCG
06:14:47     1000         -   2939942    1.00    0.00    0.00    0.00    1.00     1  |__CPU 1/TCG
06:14:47     1000         -   2939943   98.00    2.00    0.00    0.00  100.00    16  |__CPU 2/TCG
06:14:47     1000         -   2939944    0.00    0.00    0.00    0.00    0.00     2  |__CPU 3/TCG
06:14:48     1000   2939919         -  199.00    4.00    0.00    0.00  203.00    18  qemu-system-aar
06:14:48     1000         -   2939919    1.00    2.00    0.00    0.00    3.00    18  |__qemu-system-aar
06:14:48     1000         -   2939926    0.00    0.00    0.00    0.00    0.00     0  |__call_rcu
06:14:48     1000         -   2939927    0.00    0.00    0.00    0.00    0.00     4  |__worker
06:14:48     1000         -   2939941   98.00    1.00    0.00    0.00   99.00    20  |__CPU 0/TCG
06:14:48     1000         -   2939942    1.00    0.00    0.00    0.00    1.00    19  |__CPU 1/TCG
06:14:48     1000         -   2939943   97.00    2.00    0.00    0.00   99.00    16  |__CPU 2/TCG
06:14:48     1000         -   2939944    0.00    0.00    0.00    0.00    0.00     2  |__CPU 3/TCG
06:14:49     1000   2939919         -  200.00    3.00    0.00    0.00  203.00    21  qemu-system-aar
06:14:49     1000         -   2939919    2.00    2.00    0.00    0.00    4.00    21  |__qemu-system-aar
06:14:49     1000         -   2939926    0.00    0.00    0.00    0.00    0.00     0  |__call_rcu
06:14:49     1000         -   2939927    0.00    0.00    0.00    0.00    0.00     4  |__worker
06:14:49     1000         -   2939941   99.00    0.00    0.00    0.00   99.00    20  |__CPU 0/TCG
06:14:49     1000         -   2939942    1.00    0.00    0.00    0.00    1.00    18  |__CPU 1/TCG
06:14:49     1000         -   2939943   98.00    1.00    0.00    0.00   99.00    16  |__CPU 2/TCG
06:14:49     1000         -   2939944    0.00    0.00    0.00    0.00    0.00     2  |__CPU 3/TCG
06:14:50     1000   2939919         -  200.00    3.00    0.00    0.00  203.00     3  qemu-system-aar
06:14:50     1000         -   2939919    1.00    3.00    0.00    0.00    4.00     3  |__qemu-system-aar
06:14:50     1000         -   2939926    0.00    0.00    0.00    0.00    0.00     0  |__call_rcu
06:14:50     1000         -   2939927    0.00    0.00    0.00    0.00    0.00     4  |__worker
06:14:50     1000         -   2939941   99.00    0.00    0.00    0.00   99.00    20  |__CPU 0/TCG
06:14:50     1000         -   2939942    0.00    0.00    0.00    0.00    0.00    18  |__CPU 1/TCG
06:14:50     1000         -   2939943   99.00    1.00    0.00    0.00  100.00     0  |__CPU 2/TCG
06:14:50     1000         -   2939944    0.00    0.00    0.00    0.00    0.00     2  |__CPU 3/TCG
06:14:51     1000   2939919         -  201.00    2.00    0.00    0.00  203.00     2  qemu-system-aar
06:14:51     1000         -   2939919    1.00    2.00    0.00    0.00    3.00     2  |__qemu-system-aar
06:14:51     1000         -   2939926    0.00    0.00    0.00    0.00    0.00     0  |__call_rcu
06:14:51     1000         -   2939927    0.00    0.00    0.00    0.00    0.00     4  |__worker
06:14:51     1000         -   2939941   98.00    1.00    0.00    0.00   99.00    20  |__CPU 0/TCG
06:14:51     1000         -   2939942    1.00    0.00    0.00    0.00    1.00    18  |__CPU 1/TCG
06:14:51     1000         -   2939943  100.00    0.00    0.00    0.00  100.00     0  |__CPU 2/TCG
06:14:51     1000         -   2939944    0.00    0.00    0.00    0.00    0.00     2  |__CPU 3/TCG
06:14:52     1000   2939919         -  198.00    4.00    0.00    0.00  202.00     4  qemu-system-aar
06:14:52     1000         -   2939919    1.00    2.00    0.00    0.00    3.00     4  |__qemu-system-aar
06:14:52     1000         -   2939926    0.00    0.00    0.00    0.00    0.00     0  |__call_rcu
06:14:52     1000         -   2939927    0.00    0.00    0.00    0.00    0.00     4  |__worker
06:14:52     1000         -   2939941   96.00    1.00    0.00    0.00   97.00    20  |__CPU 0/TCG
06:14:52     1000         -   2939942    0.00    0.00    0.00    0.00    0.00    18  |__CPU 1/TCG
06:14:52     1000         -   2939943   98.00    1.00    0.00    0.00   99.00     0  |__CPU 2/TCG
06:14:52     1000         -   2939944    0.00    0.00    0.00    0.00    0.00     2  |__CPU 3/TCG
06:14:53     1000   2939919         -  197.00    3.00    0.00    0.00  200.00     3  qemu-system-aar
06:14:53     1000         -   2939919    2.00    2.00    0.00    0.00    4.00     3  |__qemu-system-aar
06:14:53     1000         -   2939926    0.00    0.00    0.00    0.00    0.00     0  |__call_rcu
06:14:53     1000         -   2939927    0.00    0.00    0.00    0.00    0.00     4  |__worker
06:14:53     1000         -   2939941   96.00    1.00    0.00    0.00   97.00     4  |__CPU 0/TCG
06:14:53     1000         -   2939942    1.00    0.00    0.00    0.00    1.00    18  |__CPU 1/TCG
06:14:53     1000         -   2939943   99.00    1.00    0.00    0.00  100.00     0  |__CPU 2/TCG
06:14:53     1000         -   2939944    0.00    0.00    0.00    0.00    0.00     2  |__CPU 3/TCG
06:14:54     1000   2939919         -  197.00    4.00    0.00    0.00  201.00    17  qemu-system-aar
06:14:54     1000         -   2939919    1.00    3.00    0.00    0.00    4.00    17  |__qemu-system-aar
06:14:54     1000         -   2939926    0.00    0.00    0.00    0.00    0.00     0  |__call_rcu
06:14:54     1000         -   2939927    0.00    0.00    0.00    0.00    0.00     4  |__worker
06:14:54     1000         -   2939941   96.00    2.00    0.00    0.00   98.00     4  |__CPU 0/TCG
06:14:54     1000         -   2939942    0.00    0.00    0.00    0.00    0.00    18  |__CPU 1/TCG
06:14:54     1000         -   2939943   99.00    1.00    0.00    0.00  100.00    16  |__CPU 2/TCG
06:14:54     1000         -   2939944    0.00    0.00    0.00    0.00    0.00     2  |__CPU 3/TCG
06:14:55     1000   2939919         -  199.00    3.00    0.00    0.00  202.00     2  qemu-system-aar
06:14:55     1000         -   2939919    1.00    1.00    0.00    0.00    2.00     2  |__qemu-system-aar
06:14:55     1000         -   2939926    0.00    0.00    0.00    0.00    0.00     0  |__call_rcu
06:14:55     1000         -   2939941   98.00    0.00    0.00    0.00   98.00     4  |__CPU 0/TCG
06:14:55     1000         -   2939942    1.00    1.00    0.00    0.00    2.00    18  |__CPU 1/TCG
06:14:55     1000         -   2939943   97.00    2.00    0.00    0.00   99.00     0  |__CPU 2/TCG
06:14:55     1000         -   2939944    0.00    0.00    0.00    0.00    0.00     2  |__CPU 3/TCG
06:14:56     1000   2939919         -  199.00    3.00    0.00    0.00  202.00     7  qemu-system-aar
06:14:56     1000         -   2939919    2.00    1.00    0.00    0.00    3.00     7  |__qemu-system-aar
06:14:56     1000         -   2939926    0.00    0.00    0.00    0.00    0.00     0  |__call_rcu
06:14:56     1000         -   2939941   99.00    1.00    0.00    0.00  100.00     4  |__CPU 0/TCG
06:14:56     1000         -   2939942    0.00    0.00    0.00    0.00    0.00    18  |__CPU 1/TCG
06:14:56     1000         -   2939943   99.00    1.00    0.00    0.00  100.00     0  |__CPU 2/TCG
06:14:56     1000         -   2939944    0.00    0.00    0.00    0.00    0.00     2  |__CPU 3/TCG
06:14:57     1000   2939919         -  199.00    3.00    0.00    0.00  202.00     5  qemu-system-aar
06:14:57     1000         -   2939919    1.00    2.00    0.00    0.00    3.00     5  |__qemu-system-aar
06:14:57     1000         -   2939926    0.00    0.00    0.00    0.00    0.00     0  |__call_rcu
06:14:57     1000         -   2939941   98.00    0.00    0.00    0.00   98.00     4  |__CPU 0/TCG
06:14:57     1000         -   2939942    1.00    0.00    0.00    0.00    1.00    18  |__CPU 1/TCG
06:14:57     1000         -   2939943   98.00    1.00    0.00    0.00   99.00     0  |__CPU 2/TCG
06:14:57     1000         -   2939944    0.00    0.00    0.00    0.00    0.00     2  |__CPU 3/TCG
06:14:58     1000   2939919         -  199.00    4.00    0.00    0.00  203.00    29  qemu-system-aar
06:14:58     1000         -   2939919    1.00    3.00    0.00    0.00    4.00    29  |__qemu-system-aar
06:14:58     1000         -   2939926    0.00    0.00    0.00    0.00    0.00     0  |__call_rcu
06:14:58     1000         -   2939941   99.00    1.00    0.00    0.00  100.00    20  |__CPU 0/TCG
06:14:58     1000         -   2939942    0.00    0.00    0.00    0.00    0.00    18  |__CPU 1/TCG
06:14:58     1000         -   2939943   98.00    2.00    0.00    0.00  100.00     0  |__CPU 2/TCG
06:14:58     1000         -   2939944    0.00    0.00    0.00    0.00    0.00     2  |__CPU 3/TCG
06:14:59     1000   2939919         -  199.00    4.00    0.00    0.00  203.00     1  qemu-system-aar
06:14:59     1000         -   2939919    2.00    2.00    0.00    0.00    4.00     1  |__qemu-system-aar
06:14:59     1000         -   2939926    0.00    0.00    0.00    0.00    0.00     0  |__call_rcu
06:14:59     1000         -   2939941   98.00    1.00    0.00    0.00   99.00    20  |__CPU 0/TCG
06:14:59     1000         -   2939942    0.00    0.00    0.00    0.00    0.00    18  |__CPU 1/TCG
06:14:59     1000         -   2939943   98.00    1.00    0.00    0.00   99.00    16  |__CPU 2/TCG
06:14:59     1000         -   2939944    0.00    0.00    0.00    0.00    0.00     2  |__CPU 3/TCG
06:15:00     1000   2939919         -  200.00    3.00    0.00    0.00  203.00    19  qemu-system-aar
06:15:00     1000         -   2939919    1.00    2.00    0.00    0.00    3.00    19  |__qemu-system-aar
06:15:00     1000         -   2939926    0.00    0.00    0.00    0.00    0.00     0  |__call_rcu
06:15:00     1000         -   2939941   99.00    0.00    0.00    0.00   99.00    20  |__CPU 0/TCG
06:15:00     1000         -   2939942    1.00    0.00    0.00    0.00    1.00    18  |__CPU 1/TCG
06:15:00     1000         -   2939943   99.00    1.00    0.00    0.00  100.00    16  |__CPU 2/TCG
06:15:00     1000         -   2939944    0.00    0.00    0.00    0.00    0.00     2  |__CPU 3/TCG
06:15:01     1000   2939919         -  200.00    2.00    0.00    0.00  202.00    23  qemu-system-aar
06:15:01     1000         -   2939919    2.00    1.00    0.00    0.00    3.00    23  |__qemu-system-aar
06:15:01     1000         -   2939926    0.00    0.00    0.00    0.00    0.00     0  |__call_rcu
06:15:01     1000         -   2939941   99.00    1.00    0.00    0.00  100.00    20  |__CPU 0/TCG
06:15:01     1000         -   2939942    0.00    0.00    0.00    0.00    0.00    18  |__CPU 1/TCG
06:15:01     1000         -   2939943   99.00    1.00    0.00    0.00  100.00    16  |__CPU 2/TCG
06:15:01     1000         -   2939944    0.00    0.00    0.00    0.00    0.00     2  |__CPU 3/TCG
06:15:02     1000   2939919         -  201.00    2.00    0.00    0.00  203.00    23  qemu-system-aar
06:15:02     1000         -   2939919    1.00    2.00    0.00    0.00    3.00    23  |__qemu-system-aar
06:15:02     1000         -   2939926    0.00    0.00    0.00    0.00    0.00     0  |__call_rcu
06:15:02     1000         -   2939941   98.00    0.00    0.00    0.00   98.00    20  |__CPU 0/TCG
06:15:02     1000         -   2939942    1.00    0.00    0.00    0.00    1.00    18  |__CPU 1/TCG
06:15:02     1000         -   2939943   99.00    1.00    0.00    0.00  100.00    16  |__CPU 2/TCG
06:15:02     1000         -   2939944    0.00    0.00    0.00    0.00    0.00     2  |__CPU 3/TCG
06:15:03     1000   2939919         -  200.00    2.00    0.00    0.00  202.00    23  qemu-system-aar
06:15:03     1000         -   2939919    1.00    3.00    0.00    0.00    4.00    23  |__qemu-system-aar
06:15:03     1000         -   2939926    0.00    0.00    0.00    0.00    0.00     0  |__call_rcu
06:15:03     1000         -   2939941   99.00    1.00    0.00    0.00  100.00    20  |__CPU 0/TCG
06:15:03     1000         -   2939942    0.00    0.00    0.00    0.00    0.00    18  |__CPU 1/TCG
06:15:03     1000         -   2939943   99.00    0.00    0.00    0.00   99.00    16  |__CPU 2/TCG
06:15:03     1000         -   2939944    0.00    0.00    0.00    0.00    0.00     2  |__CPU 3/TCG
06:15:04     1000   2939919         -  200.00    2.00    0.00    0.00  202.00     4  qemu-system-aar
06:15:04     1000         -   2939919    2.00    1.00    0.00    0.00    3.00     4  |__qemu-system-aar
06:15:04     1000         -   2939926    0.00    0.00    0.00    0.00    0.00     0  |__call_rcu
06:15:04     1000         -   2939941   99.00    0.00    0.00    0.00   99.00    20  |__CPU 0/TCG
06:15:04     1000         -   2939942    1.00    0.00    0.00    0.00    1.00    18  |__CPU 1/TCG
06:15:04     1000         -   2939943   98.00    1.00    0.00    0.00   99.00    16  |__CPU 2/TCG
06:15:04     1000         -   2939944    0.00    0.00    0.00    0.00    0.00     2  |__CPU 3/TCG
06:15:05     1000   2939919         -  201.00    3.00    0.00    0.00  204.00     4  qemu-system-aar
06:15:05     1000         -   2939919    1.00    3.00    0.00    0.00    4.00     4  |__qemu-system-aar
06:15:05     1000         -   2939926    0.00    0.00    0.00    0.00    0.00     0  |__call_rcu
06:15:05     1000         -   2939941   99.00    1.00    0.00    0.00  100.00    20  |__CPU 0/TCG
06:15:05     1000         -   2939942    0.00    0.00    0.00    0.00    0.00    18  |__CPU 1/TCG
06:15:05     1000         -   2939943   99.00    1.00    0.00    0.00  100.00    16  |__CPU 2/TCG
06:15:05     1000         -   2939944    0.00    0.00    0.00    0.00    0.00     2  |__CPU 3/TCG
06:15:06     1000   2939919         -  199.00    3.00    0.00    0.00  202.00     2  qemu-system-aar
06:15:06     1000         -   2939919    0.00    2.00    0.00    0.00    2.00     2  |__qemu-system-aar
06:15:06     1000         -   2939926    0.00    0.00    0.00    0.00    0.00     0  |__call_rcu
06:15:06     1000         -   2939941   99.00    0.00    0.00    0.00   99.00     4  |__CPU 0/TCG
06:15:06     1000         -   2939942    1.00    0.00    0.00    0.00    1.00    18  |__CPU 1/TCG
06:15:06     1000         -   2939943   99.00    0.00    0.00    0.00   99.00     0  |__CPU 2/TCG
06:15:06     1000         -   2939944    0.00    0.00    0.00    0.00    0.00     2  |__CPU 3/TCG
06:15:07     1000   2939919         -  200.00    3.00    0.00    0.00  203.00     7  qemu-system-aar
06:15:07     1000         -   2939919    1.00    2.00    0.00    0.00    3.00     7  |__qemu-system-aar
06:15:07     1000         -   2939926    0.00    0.00    0.00    0.00    0.00     0  |__call_rcu
06:15:07     1000         -   2939941   99.00    1.00    0.00    0.00  100.00     4  |__CPU 0/TCG
06:15:07     1000         -   2939942    0.00    0.00    0.00    0.00    0.00    18  |__CPU 1/TCG
06:15:07     1000         -   2939943   99.00    2.00    0.00    0.00  101.00     0  |__CPU 2/TCG
06:15:07     1000         -   2939944    0.00    0.00    0.00    0.00    0.00     2  |__CPU 3/TCG
06:15:08     1000   2939919         -  199.00    2.00    0.00    0.00  201.00     3  qemu-system-aar
06:15:08     1000         -   2939919    1.00    2.00    0.00    0.00    3.00     3  |__qemu-system-aar
06:15:08     1000         -   2939926    0.00    0.00    0.00    0.00    0.00     0  |__call_rcu
06:15:08     1000         -   2939941   99.00    0.00    0.00    0.00   99.00     4  |__CPU 0/TCG
06:15:08     1000         -   2939942    1.00    0.00    0.00    0.00    1.00    18  |__CPU 1/TCG
06:15:08     1000         -   2939943   98.00    1.00    0.00    0.00   99.00    16  |__CPU 2/TCG
06:15:08     1000         -   2939944    0.00    0.00    0.00    0.00    0.00     2  |__CPU 3/TCG
06:15:09     1000   2939919         -  200.00    3.00    0.00    0.00  203.00    18  qemu-system-aar
06:15:09     1000         -   2939919    1.00    2.00    0.00    0.00    3.00    18  |__qemu-system-aar
06:15:09     1000         -   2939926    0.00    0.00    0.00    0.00    0.00     0  |__call_rcu
06:15:09     1000         -   2939941   99.00    0.00    0.00    0.00   99.00     4  |__CPU 0/TCG
06:15:09     1000         -   2939942    0.00    0.00    0.00    0.00    0.00    21  |__CPU 1/TCG
06:15:09     1000         -   2939943   98.00    1.00    0.00    0.00   99.00    16  |__CPU 2/TCG
06:15:09     1000         -   2939944    0.00    0.00    0.00    0.00    0.00     2  |__CPU 3/TCG
06:15:10     1000   2939919         -  200.00    2.00    0.00    0.00  202.00    17  qemu-system-aar
06:15:10     1000         -   2939919    0.00    2.00    0.00    0.00    2.00    17  |__qemu-system-aar
06:15:10     1000         -   2939926    0.00    0.00    0.00    0.00    0.00     0  |__call_rcu
06:15:10     1000         -   2939941   99.00    1.00    0.00    0.00  100.00     4  |__CPU 0/TCG
06:15:10     1000         -   2939942    1.00    0.00    0.00    0.00    1.00    21  |__CPU 1/TCG
06:15:10     1000         -   2939943   99.00    1.00    0.00    0.00  100.00    16  |__CPU 2/TCG
06:15:10     1000         -   2939944    0.00    0.00    0.00    0.00    0.00     2  |__CPU 3/TCG
06:15:11     1000   2939919         -  200.00    3.00    0.00    0.00  203.00    18  qemu-system-aar
06:15:11     1000         -   2939919    2.00    2.00    0.00    0.00    4.00    18  |__qemu-system-aar
06:15:11     1000         -   2939926    0.00    0.00    0.00    0.00    0.00     0  |__call_rcu
06:15:11     1000         -   2939941   99.00    0.00    0.00    0.00   99.00     4  |__CPU 0/TCG
06:15:11     1000         -   2939942    0.00    0.00    0.00    0.00    0.00    21  |__CPU 1/TCG
06:15:11     1000         -   2939943   99.00    1.00    0.00    0.00  100.00    16  |__CPU 2/TCG
06:15:11     1000         -   2939944    0.00    0.00    0.00    0.00    0.00     2  |__CPU 3/TCG
06:15:12     1000   2939919         -  200.00    3.00    0.00    0.00  203.00    21  qemu-system-aar
06:15:12     1000         -   2939919    0.00    3.00    0.00    0.00    3.00    21  |__qemu-system-aar
06:15:12     1000         -   2939926    0.00    0.00    0.00    0.00    0.00     0  |__call_rcu
06:15:12     1000         -   2939941   99.00    0.00    0.00    0.00   99.00     4  |__CPU 0/TCG
06:15:12     1000         -   2939942    1.00    0.00    0.00    0.00    1.00    18  |__CPU 1/TCG
06:15:12     1000         -   2939943   98.00    1.00    0.00    0.00   99.00    16  |__CPU 2/TCG
06:15:12     1000         -   2939944    0.00    0.00    0.00    0.00    0.00     2  |__CPU 3/TCG
06:15:13     1000   2939919         -  199.00    3.00    0.00    0.00  202.00    22  qemu-system-aar
06:15:13     1000         -   2939919    1.00    1.00    0.00    0.00    2.00    22  |__qemu-system-aar
06:15:13     1000         -   2939926    0.00    0.00    0.00    0.00    0.00     0  |__call_rcu
06:15:13     1000         -   2939941   98.00    1.00    0.00    0.00   99.00     4  |__CPU 0/TCG
06:15:13     1000         -   2939942    0.00    0.00    0.00    0.00    0.00    19  |__CPU 1/TCG
06:15:13     1000         -   2939943   98.00    1.00    0.00    0.00   99.00    16  |__CPU 2/TCG
06:15:13     1000         -   2939944    0.00    0.00    0.00    0.00    0.00     2  |__CPU 3/TCG
06:15:14     1000   2939919         -  200.00    2.00    0.00    0.00  202.00     1  qemu-system-aar
06:15:14     1000         -   2939919    1.00    2.00    0.00    0.00    3.00     1  |__qemu-system-aar
06:15:14     1000         -   2939926    0.00    0.00    0.00    0.00    0.00     0  |__call_rcu
06:15:14     1000         -   2939941   99.00    0.00    0.00    0.00   99.00    20  |__CPU 0/TCG
06:15:14     1000         -   2939942    1.00    0.00    0.00    0.00    1.00    19  |__CPU 1/TCG
06:15:14     1000         -   2939943   99.00    1.00    0.00    0.00  100.00     0  |__CPU 2/TCG
06:15:14     1000         -   2939944    0.00    0.00    0.00    0.00    0.00     2  |__CPU 3/TCG
06:15:15     1000   2939919         -  200.00    3.00    0.00    0.00  203.00     4  qemu-system-aar
06:15:15     1000         -   2939919    2.00    2.00    0.00    0.00    4.00     4  |__qemu-system-aar
06:15:15     1000         -   2939926    0.00    0.00    0.00    0.00    0.00     0  |__call_rcu
06:15:15     1000         -   2939941   99.00    1.00    0.00    0.00  100.00    20  |__CPU 0/TCG
06:15:15     1000         -   2939942    0.00    0.00    0.00    0.00    0.00    18  |__CPU 1/TCG
06:15:15     1000         -   2939943   99.00    2.00    0.00    0.00  101.00     0  |__CPU 2/TCG
06:15:15     1000         -   2939944    0.00    0.00    0.00    0.00    0.00     2  |__CPU 3/TCG
06:15:16     1000   2939919         -  200.00    3.00    0.00    0.00  203.00     5  qemu-system-aar
06:15:16     1000         -   2939919    2.00    2.00    0.00    0.00    4.00     5  |__qemu-system-aar
06:15:16     1000         -   2939926    0.00    0.00    0.00    0.00    0.00     0  |__call_rcu
06:15:16     1000         -   2939941   99.00    0.00    0.00    0.00   99.00    20  |__CPU 0/TCG
06:15:16     1000         -   2939942    1.00    0.00    0.00    0.00    1.00    18  |__CPU 1/TCG
06:15:16     1000         -   2939943   98.00    0.00    0.00    0.00   98.00    16  |__CPU 2/TCG
06:15:16     1000         -   2939944    0.00    0.00    0.00    0.00    0.00     2  |__CPU 3/TCG
06:15:17     1000   2939919         -  199.00    3.00    0.00    0.00  202.00     1  qemu-system-aar
06:15:17     1000         -   2939919    1.00    2.00    0.00    0.00    3.00     1  |__qemu-system-aar
06:15:17     1000         -   2939926    0.00    0.00    0.00    0.00    0.00     0  |__call_rcu
06:15:17     1000         -   2939941   98.00    1.00    0.00    0.00   99.00    20  |__CPU 0/TCG
06:15:17     1000         -   2939942    0.00    0.00    0.00    0.00    0.00    19  |__CPU 1/TCG
06:15:17     1000         -   2939943   98.00    2.00    0.00    0.00  100.00    16  |__CPU 2/TCG
06:15:17     1000         -   2939944    0.00    0.00    0.00    0.00    0.00     2  |__CPU 3/TCG
06:15:18     1000   2939919         -  200.00    2.00    0.00    0.00  202.00     1  qemu-system-aar
06:15:18     1000         -   2939919    1.00    2.00    0.00    0.00    3.00     1  |__qemu-system-aar
06:15:18     1000         -   2939926    0.00    0.00    0.00    0.00    0.00     0  |__call_rcu
06:15:18     1000         -   2939941   99.00    1.00    0.00    0.00  100.00    20  |__CPU 0/TCG
06:15:18     1000         -   2939942    1.00    0.00    0.00    0.00    1.00    18  |__CPU 1/TCG
06:15:18     1000         -   2939943   99.00    0.00    0.00    0.00   99.00    16  |__CPU 2/TCG
06:15:18     1000         -   2939944    0.00    0.00    0.00    0.00    0.00     2  |__CPU 3/TCG
06:15:19     1000   2939919         -  199.00    3.00    0.00    0.00  202.00     5  qemu-system-aar
06:15:19     1000         -   2939919    1.00    1.00    0.00    0.00    2.00     5  |__qemu-system-aar
06:15:19     1000         -   2939926    0.00    0.00    0.00    0.00    0.00     0  |__call_rcu
06:15:19     1000         -   2939941   99.00    0.00    0.00    0.00   99.00     4  |__CPU 0/TCG
06:15:19     1000         -   2939942    0.00    0.00    0.00    0.00    0.00    19  |__CPU 1/TCG
06:15:19     1000         -   2939943   99.00    2.00    0.00    0.00  101.00    16  |__CPU 2/TCG
06:15:19     1000         -   2939944    0.00    0.00    0.00    0.00    0.00     2  |__CPU 3/TCG
06:15:20     1000   2939919         -  200.00    2.00    0.00    0.00  202.00     7  qemu-system-aar
06:15:20     1000         -   2939919    0.00    2.00    0.00    0.00    2.00     7  |__qemu-system-aar
06:15:20     1000         -   2939926    0.00    0.00    0.00    0.00    0.00     0  |__call_rcu
06:15:20     1000         -   2939941   99.00    1.00    0.00    0.00  100.00    20  |__CPU 0/TCG
06:15:20     1000         -   2939942    1.00    0.00    0.00    0.00    1.00    21  |__CPU 1/TCG
06:15:20     1000         -   2939943   98.00    1.00    0.00    0.00   99.00    16  |__CPU 2/TCG
06:15:20     1000         -   2939944    0.00    0.00    0.00    0.00    0.00     2  |__CPU 3/TCG
06:15:21     1000   2939919         -  201.00    2.00    0.00    0.00  203.00     7  qemu-system-aar
06:15:21     1000         -   2939919    1.00    2.00    0.00    0.00    3.00     7  |__qemu-system-aar
06:15:21     1000         -   2939926    0.00    0.00    0.00    0.00    0.00     0  |__call_rcu
06:15:21     1000         -   2939941   99.00    0.00    0.00    0.00   99.00     4  |__CPU 0/TCG
06:15:21     1000         -   2939942    0.00    0.00    0.00    0.00    0.00    21  |__CPU 1/TCG
06:15:21     1000         -   2939943   99.00    1.00    0.00    0.00  100.00    16  |__CPU 2/TCG
06:15:21     1000         -   2939944    0.00    0.00    0.00    0.00    0.00     2  |__CPU 3/TCG
06:15:22     1000   2939919         -  200.00    3.00    0.00    0.00  203.00    20  qemu-system-aar
06:15:22     1000         -   2939919    1.00    3.00    0.00    0.00    4.00    20  |__qemu-system-aar
06:15:22     1000         -   2939926    0.00    0.00    0.00    0.00    0.00     0  |__call_rcu
06:15:22     1000         -   2939941   99.00    1.00    0.00    0.00  100.00     4  |__CPU 0/TCG
06:15:22     1000         -   2939942    1.00    0.00    0.00    0.00    1.00    21  |__CPU 1/TCG
06:15:22     1000         -   2939943   99.00    1.00    0.00    0.00  100.00    16  |__CPU 2/TCG
06:15:22     1000         -   2939944    0.00    0.00    0.00    0.00    0.00     2  |__CPU 3/TCG
06:15:23     1000   2939919         -  200.00    4.00    0.00    0.00  204.00    19  qemu-system-aar
06:15:23     1000         -   2939919    1.00    3.00    0.00    0.00    4.00    19  |__qemu-system-aar
06:15:23     1000         -   2939926    0.00    0.00    0.00    0.00    0.00     0  |__call_rcu
06:15:23     1000         -   2939941   98.00    0.00    0.00    0.00   98.00    20  |__CPU 0/TCG
06:15:23     1000         -   2939942    0.00    0.00    0.00    0.00    0.00    21  |__CPU 1/TCG
06:15:23     1000         -   2939943   98.00    1.00    0.00    0.00   99.00    16  |__CPU 2/TCG
06:15:23     1000         -   2939944    0.00    0.00    0.00    0.00    0.00     2  |__CPU 3/TCG
06:15:24     1000   2939919         -  199.00    3.00    0.00    0.00  202.00    21  qemu-system-aar
06:15:24     1000         -   2939919    2.00    2.00    0.00    0.00    4.00    21  |__qemu-system-aar
06:15:24     1000         -   2939926    0.00    0.00    0.00    0.00    0.00     0  |__call_rcu
06:15:24     1000         -   2939941   99.00    1.00    0.00    0.00  100.00     4  |__CPU 0/TCG
06:15:24     1000         -   2939942    1.00    0.00    0.00    0.00    1.00    19  |__CPU 1/TCG
06:15:24     1000         -   2939943   98.00    2.00    0.00    0.00  100.00    16  |__CPU 2/TCG
06:15:24     1000         -   2939944    0.00    0.00    0.00    0.00    0.00     2  |__CPU 3/TCG
06:15:25     1000   2939919         -  198.02    2.97    0.00    0.00  200.99    21  qemu-system-aar
06:15:25     1000         -   2939919    0.00    1.98    0.00    0.00    1.98    21  |__qemu-system-aar
06:15:25     1000         -   2939926    0.00    0.00    0.00    0.00    0.00     0  |__call_rcu
06:15:25     1000         -   2939941   98.02    0.00    0.00    0.00   98.02     4  |__CPU 0/TCG
06:15:25     1000         -   2939942    0.00    0.00    0.00    0.00    0.00    19  |__CPU 1/TCG
06:15:25     1000         -   2939943   98.02    0.00    0.00    0.00   98.02    16  |__CPU 2/TCG
06:15:25     1000         -   2939944    0.00    0.00    0.00    0.00    0.00     2  |__CPU 3/TCG
06:15:26     1000   2939919         -  199.00    2.00    0.00    0.00  201.00     3  qemu-system-aar
06:15:26     1000         -   2939919    2.00    1.00    0.00    0.00    3.00     3  |__qemu-system-aar
06:15:26     1000         -   2939926    0.00    0.00    0.00    0.00    0.00     0  |__call_rcu
06:15:26     1000         -   2939941   99.00    1.00    0.00    0.00  100.00    20  |__CPU 0/TCG
06:15:26     1000         -   2939942    1.00    0.00    0.00    0.00    1.00    21  |__CPU 1/TCG
06:15:26     1000         -   2939943   98.00    2.00    0.00    0.00  100.00    16  |__CPU 2/TCG
06:15:26     1000         -   2939944    0.00    0.00    0.00    0.00    0.00     2  |__CPU 3/TCG
06:15:27     1000   2939919         -  201.00    2.00    0.00    0.00  203.00     2  qemu-system-aar
06:15:27     1000         -   2939919    0.00    2.00    0.00    0.00    2.00     2  |__qemu-system-aar
06:15:27     1000         -   2939926    0.00    0.00    0.00    0.00    0.00     0  |__call_rcu
06:15:27     1000         -   2939941   99.00    0.00    0.00    0.00   99.00    20  |__CPU 0/TCG
06:15:27     1000         -   2939942    0.00    0.00    0.00    0.00    0.00    19  |__CPU 1/TCG
06:15:27     1000         -   2939943   99.00    0.00    0.00    0.00   99.00    16  |__CPU 2/TCG
06:15:27     1000         -   2939944    0.00    0.00    0.00    0.00    0.00     2  |__CPU 3/TCG
06:15:28     1000   2939919         -  200.00    2.00    0.00    0.00  202.00     7  qemu-system-aar
06:15:28     1000         -   2939919    2.00    2.00    0.00    0.00    4.00     7  |__qemu-system-aar
06:15:28     1000         -   2939926    0.00    0.00    0.00    0.00    0.00     0  |__call_rcu
06:15:28     1000         -   2939941   99.00    0.00    0.00    0.00   99.00    20  |__CPU 0/TCG
06:15:28     1000         -   2939942    1.00    0.00    0.00    0.00    1.00    19  |__CPU 1/TCG
06:15:28     1000         -   2939943   98.00    1.00    0.00    0.00   99.00    16  |__CPU 2/TCG
06:15:28     1000         -   2939944    0.00    0.00    0.00    0.00    0.00     2  |__CPU 3/TCG
06:15:29     1000   2939919         -  199.00    3.00    0.00    0.00  202.00     7  qemu-system-aar
06:15:29     1000         -   2939919    1.00    1.00    0.00    0.00    2.00     7  |__qemu-system-aar
06:15:29     1000         -   2939926    0.00    0.00    0.00    0.00    0.00     0  |__call_rcu
06:15:29     1000         -   2939941   99.00    1.00    0.00    0.00  100.00    20  |__CPU 0/TCG
06:15:29     1000         -   2939942    0.00    0.00    0.00    0.00    0.00    22  |__CPU 1/TCG
06:15:29     1000         -   2939943   99.00    2.00    0.00    0.00  101.00    16  |__CPU 2/TCG
06:15:29     1000         -   2939944    0.00    0.00    0.00    0.00    0.00     2  |__CPU 3/TCG
06:15:30     1000   2939919         -  200.00    2.00    0.00    0.00  202.00     7  qemu-system-aar
06:15:30     1000         -   2939919    1.00    2.00    0.00    0.00    3.00     7  |__qemu-system-aar
06:15:30     1000         -   2939926    0.00    0.00    0.00    0.00    0.00     0  |__call_rcu
06:15:30     1000         -   2939941   98.00    0.00    0.00    0.00   98.00    20  |__CPU 0/TCG
06:15:30     1000         -   2939942    1.00    0.00    0.00    0.00    1.00    22  |__CPU 1/TCG
06:15:30     1000         -   2939943   98.00    1.00    0.00    0.00   99.00    16  |__CPU 2/TCG
06:15:30     1000         -   2939944    0.00    0.00    0.00    0.00    0.00     2  |__CPU 3/TCG
06:15:31     1000   2939919         -  200.00    3.00    0.00    0.00  203.00    18  qemu-system-aar
06:15:31     1000         -   2939919    1.00    2.00    0.00    0.00    3.00    18  |__qemu-system-aar
06:15:31     1000         -   2939926    0.00    0.00    0.00    0.00    0.00     0  |__call_rcu
06:15:31     1000         -   2939941   99.00    1.00    0.00    0.00  100.00    20  |__CPU 0/TCG
06:15:31     1000         -   2939942    0.00    0.00    0.00    0.00    0.00    22  |__CPU 1/TCG
06:15:31     1000         -   2939943   99.00    0.00    0.00    0.00   99.00    16  |__CPU 2/TCG
06:15:31     1000         -   2939944    0.00    0.00    0.00    0.00    0.00     2  |__CPU 3/TCG
06:15:32     1000   2939919         -  199.00    4.00    0.00    0.00  203.00    18  qemu-system-aar
06:15:32     1000         -   2939919    1.00    3.00    0.00    0.00    4.00    18  |__qemu-system-aar
06:15:32     1000         -   2939926    0.00    0.00    0.00    0.00    0.00     0  |__call_rcu
06:15:32     1000         -   2939941   99.00    1.00    0.00    0.00  100.00    20  |__CPU 0/TCG
06:15:32     1000         -   2939942    1.00    0.00    0.00    0.00    1.00    22  |__CPU 1/TCG
06:15:32     1000         -   2939943   99.00    1.00    0.00    0.00  100.00    16  |__CPU 2/TCG
06:15:32     1000         -   2939944    0.00    0.00    0.00    0.00    0.00     2  |__CPU 3/TCG
06:15:33     1000   2939919         -  200.00    2.00    0.00    0.00  202.00     2  qemu-system-aar
06:15:33     1000         -   2939919    1.00    2.00    0.00    0.00    3.00     2  |__qemu-system-aar
06:15:33     1000         -   2939926    0.00    0.00    0.00    0.00    0.00     0  |__call_rcu
06:15:33     1000         -   2939941   98.00    0.00    0.00    0.00   98.00    20  |__CPU 0/TCG
06:15:33     1000         -   2939942    0.00    0.00    0.00    0.00    0.00    22  |__CPU 1/TCG
06:15:33     1000         -   2939943   99.00    1.00    0.00    0.00  100.00    16  |__CPU 2/TCG
06:15:33     1000         -   2939944    0.00    0.00    0.00    0.00    0.00     2  |__CPU 3/TCG
06:15:34     1000   2939919         -  199.00    3.00    0.00    0.00  202.00     2  qemu-system-aar
06:15:34     1000         -   2939919    1.00    2.00    0.00    0.00    3.00     2  |__qemu-system-aar
06:15:34     1000         -   2939926    0.00    0.00    0.00    0.00    0.00     0  |__call_rcu
06:15:34     1000         -   2939941   99.00    1.00    0.00    0.00  100.00    20  |__CPU 0/TCG
06:15:34     1000         -   2939942    1.00    0.00    0.00    0.00    1.00    19  |__CPU 1/TCG
06:15:34     1000         -   2939943   98.00    1.00    0.00    0.00   99.00    16  |__CPU 2/TCG
06:15:34     1000         -   2939944    0.00    0.00    0.00    0.00    0.00     2  |__CPU 3/TCG
06:15:35     1000   2939919         -  202.00    1.00    0.00    0.00  203.00    21  qemu-system-aar
06:15:35     1000         -   2939919    1.00    2.00    0.00    0.00    3.00    21  |__qemu-system-aar
06:15:35     1000         -   2939926    0.00    0.00    0.00    0.00    0.00     0  |__call_rcu
06:15:35     1000         -   2939941   99.00    0.00    0.00    0.00   99.00     4  |__CPU 0/TCG
06:15:35     1000         -   2939942    0.00    0.00    0.00    0.00    0.00    19  |__CPU 1/TCG
06:15:35     1000         -   2939943   99.00    1.00    0.00    0.00  100.00    16  |__CPU 2/TCG
06:15:35     1000         -   2939944    0.00    0.00    0.00    0.00    0.00     2  |__CPU 3/TCG
06:15:36     1000   2939919         -  199.00    4.00    0.00    0.00  203.00     9  qemu-system-aar
06:15:36     1000         -   2939919    0.00    2.00    0.00    0.00    2.00     9  |__qemu-system-aar
06:15:36     1000         -   2939926    0.00    0.00    0.00    0.00    0.00     0  |__call_rcu
06:15:36     1000         -   2939941   99.00    1.00    0.00    0.00  100.00     4  |__CPU 0/TCG
06:15:36     1000         -   2939942    1.00    0.00    0.00    0.00    1.00    23  |__CPU 1/TCG
06:15:36     1000         -   2939943   99.00    0.00    0.00    0.00   99.00     0  |__CPU 2/TCG
06:15:36     1000         -   2939944    0.00    0.00    0.00    0.00    0.00     2  |__CPU 3/TCG
06:15:37     1000   2939919         -  199.00    4.00    0.00    0.00  203.00    18  qemu-system-aar
06:15:37     1000         -   2939919    2.00    2.00    0.00    0.00    4.00    18  |__qemu-system-aar
06:15:37     1000         -   2939926    0.00    0.00    0.00    0.00    0.00     0  |__call_rcu
06:15:37     1000         -   2939941   98.00    0.00    0.00    0.00   98.00     4  |__CPU 0/TCG
06:15:37     1000         -   2939942    0.00    0.00    0.00    0.00    0.00    23  |__CPU 1/TCG
06:15:37     1000         -   2939943   98.00    2.00    0.00    0.00  100.00    16  |__CPU 2/TCG
06:15:37     1000         -   2939944    0.00    0.00    0.00    0.00    0.00     2  |__CPU 3/TCG
06:15:38     1000   2939919         -  199.00    3.00    0.00    0.00  202.00    18  qemu-system-aar
06:15:38     1000         -   2939919    1.00    2.00    0.00    0.00    3.00    18  |__qemu-system-aar
06:15:38     1000         -   2939926    0.00    0.00    0.00    0.00    0.00     0  |__call_rcu
06:15:38     1000         -   2939941   99.00    1.00    0.00    0.00  100.00     4  |__CPU 0/TCG
06:15:38     1000         -   2939942    1.00    0.00    0.00    0.00    1.00    23  |__CPU 1/TCG
06:15:38     1000         -   2939943   98.00    1.00    0.00    0.00   99.00    16  |__CPU 2/TCG
06:15:38     1000         -   2939944    0.00    0.00    0.00    0.00    0.00     2  |__CPU 3/TCG
06:15:39     1000   2939919         -  199.00    3.00    0.00    0.00  202.00    18  qemu-system-aar
06:15:39     1000         -   2939919    1.00    2.00    0.00    0.00    3.00    18  |__qemu-system-aar
06:15:39     1000         -   2939926    0.00    0.00    0.00    0.00    0.00     0  |__call_rcu
06:15:39     1000         -   2939941   99.00    1.00    0.00    0.00  100.00     4  |__CPU 0/TCG
06:15:39     1000         -   2939942    0.00    0.00    0.00    0.00    0.00    23  |__CPU 1/TCG
06:15:39     1000         -   2939943   99.00    1.00    0.00    0.00  100.00    16  |__CPU 2/TCG
06:15:39     1000         -   2939944    0.00    0.00    0.00    0.00    0.00     2  |__CPU 3/TCG
06:15:40     1000   2939919         -  200.00    3.00    0.00    0.00  203.00    18  qemu-system-aar
06:15:40     1000         -   2939919    1.00    3.00    0.00    0.00    4.00    18  |__qemu-system-aar
06:15:40     1000         -   2939926    0.00    0.00    0.00    0.00    0.00     0  |__call_rcu
06:15:40     1000         -   2939941   98.00    0.00    0.00    0.00   98.00    20  |__CPU 0/TCG
06:15:40     1000         -   2939942    1.00    0.00    0.00    0.00    1.00    22  |__CPU 1/TCG
06:15:40     1000         -   2939943   99.00    1.00    0.00    0.00  100.00    16  |__CPU 2/TCG
06:15:40     1000         -   2939944    0.00    0.00    0.00    0.00    0.00     2  |__CPU 3/TCG
06:15:41     1000   2939919         -  199.00    3.00    0.00    0.00  202.00    21  qemu-system-aar
06:15:41     1000         -   2939919    1.00    1.00    0.00    0.00    2.00    21  |__qemu-system-aar
06:15:41     1000         -   2939926    0.00    0.00    0.00    0.00    0.00     0  |__call_rcu
06:15:41     1000         -   2939941   99.00    1.00    0.00    0.00  100.00    20  |__CPU 0/TCG
06:15:41     1000         -   2939942    0.00    0.00    0.00    0.00    0.00     2  |__CPU 1/TCG
06:15:41     1000         -   2939943   98.00    1.00    0.00    0.00   99.00     0  |__CPU 2/TCG
06:15:41     1000         -   2939944    0.00    0.00    0.00    0.00    0.00     2  |__CPU 3/TCG
06:15:42     1000   2939919         -  199.00    3.00    0.00    0.00  202.00    21  qemu-system-aar
06:15:42     1000         -   2939919    0.00    3.00    0.00    0.00    3.00    21  |__qemu-system-aar
06:15:42     1000         -   2939926    0.00    0.00    0.00    0.00    0.00     0  |__call_rcu
06:15:42     1000         -   2939941   99.00    0.00    0.00    0.00   99.00    20  |__CPU 0/TCG
06:15:42     1000         -   2939942    1.00    0.00    0.00    0.00    1.00     1  |__CPU 1/TCG
06:15:42     1000         -   2939943   99.00    2.00    0.00    0.00  101.00    16  |__CPU 2/TCG
06:15:42     1000         -   2939944    0.00    0.00    0.00    0.00    0.00     2  |__CPU 3/TCG
06:15:43     1000   2939919         -  200.00    3.00    0.00    0.00  203.00    22  qemu-system-aar
06:15:43     1000         -   2939919    1.00    2.00    0.00    0.00    3.00    22  |__qemu-system-aar
06:15:43     1000         -   2939926    0.00    0.00    0.00    0.00    0.00     0  |__call_rcu
06:15:43     1000         -   2939941   99.00    1.00    0.00    0.00  100.00    20  |__CPU 0/TCG
06:15:43     1000         -   2939942    0.00    0.00    0.00    0.00    0.00     2  |__CPU 1/TCG
06:15:43     1000         -   2939943   98.00    1.00    0.00    0.00   99.00    16  |__CPU 2/TCG
06:15:43     1000         -   2939944    0.00    0.00    0.00    0.00    0.00     2  |__CPU 3/TCG
06:15:44     1000   2939919         -  199.00    3.00    0.00    0.00  202.00     3  qemu-system-aar
06:15:44     1000         -   2939919    1.00    2.00    0.00    0.00    3.00     3  |__qemu-system-aar
06:15:44     1000         -   2939926    0.00    0.00    0.00    0.00    0.00     0  |__call_rcu
06:15:44     1000         -   2939941   99.00    0.00    0.00    0.00   99.00    20  |__CPU 0/TCG
06:15:44     1000         -   2939942    1.00    0.00    0.00    0.00    1.00     2  |__CPU 1/TCG
06:15:44     1000         -   2939943   99.00    1.00    0.00    0.00  100.00    16  |__CPU 2/TCG
06:15:44     1000         -   2939944    0.00    0.00    0.00    0.00    0.00     2  |__CPU 3/TCG
06:15:45     1000   2939919         -  201.00    2.00    0.00    0.00  203.00    22  qemu-system-aar
06:15:45     1000         -   2939919    1.00    2.00    0.00    0.00    3.00    22  |__qemu-system-aar
06:15:45     1000         -   2939926    0.00    0.00    0.00    0.00    0.00     0  |__call_rcu
06:15:45     1000         -   2939941   99.00    1.00    0.00    0.00  100.00    20  |__CPU 0/TCG
06:15:45     1000         -   2939942    1.00    0.00    0.00    0.00    1.00     2  |__CPU 1/TCG
06:15:45     1000         -   2939943   99.00    0.00    0.00    0.00   99.00    16  |__CPU 2/TCG
06:15:45     1000         -   2939944    0.00    0.00    0.00    0.00    0.00     2  |__CPU 3/TCG
06:15:46     1000   2939919         -  200.00    2.00    0.00    0.00  202.00    22  qemu-system-aar
06:15:46     1000         -   2939919    1.00    1.00    0.00    0.00    2.00    22  |__qemu-system-aar
06:15:46     1000         -   2939926    0.00    0.00    0.00    0.00    0.00     0  |__call_rcu
06:15:46     1000         -   2939941   99.00    0.00    0.00    0.00   99.00    20  |__CPU 0/TCG
06:15:46     1000         -   2939942    0.00    0.00    0.00    0.00    0.00     1  |__CPU 1/TCG
06:15:46     1000         -   2939943   99.00    1.00    0.00    0.00  100.00    16  |__CPU 2/TCG
06:15:46     1000         -   2939944    0.00    0.00    0.00    0.00    0.00     2  |__CPU 3/TCG
06:15:47     1000   2939919         -  199.00    4.00    0.00    0.00  203.00    22  qemu-system-aar
06:15:47     1000         -   2939919    2.00    2.00    0.00    0.00    4.00    22  |__qemu-system-aar
06:15:47     1000         -   2939926    0.00    0.00    0.00    0.00    0.00     0  |__call_rcu
06:15:47     1000         -   2939941   98.00    1.00    0.00    0.00   99.00    20  |__CPU 0/TCG
06:15:47     1000         -   2939942    1.00    0.00    0.00    0.00    1.00     2  |__CPU 1/TCG
06:15:47     1000         -   2939943   98.00    1.00    0.00    0.00   99.00    16  |__CPU 2/TCG
06:15:47     1000         -   2939944    0.00    0.00    0.00    0.00    0.00     2  |__CPU 3/TCG
06:15:48     1000   2939919         -  200.00    2.00    0.00    0.00  202.00     1  qemu-system-aar
06:15:48     1000         -   2939919    1.00    2.00    0.00    0.00    3.00    22  |__qemu-system-aar
06:15:48     1000         -   2939926    0.00    0.00    0.00    0.00    0.00     0  |__call_rcu
06:15:48     1000         -   2939941   98.00    1.00    0.00    0.00   99.00    20  |__CPU 0/TCG
06:15:48     1000         -   2939942    0.00    0.00    0.00    0.00    0.00     2  |__CPU 1/TCG
06:15:48     1000         -   2939943   99.00    1.00    0.00    0.00  100.00    16  |__CPU 2/TCG
06:15:48     1000         -   2939944    0.00    0.00    0.00    0.00    0.00     2  |__CPU 3/TCG
06:15:49     1000   2939919         -  200.00    2.00    0.00    0.00  202.00     7  qemu-system-aar
06:15:49     1000         -   2939919    1.00    1.00    0.00    0.00    2.00     7  |__qemu-system-aar
06:15:49     1000         -   2939926    0.00    0.00    0.00    0.00    0.00     0  |__call_rcu
06:15:49     1000         -   2939941   99.00    0.00    0.00    0.00   99.00    20  |__CPU 0/TCG
06:15:49     1000         -   2939942    1.00    0.00    0.00    0.00    1.00     2  |__CPU 1/TCG
06:15:49     1000         -   2939943   99.00    1.00    0.00    0.00  100.00     0  |__CPU 2/TCG
06:15:49     1000         -   2939944    0.00    0.00    0.00    0.00    0.00     2  |__CPU 3/TCG
06:15:50     1000   2939919         -  199.00    3.00    0.00    0.00  202.00     7  qemu-system-aar
06:15:50     1000         -   2939919    1.00    2.00    0.00    0.00    3.00     7  |__qemu-system-aar
06:15:50     1000         -   2939926    0.00    0.00    0.00    0.00    0.00     0  |__call_rcu
06:15:50     1000         -   2939941   99.00    1.00    0.00    0.00  100.00    20  |__CPU 0/TCG
06:15:50     1000         -   2939942    0.00    0.00    0.00    0.00    0.00     3  |__CPU 1/TCG
06:15:50     1000         -   2939943   98.00    1.00    0.00    0.00   99.00     0  |__CPU 2/TCG
06:15:50     1000         -   2939944    0.00    0.00    0.00    0.00    0.00     2  |__CPU 3/TCG
06:15:51     1000   2939919         -  200.00    3.00    0.00    0.00  203.00     2  qemu-system-aar
06:15:51     1000         -   2939919    1.00    2.00    0.00    0.00    3.00     2  |__qemu-system-aar
06:15:51     1000         -   2939926    0.00    0.00    0.00    0.00    0.00     0  |__call_rcu
06:15:51     1000         -   2939941   99.00    0.00    0.00    0.00   99.00    20  |__CPU 0/TCG
06:15:51     1000         -   2939942    1.00    0.00    0.00    0.00    1.00     3  |__CPU 1/TCG
06:15:51     1000         -   2939943   99.00    1.00    0.00    0.00  100.00     0  |__CPU 2/TCG
06:15:51     1000         -   2939944    0.00    0.00    0.00    0.00    0.00     2  |__CPU 3/TCG
06:15:52     1000   2939919         -  199.00    3.00    0.00    0.00  202.00     2  qemu-system-aar
06:15:52     1000         -   2939919    1.00    2.00    0.00    0.00    3.00     2  |__qemu-system-aar
06:15:52     1000         -   2939926    0.00    0.00    0.00    0.00    0.00     0  |__call_rcu
06:15:52     1000         -   2939941   99.00    0.00    0.00    0.00   99.00    20  |__CPU 0/TCG
06:15:52     1000         -   2939942    0.00    0.00    0.00    0.00    0.00     5  |__CPU 1/TCG
06:15:52     1000         -   2939943   99.00    1.00    0.00    0.00  100.00     0  |__CPU 2/TCG
06:15:52     1000         -   2939944    0.00    0.00    0.00    0.00    0.00     2  |__CPU 3/TCG
06:15:53     1000   2939919         -  201.00    2.00    0.00    0.00  203.00    18  qemu-system-aar
06:15:53     1000         -   2939919    1.00    2.00    0.00    0.00    3.00    18  |__qemu-system-aar
06:15:53     1000         -   2939926    0.00    0.00    0.00    0.00    0.00     0  |__call_rcu
06:15:53     1000         -   2939941   99.00    0.00    0.00    0.00   99.00    20  |__CPU 0/TCG
06:15:53     1000         -   2939942    1.00    0.00    0.00    0.00    1.00     3  |__CPU 1/TCG
06:15:53     1000         -   2939943   98.00    1.00    0.00    0.00   99.00     0  |__CPU 2/TCG
06:15:53     1000         -   2939944    0.00    0.00    0.00    0.00    0.00     2  |__CPU 3/TCG
06:15:54     1000   2939919         -  201.00    1.00    0.00    0.00  202.00     5  qemu-system-aar
06:15:54     1000         -   2939919    1.00    1.00    0.00    0.00    2.00     5  |__qemu-system-aar
06:15:54     1000         -   2939926    0.00    0.00    0.00    0.00    0.00     0  |__call_rcu
06:15:54     1000         -   2939941   99.00    1.00    0.00    0.00  100.00     4  |__CPU 0/TCG
06:15:54     1000         -   2939942    0.00    0.00    0.00    0.00    0.00     3  |__CPU 1/TCG
06:15:54     1000         -   2939943   99.00    1.00    0.00    0.00  100.00     0  |__CPU 2/TCG
06:15:54     1000         -   2939944    0.00    0.00    0.00    0.00    0.00     2  |__CPU 3/TCG
06:15:55     1000   2939919         -  199.00    3.00    0.00    0.00  202.00    17  qemu-system-aar
06:15:55     1000         -   2939919    1.00    2.00    0.00    0.00    3.00    17  |__qemu-system-aar
06:15:55     1000         -   2939926    0.00    0.00    0.00    0.00    0.00     0  |__call_rcu
06:15:55     1000         -   2939941   99.00    1.00    0.00    0.00  100.00     4  |__CPU 0/TCG
06:15:55     1000         -   2939942    1.00    0.00    0.00    0.00    1.00     3  |__CPU 1/TCG
06:15:55     1000         -   2939943   98.00    2.00    0.00    0.00  100.00     0  |__CPU 2/TCG
06:15:55     1000         -   2939944    0.00    0.00    0.00    0.00    0.00     2  |__CPU 3/TCG
06:15:56     1000   2939919         -  199.00    3.00    0.00    0.00  202.00    22  qemu-system-aar
06:15:56     1000         -   2939919    1.00    2.00    0.00    0.00    3.00    22  |__qemu-system-aar
06:15:56     1000         -   2939926    0.00    0.00    0.00    0.00    0.00     0  |__call_rcu
06:15:56     1000         -   2939941   98.00    0.00    0.00    0.00   98.00    20  |__CPU 0/TCG
06:15:56     1000         -   2939942    0.00    1.00    0.00    0.00    1.00     3  |__CPU 1/TCG
06:15:56     1000         -   2939943   99.00    0.00    0.00    0.00   99.00    16  |__CPU 2/TCG
06:15:56     1000         -   2939944    0.00    0.00    0.00    0.00    0.00     2  |__CPU 3/TCG
06:15:57     1000   2939919         -  200.00    3.00    0.00    0.00  203.00    22  qemu-system-aar
06:15:57     1000         -   2939919    1.00    2.00    0.00    0.00    3.00    22  |__qemu-system-aar
06:15:57     1000         -   2939926    0.00    0.00    0.00    0.00    0.00     0  |__call_rcu
06:15:57     1000         -   2939941   99.00    0.00    0.00    0.00   99.00    20  |__CPU 0/TCG
06:15:57     1000         -   2939942    1.00    0.00    0.00    0.00    1.00     3  |__CPU 1/TCG
06:15:57     1000         -   2939943   99.00    1.00    0.00    0.00  100.00    16  |__CPU 2/TCG
06:15:57     1000         -   2939944    0.00    0.00    0.00    0.00    0.00     2  |__CPU 3/TCG
06:15:58     1000   2939919         -  200.00    3.00    0.00    0.00  203.00    22  qemu-system-aar
06:15:58     1000         -   2939919    1.00    2.00    0.00    0.00    3.00    22  |__qemu-system-aar
06:15:58     1000         -   2939926    0.00    0.00    0.00    0.00    0.00     0  |__call_rcu
06:15:58     1000         -   2939941   99.00    1.00    0.00    0.00  100.00    20  |__CPU 0/TCG
06:15:58     1000         -   2939942    0.00    0.00    0.00    0.00    0.00     3  |__CPU 1/TCG
06:15:58     1000         -   2939943   99.00    1.00    0.00    0.00  100.00    16  |__CPU 2/TCG
06:15:58     1000         -   2939944    0.00    0.00    0.00    0.00    0.00     2  |__CPU 3/TCG
06:15:59     1000   2939919         -  199.00    3.00    0.00    0.00  202.00    19  qemu-system-aar
06:15:59     1000         -   2939919    1.00    2.00    0.00    0.00    3.00    19  |__qemu-system-aar
06:15:59     1000         -   2939926    0.00    0.00    0.00    0.00    0.00     0  |__call_rcu
06:15:59     1000         -   2939941   99.00    1.00    0.00    0.00  100.00    20  |__CPU 0/TCG
06:15:59     1000         -   2939942    1.00    0.00    0.00    0.00    1.00     3  |__CPU 1/TCG
06:15:59     1000         -   2939943   99.00    1.00    0.00    0.00  100.00    16  |__CPU 2/TCG
06:15:59     1000         -   2939944    0.00    0.00    0.00    0.00    0.00     2  |__CPU 3/TCG
06:16:00     1000   2939919         -  199.00    2.00    0.00    0.00  201.00    23  qemu-system-aar
06:16:00     1000         -   2939919    1.00    2.00    0.00    0.00    3.00    23  |__qemu-system-aar
06:16:00     1000         -   2939926    0.00    0.00    0.00    0.00    0.00     0  |__call_rcu
06:16:00     1000         -   2939941   99.00    0.00    0.00    0.00   99.00    20  |__CPU 0/TCG
06:16:00     1000         -   2939942    0.00    0.00    0.00    0.00    0.00     6  |__CPU 1/TCG
06:16:00     1000         -   2939943   98.00    1.00    0.00    0.00   99.00    16  |__CPU 2/TCG
06:16:00     1000         -   2939944    0.00    0.00    0.00    0.00    0.00     2  |__CPU 3/TCG
06:16:01     1000   2939919         -  200.00    3.00    0.00    0.00  203.00     3  qemu-system-aar
06:16:01     1000         -   2939919    1.00    2.00    0.00    0.00    3.00     3  |__qemu-system-aar
06:16:01     1000         -   2939926    0.00    0.00    0.00    0.00    0.00     0  |__call_rcu
06:16:01     1000         -   2939941   98.00    1.00    0.00    0.00   99.00    20  |__CPU 0/TCG
06:16:01     1000         -   2939942    1.00    0.00    0.00    0.00    1.00     6  |__CPU 1/TCG
06:16:01     1000         -   2939943   99.00    1.00    0.00    0.00  100.00    16  |__CPU 2/TCG
06:16:01     1000         -   2939944    0.00    0.00    0.00    0.00    0.00     2  |__CPU 3/TCG
06:16:02     1000   2939919         -  201.00    2.00    0.00    0.00  203.00     6  qemu-system-aar
06:16:02     1000         -   2939919    2.00    2.00    0.00    0.00    4.00     6  |__qemu-system-aar
06:16:02     1000         -   2939926    0.00    0.00    0.00    0.00    0.00     0  |__call_rcu
06:16:02     1000         -   2939941   99.00    0.00    0.00    0.00   99.00    20  |__CPU 0/TCG
06:16:02     1000         -   2939942    0.00    0.00    0.00    0.00    0.00    17  |__CPU 1/TCG
06:16:02     1000         -   2939943   99.00    0.00    0.00    0.00   99.00    16  |__CPU 2/TCG
06:16:02     1000         -   2939944    0.00    0.00    0.00    0.00    0.00     2  |__CPU 3/TCG
06:16:03     1000   2939919         -  200.00    4.00    0.00    0.00  204.00     7  qemu-system-aar
06:16:03     1000         -   2939919    0.00    3.00    0.00    0.00    3.00     7  |__qemu-system-aar
06:16:03     1000         -   2939926    0.00    0.00    0.00    0.00    0.00     0  |__call_rcu
06:16:03     1000         -   2939941   99.00    1.00    0.00    0.00  100.00    20  |__CPU 0/TCG
06:16:03     1000         -   2939942    1.00    0.00    0.00    0.00    1.00    17  |__CPU 1/TCG
06:16:03     1000         -   2939943   99.00    1.00    0.00    0.00  100.00    16  |__CPU 2/TCG
06:16:03     1000         -   2939944    0.00    0.00    0.00    0.00    0.00     2  |__CPU 3/TCG
06:16:04     1000   2939919         -  201.00    1.00    0.00    0.00  202.00    21  qemu-system-aar
06:16:04     1000         -   2939919    2.00    1.00    0.00    0.00    3.00    21  |__qemu-system-aar
06:16:04     1000         -   2939926    0.00    0.00    0.00    0.00    0.00     0  |__call_rcu
06:16:04     1000         -   2939941   99.00    0.00    0.00    0.00   99.00    20  |__CPU 0/TCG
06:16:04     1000         -   2939942    0.00    0.00    0.00    0.00    0.00    17  |__CPU 1/TCG
06:16:04     1000         -   2939943   99.00    0.00    0.00    0.00   99.00    16  |__CPU 2/TCG
06:16:04     1000         -   2939944    0.00    0.00    0.00    0.00    0.00     2  |__CPU 3/TCG
06:16:05     1000   2939919         -  199.00    2.00    0.00    0.00  201.00    22  qemu-system-aar
06:16:05     1000         -   2939919    1.00    2.00    0.00    0.00    3.00    22  |__qemu-system-aar
06:16:05     1000         -   2939926    0.00    0.00    0.00    0.00    0.00     0  |__call_rcu
06:16:05     1000         -   2939941   99.00    1.00    0.00    0.00  100.00    20  |__CPU 0/TCG
06:16:05     1000         -   2939942    1.00    0.00    0.00    0.00    1.00    17  |__CPU 1/TCG
06:16:05     1000         -   2939943   99.00    1.00    0.00    0.00  100.00    16  |__CPU 2/TCG
06:16:05     1000         -   2939944    0.00    0.00    0.00    0.00    0.00     2  |__CPU 3/TCG
06:16:06     1000   2939919         -  200.00    3.00    0.00    0.00  203.00     6  qemu-system-aar
06:16:06     1000         -   2939919    0.00    3.00    0.00    0.00    3.00     6  |__qemu-system-aar
06:16:06     1000         -   2939926    0.00    0.00    0.00    0.00    0.00     0  |__call_rcu
06:16:06     1000         -   2939941   99.00    0.00    0.00    0.00   99.00    20  |__CPU 0/TCG
06:16:06     1000         -   2939942    0.00    0.00    0.00    0.00    0.00    18  |__CPU 1/TCG
06:16:06     1000         -   2939943   99.00    1.00    0.00    0.00  100.00    16  |__CPU 2/TCG
06:16:06     1000         -   2939944    0.00    0.00    0.00    0.00    0.00     2  |__CPU 3/TCG
06:16:07     1000   2939919         -  200.00    3.00    0.00    0.00  203.00     6  qemu-system-aar
06:16:07     1000         -   2939919    1.00    2.00    0.00    0.00    3.00     6  |__qemu-system-aar
06:16:07     1000         -   2939926    0.00    0.00    0.00    0.00    0.00     0  |__call_rcu
06:16:07     1000         -   2939941   99.00    0.00    0.00    0.00   99.00    20  |__CPU 0/TCG
06:16:07     1000         -   2939942    1.00    0.00    0.00    0.00    1.00    18  |__CPU 1/TCG
06:16:07     1000         -   2939943   99.00    1.00    0.00    0.00  100.00    13  |__CPU 2/TCG
06:16:07     1000         -   2939944    0.00    0.00    0.00    0.00    0.00     2  |__CPU 3/TCG
06:16:08     1000   2939919         -  200.00    2.00    0.00    0.00  202.00    16  qemu-system-aar
06:16:08     1000         -   2939919    1.00    2.00    0.00    0.00    3.00    16  |__qemu-system-aar
06:16:08     1000         -   2939926    0.00    0.00    0.00    0.00    0.00     0  |__call_rcu
06:16:08     1000         -   2939941   99.00    0.00    0.00    0.00   99.00    20  |__CPU 0/TCG
06:16:08     1000         -   2939942    0.00    0.00    0.00    0.00    0.00    18  |__CPU 1/TCG
06:16:08     1000         -   2939943   98.00    1.00    0.00    0.00   99.00     0  |__CPU 2/TCG
06:16:08     1000         -   2939944    0.00    0.00    0.00    0.00    0.00     2  |__CPU 3/TCG
06:16:09     1000   2939919         -  201.00    2.00    0.00    0.00  203.00    16  qemu-system-aar
06:16:09     1000         -   2939919    2.00    2.00    0.00    0.00    4.00    16  |__qemu-system-aar
06:16:09     1000         -   2939926    0.00    0.00    0.00    0.00    0.00     0  |__call_rcu
06:16:09     1000         -   2939941   99.00    1.00    0.00    0.00  100.00    20  |__CPU 0/TCG
06:16:09     1000         -   2939942    1.00    0.00    0.00    0.00    1.00    17  |__CPU 1/TCG
06:16:09     1000         -   2939943   99.00    1.00    0.00    0.00  100.00     0  |__CPU 2/TCG
06:16:09     1000         -   2939944    0.00    0.00    0.00    0.00    0.00     2  |__CPU 3/TCG
06:16:10     1000   2939919         -  201.00    3.00    0.00    0.00  204.00     2  qemu-system-aar
06:16:10     1000         -   2939919    1.00    3.00    0.00    0.00    4.00     2  |__qemu-system-aar
06:16:10     1000         -   2939926    0.00    0.00    0.00    0.00    0.00     0  |__call_rcu
06:16:10     1000         -   2939941   99.00    0.00    0.00    0.00   99.00    20  |__CPU 0/TCG
06:16:10     1000         -   2939942    0.00    0.00    0.00    0.00    0.00    17  |__CPU 1/TCG
06:16:10     1000         -   2939943   99.00    0.00    0.00    0.00   99.00     0  |__CPU 2/TCG
06:16:10     1000         -   2939944    0.00    0.00    0.00    0.00    0.00     2  |__CPU 3/TCG
06:16:11     1000   2939919         -  199.00    3.00    0.00    0.00  202.00     2  qemu-system-aar
06:16:11     1000         -   2939919    2.00    1.00    0.00    0.00    3.00     2  |__qemu-system-aar
06:16:11     1000         -   2939926    0.00    0.00    0.00    0.00    0.00     0  |__call_rcu
06:16:11     1000         -   2939941   98.00    1.00    0.00    0.00   99.00    20  |__CPU 0/TCG
06:16:11     1000         -   2939942    1.00    0.00    0.00    0.00    1.00    17  |__CPU 1/TCG
06:16:11     1000         -   2939943   98.00    1.00    0.00    0.00   99.00    16  |__CPU 2/TCG
06:16:11     1000         -   2939944    0.00    0.00    0.00    0.00    0.00     2  |__CPU 3/TCG
06:16:12     1000   2939919         -  200.00    3.00    0.00    0.00  203.00     4  qemu-system-aar
06:16:12     1000         -   2939919    1.00    2.00    0.00    0.00    3.00     4  |__qemu-system-aar
06:16:12     1000         -   2939926    0.00    0.00    0.00    0.00    0.00     0  |__call_rcu
06:16:12     1000         -   2939941   99.00    0.00    0.00    0.00   99.00    20  |__CPU 0/TCG
06:16:12     1000         -   2939942    0.00    0.00    0.00    0.00    0.00    17  |__CPU 1/TCG
06:16:12     1000         -   2939943   98.00    2.00    0.00    0.00  100.00    16  |__CPU 2/TCG
06:16:12     1000         -   2939944    0.00    0.00    0.00    0.00    0.00     2  |__CPU 3/TCG
06:16:13     1000   2939919         -  201.00    1.00    0.00    0.00  202.00     3  qemu-system-aar
06:16:13     1000         -   2939919    1.00    2.00    0.00    0.00    3.00     3  |__qemu-system-aar
06:16:13     1000         -   2939926    0.00    0.00    0.00    0.00    0.00     0  |__call_rcu
06:16:13     1000         -   2939941   99.00    0.00    0.00    0.00   99.00    20  |__CPU 0/TCG
06:16:13     1000         -   2939942    1.00    0.00    0.00    0.00    1.00    18  |__CPU 1/TCG
06:16:13     1000         -   2939943   99.00    0.00    0.00    0.00   99.00    16  |__CPU 2/TCG
06:16:13     1000         -   2939944    0.00    0.00    0.00    0.00    0.00     2  |__CPU 3/TCG
06:16:14     1000   2939919         -  199.00    3.00    0.00    0.00  202.00    18  qemu-system-aar
06:16:14     1000         -   2939919    1.00    2.00    0.00    0.00    3.00    18  |__qemu-system-aar
06:16:14     1000         -   2939926    0.00    0.00    0.00    0.00    0.00     0  |__call_rcu
06:16:14     1000         -   2939941   99.00    0.00    0.00    0.00   99.00    20  |__CPU 0/TCG
06:16:14     1000         -   2939942    0.00    0.00    0.00    0.00    0.00    19  |__CPU 1/TCG
06:16:14     1000         -   2939943   99.00    1.00    0.00    0.00  100.00     0  |__CPU 2/TCG
06:16:14     1000         -   2939944    0.00    0.00    0.00    0.00    0.00     2  |__CPU 3/TCG
06:16:15     1000   2939919         -  201.00    3.00    0.00    0.00  204.00    20  qemu-system-aar
06:16:15     1000         -   2939919    1.00    3.00    0.00    0.00    4.00    20  |__qemu-system-aar
06:16:15     1000         -   2939926    0.00    0.00    0.00    0.00    0.00     0  |__call_rcu
06:16:15     1000         -   2939941   99.00    1.00    0.00    0.00  100.00     4  |__CPU 0/TCG
06:16:15     1000         -   2939942    1.00    0.00    0.00    0.00    1.00    21  |__CPU 1/TCG
06:16:15     1000         -   2939943   99.00    1.00    0.00    0.00  100.00     0  |__CPU 2/TCG
06:16:15     1000         -   2939944    0.00    0.00    0.00    0.00    0.00     2  |__CPU 3/TCG
06:16:16     1000   2939919         -  201.00    2.00    0.00    0.00  203.00    20  qemu-system-aar
06:16:16     1000         -   2939919    2.00    2.00    0.00    0.00    4.00    20  |__qemu-system-aar
06:16:16     1000         -   2939926    0.00    0.00    0.00    0.00    0.00     0  |__call_rcu
06:16:16     1000         -   2939941   99.00    0.00    0.00    0.00   99.00     4  |__CPU 0/TCG
06:16:16     1000         -   2939942    0.00    0.00    0.00    0.00    0.00     1  |__CPU 1/TCG
06:16:16     1000         -   2939943   99.00    1.00    0.00    0.00  100.00     0  |__CPU 2/TCG
06:16:16     1000         -   2939944    0.00    0.00    0.00    0.00    0.00     2  |__CPU 3/TCG
06:16:17     1000   2939919         -  200.00    2.00    0.00    0.00  202.00     3  qemu-system-aar
06:16:17     1000         -   2939919    1.00    2.00    0.00    0.00    3.00     3  |__qemu-system-aar
06:16:17     1000         -   2939926    0.00    0.00    0.00    0.00    0.00     0  |__call_rcu
06:16:17     1000         -   2939941   98.00    1.00    0.00    0.00   99.00    20  |__CPU 0/TCG
06:16:17     1000         -   2939942    1.00    0.00    0.00    0.00    1.00    19  |__CPU 1/TCG
06:16:17     1000         -   2939943   99.00    0.00    0.00    0.00   99.00    16  |__CPU 2/TCG
06:16:17     1000         -   2939944    0.00    0.00    0.00    0.00    0.00     2  |__CPU 3/TCG
06:16:18     1000   2939919         -  200.00    3.00    0.00    0.00  203.00     3  qemu-system-aar
06:16:18     1000         -   2939919    2.00    1.00    0.00    0.00    3.00     3  |__qemu-system-aar
06:16:18     1000         -   2939926    0.00    0.00    0.00    0.00    0.00     0  |__call_rcu
06:16:18     1000         -   2939941   99.00    0.00    0.00    0.00   99.00    20  |__CPU 0/TCG
06:16:18     1000         -   2939942    0.00    0.00    0.00    0.00    0.00    19  |__CPU 1/TCG
06:16:18     1000         -   2939943   98.00    2.00    0.00    0.00  100.00    16  |__CPU 2/TCG
06:16:18     1000         -   2939944    0.00    0.00    0.00    0.00    0.00     2  |__CPU 3/TCG
06:16:19     1000   2939919         -  200.00    2.00    0.00    0.00  202.00     3  qemu-system-aar
06:16:19     1000         -   2939919    1.00    2.00    0.00    0.00    3.00     3  |__qemu-system-aar
06:16:19     1000         -   2939926    0.00    0.00    0.00    0.00    0.00     0  |__call_rcu
06:16:19     1000         -   2939941   99.00    1.00    0.00    0.00  100.00    20  |__CPU 0/TCG
06:16:19     1000         -   2939942    0.00    0.00    0.00    0.00    0.00    22  |__CPU 1/TCG
06:16:19     1000         -   2939943   99.00    0.00    0.00    0.00   99.00    16  |__CPU 2/TCG
06:16:19     1000         -   2939944    0.00    0.00    0.00    0.00    0.00     2  |__CPU 3/TCG
06:16:20     1000   2939919         -  199.00    3.00    0.00    0.00  202.00    17  qemu-system-aar
06:16:20     1000         -   2939919    0.00    2.00    0.00    0.00    2.00    17  |__qemu-system-aar
06:16:20     1000         -   2939926    0.00    0.00    0.00    0.00    0.00     0  |__call_rcu
06:16:20     1000         -   2939941   99.00    1.00    0.00    0.00  100.00    20  |__CPU 0/TCG
06:16:20     1000         -   2939942    1.00    0.00    0.00    0.00    1.00    22  |__CPU 1/TCG
06:16:20     1000         -   2939943   98.00    2.00    0.00    0.00  100.00    16  |__CPU 2/TCG
06:16:20     1000         -   2939944    0.00    0.00    0.00    0.00    0.00     2  |__CPU 3/TCG
06:16:21     1000   2939919         -  199.00    4.00    0.00    0.00  203.00    17  qemu-system-aar
06:16:21     1000         -   2939919    1.00    3.00    0.00    0.00    4.00    17  |__qemu-system-aar
06:16:21     1000         -   2939926    0.00    0.00    0.00    0.00    0.00     0  |__call_rcu
06:16:21     1000         -   2939941   99.00    0.00    0.00    0.00   99.00    20  |__CPU 0/TCG
06:16:21     1000         -   2939942    1.00    0.00    0.00    0.00    1.00    22  |__CPU 1/TCG
06:16:21     1000         -   2939943   99.00    1.00    0.00    0.00  100.00    16  |__CPU 2/TCG
06:16:21     1000         -   2939944    0.00    0.00    0.00    0.00    0.00     2  |__CPU 3/TCG
06:16:22     1000   2939919         -  200.00    2.00    0.00    0.00  202.00    17  qemu-system-aar
06:16:22     1000         -   2939919    1.00    1.00    0.00    0.00    2.00    17  |__qemu-system-aar
06:16:22     1000         -   2939926    0.00    0.00    0.00    0.00    0.00     0  |__call_rcu
06:16:22     1000         -   2939941   99.00    0.00    0.00    0.00   99.00    20  |__CPU 0/TCG
06:16:22     1000         -   2939942    0.00    0.00    0.00    0.00    0.00    22  |__CPU 1/TCG
06:16:22     1000         -   2939943   98.00    1.00    0.00    0.00   99.00    16  |__CPU 2/TCG
06:16:22     1000         -   2939944    0.00    0.00    0.00    0.00    0.00     2  |__CPU 3/TCG
06:16:23     1000   2939919         -  201.00    2.00    0.00    0.00  203.00    23  qemu-system-aar
06:16:23     1000         -   2939919    2.00    2.00    0.00    0.00    4.00    23  |__qemu-system-aar
06:16:23     1000         -   2939926    0.00    0.00    0.00    0.00    0.00     0  |__call_rcu
06:16:23     1000         -   2939941   99.00    1.00    0.00    0.00  100.00    20  |__CPU 0/TCG
06:16:23     1000         -   2939942    1.00    0.00    0.00    0.00    1.00    22  |__CPU 1/TCG
06:16:23     1000         -   2939943   99.00    1.00    0.00    0.00  100.00    16  |__CPU 2/TCG
06:16:23     1000         -   2939944    0.00    0.00    0.00    0.00    0.00     2  |__CPU 3/TCG
06:16:24     1000   2939919         -  201.00    2.00    0.00    0.00  203.00     5  qemu-system-aar
06:16:24     1000         -   2939919    1.00    1.00    0.00    0.00    2.00     5  |__qemu-system-aar
06:16:24     1000         -   2939926    0.00    0.00    0.00    0.00    0.00     0  |__call_rcu
06:16:24     1000         -   2939941   99.00    0.00    0.00    0.00   99.00    20  |__CPU 0/TCG
06:16:24     1000         -   2939942    0.00    0.00    0.00    0.00    0.00    22  |__CPU 1/TCG
06:16:24     1000         -   2939943   99.00    0.00    0.00    0.00   99.00    16  |__CPU 2/TCG
06:16:24     1000         -   2939944    0.00    0.00    0.00    0.00    0.00     2  |__CPU 3/TCG
06:16:25     1000   2939919         -  200.00    2.00    0.00    0.00  202.00     3  qemu-system-aar
06:16:25     1000         -   2939919    2.00    2.00    0.00    0.00    4.00     3  |__qemu-system-aar
06:16:25     1000         -   2939926    0.00    0.00    0.00    0.00    0.00     0  |__call_rcu
06:16:25     1000         -   2939941   99.00    0.00    0.00    0.00   99.00    20  |__CPU 0/TCG
06:16:25     1000         -   2939942    0.00    0.00    0.00    0.00    0.00    19  |__CPU 1/TCG
06:16:25     1000         -   2939943   99.00    1.00    0.00    0.00  100.00    16  |__CPU 2/TCG
06:16:25     1000         -   2939944    0.00    0.00    0.00    0.00    0.00     2  |__CPU 3/TCG
06:16:26     1000   2939919         -  199.00    3.00    0.00    0.00  202.00    20  qemu-system-aar
06:16:26     1000         -   2939919    0.00    2.00    0.00    0.00    2.00    20  |__qemu-system-aar
06:16:26     1000         -   2939926    0.00    0.00    0.00    0.00    0.00     0  |__call_rcu
06:16:26     1000         -   2939941   99.00    0.00    0.00    0.00   99.00     4  |__CPU 0/TCG
06:16:26     1000         -   2939942    1.00    0.00    0.00    0.00    1.00    22  |__CPU 1/TCG
06:16:26     1000         -   2939943   98.00    2.00    0.00    0.00  100.00    16  |__CPU 2/TCG
06:16:26     1000         -   2939944    0.00    0.00    0.00    0.00    0.00     2  |__CPU 3/TCG
06:16:27     1000   2939919         -  200.00    3.00    0.00    0.00  203.00    20  qemu-system-aar
06:16:27     1000         -   2939919    2.00    3.00    0.00    0.00    5.00    20  |__qemu-system-aar
06:16:27     1000         -   2939926    0.00    0.00    0.00    0.00    0.00     0  |__call_rcu
06:16:27     1000         -   2939941   98.00    2.00    0.00    0.00  100.00     4  |__CPU 0/TCG
06:16:27     1000         -   2939942    0.00    0.00    0.00    0.00    0.00    22  |__CPU 1/TCG
06:16:27     1000         -   2939943   98.00    1.00    0.00    0.00   99.00    16  |__CPU 2/TCG
06:16:27     1000         -   2939944    0.00    0.00    0.00    0.00    0.00     2  |__CPU 3/TCG
06:16:28     1000   2939919         -  200.00    4.00    0.00    0.00  204.00    21  qemu-system-aar
06:16:28     1000         -   2939919    1.00    2.00    0.00    0.00    3.00    21  |__qemu-system-aar
06:16:28     1000         -   2939926    0.00    0.00    0.00    0.00    0.00     0  |__call_rcu
06:16:28     1000         -   2939941   99.00    0.00    0.00    0.00   99.00    20  |__CPU 0/TCG
06:16:28     1000         -   2939942    1.00    0.00    0.00    0.00    1.00    19  |__CPU 1/TCG
06:16:28     1000         -   2939943   98.00    1.00    0.00    0.00   99.00     0  |__CPU 2/TCG
06:16:28     1000         -   2939944    0.00    0.00    0.00    0.00    0.00     2  |__CPU 3/TCG
06:16:29     1000   2939919         -  199.00    3.00    0.00    0.00  202.00     3  qemu-system-aar
06:16:29     1000         -   2939919    1.00    2.00    0.00    0.00    3.00     3  |__qemu-system-aar
06:16:29     1000         -   2939926    0.00    0.00    0.00    0.00    0.00     0  |__call_rcu
06:16:29     1000         -   2939941   99.00    0.00    0.00    0.00   99.00    20  |__CPU 0/TCG
06:16:29     1000         -   2939942    0.00    0.00    0.00    0.00    0.00    19  |__CPU 1/TCG
06:16:29     1000         -   2939943   99.00    2.00    0.00    0.00  101.00    16  |__CPU 2/TCG
06:16:29     1000         -   2939944    0.00    0.00    0.00    0.00    0.00     2  |__CPU 3/TCG
06:16:30     1000   2939919         -  198.00    3.00    0.00    0.00  201.00     6  qemu-system-aar
06:16:30     1000         -   2939919    1.00    2.00    0.00    0.00    3.00     6  |__qemu-system-aar
06:16:30     1000         -   2939926    0.00    0.00    0.00    0.00    0.00     0  |__call_rcu
06:16:30     1000         -   2939941   99.00    1.00    0.00    0.00  100.00     4  |__CPU 0/TCG
06:16:30     1000         -   2939942    1.00    0.00    0.00    0.00    1.00    22  |__CPU 1/TCG
06:16:30     1000         -   2939943   98.00    1.00    0.00    0.00   99.00    16  |__CPU 2/TCG
06:16:30     1000         -   2939944    0.00    0.00    0.00    0.00    0.00     2  |__CPU 3/TCG
06:16:31     1000   2939919         -  199.00    4.00    0.00    0.00  203.00    20  qemu-system-aar
06:16:31     1000         -   2939919    0.00    3.00    0.00    0.00    3.00    20  |__qemu-system-aar
06:16:31     1000         -   2939926    0.00    0.00    0.00    0.00    0.00     0  |__call_rcu
06:16:31     1000         -   2939941   99.00    0.00    0.00    0.00   99.00     4  |__CPU 0/TCG
06:16:31     1000         -   2939942    0.00    0.00    0.00    0.00    0.00    22  |__CPU 1/TCG
06:16:31     1000         -   2939943   98.00    1.00    0.00    0.00   99.00    16  |__CPU 2/TCG
06:16:31     1000         -   2939944    0.00    0.00    0.00    0.00    0.00     2  |__CPU 3/TCG
06:16:32     1000   2939919         -  200.00    3.00    0.00    0.00  203.00    21  qemu-system-aar
06:16:32     1000         -   2939919    2.00    2.00    0.00    0.00    4.00    21  |__qemu-system-aar
06:16:32     1000         -   2939926    0.00    0.00    0.00    0.00    0.00     0  |__call_rcu
06:16:32     1000         -   2939941   98.00    1.00    0.00    0.00   99.00     4  |__CPU 0/TCG
06:16:32     1000         -   2939942    1.00    0.00    0.00    0.00    1.00    23  |__CPU 1/TCG
06:16:32     1000         -   2939943   98.00    2.00    0.00    0.00  100.00    16  |__CPU 2/TCG
06:16:32     1000         -   2939944    0.00    0.00    0.00    0.00    0.00     2  |__CPU 3/TCG
06:16:33     1000   2939919         -  199.00    3.00    0.00    0.00  202.00    21  qemu-system-aar
06:16:33     1000         -   2939919    0.00    2.00    0.00    0.00    2.00    21  |__qemu-system-aar
06:16:33     1000         -   2939926    0.00    0.00    0.00    0.00    0.00     0  |__call_rcu
06:16:33     1000         -   2939941   99.00    1.00    0.00    0.00  100.00     4  |__CPU 0/TCG
06:16:33     1000         -   2939942    0.00    0.00    0.00    0.00    0.00    23  |__CPU 1/TCG
06:16:33     1000         -   2939943   99.00    1.00    0.00    0.00  100.00    16  |__CPU 2/TCG
06:16:33     1000         -   2939944    0.00    0.00    0.00    0.00    0.00     2  |__CPU 3/TCG
06:16:34     1000   2939919         -  201.00    2.00    0.00    0.00  203.00     6  qemu-system-aar
06:16:34     1000         -   2939919    2.00    1.00    0.00    0.00    3.00     6  |__qemu-system-aar
06:16:34     1000         -   2939926    0.00    0.00    0.00    0.00    0.00     0  |__call_rcu
06:16:34     1000         -   2939941   99.00    0.00    0.00    0.00   99.00     4  |__CPU 0/TCG
06:16:34     1000         -   2939942    1.00    0.00    0.00    0.00    1.00    23  |__CPU 1/TCG
06:16:34     1000         -   2939943   99.00    0.00    0.00    0.00   99.00    16  |__CPU 2/TCG
06:16:34     1000         -   2939944    0.00    0.00    0.00    0.00    0.00     2  |__CPU 3/TCG
06:16:35     1000   2939919         -  200.00    2.00    0.00    0.00  202.00    17  qemu-system-aar
06:16:35     1000         -   2939919    1.00    2.00    0.00    0.00    3.00    17  |__qemu-system-aar
06:16:35     1000         -   2939926    0.00    0.00    0.00    0.00    0.00     0  |__call_rcu
06:16:35     1000         -   2939941   99.00    0.00    0.00    0.00   99.00    20  |__CPU 0/TCG
06:16:35     1000         -   2939942    0.00    0.00    0.00    0.00    0.00    23  |__CPU 1/TCG
06:16:35     1000         -   2939943   99.00    2.00    0.00    0.00  101.00    16  |__CPU 2/TCG
06:16:35     1000         -   2939944    0.00    0.00    0.00    0.00    0.00     2  |__CPU 3/TCG
06:16:36     1000   2939919         -  200.00    2.00    0.00    0.00  202.00    17  qemu-system-aar
06:16:36     1000         -   2939919    1.00    2.00    0.00    0.00    3.00    17  |__qemu-system-aar
06:16:36     1000         -   2939926    0.00    0.00    0.00    0.00    0.00     0  |__call_rcu
06:16:36     1000         -   2939941   99.00    0.00    0.00    0.00   99.00    20  |__CPU 0/TCG
06:16:36     1000         -   2939942    1.00    0.00    0.00    0.00    1.00    23  |__CPU 1/TCG
06:16:36     1000         -   2939943   98.00    1.00    0.00    0.00   99.00    16  |__CPU 2/TCG
06:16:36     1000         -   2939944    0.00    0.00    0.00    0.00    0.00     2  |__CPU 3/TCG
06:16:37     1000   2939919         -  201.00    2.00    0.00    0.00  203.00    17  qemu-system-aar
06:16:37     1000         -   2939919    1.00    2.00    0.00    0.00    3.00    17  |__qemu-system-aar
06:16:37     1000         -   2939926    0.00    0.00    0.00    0.00    0.00     0  |__call_rcu
06:16:37     1000         -   2939941   99.00    1.00    0.00    0.00  100.00    20  |__CPU 0/TCG
06:16:37     1000         -   2939942    1.00    0.00    0.00    0.00    1.00    23  |__CPU 1/TCG
06:16:37     1000         -   2939943   99.00    1.00    0.00    0.00  100.00    16  |__CPU 2/TCG
06:16:37     1000         -   2939944    0.00    0.00    0.00    0.00    0.00     2  |__CPU 3/TCG
06:16:38     1000   2939919         -  200.00    2.00    0.00    0.00  202.00    21  qemu-system-aar
06:16:38     1000         -   2939919    2.00    1.00    0.00    0.00    3.00    21  |__qemu-system-aar
06:16:38     1000         -   2939926    0.00    0.00    0.00    0.00    0.00     0  |__call_rcu
06:16:38     1000         -   2939941   98.00    1.00    0.00    0.00   99.00    20  |__CPU 0/TCG
06:16:38     1000         -   2939942    0.00    0.00    0.00    0.00    0.00    23  |__CPU 1/TCG
06:16:38     1000         -   2939943   99.00    0.00    0.00    0.00   99.00    16  |__CPU 2/TCG
06:16:38     1000         -   2939944    0.00    0.00    0.00    0.00    0.00     2  |__CPU 3/TCG
06:16:39     1000   2939919         -  200.00    2.00    0.00    0.00  202.00    18  qemu-system-aar
06:16:39     1000         -   2939919    0.00    2.00    0.00    0.00    2.00    18  |__qemu-system-aar
06:16:39     1000         -   2939926    0.00    0.00    0.00    0.00    0.00     0  |__call_rcu
06:16:39     1000         -   2939941   99.00    0.00    0.00    0.00   99.00     4  |__CPU 0/TCG
06:16:39     1000         -   2939942    1.00    0.00    0.00    0.00    1.00    23  |__CPU 1/TCG
06:16:39     1000         -   2939943   99.00    1.00    0.00    0.00  100.00     0  |__CPU 2/TCG
06:16:39     1000         -   2939944    0.00    0.00    0.00    0.00    0.00     2  |__CPU 3/TCG
06:16:40     1000   2939919         -  200.00    3.00    0.00    0.00  203.00    18  qemu-system-aar
06:16:40     1000         -   2939919    2.00    2.00    0.00    0.00    4.00    18  |__qemu-system-aar
06:16:40     1000         -   2939926    0.00    0.00    0.00    0.00    0.00     0  |__call_rcu
06:16:40     1000         -   2939941   99.00    0.00    0.00    0.00   99.00    20  |__CPU 0/TCG
06:16:40     1000         -   2939942    0.00    0.00    0.00    0.00    0.00    23  |__CPU 1/TCG
06:16:40     1000         -   2939943   98.00    1.00    0.00    0.00   99.00     0  |__CPU 2/TCG
06:16:40     1000         -   2939944    0.00    0.00    0.00    0.00    0.00     2  |__CPU 3/TCG
06:16:41     1000   2939919         -  200.00    3.00    0.00    0.00  203.00     7  qemu-system-aar
06:16:41     1000         -   2939919    1.00    2.00    0.00    0.00    3.00     7  |__qemu-system-aar
06:16:41     1000         -   2939926    0.00    0.00    0.00    0.00    0.00     0  |__call_rcu
06:16:41     1000         -   2939941   99.00    1.00    0.00    0.00  100.00    20  |__CPU 0/TCG
06:16:41     1000         -   2939942    1.00    0.00    0.00    0.00    1.00    23  |__CPU 1/TCG
06:16:41     1000         -   2939943   98.00    2.00    0.00    0.00  100.00     0  |__CPU 2/TCG
06:16:41     1000         -   2939944    0.00    0.00    0.00    0.00    0.00     2  |__CPU 3/TCG
06:16:42     1000   2939919         -  199.00    3.00    0.00    0.00  202.00    19  qemu-system-aar
06:16:42     1000         -   2939919    1.00    2.00    0.00    0.00    3.00    19  |__qemu-system-aar
06:16:42     1000         -   2939926    0.00    0.00    0.00    0.00    0.00     0  |__call_rcu
06:16:42     1000         -   2939941   99.00    0.00    0.00    0.00   99.00    20  |__CPU 0/TCG
06:16:42     1000         -   2939942    0.00    0.00    0.00    0.00    0.00    23  |__CPU 1/TCG
06:16:42     1000         -   2939943   99.00    0.00    0.00    0.00   99.00     0  |__CPU 2/TCG
06:16:42     1000         -   2939944    0.00    0.00    0.00    0.00    0.00     2  |__CPU 3/TCG
06:16:43     1000   2939919         -  201.00    1.00    0.00    0.00  202.00    19  qemu-system-aar
06:16:43     1000         -   2939919    1.00    1.00    0.00    0.00    2.00    19  |__qemu-system-aar
06:16:43     1000         -   2939926    0.00    0.00    0.00    0.00    0.00     0  |__call_rcu
06:16:43     1000         -   2939941   98.00    1.00    0.00    0.00   99.00    20  |__CPU 0/TCG
06:16:43     1000         -   2939942    1.00    0.00    0.00    0.00    1.00    23  |__CPU 1/TCG
06:16:43     1000         -   2939943   99.00    1.00    0.00    0.00  100.00     0  |__CPU 2/TCG
06:16:43     1000         -   2939944    0.00    0.00    0.00    0.00    0.00     2  |__CPU 3/TCG
06:16:44     1000   2939919         -  200.00    2.00    0.00    0.00  202.00     5  qemu-system-aar
06:16:44     1000         -   2939919    1.00    3.00    0.00    0.00    4.00     5  |__qemu-system-aar
06:16:44     1000         -   2939926    0.00    0.00    0.00    0.00    0.00     0  |__call_rcu
06:16:44     1000         -   2939941   99.00    0.00    0.00    0.00   99.00    20  |__CPU 0/TCG
06:16:44     1000         -   2939942    1.00    0.00    0.00    0.00    1.00    21  |__CPU 1/TCG
06:16:44     1000         -   2939943  100.00    0.00    0.00    0.00  100.00     0  |__CPU 2/TCG
06:16:44     1000         -   2939944    0.00    0.00    0.00    0.00    0.00     2  |__CPU 3/TCG
06:16:45     1000   2939919         -  200.00    3.00    0.00    0.00  203.00    21  qemu-system-aar
06:16:45     1000         -   2939919    1.00    1.00    0.00    0.00    2.00    21  |__qemu-system-aar
06:16:45     1000         -   2939926    0.00    0.00    0.00    0.00    0.00     0  |__call_rcu
06:16:45     1000         -   2939941   99.00    1.00    0.00    0.00  100.00    20  |__CPU 0/TCG
06:16:45     1000         -   2939942    0.00    0.00    0.00    0.00    0.00    19  |__CPU 1/TCG
06:16:45     1000         -   2939943   98.00    1.00    0.00    0.00   99.00    16  |__CPU 2/TCG
06:16:45     1000         -   2939944    0.00    0.00    0.00    0.00    0.00     2  |__CPU 3/TCG
06:16:46     1000   2939919         -  201.00    2.00    0.00    0.00  203.00     5  qemu-system-aar
06:16:46     1000         -   2939919    1.00    2.00    0.00    0.00    3.00     5  |__qemu-system-aar
06:16:46     1000         -   2939926    0.00    0.00    0.00    0.00    0.00     0  |__call_rcu
06:16:46     1000         -   2939941   99.00    0.00    0.00    0.00   99.00     4  |__CPU 0/TCG
06:16:46     1000         -   2939942    1.00    0.00    0.00    0.00    1.00    19  |__CPU 1/TCG
06:16:46     1000         -   2939943   99.00    1.00    0.00    0.00  100.00     0  |__CPU 2/TCG
06:16:46     1000         -   2939944    0.00    0.00    0.00    0.00    0.00     2  |__CPU 3/TCG
06:16:47     1000   2939919         -  200.00    2.00    0.00    0.00  202.00    23  qemu-system-aar
06:16:47     1000         -   2939919    1.00    2.00    0.00    0.00    3.00    23  |__qemu-system-aar
06:16:47     1000         -   2939926    0.00    0.00    0.00    0.00    0.00     0  |__call_rcu
06:16:47     1000         -   2939941   99.00    1.00    0.00    0.00  100.00     4  |__CPU 0/TCG
06:16:47     1000         -   2939942    0.00    0.00    0.00    0.00    0.00    19  |__CPU 1/TCG
06:16:47     1000         -   2939943   99.00    1.00    0.00    0.00  100.00     0  |__CPU 2/TCG
06:16:47     1000         -   2939944    0.00    0.00    0.00    0.00    0.00     2  |__CPU 3/TCG
06:16:48     1000   2939919         -  199.00    3.00    0.00    0.00  202.00     5  qemu-system-aar
06:16:48     1000         -   2939919    1.00    2.00    0.00    0.00    3.00     5  |__qemu-system-aar
06:16:48     1000         -   2939926    0.00    0.00    0.00    0.00    0.00     0  |__call_rcu
06:16:48     1000         -   2939941   99.00    0.00    0.00    0.00   99.00     4  |__CPU 0/TCG
06:16:48     1000         -   2939942    1.00    0.00    0.00    0.00    1.00    19  |__CPU 1/TCG
06:16:48     1000         -   2939943   98.00    1.00    0.00    0.00   99.00     0  |__CPU 2/TCG
06:16:48     1000         -   2939944    0.00    0.00    0.00    0.00    0.00     2  |__CPU 3/TCG
06:16:49     1000   2939919         -  201.00    1.00    0.00    0.00  202.00    18  qemu-system-aar
06:16:49     1000         -   2939919    1.00    1.00    0.00    0.00    2.00    18  |__qemu-system-aar
06:16:49     1000         -   2939926    0.00    0.00    0.00    0.00    0.00     0  |__call_rcu
06:16:49     1000         -   2939941   99.00    0.00    0.00    0.00   99.00     4  |__CPU 0/TCG
06:16:49     1000         -   2939942    0.00    0.00    0.00    0.00    0.00    19  |__CPU 1/TCG
06:16:49     1000         -   2939943   99.00    1.00    0.00    0.00  100.00     0  |__CPU 2/TCG
06:16:49     1000         -   2939944    0.00    0.00    0.00    0.00    0.00     2  |__CPU 3/TCG
06:16:50     1000   2939919         -  201.00    3.00    0.00    0.00  204.00    18  qemu-system-aar
06:16:50     1000         -   2939919    1.00    2.00    0.00    0.00    3.00    18  |__qemu-system-aar
06:16:50     1000         -   2939926    0.00    0.00    0.00    0.00    0.00     0  |__call_rcu
06:16:50     1000         -   2939941   99.00    0.00    0.00    0.00   99.00     4  |__CPU 0/TCG
06:16:50     1000         -   2939942    1.00    0.00    0.00    0.00    1.00    21  |__CPU 1/TCG
06:16:50     1000         -   2939943   99.00    0.00    0.00    0.00   99.00     0  |__CPU 2/TCG
06:16:50     1000         -   2939944    0.00    0.00    0.00    0.00    0.00     2  |__CPU 3/TCG
06:16:51     1000   2939919         -  201.00    1.00    0.00    0.00  202.00    18  qemu-system-aar
06:16:51     1000         -   2939919    2.00    2.00    0.00    0.00    4.00    18  |__qemu-system-aar
06:16:51     1000         -   2939926    0.00    0.00    0.00    0.00    0.00     0  |__call_rcu
06:16:51     1000         -   2939941   99.00    1.00    0.00    0.00  100.00     4  |__CPU 0/TCG
06:16:51     1000         -   2939942    1.00    0.00    0.00    0.00    1.00    21  |__CPU 1/TCG
06:16:51     1000         -   2939943   99.00    1.00    0.00    0.00  100.00     0  |__CPU 2/TCG
06:16:51     1000         -   2939944    0.00    0.00    0.00    0.00    0.00     2  |__CPU 3/TCG
06:16:52     1000   2939919         -  199.00    3.00    0.00    0.00  202.00    19  qemu-system-aar
06:16:52     1000         -   2939919    1.00    2.00    0.00    0.00    3.00    19  |__qemu-system-aar
06:16:52     1000         -   2939926    0.00    0.00    0.00    0.00    0.00     0  |__call_rcu
06:16:52     1000         -   2939941   99.00    0.00    0.00    0.00   99.00     4  |__CPU 0/TCG
06:16:52     1000         -   2939942    0.00    0.00    0.00    0.00    0.00    21  |__CPU 1/TCG
06:16:52     1000         -   2939943   99.00    1.00    0.00    0.00  100.00    16  |__CPU 2/TCG
06:16:52     1000         -   2939944    0.00    0.00    0.00    0.00    0.00     2  |__CPU 3/TCG
06:16:53     1000   2939919         -  201.00    2.00    0.00    0.00  203.00    16  qemu-system-aar
06:16:53     1000         -   2939919    1.00    2.00    0.00    0.00    3.00    16  |__qemu-system-aar
06:16:53     1000         -   2939926    0.00    0.00    0.00    0.00    0.00     0  |__call_rcu
06:16:53     1000         -   2939941   99.00    0.00    0.00    0.00   99.00     4  |__CPU 0/TCG
06:16:53     1000         -   2939942    1.00    0.00    0.00    0.00    1.00    21  |__CPU 1/TCG
06:16:53     1000         -   2939943   99.00    1.00    0.00    0.00  100.00     0  |__CPU 2/TCG
06:16:53     1000         -   2939944    0.00    0.00    0.00    0.00    0.00     2  |__CPU 3/TCG
06:16:54     1000   2939919         -  201.00    3.00    0.00    0.00  204.00    16  qemu-system-aar
06:16:54     1000         -   2939919    1.00    3.00    0.00    0.00    4.00    16  |__qemu-system-aar
06:16:54     1000         -   2939926    0.00    0.00    0.00    0.00    0.00     0  |__call_rcu
06:16:54     1000         -   2939941   99.00    0.00    0.00    0.00   99.00     4  |__CPU 0/TCG
06:16:54     1000         -   2939942    0.00    0.00    0.00    0.00    0.00     1  |__CPU 1/TCG
06:16:54     1000         -   2939943   99.00    1.00    0.00    0.00  100.00     0  |__CPU 2/TCG
06:16:54     1000         -   2939944    0.00    0.00    0.00    0.00    0.00     2  |__CPU 3/TCG
06:16:55     1000   2939919         -  201.00    2.00    0.00    0.00  203.00    23  qemu-system-aar
06:16:55     1000         -   2939919    2.00    2.00    0.00    0.00    4.00    23  |__qemu-system-aar
06:16:55     1000         -   2939926    0.00    0.00    0.00    0.00    0.00     0  |__call_rcu
06:16:55     1000         -   2939941   98.00    1.00    0.00    0.00   99.00     4  |__CPU 0/TCG
06:16:55     1000         -   2939942    1.00    0.00    0.00    0.00    1.00     1  |__CPU 1/TCG
06:16:55     1000         -   2939943   99.00    0.00    0.00    0.00   99.00    16  |__CPU 2/TCG
06:16:55     1000         -   2939944    0.00    0.00    0.00    0.00    0.00     2  |__CPU 3/TCG
06:16:56     1000   2939919         -  200.00    2.00    0.00    0.00  202.00     7  qemu-system-aar
06:16:56     1000         -   2939919    1.00    2.00    0.00    0.00    3.00     7  |__qemu-system-aar
06:16:56     1000         -   2939926    0.00    0.00    0.00    0.00    0.00     0  |__call_rcu
06:16:56     1000         -   2939941   99.00    1.00    0.00    0.00  100.00     4  |__CPU 0/TCG
06:16:56     1000         -   2939942    1.00    0.00    0.00    0.00    1.00     3  |__CPU 1/TCG
06:16:56     1000         -   2939943   98.00    1.00    0.00    0.00   99.00    16  |__CPU 2/TCG
06:16:56     1000         -   2939944    0.00    0.00    0.00    0.00    0.00     2  |__CPU 3/TCG
06:16:57     1000   2939919         -  200.00    2.00    0.00    0.00  202.00    21  qemu-system-aar
06:16:57     1000         -   2939919    1.00    2.00    0.00    0.00    3.00    21  |__qemu-system-aar
06:16:57     1000         -   2939926    0.00    0.00    0.00    0.00    0.00     0  |__call_rcu
06:16:57     1000         -   2939941   99.00    0.00    0.00    0.00   99.00     4  |__CPU 0/TCG
06:16:57     1000         -   2939942    0.00    0.00    0.00    0.00    0.00     3  |__CPU 1/TCG
06:16:57     1000         -   2939943   99.00    1.00    0.00    0.00  100.00    16  |__CPU 2/TCG
06:16:57     1000         -   2939944    0.00    0.00    0.00    0.00    0.00     2  |__CPU 3/TCG
06:16:58     1000   2939919         -  200.00    2.00    0.00    0.00  202.00    21  qemu-system-aar
06:16:58     1000         -   2939919    1.00    1.00    0.00    0.00    2.00    21  |__qemu-system-aar
06:16:58     1000         -   2939926    0.00    0.00    0.00    0.00    0.00     0  |__call_rcu
06:16:58     1000         -   2939941   99.00    0.00    0.00    0.00   99.00     4  |__CPU 0/TCG
06:16:58     1000         -   2939942    1.00    0.00    0.00    0.00    1.00     3  |__CPU 1/TCG
06:16:58     1000         -   2939943   99.00    1.00    0.00    0.00  100.00    16  |__CPU 2/TCG
06:16:58     1000         -   2939944    0.00    0.00    0.00    0.00    0.00     2  |__CPU 3/TCG
06:16:59     1000   2939919         -  200.00    3.00    0.00    0.00  203.00    21  qemu-system-aar
06:16:59     1000         -   2939919    1.00    2.00    0.00    0.00    3.00    21  |__qemu-system-aar
06:16:59     1000         -   2939926    0.00    0.00    0.00    0.00    0.00     0  |__call_rcu
06:16:59     1000         -   2939941   99.00    1.00    0.00    0.00  100.00    20  |__CPU 0/TCG
06:16:59     1000         -   2939942    0.00    0.00    0.00    0.00    0.00     3  |__CPU 1/TCG
06:16:59     1000         -   2939943   99.00    0.00    0.00    0.00   99.00    16  |__CPU 2/TCG
06:16:59     1000         -   2939944    0.00    0.00    0.00    0.00    0.00     2  |__CPU 3/TCG
06:17:00     1000   2939919         -  201.00    1.00    0.00    0.00  202.00     1  qemu-system-aar
06:17:00     1000         -   2939919    1.00    2.00    0.00    0.00    3.00     1  |__qemu-system-aar
06:17:00     1000         -   2939926    0.00    0.00    0.00    0.00    0.00     0  |__call_rcu
06:17:00     1000         -   2939941   99.00    0.00    0.00    0.00   99.00     4  |__CPU 0/TCG
06:17:00     1000         -   2939942    1.00    0.00    0.00    0.00    1.00     3  |__CPU 1/TCG
06:17:00     1000         -   2939943   99.00    1.00    0.00    0.00  100.00    16  |__CPU 2/TCG
06:17:00     1000         -   2939944    0.00    0.00    0.00    0.00    0.00     2  |__CPU 3/TCG
06:17:01     1000   2939919         -  199.00    4.00    0.00    0.00  203.00     7  qemu-system-aar
06:17:01     1000         -   2939919    1.00    1.00    0.00    0.00    2.00     7  |__qemu-system-aar
06:17:01     1000         -   2939926    0.00    0.00    0.00    0.00    0.00     0  |__call_rcu
06:17:01     1000         -   2939941   99.00    0.00    0.00    0.00   99.00     4  |__CPU 0/TCG
06:17:01     1000         -   2939942    0.00    0.00    0.00    0.00    0.00     5  |__CPU 1/TCG
06:17:01     1000         -   2939943   98.00    2.00    0.00    0.00  100.00    16  |__CPU 2/TCG
06:17:01     1000         -   2939944    0.00    0.00    0.00    0.00    0.00     2  |__CPU 3/TCG
06:17:02     1000   2939919         -  200.00    2.00    0.00    0.00  202.00    19  qemu-system-aar
06:17:02     1000         -   2939919    1.00    3.00    0.00    0.00    4.00    19  |__qemu-system-aar
06:17:02     1000         -   2939926    0.00    0.00    0.00    0.00    0.00     0  |__call_rcu
06:17:02     1000         -   2939941   99.00    1.00    0.00    0.00  100.00     4  |__CPU 0/TCG
06:17:02     1000         -   2939942    1.00    0.00    0.00    0.00    1.00     3  |__CPU 1/TCG
06:17:02     1000         -   2939943   99.00    0.00    0.00    0.00   99.00    16  |__CPU 2/TCG
06:17:02     1000         -   2939944    0.00    0.00    0.00    0.00    0.00     2  |__CPU 3/TCG
06:17:03     1000   2939919         -  199.00    3.00    0.00    0.00  202.00    17  qemu-system-aar
06:17:03     1000         -   2939919    1.00    2.00    0.00    0.00    3.00    17  |__qemu-system-aar
06:17:03     1000         -   2939926    0.00    0.00    0.00    0.00    0.00     0  |__call_rcu
06:17:03     1000         -   2939941   99.00    0.00    0.00    0.00   99.00     4  |__CPU 0/TCG
06:17:03     1000         -   2939942    0.00    0.00    0.00    0.00    0.00     5  |__CPU 1/TCG
06:17:03     1000         -   2939943   98.00    2.00    0.00    0.00  100.00    16  |__CPU 2/TCG
06:17:03     1000         -   2939944    0.00    0.00    0.00    0.00    0.00     2  |__CPU 3/TCG
06:17:04     1000   2939919         -  201.00    2.00    0.00    0.00  203.00    18  qemu-system-aar
06:17:04     1000         -   2939919    1.00    2.00    0.00    0.00    3.00    18  |__qemu-system-aar
06:17:04     1000         -   2939926    0.00    0.00    0.00    0.00    0.00     0  |__call_rcu
06:17:04     1000         -   2939941   99.00    0.00    0.00    0.00   99.00     4  |__CPU 0/TCG
06:17:04     1000         -   2939942    1.00    0.00    0.00    0.00    1.00    16  |__CPU 1/TCG
06:17:04     1000         -   2939943   99.00    0.00    0.00    0.00   99.00     0  |__CPU 2/TCG
06:17:04     1000         -   2939944    0.00    0.00    0.00    0.00    0.00     2  |__CPU 3/TCG
06:17:05     1000   2939919         -  200.00    2.00    0.00    0.00  202.00    19  qemu-system-aar
06:17:05     1000         -   2939919    1.00    1.00    0.00    0.00    2.00    19  |__qemu-system-aar
06:17:05     1000         -   2939926    0.00    0.00    0.00    0.00    0.00     0  |__call_rcu
06:17:05     1000         -   2939941   99.00    1.00    0.00    0.00  100.00     4  |__CPU 0/TCG
06:17:05     1000         -   2939942    0.00    0.00    0.00    0.00    0.00    16  |__CPU 1/TCG
06:17:05     1000         -   2939943   99.00    1.00    0.00    0.00  100.00     0  |__CPU 2/TCG
06:17:05     1000         -   2939944    0.00    0.00    0.00    0.00    0.00     2  |__CPU 3/TCG
06:17:06     1000   2939919         -  200.00    2.00    0.00    0.00  202.00     2  qemu-system-aar
06:17:06     1000         -   2939919    1.00    2.00    0.00    0.00    3.00     2  |__qemu-system-aar
06:17:06     1000         -   2939926    0.00    0.00    0.00    0.00    0.00     0  |__call_rcu
06:17:06     1000         -   2939941   99.00    0.00    0.00    0.00   99.00     4  |__CPU 0/TCG
06:17:06     1000         -   2939942    1.00    0.00    0.00    0.00    1.00     3  |__CPU 1/TCG
06:17:06     1000         -   2939943   99.00    1.00    0.00    0.00  100.00    16  |__CPU 2/TCG
06:17:06     1000         -   2939944    0.00    0.00    0.00    0.00    0.00     2  |__CPU 3/TCG
06:17:07     1000   2939919         -  199.00    3.00    0.00    0.00  202.00     5  qemu-system-aar
06:17:07     1000         -   2939919    1.00    2.00    0.00    0.00    3.00     5  |__qemu-system-aar
06:17:07     1000         -   2939926    0.00    0.00    0.00    0.00    0.00     0  |__call_rcu
06:17:07     1000         -   2939941   98.00    1.00    0.00    0.00   99.00     4  |__CPU 0/TCG
06:17:07     1000         -   2939942    0.00    0.00    0.00    0.00    0.00     3  |__CPU 1/TCG
06:17:07     1000         -   2939943   98.00    1.00    0.00    0.00   99.00    16  |__CPU 2/TCG
06:17:07     1000         -   2939944    0.00    0.00    0.00    0.00    0.00     2  |__CPU 3/TCG
06:17:08     1000   2939919         -  201.00    2.00    0.00    0.00  203.00     2  qemu-system-aar
06:17:08     1000         -   2939919    1.00    2.00    0.00    0.00    3.00     2  |__qemu-system-aar
06:17:08     1000         -   2939926    0.00    0.00    0.00    0.00    0.00     0  |__call_rcu
06:17:08     1000         -   2939941   99.00    1.00    0.00    0.00  100.00     4  |__CPU 0/TCG
06:17:08     1000         -   2939942    1.00    0.00    0.00    0.00    1.00     7  |__CPU 1/TCG
06:17:08     1000         -   2939943   99.00    1.00    0.00    0.00  100.00    16  |__CPU 2/TCG
06:17:08     1000         -   2939944    0.00    0.00    0.00    0.00    0.00     2  |__CPU 3/TCG
06:17:09     1000   2939919         -  199.00    3.00    0.00    0.00  202.00     7  qemu-system-aar
06:17:09     1000         -   2939919    1.00    2.00    0.00    0.00    3.00     7  |__qemu-system-aar
06:17:09     1000         -   2939926    0.00    0.00    0.00    0.00    0.00     0  |__call_rcu
06:17:09     1000         -   2939941   98.00    1.00    0.00    0.00   99.00    20  |__CPU 0/TCG
06:17:09     1000         -   2939942    0.00    0.00    0.00    0.00    0.00     5  |__CPU 1/TCG
06:17:09     1000         -   2939943   99.00    1.00    0.00    0.00  100.00    16  |__CPU 2/TCG
06:17:09     1000         -   2939944    0.00    0.00    0.00    0.00    0.00     2  |__CPU 3/TCG
06:17:10     1000   2939919         -  200.00    3.00    0.00    0.00  203.00     1  qemu-system-aar
06:17:10     1000         -   2939919    1.00    3.00    0.00    0.00    4.00     1  |__qemu-system-aar
06:17:10     1000         -   2939926    0.00    0.00    0.00    0.00    0.00     0  |__call_rcu
06:17:10     1000         -   2939941   99.00    0.00    0.00    0.00   99.00    20  |__CPU 0/TCG
06:17:10     1000         -   2939942    1.00    0.00    0.00    0.00    1.00     6  |__CPU 1/TCG
06:17:10     1000         -   2939943   98.00    1.00    0.00    0.00   99.00    16  |__CPU 2/TCG
06:17:10     1000         -   2939944    0.00    0.00    0.00    0.00    0.00     2  |__CPU 3/TCG
06:17:11     1000   2939919         -  200.00    2.00    0.00    0.00  202.00     1  qemu-system-aar
06:17:11     1000         -   2939919    1.00    2.00    0.00    0.00    3.00     1  |__qemu-system-aar
06:17:11     1000         -   2939926    0.00    0.00    0.00    0.00    0.00     0  |__call_rcu
06:17:11     1000         -   2939941   99.00    0.00    0.00    0.00   99.00    20  |__CPU 0/TCG
06:17:11     1000         -   2939942    1.00    0.00    0.00    0.00    1.00    17  |__CPU 1/TCG
06:17:11     1000         -   2939943   99.00    0.00    0.00    0.00   99.00    16  |__CPU 2/TCG
06:17:11     1000         -   2939944    0.00    0.00    0.00    0.00    0.00     2  |__CPU 3/TCG
06:17:12     1000   2939919         -  200.00    3.00    0.00    0.00  203.00     2  qemu-system-aar
06:17:12     1000         -   2939919    1.00    2.00    0.00    0.00    3.00     2  |__qemu-system-aar
06:17:12     1000         -   2939926    0.00    0.00    0.00    0.00    0.00     0  |__call_rcu
06:17:12     1000         -   2939941   99.00    1.00    0.00    0.00  100.00    20  |__CPU 0/TCG
06:17:12     1000         -   2939942    0.00    0.00    0.00    0.00    0.00     5  |__CPU 1/TCG
06:17:12     1000         -   2939943   99.00    1.00    0.00    0.00  100.00    16  |__CPU 2/TCG
06:17:12     1000         -   2939944    0.00    0.00    0.00    0.00    0.00     2  |__CPU 3/TCG
06:17:13     1000   2939919         -  201.00    2.00    0.00    0.00  203.00     4  qemu-system-aar
06:17:13     1000         -   2939919    0.00    2.00    0.00    0.00    2.00     4  |__qemu-system-aar
06:17:13     1000         -   2939926    0.00    0.00    0.00    0.00    0.00     0  |__call_rcu
06:17:13     1000         -   2939941   99.00    0.00    0.00    0.00   99.00    20  |__CPU 0/TCG
06:17:13     1000         -   2939942    1.00    0.00    0.00    0.00    1.00    17  |__CPU 1/TCG
06:17:13     1000         -   2939943   99.00    1.00    0.00    0.00  100.00    16  |__CPU 2/TCG
06:17:13     1000         -   2939944    0.00    0.00    0.00    0.00    0.00     2  |__CPU 3/TCG
06:17:14     1000   2939919         -  199.00    4.00    0.00    0.00  203.00    17  qemu-system-aar
06:17:14     1000         -   2939919    1.00    3.00    0.00    0.00    4.00    17  |__qemu-system-aar
06:17:14     1000         -   2939926    0.00    0.00    0.00    0.00    0.00     0  |__call_rcu
06:17:14     1000         -   2939941   98.00    1.00    0.00    0.00   99.00    20  |__CPU 0/TCG
06:17:14     1000         -   2939942    0.00    0.00    0.00    0.00    0.00     1  |__CPU 1/TCG
06:17:14     1000         -   2939943   99.00    1.00    0.00    0.00  100.00    16  |__CPU 2/TCG
06:17:14     1000         -   2939944    0.00    0.00    0.00    0.00    0.00     2  |__CPU 3/TCG
06:17:15     1000   2939919         -  200.00    3.00    0.00    0.00  203.00    19  qemu-system-aar
06:17:15     1000         -   2939919    2.00    2.00    0.00    0.00    4.00    19  |__qemu-system-aar
06:17:15     1000         -   2939926    0.00    0.00    0.00    0.00    0.00     0  |__call_rcu
06:17:15     1000         -   2939941   99.00    0.00    0.00    0.00   99.00    20  |__CPU 0/TCG
06:17:15     1000         -   2939942    1.00    0.00    0.00    0.00    1.00     1  |__CPU 1/TCG
06:17:15     1000         -   2939943   98.00    1.00    0.00    0.00   99.00    16  |__CPU 2/TCG
06:17:15     1000         -   2939944    0.00    0.00    0.00    0.00    0.00     2  |__CPU 3/TCG
06:17:16     1000   2939919         -  198.00    4.00    0.00    0.00  202.00    23  qemu-system-aar
06:17:16     1000         -   2939919    0.00    2.00    0.00    0.00    2.00    23  |__qemu-system-aar
06:17:16     1000         -   2939926    0.00    0.00    0.00    0.00    0.00     0  |__call_rcu
06:17:16     1000         -   2939941   98.00    1.00    0.00    0.00   99.00     4  |__CPU 0/TCG
06:17:16     1000         -   2939942    0.00    1.00    0.00    0.00    1.00    17  |__CPU 1/TCG
06:17:16     1000         -   2939943   99.00    1.00    0.00    0.00  100.00    16  |__CPU 2/TCG
06:17:16     1000         -   2939944    0.00    0.00    0.00    0.00    0.00     2  |__CPU 3/TCG
06:17:17     1000   2939919         -  200.00    2.00    0.00    0.00  202.00    23  qemu-system-aar
06:17:17     1000         -   2939919    1.00    2.00    0.00    0.00    3.00    23  |__qemu-system-aar
06:17:17     1000         -   2939926    0.00    0.00    0.00    0.00    0.00     0  |__call_rcu
06:17:17     1000         -   2939941   99.00    1.00    0.00    0.00  100.00     4  |__CPU 0/TCG
06:17:17     1000         -   2939942    0.00    0.00    0.00    0.00    0.00    17  |__CPU 1/TCG
06:17:17     1000         -   2939943   98.00    1.00    0.00    0.00   99.00    16  |__CPU 2/TCG
06:17:17     1000         -   2939944    0.00    0.00    0.00    0.00    0.00     2  |__CPU 3/TCG
06:17:18     1000   2939919         -  199.00    4.00    0.00    0.00  203.00    20  qemu-system-aar
06:17:18     1000         -   2939919    1.00    3.00    0.00    0.00    4.00    20  |__qemu-system-aar
06:17:18     1000         -   2939926    0.00    0.00    0.00    0.00    0.00     0  |__call_rcu
06:17:18     1000         -   2939941   99.00    0.00    0.00    0.00   99.00     4  |__CPU 0/TCG
06:17:18     1000         -   2939942    1.00    0.00    0.00    0.00    1.00    17  |__CPU 1/TCG
06:17:18     1000         -   2939943   99.00    1.00    0.00    0.00  100.00    16  |__CPU 2/TCG
06:17:18     1000         -   2939944    0.00    0.00    0.00    0.00    0.00     2  |__CPU 3/TCG
06:17:19     1000   2939919         -  200.00    2.00    0.00    0.00  202.00     6  qemu-system-aar
06:17:19     1000         -   2939919    1.00    1.00    0.00    0.00    2.00     6  |__qemu-system-aar
06:17:19     1000         -   2939926    0.00    0.00    0.00    0.00    0.00     0  |__call_rcu
06:17:19     1000         -   2939941   99.00    1.00    0.00    0.00  100.00     4  |__CPU 0/TCG
06:17:19     1000         -   2939942    0.00    0.00    0.00    0.00    0.00    17  |__CPU 1/TCG
06:17:19     1000         -   2939943   99.00    1.00    0.00    0.00  100.00    16  |__CPU 2/TCG
06:17:19     1000         -   2939944    0.00    0.00    0.00    0.00    0.00     2  |__CPU 3/TCG
06:17:20     1000   2939919         -  200.00    3.00    0.00    0.00  203.00     6  qemu-system-aar
06:17:20     1000         -   2939919    1.00    2.00    0.00    0.00    3.00     6  |__qemu-system-aar
06:17:20     1000         -   2939926    0.00    0.00    0.00    0.00    0.00     0  |__call_rcu
06:17:20     1000         -   2939941   99.00    0.00    0.00    0.00   99.00    20  |__CPU 0/TCG
06:17:20     1000         -   2939942    1.00    0.00    0.00    0.00    1.00     1  |__CPU 1/TCG
06:17:20     1000         -   2939943   98.00    1.00    0.00    0.00   99.00    16  |__CPU 2/TCG
06:17:20     1000         -   2939944    0.00    0.00    0.00    0.00    0.00     2  |__CPU 3/TCG
06:17:21     1000   2939919         -  200.00    3.00    0.00    0.00  203.00     7  qemu-system-aar
06:17:21     1000         -   2939919    1.00    2.00    0.00    0.00    3.00     7  |__qemu-system-aar
06:17:21     1000         -   2939926    0.00    0.00    0.00    0.00    0.00     0  |__call_rcu
06:17:21     1000         -   2939941   99.00    0.00    0.00    0.00   99.00    20  |__CPU 0/TCG
06:17:21     1000         -   2939942    0.00    0.00    0.00    0.00    0.00     1  |__CPU 1/TCG
06:17:21     1000         -   2939943   99.00    1.00    0.00    0.00  100.00    16  |__CPU 2/TCG
06:17:21     1000         -   2939944    0.00    0.00    0.00    0.00    0.00     2  |__CPU 3/TCG
06:17:22     1000   2939919         -  200.00    2.00    0.00    0.00  202.00     7  qemu-system-aar
06:17:22     1000         -   2939919    2.00    2.00    0.00    0.00    4.00     7  |__qemu-system-aar
06:17:22     1000         -   2939926    0.00    0.00    0.00    0.00    0.00     0  |__call_rcu
06:17:22     1000         -   2939941   98.00    1.00    0.00    0.00   99.00    20  |__CPU 0/TCG
06:17:22     1000         -   2939942    1.00    0.00    0.00    0.00    1.00     1  |__CPU 1/TCG
06:17:22     1000         -   2939943   99.00    1.00    0.00    0.00  100.00    16  |__CPU 2/TCG
06:17:22     1000         -   2939944    0.00    0.00    0.00    0.00    0.00     2  |__CPU 3/TCG
06:17:23     1000   2939919         -  199.00    3.00    0.00    0.00  202.00     1  qemu-system-aar
06:17:23     1000         -   2939919    1.00    2.00    0.00    0.00    3.00     1  |__qemu-system-aar
06:17:23     1000         -   2939926    0.00    0.00    0.00    0.00    0.00     0  |__call_rcu
06:17:23     1000         -   2939941   99.00    1.00    0.00    0.00  100.00    20  |__CPU 0/TCG
06:17:23     1000         -   2939942    1.00    0.00    0.00    0.00    1.00     2  |__CPU 1/TCG
06:17:23     1000         -   2939943   98.00    1.00    0.00    0.00   99.00    16  |__CPU 2/TCG
06:17:23     1000         -   2939944    0.00    0.00    0.00    0.00    0.00     2  |__CPU 3/TCG
06:17:24     1000   2939919         -  200.00    3.00    0.00    0.00  203.00     5  qemu-system-aar
06:17:24     1000         -   2939919    0.00    2.00    0.00    0.00    2.00     5  |__qemu-system-aar
06:17:24     1000         -   2939926    0.00    0.00    0.00    0.00    0.00     0  |__call_rcu
06:17:24     1000         -   2939941   99.00    0.00    0.00    0.00   99.00    20  |__CPU 0/TCG
06:17:24     1000         -   2939942    0.00    0.00    0.00    0.00    0.00     3  |__CPU 1/TCG
06:17:24     1000         -   2939943   99.00    1.00    0.00    0.00  100.00    16  |__CPU 2/TCG
06:17:24     1000         -   2939944    0.00    0.00    0.00    0.00    0.00     2  |__CPU 3/TCG
06:17:25     1000   2939919         -  200.00    2.00    0.00    0.00  202.00     5  qemu-system-aar
06:17:25     1000         -   2939919    1.00    2.00    0.00    0.00    3.00     5  |__qemu-system-aar
06:17:25     1000         -   2939926    0.00    0.00    0.00    0.00    0.00     0  |__call_rcu
06:17:25     1000         -   2939941   99.00    0.00    0.00    0.00   99.00    20  |__CPU 0/TCG
06:17:25     1000         -   2939942    0.00    1.00    0.00    0.00    1.00     7  |__CPU 1/TCG
06:17:25     1000         -   2939943   99.00    1.00    0.00    0.00  100.00    16  |__CPU 2/TCG
06:17:25     1000         -   2939944    0.00    0.00    0.00    0.00    0.00     2  |__CPU 3/TCG
06:17:26     1000   2939919         -  201.00    2.00    0.00    0.00  203.00     7  qemu-system-aar
06:17:26     1000         -   2939919    2.00    1.00    0.00    0.00    3.00     7  |__qemu-system-aar
06:17:26     1000         -   2939926    0.00    0.00    0.00    0.00    0.00     0  |__call_rcu
06:17:26     1000         -   2939941   99.00    1.00    0.00    0.00  100.00    20  |__CPU 0/TCG
06:17:26     1000         -   2939942    1.00    0.00    0.00    0.00    1.00     3  |__CPU 1/TCG
06:17:26     1000         -   2939943   99.00    1.00    0.00    0.00  100.00    16  |__CPU 2/TCG
06:17:26     1000         -   2939944    0.00    0.00    0.00    0.00    0.00     2  |__CPU 3/TCG
06:17:27     1000   2939919         -  200.00    3.00    0.00    0.00  203.00    17  qemu-system-aar
06:17:27     1000         -   2939919    0.00    3.00    0.00    0.00    3.00    17  |__qemu-system-aar
06:17:27     1000         -   2939926    0.00    0.00    0.00    0.00    0.00     0  |__call_rcu
06:17:27     1000         -   2939941   99.00    0.00    0.00    0.00   99.00    20  |__CPU 0/TCG
06:17:27     1000         -   2939942    0.00    0.00    0.00    0.00    0.00     7  |__CPU 1/TCG
06:17:27     1000         -   2939943   99.00    0.00    0.00    0.00   99.00    16  |__CPU 2/TCG
06:17:27     1000         -   2939944    0.00    0.00    0.00    0.00    0.00     2  |__CPU 3/TCG
06:17:28     1000   2939919         -  199.00    3.00    0.00    0.00  202.00    17  qemu-system-aar
06:17:28     1000         -   2939919    1.00    2.00    0.00    0.00    3.00    17  |__qemu-system-aar
06:17:28     1000         -   2939926    0.00    0.00    0.00    0.00    0.00     0  |__call_rcu
06:17:28     1000         -   2939941   99.00    0.00    0.00    0.00   99.00    20  |__CPU 0/TCG
06:17:28     1000         -   2939942    0.00    0.00    0.00    0.00    0.00     7  |__CPU 1/TCG
06:17:28     1000         -   2939943   98.00    1.00    0.00    0.00   99.00     0  |__CPU 2/TCG
06:17:28     1000         -   2939944    0.00    0.00    0.00    0.00    0.00     2  |__CPU 3/TCG
06:17:29     1000   2939919         -  200.00    2.00    0.00    0.00  202.00     7  qemu-system-aar
06:17:29     1000         -   2939919    1.00    2.00    0.00    0.00    3.00     7  |__qemu-system-aar
06:17:29     1000         -   2939926    0.00    0.00    0.00    0.00    0.00     0  |__call_rcu
06:17:29     1000         -   2939941   99.00    1.00    0.00    0.00  100.00    20  |__CPU 0/TCG
06:17:29     1000         -   2939942    1.00    0.00    0.00    0.00    1.00    18  |__CPU 1/TCG
06:17:29     1000         -   2939943   99.00    1.00    0.00    0.00  100.00     0  |__CPU 2/TCG
06:17:29     1000         -   2939944    0.00    0.00    0.00    0.00    0.00     2  |__CPU 3/TCG
06:17:30     1000   2939919         -  199.00    3.00    0.00    0.00  202.00     1  qemu-system-aar
06:17:30     1000         -   2939919    1.00    2.00    0.00    0.00    3.00     1  |__qemu-system-aar
06:17:30     1000         -   2939926    0.00    0.00    0.00    0.00    0.00     0  |__call_rcu
06:17:30     1000         -   2939941   98.00    0.00    0.00    0.00   98.00    20  |__CPU 0/TCG
06:17:30     1000         -   2939942    0.00    0.00    0.00    0.00    0.00    18  |__CPU 1/TCG
06:17:30     1000         -   2939943   98.00    2.00    0.00    0.00  100.00    16  |__CPU 2/TCG
06:17:30     1000         -   2939944    0.00    0.00    0.00    0.00    0.00     2  |__CPU 3/TCG
06:17:31     1000   2939919         -  200.00    3.00    0.00    0.00  203.00     1  qemu-system-aar
06:17:31     1000         -   2939919    1.00    2.00    0.00    0.00    3.00     1  |__qemu-system-aar
06:17:31     1000         -   2939926    0.00    0.00    0.00    0.00    0.00     0  |__call_rcu
06:17:31     1000         -   2939941   99.00    1.00    0.00    0.00  100.00     4  |__CPU 0/TCG
06:17:31     1000         -   2939942    1.00    0.00    0.00    0.00    1.00    22  |__CPU 1/TCG
06:17:31     1000         -   2939943   98.00    1.00    0.00    0.00   99.00     0  |__CPU 2/TCG
06:17:31     1000         -   2939944    0.00    0.00    0.00    0.00    0.00     2  |__CPU 3/TCG
06:17:32     1000   2939919         -  200.00    3.00    0.00    0.00  203.00     1  qemu-system-aar
06:17:32     1000         -   2939919    1.00    2.00    0.00    0.00    3.00     1  |__qemu-system-aar
06:17:32     1000         -   2939926    0.00    0.00    0.00    0.00    0.00     0  |__call_rcu
06:17:32     1000         -   2939941   99.00    0.00    0.00    0.00   99.00     4  |__CPU 0/TCG
06:17:32     1000         -   2939942    1.00    0.00    0.00    0.00    1.00    18  |__CPU 1/TCG
06:17:32     1000         -   2939943   99.00    1.00    0.00    0.00  100.00     0  |__CPU 2/TCG
06:17:32     1000         -   2939944    0.00    0.00    0.00    0.00    0.00     2  |__CPU 3/TCG
06:17:33     1000   2939919         -  201.00    1.00    0.00    0.00  202.00     6  qemu-system-aar
06:17:33     1000         -   2939919    1.00    2.00    0.00    0.00    3.00     6  |__qemu-system-aar
06:17:33     1000         -   2939926    0.00    0.00    0.00    0.00    0.00     0  |__call_rcu
06:17:33     1000         -   2939941   99.00    1.00    0.00    0.00  100.00     4  |__CPU 0/TCG
06:17:33     1000         -   2939942    0.00    0.00    0.00    0.00    0.00    18  |__CPU 1/TCG
06:17:33     1000         -   2939943   99.00    0.00    0.00    0.00   99.00     0  |__CPU 2/TCG
06:17:33     1000         -   2939944    0.00    0.00    0.00    0.00    0.00     2  |__CPU 3/TCG
06:17:34     1000   2939919         -  200.00    2.00    0.00    0.00  202.00     7  qemu-system-aar
06:17:34     1000         -   2939919    1.00    1.00    0.00    0.00    2.00     7  |__qemu-system-aar
06:17:34     1000         -   2939926    0.00    0.00    0.00    0.00    0.00     0  |__call_rcu
06:17:34     1000         -   2939941   99.00    0.00    0.00    0.00   99.00     4  |__CPU 0/TCG
06:17:34     1000         -   2939942    1.00    0.00    0.00    0.00    1.00    18  |__CPU 1/TCG
06:17:34     1000         -   2939943   99.00    1.00    0.00    0.00  100.00     0  |__CPU 2/TCG
06:17:34     1000         -   2939944    0.00    0.00    0.00    0.00    0.00     2  |__CPU 3/TCG
06:17:35     1000   2939919         -  200.00    3.00    0.00    0.00  203.00     1  qemu-system-aar
06:17:35     1000         -   2939919    1.00    2.00    0.00    0.00    3.00     1  |__qemu-system-aar
06:17:35     1000         -   2939926    0.00    0.00    0.00    0.00    0.00     0  |__call_rcu
06:17:35     1000         -   2939941   98.00    1.00    0.00    0.00   99.00     4  |__CPU 0/TCG
06:17:35     1000         -   2939942    0.00    0.00    0.00    0.00    0.00    18  |__CPU 1/TCG
06:17:35     1000         -   2939943   99.00    1.00    0.00    0.00  100.00     0  |__CPU 2/TCG
06:17:35     1000         -   2939944    0.00    0.00    0.00    0.00    0.00     2  |__CPU 3/TCG
06:17:36     1000   2939919         -  200.00    2.00    0.00    0.00  202.00     6  qemu-system-aar
06:17:36     1000         -   2939919    2.00    1.00    0.00    0.00    3.00     6  |__qemu-system-aar
06:17:36     1000         -   2939926    0.00    0.00    0.00    0.00    0.00     0  |__call_rcu
06:17:36     1000         -   2939941   99.00    0.00    0.00    0.00   99.00     4  |__CPU 0/TCG
06:17:36     1000         -   2939942    1.00    0.00    0.00    0.00    1.00     2  |__CPU 1/TCG
06:17:36     1000         -   2939943   99.00    1.00    0.00    0.00  100.00     0  |__CPU 2/TCG
06:17:36     1000         -   2939944    0.00    0.00    0.00    0.00    0.00     2  |__CPU 3/TCG
06:17:37     1000   2939919         -  200.00    2.00    0.00    0.00  202.00    23  qemu-system-aar
06:17:37     1000         -   2939919    1.00    2.00    0.00    0.00    3.00    23  |__qemu-system-aar
06:17:37     1000         -   2939926    0.00    0.00    0.00    0.00    0.00     0  |__call_rcu
06:17:37     1000         -   2939941   99.00    1.00    0.00    0.00  100.00    20  |__CPU 0/TCG
06:17:37     1000         -   2939942    0.00    0.00    0.00    0.00    0.00     2  |__CPU 1/TCG
06:17:37     1000         -   2939943   98.00    1.00    0.00    0.00   99.00     0  |__CPU 2/TCG
06:17:37     1000         -   2939944    0.00    0.00    0.00    0.00    0.00     2  |__CPU 3/TCG
06:17:38     1000   2939919         -  200.00    2.00    0.00    0.00  202.00     3  qemu-system-aar
06:17:38     1000         -   2939919    2.00    2.00    0.00    0.00    4.00    23  |__qemu-system-aar
06:17:38     1000         -   2939926    0.00    0.00    0.00    0.00    0.00     0  |__call_rcu
06:17:38     1000         -   2939941   99.00    0.00    0.00    0.00   99.00    20  |__CPU 0/TCG
06:17:38     1000         -   2939942    1.00    0.00    0.00    0.00    1.00    19  |__CPU 1/TCG
06:17:38     1000         -   2939943   99.00    1.00    0.00    0.00  100.00    16  |__CPU 2/TCG
06:17:38     1000         -   2939944    0.00    0.00    0.00    0.00    0.00     2  |__CPU 3/TCG
06:17:39     1000   2939919         -  200.00    3.00    0.00    0.00  203.00    23  qemu-system-aar
06:17:39     1000         -   2939919    0.00    2.00    0.00    0.00    2.00    23  |__qemu-system-aar
06:17:39     1000         -   2939926    0.00    0.00    0.00    0.00    0.00     0  |__call_rcu
06:17:39     1000         -   2939941   99.00    0.00    0.00    0.00   99.00    20  |__CPU 0/TCG
06:17:39     1000         -   2939942    0.00    1.00    0.00    0.00    1.00    18  |__CPU 1/TCG
06:17:39     1000         -   2939943   98.00    1.00    0.00    0.00   99.00    16  |__CPU 2/TCG
06:17:39     1000         -   2939944    0.00    0.00    0.00    0.00    0.00     2  |__CPU 3/TCG
06:17:40     1000   2939919         -  199.00    3.00    0.00    0.00  202.00    23  qemu-system-aar
06:17:40     1000         -   2939919    2.00    1.00    0.00    0.00    3.00    23  |__qemu-system-aar
06:17:40     1000         -   2939926    0.00    0.00    0.00    0.00    0.00     0  |__call_rcu
06:17:40     1000         -   2939941   99.00    1.00    0.00    0.00  100.00    20  |__CPU 0/TCG
06:17:40     1000         -   2939942    1.00    0.00    0.00    0.00    1.00    19  |__CPU 1/TCG
06:17:40     1000         -   2939943   99.00    1.00    0.00    0.00  100.00    16  |__CPU 2/TCG
06:17:40     1000         -   2939944    0.00    0.00    0.00    0.00    0.00     2  |__CPU 3/TCG
06:17:41     1000   2939919         -  200.00    3.00    0.00    0.00  203.00    23  qemu-system-aar
06:17:41     1000         -   2939919    1.00    2.00    0.00    0.00    3.00    23  |__qemu-system-aar
06:17:41     1000         -   2939926    0.00    0.00    0.00    0.00    0.00     0  |__call_rcu
06:17:41     1000         -   2939941   99.00    0.00    0.00    0.00   99.00    20  |__CPU 0/TCG
06:17:41     1000         -   2939942    0.00    0.00    0.00    0.00    0.00    19  |__CPU 1/TCG
06:17:41     1000         -   2939943   98.00    1.00    0.00    0.00   99.00    16  |__CPU 2/TCG
06:17:41     1000         -   2939944    0.00    0.00    0.00    0.00    0.00     2  |__CPU 3/TCG
06:17:42     1000   2939919         -  200.00    2.00    0.00    0.00  202.00    23  qemu-system-aar
06:17:42     1000         -   2939919    1.00    2.00    0.00    0.00    3.00    23  |__qemu-system-aar
06:17:42     1000         -   2939926    0.00    0.00    0.00    0.00    0.00     0  |__call_rcu
06:17:42     1000         -   2939941   98.00    1.00    0.00    0.00   99.00     4  |__CPU 0/TCG
06:17:42     1000         -   2939942    1.00    0.00    0.00    0.00    1.00    21  |__CPU 1/TCG
06:17:42     1000         -   2939943   99.00    1.00    0.00    0.00  100.00    16  |__CPU 2/TCG
06:17:42     1000         -   2939944    0.00    0.00    0.00    0.00    0.00     2  |__CPU 3/TCG
06:17:43     1000   2939919         -  199.00    4.00    0.00    0.00  203.00    23  qemu-system-aar
06:17:43     1000         -   2939919    0.00    2.00    0.00    0.00    2.00    23  |__qemu-system-aar
06:17:43     1000         -   2939926    0.00    0.00    0.00    0.00    0.00     0  |__call_rcu
06:17:43     1000         -   2939941   99.00    1.00    0.00    0.00  100.00     4  |__CPU 0/TCG
06:17:43     1000         -   2939942    1.00    0.00    0.00    0.00    1.00    21  |__CPU 1/TCG
06:17:43     1000         -   2939943   99.00    1.00    0.00    0.00  100.00    16  |__CPU 2/TCG
06:17:43     1000         -   2939944    0.00    0.00    0.00    0.00    0.00     2  |__CPU 3/TCG
06:17:44     1000   2939919         -  200.00    2.00    0.00    1.00  202.00    18  qemu-system-aar
06:17:44     1000         -   2939919    2.00    2.00    0.00    1.00    4.00    18  |__qemu-system-aar
06:17:44     1000         -   2939926    0.00    0.00    0.00    0.00    0.00     0  |__call_rcu
06:17:44     1000         -   2939941   99.00    0.00    0.00    0.00   99.00     4  |__CPU 0/TCG
06:17:44     1000         -   2939942    0.00    0.00    0.00    0.00    0.00    21  |__CPU 1/TCG
06:17:44     1000         -   2939943   98.00    1.00    0.00    0.00   99.00    16  |__CPU 2/TCG
06:17:44     1000         -   2939944    0.00    0.00    0.00    0.00    0.00     2  |__CPU 3/TCG
06:17:45     1000   2939919         -  200.00    2.00    0.00    0.00  202.00     7  qemu-system-aar
06:17:45     1000         -   2939919    1.00    2.00    0.00    0.00    3.00     7  |__qemu-system-aar
06:17:45     1000         -   2939926    0.00    0.00    0.00    0.00    0.00     0  |__call_rcu
06:17:45     1000         -   2939941   98.00    1.00    0.00    0.00   99.00     4  |__CPU 0/TCG
06:17:45     1000         -   2939942    1.00    0.00    0.00    0.00    1.00    19  |__CPU 1/TCG
06:17:45     1000         -   2939943   99.00    1.00    0.00    0.00  100.00    16  |__CPU 2/TCG
06:17:45     1000         -   2939944    0.00    0.00    0.00    0.00    0.00     2  |__CPU 3/TCG
06:17:46     1000   2939919         -  200.00    3.00    0.00    0.00  203.00     7  qemu-system-aar
06:17:46     1000         -   2939919    1.00    2.00    0.00    0.00    3.00     7  |__qemu-system-aar
06:17:46     1000         -   2939926    0.00    0.00    0.00    0.00    0.00     0  |__call_rcu
06:17:46     1000         -   2939941  100.00    0.00    0.00    0.00  100.00    20  |__CPU 0/TCG
06:17:46     1000         -   2939942    0.00    0.00    0.00    0.00    0.00    21  |__CPU 1/TCG
06:17:46     1000         -   2939943   98.00    1.00    0.00    0.00   99.00     0  |__CPU 2/TCG
06:17:46     1000         -   2939944    0.00    0.00    0.00    0.00    0.00     2  |__CPU 3/TCG
06:17:47     1000   2939919         -  200.00    3.00    0.00    0.00  203.00    17  qemu-system-aar
06:17:47     1000         -   2939919    1.00    1.00    0.00    0.00    2.00    17  |__qemu-system-aar
06:17:47     1000         -   2939926    0.00    0.00    0.00    0.00    0.00     0  |__call_rcu
06:17:47     1000         -   2939941   98.00    1.00    0.00    0.00   99.00    20  |__CPU 0/TCG
06:17:47     1000         -   2939942    1.00    0.00    0.00    0.00    1.00    21  |__CPU 1/TCG
06:17:47     1000         -   2939943   99.00    1.00    0.00    0.00  100.00     0  |__CPU 2/TCG
06:17:47     1000         -   2939944    0.00    0.00    0.00    0.00    0.00     2  |__CPU 3/TCG
06:17:48     1000   2939919         -  200.00    2.00    0.00    0.00  202.00    17  qemu-system-aar
06:17:48     1000         -   2939919    1.00    2.00    0.00    0.00    3.00    17  |__qemu-system-aar
06:17:48     1000         -   2939926    0.00    0.00    0.00    0.00    0.00     0  |__call_rcu
06:17:48     1000         -   2939941   99.00    0.00    0.00    0.00   99.00    20  |__CPU 0/TCG
06:17:48     1000         -   2939942    0.00    0.00    0.00    0.00    0.00    21  |__CPU 1/TCG
06:17:48     1000         -   2939943   99.00    1.00    0.00    0.00  100.00     0  |__CPU 2/TCG
06:17:48     1000         -   2939944    0.00    0.00    0.00    0.00    0.00     2  |__CPU 3/TCG
06:17:49     1000   2939919         -  200.00    2.00    0.00    0.00  202.00    17  qemu-system-aar
06:17:49     1000         -   2939919    1.00    2.00    0.00    0.00    3.00    17  |__qemu-system-aar
06:17:49     1000         -   2939926    0.00    0.00    0.00    0.00    0.00     0  |__call_rcu
06:17:49     1000         -   2939941   98.00    1.00    0.00    0.00   99.00    20  |__CPU 0/TCG
06:17:49     1000         -   2939942    1.00    0.00    0.00    0.00    1.00    21  |__CPU 1/TCG
06:17:49     1000         -   2939943   99.00    0.00    0.00    0.00   99.00     0  |__CPU 2/TCG
06:17:49     1000         -   2939944    0.00    0.00    0.00    0.00    0.00     2  |__CPU 3/TCG
06:17:50     1000   2939919         -  200.00    3.00    0.00    0.00  203.00    17  qemu-system-aar
06:17:50     1000         -   2939919    2.00    1.00    0.00    0.00    3.00    17  |__qemu-system-aar
06:17:50     1000         -   2939926    0.00    0.00    0.00    0.00    0.00     0  |__call_rcu
06:17:50     1000         -   2939941   99.00    0.00    0.00    0.00   99.00    20  |__CPU 0/TCG
06:17:50     1000         -   2939942    0.00    0.00    0.00    0.00    0.00    21  |__CPU 1/TCG
06:17:50     1000         -   2939943   99.00    1.00    0.00    0.00  100.00     0  |__CPU 2/TCG
06:17:50     1000         -   2939944    0.00    0.00    0.00    0.00    0.00     2  |__CPU 3/TCG
06:17:51     1000   2939919         -  199.00    2.00    0.00    0.00  201.00    17  qemu-system-aar
06:17:51     1000         -   2939919    0.00    3.00    0.00    0.00    3.00    17  |__qemu-system-aar
06:17:51     1000         -   2939926    0.00    0.00    0.00    0.00    0.00     0  |__call_rcu
06:17:51     1000         -   2939941   99.00    1.00    0.00    0.00  100.00    20  |__CPU 0/TCG
06:17:51     1000         -   2939942    1.00    0.00    0.00    0.00    1.00    21  |__CPU 1/TCG
06:17:51     1000         -   2939943   99.00    1.00    0.00    0.00  100.00     0  |__CPU 2/TCG
06:17:51     1000         -   2939944    0.00    0.00    0.00    0.00    0.00     2  |__CPU 3/TCG
06:17:52     1000   2939919         -  201.00    2.00    0.00    0.00  203.00     2  qemu-system-aar
06:17:52     1000         -   2939919    1.00    2.00    0.00    0.00    3.00     2  |__qemu-system-aar
06:17:52     1000         -   2939926    0.00    0.00    0.00    0.00    0.00     0  |__call_rcu
06:17:52     1000         -   2939941   99.00    0.00    0.00    0.00   99.00     4  |__CPU 0/TCG
06:17:52     1000         -   2939942    1.00    0.00    0.00    0.00    1.00    21  |__CPU 1/TCG
06:17:52     1000         -   2939943   99.00    0.00    0.00    0.00   99.00    16  |__CPU 2/TCG
06:17:52     1000         -   2939944    0.00    0.00    0.00    0.00    0.00     2  |__CPU 3/TCG
06:17:53     1000   2939919         -  200.00    2.00    0.00    0.00  202.00     2  qemu-system-aar
06:17:53     1000         -   2939919    1.00    1.00    0.00    0.00    2.00     2  |__qemu-system-aar
06:17:53     1000         -   2939926    0.00    0.00    0.00    0.00    0.00     0  |__call_rcu
06:17:53     1000         -   2939941   99.00    0.00    0.00    0.00   99.00     4  |__CPU 0/TCG
06:17:53     1000         -   2939942    0.00    0.00    0.00    0.00    0.00    21  |__CPU 1/TCG
06:17:53     1000         -   2939943   99.00    1.00    0.00    0.00  100.00    16  |__CPU 2/TCG
06:17:53     1000         -   2939944    0.00    0.00    0.00    0.00    0.00     2  |__CPU 3/TCG
06:17:54     1000   2939919         -  200.00    4.00    0.00    0.00  204.00    13  qemu-system-aar
06:17:54     1000         -   2939919    3.00    2.00    0.00    0.00    5.00    13  |__qemu-system-aar
06:17:54     1000         -   2939926    0.00    0.00    0.00    0.00    0.00     0  |__call_rcu
06:17:54     1000         -   2939941   98.00    1.00    0.00    0.00   99.00     4  |__CPU 0/TCG
06:17:54     1000         -   2939942    1.00    0.00    0.00    0.00    1.00    17  |__CPU 1/TCG
06:17:54     1000         -   2939943   97.00    2.00    0.00    0.00   99.00    16  |__CPU 2/TCG
06:17:54     1000         -   2939944    0.00    0.00    0.00    0.00    0.00     2  |__CPU 3/TCG
06:17:55     1000   2939919         -  200.00    2.00    0.00    0.00  202.00    22  qemu-system-aar
06:17:55     1000         -   2939919    1.00    2.00    0.00    0.00    3.00    22  |__qemu-system-aar
06:17:55     1000         -   2939926    0.00    0.00    0.00    0.00    0.00     0  |__call_rcu
06:17:55     1000         -   2939941   99.00    1.00    0.00    0.00  100.00    20  |__CPU 0/TCG
06:17:55     1000         -   2939942    0.00    0.00    0.00    0.00    0.00    17  |__CPU 1/TCG
06:17:55     1000         -   2939943   99.00    1.00    0.00    0.00  100.00    16  |__CPU 2/TCG
06:17:55     1000         -   2939944    0.00    0.00    0.00    0.00    0.00     2  |__CPU 3/TCG
06:17:56     1000   2939919         -  200.00    3.00    0.00    0.00  203.00    23  qemu-system-aar
06:17:56     1000         -   2939919    2.00    1.00    0.00    0.00    3.00    23  |__qemu-system-aar
06:17:56     1000         -   2939926    0.00    0.00    0.00    0.00    0.00     0  |__call_rcu
06:17:56     1000         -   2939941   99.00    0.00    0.00    0.00   99.00    20  |__CPU 0/TCG
06:17:56     1000         -   2939942    1.00    0.00    0.00    0.00    1.00    17  |__CPU 1/TCG
06:17:56     1000         -   2939943   99.00    1.00    0.00    0.00  100.00    16  |__CPU 2/TCG
06:17:56     1000         -   2939944    0.00    0.00    0.00    0.00    0.00     2  |__CPU 3/TCG
06:17:57     1000   2939919         -  200.00    2.00    0.00    0.00  202.00    23  qemu-system-aar
06:17:57     1000         -   2939919    1.00    2.00    0.00    0.00    3.00    23  |__qemu-system-aar
06:17:57     1000         -   2939926    0.00    0.00    0.00    0.00    0.00     0  |__call_rcu
06:17:57     1000         -   2939941   99.00    0.00    0.00    0.00   99.00     4  |__CPU 0/TCG
06:17:57     1000         -   2939942    1.00    0.00    0.00    0.00    1.00    17  |__CPU 1/TCG
06:17:57     1000         -   2939943   99.00    0.00    0.00    0.00   99.00    16  |__CPU 2/TCG
06:17:57     1000         -   2939944    0.00    0.00    0.00    0.00    0.00     2  |__CPU 3/TCG
06:17:58     1000   2939919         -  199.00    3.00    0.00    0.00  202.00    23  qemu-system-aar
06:17:58     1000         -   2939919    0.00    3.00    0.00    0.00    3.00    23  |__qemu-system-aar
06:17:58     1000         -   2939926    0.00    0.00    0.00    0.00    0.00     0  |__call_rcu
06:17:58     1000         -   2939941   98.00    1.00    0.00    0.00   99.00    20  |__CPU 0/TCG
06:17:58     1000         -   2939942    0.00    0.00    0.00    0.00    0.00    17  |__CPU 1/TCG
06:17:58     1000         -   2939943   99.00    1.00    0.00    0.00  100.00    16  |__CPU 2/TCG
06:17:58     1000         -   2939944    0.00    0.00    0.00    0.00    0.00     2  |__CPU 3/TCG
06:17:59     1000   2939919         -  200.00    3.00    0.00    0.00  203.00     6  qemu-system-aar
06:17:59     1000         -   2939919    1.00    2.00    0.00    0.00    3.00     6  |__qemu-system-aar
06:17:59     1000         -   2939926    0.00    0.00    0.00    0.00    0.00     0  |__call_rcu
06:17:59     1000         -   2939941   99.00    1.00    0.00    0.00  100.00    20  |__CPU 0/TCG
06:17:59     1000         -   2939942    1.00    0.00    0.00    0.00    1.00    17  |__CPU 1/TCG
06:17:59     1000         -   2939943   99.00    0.00    0.00    0.00   99.00    16  |__CPU 2/TCG
06:17:59     1000         -   2939944    0.00    0.00    0.00    0.00    0.00     2  |__CPU 3/TCG
06:18:00     1000   2939919         -  200.00    2.00    0.00    0.00  202.00    23  qemu-system-aar
06:18:00     1000         -   2939919    1.00    1.00    0.00    0.00    2.00    23  |__qemu-system-aar
06:18:00     1000         -   2939926    0.00    0.00    0.00    0.00    0.00     0  |__call_rcu
06:18:00     1000         -   2939941   99.00    0.00    0.00    0.00   99.00    20  |__CPU 0/TCG
06:18:00     1000         -   2939942    0.00    0.00    0.00    0.00    0.00    17  |__CPU 1/TCG
06:18:00     1000         -   2939943   99.00    1.00    0.00    0.00  100.00    16  |__CPU 2/TCG
06:18:00     1000         -   2939944    0.00    0.00    0.00    0.00    0.00     2  |__CPU 3/TCG
06:18:01     1000   2939919         -  199.00    3.00    0.00    0.00  202.00     3  qemu-system-aar
06:18:01     1000         -   2939919    1.00    3.00    0.00    0.00    4.00     3  |__qemu-system-aar
06:18:01     1000         -   2939926    0.00    0.00    0.00    0.00    0.00     0  |__call_rcu
06:18:01     1000         -   2939941   99.00    1.00    0.00    0.00  100.00    20  |__CPU 0/TCG
06:18:01     1000         -   2939942    1.00    0.00    0.00    0.00    1.00    18  |__CPU 1/TCG
06:18:01     1000         -   2939943   98.00    1.00    0.00    0.00   99.00    16  |__CPU 2/TCG
06:18:01     1000         -   2939944    0.00    0.00    0.00    0.00    0.00     2  |__CPU 3/TCG
06:18:02     1000   2939919         -  200.00    3.00    0.00    0.00  203.00    17  qemu-system-aar
06:18:02     1000         -   2939919    1.00    1.00    0.00    0.00    2.00    17  |__qemu-system-aar
06:18:02     1000         -   2939926    0.00    0.00    0.00    0.00    0.00     0  |__call_rcu
06:18:02     1000         -   2939941   98.00    0.00    0.00    0.00   98.00    20  |__CPU 0/TCG
06:18:02     1000         -   2939942    0.00    0.00    0.00    0.00    0.00    19  |__CPU 1/TCG
06:18:02     1000         -   2939943   99.00    1.00    0.00    0.00  100.00    16  |__CPU 2/TCG
06:18:02     1000         -   2939944    0.00    0.00    0.00    0.00    0.00     2  |__CPU 3/TCG
06:18:03     1000   2939919         -  201.00    2.00    0.00    0.00  203.00    17  qemu-system-aar
06:18:03     1000         -   2939919    2.00    2.00    0.00    0.00    4.00    17  |__qemu-system-aar
06:18:03     1000         -   2939926    0.00    0.00    0.00    0.00    0.00     0  |__call_rcu
06:18:03     1000         -   2939941   99.00    1.00    0.00    0.00  100.00    20  |__CPU 0/TCG
06:18:03     1000         -   2939942    1.00    0.00    0.00    0.00    1.00    19  |__CPU 1/TCG
06:18:03     1000         -   2939943   99.00    1.00    0.00    0.00  100.00    16  |__CPU 2/TCG
06:18:03     1000         -   2939944    0.00    0.00    0.00    0.00    0.00     2  |__CPU 3/TCG
06:18:04     1000   2939919         -  200.00    2.00    0.00    0.00  202.00    17  qemu-system-aar
06:18:04     1000         -   2939919    1.00    2.00    0.00    0.00    3.00    17  |__qemu-system-aar
06:18:04     1000         -   2939926    0.00    0.00    0.00    0.00    0.00     0  |__call_rcu
06:18:04     1000         -   2939941   99.00    0.00    0.00    0.00   99.00    20  |__CPU 0/TCG
06:18:04     1000         -   2939942    0.00    0.00    0.00    0.00    0.00    19  |__CPU 1/TCG
06:18:04     1000         -   2939943   99.00    0.00    0.00    0.00   99.00    16  |__CPU 2/TCG
06:18:04     1000         -   2939944    0.00    0.00    0.00    0.00    0.00     2  |__CPU 3/TCG
06:18:05     1000   2939919         -  199.00    3.00    0.00    0.00  202.00    23  qemu-system-aar
06:18:05     1000         -   2939919    0.00    2.00    0.00    0.00    2.00    23  |__qemu-system-aar
06:18:05     1000         -   2939926    0.00    0.00    0.00    0.00    0.00     0  |__call_rcu
06:18:05     1000         -   2939941   99.00    1.00    0.00    0.00  100.00    20  |__CPU 0/TCG
06:18:05     1000         -   2939942    1.00    0.00    0.00    0.00    1.00    19  |__CPU 1/TCG
06:18:05     1000         -   2939943   99.00    2.00    0.00    0.00  101.00    16  |__CPU 2/TCG
06:18:05     1000         -   2939944    0.00    0.00    0.00    0.00    0.00     2  |__CPU 3/TCG
06:18:06     1000   2939919         -  200.00    2.00    0.00    0.00  202.00    23  qemu-system-aar
06:18:06     1000         -   2939919    2.00    2.00    0.00    0.00    4.00    23  |__qemu-system-aar
06:18:06     1000         -   2939926    0.00    0.00    0.00    0.00    0.00     0  |__call_rcu
06:18:06     1000         -   2939941   99.00    0.00    0.00    0.00   99.00    20  |__CPU 0/TCG
06:18:06     1000         -   2939942    0.00    0.00    0.00    0.00    0.00    19  |__CPU 1/TCG
06:18:06     1000         -   2939943   98.00    1.00    0.00    0.00   99.00    16  |__CPU 2/TCG
06:18:06     1000         -   2939944    0.00    0.00    0.00    0.00    0.00     2  |__CPU 3/TCG
06:18:07     1000   2939919         -  201.00    2.00    0.00    0.00  203.00     2  qemu-system-aar
06:18:07     1000         -   2939919    1.00    2.00    0.00    0.00    3.00     2  |__qemu-system-aar
06:18:07     1000         -   2939926    0.00    0.00    0.00    0.00    0.00     0  |__call_rcu
06:18:07     1000         -   2939941   99.00    0.00    0.00    0.00   99.00    20  |__CPU 0/TCG
06:18:07     1000         -   2939942    1.00    0.00    0.00    0.00    1.00    19  |__CPU 1/TCG
06:18:07     1000         -   2939943   99.00    0.00    0.00    0.00   99.00     0  |__CPU 2/TCG
06:18:07     1000         -   2939944    0.00    0.00    0.00    0.00    0.00     2  |__CPU 3/TCG
06:18:08     1000   2939919         -  200.00    2.00    0.00    0.00  202.00    19  qemu-system-aar
06:18:08     1000         -   2939919    2.00    1.00    0.00    0.00    3.00    19  |__qemu-system-aar
06:18:08     1000         -   2939926    0.00    0.00    0.00    0.00    0.00     0  |__call_rcu
06:18:08     1000         -   2939941   99.00    1.00    0.00    0.00  100.00    20  |__CPU 0/TCG
06:18:08     1000         -   2939942    0.00    0.00    0.00    0.00    0.00    18  |__CPU 1/TCG
06:18:08     1000         -   2939943   99.00    1.00    0.00    0.00  100.00    16  |__CPU 2/TCG
06:18:08     1000         -   2939944    0.00    0.00    0.00    0.00    0.00     2  |__CPU 3/TCG
06:18:09     1000   2939919         -  200.00    3.00    0.00    0.00  203.00    19  qemu-system-aar
06:18:09     1000         -   2939919    1.00    1.00    0.00    0.00    2.00    19  |__qemu-system-aar
06:18:09     1000         -   2939926    0.00    0.00    0.00    0.00    0.00     0  |__call_rcu
06:18:09     1000         -   2939941   98.00    0.00    0.00    0.00   98.00    20  |__CPU 0/TCG
06:18:09     1000         -   2939942    1.00    0.00    0.00    0.00    1.00    18  |__CPU 1/TCG
06:18:09     1000         -   2939943   99.00    1.00    0.00    0.00  100.00    16  |__CPU 2/TCG
06:18:09     1000         -   2939944    0.00    0.00    0.00    0.00    0.00     2  |__CPU 3/TCG
06:18:10     1000   2939919         -  199.00    2.00    0.00    0.00  201.00    17  qemu-system-aar
06:18:10     1000         -   2939919    0.00    3.00    0.00    0.00    3.00    17  |__qemu-system-aar
06:18:10     1000         -   2939926    0.00    0.00    0.00    0.00    0.00     0  |__call_rcu
06:18:10     1000         -   2939941   99.00    1.00    0.00    0.00  100.00    20  |__CPU 0/TCG
06:18:10     1000         -   2939942    0.00    0.00    0.00    0.00    0.00    21  |__CPU 1/TCG
06:18:10     1000         -   2939943   98.00    1.00    0.00    0.00   99.00    16  |__CPU 2/TCG
06:18:10     1000         -   2939944    0.00    0.00    0.00    0.00    0.00     2  |__CPU 3/TCG
06:18:11     1000   2939919         -  200.00    3.00    0.00    0.00  203.00    22  qemu-system-aar
06:18:11     1000         -   2939919    2.00    1.00    0.00    0.00    3.00    22  |__qemu-system-aar
06:18:11     1000         -   2939926    0.00    0.00    0.00    0.00    0.00     0  |__call_rcu
06:18:11     1000         -   2939941   99.00    0.00    0.00    0.00   99.00    20  |__CPU 0/TCG
06:18:11     1000         -   2939942    1.00    0.00    0.00    0.00    1.00    21  |__CPU 1/TCG
06:18:11     1000         -   2939943   99.00    1.00    0.00    0.00  100.00    16  |__CPU 2/TCG
06:18:11     1000         -   2939944    0.00    0.00    0.00    0.00    0.00     2  |__CPU 3/TCG
06:18:12     1000   2939919         -  201.00    2.00    0.00    0.00  203.00    22  qemu-system-aar
06:18:12     1000         -   2939919    0.00    2.00    0.00    0.00    2.00    22  |__qemu-system-aar
06:18:12     1000         -   2939926    0.00    0.00    0.00    0.00    0.00     0  |__call_rcu
06:18:12     1000         -   2939941   99.00    1.00    0.00    0.00  100.00    20  |__CPU 0/TCG
06:18:12     1000         -   2939942    1.00    0.00    0.00    0.00    1.00    23  |__CPU 1/TCG
06:18:12     1000         -   2939943   99.00    1.00    0.00    0.00  100.00    16  |__CPU 2/TCG
06:18:12     1000         -   2939944    0.00    0.00    0.00    0.00    0.00     2  |__CPU 3/TCG
06:18:13     1000   2939919         -  200.00    2.00    0.00    0.00  202.00    22  qemu-system-aar
06:18:13     1000         -   2939919    2.00    1.00    0.00    0.00    3.00    22  |__qemu-system-aar
06:18:13     1000         -   2939926    0.00    0.00    0.00    0.00    0.00     0  |__call_rcu
06:18:13     1000         -   2939941   99.00    0.00    0.00    0.00   99.00     4  |__CPU 0/TCG
06:18:13     1000         -   2939942    0.00    0.00    0.00    0.00    0.00    23  |__CPU 1/TCG
06:18:13     1000         -   2939943   99.00    0.00    0.00    0.00   99.00    16  |__CPU 2/TCG
06:18:13     1000         -   2939944    0.00    0.00    0.00    0.00    0.00     2  |__CPU 3/TCG
06:18:14     1000   2939919         -  200.00    3.00    0.00    0.00  203.00     1  qemu-system-aar
06:18:14     1000         -   2939919    0.00    3.00    0.00    0.00    3.00    23  |__qemu-system-aar
06:18:14     1000         -   2939926    0.00    0.00    0.00    0.00    0.00     0  |__call_rcu
06:18:14     1000         -   2939941   98.00    1.00    0.00    0.00   99.00     7  |__CPU 0/TCG
06:18:14     1000         -   2939942    1.00    0.00    0.00    0.00    1.00    21  |__CPU 1/TCG
06:18:14     1000         -   2939943   99.00    1.00    0.00    0.00  100.00    16  |__CPU 2/TCG
06:18:14     1000         -   2939944    0.00    0.00    0.00    0.00    0.00     2  |__CPU 3/TCG
06:18:15     1000   2939919         -  199.00    3.00    0.00    0.00  202.00     2  qemu-system-aar
06:18:15     1000         -   2939919    1.00    2.00    0.00    0.00    3.00     2  |__qemu-system-aar
06:18:15     1000         -   2939926    0.00    0.00    0.00    0.00    0.00     0  |__call_rcu
06:18:15     1000         -   2939941   99.00    1.00    0.00    0.00  100.00     4  |__CPU 0/TCG
06:18:15     1000         -   2939942    0.00    0.00    0.00    0.00    0.00    21  |__CPU 1/TCG
06:18:15     1000         -   2939943   99.00    1.00    0.00    0.00  100.00    16  |__CPU 2/TCG
06:18:15     1000         -   2939944    0.00    0.00    0.00    0.00    0.00     2  |__CPU 3/TCG
06:18:16     1000   2939919         -  201.00    1.00    0.00    0.00  202.00     6  qemu-system-aar
06:18:16     1000         -   2939919    1.00    2.00    0.00    0.00    3.00     6  |__qemu-system-aar
06:18:16     1000         -   2939926    0.00    0.00    0.00    0.00    0.00     0  |__call_rcu
06:18:16     1000         -   2939941   99.00    0.00    0.00    0.00   99.00     4  |__CPU 0/TCG
06:18:16     1000         -   2939942    1.00    0.00    0.00    0.00    1.00    22  |__CPU 1/TCG
06:18:16     1000         -   2939943   99.00    0.00    0.00    0.00   99.00    16  |__CPU 2/TCG
06:18:16     1000         -   2939944    0.00    0.00    0.00    0.00    0.00     2  |__CPU 3/TCG
06:18:17     1000   2939919         -  199.00    3.00    0.00    0.00  202.00     7  qemu-system-aar
06:18:17     1000         -   2939919    1.00    2.00    0.00    0.00    3.00     7  |__qemu-system-aar
06:18:17     1000         -   2939926    0.00    0.00    0.00    0.00    0.00     0  |__call_rcu
06:18:17     1000         -   2939941   99.00    1.00    0.00    0.00  100.00    13  |__CPU 0/TCG
06:18:17     1000         -   2939942    0.00    0.00    0.00    0.00    0.00    22  |__CPU 1/TCG
06:18:17     1000         -   2939943   98.00    1.00    0.00    0.00   99.00    16  |__CPU 2/TCG
06:18:17     1000         -   2939944    0.00    0.00    0.00    0.00    0.00     2  |__CPU 3/TCG
06:18:18     1000   2939919         -  199.00    3.00    0.00    0.00  202.00    22  qemu-system-aar
06:18:18     1000         -   2939919    1.00    2.00    0.00    0.00    3.00    22  |__qemu-system-aar
06:18:18     1000         -   2939926    0.00    0.00    0.00    0.00    0.00     0  |__call_rcu
06:18:18     1000         -   2939941   98.00    0.00    0.00    0.00   98.00     4  |__CPU 0/TCG
06:18:18     1000         -   2939942    1.00    0.00    0.00    0.00    1.00    21  |__CPU 1/TCG
06:18:18     1000         -   2939943   99.00    1.00    0.00    0.00  100.00    16  |__CPU 2/TCG
06:18:18     1000         -   2939944    0.00    0.00    0.00    0.00    0.00     2  |__CPU 3/TCG
06:18:19     1000   2939919         -  200.00    3.00    0.00    0.00  203.00    22  qemu-system-aar
06:18:19     1000         -   2939919    1.00    2.00    0.00    0.00    3.00    22  |__qemu-system-aar
06:18:19     1000         -   2939926    0.00    0.00    0.00    0.00    0.00     0  |__call_rcu
06:18:19     1000         -   2939941   99.00    1.00    0.00    0.00  100.00     4  |__CPU 0/TCG
06:18:19     1000         -   2939942    1.00    0.00    0.00    0.00    1.00    21  |__CPU 1/TCG
06:18:19     1000         -   2939943   99.00    1.00    0.00    0.00  100.00    16  |__CPU 2/TCG
06:18:19     1000         -   2939944    0.00    0.00    0.00    0.00    0.00     2  |__CPU 3/TCG
06:18:20     1000   2939919         -  200.00    3.00    0.00    0.00  203.00    18  qemu-system-aar
06:18:20     1000         -   2939919    1.00    2.00    0.00    0.00    3.00    21  |__qemu-system-aar
06:18:20     1000         -   2939926    0.00    0.00    0.00    0.00    0.00     0  |__call_rcu
06:18:20     1000         -   2939941   99.00    0.00    0.00    0.00   99.00    20  |__CPU 0/TCG
06:18:20     1000         -   2939942    0.00    0.00    0.00    0.00    0.00    21  |__CPU 1/TCG
06:18:20     1000         -   2939943   99.00    1.00    0.00    0.00  100.00    16  |__CPU 2/TCG
06:18:20     1000         -   2939944    0.00    0.00    0.00    0.00    0.00     2  |__CPU 3/TCG
06:18:21     1000   2939919         -  200.00    2.00    0.00    0.00  202.00    21  qemu-system-aar
06:18:21     1000         -   2939919    1.00    1.00    0.00    0.00    2.00    21  |__qemu-system-aar
06:18:21     1000         -   2939926    0.00    0.00    0.00    0.00    0.00     0  |__call_rcu
06:18:21     1000         -   2939941   99.00    1.00    0.00    0.00  100.00    20  |__CPU 0/TCG
06:18:21     1000         -   2939942    1.00    0.00    0.00    0.00    1.00    22  |__CPU 1/TCG
06:18:21     1000         -   2939943   98.00    1.00    0.00    0.00   99.00    16  |__CPU 2/TCG
06:18:21     1000         -   2939944    0.00    0.00    0.00    0.00    0.00     2  |__CPU 3/TCG
06:18:22     1000   2939919         -  199.00    4.00    0.00    0.00  203.00    21  qemu-system-aar
06:18:22     1000         -   2939919    1.00    3.00    0.00    0.00    4.00    21  |__qemu-system-aar
06:18:22     1000         -   2939926    0.00    0.00    0.00    0.00    0.00     0  |__call_rcu
06:18:22     1000         -   2939941   99.00    0.00    0.00    0.00   99.00    20  |__CPU 0/TCG
06:18:22     1000         -   2939942    0.00    0.00    0.00    0.00    0.00    22  |__CPU 1/TCG
06:18:22     1000         -   2939943   99.00    1.00    0.00    0.00  100.00     0  |__CPU 2/TCG
06:18:22     1000         -   2939944    0.00    0.00    0.00    0.00    0.00     2  |__CPU 3/TCG
06:18:23     1000   2939919         -  199.00    3.00    0.00    0.00  202.00     3  qemu-system-aar
06:18:23     1000         -   2939919    1.00    2.00    0.00    0.00    3.00     3  |__qemu-system-aar
06:18:23     1000         -   2939926    0.00    0.00    0.00    0.00    0.00     0  |__call_rcu
06:18:23     1000         -   2939941   98.00    1.00    0.00    0.00   99.00    20  |__CPU 0/TCG
06:18:23     1000         -   2939942    1.00    0.00    0.00    0.00    1.00    22  |__CPU 1/TCG
06:18:23     1000         -   2939943   98.00    2.00    0.00    0.00  100.00     0  |__CPU 2/TCG
06:18:23     1000         -   2939944    0.00    0.00    0.00    0.00    0.00     2  |__CPU 3/TCG
06:18:24     1000   2939919         -  200.00    2.00    0.00    0.00  202.00     7  qemu-system-aar
06:18:24     1000         -   2939919    1.00    2.00    0.00    0.00    3.00     7  |__qemu-system-aar
06:18:24     1000         -   2939926    0.00    0.00    0.00    0.00    0.00     0  |__call_rcu
06:18:24     1000         -   2939941   99.00    0.00    0.00    0.00   99.00    20  |__CPU 0/TCG
06:18:24     1000         -   2939942    0.00    0.00    0.00    0.00    0.00    21  |__CPU 1/TCG
06:18:24     1000         -   2939943   98.00    1.00    0.00    0.00   99.00     0  |__CPU 2/TCG
06:18:24     1000         -   2939944    0.00    0.00    0.00    0.00    0.00     2  |__CPU 3/TCG
06:18:25     1000   2939919         -  200.00    3.00    0.00    0.00  203.00    17  qemu-system-aar
06:18:25     1000         -   2939919    1.00    2.00    0.00    0.00    3.00    17  |__qemu-system-aar
06:18:25     1000         -   2939926    0.00    0.00    0.00    0.00    0.00     0  |__call_rcu
06:18:25     1000         -   2939941   99.00    1.00    0.00    0.00  100.00     4  |__CPU 0/TCG
06:18:25     1000         -   2939942    1.00    0.00    0.00    0.00    1.00    21  |__CPU 1/TCG
06:18:25     1000         -   2939943   99.00    1.00    0.00    0.00  100.00     0  |__CPU 2/TCG
06:18:25     1000         -   2939944    0.00    0.00    0.00    0.00    0.00     2  |__CPU 3/TCG
06:18:26     1000   2939919         -  201.00    2.00    0.00    0.00  203.00    17  qemu-system-aar
06:18:26     1000         -   2939919    1.00    1.00    0.00    0.00    2.00    17  |__qemu-system-aar
06:18:26     1000         -   2939926    0.00    0.00    0.00    0.00    0.00     0  |__call_rcu
06:18:26     1000         -   2939941   99.00    0.00    0.00    0.00   99.00    20  |__CPU 0/TCG
06:18:26     1000         -   2939942    1.00    0.00    0.00    0.00    1.00    21  |__CPU 1/TCG
06:18:26     1000         -   2939943   99.00    0.00    0.00    0.00   99.00     0  |__CPU 2/TCG
06:18:26     1000         -   2939944    0.00    0.00    0.00    0.00    0.00     2  |__CPU 3/TCG
06:18:27     1000   2939919         -  199.00    2.00    0.00    0.00  201.00    23  qemu-system-aar
06:18:27     1000         -   2939919    1.00    2.00    0.00    0.00    3.00    23  |__qemu-system-aar
06:18:27     1000         -   2939926    0.00    0.00    0.00    0.00    0.00     0  |__call_rcu
06:18:27     1000         -   2939941   98.00    1.00    0.00    0.00   99.00    20  |__CPU 0/TCG
06:18:27     1000         -   2939942    0.00    0.00    0.00    0.00    0.00    21  |__CPU 1/TCG
06:18:27     1000         -   2939943   99.00    1.00    0.00    0.00  100.00     0  |__CPU 2/TCG
06:18:27     1000         -   2939944    0.00    0.00    0.00    0.00    0.00     2  |__CPU 3/TCG
06:18:28     1000   2939919         -  201.00    2.00    0.00    0.00  203.00     3  qemu-system-aar
06:18:28     1000         -   2939919    1.00    2.00    0.00    0.00    3.00     3  |__qemu-system-aar
06:18:28     1000         -   2939926    0.00    0.00    0.00    0.00    0.00     0  |__call_rcu
06:18:28     1000         -   2939941   99.00    0.00    0.00    0.00   99.00    20  |__CPU 0/TCG
06:18:28     1000         -   2939942    0.00    0.00    0.00    0.00    0.00     1  |__CPU 1/TCG
06:18:28     1000         -   2939943   99.00    1.00    0.00    0.00  100.00     0  |__CPU 2/TCG
06:18:28     1000         -   2939944    0.00    0.00    0.00    0.00    0.00     2  |__CPU 3/TCG
06:18:29     1000   2939919         -  199.00    3.00    0.00    0.00  202.00    17  qemu-system-aar
06:18:29     1000         -   2939919    1.00    2.00    0.00    0.00    3.00    17  |__qemu-system-aar
06:18:29     1000         -   2939926    0.00    0.00    0.00    0.00    0.00     0  |__call_rcu
06:18:29     1000         -   2939941   99.00    1.00    0.00    0.00  100.00    20  |__CPU 0/TCG
06:18:29     1000         -   2939942    1.00    0.00    0.00    0.00    1.00     1  |__CPU 1/TCG
06:18:29     1000         -   2939943   99.00    0.00    0.00    0.00   99.00     0  |__CPU 2/TCG
06:18:29     1000         -   2939944    0.00    0.00    0.00    0.00    0.00     2  |__CPU 3/TCG
06:18:30     1000   2939919         -  199.00    3.00    0.00    0.00  202.00     6  qemu-system-aar
06:18:30     1000         -   2939919    1.00    2.00    0.00    0.00    3.00     6  |__qemu-system-aar
06:18:30     1000         -   2939926    0.00    0.00    0.00    0.00    0.00     0  |__call_rcu
06:18:30     1000         -   2939941   99.00    0.00    0.00    1.00   99.00    20  |__CPU 0/TCG
06:18:30     1000         -   2939942    0.00    0.00    0.00    0.00    0.00     1  |__CPU 1/TCG
06:18:30     1000         -   2939943   98.00    2.00    0.00    0.00  100.00     0  |__CPU 2/TCG
06:18:30     1000         -   2939944    0.00    0.00    0.00    0.00    0.00     2  |__CPU 3/TCG
06:18:31     1000   2939919         -  201.00    3.00    0.00    0.00  204.00    16  qemu-system-aar
06:18:31     1000         -   2939919    1.00    3.00    0.00    0.00    4.00    16  |__qemu-system-aar
06:18:31     1000         -   2939926    0.00    0.00    0.00    0.00    0.00     0  |__call_rcu
06:18:31     1000         -   2939941   99.00    1.00    0.00    0.00  100.00    20  |__CPU 0/TCG
06:18:31     1000         -   2939942    1.00    0.00    0.00    0.00    1.00     3  |__CPU 1/TCG
06:18:31     1000         -   2939943   99.00    1.00    0.00    0.00  100.00     0  |__CPU 2/TCG
06:18:31     1000         -   2939944    0.00    0.00    0.00    0.00    0.00     2  |__CPU 3/TCG
06:18:32     1000   2939919         -  200.00    2.00    0.00    0.00  202.00    17  qemu-system-aar
06:18:32     1000         -   2939919    1.00    3.00    0.00    0.00    4.00    17  |__qemu-system-aar
06:18:32     1000         -   2939926    0.00    0.00    0.00    0.00    0.00     0  |__call_rcu
06:18:32     1000         -   2939941   99.00    0.00    0.00    0.00   99.00    20  |__CPU 0/TCG
06:18:32     1000         -   2939942    0.00    0.00    0.00    0.00    0.00     5  |__CPU 1/TCG
06:18:32     1000         -   2939943   99.00    0.00    0.00    0.00   99.00     0  |__CPU 2/TCG
06:18:32     1000         -   2939944    0.00    0.00    0.00    0.00    0.00     2  |__CPU 3/TCG
06:18:33     1000   2939919         -  199.00    3.00    0.00    0.00  202.00     1  qemu-system-aar
06:18:33     1000         -   2939919    1.00    1.00    0.00    0.00    2.00     1  |__qemu-system-aar
06:18:33     1000         -   2939926    0.00    0.00    0.00    0.00    0.00     0  |__call_rcu
06:18:33     1000         -   2939941   99.00    0.00    0.00    0.00   99.00     4  |__CPU 0/TCG
06:18:33     1000         -   2939942    1.00    0.00    0.00    0.00    1.00     3  |__CPU 1/TCG
06:18:33     1000         -   2939943   98.00    1.00    0.00    0.00   99.00     0  |__CPU 2/TCG
06:18:33     1000         -   2939944    0.00    0.00    0.00    0.00    0.00     2  |__CPU 3/TCG
06:18:34     1000   2939919         -  201.00    3.00    0.00    0.00  204.00     5  qemu-system-aar
06:18:34     1000         -   2939919    2.00    2.00    0.00    0.00    4.00     5  |__qemu-system-aar
06:18:34     1000         -   2939926    0.00    0.00    0.00    0.00    0.00     0  |__call_rcu
06:18:34     1000         -   2939941   98.00    1.00    0.00    0.00   99.00     4  |__CPU 0/TCG
06:18:34     1000         -   2939942    0.00    0.00    0.00    0.00    0.00    18  |__CPU 1/TCG
06:18:34     1000         -   2939943   99.00    1.00    0.00    0.00  100.00     0  |__CPU 2/TCG
06:18:34     1000         -   2939944    0.00    0.00    0.00    0.00    0.00     2  |__CPU 3/TCG
06:18:35     1000   2939919         -  200.00    2.00    0.00    0.00  202.00    18  qemu-system-aar
06:18:35     1000         -   2939919    1.00    1.00    0.00    0.00    2.00    18  |__qemu-system-aar
06:18:35     1000         -   2939926    0.00    0.00    0.00    0.00    0.00     0  |__call_rcu
06:18:35     1000         -   2939941   99.00    1.00    0.00    0.00  100.00     4  |__CPU 0/TCG
06:18:35     1000         -   2939942    1.00    0.00    0.00    0.00    1.00     3  |__CPU 1/TCG
06:18:35     1000         -   2939943   99.00    1.00    0.00    0.00  100.00     0  |__CPU 2/TCG
06:18:35     1000         -   2939944    0.00    0.00    0.00    0.00    0.00     2  |__CPU 3/TCG
06:18:36     1000   2939919         -  200.00    2.00    0.00    0.00  202.00    19  qemu-system-aar
06:18:36     1000         -   2939919    1.00    2.00    0.00    0.00    3.00    19  |__qemu-system-aar
06:18:36     1000         -   2939926    0.00    0.00    0.00    0.00    0.00     0  |__call_rcu
06:18:36     1000         -   2939941   98.00    0.00    0.00    0.00   98.00    20  |__CPU 0/TCG
06:18:36     1000         -   2939942    1.00    0.00    0.00    0.00    1.00     5  |__CPU 1/TCG
06:18:36     1000         -   2939943   99.00    1.00    0.00    0.00  100.00     0  |__CPU 2/TCG
06:18:36     1000         -   2939944    0.00    0.00    0.00    0.00    0.00     2  |__CPU 3/TCG
06:18:37     1000   2939919         -  199.00    3.00    0.00    0.00  202.00    21  qemu-system-aar
06:18:37     1000         -   2939919    1.00    2.00    0.00    0.00    3.00    21  |__qemu-system-aar
06:18:37     1000         -   2939926    0.00    0.00    0.00    0.00    0.00     0  |__call_rcu
06:18:37     1000         -   2939941   99.00    1.00    0.00    0.00  100.00    20  |__CPU 0/TCG
06:18:37     1000         -   2939942    0.00    0.00    0.00    0.00    0.00     3  |__CPU 1/TCG
06:18:37     1000         -   2939943   98.00    1.00    0.00    0.00   99.00     0  |__CPU 2/TCG
06:18:37     1000         -   2939944    0.00    0.00    0.00    0.00    0.00     2  |__CPU 3/TCG
06:18:38     1000   2939919         -  200.00    3.00    0.00    0.00  203.00    21  qemu-system-aar
06:18:38     1000         -   2939919    1.00    2.00    0.00    0.00    3.00    21  |__qemu-system-aar
06:18:38     1000         -   2939926    0.00    0.00    0.00    0.00    0.00     0  |__call_rcu
06:18:38     1000         -   2939941   99.00    0.00    0.00    0.00   99.00    20  |__CPU 0/TCG
06:18:38     1000         -   2939942    0.00    0.00    0.00    0.00    0.00     5  |__CPU 1/TCG
06:18:38     1000         -   2939943   99.00    1.00    0.00    0.00  100.00     0  |__CPU 2/TCG
06:18:38     1000         -   2939944    0.00    0.00    0.00    0.00    0.00     2  |__CPU 3/TCG
06:18:39     1000   2939919         -  199.00    3.00    0.00    0.00  202.00     5  qemu-system-aar
06:18:39     1000         -   2939919    1.00    2.00    0.00    0.00    3.00     5  |__qemu-system-aar
06:18:39     1000         -   2939926    0.00    0.00    0.00    0.00    0.00     0  |__call_rcu
06:18:39     1000         -   2939941   99.00    0.00    0.00    0.00   99.00    20  |__CPU 0/TCG
06:18:39     1000         -   2939942    1.00    0.00    0.00    0.00    1.00     3  |__CPU 1/TCG
06:18:39     1000         -   2939943   99.00    1.00    0.00    0.00  100.00     0  |__CPU 2/TCG
06:18:39     1000         -   2939944    0.00    0.00    0.00    0.00    0.00     2  |__CPU 3/TCG
06:18:40     1000   2939919         -  198.00    5.00    0.00    0.00  203.00     1  qemu-system-aar
06:18:40     1000         -   2939919    1.00    3.00    0.00    0.00    4.00     1  |__qemu-system-aar
06:18:40     1000         -   2939926    0.00    0.00    0.00    0.00    0.00     0  |__call_rcu
06:18:40     1000         -   2939941   98.00    1.00    0.00    0.00   99.00    20  |__CPU 0/TCG
06:18:40     1000         -   2939942    1.00    0.00    0.00    0.00    1.00     7  |__CPU 1/TCG
06:18:40     1000         -   2939943   97.00    2.00    0.00    0.00   99.00     0  |__CPU 2/TCG
06:18:40     1000         -   2939944    0.00    0.00    0.00    0.00    0.00     2  |__CPU 3/TCG
06:18:41     1000   2939919         -  200.00    2.00    0.00    0.00  202.00     7  qemu-system-aar
06:18:41     1000         -   2939919    1.00    2.00    0.00    0.00    3.00     7  |__qemu-system-aar
06:18:41     1000         -   2939926    0.00    0.00    0.00    0.00    0.00     0  |__call_rcu
06:18:41     1000         -   2939941  100.00    0.00    0.00    0.00  100.00    20  |__CPU 0/TCG
06:18:41     1000         -   2939942    0.00    0.00    0.00    0.00    0.00     3  |__CPU 1/TCG
06:18:41     1000         -   2939943   98.00    1.00    0.00    0.00   99.00    16  |__CPU 2/TCG
06:18:41     1000         -   2939944    0.00    0.00    0.00    0.00    0.00     2  |__CPU 3/TCG
06:18:42     1000   2939919         -  201.00    2.00    0.00    0.00  203.00     7  qemu-system-aar
06:18:42     1000         -   2939919    1.00    1.00    0.00    0.00    2.00     7  |__qemu-system-aar
06:18:42     1000         -   2939926    0.00    0.00    0.00    0.00    0.00     0  |__call_rcu
06:18:42     1000         -   2939941   99.00    0.00    0.00    0.00   99.00    20  |__CPU 0/TCG
06:18:42     1000         -   2939942    1.00    0.00    0.00    0.00    1.00    17  |__CPU 1/TCG
06:18:42     1000         -   2939943   99.00    1.00    0.00    0.00  100.00    16  |__CPU 2/TCG
06:18:42     1000         -   2939944    0.00    0.00    0.00    0.00    0.00     2  |__CPU 3/TCG
06:18:43     1000   2939919         -  200.00    2.00    0.00    0.00  202.00     7  qemu-system-aar
06:18:43     1000         -   2939919    2.00    2.00    0.00    0.00    4.00     7  |__qemu-system-aar
06:18:43     1000         -   2939926    0.00    0.00    0.00    0.00    0.00     0  |__call_rcu
06:18:43     1000         -   2939941   99.00    1.00    0.00    0.00  100.00    20  |__CPU 0/TCG
06:18:43     1000         -   2939942    0.00    0.00    0.00    0.00    0.00    18  |__CPU 1/TCG
06:18:43     1000         -   2939943   99.00    1.00    0.00    0.00  100.00    16  |__CPU 2/TCG
06:18:43     1000         -   2939944    0.00    0.00    0.00    0.00    0.00     2  |__CPU 3/TCG
06:18:44     1000   2939919         -  200.00    2.00    0.00    0.00  202.00    18  qemu-system-aar
06:18:44     1000         -   2939919    1.00    2.00    0.00    0.00    3.00    18  |__qemu-system-aar
06:18:44     1000         -   2939926    0.00    0.00    0.00    0.00    0.00     0  |__call_rcu
06:18:44     1000         -   2939941   98.00    0.00    0.00    0.00   98.00    20  |__CPU 0/TCG
06:18:44     1000         -   2939942    1.00    0.00    0.00    0.00    1.00     3  |__CPU 1/TCG
06:18:44     1000         -   2939943   98.00    1.00    0.00    0.00   99.00    16  |__CPU 2/TCG
06:18:44     1000         -   2939944    0.00    0.00    0.00    0.00    0.00     2  |__CPU 3/TCG
06:18:45     1000   2939919         -  200.00    3.00    0.00    0.00  203.00    18  qemu-system-aar
06:18:45     1000         -   2939919    0.00    2.00    0.00    0.00    2.00    18  |__qemu-system-aar
06:18:45     1000         -   2939926    0.00    0.00    0.00    0.00    0.00     0  |__call_rcu
06:18:45     1000         -   2939941   99.00    0.00    0.00    0.00   99.00    20  |__CPU 0/TCG
06:18:45     1000         -   2939942    1.00    0.00    0.00    0.00    1.00     3  |__CPU 1/TCG
06:18:45     1000         -   2939943   99.00    1.00    0.00    0.00  100.00    16  |__CPU 2/TCG
06:18:45     1000         -   2939944    0.00    0.00    0.00    0.00    0.00     2  |__CPU 3/TCG
06:18:46     1000   2939919         -  201.00    2.00    0.00    0.00  203.00     2  qemu-system-aar
06:18:46     1000         -   2939919    2.00    1.00    0.00    0.00    3.00     2  |__qemu-system-aar
06:18:46     1000         -   2939926    0.00    0.00    0.00    0.00    0.00     0  |__call_rcu
06:18:46     1000         -   2939941   99.00    1.00    0.00    0.00  100.00    20  |__CPU 0/TCG
06:18:46     1000         -   2939942    0.00    0.00    0.00    0.00    0.00     3  |__CPU 1/TCG
06:18:46     1000         -   2939943   99.00    0.00    0.00    1.00   99.00    16  |__CPU 2/TCG
06:18:46     1000         -   2939944    0.00    0.00    0.00    0.00    0.00     2  |__CPU 3/TCG
06:18:47     1000   2939919         -  200.00    2.00    0.00    0.00  202.00     3  qemu-system-aar
06:18:47     1000         -   2939919    1.00    2.00    0.00    0.00    3.00     3  |__qemu-system-aar
06:18:47     1000         -   2939926    0.00    0.00    0.00    0.00    0.00     0  |__call_rcu
06:18:47     1000         -   2939941   99.00    0.00    0.00    0.00   99.00    20  |__CPU 0/TCG
06:18:47     1000         -   2939942    1.00    0.00    0.00    0.00    1.00    18  |__CPU 1/TCG
06:18:47     1000         -   2939943   99.00    1.00    0.00    0.00  100.00    16  |__CPU 2/TCG
06:18:47     1000         -   2939944    0.00    0.00    0.00    0.00    0.00     2  |__CPU 3/TCG
06:18:48     1000   2939919         -  200.00    2.00    0.00    0.00  202.00     3  qemu-system-aar
06:18:48     1000         -   2939919    1.00    2.00    0.00    0.00    3.00     3  |__qemu-system-aar
06:18:48     1000         -   2939926    0.00    0.00    0.00    0.00    0.00     0  |__call_rcu
06:18:48     1000         -   2939941   99.00    1.00    0.00    0.00  100.00    20  |__CPU 0/TCG
06:18:48     1000         -   2939942    0.00    0.00    0.00    0.00    0.00    18  |__CPU 1/TCG
06:18:48     1000         -   2939943   99.00    1.00    0.00    0.00  100.00    16  |__CPU 2/TCG
06:18:48     1000         -   2939944    0.00    0.00    0.00    0.00    0.00     2  |__CPU 3/TCG
06:18:49     1000   2939919         -  201.00    2.00    0.00    0.00  203.00     3  qemu-system-aar
06:18:49     1000         -   2939919    1.00    2.00    0.00    0.00    3.00     3  |__qemu-system-aar
06:18:49     1000         -   2939926    0.00    0.00    0.00    0.00    0.00     0  |__call_rcu
06:18:49     1000         -   2939941   99.00    0.00    0.00    0.00   99.00    20  |__CPU 0/TCG
06:18:49     1000         -   2939942    1.00    0.00    0.00    0.00    1.00    18  |__CPU 1/TCG
06:18:49     1000         -   2939943   99.00    0.00    0.00    0.00   99.00    16  |__CPU 2/TCG
06:18:49     1000         -   2939944    0.00    0.00    0.00    0.00    0.00     2  |__CPU 3/TCG
06:18:50     1000   2939919         -  200.00    3.00    0.00    0.00  203.00     3  qemu-system-aar
06:18:50     1000         -   2939919    1.00    2.00    0.00    0.00    3.00     3  |__qemu-system-aar
06:18:50     1000         -   2939926    0.00    0.00    0.00    0.00    0.00     0  |__call_rcu
06:18:50     1000         -   2939941   99.00    0.00    0.00    0.00   99.00    20  |__CPU 0/TCG
06:18:50     1000         -   2939942    1.00    0.00    0.00    0.00    1.00    18  |__CPU 1/TCG
06:18:50     1000         -   2939943   99.00    1.00    0.00    0.00  100.00    16  |__CPU 2/TCG
06:18:50     1000         -   2939944    0.00    0.00    0.00    0.00    0.00     2  |__CPU 3/TCG
06:18:51     1000   2939919         -  200.00    2.00    0.00    0.00  202.00     7  qemu-system-aar
06:18:51     1000         -   2939919    0.00    2.00    0.00    0.00    2.00     7  |__qemu-system-aar
06:18:51     1000         -   2939926    0.00    0.00    0.00    0.00    0.00     0  |__call_rcu
06:18:51     1000         -   2939941   99.00    1.00    0.00    0.00  100.00     4  |__CPU 0/TCG
06:18:51     1000         -   2939942    0.00    0.00    0.00    0.00    0.00     5  |__CPU 1/TCG
06:18:51     1000         -   2939943   98.00    1.00    0.00    0.00   99.00    16  |__CPU 2/TCG
06:18:51     1000         -   2939944    0.00    0.00    0.00    0.00    0.00     2  |__CPU 3/TCG
06:18:52     1000   2939919         -  200.00    2.00    0.00    0.00  202.00     5  qemu-system-aar
06:18:52     1000         -   2939919    1.00    2.00    0.00    0.00    3.00     5  |__qemu-system-aar
06:18:52     1000         -   2939926    0.00    0.00    0.00    0.00    0.00     0  |__call_rcu
06:18:52     1000         -   2939941   99.00    0.00    0.00    0.00   99.00     4  |__CPU 0/TCG
06:18:52     1000         -   2939942    1.00    0.00    0.00    0.00    1.00    18  |__CPU 1/TCG
06:18:52     1000         -   2939943   99.00    1.00    0.00    0.00  100.00    16  |__CPU 2/TCG
06:18:52     1000         -   2939944    0.00    0.00    0.00    0.00    0.00     2  |__CPU 3/TCG
06:18:53     1000   2939919         -  200.00    3.00    0.00    0.00  203.00     5  qemu-system-aar
06:18:53     1000         -   2939919    2.00    2.00    0.00    0.00    4.00     5  |__qemu-system-aar
06:18:53     1000         -   2939926    0.00    0.00    0.00    0.00    0.00     0  |__call_rcu
06:18:53     1000         -   2939941   99.00    0.00    0.00    0.00   99.00     4  |__CPU 0/TCG
06:18:53     1000         -   2939942    0.00    0.00    0.00    0.00    0.00    18  |__CPU 1/TCG
06:18:53     1000         -   2939943   99.00    1.00    0.00    0.00  100.00    16  |__CPU 2/TCG
06:18:53     1000         -   2939944    0.00    0.00    0.00    0.00    0.00     2  |__CPU 3/TCG
06:18:54     1000   2939919         -  201.00    2.00    0.00    0.00  203.00     5  qemu-system-aar
06:18:54     1000         -   2939919    2.00    1.00    0.00    0.00    3.00     5  |__qemu-system-aar
06:18:54     1000         -   2939926    0.00    0.00    0.00    0.00    0.00     0  |__call_rcu
06:18:54     1000         -   2939941   99.00    1.00    0.00    0.00  100.00     4  |__CPU 0/TCG
06:18:54     1000         -   2939942    1.00    0.00    0.00    0.00    1.00    18  |__CPU 1/TCG
06:18:54     1000         -   2939943   99.00    1.00    0.00    0.00  100.00    16  |__CPU 2/TCG
06:18:54     1000         -   2939944    0.00    0.00    0.00    0.00    0.00     2  |__CPU 3/TCG
06:18:55     1000   2939919         -  198.00    3.00    0.00    0.00  201.00     5  qemu-system-aar
06:18:55     1000         -   2939919    0.00    3.00    0.00    0.00    3.00     5  |__qemu-system-aar
06:18:55     1000         -   2939926    0.00    0.00    0.00    0.00    0.00     0  |__call_rcu
06:18:55     1000         -   2939941   98.00    1.00    0.00    0.00   99.00    20  |__CPU 0/TCG
06:18:55     1000         -   2939942    1.00    0.00    0.00    0.00    1.00    18  |__CPU 1/TCG
06:18:55     1000         -   2939943   98.00    1.00    0.00    0.00   99.00     0  |__CPU 2/TCG
06:18:55     1000         -   2939944    0.00    0.00    0.00    0.00    0.00     2  |__CPU 3/TCG
06:18:56     1000   2939919         -  200.00    3.00    0.00    0.00  203.00     6  qemu-system-aar
06:18:56     1000         -   2939919    1.00    2.00    0.00    0.00    3.00     6  |__qemu-system-aar
06:18:56     1000         -   2939926    0.00    0.00    0.00    0.00    0.00     0  |__call_rcu
06:18:56     1000         -   2939941   99.00    0.00    0.00    0.00   99.00     4  |__CPU 0/TCG
06:18:56     1000         -   2939942    0.00    0.00    0.00    0.00    0.00    16  |__CPU 1/TCG
06:18:56     1000         -   2939943   98.00    1.00    0.00    0.00   99.00     0  |__CPU 2/TCG
06:18:56     1000         -   2939944    0.00    0.00    0.00    0.00    0.00     2  |__CPU 3/TCG
06:18:57     1000   2939919         -  200.00    2.00    0.00    0.00  202.00     7  qemu-system-aar
06:18:57     1000         -   2939919    1.00    1.00    0.00    0.00    2.00     7  |__qemu-system-aar
06:18:57     1000         -   2939926    0.00    0.00    0.00    0.00    0.00     0  |__call_rcu
06:18:57     1000         -   2939941   99.00    0.00    0.00    0.00   99.00    20  |__CPU 0/TCG
06:18:57     1000         -   2939942    1.00    0.00    0.00    0.00    1.00    16  |__CPU 1/TCG
06:18:57     1000         -   2939943   99.00    1.00    0.00    0.00  100.00     0  |__CPU 2/TCG
06:18:57     1000         -   2939944    0.00    0.00    0.00    0.00    0.00     2  |__CPU 3/TCG
06:18:58     1000   2939919         -  199.00    4.00    0.00    0.00  203.00     2  qemu-system-aar
06:18:58     1000         -   2939919    1.00    3.00    0.00    0.00    4.00     2  |__qemu-system-aar
06:18:58     1000         -   2939926    0.00    0.00    0.00    0.00    0.00     0  |__call_rcu
06:18:58     1000         -   2939941   99.00    1.00    0.00    0.00  100.00    20  |__CPU 0/TCG
06:18:58     1000         -   2939942    0.00    0.00    0.00    0.00    0.00    16  |__CPU 1/TCG
06:18:58     1000         -   2939943   99.00    1.00    0.00    0.00  100.00     0  |__CPU 2/TCG
06:18:58     1000         -   2939944    0.00    0.00    0.00    0.00    0.00     2  |__CPU 3/TCG
06:18:59     1000   2939919         -  199.00    3.00    0.00    0.00  202.00     7  qemu-system-aar
06:18:59     1000         -   2939919    1.00    2.00    0.00    0.00    3.00     7  |__qemu-system-aar
06:18:59     1000         -   2939926    0.00    0.00    0.00    0.00    0.00     0  |__call_rcu
06:18:59     1000         -   2939941   99.00    0.00    0.00    0.00   99.00    20  |__CPU 0/TCG
06:18:59     1000         -   2939942    1.00    0.00    0.00    0.00    1.00     6  |__CPU 1/TCG
06:18:59     1000         -   2939943   98.00    1.00    0.00    0.00   99.00    16  |__CPU 2/TCG
06:18:59     1000         -   2939944    0.00    0.00    0.00    0.00    0.00     2  |__CPU 3/TCG
06:19:00     1000   2939919         -  200.00    3.00    0.00    0.00  203.00     7  qemu-system-aar
06:19:00     1000         -   2939919    0.00    2.00    0.00    0.00    2.00     7  |__qemu-system-aar
06:19:00     1000         -   2939926    0.00    0.00    0.00    0.00    0.00     0  |__call_rcu
06:19:00     1000         -   2939941   99.00    1.00    0.00    0.00  100.00    20  |__CPU 0/TCG
06:19:00     1000         -   2939942    1.00    0.00    0.00    0.00    1.00    18  |__CPU 1/TCG
06:19:00     1000         -   2939943   99.00    1.00    0.00    0.00  100.00    16  |__CPU 2/TCG
06:19:00     1000         -   2939944    0.00    0.00    0.00    0.00    0.00     2  |__CPU 3/TCG
06:19:01     1000   2939919         -  201.00    2.00    0.00    0.00  203.00     7  qemu-system-aar
06:19:01     1000         -   2939919    2.00    2.00    0.00    0.00    4.00     7  |__qemu-system-aar
06:19:01     1000         -   2939926    0.00    0.00    0.00    0.00    0.00     0  |__call_rcu
06:19:01     1000         -   2939941   99.00    0.00    0.00    0.00   99.00    20  |__CPU 0/TCG
06:19:01     1000         -   2939942    0.00    0.00    0.00    0.00    0.00     6  |__CPU 1/TCG
06:19:01     1000         -   2939943   98.00    1.00    0.00    0.00   99.00    16  |__CPU 2/TCG
06:19:01     1000         -   2939944    0.00    0.00    0.00    0.00    0.00     2  |__CPU 3/TCG
06:19:02     1000   2939919         -  198.00    4.00    0.00    0.00  202.00     5  qemu-system-aar
06:19:02     1000         -   2939919    1.00    2.00    0.00    0.00    3.00     5  |__qemu-system-aar
06:19:02     1000         -   2939926    0.00    0.00    0.00    0.00    0.00     0  |__call_rcu
06:19:02     1000         -   2939941   98.00    1.00    0.00    0.00   99.00    20  |__CPU 0/TCG
06:19:02     1000         -   2939942    0.00    1.00    0.00    0.00    1.00    18  |__CPU 1/TCG
06:19:02     1000         -   2939943   98.00    2.00    0.00    0.00  100.00    16  |__CPU 2/TCG
06:19:02     1000         -   2939944    0.00    0.00    0.00    0.00    0.00     2  |__CPU 3/TCG
06:19:03     1000   2939919         -  202.00    2.00    0.00    0.00  204.00     4  qemu-system-aar
06:19:03     1000         -   2939919    1.00    3.00    0.00    0.00    4.00     4  |__qemu-system-aar
06:19:03     1000         -   2939926    0.00    0.00    0.00    0.00    0.00     0  |__call_rcu
06:19:03     1000         -   2939941   99.00    0.00    0.00    0.00   99.00    20  |__CPU 0/TCG
06:19:03     1000         -   2939942    0.00    0.00    0.00    0.00    0.00    18  |__CPU 1/TCG
06:19:03     1000         -   2939943  100.00    0.00    0.00    0.00  100.00    16  |__CPU 2/TCG
06:19:03     1000         -   2939944    0.00    0.00    0.00    0.00    0.00     2  |__CPU 3/TCG
06:19:04     1000   2939919         -  200.00    3.00    0.00    0.00  203.00     7  qemu-system-aar
06:19:04     1000         -   2939919    1.00    2.00    0.00    0.00    3.00     7  |__qemu-system-aar
06:19:04     1000         -   2939926    0.00    0.00    0.00    0.00    0.00     0  |__call_rcu
06:19:04     1000         -   2939941   99.00    0.00    0.00    0.00   99.00    20  |__CPU 0/TCG
06:19:04     1000         -   2939942    1.00    0.00    0.00    0.00    1.00    19  |__CPU 1/TCG
06:19:04     1000         -   2939943   98.00    1.00    0.00    0.00   99.00    16  |__CPU 2/TCG
06:19:04     1000         -   2939944    0.00    0.00    0.00    0.00    0.00     2  |__CPU 3/TCG
06:19:05     1000   2939919         -  199.00    2.00    0.00    0.00  201.00     7  qemu-system-aar
06:19:05     1000         -   2939919    1.00    2.00    0.00    0.00    3.00     7  |__qemu-system-aar
06:19:05     1000         -   2939926    0.00    0.00    0.00    0.00    0.00     0  |__call_rcu
06:19:05     1000         -   2939941   99.00    1.00    0.00    0.00  100.00     4  |__CPU 0/TCG
06:19:05     1000         -   2939942    0.00    0.00    0.00    0.00    0.00    18  |__CPU 1/TCG
06:19:05     1000         -   2939943   99.00    1.00    0.00    0.00  100.00    16  |__CPU 2/TCG
06:19:05     1000         -   2939944    0.00    0.00    0.00    0.00    0.00     2  |__CPU 3/TCG
06:19:06     1000   2939919         -  200.00    3.00    0.00    0.00  203.00    17  qemu-system-aar
06:19:06     1000         -   2939919    0.00    3.00    0.00    0.00    3.00    17  |__qemu-system-aar
06:19:06     1000         -   2939926    0.00    0.00    0.00    0.00    0.00     0  |__call_rcu
06:19:06     1000         -   2939941   99.00    0.00    0.00    0.00   99.00     4  |__CPU 0/TCG
06:19:06     1000         -   2939942    1.00    0.00    0.00    0.00    1.00    18  |__CPU 1/TCG
06:19:06     1000         -   2939943   99.00    1.00    0.00    0.00  100.00    16  |__CPU 2/TCG
06:19:06     1000         -   2939944    0.00    0.00    0.00    0.00    0.00     2  |__CPU 3/TCG
06:19:07     1000   2939919         -  200.00    2.00    0.00    0.00  202.00    17  qemu-system-aar
06:19:07     1000         -   2939919    2.00    1.00    0.00    0.00    3.00    17  |__qemu-system-aar
06:19:07     1000         -   2939926    0.00    0.00    0.00    0.00    0.00     0  |__call_rcu
06:19:07     1000         -   2939941   99.00    0.00    0.00    0.00   99.00     4  |__CPU 0/TCG
06:19:07     1000         -   2939942    0.00    0.00    0.00    0.00    0.00    18  |__CPU 1/TCG
06:19:07     1000         -   2939943   98.00    1.00    0.00    0.00   99.00    16  |__CPU 2/TCG
06:19:07     1000         -   2939944    0.00    0.00    0.00    0.00    0.00     2  |__CPU 3/TCG
06:19:08     1000   2939919         -  200.00    3.00    0.00    0.00  203.00     2  qemu-system-aar
06:19:08     1000         -   2939919    1.00    2.00    0.00    0.00    3.00     2  |__qemu-system-aar
06:19:08     1000         -   2939926    0.00    0.00    0.00    0.00    0.00     0  |__call_rcu
06:19:08     1000         -   2939941   99.00    1.00    0.00    0.00  100.00     4  |__CPU 0/TCG
06:19:08     1000         -   2939942    1.00    0.00    0.00    0.00    1.00    18  |__CPU 1/TCG
06:19:08     1000         -   2939943   99.00    1.00    0.00    0.00  100.00     0  |__CPU 2/TCG
06:19:08     1000         -   2939944    0.00    0.00    0.00    0.00    0.00     2  |__CPU 3/TCG
06:19:09     1000   2939919         -  200.00    2.00    0.00    0.00  202.00    17  qemu-system-aar
06:19:09     1000         -   2939919    1.00    2.00    0.00    0.00    3.00    17  |__qemu-system-aar
06:19:09     1000         -   2939926    0.00    0.00    0.00    0.00    0.00     0  |__call_rcu
06:19:09     1000         -   2939941   99.00    0.00    0.00    0.00   99.00     4  |__CPU 0/TCG
06:19:09     1000         -   2939942    0.00    0.00    0.00    0.00    0.00    18  |__CPU 1/TCG
06:19:09     1000         -   2939943   98.00    1.00    0.00    0.00   99.00     0  |__CPU 2/TCG
06:19:09     1000         -   2939944    0.00    0.00    0.00    0.00    0.00     2  |__CPU 3/TCG
06:19:10     1000   2939919         -  200.00    2.00    0.00    0.00  202.00     6  qemu-system-aar
06:19:10     1000         -   2939919    1.00    2.00    0.00    0.00    3.00     6  |__qemu-system-aar
06:19:10     1000         -   2939926    0.00    0.00    0.00    0.00    0.00     0  |__call_rcu
06:19:10     1000         -   2939941   99.00    0.00    0.00    0.00   99.00     4  |__CPU 0/TCG
06:19:10     1000         -   2939942    0.00    0.00    0.00    0.00    0.00    18  |__CPU 1/TCG
06:19:10     1000         -   2939943   99.00    1.00    0.00    0.00  100.00     0  |__CPU 2/TCG
06:19:10     1000         -   2939944    0.00    0.00    0.00    0.00    0.00     2  |__CPU 3/TCG
06:19:11     1000   2939919         -  200.00    3.00    0.00    0.00  203.00    17  qemu-system-aar
06:19:11     1000         -   2939919    1.00    2.00    0.00    0.00    3.00    17  |__qemu-system-aar
06:19:11     1000         -   2939926    0.00    0.00    0.00    0.00    0.00     0  |__call_rcu
06:19:11     1000         -   2939941   99.00    1.00    0.00    0.00  100.00    20  |__CPU 0/TCG
06:19:11     1000         -   2939942    1.00    0.00    0.00    0.00    1.00    18  |__CPU 1/TCG
06:19:11     1000         -   2939943   98.00    2.00    0.00    0.00  100.00     0  |__CPU 2/TCG
06:19:11     1000         -   2939944    0.00    0.00    0.00    0.00    0.00     2  |__CPU 3/TCG
06:19:12     1000   2939919         -  199.00    3.00    0.00    0.00  202.00    17  qemu-system-aar
06:19:12     1000         -   2939919    0.00    2.00    0.00    0.00    2.00    17  |__qemu-system-aar
06:19:12     1000         -   2939926    0.00    0.00    0.00    0.00    0.00     0  |__call_rcu
06:19:12     1000         -   2939941   99.00    0.00    0.00    0.00   99.00    20  |__CPU 0/TCG
06:19:12     1000         -   2939942    0.00    0.00    0.00    0.00    0.00    19  |__CPU 1/TCG
06:19:12     1000         -   2939943   99.00    1.00    0.00    0.00  100.00     0  |__CPU 2/TCG
06:19:12     1000         -   2939944    0.00    0.00    0.00    0.00    0.00     2  |__CPU 3/TCG
06:19:13     1000   2939919         -  200.00    2.00    0.00    0.00  202.00     3  qemu-system-aar
06:19:13     1000         -   2939919    1.00    3.00    0.00    0.00    4.00     3  |__qemu-system-aar
06:19:13     1000         -   2939926    0.00    0.00    0.00    0.00    0.00     0  |__call_rcu
06:19:13     1000         -   2939941   99.00    0.00    0.00    0.00   99.00    20  |__CPU 0/TCG
06:19:13     1000         -   2939942    1.00    0.00    0.00    0.00    1.00    19  |__CPU 1/TCG
06:19:13     1000         -   2939943   98.00    1.00    0.00    0.00   99.00    16  |__CPU 2/TCG
06:19:13     1000         -   2939944    0.00    0.00    0.00    0.00    0.00     2  |__CPU 3/TCG
06:19:14     1000   2939919         -  200.00    3.00    0.00    0.00  203.00     3  qemu-system-aar
06:19:14     1000         -   2939919    1.00    1.00    0.00    0.00    2.00     3  |__qemu-system-aar
06:19:14     1000         -   2939926    0.00    0.00    0.00    0.00    0.00     0  |__call_rcu
06:19:14     1000         -   2939941   99.00    1.00    0.00    0.00  100.00    20  |__CPU 0/TCG
06:19:14     1000         -   2939942    0.00    0.00    0.00    0.00    0.00     4  |__CPU 1/TCG
06:19:14     1000         -   2939943   99.00    1.00    0.00    0.00  100.00    16  |__CPU 2/TCG
06:19:14     1000         -   2939944    0.00    0.00    0.00    0.00    0.00     2  |__CPU 3/TCG
06:19:15     1000   2939919         -  200.00    3.00    0.00    0.00  203.00    16  qemu-system-aar
06:19:15     1000         -   2939919    1.00    3.00    0.00    0.00    4.00    16  |__qemu-system-aar
06:19:15     1000         -   2939926    0.00    0.00    0.00    0.00    0.00     0  |__call_rcu
06:19:15     1000         -   2939941   98.00    1.00    0.00    0.00   99.00    20  |__CPU 0/TCG
06:19:15     1000         -   2939942    1.00    0.00    0.00    0.00    1.00     4  |__CPU 1/TCG
06:19:15     1000         -   2939943   99.00    0.00    0.00    0.00   99.00     0  |__CPU 2/TCG
06:19:15     1000         -   2939944    0.00    0.00    0.00    0.00    0.00     2  |__CPU 3/TCG
06:19:16     1000   2939919         -  200.00    2.00    0.00    0.00  202.00    18  qemu-system-aar
06:19:16     1000         -   2939919    1.00    2.00    0.00    0.00    3.00    18  |__qemu-system-aar
06:19:16     1000         -   2939926    0.00    0.00    0.00    0.00    0.00     0  |__call_rcu
06:19:16     1000         -   2939941   99.00    0.00    0.00    0.00   99.00    20  |__CPU 0/TCG
06:19:16     1000         -   2939942    0.00    0.00    0.00    0.00    0.00     4  |__CPU 1/TCG
06:19:16     1000         -   2939943   99.00    1.00    0.00    0.00  100.00     0  |__CPU 2/TCG
06:19:16     1000         -   2939944    0.00    0.00    0.00    0.00    0.00     2  |__CPU 3/TCG
06:19:17     1000   2939919         -  200.00    3.00    0.00    0.00  203.00    20  qemu-system-aar
06:19:17     1000         -   2939919    1.00    3.00    0.00    0.00    4.00    20  |__qemu-system-aar
06:19:17     1000         -   2939926    0.00    0.00    0.00    0.00    0.00     0  |__call_rcu
06:19:17     1000         -   2939941   99.00    0.00    0.00    0.00   99.00     4  |__CPU 0/TCG
06:19:17     1000         -   2939942    0.00    0.00    0.00    0.00    0.00    19  |__CPU 1/TCG
06:19:17     1000         -   2939943   99.00    1.00    0.00    0.00  100.00     0  |__CPU 2/TCG
06:19:17     1000         -   2939944    0.00    0.00    0.00    0.00    0.00     2  |__CPU 3/TCG
06:19:18     1000   2939919         -  200.00    3.00    0.00    0.00  203.00    19  qemu-system-aar
06:19:18     1000         -   2939919    2.00    2.00    0.00    0.00    4.00    19  |__qemu-system-aar
06:19:18     1000         -   2939926    0.00    0.00    0.00    0.00    0.00     0  |__call_rcu
06:19:18     1000         -   2939941   99.00    1.00    0.00    0.00  100.00     4  |__CPU 0/TCG
06:19:18     1000         -   2939942    1.00    0.00    0.00    0.00    1.00    21  |__CPU 1/TCG
06:19:18     1000         -   2939943   98.00    1.00    0.00    0.00   99.00     0  |__CPU 2/TCG
06:19:18     1000         -   2939944    0.00    0.00    0.00    0.00    0.00     2  |__CPU 3/TCG
06:19:19     1000   2939919         -  201.00    3.00    0.00    0.00  204.00    21  qemu-system-aar
06:19:19     1000         -   2939919    1.00    3.00    0.00    0.00    4.00    21  |__qemu-system-aar
06:19:19     1000         -   2939926    0.00    0.00    0.00    0.00    0.00     0  |__call_rcu
06:19:19     1000         -   2939941   99.00    0.00    0.00    0.00   99.00     4  |__CPU 0/TCG
06:19:19     1000         -   2939942    1.00    0.00    0.00    0.00    1.00    22  |__CPU 1/TCG
06:19:19     1000         -   2939943   98.00    1.00    0.00    0.00   99.00     0  |__CPU 2/TCG
06:19:19     1000         -   2939944    0.00    0.00    0.00    0.00    0.00     2  |__CPU 3/TCG
06:19:20     1000   2939919         -  201.00    2.00    0.00    0.00  203.00    23  qemu-system-aar
06:19:20     1000         -   2939919    1.00    1.00    0.00    0.00    2.00    23  |__qemu-system-aar
06:19:20     1000         -   2939926    0.00    0.00    0.00    0.00    0.00     0  |__call_rcu
06:19:20     1000         -   2939941   98.00    1.00    0.00    0.00   99.00     4  |__CPU 0/TCG
06:19:20     1000         -   2939942    0.00    0.00    0.00    0.00    0.00    22  |__CPU 1/TCG
06:19:20     1000         -   2939943   99.00    1.00    0.00    0.00  100.00     0  |__CPU 2/TCG
06:19:20     1000         -   2939944    0.00    0.00    0.00    0.00    0.00     2  |__CPU 3/TCG
06:19:21     1000   2939919         -  199.00    2.00    0.00    0.00  201.00    23  qemu-system-aar
06:19:21     1000         -   2939919    1.00    2.00    0.00    0.00    3.00    23  |__qemu-system-aar
06:19:21     1000         -   2939926    0.00    0.00    0.00    0.00    0.00     0  |__call_rcu
06:19:21     1000         -   2939941   99.00    0.00    0.00    0.00   99.00     4  |__CPU 0/TCG
06:19:21     1000         -   2939942    0.00    0.00    0.00    0.00    0.00    22  |__CPU 1/TCG
06:19:21     1000         -   2939943   99.00    0.00    0.00    0.00   99.00     0  |__CPU 2/TCG
06:19:21     1000         -   2939944    0.00    0.00    0.00    0.00    0.00     2  |__CPU 3/TCG
06:19:22     1000   2939919         -  201.00    2.00    0.00    0.00  203.00     2  qemu-system-aar
06:19:22     1000         -   2939919    2.00    2.00    0.00    0.00    4.00     2  |__qemu-system-aar
06:19:22     1000         -   2939926    0.00    0.00    0.00    0.00    0.00     0  |__call_rcu
06:19:22     1000         -   2939941   99.00    1.00    0.00    0.00  100.00     4  |__CPU 0/TCG
06:19:22     1000         -   2939942    1.00    0.00    0.00    0.00    1.00    22  |__CPU 1/TCG
06:19:22     1000         -   2939943   99.00    1.00    0.00    0.00  100.00     0  |__CPU 2/TCG
06:19:22     1000         -   2939944    0.00    0.00    0.00    0.00    0.00     2  |__CPU 3/TCG
06:19:23     1000   2939919         -  200.00    2.00    0.00    0.00  202.00     6  qemu-system-aar
06:19:23     1000         -   2939919    2.00    1.00    0.00    0.00    3.00     6  |__qemu-system-aar
06:19:23     1000         -   2939926    0.00    0.00    0.00    0.00    0.00     0  |__call_rcu
06:19:23     1000         -   2939941   99.00    0.00    0.00    0.00   99.00    20  |__CPU 0/TCG
06:19:23     1000         -   2939942    1.00    0.00    0.00    0.00    1.00    21  |__CPU 1/TCG
06:19:23     1000         -   2939943   99.00    1.00    0.00    0.00  100.00     0  |__CPU 2/TCG
06:19:23     1000         -   2939944    0.00    0.00    0.00    0.00    0.00     2  |__CPU 3/TCG
06:19:24     1000   2939919         -  200.00    3.00    0.00    0.00  203.00     7  qemu-system-aar
06:19:24     1000         -   2939919    1.00    2.00    0.00    0.00    3.00     7  |__qemu-system-aar
06:19:24     1000         -   2939926    0.00    0.00    0.00    0.00    0.00     0  |__call_rcu
06:19:24     1000         -   2939941   99.00    0.00    0.00    0.00   99.00    20  |__CPU 0/TCG
06:19:24     1000         -   2939942    0.00    0.00    0.00    0.00    0.00    21  |__CPU 1/TCG
06:19:24     1000         -   2939943   99.00    1.00    0.00    0.00  100.00     0  |__CPU 2/TCG
06:19:24     1000         -   2939944    0.00    0.00    0.00    0.00    0.00     2  |__CPU 3/TCG
06:19:25     1000   2939919         -  199.00    4.00    0.00    0.00  203.00     7  qemu-system-aar
06:19:25     1000         -   2939919    0.00    2.00    0.00    0.00    2.00     7  |__qemu-system-aar
06:19:25     1000         -   2939926    0.00    0.00    0.00    0.00    0.00     0  |__call_rcu
06:19:25     1000         -   2939941   99.00    1.00    0.00    0.00  100.00    20  |__CPU 0/TCG
06:19:25     1000         -   2939942    1.00    0.00    0.00    0.00    1.00    21  |__CPU 1/TCG
06:19:25     1000         -   2939943   98.00    1.00    0.00    0.00   99.00     0  |__CPU 2/TCG
06:19:25     1000         -   2939944    0.00    0.00    0.00    0.00    0.00     2  |__CPU 3/TCG
06:19:26     1000   2939919         -  199.00    2.00    0.00    0.00  201.00     7  qemu-system-aar
06:19:26     1000         -   2939919    1.00    2.00    0.00    0.00    3.00     7  |__qemu-system-aar
06:19:26     1000         -   2939926    0.00    0.00    0.00    0.00    0.00     0  |__call_rcu
06:19:26     1000         -   2939941   99.00    0.00    0.00    0.00   99.00    20  |__CPU 0/TCG
06:19:26     1000         -   2939942    0.00    0.00    0.00    0.00    0.00     1  |__CPU 1/TCG
06:19:26     1000         -   2939943   98.00    2.00    0.00    0.00  100.00     0  |__CPU 2/TCG
06:19:26     1000         -   2939944    0.00    0.00    0.00    0.00    0.00     2  |__CPU 3/TCG
06:19:27     1000   2939919         -  200.00    3.00    0.00    0.00  203.00    21  qemu-system-aar
06:19:27     1000         -   2939919    1.00    2.00    0.00    0.00    3.00    21  |__qemu-system-aar
06:19:27     1000         -   2939926    0.00    0.00    0.00    0.00    0.00     0  |__call_rcu
06:19:27     1000         -   2939941   99.00    0.00    0.00    0.00   99.00    20  |__CPU 0/TCG
06:19:27     1000         -   2939942    1.00    0.00    0.00    0.00    1.00    23  |__CPU 1/TCG
06:19:27     1000         -   2939943   98.00    1.00    0.00    0.00   99.00     0  |__CPU 2/TCG
06:19:27     1000         -   2939944    0.00    0.00    0.00    0.00    0.00     2  |__CPU 3/TCG
06:19:28     1000   2939919         -  200.00    3.00    0.00    0.00  203.00    17  qemu-system-aar
06:19:28     1000         -   2939919    2.00    1.00    0.00    0.00    3.00    17  |__qemu-system-aar
06:19:28     1000         -   2939926    0.00    0.00    0.00    0.00    0.00     0  |__call_rcu
06:19:28     1000         -   2939941   99.00    1.00    0.00    0.00  100.00    20  |__CPU 0/TCG
06:19:28     1000         -   2939942    0.00    0.00    0.00    0.00    0.00     1  |__CPU 1/TCG
06:19:28     1000         -   2939943   99.00    1.00    0.00    0.00  100.00     0  |__CPU 2/TCG
06:19:28     1000         -   2939944    0.00    0.00    0.00    0.00    0.00     2  |__CPU 3/TCG
06:19:29     1000   2939919         -  199.00    3.00    0.00    0.00  202.00    17  qemu-system-aar
06:19:29     1000         -   2939919    1.00    3.00    0.00    0.00    4.00    17  |__qemu-system-aar
06:19:29     1000         -   2939926    0.00    0.00    0.00    0.00    0.00     0  |__call_rcu
06:19:29     1000         -   2939941   98.00    0.00    0.00    0.00   98.00    20  |__CPU 0/TCG
06:19:29     1000         -   2939942    1.00    0.00    0.00    0.00    1.00    23  |__CPU 1/TCG
06:19:29     1000         -   2939943   98.00    1.00    0.00    0.00   99.00     0  |__CPU 2/TCG
06:19:29     1000         -   2939944    0.00    0.00    0.00    0.00    0.00     2  |__CPU 3/TCG
06:19:30     1000   2939919         -  199.00    3.00    0.00    0.00  202.00     6  qemu-system-aar
06:19:30     1000         -   2939919    1.00    1.00    0.00    0.00    2.00     6  |__qemu-system-aar
06:19:30     1000         -   2939926    0.00    0.00    0.00    0.00    0.00     0  |__call_rcu
06:19:30     1000         -   2939941   99.00    1.00    0.00    0.00  100.00    20  |__CPU 0/TCG
06:19:30     1000         -   2939942    1.00    0.00    0.00    0.00    1.00     2  |__CPU 1/TCG
06:19:30     1000         -   2939943   99.00    1.00    0.00    0.00  100.00    16  |__CPU 2/TCG
06:19:30     1000         -   2939944    0.00    0.00    0.00    0.00    0.00     2  |__CPU 3/TCG
06:19:31     1000   2939919         -  200.00    2.00    0.00    0.00  202.00    19  qemu-system-aar
06:19:31     1000         -   2939919    1.00    2.00    0.00    0.00    3.00    19  |__qemu-system-aar
06:19:31     1000         -   2939926    0.00    0.00    0.00    0.00    0.00     0  |__call_rcu
06:19:31     1000         -   2939941   99.00    0.00    0.00    0.00   99.00    20  |__CPU 0/TCG
06:19:31     1000         -   2939942    0.00    0.00    0.00    0.00    0.00     2  |__CPU 1/TCG
06:19:31     1000         -   2939943   98.00    1.00    0.00    0.00   99.00    16  |__CPU 2/TCG
06:19:31     1000         -   2939944    0.00    0.00    0.00    0.00    0.00     2  |__CPU 3/TCG
06:19:32     1000   2939919         -  200.00    3.00    0.00    0.00  203.00    19  qemu-system-aar
06:19:32     1000         -   2939919    1.00    2.00    0.00    0.00    3.00    19  |__qemu-system-aar
06:19:32     1000         -   2939926    0.00    0.00    0.00    0.00    0.00     0  |__call_rcu
06:19:32     1000         -   2939941   99.00    1.00    0.00    0.00  100.00    20  |__CPU 0/TCG
06:19:32     1000         -   2939942    1.00    0.00    0.00    0.00    1.00     7  |__CPU 1/TCG
06:19:32     1000         -   2939943   99.00    1.00    0.00    0.00  100.00    16  |__CPU 2/TCG
06:19:32     1000         -   2939944    0.00    0.00    0.00    0.00    0.00     2  |__CPU 3/TCG
06:19:33     1000   2939919         -  199.00    3.00    0.00    0.00  202.00    19  qemu-system-aar
06:19:33     1000         -   2939919    2.00    1.00    0.00    0.00    3.00    19  |__qemu-system-aar
06:19:33     1000         -   2939926    0.00    0.00    0.00    0.00    0.00     0  |__call_rcu
06:19:33     1000         -   2939941   99.00    0.00    0.00    0.00   99.00    20  |__CPU 0/TCG
06:19:33     1000         -   2939942    0.00    0.00    0.00    0.00    0.00     7  |__CPU 1/TCG
06:19:33     1000         -   2939943   98.00    2.00    0.00    0.00  100.00    16  |__CPU 2/TCG
06:19:33     1000         -   2939944    0.00    0.00    0.00    0.00    0.00     2  |__CPU 3/TCG
06:19:34     1000   2939919         -  200.00    3.00    0.00    0.00  203.00    22  qemu-system-aar
06:19:34     1000         -   2939919    0.00    2.00    0.00    0.00    2.00    22  |__qemu-system-aar
06:19:34     1000         -   2939926    0.00    0.00    0.00    0.00    0.00     0  |__call_rcu
06:19:34     1000         -   2939941   99.00    1.00    0.00    0.00  100.00    20  |__CPU 0/TCG
06:19:34     1000         -   2939942    1.00    0.00    0.00    0.00    1.00     1  |__CPU 1/TCG
06:19:34     1000         -   2939943   99.00    1.00    0.00    0.00  100.00    16  |__CPU 2/TCG
06:19:34     1000         -   2939944    0.00    0.00    0.00    0.00    0.00     2  |__CPU 3/TCG
06:19:35     1000   2939919         -  200.00    3.00    0.00    0.00  203.00    23  qemu-system-aar
06:19:35     1000         -   2939919    1.00    2.00    0.00    0.00    3.00    23  |__qemu-system-aar
06:19:35     1000         -   2939926    0.00    0.00    0.00    0.00    0.00     0  |__call_rcu
06:19:35     1000         -   2939941   99.00    0.00    0.00    0.00   99.00    20  |__CPU 0/TCG
06:19:35     1000         -   2939942    1.00    0.00    0.00    0.00    1.00     2  |__CPU 1/TCG
06:19:35     1000         -   2939943   98.00    1.00    0.00    0.00   99.00    16  |__CPU 2/TCG
06:19:35     1000         -   2939944    0.00    0.00    0.00    0.00    0.00     2  |__CPU 3/TCG
06:19:36     1000   2939919         -  200.00    2.00    0.00    0.00  202.00    23  qemu-system-aar
06:19:36     1000         -   2939919    1.00    2.00    0.00    0.00    3.00    23  |__qemu-system-aar
06:19:36     1000         -   2939926    0.00    0.00    0.00    0.00    0.00     0  |__call_rcu
06:19:36     1000         -   2939941   99.00    0.00    0.00    0.00   99.00    20  |__CPU 0/TCG
06:19:36     1000         -   2939942    0.00    0.00    0.00    0.00    0.00     2  |__CPU 1/TCG
06:19:36     1000         -   2939943   99.00    1.00    0.00    0.00  100.00    16  |__CPU 2/TCG
06:19:36     1000         -   2939944    0.00    0.00    0.00    0.00    0.00     2  |__CPU 3/TCG
06:19:37     1000   2939919         -  201.00    2.00    0.00    0.00  203.00    23  qemu-system-aar
06:19:37     1000         -   2939919    2.00    1.00    0.00    0.00    3.00    23  |__qemu-system-aar
06:19:37     1000         -   2939926    0.00    0.00    0.00    0.00    0.00     0  |__call_rcu
06:19:37     1000         -   2939941   99.00    0.00    0.00    0.00   99.00    20  |__CPU 0/TCG
06:19:37     1000         -   2939942    1.00    0.00    0.00    0.00    1.00     5  |__CPU 1/TCG
06:19:37     1000         -   2939943   99.00    1.00    0.00    0.00  100.00    16  |__CPU 2/TCG
06:19:37     1000         -   2939944    0.00    0.00    0.00    0.00    0.00     2  |__CPU 3/TCG
06:19:38     1000   2939919         -  200.00    2.00    0.00    0.00  202.00     7  qemu-system-aar
06:19:38     1000         -   2939919    2.00    2.00    0.00    0.00    4.00     7  |__qemu-system-aar
06:19:38     1000         -   2939926    0.00    0.00    0.00    0.00    0.00     0  |__call_rcu
06:19:38     1000         -   2939941   99.00    1.00    0.00    0.00  100.00     4  |__CPU 0/TCG
06:19:38     1000         -   2939942    1.00    0.00    0.00    0.00    1.00     3  |__CPU 1/TCG
06:19:38     1000         -   2939943   98.00    1.00    0.00    0.00   99.00    16  |__CPU 2/TCG
06:19:38     1000         -   2939944    0.00    0.00    0.00    0.00    0.00     2  |__CPU 3/TCG
06:19:39     1000   2939919         -  199.00    3.00    0.00    0.00  202.00     7  qemu-system-aar
06:19:39     1000         -   2939919    1.00    2.00    0.00    0.00    3.00     7  |__qemu-system-aar
06:19:39     1000         -   2939926    0.00    0.00    0.00    0.00    0.00     0  |__call_rcu
06:19:39     1000         -   2939941   98.00    0.00    0.00    0.00   98.00    20  |__CPU 0/TCG
06:19:39     1000         -   2939942    0.00    0.00    0.00    0.00    0.00     5  |__CPU 1/TCG
06:19:39     1000         -   2939943   99.00    1.00    0.00    0.00  100.00    16  |__CPU 2/TCG
06:19:39     1000         -   2939944    0.00    0.00    0.00    0.00    0.00     2  |__CPU 3/TCG
06:19:40     1000   2939919         -  200.00    3.00    0.00    0.00  203.00    18  qemu-system-aar
06:19:40     1000         -   2939919    1.00    1.00    0.00    0.00    2.00    18  |__qemu-system-aar
06:19:40     1000         -   2939926    0.00    0.00    0.00    0.00    0.00     0  |__call_rcu
06:19:40     1000         -   2939941   99.00    1.00    0.00    0.00  100.00    20  |__CPU 0/TCG
06:19:40     1000         -   2939942    1.00    0.00    0.00    0.00    1.00     5  |__CPU 1/TCG
06:19:40     1000         -   2939943   98.00    1.00    0.00    0.00   99.00    16  |__CPU 2/TCG
06:19:40     1000         -   2939944    0.00    0.00    0.00    0.00    0.00     2  |__CPU 3/TCG
06:19:41     1000   2939919         -  199.00    3.00    0.00    0.00  202.00     7  qemu-system-aar
06:19:41     1000         -   2939919    1.00    2.00    0.00    0.00    3.00     7  |__qemu-system-aar
06:19:41     1000         -   2939926    0.00    0.00    0.00    0.00    0.00     0  |__call_rcu
06:19:41     1000         -   2939941   99.00    0.00    0.00    0.00   99.00    20  |__CPU 0/TCG
06:19:41     1000         -   2939942    1.00    0.00    0.00    0.00    1.00    19  |__CPU 1/TCG
06:19:41     1000         -   2939943   99.00    1.00    0.00    0.00  100.00    16  |__CPU 2/TCG
06:19:41     1000         -   2939944    0.00    0.00    0.00    0.00    0.00     2  |__CPU 3/TCG
06:19:42     1000   2939919         -  200.00    2.00    0.00    0.00  202.00    22  qemu-system-aar
06:19:42     1000         -   2939919    2.00    1.00    0.00    0.00    3.00    22  |__qemu-system-aar
06:19:42     1000         -   2939926    0.00    0.00    0.00    0.00    0.00     0  |__call_rcu
06:19:42     1000         -   2939941   99.00    1.00    0.00    0.00  100.00    20  |__CPU 0/TCG
06:19:42     1000         -   2939942    0.00    0.00    0.00    0.00    0.00    19  |__CPU 1/TCG
06:19:42     1000         -   2939943   98.00    1.00    0.00    0.00   99.00    16  |__CPU 2/TCG
06:19:42     1000         -   2939944    0.00    0.00    0.00    0.00    0.00     2  |__CPU 3/TCG
06:19:43     1000   2939919         -  200.00    4.00    0.00    0.00  204.00    22  qemu-system-aar
06:19:43     1000         -   2939919    1.00    2.00    0.00    0.00    3.00    22  |__qemu-system-aar
06:19:43     1000         -   2939926    0.00    0.00    0.00    0.00    0.00     0  |__call_rcu
06:19:43     1000         -   2939941   99.00    0.00    0.00    0.00   99.00    20  |__CPU 0/TCG
06:19:43     1000         -   2939942    1.00    0.00    0.00    0.00    1.00    19  |__CPU 1/TCG
06:19:43     1000         -   2939943   98.00    2.00    0.00    0.00  100.00    16  |__CPU 2/TCG
06:19:43     1000         -   2939944    0.00    0.00    0.00    0.00    0.00     2  |__CPU 3/TCG
06:19:44     1000   2939919         -  200.00    2.00    0.00    0.00  202.00    21  qemu-system-aar
06:19:44     1000         -   2939919    1.00    2.00    0.00    0.00    3.00    21  |__qemu-system-aar
06:19:44     1000         -   2939926    0.00    0.00    0.00    0.00    0.00     0  |__call_rcu
06:19:44     1000         -   2939941   98.00    1.00    0.00    0.00   99.00    20  |__CPU 0/TCG
06:19:44     1000         -   2939942    0.00    0.00    0.00    0.00    0.00    19  |__CPU 1/TCG
06:19:44     1000         -   2939943   99.00    1.00    0.00    0.00  100.00    16  |__CPU 2/TCG
06:19:44     1000         -   2939944    0.00    0.00    0.00    0.00    0.00     2  |__CPU 3/TCG
06:19:45     1000   2939919         -  200.00    2.00    0.00    0.00  202.00    21  qemu-system-aar
06:19:45     1000         -   2939919    1.00    2.00    0.00    0.00    3.00    21  |__qemu-system-aar
06:19:45     1000         -   2939926    0.00    0.00    0.00    0.00    0.00     0  |__call_rcu
06:19:45     1000         -   2939941   99.00    1.00    0.00    0.00  100.00    20  |__CPU 0/TCG
06:19:45     1000         -   2939942    1.00    0.00    0.00    0.00    1.00    19  |__CPU 1/TCG
06:19:45     1000         -   2939943   99.00    1.00    0.00    0.00  100.00    16  |__CPU 2/TCG
06:19:45     1000         -   2939944    0.00    0.00    0.00    0.00    0.00     2  |__CPU 3/TCG
06:19:46     1000   2939919         -  200.00    3.00    0.00    0.00  203.00    21  qemu-system-aar
06:19:46     1000         -   2939919    1.00    1.00    0.00    0.00    2.00    21  |__qemu-system-aar
06:19:46     1000         -   2939926    0.00    0.00    0.00    0.00    0.00     0  |__call_rcu
06:19:46     1000         -   2939941   99.00    0.00    0.00    0.00   99.00    20  |__CPU 0/TCG
06:19:46     1000         -   2939942    1.00    0.00    0.00    0.00    1.00    19  |__CPU 1/TCG
06:19:46     1000         -   2939943   98.00    1.00    0.00    0.00   99.00    16  |__CPU 2/TCG
06:19:46     1000         -   2939944    0.00    0.00    0.00    0.00    0.00     2  |__CPU 3/TCG
06:19:47     1000   2939919         -  200.00    2.00    0.00    0.00  202.00    22  qemu-system-aar
06:19:47     1000         -   2939919    1.00    2.00    0.00    0.00    3.00    22  |__qemu-system-aar
06:19:47     1000         -   2939926    0.00    0.00    0.00    0.00    0.00     0  |__call_rcu
06:19:47     1000         -   2939941   99.00    0.00    0.00    0.00   99.00     4  |__CPU 0/TCG
06:19:47     1000         -   2939942    0.00    0.00    0.00    0.00    0.00    19  |__CPU 1/TCG
06:19:47     1000         -   2939943   99.00    1.00    0.00    0.00  100.00    16  |__CPU 2/TCG
06:19:47     1000         -   2939944    0.00    0.00    0.00    0.00    0.00     2  |__CPU 3/TCG
06:19:48     1000   2939919         -  201.00    1.00    0.00    0.00  202.00    22  qemu-system-aar
06:19:48     1000         -   2939919    1.00    1.00    0.00    0.00    2.00    22  |__qemu-system-aar
06:19:48     1000         -   2939926    0.00    0.00    0.00    0.00    0.00     0  |__call_rcu
06:19:48     1000         -   2939941   99.00    0.00    0.00    0.00   99.00     4  |__CPU 0/TCG
06:19:48     1000         -   2939942    1.00    0.00    0.00    0.00    1.00    19  |__CPU 1/TCG
06:19:48     1000         -   2939943  100.00    0.00    0.00    0.00  100.00    16  |__CPU 2/TCG
06:19:48     1000         -   2939944    0.00    0.00    0.00    0.00    0.00     2  |__CPU 3/TCG
06:19:49     1000   2939919         -  201.00    0.00    0.00    0.00  201.00    22  qemu-system-aar
06:19:49     1000         -   2939919    0.00    1.00    0.00    0.00    1.00    22  |__qemu-system-aar
06:19:49     1000         -   2939926    0.00    0.00    0.00    0.00    0.00     0  |__call_rcu
06:19:49     1000         -   2939941  100.00    0.00    0.00    0.00  100.00     4  |__CPU 0/TCG
06:19:49     1000         -   2939942    1.00    0.00    0.00    0.00    1.00    19  |__CPU 1/TCG
06:19:49     1000         -   2939943   99.00    0.00    0.00    0.00   99.00    16  |__CPU 2/TCG
06:19:49     1000         -   2939944    0.00    0.00    0.00    0.00    0.00     2  |__CPU 3/TCG
06:19:50     1000   2939919         -  197.00    5.00    0.00    0.00  202.00    11  qemu-system-aar
06:19:50     1000         -   2939919    2.00    3.00    0.00    0.00    5.00    11  |__qemu-system-aar
06:19:50     1000         -   2939926    0.00    0.00    0.00    0.00    0.00     0  |__call_rcu
06:19:50     1000         -   2939941   98.00    2.00    0.00    0.00  100.00     4  |__CPU 0/TCG
06:19:50     1000         -   2939942    0.00    0.00    0.00    0.00    0.00    19  |__CPU 1/TCG
06:19:50     1000         -   2939943   97.00    2.00    0.00    0.00   99.00    16  |__CPU 2/TCG
06:19:50     1000         -   2939944    0.00    0.00    0.00    0.00    0.00     2  |__CPU 3/TCG
06:19:51     1000   2939919         -  201.00    3.00    0.00    0.00  204.00    11  qemu-system-aar
06:19:51     1000         -   2939919    1.00    2.00    0.00    0.00    3.00    11  |__qemu-system-aar
06:19:51     1000         -   2939926    0.00    0.00    0.00    0.00    0.00     0  |__call_rcu
06:19:51     1000         -   2939941   98.00    0.00    0.00    0.00   98.00    20  |__CPU 0/TCG
06:19:51     1000         -   2939942    1.00    0.00    0.00    0.00    1.00    19  |__CPU 1/TCG
06:19:51     1000         -   2939943   99.00    1.00    0.00    0.00  100.00    16  |__CPU 2/TCG
06:19:51     1000         -   2939944    0.00    0.00    0.00    0.00    0.00     2  |__CPU 3/TCG
06:19:52     1000   2939919         -  199.00    4.00    0.00    0.00  203.00    17  qemu-system-aar
06:19:52     1000         -   2939919    2.00    3.00    0.00    0.00    5.00    17  |__qemu-system-aar
06:19:52     1000         -   2939926    0.00    0.00    0.00    0.00    0.00     0  |__call_rcu
06:19:52     1000         -   2939941   99.00    1.00    0.00    0.00  100.00    20  |__CPU 0/TCG
06:19:52     1000         -   2939942    1.00    0.00    0.00    0.00    1.00    19  |__CPU 1/TCG
06:19:52     1000         -   2939943   98.00    2.00    0.00    0.00  100.00     0  |__CPU 2/TCG
06:19:52     1000         -   2939944    0.00    0.00    0.00    0.00    0.00     2  |__CPU 3/TCG
06:19:53     1000   2939919         -  200.00    2.00    0.00    0.00  202.00    17  qemu-system-aar
06:19:53     1000         -   2939919    2.00    1.00    0.00    0.00    3.00    17  |__qemu-system-aar
06:19:53     1000         -   2939926    0.00    0.00    0.00    0.00    0.00     0  |__call_rcu
06:19:53     1000         -   2939941   98.00    0.00    0.00    0.00   98.00    20  |__CPU 0/TCG
06:19:53     1000         -   2939942    0.00    0.00    0.00    0.00    0.00    19  |__CPU 1/TCG
06:19:53     1000         -   2939943   99.00    0.00    0.00    0.00   99.00     0  |__CPU 2/TCG
06:19:53     1000         -   2939944    0.00    0.00    0.00    0.00    0.00     2  |__CPU 3/TCG
06:19:54     1000   2939919         -  201.00    2.00    0.00    0.00  203.00     6  qemu-system-aar
06:19:54     1000         -   2939919    1.00    2.00    0.00    0.00    3.00     6  |__qemu-system-aar
06:19:54     1000         -   2939926    0.00    0.00    0.00    0.00    0.00     0  |__call_rcu
06:19:54     1000         -   2939941   99.00    1.00    0.00    0.00  100.00    20  |__CPU 0/TCG
06:19:54     1000         -   2939942    1.00    0.00    0.00    0.00    1.00    19  |__CPU 1/TCG
06:19:54     1000         -   2939943   99.00    1.00    0.00    0.00  100.00     0  |__CPU 2/TCG
06:19:54     1000         -   2939944    0.00    0.00    0.00    0.00    0.00     2  |__CPU 3/TCG
06:19:55     1000   2939919         -  200.00    2.00    0.00    0.00  202.00     6  qemu-system-aar
06:19:55     1000         -   2939919    1.00    2.00    0.00    0.00    3.00     6  |__qemu-system-aar
06:19:55     1000         -   2939926    0.00    0.00    0.00    0.00    0.00     0  |__call_rcu
06:19:55     1000         -   2939941   99.00    0.00    0.00    0.00   99.00    20  |__CPU 0/TCG
06:19:55     1000         -   2939942    0.00    0.00    0.00    0.00    0.00    19  |__CPU 1/TCG
06:19:55     1000         -   2939943   98.00    1.00    0.00    0.00   99.00     0  |__CPU 2/TCG
06:19:55     1000         -   2939944    0.00    0.00    0.00    0.00    0.00     2  |__CPU 3/TCG
06:19:56     1000   2939919         -  199.00    4.00    0.00    0.00  203.00     3  qemu-system-aar
06:19:56     1000         -   2939919    1.00    1.00    0.00    0.00    2.00     3  |__qemu-system-aar
06:19:56     1000         -   2939926    0.00    0.00    0.00    0.00    0.00     0  |__call_rcu
06:19:56     1000         -   2939941   99.00    1.00    0.00    0.00  100.00    20  |__CPU 0/TCG
06:19:56     1000         -   2939942    0.00    1.00    0.00    0.00    1.00     1  |__CPU 1/TCG
06:19:56     1000         -   2939943   99.00    1.00    0.00    0.00  100.00     0  |__CPU 2/TCG
06:19:56     1000         -   2939944    0.00    0.00    0.00    0.00    0.00     2  |__CPU 3/TCG
06:19:57     1000   2939919         -  200.00    2.00    0.00    0.00  202.00     7  qemu-system-aar
06:19:57     1000         -   2939919    1.00    2.00    0.00    0.00    3.00     7  |__qemu-system-aar
06:19:57     1000         -   2939926    0.00    0.00    0.00    0.00    0.00     0  |__call_rcu
06:19:57     1000         -   2939941   99.00    0.00    0.00    0.00   99.00    20  |__CPU 0/TCG
06:19:57     1000         -   2939942    0.00    0.00    0.00    0.00    0.00    19  |__CPU 1/TCG
06:19:57     1000         -   2939943   98.00    1.00    0.00    0.00   99.00     0  |__CPU 2/TCG
06:19:57     1000         -   2939944    0.00    0.00    0.00    0.00    0.00     2  |__CPU 3/TCG
06:19:58     1000   2939919         -  201.00    2.00    0.00    0.00  203.00    20  qemu-system-aar
06:19:58     1000         -   2939919    1.00    2.00    0.00    0.00    3.00    20  |__qemu-system-aar
06:19:58     1000         -   2939926    0.00    0.00    0.00    0.00    0.00     0  |__call_rcu
06:19:58     1000         -   2939941   99.00    0.00    0.00    0.00   99.00     4  |__CPU 0/TCG
06:19:58     1000         -   2939942    1.00    0.00    0.00    0.00    1.00     1  |__CPU 1/TCG
06:19:58     1000         -   2939943   99.00    1.00    0.00    0.00  100.00     0  |__CPU 2/TCG
06:19:58     1000         -   2939944    0.00    0.00    0.00    0.00    0.00     2  |__CPU 3/TCG
06:19:59     1000   2939919         -  200.00    3.00    0.00    0.00  203.00    20  qemu-system-aar
06:19:59     1000         -   2939919    2.00    3.00    0.00    0.00    5.00    20  |__qemu-system-aar
06:19:59     1000         -   2939926    0.00    0.00    0.00    0.00    0.00     0  |__call_rcu
06:19:59     1000         -   2939941   99.00    0.00    0.00    0.00   99.00     0  |__CPU 0/TCG
06:19:59     1000         -   2939942    0.00    0.00    0.00    0.00    0.00    19  |__CPU 1/TCG
06:19:59     1000         -   2939943   98.00    1.00    0.00    0.00   99.00     4  |__CPU 2/TCG
06:19:59     1000         -   2939944    0.00    0.00    0.00    0.00    0.00     2  |__CPU 3/TCG
06:20:00     1000   2939919         -  201.00    2.00    0.00    0.00  203.00    20  qemu-system-aar
06:20:00     1000         -   2939919    1.00    3.00    0.00    0.00    4.00    20  |__qemu-system-aar
06:20:00     1000         -   2939926    0.00    0.00    0.00    0.00    0.00     0  |__call_rcu
06:20:00     1000         -   2939941   99.00    1.00    0.00    0.00  100.00     0  |__CPU 0/TCG
06:20:00     1000         -   2939942    1.00    0.00    0.00    0.00    1.00    19  |__CPU 1/TCG
06:20:00     1000         -   2939943   99.00    1.00    0.00    0.00  100.00     4  |__CPU 2/TCG
06:20:00     1000         -   2939944    0.00    0.00    0.00    0.00    0.00     2  |__CPU 3/TCG
06:20:01     1000   2939919         -  201.00    3.00    0.00    0.00  204.00     6  qemu-system-aar
06:20:01     1000         -   2939919    2.00    2.00    0.00    0.00    4.00     6  |__qemu-system-aar
06:20:01     1000         -   2939926    0.00    0.00    0.00    0.00    0.00     0  |__call_rcu
06:20:01     1000         -   2939941   99.00    0.00    0.00    0.00   99.00     0  |__CPU 0/TCG
06:20:01     1000         -   2939942    1.00    0.00    0.00    0.00    1.00    19  |__CPU 1/TCG
06:20:01     1000         -   2939943   99.00    0.00    0.00    0.00   99.00    20  |__CPU 2/TCG
06:20:01     1000         -   2939944    0.00    0.00    0.00    0.00    0.00     2  |__CPU 3/TCG
06:20:02     1000   2939919         -  200.00    2.00    0.00    0.00  202.00     3  qemu-system-aar
06:20:02     1000         -   2939919    1.00    1.00    0.00    0.00    2.00     3  |__qemu-system-aar
06:20:02     1000         -   2939926    0.00    0.00    0.00    0.00    0.00     0  |__call_rcu
06:20:02     1000         -   2939941   99.00    1.00    0.00    0.00  100.00     0  |__CPU 0/TCG
06:20:02     1000         -   2939942    0.00    0.00    0.00    0.00    0.00    19  |__CPU 1/TCG
06:20:02     1000         -   2939943   99.00    1.00    0.00    0.00  100.00    20  |__CPU 2/TCG
06:20:02     1000         -   2939944    0.00    0.00    0.00    0.00    0.00     2  |__CPU 3/TCG
06:20:03     1000   2939919         -  200.00    3.00    0.00    0.00  203.00     7  qemu-system-aar
06:20:03     1000         -   2939919    1.00    2.00    0.00    0.00    3.00     7  |__qemu-system-aar
06:20:03     1000         -   2939926    0.00    0.00    0.00    0.00    0.00     0  |__call_rcu
06:20:03     1000         -   2939941   98.00    1.00    0.00    0.00   99.00     0  |__CPU 0/TCG
06:20:03     1000         -   2939942    1.00    0.00    0.00    0.00    1.00    19  |__CPU 1/TCG
06:20:03     1000         -   2939943   99.00    1.00    0.00    0.00  100.00    20  |__CPU 2/TCG
06:20:03     1000         -   2939944    0.00    0.00    0.00    0.00    0.00     2  |__CPU 3/TCG
06:20:04     1000   2939919         -  199.00    2.00    0.00    0.00  201.00     5  qemu-system-aar
06:20:04     1000         -   2939919    1.00    2.00    0.00    0.00    3.00     5  |__qemu-system-aar
06:20:04     1000         -   2939926    0.00    0.00    0.00    0.00    0.00     0  |__call_rcu
06:20:04     1000         -   2939941   99.00    0.00    0.00    0.00   99.00     0  |__CPU 0/TCG
06:20:04     1000         -   2939942    1.00    0.00    0.00    0.00    1.00    19  |__CPU 1/TCG
06:20:04     1000         -   2939943   99.00    1.00    0.00    0.00  100.00    20  |__CPU 2/TCG
06:20:04     1000         -   2939944    0.00    0.00    0.00    0.00    0.00     2  |__CPU 3/TCG
06:20:05     1000   2939919         -  200.00    3.00    0.00    0.00  203.00    22  qemu-system-aar
06:20:05     1000         -   2939919    1.00    2.00    0.00    0.00    3.00    22  |__qemu-system-aar
06:20:05     1000         -   2939926    0.00    0.00    0.00    0.00    0.00     0  |__call_rcu
06:20:05     1000         -   2939941   99.00    0.00    0.00    0.00   99.00     0  |__CPU 0/TCG
06:20:05     1000         -   2939942    0.00    0.00    0.00    0.00    0.00     5  |__CPU 1/TCG
06:20:05     1000         -   2939943   98.00    1.00    0.00    0.00   99.00    20  |__CPU 2/TCG
06:20:05     1000         -   2939944    0.00    0.00    0.00    0.00    0.00     2  |__CPU 3/TCG
06:20:06     1000   2939919         -  201.00    2.00    0.00    0.00  203.00     5  qemu-system-aar
06:20:06     1000         -   2939919    1.00    2.00    0.00    0.00    3.00     5  |__qemu-system-aar
06:20:06     1000         -   2939926    0.00    0.00    0.00    0.00    0.00     0  |__call_rcu
06:20:06     1000         -   2939941   99.00    1.00    0.00    0.00  100.00     0  |__CPU 0/TCG
06:20:06     1000         -   2939942    1.00    0.00    0.00    0.00    1.00    22  |__CPU 1/TCG
06:20:06     1000         -   2939943   99.00    0.00    0.00    0.00   99.00     4  |__CPU 2/TCG
06:20:06     1000         -   2939944    0.00    0.00    0.00    0.00    0.00     2  |__CPU 3/TCG
06:20:07     1000   2939919         -  201.00    2.00    0.00    0.00  203.00    20  qemu-system-aar
06:20:07     1000         -   2939919    1.00    3.00    0.00    0.00    4.00    20  |__qemu-system-aar
06:20:07     1000         -   2939926    0.00    0.00    0.00    0.00    0.00     0  |__call_rcu
06:20:07     1000         -   2939941   99.00    0.00    0.00    0.00   99.00    16  |__CPU 0/TCG
06:20:07     1000         -   2939942    0.00    0.00    0.00    0.00    0.00     5  |__CPU 1/TCG
06:20:07     1000         -   2939943   99.00    1.00    0.00    0.00  100.00     4  |__CPU 2/TCG
06:20:07     1000         -   2939944    0.00    0.00    0.00    0.00    0.00     2  |__CPU 3/TCG
06:20:08     1000   2939919         -  201.00    2.00    0.00    0.00  203.00    20  qemu-system-aar
06:20:08     1000         -   2939919    1.00    2.00    0.00    0.00    3.00    20  |__qemu-system-aar
06:20:08     1000         -   2939926    0.00    0.00    0.00    0.00    0.00     0  |__call_rcu
06:20:08     1000         -   2939941   98.00    0.00    0.00    0.00   98.00    16  |__CPU 0/TCG
06:20:08     1000         -   2939942    1.00    0.00    0.00    0.00    1.00    22  |__CPU 1/TCG
06:20:08     1000         -   2939943   99.00    1.00    0.00    0.00  100.00     4  |__CPU 2/TCG
06:20:08     1000         -   2939944    0.00    0.00    0.00    0.00    0.00     2  |__CPU 3/TCG
06:20:09     1000   2939919         -  200.00    3.00    0.00    0.00  203.00    19  qemu-system-aar
06:20:09     1000         -   2939919    2.00    2.00    0.00    0.00    4.00    19  |__qemu-system-aar
06:20:09     1000         -   2939926    0.00    0.00    0.00    0.00    0.00     0  |__call_rcu
06:20:09     1000         -   2939941   99.00    1.00    0.00    0.00  100.00    16  |__CPU 0/TCG
06:20:09     1000         -   2939942    1.00    0.00    0.00    0.00    1.00    22  |__CPU 1/TCG
06:20:09     1000         -   2939943   98.00    1.00    0.00    0.00   99.00    20  |__CPU 2/TCG
06:20:09     1000         -   2939944    0.00    0.00    0.00    0.00    0.00     2  |__CPU 3/TCG
06:20:10     1000   2939919         -  200.00    3.00    0.00    0.00  203.00    22  qemu-system-aar
06:20:10     1000         -   2939919    1.00    3.00    0.00    0.00    4.00    22  |__qemu-system-aar
06:20:10     1000         -   2939926    0.00    0.00    0.00    0.00    0.00     0  |__call_rcu
06:20:10     1000         -   2939941   99.00    1.00    0.00    0.00  100.00    16  |__CPU 0/TCG
06:20:10     1000         -   2939942    0.00    0.00    0.00    0.00    0.00     5  |__CPU 1/TCG
06:20:10     1000         -   2939943  100.00    0.00    0.00    0.00  100.00    20  |__CPU 2/TCG
06:20:10     1000         -   2939944    0.00    0.00    0.00    0.00    0.00     2  |__CPU 3/TCG
06:20:11     1000   2939919         -  200.00    2.00    0.00    0.00  202.00    22  qemu-system-aar
06:20:11     1000         -   2939919    1.00    2.00    0.00    0.00    3.00    22  |__qemu-system-aar
06:20:11     1000         -   2939926    0.00    0.00    0.00    0.00    0.00     0  |__call_rcu
06:20:11     1000         -   2939941   99.00    0.00    0.00    0.00   99.00    16  |__CPU 0/TCG
06:20:11     1000         -   2939942    1.00    0.00    0.00    0.00    1.00     5  |__CPU 1/TCG
06:20:11     1000         -   2939943   98.00    1.00    0.00    0.00   99.00    20  |__CPU 2/TCG
06:20:11     1000         -   2939944    0.00    0.00    0.00    0.00    0.00     2  |__CPU 3/TCG
06:20:12     1000   2939919         -  200.00    3.00    0.00    0.00  203.00    22  qemu-system-aar
06:20:12     1000         -   2939919    1.00    1.00    0.00    0.00    2.00    22  |__qemu-system-aar
06:20:12     1000         -   2939926    0.00    0.00    0.00    0.00    0.00     0  |__call_rcu
06:20:12     1000         -   2939941   98.00    1.00    0.00    0.00   99.00    16  |__CPU 0/TCG
06:20:12     1000         -   2939942    0.00    0.00    0.00    0.00    0.00    19  |__CPU 1/TCG
06:20:12     1000         -   2939943   99.00    1.00    0.00    0.00  100.00    20  |__CPU 2/TCG
06:20:12     1000         -   2939944    0.00    0.00    0.00    0.00    0.00     2  |__CPU 3/TCG
06:20:13     1000   2939919         -  200.00    2.00    0.00    0.00  202.00     3  qemu-system-aar
06:20:13     1000         -   2939919    1.00    2.00    0.00    0.00    3.00     3  |__qemu-system-aar
06:20:13     1000         -   2939926    0.00    0.00    0.00    0.00    0.00     0  |__call_rcu
06:20:13     1000         -   2939941   99.00    0.00    0.00    0.00   99.00    16  |__CPU 0/TCG
06:20:13     1000         -   2939942    1.00    0.00    0.00    0.00    1.00    19  |__CPU 1/TCG
06:20:13     1000         -   2939943   99.00    1.00    0.00    0.00  100.00    20  |__CPU 2/TCG
06:20:13     1000         -   2939944    0.00    0.00    0.00    0.00    0.00     2  |__CPU 3/TCG
06:20:14     1000   2939919         -  200.00    2.00    0.00    0.00  202.00     6  qemu-system-aar
06:20:14     1000         -   2939919    2.00    1.00    0.00    0.00    3.00     6  |__qemu-system-aar
06:20:14     1000         -   2939926    0.00    0.00    0.00    0.00    0.00     0  |__call_rcu
06:20:14     1000         -   2939941   99.00    0.00    0.00    0.00   99.00    16  |__CPU 0/TCG
06:20:14     1000         -   2939942    0.00    0.00    0.00    0.00    0.00    19  |__CPU 1/TCG
06:20:14     1000         -   2939943   99.00    0.00    0.00    0.00   99.00    20  |__CPU 2/TCG
06:20:14     1000         -   2939944    0.00    0.00    0.00    0.00    0.00     2  |__CPU 3/TCG
06:20:15     1000   2939919         -  200.00    3.00    0.00    0.00  203.00    19  qemu-system-aar
06:20:15     1000         -   2939919    1.00    2.00    0.00    0.00    3.00    19  |__qemu-system-aar
06:20:15     1000         -   2939926    0.00    0.00    0.00    0.00    0.00     0  |__call_rcu
06:20:15     1000         -   2939941   99.00    1.00    0.00    0.00  100.00    16  |__CPU 0/TCG
06:20:15     1000         -   2939942    1.00    0.00    0.00    0.00    1.00    22  |__CPU 1/TCG
06:20:15     1000         -   2939943   99.00    1.00    0.00    0.00  100.00    20  |__CPU 2/TCG
06:20:15     1000         -   2939944    0.00    0.00    0.00    0.00    0.00     2  |__CPU 3/TCG
06:20:16     1000   2939919         -  200.00    2.00    0.00    0.00  202.00    19  qemu-system-aar
06:20:16     1000         -   2939919    0.00    2.00    0.00    0.00    2.00    19  |__qemu-system-aar
06:20:16     1000         -   2939926    0.00    0.00    0.00    0.00    0.00     0  |__call_rcu
06:20:16     1000         -   2939941   99.00    0.00    0.00    0.00   99.00    16  |__CPU 0/TCG
06:20:16     1000         -   2939942    1.00    0.00    0.00    0.00    1.00    22  |__CPU 1/TCG
06:20:16     1000         -   2939943   98.00    1.00    0.00    0.00   99.00    20  |__CPU 2/TCG
06:20:16     1000         -   2939944    0.00    0.00    0.00    0.00    0.00     2  |__CPU 3/TCG
06:20:17     1000   2939919         -  199.00    3.00    0.00    0.00  202.00    23  qemu-system-aar
06:20:17     1000         -   2939919    2.00    2.00    0.00    0.00    4.00    23  |__qemu-system-aar
06:20:17     1000         -   2939926    0.00    0.00    0.00    0.00    0.00     0  |__call_rcu
06:20:17     1000         -   2939941   98.00    1.00    0.00    0.00   99.00    16  |__CPU 0/TCG
06:20:17     1000         -   2939942    0.00    1.00    0.00    0.00    1.00    22  |__CPU 1/TCG
06:20:17     1000         -   2939943   99.00    1.00    0.00    0.00  100.00    20  |__CPU 2/TCG
06:20:17     1000         -   2939944    0.00    0.00    0.00    0.00    0.00     2  |__CPU 3/TCG
06:20:18     1000   2939919         -  200.00    3.00    0.00    0.00  203.00     6  qemu-system-aar
06:20:18     1000         -   2939919    1.00    2.00    0.00    0.00    3.00     6  |__qemu-system-aar
06:20:18     1000         -   2939926    0.00    0.00    0.00    0.00    0.00     0  |__call_rcu
06:20:18     1000         -   2939941   99.00    0.00    0.00    0.00   99.00    16  |__CPU 0/TCG
06:20:18     1000         -   2939942    0.00    0.00    0.00    0.00    0.00    23  |__CPU 1/TCG
06:20:18     1000         -   2939943   99.00    1.00    0.00    0.00  100.00    20  |__CPU 2/TCG
06:20:18     1000         -   2939944    0.00    0.00    0.00    0.00    0.00     2  |__CPU 3/TCG
06:20:19     1000   2939919         -  200.00    2.00    0.00    0.00  202.00    19  qemu-system-aar
06:20:19     1000         -   2939919    1.00    2.00    0.00    0.00    3.00    19  |__qemu-system-aar
06:20:19     1000         -   2939926    0.00    0.00    0.00    0.00    0.00     0  |__call_rcu
06:20:19     1000         -   2939941   99.00    1.00    0.00    0.00  100.00    16  |__CPU 0/TCG
06:20:19     1000         -   2939942    1.00    0.00    0.00    0.00    1.00     1  |__CPU 1/TCG
06:20:19     1000         -   2939943   99.00    0.00    0.00    0.00   99.00    20  |__CPU 2/TCG
06:20:19     1000         -   2939944    0.00    0.00    0.00    0.00    0.00     2  |__CPU 3/TCG
06:20:20     1000   2939919         -  200.00    3.00    0.00    0.00  203.00    19  qemu-system-aar
06:20:20     1000         -   2939919    1.00    2.00    0.00    0.00    3.00    19  |__qemu-system-aar
06:20:20     1000         -   2939926    0.00    0.00    0.00    0.00    0.00     0  |__call_rcu
06:20:20     1000         -   2939941   99.00    0.00    0.00    0.00   99.00    16  |__CPU 0/TCG
06:20:20     1000         -   2939942    0.00    0.00    0.00    0.00    0.00     5  |__CPU 1/TCG
06:20:20     1000         -   2939943   99.00    1.00    0.00    0.00  100.00    20  |__CPU 2/TCG
06:20:20     1000         -   2939944    0.00    0.00    0.00    0.00    0.00     2  |__CPU 3/TCG
06:20:21     1000   2939919         -  201.00    2.00    0.00    0.00  203.00     5  qemu-system-aar
06:20:21     1000         -   2939919    1.00    2.00    0.00    0.00    3.00     5  |__qemu-system-aar
06:20:21     1000         -   2939926    0.00    0.00    0.00    0.00    0.00     0  |__call_rcu
06:20:21     1000         -   2939941   99.00    1.00    0.00    0.00  100.00    16  |__CPU 0/TCG
06:20:21     1000         -   2939942    1.00    0.00    0.00    0.00    1.00     1  |__CPU 1/TCG
06:20:21     1000         -   2939943   99.00    1.00    0.00    0.00  100.00    20  |__CPU 2/TCG
06:20:21     1000         -   2939944    0.00    0.00    0.00    0.00    0.00     2  |__CPU 3/TCG
06:20:22     1000   2939919         -  200.00    2.00    0.00    0.00  202.00    22  qemu-system-aar
06:20:22     1000         -   2939919    1.00    2.00    0.00    0.00    3.00    22  |__qemu-system-aar
06:20:22     1000         -   2939926    0.00    0.00    0.00    0.00    0.00     0  |__call_rcu
06:20:22     1000         -   2939941   99.00    0.00    0.00    0.00   99.00    16  |__CPU 0/TCG
06:20:22     1000         -   2939942    0.00    0.00    0.00    0.00    0.00     2  |__CPU 1/TCG
06:20:22     1000         -   2939943   99.00    0.00    0.00    0.00   99.00    20  |__CPU 2/TCG
06:20:22     1000         -   2939944    0.00    0.00    0.00    0.00    0.00     2  |__CPU 3/TCG
06:20:23     1000   2939919         -  200.00    3.00    0.00    0.00  203.00    19  qemu-system-aar
06:20:23     1000         -   2939919    1.00    2.00    0.00    0.00    3.00    19  |__qemu-system-aar
06:20:23     1000         -   2939926    0.00    0.00    0.00    0.00    0.00     0  |__call_rcu
06:20:23     1000         -   2939941   98.00    1.00    0.00    0.00   99.00    16  |__CPU 0/TCG
06:20:23     1000         -   2939942    1.00    0.00    0.00    0.00    1.00     1  |__CPU 1/TCG
06:20:23     1000         -   2939943   98.00    2.00    0.00    0.00  100.00    20  |__CPU 2/TCG
06:20:23     1000         -   2939944    0.00    0.00    0.00    0.00    0.00     2  |__CPU 3/TCG
06:20:24     1000   2939919         -  199.00    3.00    0.00    0.00  202.00    19  qemu-system-aar
06:20:24     1000         -   2939919    1.00    2.00    0.00    0.00    3.00    19  |__qemu-system-aar
06:20:24     1000         -   2939926    0.00    0.00    0.00    0.00    0.00     0  |__call_rcu
06:20:24     1000         -   2939941   99.00    0.00    0.00    0.00   99.00    16  |__CPU 0/TCG
06:20:24     1000         -   2939942    1.00    0.00    0.00    0.00    1.00     2  |__CPU 1/TCG
06:20:24     1000         -   2939943   99.00    0.00    0.00    0.00   99.00    20  |__CPU 2/TCG
06:20:24     1000         -   2939944    0.00    0.00    0.00    0.00    0.00     2  |__CPU 3/TCG
06:20:25     1000   2939919         -  201.00    2.00    0.00    0.00  203.00    19  qemu-system-aar
06:20:25     1000         -   2939919    1.00    2.00    0.00    0.00    3.00    19  |__qemu-system-aar
06:20:25     1000         -   2939926    0.00    0.00    0.00    0.00    0.00     0  |__call_rcu
06:20:25     1000         -   2939941   99.00    1.00    0.00    0.00  100.00    16  |__CPU 0/TCG
06:20:25     1000         -   2939942    0.00    0.00    0.00    0.00    0.00     1  |__CPU 1/TCG
06:20:25     1000         -   2939943   99.00    1.00    0.00    0.00  100.00    20  |__CPU 2/TCG
06:20:25     1000         -   2939944    0.00    0.00    0.00    0.00    0.00     2  |__CPU 3/TCG
06:20:26     1000   2939919         -  200.00    2.00    0.00    0.00  202.00     4  qemu-system-aar
06:20:26     1000         -   2939919    1.00    2.00    0.00    0.00    3.00     4  |__qemu-system-aar
06:20:26     1000         -   2939926    0.00    0.00    0.00    0.00    0.00     0  |__call_rcu
06:20:26     1000         -   2939941   99.00    0.00    0.00    0.00   99.00     0  |__CPU 0/TCG
06:20:26     1000         -   2939942    1.00    0.00    0.00    0.00    1.00     2  |__CPU 1/TCG
06:20:26     1000         -   2939943   99.00    1.00    0.00    0.00  100.00    20  |__CPU 2/TCG
06:20:26     1000         -   2939944    0.00    0.00    0.00    0.00    0.00     2  |__CPU 3/TCG
06:20:27     1000   2939919         -  201.00    2.00    0.00    0.00  203.00    19  qemu-system-aar
06:20:27     1000         -   2939919    2.00    1.00    0.00    0.00    3.00    19  |__qemu-system-aar
06:20:27     1000         -   2939926    0.00    0.00    0.00    0.00    0.00     0  |__call_rcu
06:20:27     1000         -   2939941   99.00    1.00    0.00    0.00  100.00    16  |__CPU 0/TCG
06:20:27     1000         -   2939942    1.00    0.00    0.00    0.00    1.00     1  |__CPU 1/TCG
06:20:27     1000         -   2939943   99.00    0.00    0.00    0.00   99.00    20  |__CPU 2/TCG
06:20:27     1000         -   2939944    0.00    0.00    0.00    0.00    0.00     2  |__CPU 3/TCG
06:20:28     1000   2939919         -  199.00    3.00    0.00    0.00  202.00    19  qemu-system-aar
06:20:28     1000         -   2939919    0.00    3.00    0.00    0.00    3.00    19  |__qemu-system-aar
06:20:28     1000         -   2939926    0.00    0.00    0.00    0.00    0.00     0  |__call_rcu
06:20:28     1000         -   2939941   98.00    0.00    0.00    0.00   98.00    16  |__CPU 0/TCG
06:20:28     1000         -   2939942    0.00    0.00    0.00    0.00    0.00     1  |__CPU 1/TCG
06:20:28     1000         -   2939943   98.00    2.00    0.00    0.00  100.00    20  |__CPU 2/TCG
06:20:28     1000         -   2939944    0.00    0.00    0.00    0.00    0.00     2  |__CPU 3/TCG
06:20:29     1000   2939919         -  201.00    2.00    0.00    0.00  203.00     0  qemu-system-aar
06:20:29     1000         -   2939919    2.00    2.00    0.00    0.00    4.00     0  |__qemu-system-aar
06:20:29     1000         -   2939926    0.00    0.00    0.00    0.00    0.00     0  |__call_rcu
06:20:29     1000         -   2939941   99.00    0.00    0.00    0.00   99.00    16  |__CPU 0/TCG
06:20:29     1000         -   2939942    1.00    0.00    0.00    0.00    1.00     1  |__CPU 1/TCG
06:20:29     1000         -   2939943   99.00    0.00    0.00    0.00   99.00    20  |__CPU 2/TCG
06:20:29     1000         -   2939944    0.00    0.00    0.00    0.00    0.00     2  |__CPU 3/TCG
06:20:30     1000   2939919         -  201.00    3.00    0.00    0.00  204.00    19  qemu-system-aar
06:20:30     1000         -   2939919    1.00    2.00    0.00    0.00    3.00    19  |__qemu-system-aar
06:20:30     1000         -   2939926    0.00    0.00    0.00    0.00    0.00     0  |__call_rcu
06:20:30     1000         -   2939941   99.00    1.00    0.00    0.00  100.00    16  |__CPU 0/TCG
06:20:30     1000         -   2939942    0.00    0.00    0.00    0.00    0.00     2  |__CPU 1/TCG
06:20:30     1000         -   2939943   99.00    1.00    0.00    0.00  100.00    20  |__CPU 2/TCG
06:20:30     1000         -   2939944    0.00    0.00    0.00    0.00    0.00     2  |__CPU 3/TCG
06:20:31     1000   2939919         -  200.00    2.00    0.00    0.00  202.00     7  qemu-system-aar
06:20:31     1000         -   2939919    1.00    2.00    0.00    0.00    3.00     7  |__qemu-system-aar
06:20:31     1000         -   2939926    0.00    0.00    0.00    0.00    0.00     0  |__call_rcu
06:20:31     1000         -   2939941   99.00    1.00    0.00    0.00  100.00    16  |__CPU 0/TCG
06:20:31     1000         -   2939942    1.00    0.00    0.00    0.00    1.00     2  |__CPU 1/TCG
06:20:31     1000         -   2939943  100.00    0.00    0.00    0.00  100.00    20  |__CPU 2/TCG
06:20:31     1000         -   2939944    0.00    0.00    0.00    0.00    0.00     2  |__CPU 3/TCG
06:20:32     1000   2939919         -  200.00    3.00    0.00    0.00  203.00    21  qemu-system-aar
06:20:32     1000         -   2939919    0.00    3.00    0.00    0.00    3.00    21  |__qemu-system-aar
06:20:32     1000         -   2939926    0.00    0.00    0.00    0.00    0.00     0  |__call_rcu
06:20:32     1000         -   2939941   99.00    0.00    0.00    0.00   99.00    16  |__CPU 0/TCG
06:20:32     1000         -   2939942    0.00    0.00    0.00    0.00    0.00     3  |__CPU 1/TCG
06:20:32     1000         -   2939943   98.00    1.00    0.00    0.00   99.00    20  |__CPU 2/TCG
06:20:32     1000         -   2939944    0.00    0.00    0.00    0.00    0.00     2  |__CPU 3/TCG
06:20:33     1000   2939919         -  200.00    2.00    0.00    0.00  202.00     6  qemu-system-aar
06:20:33     1000         -   2939919    2.00    1.00    0.00    0.00    3.00     6  |__qemu-system-aar
06:20:33     1000         -   2939926    0.00    0.00    0.00    0.00    0.00     0  |__call_rcu
06:20:33     1000         -   2939941   99.00    0.00    0.00    0.00   99.00    16  |__CPU 0/TCG
06:20:33     1000         -   2939942    1.00    0.00    0.00    0.00    1.00     3  |__CPU 1/TCG
06:20:33     1000         -   2939943   99.00    1.00    0.00    0.00  100.00    20  |__CPU 2/TCG
06:20:33     1000         -   2939944    0.00    0.00    0.00    0.00    0.00     2  |__CPU 3/TCG
06:20:34     1000   2939919         -  199.00    3.00    0.00    0.00  202.00     2  qemu-system-aar
06:20:34     1000         -   2939919    1.00    2.00    0.00    0.00    3.00     2  |__qemu-system-aar
06:20:34     1000         -   2939926    0.00    0.00    0.00    0.00    0.00     0  |__call_rcu
06:20:34     1000         -   2939941   98.00    1.00    0.00    0.00   99.00     0  |__CPU 0/TCG
06:20:34     1000         -   2939942    1.00    0.00    0.00    0.00    1.00     3  |__CPU 1/TCG
06:20:34     1000         -   2939943   98.00    1.00    0.00    0.00   99.00     4  |__CPU 2/TCG
06:20:34     1000         -   2939944    0.00    0.00    0.00    0.00    0.00     2  |__CPU 3/TCG
06:20:35     1000   2939919         -  200.00    2.00    0.00    0.00  202.00     7  qemu-system-aar
06:20:35     1000         -   2939919    1.00    2.00    0.00    0.00    3.00     7  |__qemu-system-aar
06:20:35     1000         -   2939926    0.00    0.00    0.00    0.00    0.00     0  |__call_rcu
06:20:35     1000         -   2939941   99.00    1.00    0.00    0.00  100.00     0  |__CPU 0/TCG
06:20:35     1000         -   2939942    0.00    0.00    0.00    0.00    0.00     2  |__CPU 1/TCG
06:20:35     1000         -   2939943   99.00    1.00    0.00    0.00  100.00     4  |__CPU 2/TCG
06:20:35     1000         -   2939944    0.00    0.00    0.00    0.00    0.00     2  |__CPU 3/TCG
06:20:36     1000   2939919         -  200.00    2.00    0.00    0.00  202.00     7  qemu-system-aar
06:20:36     1000         -   2939919    1.00    2.00    0.00    0.00    3.00     7  |__qemu-system-aar
06:20:36     1000         -   2939926    0.00    0.00    0.00    0.00    0.00     0  |__call_rcu
06:20:36     1000         -   2939941   99.00    0.00    0.00    0.00   99.00     0  |__CPU 0/TCG
06:20:36     1000         -   2939942    1.00    0.00    0.00    0.00    1.00     2  |__CPU 1/TCG
06:20:36     1000         -   2939943   99.00    1.00    0.00    0.00  100.00    20  |__CPU 2/TCG
06:20:36     1000         -   2939944    0.00    0.00    0.00    0.00    0.00     2  |__CPU 3/TCG
06:20:37     1000   2939919         -  200.00    3.00    0.00    0.00  203.00     7  qemu-system-aar
06:20:37     1000         -   2939919    0.00    2.00    0.00    0.00    2.00     7  |__qemu-system-aar
06:20:37     1000         -   2939926    0.00    0.00    0.00    0.00    0.00     0  |__call_rcu
06:20:37     1000         -   2939941   99.00    0.00    0.00    0.00   99.00    16  |__CPU 0/TCG
06:20:37     1000         -   2939942    0.00    0.00    0.00    0.00    0.00     3  |__CPU 1/TCG
06:20:37     1000         -   2939943   98.00    1.00    0.00    0.00   99.00    20  |__CPU 2/TCG
06:20:37     1000         -   2939944    0.00    0.00    0.00    0.00    0.00     2  |__CPU 3/TCG
06:20:38     1000   2939919         -  200.00    3.00    0.00    0.00  203.00    18  qemu-system-aar
06:20:38     1000         -   2939919    1.00    2.00    0.00    0.00    3.00    18  |__qemu-system-aar
06:20:38     1000         -   2939926    0.00    0.00    0.00    0.00    0.00     0  |__call_rcu
06:20:38     1000         -   2939941   99.00    0.00    0.00    0.00   99.00    16  |__CPU 0/TCG
06:20:38     1000         -   2939942    1.00    0.00    0.00    0.00    1.00     3  |__CPU 1/TCG
06:20:38     1000         -   2939943   99.00    2.00    0.00    0.00  101.00    20  |__CPU 2/TCG
06:20:38     1000         -   2939944    0.00    0.00    0.00    0.00    0.00     2  |__CPU 3/TCG
06:20:39     1000   2939919         -  200.00    2.00    0.00    0.00  202.00    18  qemu-system-aar
06:20:39     1000         -   2939919    1.00    2.00    0.00    0.00    3.00    18  |__qemu-system-aar
06:20:39     1000         -   2939926    0.00    0.00    0.00    0.00    0.00     0  |__call_rcu
06:20:39     1000         -   2939941   99.00    1.00    0.00    0.00  100.00    16  |__CPU 0/TCG
06:20:39     1000         -   2939942    0.00    0.00    0.00    0.00    0.00     3  |__CPU 1/TCG
06:20:39     1000         -   2939943   99.00    0.00    0.00    0.00   99.00    20  |__CPU 2/TCG
06:20:39     1000         -   2939944    0.00    0.00    0.00    0.00    0.00     2  |__CPU 3/TCG
06:20:40     1000   2939919         -  200.00    3.00    0.00    0.00  203.00    23  qemu-system-aar
06:20:40     1000         -   2939919    1.00    2.00    0.00    0.00    3.00    23  |__qemu-system-aar
06:20:40     1000         -   2939926    0.00    0.00    0.00    0.00    0.00     0  |__call_rcu
06:20:40     1000         -   2939941   98.00    0.00    0.00    0.00   98.00     0  |__CPU 0/TCG
06:20:40     1000         -   2939942    1.00    0.00    0.00    0.00    1.00     3  |__CPU 1/TCG
06:20:40     1000         -   2939943   99.00    1.00    0.00    0.00  100.00    20  |__CPU 2/TCG
06:20:40     1000         -   2939944    0.00    0.00    0.00    0.00    0.00     2  |__CPU 3/TCG
06:20:41     1000   2939919         -  201.00    1.00    0.00    0.00  202.00     3  qemu-system-aar
06:20:41     1000         -   2939919    1.00    2.00    0.00    0.00    3.00     3  |__qemu-system-aar
06:20:41     1000         -   2939926    0.00    0.00    0.00    0.00    0.00     0  |__call_rcu
06:20:41     1000         -   2939941   99.00    1.00    0.00    0.00  100.00    16  |__CPU 0/TCG
06:20:41     1000         -   2939942    1.00    0.00    0.00    0.00    1.00     2  |__CPU 1/TCG
06:20:41     1000         -   2939943   99.00    1.00    0.00    0.00  100.00    20  |__CPU 2/TCG
06:20:41     1000         -   2939944    0.00    0.00    0.00    0.00    0.00     2  |__CPU 3/TCG
06:20:42     1000   2939919         -  199.00    3.00    0.00    0.00  202.00     2  qemu-system-aar
06:20:42     1000         -   2939919    0.00    3.00    0.00    0.00    3.00     2  |__qemu-system-aar
06:20:42     1000         -   2939926    0.00    0.00    0.00    0.00    0.00     0  |__call_rcu
06:20:42     1000         -   2939941   99.00    0.00    0.00    0.00   99.00    16  |__CPU 0/TCG
06:20:42     1000         -   2939942    0.00    0.00    0.00    0.00    0.00     3  |__CPU 1/TCG
06:20:42     1000         -   2939943   99.00    0.00    0.00    0.00   99.00    20  |__CPU 2/TCG
06:20:42     1000         -   2939944    0.00    0.00    0.00    0.00    0.00     2  |__CPU 3/TCG
06:20:43     1000   2939919         -  200.00    3.00    0.00    0.00  203.00     6  qemu-system-aar
06:20:43     1000         -   2939919    1.00    2.00    0.00    0.00    3.00     6  |__qemu-system-aar
06:20:43     1000         -   2939926    0.00    0.00    0.00    0.00    0.00     0  |__call_rcu
06:20:43     1000         -   2939941   99.00    1.00    0.00    0.00  100.00    16  |__CPU 0/TCG
06:20:43     1000         -   2939942    1.00    0.00    0.00    0.00    1.00     7  |__CPU 1/TCG
06:20:43     1000         -   2939943   98.00    2.00    0.00    0.00  100.00     4  |__CPU 2/TCG
06:20:43     1000         -   2939944    0.00    0.00    0.00    0.00    0.00     2  |__CPU 3/TCG
06:20:44     1000   2939919         -  200.00    3.00    0.00    0.00  203.00    20  qemu-system-aar
06:20:44     1000         -   2939919    1.00    2.00    0.00    0.00    3.00    20  |__qemu-system-aar
06:20:44     1000         -   2939926    0.00    0.00    0.00    0.00    0.00     0  |__call_rcu
06:20:44     1000         -   2939941   99.00    0.00    0.00    0.00   99.00    16  |__CPU 0/TCG
06:20:44     1000         -   2939942    1.00    0.00    0.00    0.00    1.00     7  |__CPU 1/TCG
06:20:44     1000         -   2939943   99.00    1.00    0.00    0.00  100.00     4  |__CPU 2/TCG
06:20:44     1000         -   2939944    0.00    0.00    0.00    0.00    0.00     2  |__CPU 3/TCG
06:20:45     1000   2939919         -  200.00    3.00    0.00    0.00  203.00     7  qemu-system-aar
06:20:45     1000         -   2939919    1.00    3.00    0.00    0.00    4.00     7  |__qemu-system-aar
06:20:45     1000         -   2939926    0.00    0.00    0.00    0.00    0.00     0  |__call_rcu
06:20:45     1000         -   2939941   98.00    1.00    0.00    0.00   99.00     0  |__CPU 0/TCG
06:20:45     1000         -   2939942    0.00    0.00    0.00    0.00    0.00     3  |__CPU 1/TCG
06:20:45     1000         -   2939943   98.00    1.00    0.00    0.00   99.00    20  |__CPU 2/TCG
06:20:45     1000         -   2939944    0.00    0.00    0.00    0.00    0.00     2  |__CPU 3/TCG
06:20:46     1000   2939919         -  201.00    2.00    0.00    0.00  203.00     5  qemu-system-aar
06:20:46     1000         -   2939919    1.00    2.00    0.00    0.00    3.00     5  |__qemu-system-aar
06:20:46     1000         -   2939926    0.00    0.00    0.00    0.00    0.00     0  |__call_rcu
06:20:46     1000         -   2939941  100.00    0.00    0.00    0.00  100.00     0  |__CPU 0/TCG
06:20:46     1000         -   2939942    1.00    0.00    0.00    0.00    1.00     6  |__CPU 1/TCG
06:20:46     1000         -   2939943   98.00    1.00    0.00    0.00   99.00     4  |__CPU 2/TCG
06:20:46     1000         -   2939944    0.00    0.00    0.00    0.00    0.00     2  |__CPU 3/TCG
06:20:47     1000   2939919         -  200.00    2.00    0.00    0.00  202.00     6  qemu-system-aar
06:20:47     1000         -   2939919    1.00    2.00    0.00    0.00    3.00     6  |__qemu-system-aar
06:20:47     1000         -   2939926    0.00    0.00    0.00    0.00    0.00     0  |__call_rcu
06:20:47     1000         -   2939941   99.00    0.00    0.00    0.00   99.00     0  |__CPU 0/TCG
06:20:47     1000         -   2939942    0.00    0.00    0.00    0.00    0.00     5  |__CPU 1/TCG
06:20:47     1000         -   2939943   99.00    1.00    0.00    0.00  100.00     4  |__CPU 2/TCG
06:20:47     1000         -   2939944    0.00    0.00    0.00    0.00    0.00     2  |__CPU 3/TCG
06:20:48     1000   2939919         -  199.00    4.00    0.00    0.00  203.00     3  qemu-system-aar
06:20:48     1000         -   2939919    1.00    3.00    0.00    0.00    4.00     3  |__qemu-system-aar
06:20:48     1000         -   2939926    0.00    0.00    0.00    0.00    0.00     0  |__call_rcu
06:20:48     1000         -   2939941   99.00    1.00    0.00    0.00  100.00     0  |__CPU 0/TCG
06:20:48     1000         -   2939942    1.00    0.00    0.00    0.00    1.00     5  |__CPU 1/TCG
06:20:48     1000         -   2939943   99.00    1.00    0.00    0.00  100.00     4  |__CPU 2/TCG
06:20:48     1000         -   2939944    0.00    0.00    0.00    0.00    0.00     2  |__CPU 3/TCG
06:20:49     1000   2939919         -  199.00    3.00    0.00    0.00  202.00     2  qemu-system-aar
06:20:49     1000         -   2939919    1.00    2.00    0.00    0.00    3.00     2  |__qemu-system-aar
06:20:49     1000         -   2939926    0.00    0.00    0.00    0.00    0.00     0  |__call_rcu
06:20:49     1000         -   2939941   99.00    0.00    0.00    0.00   99.00     0  |__CPU 0/TCG
06:20:49     1000         -   2939942    0.00    0.00    0.00    0.00    0.00     1  |__CPU 1/TCG
06:20:49     1000         -   2939943   98.00    1.00    0.00    0.00   99.00     4  |__CPU 2/TCG
06:20:49     1000         -   2939944    0.00    0.00    0.00    0.00    0.00     2  |__CPU 3/TCG
06:20:50     1000   2939919         -  200.00    3.00    0.00    0.00  203.00     5  qemu-system-aar
06:20:50     1000         -   2939919    0.00    2.00    0.00    0.00    2.00     5  |__qemu-system-aar
06:20:50     1000         -   2939926    0.00    0.00    0.00    0.00    0.00     0  |__call_rcu
06:20:50     1000         -   2939941   98.00    0.00    0.00    0.00   98.00    16  |__CPU 0/TCG
06:20:50     1000         -   2939942    1.00    0.00    0.00    0.00    1.00     1  |__CPU 1/TCG
06:20:50     1000         -   2939943   98.00    2.00    0.00    0.00  100.00    20  |__CPU 2/TCG
06:20:50     1000         -   2939944    0.00    0.00    0.00    0.00    0.00     2  |__CPU 3/TCG
06:20:51     1000   2939919         -  199.00    2.00    0.00    0.00  201.00     5  qemu-system-aar
06:20:51     1000         -   2939919    1.00    2.00    0.00    0.00    3.00     5  |__qemu-system-aar
06:20:51     1000         -   2939926    0.00    0.00    0.00    0.00    0.00     0  |__call_rcu
06:20:51     1000         -   2939941   99.00    1.00    0.00    0.00  100.00    16  |__CPU 0/TCG
06:20:51     1000         -   2939942    0.00    0.00    0.00    0.00    0.00     1  |__CPU 1/TCG
06:20:51     1000         -   2939943   99.00    1.00    0.00    0.00  100.00    20  |__CPU 2/TCG
06:20:51     1000         -   2939944    0.00    0.00    0.00    0.00    0.00     2  |__CPU 3/TCG
06:20:52     1000   2939919         -  202.00    2.00    0.00    0.00  204.00     5  qemu-system-aar
06:20:52     1000         -   2939919    2.00    1.00    0.00    0.00    3.00     5  |__qemu-system-aar
06:20:52     1000         -   2939926    0.00    0.00    0.00    0.00    0.00     0  |__call_rcu
06:20:52     1000         -   2939941   99.00    0.00    0.00    0.00   99.00    16  |__CPU 0/TCG
06:20:52     1000         -   2939942    1.00    0.00    0.00    0.00    1.00     2  |__CPU 1/TCG
06:20:52     1000         -   2939943   99.00    0.00    0.00    0.00   99.00    20  |__CPU 2/TCG
06:20:52     1000         -   2939944    0.00    0.00    0.00    0.00    0.00     2  |__CPU 3/TCG
06:20:53     1000   2939919         -  200.00    2.00    0.00    0.00  202.00     5  qemu-system-aar
06:20:53     1000         -   2939919    1.00    2.00    0.00    0.00    3.00     5  |__qemu-system-aar
06:20:53     1000         -   2939926    0.00    0.00    0.00    0.00    0.00     0  |__call_rcu
06:20:53     1000         -   2939941   99.00    1.00    0.00    0.00  100.00    16  |__CPU 0/TCG
06:20:53     1000         -   2939942    1.00    0.00    0.00    0.00    1.00     1  |__CPU 1/TCG
06:20:53     1000         -   2939943   99.00    1.00    0.00    0.00  100.00     4  |__CPU 2/TCG
06:20:53     1000         -   2939944    0.00    0.00    0.00    0.00    0.00     2  |__CPU 3/TCG
06:20:54     1000   2939919         -  199.00    3.00    0.00    0.00  202.00    19  qemu-system-aar
06:20:54     1000         -   2939919    1.00    2.00    0.00    0.00    3.00    19  |__qemu-system-aar
06:20:54     1000         -   2939926    0.00    0.00    0.00    0.00    0.00     0  |__call_rcu
06:20:54     1000         -   2939941   98.00    0.00    0.00    0.00   98.00    16  |__CPU 0/TCG
06:20:54     1000         -   2939942    0.00    0.00    0.00    0.00    0.00     1  |__CPU 1/TCG
06:20:54     1000         -   2939943   99.00    1.00    0.00    0.00  100.00    20  |__CPU 2/TCG
06:20:54     1000         -   2939944    0.00    0.00    0.00    0.00    0.00     2  |__CPU 3/TCG
06:20:55     1000   2939919         -  200.00    3.00    0.00    0.00  203.00    21  qemu-system-aar
06:20:55     1000         -   2939919    0.00    2.00    0.00    0.00    2.00    21  |__qemu-system-aar
06:20:55     1000         -   2939926    0.00    0.00    0.00    0.00    0.00     0  |__call_rcu
06:20:55     1000         -   2939941  100.00    0.00    0.00    0.00  100.00    16  |__CPU 0/TCG
06:20:55     1000         -   2939942    1.00    0.00    0.00    0.00    1.00     2  |__CPU 1/TCG
06:20:55     1000         -   2939943   99.00    0.00    0.00    0.00   99.00    20  |__CPU 2/TCG
06:20:55     1000         -   2939944    0.00    0.00    0.00    0.00    0.00     2  |__CPU 3/TCG
06:20:56     1000   2939919         -  200.00    2.00    0.00    0.00  202.00    19  qemu-system-aar
06:20:56     1000         -   2939919    1.00    2.00    0.00    0.00    3.00    19  |__qemu-system-aar
06:20:56     1000         -   2939926    0.00    0.00    0.00    0.00    0.00     0  |__call_rcu
06:20:56     1000         -   2939941   98.00    1.00    0.00    0.00   99.00    16  |__CPU 0/TCG
06:20:56     1000         -   2939942    1.00    0.00    0.00    0.00    1.00     1  |__CPU 1/TCG
06:20:56     1000         -   2939943   98.00    1.00    0.00    0.00   99.00    20  |__CPU 2/TCG
06:20:56     1000         -   2939944    0.00    0.00    0.00    0.00    0.00     2  |__CPU 3/TCG
06:20:57     1000   2939919         -  200.00    3.00    0.00    0.00  203.00    19  qemu-system-aar
06:20:57     1000         -   2939919    1.00    2.00    0.00    0.00    3.00    19  |__qemu-system-aar
06:20:57     1000         -   2939926    0.00    0.00    0.00    0.00    0.00     0  |__call_rcu
06:20:57     1000         -   2939941   99.00    1.00    0.00    0.00  100.00    16  |__CPU 0/TCG
06:20:57     1000         -   2939942    0.00    0.00    0.00    0.00    0.00     5  |__CPU 1/TCG
06:20:57     1000         -   2939943   99.00    1.00    0.00    0.00  100.00    20  |__CPU 2/TCG
06:20:57     1000         -   2939944    0.00    0.00    0.00    0.00    0.00     2  |__CPU 3/TCG
06:20:58     1000   2939919         -  200.00    2.00    0.00    0.00  202.00     6  qemu-system-aar
06:20:58     1000         -   2939919    1.00    2.00    0.00    0.00    3.00     6  |__qemu-system-aar
06:20:58     1000         -   2939926    0.00    0.00    0.00    0.00    0.00     0  |__call_rcu
06:20:58     1000         -   2939941   99.00    0.00    0.00    0.00   99.00    16  |__CPU 0/TCG
06:20:58     1000         -   2939942    0.00    1.00    0.00    0.00    1.00     7  |__CPU 1/TCG
06:20:58     1000         -   2939943   99.00    1.00    0.00    0.00  100.00    20  |__CPU 2/TCG
06:20:58     1000         -   2939944    0.00    0.00    0.00    0.00    0.00     2  |__CPU 3/TCG
06:20:59     1000   2939919         -  200.00    3.00    0.00    0.00  203.00     7  qemu-system-aar
06:20:59     1000         -   2939919    1.00    2.00    0.00    0.00    3.00     7  |__qemu-system-aar
06:20:59     1000         -   2939926    0.00    0.00    0.00    0.00    0.00     0  |__call_rcu
06:20:59     1000         -   2939941   98.00    1.00    0.00    0.00   99.00    16  |__CPU 0/TCG
06:20:59     1000         -   2939942    1.00    0.00    0.00    0.00    1.00    17  |__CPU 1/TCG
06:20:59     1000         -   2939943   99.00    1.00    0.00    0.00  100.00    20  |__CPU 2/TCG
06:20:59     1000         -   2939944    0.00    0.00    0.00    0.00    0.00     2  |__CPU 3/TCG
06:21:00     1000   2939919         -  199.00    2.00    0.00    0.00  201.00    17  qemu-system-aar
06:21:00     1000         -   2939919    1.00    2.00    0.00    0.00    3.00    17  |__qemu-system-aar
06:21:00     1000         -   2939926    0.00    0.00    0.00    0.00    0.00     0  |__call_rcu
06:21:00     1000         -   2939941   99.00    0.00    0.00    0.00   99.00     0  |__CPU 0/TCG
06:21:00     1000         -   2939942    0.00    0.00    0.00    0.00    0.00    18  |__CPU 1/TCG
06:21:00     1000         -   2939943   98.00    1.00    0.00    0.00   99.00    20  |__CPU 2/TCG
06:21:00     1000         -   2939944    0.00    0.00    0.00    0.00    0.00     2  |__CPU 3/TCG
06:21:01     1000   2939919         -  201.00    2.00    0.00    0.00  203.00     2  qemu-system-aar
06:21:01     1000         -   2939919    2.00    1.00    0.00    0.00    3.00     2  |__qemu-system-aar
06:21:01     1000         -   2939926    0.00    0.00    0.00    0.00    0.00     0  |__call_rcu
06:21:01     1000         -   2939941   99.00    1.00    0.00    0.00  100.00     0  |__CPU 0/TCG
06:21:01     1000         -   2939942    1.00    0.00    0.00    0.00    1.00    19  |__CPU 1/TCG
06:21:01     1000         -   2939943   99.00    1.00    0.00    0.00  100.00    20  |__CPU 2/TCG
06:21:01     1000         -   2939944    0.00    0.00    0.00    0.00    0.00     2  |__CPU 3/TCG
06:21:02     1000   2939919         -  199.00    3.00    0.00    0.00  202.00    19  qemu-system-aar
06:21:02     1000         -   2939919    1.00    2.00    0.00    0.00    3.00    19  |__qemu-system-aar
06:21:02     1000         -   2939926    0.00    0.00    0.00    0.00    0.00     0  |__call_rcu
06:21:02     1000         -   2939941   99.00    0.00    0.00    0.00   99.00    16  |__CPU 0/TCG
06:21:02     1000         -   2939942    0.00    0.00    0.00    0.00    0.00    21  |__CPU 1/TCG
06:21:02     1000         -   2939943   99.00    1.00    0.00    0.00  100.00    20  |__CPU 2/TCG
06:21:02     1000         -   2939944    0.00    0.00    0.00    0.00    0.00     2  |__CPU 3/TCG
06:21:03     1000   2939919         -  200.00    3.00    0.00    0.00  203.00     3  qemu-system-aar
06:21:03     1000         -   2939919    1.00    2.00    0.00    0.00    3.00     3  |__qemu-system-aar
06:21:03     1000         -   2939926    0.00    0.00    0.00    0.00    0.00     0  |__call_rcu
06:21:03     1000         -   2939941   99.00    1.00    0.00    0.00  100.00    16  |__CPU 0/TCG
06:21:03     1000         -   2939942    1.00    0.00    0.00    0.00    1.00    21  |__CPU 1/TCG
06:21:03     1000         -   2939943   99.00    1.00    0.00    0.00  100.00    20  |__CPU 2/TCG
06:21:03     1000         -   2939944    0.00    0.00    0.00    0.00    0.00     2  |__CPU 3/TCG
06:21:04     1000   2939919         -  201.00    2.00    0.00    0.00  203.00     5  qemu-system-aar
06:21:04     1000         -   2939919    1.00    2.00    0.00    0.00    3.00     5  |__qemu-system-aar
06:21:04     1000         -   2939926    0.00    0.00    0.00    0.00    0.00     0  |__call_rcu
06:21:04     1000         -   2939941   99.00    0.00    0.00    0.00   99.00    16  |__CPU 0/TCG
06:21:04     1000         -   2939942    1.00    0.00    0.00    0.00    1.00    21  |__CPU 1/TCG
06:21:04     1000         -   2939943   99.00    0.00    0.00    0.00   99.00    20  |__CPU 2/TCG
06:21:04     1000         -   2939944    0.00    0.00    0.00    0.00    0.00     2  |__CPU 3/TCG
06:21:05     1000   2939919         -  199.00    2.00    0.00    0.00  201.00    19  qemu-system-aar
06:21:05     1000         -   2939919    1.00    2.00    0.00    0.00    3.00    19  |__qemu-system-aar
06:21:05     1000         -   2939926    0.00    0.00    0.00    0.00    0.00     0  |__call_rcu
06:21:05     1000         -   2939941   98.00    0.00    0.00    0.00   98.00    16  |__CPU 0/TCG
06:21:05     1000         -   2939942    0.00    0.00    0.00    0.00    0.00    21  |__CPU 1/TCG
06:21:05     1000         -   2939943   98.00    1.00    0.00    0.00   99.00    20  |__CPU 2/TCG
06:21:05     1000         -   2939944    0.00    0.00    0.00    0.00    0.00     2  |__CPU 3/TCG
06:21:06     1000   2939919         -  201.00    2.00    0.00    0.00  203.00    21  qemu-system-aar
06:21:06     1000         -   2939919    1.00    2.00    0.00    0.00    3.00    21  |__qemu-system-aar
06:21:06     1000         -   2939926    0.00    0.00    0.00    0.00    0.00     0  |__call_rcu
06:21:06     1000         -   2939941   99.00    1.00    0.00    0.00  100.00    16  |__CPU 0/TCG
06:21:06     1000         -   2939942    1.00    0.00    0.00    0.00    1.00    18  |__CPU 1/TCG
06:21:06     1000         -   2939943  100.00    0.00    0.00    0.00  100.00    20  |__CPU 2/TCG
06:21:06     1000         -   2939944    0.00    0.00    0.00    0.00    0.00     2  |__CPU 3/TCG
06:21:07     1000   2939919         -  201.00    2.00    0.00    0.00  203.00    19  qemu-system-aar
06:21:07     1000         -   2939919    1.00    1.00    0.00    0.00    2.00    19  |__qemu-system-aar
06:21:07     1000         -   2939926    0.00    0.00    0.00    0.00    0.00     0  |__call_rcu
06:21:07     1000         -   2939941   99.00    0.00    0.00    0.00   99.00    16  |__CPU 0/TCG
06:21:07     1000         -   2939942    0.00    0.00    0.00    0.00    0.00    21  |__CPU 1/TCG
06:21:07     1000         -   2939943   98.00    1.00    0.00    0.00   99.00    20  |__CPU 2/TCG
06:21:07     1000         -   2939944    0.00    0.00    0.00    0.00    0.00     2  |__CPU 3/TCG
06:21:08     1000   2939919         -  200.00    3.00    0.00    0.00  203.00    19  qemu-system-aar
06:21:08     1000         -   2939919    1.00    3.00    0.00    0.00    4.00    19  |__qemu-system-aar
06:21:08     1000         -   2939926    0.00    0.00    0.00    0.00    0.00     0  |__call_rcu
06:21:08     1000         -   2939941   99.00    0.00    0.00    0.00   99.00    16  |__CPU 0/TCG
06:21:08     1000         -   2939942    1.00    0.00    0.00    0.00    1.00    21  |__CPU 1/TCG
06:21:08     1000         -   2939943   99.00    1.00    0.00    0.00  100.00    20  |__CPU 2/TCG
06:21:08     1000         -   2939944    0.00    0.00    0.00    0.00    0.00     2  |__CPU 3/TCG
06:21:09     1000   2939919         -  199.00    2.00    0.00    0.00  201.00    19  qemu-system-aar
06:21:09     1000         -   2939919    1.00    1.00    0.00    0.00    2.00    19  |__qemu-system-aar
06:21:09     1000         -   2939926    0.00    0.00    0.00    0.00    0.00     0  |__call_rcu
06:21:09     1000         -   2939941   99.00    1.00    0.00    0.00  100.00    16  |__CPU 0/TCG
06:21:09     1000         -   2939942    0.00    0.00    0.00    0.00    0.00    21  |__CPU 1/TCG
06:21:09     1000         -   2939943   99.00    1.00    0.00    0.00  100.00    20  |__CPU 2/TCG
06:21:09     1000         -   2939944    0.00    0.00    0.00    0.00    0.00     2  |__CPU 3/TCG
06:21:10     1000   2939919         -  200.00    3.00    0.00    0.00  203.00    21  qemu-system-aar
06:21:10     1000         -   2939919    1.00    2.00    0.00    0.00    3.00    21  |__qemu-system-aar
06:21:10     1000         -   2939926    0.00    0.00    0.00    0.00    0.00     0  |__call_rcu
06:21:10     1000         -   2939941   99.00    1.00    0.00    0.00  100.00     0  |__CPU 0/TCG
06:21:10     1000         -   2939942    1.00    0.00    0.00    0.00    1.00    18  |__CPU 1/TCG
06:21:10     1000         -   2939943   99.00    1.00    0.00    0.00  100.00     4  |__CPU 2/TCG
06:21:10     1000         -   2939944    0.00    0.00    0.00    0.00    0.00     2  |__CPU 3/TCG
06:21:11     1000   2939919         -  201.00    2.00    0.00    0.00  203.00    21  qemu-system-aar
06:21:11     1000         -   2939919    2.00    1.00    0.00    0.00    3.00    21  |__qemu-system-aar
06:21:11     1000         -   2939926    0.00    0.00    0.00    0.00    0.00     0  |__call_rcu
06:21:11     1000         -   2939941   98.00    0.00    0.00    0.00   98.00     0  |__CPU 0/TCG
06:21:11     1000         -   2939942    1.00    0.00    0.00    0.00    1.00    19  |__CPU 1/TCG
06:21:11     1000         -   2939943   98.00    1.00    0.00    0.00   99.00     4  |__CPU 2/TCG
06:21:11     1000         -   2939944    0.00    0.00    0.00    0.00    0.00     2  |__CPU 3/TCG
06:21:12     1000   2939919         -  200.00    2.00    0.00    0.00  202.00    23  qemu-system-aar
06:21:12     1000         -   2939919    1.00    2.00    0.00    0.00    3.00    23  |__qemu-system-aar
06:21:12     1000         -   2939926    0.00    0.00    0.00    0.00    0.00     0  |__call_rcu
06:21:12     1000         -   2939941   99.00    0.00    0.00    0.00   99.00     0  |__CPU 0/TCG
06:21:12     1000         -   2939942    0.00    0.00    0.00    0.00    0.00    19  |__CPU 1/TCG
06:21:12     1000         -   2939943   99.00    1.00    0.00    0.00  100.00     4  |__CPU 2/TCG
06:21:12     1000         -   2939944    0.00    0.00    0.00    0.00    0.00     2  |__CPU 3/TCG
06:21:13     1000   2939919         -  200.00    3.00    0.00    0.00  203.00     3  qemu-system-aar
06:21:13     1000         -   2939919    0.00    3.00    0.00    0.00    3.00     3  |__qemu-system-aar
06:21:13     1000         -   2939926    0.00    0.00    0.00    0.00    0.00     0  |__call_rcu
06:21:13     1000         -   2939941  100.00    0.00    0.00    0.00  100.00     0  |__CPU 0/TCG
06:21:13     1000         -   2939942    1.00    0.00    0.00    0.00    1.00    18  |__CPU 1/TCG
06:21:13     1000         -   2939943   99.00    0.00    0.00    0.00   99.00     4  |__CPU 2/TCG
06:21:13     1000         -   2939944    0.00    0.00    0.00    0.00    0.00     2  |__CPU 3/TCG
06:21:14     1000   2939919         -  199.00    3.00    0.00    0.00  202.00     7  qemu-system-aar
06:21:14     1000         -   2939919    1.00    2.00    0.00    0.00    3.00     7  |__qemu-system-aar
06:21:14     1000         -   2939926    0.00    0.00    0.00    0.00    0.00     0  |__call_rcu
06:21:14     1000         -   2939941   98.00    1.00    0.00    0.00   99.00    16  |__CPU 0/TCG
06:21:14     1000         -   2939942    0.00    0.00    0.00    0.00    0.00    21  |__CPU 1/TCG
06:21:14     1000         -   2939943   99.00    2.00    0.00    0.00  101.00     4  |__CPU 2/TCG
06:21:14     1000         -   2939944    0.00    0.00    0.00    0.00    0.00     2  |__CPU 3/TCG
06:21:15     1000   2939919         -  200.00    2.00    0.00    0.00  202.00     5  qemu-system-aar
06:21:15     1000         -   2939919    2.00    1.00    0.00    0.00    3.00     5  |__qemu-system-aar
06:21:15     1000         -   2939926    0.00    0.00    0.00    0.00    0.00     0  |__call_rcu
06:21:15     1000         -   2939941   99.00    1.00    0.00    0.00  100.00    16  |__CPU 0/TCG
06:21:15     1000         -   2939942    1.00    0.00    0.00    0.00    1.00    21  |__CPU 1/TCG
06:21:15     1000         -   2939943   98.00    1.00    0.00    0.00   99.00    20  |__CPU 2/TCG
06:21:15     1000         -   2939944    0.00    0.00    0.00    0.00    0.00     2  |__CPU 3/TCG
06:21:16     1000   2939919         -  200.00    3.00    0.00    0.00  203.00     3  qemu-system-aar
06:21:16     1000         -   2939919    1.00    2.00    0.00    0.00    3.00     3  |__qemu-system-aar
06:21:16     1000         -   2939926    0.00    0.00    0.00    0.00    0.00     0  |__call_rcu
06:21:16     1000         -   2939941   99.00    0.00    0.00    0.00   99.00     0  |__CPU 0/TCG
06:21:16     1000         -   2939942    0.00    0.00    0.00    0.00    0.00    21  |__CPU 1/TCG
06:21:16     1000         -   2939943   99.00    1.00    0.00    0.00  100.00    20  |__CPU 2/TCG
06:21:16     1000         -   2939944    0.00    0.00    0.00    0.00    0.00     2  |__CPU 3/TCG
06:21:17     1000   2939919         -  199.00    3.00    0.00    0.00  202.00     7  qemu-system-aar
06:21:17     1000         -   2939919    0.00    2.00    0.00    0.00    2.00     7  |__qemu-system-aar
06:21:17     1000         -   2939926    0.00    0.00    0.00    0.00    0.00     0  |__call_rcu
06:21:17     1000         -   2939941   99.00    0.00    0.00    0.00   99.00    16  |__CPU 0/TCG
06:21:17     1000         -   2939942    1.00    0.00    0.00    0.00    1.00    21  |__CPU 1/TCG
06:21:17     1000         -   2939943   99.00    1.00    0.00    0.00  100.00    20  |__CPU 2/TCG
06:21:17     1000         -   2939944    0.00    0.00    0.00    0.00    0.00     2  |__CPU 3/TCG
06:21:18     1000   2939919         -  201.00    1.00    0.00    0.00  202.00     7  qemu-system-aar
06:21:18     1000         -   2939919    1.00    2.00    0.00    0.00    3.00     7  |__qemu-system-aar
06:21:18     1000         -   2939926    0.00    0.00    0.00    0.00    0.00     0  |__call_rcu
06:21:18     1000         -   2939941   99.00    0.00    0.00    0.00   99.00    16  |__CPU 0/TCG
06:21:18     1000         -   2939942    1.00    0.00    0.00    0.00    1.00    21  |__CPU 1/TCG
06:21:18     1000         -   2939943   99.00    0.00    0.00    0.00   99.00    20  |__CPU 2/TCG
06:21:18     1000         -   2939944    0.00    0.00    0.00    0.00    0.00     2  |__CPU 3/TCG
06:21:19     1000   2939919         -  200.00    2.00    0.00    0.00  202.00     7  qemu-system-aar
06:21:19     1000         -   2939919    1.00    2.00    0.00    0.00    3.00     7  |__qemu-system-aar
06:21:19     1000         -   2939926    0.00    0.00    0.00    0.00    0.00     0  |__call_rcu
06:21:19     1000         -   2939941   99.00    1.00    0.00    0.00  100.00    16  |__CPU 0/TCG
06:21:19     1000         -   2939942    0.00    0.00    0.00    0.00    0.00    21  |__CPU 1/TCG
06:21:19     1000         -   2939943   99.00    1.00    0.00    0.00  100.00    20  |__CPU 2/TCG
06:21:19     1000         -   2939944    0.00    0.00    0.00    0.00    0.00     2  |__CPU 3/TCG
06:21:20     1000   2939919         -  200.00    3.00    0.00    0.00  203.00    16  qemu-system-aar
06:21:20     1000         -   2939919    1.00    3.00    0.00    0.00    4.00    16  |__qemu-system-aar
06:21:20     1000         -   2939926    0.00    0.00    0.00    0.00    0.00     0  |__call_rcu
06:21:20     1000         -   2939941   99.00    0.00    0.00    0.00   99.00     0  |__CPU 0/TCG
06:21:20     1000         -   2939942    1.00    0.00    0.00    0.00    1.00    21  |__CPU 1/TCG
06:21:20     1000         -   2939943   99.00    1.00    0.00    0.00  100.00    20  |__CPU 2/TCG
06:21:20     1000         -   2939944    0.00    0.00    0.00    0.00    0.00     2  |__CPU 3/TCG
06:21:21     1000   2939919         -  200.00    3.00    0.00    0.00  203.00     7  qemu-system-aar
06:21:21     1000         -   2939919    1.00    2.00    0.00    0.00    3.00     7  |__qemu-system-aar
06:21:21     1000         -   2939926    0.00    0.00    0.00    0.00    0.00     0  |__call_rcu
06:21:21     1000         -   2939941   99.00    1.00    0.00    0.00  100.00    16  |__CPU 0/TCG
06:21:21     1000         -   2939942    0.00    0.00    0.00    0.00    0.00    21  |__CPU 1/TCG
06:21:21     1000         -   2939943   99.00    0.00    0.00    0.00   99.00    20  |__CPU 2/TCG
06:21:21     1000         -   2939944    0.00    0.00    0.00    0.00    0.00     2  |__CPU 3/TCG
06:21:22     1000   2939919         -  201.00    2.00    0.00    0.00  203.00    16  qemu-system-aar
06:21:22     1000         -   2939919    1.00    3.00    0.00    0.00    4.00    16  |__qemu-system-aar
06:21:22     1000         -   2939926    0.00    0.00    0.00    0.00    0.00     0  |__call_rcu
06:21:22     1000         -   2939941   98.00    0.00    0.00    0.00   98.00     0  |__CPU 0/TCG
06:21:22     1000         -   2939942    1.00    0.00    0.00    0.00    1.00    21  |__CPU 1/TCG
06:21:22     1000         -   2939943   99.00    1.00    0.00    0.00  100.00    20  |__CPU 2/TCG
06:21:22     1000         -   2939944    0.00    0.00    0.00    0.00    0.00     2  |__CPU 3/TCG
06:21:23     1000   2939919         -  200.00    4.00    0.00    0.00  204.00     6  qemu-system-aar
06:21:23     1000         -   2939919    2.00    2.00    0.00    0.00    4.00     6  |__qemu-system-aar
06:21:23     1000         -   2939926    0.00    0.00    0.00    0.00    0.00     0  |__call_rcu
06:21:23     1000         -   2939941   99.00    1.00    0.00    0.00  100.00     0  |__CPU 0/TCG
06:21:23     1000         -   2939942    1.00    0.00    0.00    0.00    1.00    21  |__CPU 1/TCG
06:21:23     1000         -   2939943   98.00    1.00    0.00    0.00   99.00     4  |__CPU 2/TCG
06:21:23     1000         -   2939944    0.00    0.00    0.00    0.00    0.00     2  |__CPU 3/TCG
06:21:24     1000   2939919         -  200.00    2.00    0.00    0.00  202.00    16  qemu-system-aar
06:21:24     1000         -   2939919    1.00    2.00    0.00    0.00    3.00    16  |__qemu-system-aar
06:21:24     1000         -   2939926    0.00    0.00    0.00    0.00    0.00     0  |__call_rcu
06:21:24     1000         -   2939941   99.00    0.00    0.00    0.00   99.00     0  |__CPU 0/TCG
06:21:24     1000         -   2939942    0.00    0.00    0.00    0.00    0.00    21  |__CPU 1/TCG
06:21:24     1000         -   2939943   99.00    0.00    0.00    0.00   99.00     4  |__CPU 2/TCG
06:21:24     1000         -   2939944    0.00    0.00    0.00    0.00    0.00     2  |__CPU 3/TCG
06:21:25     1000   2939919         -  200.00    3.00    0.00    0.00  203.00     8  qemu-system-aar
06:21:25     1000         -   2939919    2.00    2.00    0.00    0.00    4.00     8  |__qemu-system-aar
06:21:25     1000         -   2939926    0.00    0.00    0.00    0.00    0.00     0  |__call_rcu
06:21:25     1000         -   2939941   98.00    1.00    0.00    0.00   99.00    16  |__CPU 0/TCG
06:21:25     1000         -   2939942    1.00    0.00    0.00    0.00    1.00    21  |__CPU 1/TCG
06:21:25     1000         -   2939943   98.00    2.00    0.00    0.00  100.00     4  |__CPU 2/TCG
06:21:25     1000         -   2939944    0.00    0.00    0.00    0.00    0.00     2  |__CPU 3/TCG
06:21:26     1000   2939919         -  200.00    3.00    0.00    0.00  203.00     2  qemu-system-aar
06:21:26     1000         -   2939919    1.00    2.00    0.00    0.00    3.00     2  |__qemu-system-aar
06:21:26     1000         -   2939926    0.00    0.00    0.00    0.00    0.00     0  |__call_rcu
06:21:26     1000         -   2939941   99.00    0.00    0.00    0.00   99.00    16  |__CPU 0/TCG
06:21:26     1000         -   2939942    0.00    0.00    0.00    0.00    0.00    21  |__CPU 1/TCG
06:21:26     1000         -   2939943   99.00    1.00    0.00    0.00  100.00    20  |__CPU 2/TCG
06:21:26     1000         -   2939944    0.00    0.00    0.00    0.00    0.00     2  |__CPU 3/TCG
06:21:27     1000   2939919         -  200.00    2.00    0.00    0.00  202.00     2  qemu-system-aar
06:21:27     1000         -   2939919    1.00    2.00    0.00    0.00    3.00     2  |__qemu-system-aar
06:21:27     1000         -   2939926    0.00    0.00    0.00    0.00    0.00     0  |__call_rcu
06:21:27     1000         -   2939941   99.00    0.00    0.00    0.00   99.00    16  |__CPU 0/TCG
06:21:27     1000         -   2939942    1.00    0.00    0.00    0.00    1.00    21  |__CPU 1/TCG
06:21:27     1000         -   2939943   98.00    1.00    0.00    0.00   99.00    20  |__CPU 2/TCG
06:21:27     1000         -   2939944    0.00    0.00    0.00    0.00    0.00     2  |__CPU 3/TCG
06:21:28     1000   2939919         -  201.00    2.00    0.00    0.00  203.00     7  qemu-system-aar
06:21:28     1000         -   2939919    1.00    2.00    0.00    0.00    3.00     7  |__qemu-system-aar
06:21:28     1000         -   2939926    0.00    0.00    0.00    0.00    0.00     0  |__call_rcu
06:21:28     1000         -   2939941   99.00    1.00    0.00    1.00  100.00    16  |__CPU 0/TCG
06:21:28     1000         -   2939942    1.00    0.00    0.00    0.00    1.00    21  |__CPU 1/TCG
06:21:28     1000         -   2939943  100.00    0.00    0.00    0.00  100.00    20  |__CPU 2/TCG
06:21:28     1000         -   2939944    0.00    0.00    0.00    0.00    0.00     2  |__CPU 3/TCG
06:21:29     1000   2939919         -  201.00    2.00    0.00    0.00  203.00     2  qemu-system-aar
06:21:29     1000         -   2939919    1.00    1.00    0.00    0.00    2.00     2  |__qemu-system-aar
06:21:29     1000         -   2939926    0.00    0.00    0.00    0.00    0.00     0  |__call_rcu
06:21:29     1000         -   2939941   99.00    0.00    0.00    0.00   99.00     0  |__CPU 0/TCG
06:21:29     1000         -   2939942    0.00    0.00    0.00    0.00    0.00    21  |__CPU 1/TCG
06:21:29     1000         -   2939943   99.00    1.00    0.00    0.00  100.00    20  |__CPU 2/TCG
06:21:29     1000         -   2939944    0.00    0.00    0.00    0.00    0.00     2  |__CPU 3/TCG
06:21:30     1000   2939919         -  200.00    2.00    0.00    0.00  202.00    21  qemu-system-aar
06:21:30     1000         -   2939919    1.00    3.00    0.00    0.00    4.00    21  |__qemu-system-aar
06:21:30     1000         -   2939926    0.00    0.00    0.00    0.00    0.00     0  |__call_rcu
06:21:30     1000         -   2939941   99.00    0.00    0.00    0.00   99.00     0  |__CPU 0/TCG
06:21:30     1000         -   2939942    1.00    0.00    0.00    0.00    1.00    19  |__CPU 1/TCG
06:21:30     1000         -   2939943   99.00    0.00    0.00    0.00   99.00    20  |__CPU 2/TCG
06:21:30     1000         -   2939944    0.00    0.00    0.00    0.00    0.00     2  |__CPU 3/TCG
06:21:31     1000   2939919         -  201.00    2.00    0.00    0.00  203.00     2  qemu-system-aar
06:21:31     1000         -   2939919    2.00    1.00    0.00    0.00    3.00     2  |__qemu-system-aar
06:21:31     1000         -   2939926    0.00    0.00    0.00    0.00    0.00     0  |__call_rcu
06:21:31     1000         -   2939941   99.00    1.00    0.00    0.00  100.00     0  |__CPU 0/TCG
06:21:31     1000         -   2939942    1.00    0.00    0.00    0.00    1.00    19  |__CPU 1/TCG
06:21:31     1000         -   2939943   99.00    1.00    0.00    0.00  100.00    20  |__CPU 2/TCG
06:21:31     1000         -   2939944    0.00    0.00    0.00    0.00    0.00     2  |__CPU 3/TCG
06:21:32     1000   2939919         -  201.00    1.00    0.00    0.00  202.00    22  qemu-system-aar
06:21:32     1000         -   2939919    1.00    1.00    0.00    0.00    2.00    22  |__qemu-system-aar
06:21:32     1000         -   2939926    0.00    0.00    0.00    0.00    0.00     0  |__call_rcu
06:21:32     1000         -   2939941   99.00    0.00    0.00    0.00   99.00     0  |__CPU 0/TCG
06:21:32     1000         -   2939942    0.00    0.00    0.00    0.00    0.00    19  |__CPU 1/TCG
06:21:32     1000         -   2939943   99.00    1.00    0.00    0.00  100.00    20  |__CPU 2/TCG
06:21:32     1000         -   2939944    0.00    0.00    0.00    0.00    0.00     2  |__CPU 3/TCG
06:21:33     1000   2939919         -  200.00    3.00    0.00    0.00  203.00     2  qemu-system-aar
06:21:33     1000         -   2939919    2.00    1.00    0.00    0.00    3.00     2  |__qemu-system-aar
06:21:33     1000         -   2939926    0.00    0.00    0.00    0.00    0.00     0  |__call_rcu
06:21:33     1000         -   2939941   99.00    0.00    0.00    0.00   99.00     0  |__CPU 0/TCG
06:21:33     1000         -   2939942    1.00    0.00    0.00    0.00    1.00    19  |__CPU 1/TCG
06:21:33     1000         -   2939943   99.00    0.00    0.00    0.00   99.00    20  |__CPU 2/TCG
06:21:33     1000         -   2939944    0.00    0.00    0.00    0.00    0.00     2  |__CPU 3/TCG
06:21:34     1000   2939919         -  200.00    2.00    0.00    0.00  202.00     6  qemu-system-aar
06:21:34     1000         -   2939919    0.00    3.00    0.00    0.00    3.00     6  |__qemu-system-aar
06:21:34     1000         -   2939926    0.00    0.00    0.00    0.00    0.00     0  |__call_rcu
06:21:34     1000         -   2939941   99.00    1.00    0.00    0.00  100.00     0  |__CPU 0/TCG
06:21:34     1000         -   2939942    0.00    0.00    0.00    0.00    0.00    19  |__CPU 1/TCG
06:21:34     1000         -   2939943   99.00    1.00    0.00    0.00  100.00    20  |__CPU 2/TCG
06:21:34     1000         -   2939944    0.00    0.00    0.00    0.00    0.00     2  |__CPU 3/TCG
06:21:35     1000   2939919         -  200.00    3.00    0.00    0.00  203.00    16  qemu-system-aar
06:21:35     1000         -   2939919    1.00    2.00    0.00    0.00    3.00    16  |__qemu-system-aar
06:21:35     1000         -   2939926    0.00    0.00    0.00    0.00    0.00     0  |__call_rcu
06:21:35     1000         -   2939941   99.00    0.00    0.00    0.00   99.00     0  |__CPU 0/TCG
06:21:35     1000         -   2939942    0.00    1.00    0.00    0.00    1.00    19  |__CPU 1/TCG
06:21:35     1000         -   2939943   99.00    1.00    0.00    0.00  100.00    20  |__CPU 2/TCG
06:21:35     1000         -   2939944    0.00    0.00    0.00    0.00    0.00     2  |__CPU 3/TCG
06:21:36     1000   2939919         -  200.00    3.00    0.00    0.00  203.00    17  qemu-system-aar
06:21:36     1000         -   2939919    1.00    3.00    0.00    0.00    4.00    17  |__qemu-system-aar
06:21:36     1000         -   2939926    0.00    0.00    0.00    0.00    0.00     0  |__call_rcu
06:21:36     1000         -   2939941   98.00    1.00    0.00    0.00   99.00    16  |__CPU 0/TCG
06:21:36     1000         -   2939942    1.00    0.00    0.00    0.00    1.00    19  |__CPU 1/TCG
06:21:36     1000         -   2939943   98.00    1.00    0.00    0.00   99.00    20  |__CPU 2/TCG
06:21:36     1000         -   2939944    0.00    0.00    0.00    0.00    0.00     2  |__CPU 3/TCG
06:21:37     1000   2939919         -  200.00    2.00    0.00    0.00  202.00    19  qemu-system-aar
06:21:37     1000         -   2939919    1.00    2.00    0.00    0.00    3.00    19  |__qemu-system-aar
06:21:37     1000         -   2939926    0.00    0.00    0.00    0.00    0.00     0  |__call_rcu
06:21:37     1000         -   2939941  100.00    0.00    0.00    0.00  100.00    16  |__CPU 0/TCG
06:21:37     1000         -   2939942    0.00    0.00    0.00    0.00    0.00    22  |__CPU 1/TCG
06:21:37     1000         -   2939943   99.00    0.00    0.00    0.00   99.00    20  |__CPU 2/TCG
06:21:37     1000         -   2939944    0.00    0.00    0.00    0.00    0.00     2  |__CPU 3/TCG
06:21:38     1000   2939919         -  200.00    3.00    0.00    0.00  203.00    19  qemu-system-aar
06:21:38     1000         -   2939919    1.00    2.00    0.00    0.00    3.00    19  |__qemu-system-aar
06:21:38     1000         -   2939926    0.00    0.00    0.00    0.00    0.00     0  |__call_rcu
06:21:38     1000         -   2939941   99.00    0.00    0.00    0.00   99.00    16  |__CPU 0/TCG
06:21:38     1000         -   2939942    1.00    0.00    0.00    0.00    1.00    22  |__CPU 1/TCG
06:21:38     1000         -   2939943   99.00    2.00    0.00    0.00  101.00    20  |__CPU 2/TCG
06:21:38     1000         -   2939944    0.00    0.00    0.00    0.00    0.00     2  |__CPU 3/TCG
06:21:39     1000   2939919         -  200.00    2.00    0.00    0.00  202.00    19  qemu-system-aar
06:21:39     1000         -   2939919    1.00    2.00    0.00    0.00    3.00    19  |__qemu-system-aar
06:21:39     1000         -   2939926    0.00    0.00    0.00    0.00    0.00     0  |__call_rcu
06:21:39     1000         -   2939941   99.00    0.00    0.00    0.00   99.00    16  |__CPU 0/TCG
06:21:39     1000         -   2939942    0.00    0.00    0.00    0.00    0.00    21  |__CPU 1/TCG
06:21:39     1000         -   2939943   99.00    1.00    0.00    0.00  100.00    20  |__CPU 2/TCG
06:21:39     1000         -   2939944    0.00    0.00    0.00    0.00    0.00     2  |__CPU 3/TCG
06:21:40     1000   2939919         -  200.00    3.00    0.00    0.00  203.00    19  qemu-system-aar
06:21:40     1000         -   2939919    1.00    2.00    0.00    0.00    3.00    19  |__qemu-system-aar
06:21:40     1000         -   2939926    0.00    0.00    0.00    0.00    0.00     0  |__call_rcu
06:21:40     1000         -   2939941   98.00    1.00    0.00    0.00   99.00    16  |__CPU 0/TCG
06:21:40     1000         -   2939942    1.00    0.00    0.00    0.00    1.00    22  |__CPU 1/TCG
06:21:40     1000         -   2939943   98.00    0.00    0.00    0.00   98.00    20  |__CPU 2/TCG
06:21:40     1000         -   2939944    0.00    0.00    0.00    0.00    0.00     2  |__CPU 3/TCG
06:21:41     1000   2939919         -  200.00    2.00    0.00    0.00  202.00    19  qemu-system-aar
06:21:41     1000         -   2939919    1.00    1.00    0.00    0.00    2.00    19  |__qemu-system-aar
06:21:41     1000         -   2939926    0.00    0.00    0.00    0.00    0.00     0  |__call_rcu
06:21:41     1000         -   2939941   99.00    0.00    0.00    0.00   99.00    16  |__CPU 0/TCG
06:21:41     1000         -   2939942    1.00    0.00    0.00    0.00    1.00    22  |__CPU 1/TCG
06:21:41     1000         -   2939943   99.00    1.00    0.00    0.00  100.00    20  |__CPU 2/TCG
06:21:41     1000         -   2939944    0.00    0.00    0.00    0.00    0.00     2  |__CPU 3/TCG
06:21:42     1000   2939919         -  199.00    3.00    0.00    0.00  202.00     6  qemu-system-aar
06:21:42     1000         -   2939919    2.00    2.00    0.00    0.00    4.00     6  |__qemu-system-aar
06:21:42     1000         -   2939926    0.00    0.00    0.00    0.00    0.00     0  |__call_rcu
06:21:42     1000         -   2939941   99.00    1.00    0.00    0.00  100.00    16  |__CPU 0/TCG
06:21:42     1000         -   2939942    0.00    0.00    0.00    0.00    0.00    22  |__CPU 1/TCG
06:21:42     1000         -   2939943   99.00    1.00    0.00    0.00  100.00    20  |__CPU 2/TCG
06:21:42     1000         -   2939944    0.00    0.00    0.00    0.00    0.00     2  |__CPU 3/TCG
06:21:43     1000   2939919         -  200.00    3.00    0.00    0.00  203.00    19  qemu-system-aar
06:21:43     1000         -   2939919    0.00    2.00    0.00    0.00    2.00    19  |__qemu-system-aar
06:21:43     1000         -   2939926    0.00    0.00    0.00    0.00    0.00     0  |__call_rcu
06:21:43     1000         -   2939941   99.00    0.00    0.00    0.00   99.00    16  |__CPU 0/TCG
06:21:43     1000         -   2939942    1.00    0.00    0.00    0.00    1.00    21  |__CPU 1/TCG
06:21:43     1000         -   2939943   98.00    1.00    0.00    0.00   99.00    20  |__CPU 2/TCG
06:21:43     1000         -   2939944    0.00    0.00    0.00    0.00    0.00     2  |__CPU 3/TCG
06:21:44     1000   2939919         -  201.00    1.00    0.00    0.00  202.00     6  qemu-system-aar
06:21:44     1000         -   2939919    2.00    1.00    0.00    0.00    3.00     6  |__qemu-system-aar
06:21:44     1000         -   2939926    0.00    0.00    0.00    0.00    0.00     0  |__call_rcu
06:21:44     1000         -   2939941   99.00    1.00    0.00    0.00  100.00    16  |__CPU 0/TCG
06:21:44     1000         -   2939942    0.00    0.00    0.00    0.00    0.00    21  |__CPU 1/TCG
06:21:44     1000         -   2939943  100.00    1.00    0.00    0.00  101.00    20  |__CPU 2/TCG
06:21:44     1000         -   2939944    0.00    0.00    0.00    0.00    0.00     2  |__CPU 3/TCG
06:21:45     1000   2939919         -  201.00    2.00    0.00    0.00  203.00     6  qemu-system-aar
06:21:45     1000         -   2939919    1.00    2.00    0.00    0.00    3.00     6  |__qemu-system-aar
06:21:45     1000         -   2939926    0.00    0.00    0.00    0.00    0.00     0  |__call_rcu
06:21:45     1000         -   2939941   99.00    0.00    0.00    0.00   99.00    16  |__CPU 0/TCG
06:21:45     1000         -   2939942    1.00    0.00    0.00    0.00    1.00    21  |__CPU 1/TCG
06:21:45     1000         -   2939943   99.00    0.00    0.00    0.00   99.00    20  |__CPU 2/TCG
06:21:45     1000         -   2939944    0.00    0.00    0.00    0.00    0.00     2  |__CPU 3/TCG
06:21:46     1000   2939919         -  201.00    1.00    0.00    0.00  202.00     5  qemu-system-aar
06:21:46     1000         -   2939919    1.00    2.00    0.00    0.00    3.00     5  |__qemu-system-aar
06:21:46     1000         -   2939926    0.00    0.00    0.00    0.00    0.00     0  |__call_rcu
06:21:46     1000         -   2939941   99.00    0.00    0.00    0.00   99.00     0  |__CPU 0/TCG
06:21:46     1000         -   2939942    1.00    0.00    0.00    0.00    1.00    21  |__CPU 1/TCG
06:21:46     1000         -   2939943   99.00    1.00    0.00    0.00  100.00    20  |__CPU 2/TCG
06:21:46     1000         -   2939944    0.00    0.00    0.00    0.00    0.00     2  |__CPU 3/TCG
06:21:47     1000   2939919         -  200.00    3.00    0.00    0.00  203.00     5  qemu-system-aar
06:21:47     1000         -   2939919    0.00    2.00    0.00    0.00    2.00     5  |__qemu-system-aar
06:21:47     1000         -   2939926    0.00    0.00    0.00    0.00    0.00     0  |__call_rcu
06:21:47     1000         -   2939941   99.00    0.00    0.00    0.00   99.00     0  |__CPU 0/TCG
06:21:47     1000         -   2939942    0.00    0.00    0.00    0.00    0.00    21  |__CPU 1/TCG
06:21:47     1000         -   2939943   99.00    1.00    0.00    0.00  100.00     4  |__CPU 2/TCG
06:21:47     1000         -   2939944    0.00    0.00    0.00    0.00    0.00     2  |__CPU 3/TCG
06:21:48     1000   2939919         -  200.00    2.00    0.00    0.00  202.00     6  qemu-system-aar
06:21:48     1000         -   2939919    1.00    2.00    0.00    0.00    3.00     6  |__qemu-system-aar
06:21:48     1000         -   2939926    0.00    0.00    0.00    0.00    0.00     0  |__call_rcu
06:21:48     1000         -   2939941   99.00    0.00    0.00    0.00   99.00     0  |__CPU 0/TCG
06:21:48     1000         -   2939942    0.00    0.00    0.00    0.00    0.00    21  |__CPU 1/TCG
06:21:48     1000         -   2939943   99.00    0.00    0.00    0.00   99.00     4  |__CPU 2/TCG
06:21:48     1000         -   2939944    0.00    0.00    0.00    0.00    0.00     2  |__CPU 3/TCG
06:21:49     1000   2939919         -  200.00    2.00    0.00    0.00  202.00    17  qemu-system-aar
06:21:49     1000         -   2939919    1.00    2.00    0.00    0.00    3.00    17  |__qemu-system-aar
06:21:49     1000         -   2939926    0.00    0.00    0.00    0.00    0.00     0  |__call_rcu
06:21:49     1000         -   2939941   99.00    1.00    0.00    0.00  100.00     0  |__CPU 0/TCG
06:21:49     1000         -   2939942    1.00    0.00    0.00    0.00    1.00    21  |__CPU 1/TCG
06:21:49     1000         -   2939943   98.00    1.00    0.00    0.00   99.00     4  |__CPU 2/TCG
06:21:49     1000         -   2939944    0.00    0.00    0.00    0.00    0.00     2  |__CPU 3/TCG
06:21:50     1000   2939919         -  200.00    3.00    0.00    0.00  203.00    17  qemu-system-aar
06:21:50     1000         -   2939919    1.00    2.00    0.00    0.00    3.00    17  |__qemu-system-aar
06:21:50     1000         -   2939926    0.00    0.00    0.00    0.00    0.00     0  |__call_rcu
06:21:50     1000         -   2939941   99.00    0.00    0.00    0.00   99.00     0  |__CPU 0/TCG
06:21:50     1000         -   2939942    1.00    0.00    0.00    0.00    1.00    22  |__CPU 1/TCG
06:21:50     1000         -   2939943   99.00    2.00    0.00    0.00  101.00    20  |__CPU 2/TCG
06:21:50     1000         -   2939944    0.00    0.00    0.00    0.00    0.00     2  |__CPU 3/TCG
06:21:51     1000   2939919         -  200.00    2.00    0.00    0.00  202.00    17  qemu-system-aar
06:21:51     1000         -   2939919    1.00    2.00    0.00    0.00    3.00    17  |__qemu-system-aar
06:21:51     1000         -   2939926    0.00    0.00    0.00    0.00    0.00     0  |__call_rcu
06:21:51     1000         -   2939941   99.00    1.00    0.00    0.00  100.00     0  |__CPU 0/TCG
06:21:51     1000         -   2939942    0.00    0.00    0.00    0.00    0.00    22  |__CPU 1/TCG
06:21:51     1000         -   2939943   98.00    0.00    0.00    0.00   98.00    20  |__CPU 2/TCG
06:21:51     1000         -   2939944    0.00    0.00    0.00    0.00    0.00     2  |__CPU 3/TCG
06:21:52     1000   2939919         -  199.00    3.00    0.00    0.00  202.00    17  qemu-system-aar
06:21:52     1000         -   2939919    1.00    3.00    0.00    0.00    4.00    17  |__qemu-system-aar
06:21:52     1000         -   2939926    0.00    0.00    0.00    0.00    0.00     0  |__call_rcu
06:21:52     1000         -   2939941   98.00    0.00    0.00    0.00   98.00    16  |__CPU 0/TCG
06:21:52     1000         -   2939942    1.00    0.00    0.00    0.00    1.00    22  |__CPU 1/TCG
06:21:52     1000         -   2939943   99.00    1.00    0.00    0.00  100.00    20  |__CPU 2/TCG
06:21:52     1000         -   2939944    0.00    0.00    0.00    0.00    0.00     2  |__CPU 3/TCG
06:21:53     1000   2939919         -  200.00    3.00    0.00    0.00  203.00    17  qemu-system-aar
06:21:53     1000         -   2939919    1.00    1.00    0.00    0.00    2.00    17  |__qemu-system-aar
06:21:53     1000         -   2939926    0.00    0.00    0.00    0.00    0.00     0  |__call_rcu
06:21:53     1000         -   2939941   99.00    1.00    0.00    0.00  100.00    16  |__CPU 0/TCG
06:21:53     1000         -   2939942    0.00    0.00    0.00    0.00    0.00    22  |__CPU 1/TCG
06:21:53     1000         -   2939943   99.00    2.00    0.00    0.00  101.00    20  |__CPU 2/TCG
06:21:53     1000         -   2939944    0.00    0.00    0.00    0.00    0.00     2  |__CPU 3/TCG
06:21:54     1000   2939919         -  201.00    2.00    0.00    0.00  203.00    17  qemu-system-aar
06:21:54     1000         -   2939919    1.00    2.00    0.00    0.00    3.00    17  |__qemu-system-aar
06:21:54     1000         -   2939926    0.00    0.00    0.00    0.00    0.00     0  |__call_rcu
06:21:54     1000         -   2939941   99.00    0.00    0.00    0.00   99.00    16  |__CPU 0/TCG
06:21:54     1000         -   2939942    1.00    0.00    0.00    0.00    1.00    22  |__CPU 1/TCG
06:21:54     1000         -   2939943   99.00    0.00    0.00    0.00   99.00    20  |__CPU 2/TCG
06:21:54     1000         -   2939944    0.00    0.00    0.00    0.00    0.00     2  |__CPU 3/TCG
06:21:55     1000   2939919         -  198.00    3.00    0.00    0.00  201.00    19  qemu-system-aar
06:21:55     1000         -   2939919    1.00    2.00    0.00    0.00    3.00    19  |__qemu-system-aar
06:21:55     1000         -   2939926    0.00    0.00    0.00    0.00    0.00     0  |__call_rcu
06:21:55     1000         -   2939941   99.00    1.00    0.00    0.00  100.00    16  |__CPU 0/TCG
06:21:55     1000         -   2939942    1.00    0.00    0.00    0.00    1.00    22  |__CPU 1/TCG
06:21:55     1000         -   2939943   98.00    1.00    0.00    0.00   99.00    20  |__CPU 2/TCG
06:21:55     1000         -   2939944    0.00    0.00    0.00    0.00    0.00     2  |__CPU 3/TCG
06:21:56     1000   2939919         -  200.00    3.00    0.00    0.00  203.00    22  qemu-system-aar
06:21:56     1000         -   2939919    2.00    2.00    0.00    0.00    4.00    22  |__qemu-system-aar
06:21:56     1000         -   2939926    0.00    0.00    0.00    0.00    0.00     0  |__call_rcu
06:21:56     1000         -   2939941   98.00    0.00    0.00    0.00   98.00    16  |__CPU 0/TCG
06:21:56     1000         -   2939942    0.00    0.00    0.00    0.00    0.00    17  |__CPU 1/TCG
06:21:56     1000         -   2939943   98.00    2.00    0.00    0.00  100.00    20  |__CPU 2/TCG
06:21:56     1000         -   2939944    0.00    0.00    0.00    0.00    0.00     2  |__CPU 3/TCG
06:21:57     1000   2939919         -  200.00    3.00    0.00    0.00  203.00    19  qemu-system-aar
06:21:57     1000         -   2939919    0.00    2.00    0.00    0.00    2.00    19  |__qemu-system-aar
06:21:57     1000         -   2939926    0.00    0.00    0.00    0.00    0.00     0  |__call_rcu
06:21:57     1000         -   2939941   99.00    1.00    0.00    0.00  100.00    16  |__CPU 0/TCG
06:21:57     1000         -   2939942    1.00    0.00    0.00    0.00    1.00    17  |__CPU 1/TCG
06:21:57     1000         -   2939943   99.00    1.00    0.00    0.00  100.00    20  |__CPU 2/TCG
06:21:57     1000         -   2939944    0.00    0.00    0.00    0.00    0.00     2  |__CPU 3/TCG
06:21:58     1000   2939919         -  199.00    3.00    0.00    0.00  202.00    22  qemu-system-aar
06:21:58     1000         -   2939919    1.00    2.00    0.00    0.00    3.00    22  |__qemu-system-aar
06:21:58     1000         -   2939926    0.00    0.00    0.00    0.00    0.00     0  |__call_rcu
06:21:58     1000         -   2939941   99.00    0.00    0.00    0.00   99.00    16  |__CPU 0/TCG
06:21:58     1000         -   2939942    1.00    0.00    0.00    0.00    1.00    17  |__CPU 1/TCG
06:21:58     1000         -   2939943   98.00    1.00    0.00    0.00   99.00    20  |__CPU 2/TCG
06:21:58     1000         -   2939944    0.00    0.00    0.00    0.00    0.00     2  |__CPU 3/TCG
06:21:59     1000   2939919         -  199.00    3.00    0.00    0.00  202.00    19  qemu-system-aar
06:21:59     1000         -   2939919    1.00    2.00    0.00    0.00    3.00    19  |__qemu-system-aar
06:21:59     1000         -   2939926    0.00    0.00    0.00    0.00    0.00     0  |__call_rcu
06:21:59     1000         -   2939941   99.00    1.00    0.00    0.00  100.00     0  |__CPU 0/TCG
06:21:59     1000         -   2939942    0.00    0.00    0.00    0.00    0.00    17  |__CPU 1/TCG
06:21:59     1000         -   2939943   98.00    2.00    0.00    0.00  100.00     4  |__CPU 2/TCG
06:21:59     1000         -   2939944    0.00    0.00    0.00    0.00    0.00     2  |__CPU 3/TCG
06:22:00     1000   2939919         -  200.00    2.00    0.00    0.00  202.00     5  qemu-system-aar
06:22:00     1000         -   2939919    2.00    1.00    0.00    0.00    3.00     5  |__qemu-system-aar
06:22:00     1000         -   2939926    0.00    0.00    0.00    0.00    0.00     0  |__call_rcu
06:22:00     1000         -   2939941   99.00    0.00    0.00    0.00   99.00     0  |__CPU 0/TCG
06:22:00     1000         -   2939942    0.00    0.00    0.00    0.00    0.00    17  |__CPU 1/TCG
06:22:00     1000         -   2939943   99.00    1.00    0.00    0.00  100.00     4  |__CPU 2/TCG
06:22:00     1000         -   2939944    0.00    0.00    0.00    0.00    0.00     2  |__CPU 3/TCG
06:22:01     1000   2939919         -  200.00    3.00    0.00    0.00  203.00    19  qemu-system-aar
06:22:01     1000         -   2939919    1.00    1.00    0.00    0.00    2.00    19  |__qemu-system-aar
06:22:01     1000         -   2939926    0.00    0.00    0.00    0.00    0.00     0  |__call_rcu
06:22:01     1000         -   2939941   98.00    1.00    0.00    0.00   99.00    16  |__CPU 0/TCG
06:22:01     1000         -   2939942    1.00    0.00    0.00    0.00    1.00    22  |__CPU 1/TCG
06:22:01     1000         -   2939943   99.00    1.00    0.00    0.00  100.00     4  |__CPU 2/TCG
06:22:01     1000         -   2939944    0.00    0.00    0.00    0.00    0.00     2  |__CPU 3/TCG
06:22:02     1000   2939919         -  200.00    3.00    0.00    0.00  203.00    22  qemu-system-aar
06:22:02     1000         -   2939919    1.00    2.00    0.00    0.00    3.00    22  |__qemu-system-aar
06:22:02     1000         -   2939926    0.00    0.00    0.00    0.00    0.00     0  |__call_rcu
06:22:02     1000         -   2939941   99.00    0.00    0.00    0.00   99.00    16  |__CPU 0/TCG
06:22:02     1000         -   2939942    0.00    0.00    0.00    0.00    0.00    17  |__CPU 1/TCG
06:22:02     1000         -   2939943   99.00    0.00    0.00    0.00   99.00     4  |__CPU 2/TCG
06:22:02     1000         -   2939944    0.00    0.00    0.00    0.00    0.00     2  |__CPU 3/TCG
06:22:03     1000   2939919         -  200.00    2.00    0.00    0.00  202.00    19  qemu-system-aar
06:22:03     1000         -   2939919    1.00    3.00    0.00    0.00    4.00    19  |__qemu-system-aar
06:22:03     1000         -   2939926    0.00    0.00    0.00    0.00    0.00     0  |__call_rcu
06:22:03     1000         -   2939941   99.00    1.00    0.00    0.00  100.00    16  |__CPU 0/TCG
06:22:03     1000         -   2939942    1.00    0.00    0.00    0.00    1.00    22  |__CPU 1/TCG
06:22:03     1000         -   2939943   98.00    1.00    0.00    0.00   99.00     4  |__CPU 2/TCG
06:22:03     1000         -   2939944    0.00    0.00    0.00    0.00    0.00     2  |__CPU 3/TCG
06:22:04     1000   2939919         -  200.00    2.00    0.00    0.00  202.00    19  qemu-system-aar
06:22:04     1000         -   2939919    0.00    2.00    0.00    0.00    2.00    19  |__qemu-system-aar
06:22:04     1000         -   2939926    0.00    0.00    0.00    0.00    0.00     0  |__call_rcu
06:22:04     1000         -   2939941   99.00    0.00    0.00    0.00   99.00     0  |__CPU 0/TCG
06:22:04     1000         -   2939942    0.00    0.00    0.00    0.00    0.00    17  |__CPU 1/TCG
06:22:04     1000         -   2939943   99.00    1.00    0.00    0.00  100.00    20  |__CPU 2/TCG
06:22:04     1000         -   2939944    0.00    0.00    0.00    0.00    0.00     2  |__CPU 3/TCG
06:22:05     1000   2939919         -  199.00    3.00    0.00    0.00  202.00     3  qemu-system-aar
06:22:05     1000         -   2939919    2.00    1.00    0.00    0.00    3.00     3  |__qemu-system-aar
06:22:05     1000         -   2939926    0.00    0.00    0.00    0.00    0.00     0  |__call_rcu
06:22:05     1000         -   2939941   99.00    0.00    0.00    0.00   99.00     0  |__CPU 0/TCG
06:22:05     1000         -   2939942    1.00    1.00    0.00    0.00    2.00    17  |__CPU 1/TCG
06:22:05     1000         -   2939943   99.00    1.00    0.00    0.00  100.00    20  |__CPU 2/TCG
06:22:05     1000         -   2939944    0.00    0.00    0.00    0.00    0.00     2  |__CPU 3/TCG
06:22:06     1000   2939919         -  200.00    2.00    0.00    0.00  202.00     7  qemu-system-aar
06:22:06     1000         -   2939919    1.00    2.00    0.00    0.00    3.00     7  |__qemu-system-aar
06:22:06     1000         -   2939926    0.00    0.00    0.00    0.00    0.00     0  |__call_rcu
06:22:06     1000         -   2939941   99.00    1.00    0.00    0.00  100.00     0  |__CPU 0/TCG
06:22:06     1000         -   2939942    0.00    0.00    0.00    0.00    0.00    17  |__CPU 1/TCG
06:22:06     1000         -   2939943   99.00    1.00    0.00    0.00  100.00    20  |__CPU 2/TCG
06:22:06     1000         -   2939944    0.00    0.00    0.00    0.00    0.00     2  |__CPU 3/TCG
06:22:07     1000   2939919         -  199.00    3.00    0.00    0.00  202.00     2  qemu-system-aar
06:22:07     1000         -   2939919    1.00    2.00    0.00    0.00    3.00     2  |__qemu-system-aar
06:22:07     1000         -   2939926    0.00    0.00    0.00    0.00    0.00     0  |__call_rcu
06:22:07     1000         -   2939941   99.00    0.00    0.00    0.00   99.00     0  |__CPU 0/TCG
06:22:07     1000         -   2939942    0.00    0.00    0.00    0.00    0.00    17  |__CPU 1/TCG
06:22:07     1000         -   2939943   98.00    1.00    0.00    0.00   99.00    20  |__CPU 2/TCG
06:22:07     1000         -   2939944    0.00    0.00    0.00    0.00    0.00     2  |__CPU 3/TCG
06:22:08     1000   2939919         -  200.00    2.00    0.00    0.00  202.00    17  qemu-system-aar
06:22:08     1000         -   2939919    1.00    2.00    0.00    0.00    3.00    17  |__qemu-system-aar
06:22:08     1000         -   2939926    0.00    0.00    0.00    0.00    0.00     0  |__call_rcu
06:22:08     1000         -   2939941   98.00    1.00    0.00    0.00   99.00     0  |__CPU 0/TCG
06:22:08     1000         -   2939942    1.00    0.00    0.00    0.00    1.00    22  |__CPU 1/TCG
06:22:08     1000         -   2939943   99.00    1.00    0.00    0.00  100.00    20  |__CPU 2/TCG
06:22:08     1000         -   2939944    0.00    0.00    0.00    0.00    0.00     2  |__CPU 3/TCG
06:22:09     1000   2939919         -  199.00    3.00    0.00    0.00  202.00    22  qemu-system-aar
06:22:09     1000         -   2939919    0.00    2.00    0.00    0.00    2.00    22  |__qemu-system-aar
06:22:09     1000         -   2939926    0.00    0.00    0.00    0.00    0.00     0  |__call_rcu
06:22:09     1000         -   2939941   99.00    0.00    0.00    0.00   99.00     0  |__CPU 0/TCG
06:22:09     1000         -   2939942    0.00    0.00    0.00    0.00    0.00    17  |__CPU 1/TCG
06:22:09     1000         -   2939943   98.00    1.00    0.00    0.00   99.00    20  |__CPU 2/TCG
06:22:09     1000         -   2939944    0.00    0.00    0.00    0.00    0.00     2  |__CPU 3/TCG
06:22:10     1000   2939919         -  200.00    3.00    0.00    0.00  203.00    22  qemu-system-aar
06:22:10     1000         -   2939919    2.00    2.00    0.00    0.00    4.00    22  |__qemu-system-aar
06:22:10     1000         -   2939926    0.00    0.00    0.00    0.00    0.00     0  |__call_rcu
06:22:10     1000         -   2939941   98.00    1.00    0.00    0.00   99.00     0  |__CPU 0/TCG
06:22:10     1000         -   2939942    1.00    0.00    0.00    0.00    1.00    18  |__CPU 1/TCG
06:22:10     1000         -   2939943   99.00    1.00    0.00    0.00  100.00    20  |__CPU 2/TCG
06:22:10     1000         -   2939944    0.00    0.00    0.00    0.00    0.00     2  |__CPU 3/TCG
06:22:11     1000   2939919         -  199.00    3.00    0.00    0.00  202.00     1  qemu-system-aar
06:22:11     1000         -   2939919    0.00    2.00    0.00    0.00    2.00     1  |__qemu-system-aar
06:22:11     1000         -   2939926    0.00    0.00    0.00    0.00    0.00     0  |__call_rcu
06:22:11     1000         -   2939941   99.00    1.00    0.00    0.00  100.00     0  |__CPU 0/TCG
06:22:11     1000         -   2939942    0.00    0.00    0.00    0.00    0.00    17  |__CPU 1/TCG
06:22:11     1000         -   2939943   98.00    1.00    0.00    0.00   99.00    20  |__CPU 2/TCG
06:22:11     1000         -   2939944    0.00    0.00    0.00    0.00    0.00     2  |__CPU 3/TCG
06:22:12     1000   2939919         -  200.00    2.00    0.00    0.00  202.00    22  qemu-system-aar
06:22:12     1000         -   2939919    2.00    2.00    0.00    0.00    4.00    22  |__qemu-system-aar
06:22:12     1000         -   2939926    0.00    0.00    0.00    0.00    0.00     0  |__call_rcu
06:22:12     1000         -   2939941   99.00    0.00    0.00    0.00   99.00     0  |__CPU 0/TCG
06:22:12     1000         -   2939942    0.00    0.00    0.00    0.00    0.00    17  |__CPU 1/TCG
06:22:12     1000         -   2939943   99.00    1.00    0.00    0.00  100.00    20  |__CPU 2/TCG
06:22:12     1000         -   2939944    0.00    0.00    0.00    0.00    0.00     2  |__CPU 3/TCG
06:22:13     1000   2939919         -  199.00    3.00    0.00    0.00  202.00     2  qemu-system-aar
06:22:13     1000         -   2939919    0.00    2.00    0.00    0.00    2.00     2  |__qemu-system-aar
06:22:13     1000         -   2939926    0.00    0.00    0.00    0.00    0.00     0  |__call_rcu
06:22:13     1000         -   2939941   99.00    0.00    0.00    0.00   99.00     0  |__CPU 0/TCG
06:22:13     1000         -   2939942    1.00    0.00    0.00    0.00    1.00    17  |__CPU 1/TCG
06:22:13     1000         -   2939943   98.00    2.00    0.00    0.00  100.00    20  |__CPU 2/TCG
06:22:13     1000         -   2939944    0.00    0.00    0.00    0.00    0.00     2  |__CPU 3/TCG
06:22:14     1000   2939919         -  200.00    3.00    0.00    0.00  203.00     5  qemu-system-aar
06:22:14     1000         -   2939919    2.00    1.00    0.00    0.00    3.00     5  |__qemu-system-aar
06:22:14     1000         -   2939926    0.00    0.00    0.00    0.00    0.00     0  |__call_rcu
06:22:14     1000         -   2939941   99.00    1.00    0.00    0.00  100.00     0  |__CPU 0/TCG
06:22:14     1000         -   2939942    0.00    0.00    0.00    0.00    0.00    17  |__CPU 1/TCG
06:22:14     1000         -   2939943   99.00    1.00    0.00    0.00  100.00    20  |__CPU 2/TCG
06:22:14     1000         -   2939944    0.00    0.00    0.00    0.00    0.00     2  |__CPU 3/TCG
06:22:15     1000   2939919         -  199.00    2.00    0.00    0.00  201.00     3  qemu-system-aar
06:22:15     1000         -   2939919    1.00    2.00    0.00    0.00    3.00     3  |__qemu-system-aar
06:22:15     1000         -   2939926    0.00    0.00    0.00    0.00    0.00     0  |__call_rcu
06:22:15     1000         -   2939941   98.00    1.00    0.00    0.00   99.00    16  |__CPU 0/TCG
06:22:15     1000         -   2939942    0.00    0.00    0.00    0.00    0.00    17  |__CPU 1/TCG
06:22:15     1000         -   2939943   99.00    1.00    0.00    0.00  100.00    20  |__CPU 2/TCG
06:22:15     1000         -   2939944    0.00    0.00    0.00    0.00    0.00     2  |__CPU 3/TCG
06:22:16     1000   2939919         -  200.00    3.00    0.00    0.00  203.00     7  qemu-system-aar
06:22:16     1000         -   2939919    1.00    2.00    0.00    0.00    3.00     7  |__qemu-system-aar
06:22:16     1000         -   2939926    0.00    0.00    0.00    0.00    0.00     0  |__call_rcu
06:22:16     1000         -   2939941   99.00    0.00    0.00    0.00   99.00    16  |__CPU 0/TCG
06:22:16     1000         -   2939942    1.00    0.00    0.00    0.00    1.00    17  |__CPU 1/TCG
06:22:16     1000         -   2939943   98.00    1.00    0.00    0.00   99.00    20  |__CPU 2/TCG
06:22:16     1000         -   2939944    0.00    0.00    0.00    0.00    0.00     2  |__CPU 3/TCG
06:22:17     1000   2939919         -  200.00    2.00    0.00    0.00  202.00     7  qemu-system-aar
06:22:17     1000         -   2939919    1.00    2.00    0.00    0.00    3.00     7  |__qemu-system-aar
06:22:17     1000         -   2939926    0.00    0.00    0.00    0.00    0.00     0  |__call_rcu
06:22:17     1000         -   2939941   99.00    1.00    0.00    0.00  100.00    16  |__CPU 0/TCG
06:22:17     1000         -   2939942    0.00    0.00    0.00    0.00    0.00    18  |__CPU 1/TCG
06:22:17     1000         -   2939943   99.00    0.00    0.00    0.00   99.00    20  |__CPU 2/TCG
06:22:17     1000         -   2939944    0.00    0.00    0.00    0.00    0.00     2  |__CPU 3/TCG
06:22:18     1000   2939919         -  200.00    3.00    0.00    0.00  203.00     7  qemu-system-aar
06:22:18     1000         -   2939919    1.00    2.00    0.00    0.00    3.00     7  |__qemu-system-aar
06:22:18     1000         -   2939926    0.00    0.00    0.00    0.00    0.00     0  |__call_rcu
06:22:18     1000         -   2939941   98.00    0.00    0.00    0.00   98.00    16  |__CPU 0/TCG
06:22:18     1000         -   2939942    1.00    0.00    0.00    0.00    1.00    17  |__CPU 1/TCG
06:22:18     1000         -   2939943   99.00    1.00    0.00    0.00  100.00    20  |__CPU 2/TCG
06:22:18     1000         -   2939944    0.00    0.00    0.00    0.00    0.00     2  |__CPU 3/TCG
06:22:19     1000   2939919         -  201.00    2.00    0.00    0.00  203.00    17  qemu-system-aar
06:22:19     1000         -   2939919    1.00    1.00    0.00    0.00    2.00    17  |__qemu-system-aar
06:22:19     1000         -   2939926    0.00    0.00    0.00    0.00    0.00     0  |__call_rcu
06:22:19     1000         -   2939941   99.00    1.00    0.00    0.00  100.00    16  |__CPU 0/TCG
06:22:19     1000         -   2939942    1.00    0.00    0.00    0.00    1.00    19  |__CPU 1/TCG
06:22:19     1000         -   2939943   99.00    1.00    0.00    0.00  100.00    20  |__CPU 2/TCG
06:22:19     1000         -   2939944    0.00    0.00    0.00    0.00    0.00     2  |__CPU 3/TCG
06:22:20     1000   2939919         -  200.00    2.00    0.00    0.00  202.00     6  qemu-system-aar
06:22:20     1000         -   2939919    1.00    2.00    0.00    0.00    3.00     6  |__qemu-system-aar
06:22:20     1000         -   2939926    0.00    0.00    0.00    0.00    0.00     0  |__call_rcu
06:22:20     1000         -   2939941   99.00    0.00    0.00    0.00   99.00    16  |__CPU 0/TCG
06:22:20     1000         -   2939942    0.00    0.00    0.00    0.00    0.00    18  |__CPU 1/TCG
06:22:20     1000         -   2939943   98.00    1.00    0.00    0.00   99.00    20  |__CPU 2/TCG
06:22:20     1000         -   2939944    0.00    0.00    0.00    0.00    0.00     2  |__CPU 3/TCG
06:22:21     1000   2939919         -  201.00    2.00    0.00    0.00  203.00    17  qemu-system-aar
06:22:21     1000         -   2939919    1.00    3.00    0.00    0.00    4.00    17  |__qemu-system-aar
06:22:21     1000         -   2939926    0.00    0.00    0.00    0.00    0.00     0  |__call_rcu
06:22:21     1000         -   2939941   99.00    0.00    0.00    0.00   99.00     0  |__CPU 0/TCG
06:22:21     1000         -   2939942    1.00    0.00    0.00    0.00    1.00    20  |__CPU 1/TCG
06:22:21     1000         -   2939943  100.00    0.00    0.00    0.00  100.00     4  |__CPU 2/TCG
06:22:21     1000         -   2939944    0.00    0.00    0.00    0.00    0.00     2  |__CPU 3/TCG
06:22:22     1000   2939919         -  199.00    3.00    0.00    0.00  202.00    23  qemu-system-aar
06:22:22     1000         -   2939919    1.00    2.00    0.00    0.00    3.00    23  |__qemu-system-aar
06:22:22     1000         -   2939926    0.00    0.00    0.00    0.00    0.00     0  |__call_rcu
06:22:22     1000         -   2939941   99.00    1.00    0.00    0.00  100.00     0  |__CPU 0/TCG
06:22:22     1000         -   2939942    1.00    0.00    0.00    0.00    1.00     6  |__CPU 1/TCG
06:22:22     1000         -   2939943   98.00    1.00    0.00    0.00   99.00    20  |__CPU 2/TCG
06:22:22     1000         -   2939944    0.00    0.00    0.00    0.00    0.00     2  |__CPU 3/TCG
06:22:23     1000   2939919         -  199.00    3.00    0.00    0.00  202.00     7  qemu-system-aar
06:22:23     1000         -   2939919    1.00    1.00    0.00    0.00    2.00     7  |__qemu-system-aar
06:22:23     1000         -   2939926    0.00    0.00    0.00    0.00    0.00     0  |__call_rcu
06:22:23     1000         -   2939941   99.00    1.00    0.00    0.00  100.00    16  |__CPU 0/TCG
06:22:23     1000         -   2939942    0.00    0.00    0.00    0.00    0.00     6  |__CPU 1/TCG
06:22:23     1000         -   2939943   99.00    2.00    0.00    0.00  101.00    20  |__CPU 2/TCG
06:22:23     1000         -   2939944    0.00    0.00    0.00    0.00    0.00     2  |__CPU 3/TCG
06:22:24     1000   2939919         -  201.00    1.00    0.00    0.00  202.00    22  qemu-system-aar
06:22:24     1000         -   2939919    1.00    3.00    0.00    0.00    4.00    22  |__qemu-system-aar
06:22:24     1000         -   2939926    0.00    0.00    0.00    0.00    0.00     0  |__call_rcu
06:22:24     1000         -   2939941   99.00    0.00    0.00    0.00   99.00     0  |__CPU 0/TCG
06:22:24     1000         -   2939942    1.00    0.00    0.00    0.00    1.00     2  |__CPU 1/TCG
06:22:24     1000         -   2939943   99.00    0.00    0.00    0.00   99.00    20  |__CPU 2/TCG
06:22:24     1000         -   2939944    0.00    0.00    0.00    0.00    0.00     2  |__CPU 3/TCG
06:22:25     1000   2939919         -  200.00    3.00    0.00    0.00  203.00    17  qemu-system-aar
06:22:25     1000         -   2939919    1.00    2.00    0.00    0.00    3.00    17  |__qemu-system-aar
06:22:25     1000         -   2939926    0.00    0.00    0.00    0.00    0.00     0  |__call_rcu
06:22:25     1000         -   2939941   98.00    0.00    0.00    0.00   98.00    16  |__CPU 0/TCG
06:22:25     1000         -   2939942    0.00    0.00    0.00    0.00    0.00     6  |__CPU 1/TCG
06:22:25     1000         -   2939943   99.00    1.00    0.00    0.00  100.00    20  |__CPU 2/TCG
06:22:25     1000         -   2939944    0.00    0.00    0.00    0.00    0.00     2  |__CPU 3/TCG
06:22:26     1000   2939919         -  200.00    3.00    0.00    0.00  203.00     6  qemu-system-aar
06:22:26     1000         -   2939919    1.00    2.00    0.00    0.00    3.00     6  |__qemu-system-aar
06:22:26     1000         -   2939926    0.00    0.00    0.00    0.00    0.00     0  |__call_rcu
06:22:26     1000         -   2939941   99.00    1.00    0.00    0.00  100.00    16  |__CPU 0/TCG
06:22:26     1000         -   2939942    1.00    0.00    0.00    0.00    1.00     2  |__CPU 1/TCG
06:22:26     1000         -   2939943   98.00    1.00    0.00    0.00   99.00    20  |__CPU 2/TCG
06:22:26     1000         -   2939944    0.00    0.00    0.00    0.00    0.00     2  |__CPU 3/TCG
06:22:27     1000   2939919         -  200.00    2.00    0.00    0.00  202.00    19  qemu-system-aar
06:22:27     1000         -   2939919    1.00    2.00    0.00    0.00    3.00    19  |__qemu-system-aar
06:22:27     1000         -   2939926    0.00    0.00    0.00    0.00    0.00     0  |__call_rcu
06:22:27     1000         -   2939941   99.00    0.00    0.00    0.00   99.00    16  |__CPU 0/TCG
06:22:27     1000         -   2939942    0.00    0.00    0.00    0.00    0.00     3  |__CPU 1/TCG
06:22:27     1000         -   2939943   99.00    1.00    0.00    1.00  100.00    20  |__CPU 2/TCG
06:22:27     1000         -   2939944    0.00    0.00    0.00    0.00    0.00     2  |__CPU 3/TCG
06:22:28     1000   2939919         -  199.00    3.00    0.00    0.00  202.00    19  qemu-system-aar
06:22:28     1000         -   2939919    1.00    2.00    0.00    0.00    3.00    19  |__qemu-system-aar
06:22:28     1000         -   2939926    0.00    0.00    0.00    0.00    0.00     0  |__call_rcu
06:22:28     1000         -   2939941   99.00    1.00    0.00    0.00  100.00    16  |__CPU 0/TCG
06:22:28     1000         -   2939942    1.00    0.00    0.00    0.00    1.00     3  |__CPU 1/TCG
06:22:28     1000         -   2939943   98.00    2.00    0.00    0.00  100.00    20  |__CPU 2/TCG
06:22:28     1000         -   2939944    0.00    0.00    0.00    0.00    0.00     2  |__CPU 3/TCG
06:22:29     1000   2939919         -  200.00    3.00    0.00    0.00  203.00     3  qemu-system-aar
06:22:29     1000         -   2939919    1.00    1.00    0.00    0.00    2.00     3  |__qemu-system-aar
06:22:29     1000         -   2939926    0.00    0.00    0.00    0.00    0.00     0  |__call_rcu
06:22:29     1000         -   2939941   99.00    0.00    0.00    0.00   99.00    16  |__CPU 0/TCG
06:22:29     1000         -   2939942    0.00    0.00    0.00    0.00    0.00     5  |__CPU 1/TCG
06:22:29     1000         -   2939943   99.00    1.00    0.00    0.00  100.00    20  |__CPU 2/TCG
06:22:29     1000         -   2939944    0.00    0.00    0.00    0.00    0.00     2  |__CPU 3/TCG
06:22:30     1000   2939919         -  199.00    3.00    0.00    0.00  202.00    17  qemu-system-aar
06:22:30     1000         -   2939919    0.00    3.00    0.00    0.00    3.00    17  |__qemu-system-aar
06:22:30     1000         -   2939926    0.00    0.00    0.00    0.00    0.00     0  |__call_rcu
06:22:30     1000         -   2939941   99.00    0.00    0.00    0.00   99.00    16  |__CPU 0/TCG
06:22:30     1000         -   2939942    1.00    0.00    0.00    0.00    1.00     6  |__CPU 1/TCG
06:22:30     1000         -   2939943   98.00    1.00    0.00    0.00   99.00     4  |__CPU 2/TCG
06:22:30     1000         -   2939944    0.00    0.00    0.00    0.00    0.00     2  |__CPU 3/TCG
06:22:31     1000   2939919         -  200.00    2.00    0.00    0.00  202.00     3  qemu-system-aar
06:22:31     1000         -   2939919    2.00    1.00    0.00    0.00    3.00     3  |__qemu-system-aar
06:22:31     1000         -   2939926    0.00    0.00    0.00    0.00    0.00     0  |__call_rcu
06:22:31     1000         -   2939941   98.00    1.00    0.00    0.00   99.00     0  |__CPU 0/TCG
06:22:31     1000         -   2939942    0.00    0.00    0.00    0.00    0.00     6  |__CPU 1/TCG
06:22:31     1000         -   2939943   99.00    1.00    0.00    0.00  100.00     4  |__CPU 2/TCG
06:22:31     1000         -   2939944    0.00    0.00    0.00    0.00    0.00     2  |__CPU 3/TCG
06:22:32     1000   2939919         -  201.00    2.00    0.00    0.00  203.00     3  qemu-system-aar
06:22:32     1000         -   2939919    1.00    2.00    0.00    0.00    3.00     3  |__qemu-system-aar
06:22:32     1000         -   2939926    0.00    0.00    0.00    0.00    0.00     0  |__call_rcu
06:22:32     1000         -   2939941   99.00    0.00    0.00    0.00   99.00     0  |__CPU 0/TCG
06:22:32     1000         -   2939942    1.00    0.00    0.00    0.00    1.00     5  |__CPU 1/TCG
06:22:32     1000         -   2939943   99.00    0.00    0.00    0.00   99.00     4  |__CPU 2/TCG
06:22:32     1000         -   2939944    0.00    0.00    0.00    0.00    0.00     2  |__CPU 3/TCG
06:22:33     1000   2939919         -  199.00    3.00    0.00    0.00  202.00     6  qemu-system-aar
06:22:33     1000         -   2939919    1.00    2.00    0.00    0.00    3.00     6  |__qemu-system-aar
06:22:33     1000         -   2939926    0.00    0.00    0.00    0.00    0.00     0  |__call_rcu
06:22:33     1000         -   2939941   99.00    1.00    0.00    0.00  100.00     0  |__CPU 0/TCG
06:22:33     1000         -   2939942    1.00    0.00    0.00    0.00    1.00     5  |__CPU 1/TCG
06:22:33     1000         -   2939943   99.00    1.00    0.00    0.00  100.00     4  |__CPU 2/TCG
06:22:33     1000         -   2939944    0.00    0.00    0.00    0.00    0.00     2  |__CPU 3/TCG
