Linux 6.17.0-40-generic (9950x) 	08/16/26 	_x86_64_	(32 CPU)

# Time        UID      TGID       TID    %usr %system  %guest   %wait    %CPU   CPU  Command
06:25:18     1000   3047740         -   99.00    8.00    0.00    0.00  107.00     2  qemu-system-aar
06:25:18     1000         -   3047740    1.00    4.00    0.00    0.00    5.00     2  |__qemu-system-aar
06:25:18     1000         -   3047747    0.00    0.00    0.00    0.00    0.00     1  |__call_rcu
06:25:18     1000         -   3047748    0.00    0.00    0.00    0.00    0.00     3  |__worker
06:25:18     1000         -   3047762   91.00    3.00    0.00    0.00   94.00    20  |__CPU 0/TCG
06:25:18     1000         -   3047763    1.00    0.00    0.00    0.00    1.00     4  |__CPU 1/TCG
06:25:18     1000         -   3047764    4.00    0.00    0.00    0.00    4.00     0  |__CPU 2/TCG
06:25:18     1000         -   3047765    0.00    0.00    0.00    0.00    0.00     0  |__CPU 3/TCG
06:25:19     1000   3047740         -  197.00    7.00    0.00    0.00  204.00     5  qemu-system-aar
06:25:19     1000         -   3047740    1.00    2.00    0.00    0.00    3.00     5  |__qemu-system-aar
06:25:19     1000         -   3047747    0.00    0.00    0.00    0.00    0.00     1  |__call_rcu
06:25:19     1000         -   3047748    0.00    0.00    0.00    0.00    0.00     3  |__worker
06:25:19     1000         -   3047762   96.00    3.00    0.00    0.00   99.00    20  |__CPU 0/TCG
06:25:19     1000         -   3047763    2.00    0.00    0.00    0.00    2.00     3  |__CPU 1/TCG
06:25:19     1000         -   3047764   97.00    1.00    0.00    0.00   98.00     0  |__CPU 2/TCG
06:25:19     1000         -   3047765    0.00    0.00    0.00    0.00    0.00     2  |__CPU 3/TCG
06:25:20     1000   3047740         -  198.00    4.00    0.00    0.00  202.00     3  qemu-system-aar
06:25:20     1000         -   3047740    1.00    3.00    0.00    0.00    4.00     3  |__qemu-system-aar
06:25:20     1000         -   3047747    0.00    0.00    0.00    0.00    0.00     1  |__call_rcu
06:25:20     1000         -   3047748    0.00    0.00    0.00    0.00    0.00     3  |__worker
06:25:20     1000         -   3047762   98.00    1.00    0.00    0.00   99.00    20  |__CPU 0/TCG
06:25:20     1000         -   3047763    0.00    0.00    0.00    0.00    0.00     2  |__CPU 1/TCG
06:25:20     1000         -   3047764   99.00    2.00    0.00    0.00  101.00     0  |__CPU 2/TCG
06:25:20     1000         -   3047765    0.00    0.00    0.00    0.00    0.00     2  |__CPU 3/TCG
06:25:21     1000   3047740         -  197.00    7.00    0.00    0.00  204.00     2  qemu-system-aar
06:25:21     1000         -   3047740    2.00    3.00    0.00    0.00    5.00     2  |__qemu-system-aar
06:25:21     1000         -   3047747    0.00    0.00    0.00    0.00    0.00     1  |__call_rcu
06:25:21     1000         -   3047748    0.00    0.00    0.00    0.00    0.00     3  |__worker
06:25:21     1000         -   3047762   97.00    2.00    0.00    0.00   99.00    20  |__CPU 0/TCG
06:25:21     1000         -   3047763    1.00    0.00    0.00    0.00    1.00     3  |__CPU 1/TCG
06:25:21     1000         -   3047764   96.00    2.00    0.00    0.00   98.00     0  |__CPU 2/TCG
06:25:21     1000         -   3047765    0.00    0.00    0.00    0.00    0.00     2  |__CPU 3/TCG
06:25:22     1000   3047740         -  200.00    4.00    0.00    0.00  204.00     6  qemu-system-aar
06:25:22     1000         -   3047740    1.00    3.00    0.00    0.00    4.00     6  |__qemu-system-aar
06:25:22     1000         -   3047747    0.00    0.00    0.00    0.00    0.00     1  |__call_rcu
06:25:22     1000         -   3047748    0.00    0.00    0.00    0.00    0.00     3  |__worker
06:25:22     1000         -   3047762   99.00    0.00    0.00    0.00   99.00    20  |__CPU 0/TCG
06:25:22     1000         -   3047763    1.00    0.00    0.00    0.00    1.00     3  |__CPU 1/TCG
06:25:22     1000         -   3047764   98.00    1.00    0.00    0.00   99.00     0  |__CPU 2/TCG
06:25:22     1000         -   3047765    0.00    0.00    0.00    0.00    0.00     2  |__CPU 3/TCG
06:25:23     1000   3047740         -  201.00    2.00    0.00    0.00  203.00    17  qemu-system-aar
06:25:23     1000         -   3047740    1.00    2.00    0.00    0.00    3.00    17  |__qemu-system-aar
06:25:23     1000         -   3047747    0.00    0.00    0.00    0.00    0.00     1  |__call_rcu
06:25:23     1000         -   3047748    0.00    0.00    0.00    0.00    0.00     3  |__worker
06:25:23     1000         -   3047762   99.00    1.00    0.00    0.00  100.00    20  |__CPU 0/TCG
06:25:23     1000         -   3047763    0.00    0.00    0.00    0.00    0.00     3  |__CPU 1/TCG
06:25:23     1000         -   3047764  100.00    1.00    0.00    0.00  101.00    16  |__CPU 2/TCG
06:25:23     1000         -   3047765    0.00    0.00    0.00    0.00    0.00     2  |__CPU 3/TCG
06:25:24     1000   3047740         -  199.00    4.00    0.00    0.00  203.00    19  qemu-system-aar
06:25:24     1000         -   3047740    2.00    2.00    0.00    0.00    4.00    19  |__qemu-system-aar
06:25:24     1000         -   3047747    0.00    0.00    0.00    0.00    0.00     1  |__call_rcu
06:25:24     1000         -   3047748    0.00    0.00    0.00    0.00    0.00     3  |__worker
06:25:24     1000         -   3047762   98.00    0.00    0.00    0.00   98.00    20  |__CPU 0/TCG
06:25:24     1000         -   3047763    1.00    0.00    0.00    0.00    1.00     7  |__CPU 1/TCG
06:25:24     1000         -   3047764   99.00    1.00    0.00    0.00  100.00    16  |__CPU 2/TCG
06:25:24     1000         -   3047765    0.00    0.00    0.00    0.00    0.00     2  |__CPU 3/TCG
06:25:25     1000   3047740         -  196.00    5.00    0.00    0.00  201.00    19  qemu-system-aar
06:25:25     1000         -   3047740    1.00    3.00    0.00    0.00    4.00    19  |__qemu-system-aar
06:25:25     1000         -   3047747    0.00    0.00    0.00    0.00    0.00     1  |__call_rcu
06:25:25     1000         -   3047748    0.00    0.00    0.00    0.00    0.00     3  |__worker
06:25:25     1000         -   3047762   95.00    2.00    0.00    0.00   97.00     4  |__CPU 0/TCG
06:25:25     1000         -   3047763    0.00    1.00    0.00    0.00    1.00     2  |__CPU 1/TCG
06:25:25     1000         -   3047764   98.00    1.00    0.00    0.00   99.00    16  |__CPU 2/TCG
06:25:25     1000         -   3047765    0.00    0.00    0.00    0.00    0.00     2  |__CPU 3/TCG
06:25:26     1000   3047740         -  194.00    7.00    0.00    0.00  201.00    20  qemu-system-aar
06:25:26     1000         -   3047740    0.00    4.00    0.00    0.00    4.00    20  |__qemu-system-aar
06:25:26     1000         -   3047747    0.00    0.00    0.00    0.00    0.00     1  |__call_rcu
06:25:26     1000         -   3047748    0.00    0.00    0.00    0.00    0.00     3  |__worker
06:25:26     1000         -   3047762   95.00    2.00    0.00    0.00   97.00     4  |__CPU 0/TCG
06:25:26     1000         -   3047763    1.00    0.00    0.00    0.00    1.00     2  |__CPU 1/TCG
06:25:26     1000         -   3047764   98.00    2.00    0.00    0.00  100.00    16  |__CPU 2/TCG
06:25:26     1000         -   3047765    0.00    0.00    0.00    0.00    0.00     2  |__CPU 3/TCG
06:25:27     1000   3047740         -  197.00    5.00    0.00    0.00  202.00    21  qemu-system-aar
06:25:27     1000         -   3047740    2.00    3.00    0.00    0.00    5.00    21  |__qemu-system-aar
06:25:27     1000         -   3047747    0.00    0.00    0.00    0.00    0.00     1  |__call_rcu
06:25:27     1000         -   3047748    0.00    0.00    0.00    0.00    0.00     3  |__worker
06:25:27     1000         -   3047762   96.00    1.00    0.00    0.00   97.00     4  |__CPU 0/TCG
06:25:27     1000         -   3047763    0.00    0.00    0.00    0.00    0.00     5  |__CPU 1/TCG
06:25:27     1000         -   3047764   98.00    1.00    0.00    0.00   99.00    16  |__CPU 2/TCG
06:25:27     1000         -   3047765    0.00    0.00    0.00    0.00    0.00     2  |__CPU 3/TCG
06:25:28     1000   3047740         -  199.00    3.00    0.00    0.00  202.00    23  qemu-system-aar
06:25:28     1000         -   3047740    1.00    2.00    0.00    0.00    3.00    23  |__qemu-system-aar
06:25:28     1000         -   3047747    0.00    0.00    0.00    0.00    0.00     1  |__call_rcu
06:25:28     1000         -   3047762   98.00    1.00    0.00    0.00   99.00     4  |__CPU 0/TCG
06:25:28     1000         -   3047763    1.00    0.00    0.00    0.00    1.00     3  |__CPU 1/TCG
06:25:28     1000         -   3047764   99.00    1.00    0.00    0.00  100.00    16  |__CPU 2/TCG
06:25:28     1000         -   3047765    0.00    0.00    0.00    0.00    0.00     2  |__CPU 3/TCG
06:25:29     1000   3047740         -  200.00    2.00    0.00    0.00  202.00     6  qemu-system-aar
06:25:29     1000         -   3047740    1.00    2.00    0.00    0.00    3.00     6  |__qemu-system-aar
06:25:29     1000         -   3047747    0.00    0.00    0.00    0.00    0.00     1  |__call_rcu
06:25:29     1000         -   3047762   99.00    1.00    0.00    0.00  100.00     4  |__CPU 0/TCG
06:25:29     1000         -   3047763    0.00    0.00    0.00    0.00    0.00     7  |__CPU 1/TCG
06:25:29     1000         -   3047764   98.00    1.00    0.00    0.00   99.00    16  |__CPU 2/TCG
06:25:29     1000         -   3047765    0.00    0.00    0.00    0.00    0.00     2  |__CPU 3/TCG
06:25:30     1000   3047740         -  200.00    4.00    0.00    0.00  204.00     3  qemu-system-aar
06:25:30     1000         -   3047740    1.00    2.00    0.00    0.00    3.00     3  |__qemu-system-aar
06:25:30     1000         -   3047747    0.00    0.00    0.00    0.00    0.00     1  |__call_rcu
06:25:30     1000         -   3047762   98.00    1.00    0.00    0.00   99.00    20  |__CPU 0/TCG
06:25:30     1000         -   3047763    1.00    0.00    0.00    0.00    1.00     7  |__CPU 1/TCG
06:25:30     1000         -   3047764   99.00    1.00    0.00    0.00  100.00    16  |__CPU 2/TCG
06:25:30     1000         -   3047765    0.00    0.00    0.00    0.00    0.00     2  |__CPU 3/TCG
06:25:31     1000   3047740         -  199.00    4.00    0.00    0.00  203.00     7  qemu-system-aar
06:25:31     1000         -   3047740    1.00    3.00    0.00    0.00    4.00     7  |__qemu-system-aar
06:25:31     1000         -   3047747    0.00    0.00    0.00    0.00    0.00     1  |__call_rcu
06:25:31     1000         -   3047762   99.00    0.00    0.00    0.00   99.00    20  |__CPU 0/TCG
06:25:31     1000         -   3047763    0.00    0.00    0.00    0.00    0.00     2  |__CPU 1/TCG
06:25:31     1000         -   3047764   98.00    2.00    0.00    0.00  100.00    16  |__CPU 2/TCG
06:25:31     1000         -   3047765    0.00    0.00    0.00    0.00    0.00     2  |__CPU 3/TCG
06:25:32     1000   3047740         -  199.00    3.00    0.00    0.00  202.00     7  qemu-system-aar
06:25:32     1000         -   3047740    1.00    2.00    0.00    0.00    3.00     7  |__qemu-system-aar
06:25:32     1000         -   3047747    0.00    0.00    0.00    0.00    0.00     1  |__call_rcu
06:25:32     1000         -   3047762   98.00    1.00    0.00    0.00   99.00    20  |__CPU 0/TCG
06:25:32     1000         -   3047763    1.00    0.00    0.00    0.00    1.00     6  |__CPU 1/TCG
06:25:32     1000         -   3047764   98.00    1.00    0.00    0.00   99.00    16  |__CPU 2/TCG
06:25:32     1000         -   3047765    0.00    0.00    0.00    0.00    0.00     2  |__CPU 3/TCG
06:25:33     1000   3047740         -  200.00    2.00    0.00    0.00  202.00     7  qemu-system-aar
06:25:33     1000         -   3047740    2.00    1.00    0.00    0.00    3.00     7  |__qemu-system-aar
06:25:33     1000         -   3047747    0.00    0.00    0.00    0.00    0.00     1  |__call_rcu
06:25:33     1000         -   3047762   99.00    1.00    0.00    0.00  100.00    20  |__CPU 0/TCG
06:25:33     1000         -   3047763    0.00    0.00    0.00    0.00    0.00     6  |__CPU 1/TCG
06:25:33     1000         -   3047764   99.00    1.00    0.00    0.00  100.00    16  |__CPU 2/TCG
06:25:33     1000         -   3047765    0.00    0.00    0.00    0.00    0.00     2  |__CPU 3/TCG
06:25:34     1000   3047740         -  201.00    3.00    0.00    0.00  204.00    17  qemu-system-aar
06:25:34     1000         -   3047740    1.00    2.00    0.00    0.00    3.00    17  |__qemu-system-aar
06:25:34     1000         -   3047747    0.00    0.00    0.00    0.00    0.00     1  |__call_rcu
06:25:34     1000         -   3047762   99.00    0.00    0.00    0.00   99.00     4  |__CPU 0/TCG
06:25:34     1000         -   3047763    1.00    0.00    0.00    0.00    1.00     6  |__CPU 1/TCG
06:25:34     1000         -   3047764   99.00    1.00    0.00    0.00  100.00    16  |__CPU 2/TCG
06:25:34     1000         -   3047765    0.00    0.00    0.00    0.00    0.00     2  |__CPU 3/TCG
06:25:35     1000   3047740         -  200.00    2.00    0.00    0.00  202.00    18  qemu-system-aar
06:25:35     1000         -   3047740    1.00    2.00    0.00    0.00    3.00    18  |__qemu-system-aar
06:25:35     1000         -   3047747    0.00    0.00    0.00    0.00    0.00     1  |__call_rcu
06:25:35     1000         -   3047762   99.00    1.00    0.00    0.00  100.00     4  |__CPU 0/TCG
06:25:35     1000         -   3047763    0.00    0.00    0.00    0.00    0.00     6  |__CPU 1/TCG
06:25:35     1000         -   3047764   99.00    0.00    0.00    0.00   99.00    16  |__CPU 2/TCG
06:25:35     1000         -   3047765    0.00    0.00    0.00    0.00    0.00     2  |__CPU 3/TCG
06:25:36     1000   3047740         -  200.00    2.00    0.00    0.00  202.00    18  qemu-system-aar
06:25:36     1000         -   3047740    1.00    3.00    0.00    0.00    4.00    18  |__qemu-system-aar
06:25:36     1000         -   3047747    0.00    0.00    0.00    0.00    0.00     1  |__call_rcu
06:25:36     1000         -   3047762   98.00    0.00    0.00    0.00   98.00     4  |__CPU 0/TCG
06:25:36     1000         -   3047763    1.00    0.00    0.00    0.00    1.00     2  |__CPU 1/TCG
06:25:36     1000         -   3047764   99.00    1.00    0.00    0.00  100.00    16  |__CPU 2/TCG
06:25:36     1000         -   3047765    0.00    0.00    0.00    0.00    0.00     2  |__CPU 3/TCG
06:25:37     1000   3047740         -  200.00    4.00    0.00    0.00  204.00     7  qemu-system-aar
06:25:37     1000         -   3047740    1.00    2.00    0.00    0.00    3.00     7  |__qemu-system-aar
06:25:37     1000         -   3047747    0.00    0.00    0.00    0.00    0.00     1  |__call_rcu
06:25:37     1000         -   3047762   99.00    1.00    0.00    0.00  100.00     4  |__CPU 0/TCG
06:25:37     1000         -   3047763    0.00    0.00    0.00    0.00    0.00     6  |__CPU 1/TCG
06:25:37     1000         -   3047764   99.00    1.00    0.00    0.00  100.00    16  |__CPU 2/TCG
06:25:37     1000         -   3047765    0.00    0.00    0.00    0.00    0.00     2  |__CPU 3/TCG
06:25:38     1000   3047740         -  199.00    3.00    0.00    0.00  202.00    18  qemu-system-aar
06:25:38     1000         -   3047740    1.00    2.00    0.00    0.00    3.00    18  |__qemu-system-aar
06:25:38     1000         -   3047747    0.00    0.00    0.00    0.00    0.00     1  |__call_rcu
06:25:38     1000         -   3047762   99.00    0.00    0.00    0.00   99.00    20  |__CPU 0/TCG
06:25:38     1000         -   3047763    1.00    0.00    0.00    0.00    1.00     6  |__CPU 1/TCG
06:25:38     1000         -   3047764   98.00    1.00    0.00    0.00   99.00    16  |__CPU 2/TCG
06:25:38     1000         -   3047765    0.00    0.00    0.00    0.00    0.00     2  |__CPU 3/TCG
06:25:39     1000   3047740         -  199.00    4.00    0.00    0.00  203.00    22  qemu-system-aar
06:25:39     1000         -   3047740    1.00    2.00    0.00    0.00    3.00    22  |__qemu-system-aar
06:25:39     1000         -   3047747    0.00    0.00    0.00    0.00    0.00     1  |__call_rcu
06:25:39     1000         -   3047762   99.00    1.00    0.00    0.00  100.00     4  |__CPU 0/TCG
06:25:39     1000         -   3047763    0.00    0.00    0.00    0.00    0.00     6  |__CPU 1/TCG
06:25:39     1000         -   3047764   98.00    2.00    0.00    0.00  100.00    16  |__CPU 2/TCG
06:25:39     1000         -   3047765    0.00    0.00    0.00    0.00    0.00     2  |__CPU 3/TCG
06:25:40     1000   3047740         -  200.00    3.00    0.00    0.00  203.00    21  qemu-system-aar
06:25:40     1000         -   3047740    1.00    2.00    0.00    0.00    3.00    21  |__qemu-system-aar
06:25:40     1000         -   3047747    0.00    0.00    0.00    0.00    0.00     1  |__call_rcu
06:25:40     1000         -   3047762   99.00    0.00    0.00    0.00   99.00    20  |__CPU 0/TCG
06:25:40     1000         -   3047763    1.00    0.00    0.00    0.00    1.00     7  |__CPU 1/TCG
06:25:40     1000         -   3047764   98.00    1.00    0.00    0.00   99.00    16  |__CPU 2/TCG
06:25:40     1000         -   3047765    0.00    0.00    0.00    0.00    0.00     2  |__CPU 3/TCG
06:25:41     1000   3047740         -  199.00    4.00    0.00    0.00  203.00    21  qemu-system-aar
06:25:41     1000         -   3047740    2.00    2.00    0.00    0.00    4.00    21  |__qemu-system-aar
06:25:41     1000         -   3047747    0.00    0.00    0.00    0.00    0.00     1  |__call_rcu
06:25:41     1000         -   3047762   98.00    1.00    0.00    0.00   99.00    20  |__CPU 0/TCG
06:25:41     1000         -   3047763    0.00    0.00    0.00    0.00    0.00     6  |__CPU 1/TCG
06:25:41     1000         -   3047764   99.00    2.00    0.00    0.00  101.00    16  |__CPU 2/TCG
06:25:41     1000         -   3047765    0.00    0.00    0.00    0.00    0.00     2  |__CPU 3/TCG
06:25:42     1000   3047740         -  199.00    2.00    0.00    0.00  201.00     3  qemu-system-aar
06:25:42     1000         -   3047740    1.00    2.00    0.00    0.00    3.00     3  |__qemu-system-aar
06:25:42     1000         -   3047747    0.00    0.00    0.00    0.00    0.00     1  |__call_rcu
06:25:42     1000         -   3047762   98.00    1.00    0.00    0.00   99.00     4  |__CPU 0/TCG
06:25:42     1000         -   3047763    1.00    0.00    0.00    0.00    1.00     7  |__CPU 1/TCG
06:25:42     1000         -   3047764   98.00    1.00    0.00    0.00   99.00    16  |__CPU 2/TCG
06:25:42     1000         -   3047765    0.00    0.00    0.00    0.00    0.00     2  |__CPU 3/TCG
06:25:43     1000   3047740         -  200.00    3.00    0.00    0.00  203.00     5  qemu-system-aar
06:25:43     1000         -   3047740    1.00    2.00    0.00    0.00    3.00     5  |__qemu-system-aar
06:25:43     1000         -   3047747    0.00    0.00    0.00    0.00    0.00     1  |__call_rcu
06:25:43     1000         -   3047762   99.00    0.00    0.00    0.00   99.00    20  |__CPU 0/TCG
06:25:43     1000         -   3047763    0.00    0.00    0.00    0.00    0.00     2  |__CPU 1/TCG
06:25:43     1000         -   3047764   99.00    1.00    0.00    0.00  100.00    16  |__CPU 2/TCG
06:25:43     1000         -   3047765    0.00    0.00    0.00    0.00    0.00     2  |__CPU 3/TCG
06:25:44     1000   3047740         -  201.00    3.00    0.00    0.00  204.00     5  qemu-system-aar
06:25:44     1000         -   3047740    1.00    3.00    0.00    0.00    4.00     5  |__qemu-system-aar
06:25:44     1000         -   3047747    0.00    0.00    0.00    0.00    0.00     1  |__call_rcu
06:25:44     1000         -   3047762   99.00    1.00    0.00    0.00  100.00    20  |__CPU 0/TCG
06:25:44     1000         -   3047763    1.00    0.00    0.00    0.00    1.00     2  |__CPU 1/TCG
06:25:44     1000         -   3047764   99.00    1.00    0.00    0.00  100.00     0  |__CPU 2/TCG
06:25:44     1000         -   3047765    0.00    0.00    0.00    0.00    0.00     2  |__CPU 3/TCG
06:25:45     1000   3047740         -  199.00    3.00    0.00    0.00  202.00     6  qemu-system-aar
06:25:45     1000         -   3047740    1.00    2.00    0.00    0.00    3.00     6  |__qemu-system-aar
06:25:45     1000         -   3047747    0.00    0.00    0.00    0.00    0.00     1  |__call_rcu
06:25:45     1000         -   3047762   98.00    1.00    0.00    0.00   99.00    20  |__CPU 0/TCG
06:25:45     1000         -   3047763    1.00    0.00    0.00    0.00    1.00     2  |__CPU 1/TCG
06:25:45     1000         -   3047764   98.00    1.00    0.00    0.00   99.00     0  |__CPU 2/TCG
06:25:45     1000         -   3047765    0.00    0.00    0.00    0.00    0.00     2  |__CPU 3/TCG
06:25:46     1000   3047740         -  200.00    3.00    0.00    0.00  203.00     6  qemu-system-aar
06:25:46     1000         -   3047740    1.00    2.00    0.00    0.00    3.00     6  |__qemu-system-aar
06:25:46     1000         -   3047747    0.00    0.00    0.00    0.00    0.00     1  |__call_rcu
06:25:46     1000         -   3047762   99.00    0.00    0.00    0.00   99.00     4  |__CPU 0/TCG
06:25:46     1000         -   3047763    0.00    0.00    0.00    0.00    0.00     2  |__CPU 1/TCG
06:25:46     1000         -   3047764  100.00    0.00    0.00    0.00  100.00    16  |__CPU 2/TCG
06:25:46     1000         -   3047765    0.00    0.00    0.00    0.00    0.00     2  |__CPU 3/TCG
06:25:47     1000   3047740         -  200.00    3.00    0.00    0.00  203.00     6  qemu-system-aar
06:25:47     1000         -   3047740    1.00    2.00    0.00    0.00    3.00     6  |__qemu-system-aar
06:25:47     1000         -   3047747    0.00    0.00    0.00    0.00    0.00     1  |__call_rcu
06:25:47     1000         -   3047762   99.00    1.00    0.00    0.00  100.00     4  |__CPU 0/TCG
06:25:47     1000         -   3047763    1.00    0.00    0.00    0.00    1.00     5  |__CPU 1/TCG
06:25:47     1000         -   3047764   98.00    1.00    0.00    0.00   99.00    16  |__CPU 2/TCG
06:25:47     1000         -   3047765    0.00    0.00    0.00    0.00    0.00     2  |__CPU 3/TCG
06:25:48     1000   3047740         -  201.00    2.00    0.00    0.00  203.00     5  qemu-system-aar
06:25:48     1000         -   3047740    2.00    1.00    0.00    0.00    3.00     5  |__qemu-system-aar
06:25:48     1000         -   3047747    0.00    0.00    0.00    0.00    0.00     1  |__call_rcu
06:25:48     1000         -   3047762   99.00    0.00    0.00    0.00   99.00     4  |__CPU 0/TCG
06:25:48     1000         -   3047763    0.00    0.00    0.00    0.00    0.00     7  |__CPU 1/TCG
06:25:48     1000         -   3047764   99.00    1.00    0.00    0.00  100.00    16  |__CPU 2/TCG
06:25:48     1000         -   3047765    0.00    0.00    0.00    0.00    0.00     2  |__CPU 3/TCG
06:25:49     1000   3047740         -  199.00    3.00    0.00    0.00  202.00     7  qemu-system-aar
06:25:49     1000         -   3047740    1.00    3.00    0.00    0.00    4.00     7  |__qemu-system-aar
06:25:49     1000         -   3047747    0.00    0.00    0.00    0.00    0.00     1  |__call_rcu
06:25:49     1000         -   3047762   99.00    0.00    0.00    0.00   99.00     4  |__CPU 0/TCG
06:25:49     1000         -   3047763    1.00    0.00    0.00    0.00    1.00     5  |__CPU 1/TCG
06:25:49     1000         -   3047764   98.00    1.00    0.00    0.00   99.00    16  |__CPU 2/TCG
06:25:49     1000         -   3047765    0.00    0.00    0.00    0.00    0.00     2  |__CPU 3/TCG
06:25:50     1000   3047740         -  200.00    3.00    0.00    0.00  203.00     7  qemu-system-aar
06:25:50     1000         -   3047740    1.00    2.00    0.00    0.00    3.00     7  |__qemu-system-aar
06:25:50     1000         -   3047747    0.00    0.00    0.00    0.00    0.00     1  |__call_rcu
06:25:50     1000         -   3047762   98.00    1.00    0.00    0.00   99.00    20  |__CPU 0/TCG
06:25:50     1000         -   3047763    0.00    0.00    0.00    0.00    0.00     6  |__CPU 1/TCG
06:25:50     1000         -   3047764   99.00    1.00    0.00    0.00  100.00    16  |__CPU 2/TCG
06:25:50     1000         -   3047765    0.00    0.00    0.00    0.00    0.00     2  |__CPU 3/TCG
06:25:51     1000   3047740         -  200.00    3.00    0.00    0.00  203.00    22  qemu-system-aar
06:25:51     1000         -   3047740    2.00    1.00    0.00    0.00    3.00    22  |__qemu-system-aar
06:25:51     1000         -   3047747    0.00    0.00    0.00    0.00    0.00     1  |__call_rcu
06:25:51     1000         -   3047762   99.00    1.00    0.00    0.00  100.00    20  |__CPU 0/TCG
06:25:51     1000         -   3047763    1.00    0.00    0.00    0.00    1.00     6  |__CPU 1/TCG
06:25:51     1000         -   3047764   99.00    1.00    0.00    0.00  100.00    16  |__CPU 2/TCG
06:25:51     1000         -   3047765    0.00    0.00    0.00    0.00    0.00     2  |__CPU 3/TCG
06:25:52     1000   3047740         -  200.00    2.00    0.00    0.00  202.00    22  qemu-system-aar
06:25:52     1000         -   3047740    1.00    2.00    0.00    0.00    3.00    22  |__qemu-system-aar
06:25:52     1000         -   3047747    0.00    0.00    0.00    0.00    0.00     1  |__call_rcu
06:25:52     1000         -   3047762   99.00    0.00    0.00    0.00   99.00    20  |__CPU 0/TCG
06:25:52     1000         -   3047763    0.00    0.00    0.00    0.00    0.00     7  |__CPU 1/TCG
06:25:52     1000         -   3047764   99.00    1.00    0.00    0.00  100.00    16  |__CPU 2/TCG
06:25:52     1000         -   3047765    0.00    0.00    0.00    0.00    0.00     2  |__CPU 3/TCG
06:25:53     1000   3047740         -  201.00    3.00    0.00    0.00  204.00    10  qemu-system-aar
06:25:53     1000         -   3047740    1.00    3.00    0.00    0.00    4.00    10  |__qemu-system-aar
06:25:53     1000         -   3047747    0.00    0.00    0.00    0.00    0.00     1  |__call_rcu
06:25:53     1000         -   3047762   98.00    1.00    0.00    0.00   99.00    20  |__CPU 0/TCG
06:25:53     1000         -   3047763    1.00    0.00    0.00    0.00    1.00     6  |__CPU 1/TCG
06:25:53     1000         -   3047764   99.00    0.00    0.00    0.00   99.00    16  |__CPU 2/TCG
06:25:53     1000         -   3047765    0.00    0.00    0.00    0.00    0.00     2  |__CPU 3/TCG
06:25:54     1000   3047740         -  199.00    4.00    0.00    0.00  203.00     8  qemu-system-aar
06:25:54     1000         -   3047740    2.00    3.00    0.00    0.00    5.00     8  |__qemu-system-aar
06:25:54     1000         -   3047747    0.00    0.00    0.00    0.00    0.00     1  |__call_rcu
06:25:54     1000         -   3047762   98.00    1.00    0.00    0.00   99.00     4  |__CPU 0/TCG
06:25:54     1000         -   3047763    0.00    0.00    0.00    0.00    0.00     6  |__CPU 1/TCG
06:25:54     1000         -   3047764   98.00    2.00    0.00    0.00  100.00     0  |__CPU 2/TCG
06:25:54     1000         -   3047765    0.00    0.00    0.00    0.00    0.00     2  |__CPU 3/TCG
06:25:55     1000   3047740         -  201.00    3.00    0.00    0.00  204.00     5  qemu-system-aar
06:25:55     1000         -   3047740    1.00    3.00    0.00    0.00    4.00     5  |__qemu-system-aar
06:25:55     1000         -   3047747    0.00    0.00    0.00    0.00    0.00     1  |__call_rcu
06:25:55     1000         -   3047762   99.00    0.00    0.00    0.00   99.00     4  |__CPU 0/TCG
06:25:55     1000         -   3047763    1.00    1.00    0.00    0.00    2.00     6  |__CPU 1/TCG
06:25:55     1000         -   3047764   98.00    1.00    0.00    0.00   99.00    16  |__CPU 2/TCG
06:25:55     1000         -   3047765    0.00    0.00    0.00    0.00    0.00     2  |__CPU 3/TCG
06:25:56     1000   3047740         -  199.00    3.00    0.00    0.00  202.00    18  qemu-system-aar
06:25:56     1000         -   3047740    1.00    2.00    0.00    0.00    3.00    18  |__qemu-system-aar
06:25:56     1000         -   3047747    0.00    0.00    0.00    0.00    0.00     1  |__call_rcu
06:25:56     1000         -   3047762   99.00    1.00    0.00    0.00  100.00     4  |__CPU 0/TCG
06:25:56     1000         -   3047763    1.00    0.00    0.00    0.00    1.00     6  |__CPU 1/TCG
06:25:56     1000         -   3047764   99.00    1.00    0.00    0.00  100.00     0  |__CPU 2/TCG
06:25:56     1000         -   3047765    0.00    0.00    0.00    0.00    0.00     2  |__CPU 3/TCG
06:25:57     1000   3047740         -  200.00    3.00    0.00    0.00  203.00    20  qemu-system-aar
06:25:57     1000         -   3047740    2.00    2.00    0.00    0.00    4.00    20  |__qemu-system-aar
06:25:57     1000         -   3047747    0.00    0.00    0.00    0.00    0.00     1  |__call_rcu
06:25:57     1000         -   3047762   98.00    0.00    0.00    0.00   98.00     4  |__CPU 0/TCG
06:25:57     1000         -   3047763    0.00    0.00    0.00    0.00    0.00     6  |__CPU 1/TCG
06:25:57     1000         -   3047764   98.00    1.00    0.00    0.00   99.00    16  |__CPU 2/TCG
06:25:57     1000         -   3047765    0.00    0.00    0.00    0.00    0.00     2  |__CPU 3/TCG
06:25:58     1000   3047740         -  199.00    5.00    0.00    0.00  204.00     2  qemu-system-aar
06:25:58     1000         -   3047740    0.00    4.00    0.00    0.00    4.00     2  |__qemu-system-aar
06:25:58     1000         -   3047747    0.00    0.00    0.00    0.00    0.00     1  |__call_rcu
06:25:58     1000         -   3047762   99.00    1.00    0.00    0.00  100.00    20  |__CPU 0/TCG
06:25:58     1000         -   3047763    1.00    0.00    0.00    0.00    1.00     7  |__CPU 1/TCG
06:25:58     1000         -   3047764   99.00    1.00    0.00    0.00  100.00    16  |__CPU 2/TCG
06:25:58     1000         -   3047765    0.00    0.00    0.00    0.00    0.00     2  |__CPU 3/TCG
06:25:59     1000   3047740         -  199.00    3.00    0.00    0.00  202.00    22  qemu-system-aar
06:25:59     1000         -   3047740    1.00    2.00    0.00    0.00    3.00    22  |__qemu-system-aar
06:25:59     1000         -   3047747    0.00    0.00    0.00    0.00    0.00     1  |__call_rcu
06:25:59     1000         -   3047762   99.00    0.00    0.00    0.00   99.00    20  |__CPU 0/TCG
06:25:59     1000         -   3047763    0.00    0.00    0.00    0.00    0.00     6  |__CPU 1/TCG
06:25:59     1000         -   3047764   98.00    1.00    0.00    0.00   99.00    16  |__CPU 2/TCG
06:25:59     1000         -   3047765    0.00    0.00    0.00    0.00    0.00     2  |__CPU 3/TCG
06:26:00     1000   3047740         -  200.00    3.00    0.00    0.00  203.00    22  qemu-system-aar
06:26:00     1000         -   3047740    1.00    2.00    0.00    0.00    3.00    22  |__qemu-system-aar
06:26:00     1000         -   3047747    0.00    0.00    0.00    0.00    0.00     1  |__call_rcu
06:26:00     1000         -   3047762   99.00    1.00    0.00    0.00  100.00    20  |__CPU 0/TCG
06:26:00     1000         -   3047763    1.00    0.00    0.00    0.00    1.00     6  |__CPU 1/TCG
06:26:00     1000         -   3047764   98.00    2.00    0.00    0.00  100.00    16  |__CPU 2/TCG
06:26:00     1000         -   3047765    0.00    0.00    0.00    0.00    0.00     2  |__CPU 3/TCG
06:26:01     1000   3047740         -  200.00    3.00    0.00    0.00  203.00     5  qemu-system-aar
06:26:01     1000         -   3047740    1.00    3.00    0.00    0.00    4.00     5  |__qemu-system-aar
06:26:01     1000         -   3047747    0.00    0.00    0.00    0.00    0.00     1  |__call_rcu
06:26:01     1000         -   3047762   99.00    0.00    0.00    0.00   99.00    20  |__CPU 0/TCG
06:26:01     1000         -   3047763    0.00    0.00    0.00    0.00    0.00     7  |__CPU 1/TCG
06:26:01     1000         -   3047764   99.00    1.00    0.00    0.00  100.00    16  |__CPU 2/TCG
06:26:01     1000         -   3047765    0.00    0.00    0.00    0.00    0.00     2  |__CPU 3/TCG
06:26:02     1000   3047740         -  199.00    4.00    0.00    0.00  203.00     6  qemu-system-aar
06:26:02     1000         -   3047740    1.00    2.00    0.00    0.00    3.00     6  |__qemu-system-aar
06:26:02     1000         -   3047747    0.00    0.00    0.00    0.00    0.00     1  |__call_rcu
06:26:02     1000         -   3047762   98.00    1.00    0.00    0.00   99.00    20  |__CPU 0/TCG
06:26:02     1000         -   3047763    1.00    0.00    0.00    0.00    1.00     7  |__CPU 1/TCG
06:26:02     1000         -   3047764   98.00    1.00    0.00    0.00   99.00    16  |__CPU 2/TCG
06:26:02     1000         -   3047765    0.00    0.00    0.00    0.00    0.00     2  |__CPU 3/TCG
06:26:03     1000   3047740         -  200.00    3.00    0.00    0.00  203.00     1  qemu-system-aar
06:26:03     1000         -   3047740    1.00    3.00    0.00    0.00    4.00     1  |__qemu-system-aar
06:26:03     1000         -   3047747    0.00    0.00    0.00    0.00    0.00     1  |__call_rcu
06:26:03     1000         -   3047762   99.00    0.00    0.00    0.00   99.00    20  |__CPU 0/TCG
06:26:03     1000         -   3047763    1.00    0.00    0.00    0.00    1.00     6  |__CPU 1/TCG
06:26:03     1000         -   3047764   99.00    1.00    0.00    0.00  100.00     0  |__CPU 2/TCG
06:26:03     1000         -   3047765    0.00    0.00    0.00    0.00    0.00     2  |__CPU 3/TCG
06:26:04     1000   3047740         -  200.00    3.00    0.00    0.00  203.00     5  qemu-system-aar
06:26:04     1000         -   3047740    2.00    2.00    0.00    0.00    4.00     5  |__qemu-system-aar
06:26:04     1000         -   3047747    0.00    0.00    0.00    0.00    0.00     1  |__call_rcu
06:26:04     1000         -   3047762   99.00    1.00    0.00    0.00  100.00    20  |__CPU 0/TCG
06:26:04     1000         -   3047763    0.00    0.00    0.00    0.00    0.00     6  |__CPU 1/TCG
06:26:04     1000         -   3047764   98.00    1.00    0.00    0.00   99.00    16  |__CPU 2/TCG
06:26:04     1000         -   3047765    0.00    0.00    0.00    0.00    0.00     2  |__CPU 3/TCG
06:26:05     1000   3047740         -  199.00    4.00    0.00    0.00  203.00    17  qemu-system-aar
06:26:05     1000         -   3047740    1.00    2.00    0.00    0.00    3.00    17  |__qemu-system-aar
06:26:05     1000         -   3047747    0.00    0.00    0.00    0.00    0.00     1  |__call_rcu
06:26:05     1000         -   3047762   99.00    0.00    0.00    0.00   99.00     4  |__CPU 0/TCG
06:26:05     1000         -   3047763    1.00    0.00    0.00    0.00    1.00     1  |__CPU 1/TCG
06:26:05     1000         -   3047764   99.00    1.00    0.00    0.00  100.00    16  |__CPU 2/TCG
06:26:05     1000         -   3047765    0.00    0.00    0.00    0.00    0.00     2  |__CPU 3/TCG
06:26:06     1000   3047740         -  200.00    3.00    0.00    0.00  203.00    18  qemu-system-aar
06:26:06     1000         -   3047740    1.00    2.00    0.00    0.00    3.00    18  |__qemu-system-aar
06:26:06     1000         -   3047747    0.00    0.00    0.00    0.00    0.00     1  |__call_rcu
06:26:06     1000         -   3047762   98.00    1.00    0.00    0.00   99.00     4  |__CPU 0/TCG
06:26:06     1000         -   3047763    0.00    0.00    0.00    0.00    0.00     2  |__CPU 1/TCG
06:26:06     1000         -   3047764   99.00    1.00    0.00    0.00  100.00    16  |__CPU 2/TCG
06:26:06     1000         -   3047765    0.00    0.00    0.00    0.00    0.00     2  |__CPU 3/TCG
06:26:07     1000   3047740         -  201.00    2.00    0.00    0.00  203.00    22  qemu-system-aar
06:26:07     1000         -   3047740    1.00    2.00    0.00    0.00    3.00    22  |__qemu-system-aar
06:26:07     1000         -   3047747    0.00    0.00    0.00    0.00    0.00     1  |__call_rcu
06:26:07     1000         -   3047762  100.00    0.00    0.00    0.00  100.00     4  |__CPU 0/TCG
06:26:07     1000         -   3047763    1.00    0.00    0.00    0.00    1.00     1  |__CPU 1/TCG
06:26:07     1000         -   3047764   98.00    1.00    0.00    0.00   99.00    16  |__CPU 2/TCG
06:26:07     1000         -   3047765    0.00    0.00    0.00    0.00    0.00     2  |__CPU 3/TCG
06:26:08     1000   3047740         -  200.00    3.00    0.00    0.00  203.00    22  qemu-system-aar
06:26:08     1000         -   3047740    1.00    3.00    0.00    0.00    4.00    22  |__qemu-system-aar
06:26:08     1000         -   3047747    0.00    0.00    0.00    0.00    0.00     1  |__call_rcu
06:26:08     1000         -   3047762   99.00    0.00    0.00    0.00   99.00     4  |__CPU 0/TCG
06:26:08     1000         -   3047763    0.00    0.00    0.00    0.00    0.00     1  |__CPU 1/TCG
06:26:08     1000         -   3047764   98.00    2.00    0.00    0.00  100.00    16  |__CPU 2/TCG
06:26:08     1000         -   3047765    0.00    0.00    0.00    0.00    0.00     2  |__CPU 3/TCG
06:26:09     1000   3047740         -  199.00    3.00    0.00    0.00  202.00    22  qemu-system-aar
06:26:09     1000         -   3047740    1.00    2.00    0.00    0.00    3.00    22  |__qemu-system-aar
06:26:09     1000         -   3047747    0.00    0.00    0.00    0.00    0.00     1  |__call_rcu
06:26:09     1000         -   3047762   99.00    0.00    0.00    0.00   99.00     4  |__CPU 0/TCG
06:26:09     1000         -   3047763    1.00    0.00    0.00    0.00    1.00     1  |__CPU 1/TCG
06:26:09     1000         -   3047764   99.00    1.00    0.00    0.00  100.00    16  |__CPU 2/TCG
06:26:09     1000         -   3047765    0.00    0.00    0.00    0.00    0.00     2  |__CPU 3/TCG
06:26:10     1000   3047740         -  201.00    2.00    0.00    0.00  203.00     3  qemu-system-aar
06:26:10     1000         -   3047740    1.00    2.00    0.00    0.00    3.00     3  |__qemu-system-aar
06:26:10     1000         -   3047747    0.00    0.00    0.00    0.00    0.00     1  |__call_rcu
06:26:10     1000         -   3047762   99.00    1.00    0.00    0.00  100.00    20  |__CPU 0/TCG
06:26:10     1000         -   3047763    1.00    0.00    0.00    0.00    1.00     1  |__CPU 1/TCG
06:26:10     1000         -   3047764   98.00    1.00    0.00    0.00   99.00    16  |__CPU 2/TCG
06:26:10     1000         -   3047765    0.00    0.00    0.00    0.00    0.00     2  |__CPU 3/TCG
06:26:11     1000   3047740         -  200.00    3.00    0.00    0.00  203.00    22  qemu-system-aar
06:26:11     1000         -   3047740    1.00    2.00    0.00    0.00    3.00    22  |__qemu-system-aar
06:26:11     1000         -   3047747    0.00    0.00    0.00    0.00    0.00     1  |__call_rcu
06:26:11     1000         -   3047762   99.00    0.00    0.00    0.00   99.00    20  |__CPU 0/TCG
06:26:11     1000         -   3047763    0.00    0.00    0.00    0.00    0.00     2  |__CPU 1/TCG
06:26:11     1000         -   3047764   99.00    1.00    0.00    0.00  100.00    16  |__CPU 2/TCG
06:26:11     1000         -   3047765    0.00    0.00    0.00    0.00    0.00     2  |__CPU 3/TCG
06:26:12     1000   3047740         -  200.00    3.00    0.00    0.00  203.00    22  qemu-system-aar
06:26:12     1000         -   3047740    1.00    3.00    0.00    0.00    4.00    22  |__qemu-system-aar
06:26:12     1000         -   3047747    0.00    0.00    0.00    0.00    0.00     1  |__call_rcu
06:26:12     1000         -   3047762   99.00    0.00    0.00    0.00   99.00    20  |__CPU 0/TCG
06:26:12     1000         -   3047763    1.00    0.00    0.00    0.00    1.00     1  |__CPU 1/TCG
06:26:12     1000         -   3047764   99.00    1.00    0.00    0.00  100.00    16  |__CPU 2/TCG
06:26:12     1000         -   3047765    0.00    0.00    0.00    0.00    0.00     2  |__CPU 3/TCG
06:26:13     1000   3047740         -  199.00    3.00    0.00    0.00  202.00     1  qemu-system-aar
06:26:13     1000         -   3047740    1.00    2.00    0.00    0.00    3.00     1  |__qemu-system-aar
06:26:13     1000         -   3047747    0.00    0.00    0.00    0.00    0.00     1  |__call_rcu
06:26:13     1000         -   3047762   98.00    1.00    0.00    0.00   99.00    20  |__CPU 0/TCG
06:26:13     1000         -   3047763    0.00    0.00    0.00    0.00    0.00     3  |__CPU 1/TCG
06:26:13     1000         -   3047764   98.00    1.00    0.00    0.00   99.00    16  |__CPU 2/TCG
06:26:13     1000         -   3047765    0.00    0.00    0.00    0.00    0.00     2  |__CPU 3/TCG
06:26:14     1000   3047740         -  199.00    4.00    0.00    0.00  203.00     2  qemu-system-aar
06:26:14     1000         -   3047740    1.00    2.00    0.00    0.00    3.00     3  |__qemu-system-aar
06:26:14     1000         -   3047747    0.00    0.00    0.00    0.00    0.00     1  |__call_rcu
06:26:14     1000         -   3047762   99.00    0.00    0.00    0.00   99.00    20  |__CPU 0/TCG
06:26:14     1000         -   3047763    1.00    0.00    0.00    0.00    1.00     5  |__CPU 1/TCG
06:26:14     1000         -   3047764   98.00    2.00    0.00    0.00  100.00     0  |__CPU 2/TCG
06:26:14     1000         -   3047765    0.00    0.00    0.00    0.00    0.00     2  |__CPU 3/TCG
06:26:15     1000   3047740         -  201.00    2.00    0.00    0.00  203.00     2  qemu-system-aar
06:26:15     1000         -   3047740    1.00    2.00    0.00    0.00    3.00     2  |__qemu-system-aar
06:26:15     1000         -   3047747    0.00    0.00    0.00    0.00    0.00     1  |__call_rcu
06:26:15     1000         -   3047762   99.00    1.00    0.00    0.00  100.00    20  |__CPU 0/TCG
06:26:15     1000         -   3047763    1.00    0.00    0.00    0.00    1.00     3  |__CPU 1/TCG
06:26:15     1000         -   3047764   99.00    0.00    0.00    0.00   99.00     0  |__CPU 2/TCG
06:26:15     1000         -   3047765    0.00    0.00    0.00    0.00    0.00     2  |__CPU 3/TCG
06:26:16     1000   3047740         -  200.00    3.00    0.00    0.00  203.00     6  qemu-system-aar
06:26:16     1000         -   3047740    1.00    3.00    0.00    0.00    4.00     6  |__qemu-system-aar
06:26:16     1000         -   3047747    0.00    0.00    0.00    0.00    0.00     1  |__call_rcu
06:26:16     1000         -   3047762   99.00    0.00    0.00    0.00   99.00    20  |__CPU 0/TCG
06:26:16     1000         -   3047763    0.00    0.00    0.00    0.00    0.00     2  |__CPU 1/TCG
06:26:16     1000         -   3047764   99.00    1.00    0.00    0.00  100.00     0  |__CPU 2/TCG
06:26:16     1000         -   3047765    0.00    0.00    0.00    0.00    0.00     2  |__CPU 3/TCG
06:26:17     1000   3047740         -  201.00    2.00    0.00    0.00  203.00     6  qemu-system-aar
06:26:17     1000         -   3047740    2.00    2.00    0.00    0.00    4.00     6  |__qemu-system-aar
06:26:17     1000         -   3047747    0.00    0.00    0.00    0.00    0.00     1  |__call_rcu
06:26:17     1000         -   3047762   99.00    0.00    0.00    0.00   99.00    20  |__CPU 0/TCG
06:26:17     1000         -   3047763    1.00    0.00    0.00    0.00    1.00     2  |__CPU 1/TCG
06:26:17     1000         -   3047764   99.00    1.00    0.00    0.00  100.00     0  |__CPU 2/TCG
06:26:17     1000         -   3047765    0.00    0.00    0.00    0.00    0.00     2  |__CPU 3/TCG
06:26:18     1000   3047740         -  200.00    2.00    0.00    0.00  202.00     1  qemu-system-aar
06:26:18     1000         -   3047740    1.00    2.00    0.00    0.00    3.00     1  |__qemu-system-aar
06:26:18     1000         -   3047747    0.00    0.00    0.00    0.00    0.00     1  |__call_rcu
06:26:18     1000         -   3047762   99.00    1.00    0.00    0.00  100.00    20  |__CPU 0/TCG
06:26:18     1000         -   3047763    0.00    0.00    0.00    0.00    0.00     2  |__CPU 1/TCG
06:26:18     1000         -   3047764   99.00    0.00    0.00    0.00   99.00     0  |__CPU 2/TCG
06:26:18     1000         -   3047765    0.00    0.00    0.00    0.00    0.00     2  |__CPU 3/TCG
06:26:19     1000   3047740         -  199.00    4.00    0.00    0.00  203.00     7  qemu-system-aar
06:26:19     1000         -   3047740    1.00    2.00    0.00    0.00    3.00     7  |__qemu-system-aar
06:26:19     1000         -   3047747    0.00    0.00    0.00    0.00    0.00     1  |__call_rcu
06:26:19     1000         -   3047762   98.00    1.00    0.00    0.00   99.00    20  |__CPU 0/TCG
06:26:19     1000         -   3047763    1.00    0.00    0.00    0.00    1.00     2  |__CPU 1/TCG
06:26:19     1000         -   3047764   99.00    1.00    0.00    0.00  100.00     0  |__CPU 2/TCG
06:26:19     1000         -   3047765    0.00    0.00    0.00    0.00    0.00     2  |__CPU 3/TCG
06:26:20     1000   3047740         -  200.00    3.00    0.00    0.00  203.00     5  qemu-system-aar
06:26:20     1000         -   3047740    1.00    2.00    0.00    0.00    3.00     5  |__qemu-system-aar
06:26:20     1000         -   3047747    0.00    0.00    0.00    0.00    0.00     1  |__call_rcu
06:26:20     1000         -   3047762   99.00    0.00    0.00    0.00   99.00    20  |__CPU 0/TCG
06:26:20     1000         -   3047763    0.00    0.00    0.00    0.00    0.00     2  |__CPU 1/TCG
06:26:20     1000         -   3047764   99.00    1.00    0.00    0.00  100.00     0  |__CPU 2/TCG
06:26:20     1000         -   3047765    0.00    0.00    0.00    0.00    0.00     2  |__CPU 3/TCG
06:26:21     1000   3047740         -  199.00    3.00    0.00    0.00  202.00    17  qemu-system-aar
06:26:21     1000         -   3047740    1.00    3.00    0.00    0.00    4.00    17  |__qemu-system-aar
06:26:21     1000         -   3047747    0.00    0.00    0.00    0.00    0.00     1  |__call_rcu
06:26:21     1000         -   3047762   99.00    0.00    0.00    0.00   99.00    20  |__CPU 0/TCG
06:26:21     1000         -   3047763    1.00    0.00    0.00    0.00    1.00     2  |__CPU 1/TCG
06:26:21     1000         -   3047764   98.00    1.00    0.00    0.00   99.00    16  |__CPU 2/TCG
06:26:21     1000         -   3047765    0.00    0.00    0.00    0.00    0.00     2  |__CPU 3/TCG
06:26:22     1000   3047740         -  200.00    3.00    0.00    0.00  203.00    17  qemu-system-aar
06:26:22     1000         -   3047740    1.00    2.00    0.00    0.00    3.00    17  |__qemu-system-aar
06:26:22     1000         -   3047747    0.00    0.00    0.00    0.00    0.00     1  |__call_rcu
06:26:22     1000         -   3047762   98.00    1.00    0.00    0.00   99.00    20  |__CPU 0/TCG
06:26:22     1000         -   3047763    0.00    0.00    0.00    0.00    0.00     7  |__CPU 1/TCG
06:26:22     1000         -   3047764   99.00    1.00    0.00    0.00  100.00    16  |__CPU 2/TCG
06:26:22     1000         -   3047765    0.00    0.00    0.00    0.00    0.00     2  |__CPU 3/TCG
06:26:23     1000   3047740         -  200.00    3.00    0.00    0.00  203.00    17  qemu-system-aar
06:26:23     1000         -   3047740    1.00    2.00    0.00    0.00    3.00    17  |__qemu-system-aar
06:26:23     1000         -   3047747    0.00    0.00    0.00    0.00    0.00     1  |__call_rcu
06:26:23     1000         -   3047762   99.00    0.00    0.00    0.00   99.00    20  |__CPU 0/TCG
06:26:23     1000         -   3047763    1.00    0.00    0.00    0.00    1.00    22  |__CPU 1/TCG
06:26:23     1000         -   3047764   99.00    1.00    0.00    0.00  100.00    16  |__CPU 2/TCG
06:26:23     1000         -   3047765    0.00    0.00    0.00    0.00    0.00     2  |__CPU 3/TCG
06:26:24     1000   3047740         -  199.00    3.00    0.00    0.00  202.00    19  qemu-system-aar
06:26:24     1000         -   3047740    0.00    3.00    0.00    0.00    3.00    19  |__qemu-system-aar
06:26:24     1000         -   3047747    0.00    0.00    0.00    0.00    0.00     1  |__call_rcu
06:26:24     1000         -   3047762   99.00    1.00    0.00    0.00  100.00    20  |__CPU 0/TCG
06:26:24     1000         -   3047763    1.00    0.00    0.00    0.00    1.00    22  |__CPU 1/TCG
06:26:24     1000         -   3047764   98.00    1.00    0.00    0.00   99.00    16  |__CPU 2/TCG
06:26:24     1000         -   3047765    0.00    0.00    0.00    0.00    0.00     2  |__CPU 3/TCG
06:26:25     1000   3047740         -  199.00    4.00    0.00    0.00  203.00    21  qemu-system-aar
06:26:25     1000         -   3047740    1.00    3.00    0.00    0.00    4.00    21  |__qemu-system-aar
06:26:25     1000         -   3047747    0.00    0.00    0.00    0.00    0.00     1  |__call_rcu
06:26:25     1000         -   3047762   99.00    0.00    0.00    0.00   99.00     4  |__CPU 0/TCG
06:26:25     1000         -   3047763    0.00    0.00    0.00    0.00    0.00    22  |__CPU 1/TCG
06:26:25     1000         -   3047764   99.00    1.00    0.00    0.00  100.00    16  |__CPU 2/TCG
06:26:25     1000         -   3047765    0.00    0.00    0.00    0.00    0.00     2  |__CPU 3/TCG
06:26:26     1000   3047740         -  200.00    3.00    0.00    0.00  203.00    23  qemu-system-aar
06:26:26     1000         -   3047740    2.00    1.00    0.00    0.00    3.00    23  |__qemu-system-aar
06:26:26     1000         -   3047747    0.00    0.00    0.00    0.00    0.00     1  |__call_rcu
06:26:26     1000         -   3047762   99.00    0.00    0.00    0.00   99.00     4  |__CPU 0/TCG
06:26:26     1000         -   3047763    1.00    0.00    0.00    0.00    1.00    22  |__CPU 1/TCG
06:26:26     1000         -   3047764   98.00    1.00    0.00    0.00   99.00    16  |__CPU 2/TCG
06:26:26     1000         -   3047765    0.00    0.00    0.00    0.00    0.00     2  |__CPU 3/TCG
06:26:27     1000   3047740         -  199.00    4.00    0.00    0.00  203.00    17  qemu-system-aar
06:26:27     1000         -   3047740    1.00    3.00    0.00    0.00    4.00    17  |__qemu-system-aar
06:26:27     1000         -   3047747    0.00    0.00    0.00    0.00    0.00     1  |__call_rcu
06:26:27     1000         -   3047762   98.00    1.00    0.00    0.00   99.00    20  |__CPU 0/TCG
06:26:27     1000         -   3047763    0.00    0.00    0.00    0.00    0.00    22  |__CPU 1/TCG
06:26:27     1000         -   3047764   99.00    2.00    0.00    0.00  101.00    16  |__CPU 2/TCG
06:26:27     1000         -   3047765    0.00    0.00    0.00    0.00    0.00     2  |__CPU 3/TCG
06:26:28     1000   3047740         -  201.00    2.00    0.00    0.00  203.00     2  qemu-system-aar
06:26:28     1000         -   3047740    1.00    2.00    0.00    0.00    3.00     2  |__qemu-system-aar
06:26:28     1000         -   3047747    0.00    0.00    0.00    0.00    0.00     1  |__call_rcu
06:26:28     1000         -   3047762   99.00    1.00    0.00    0.00  100.00    20  |__CPU 0/TCG
06:26:28     1000         -   3047763    1.00    0.00    0.00    0.00    1.00    22  |__CPU 1/TCG
06:26:28     1000         -   3047764   98.00    1.00    0.00    0.00   99.00     0  |__CPU 2/TCG
06:26:28     1000         -   3047765    0.00    0.00    0.00    0.00    0.00     2  |__CPU 3/TCG
06:26:29     1000   3047740         -  201.00    2.00    0.00    0.00  203.00    18  qemu-system-aar
06:26:29     1000         -   3047740    1.00    2.00    0.00    0.00    3.00    18  |__qemu-system-aar
06:26:29     1000         -   3047747    0.00    0.00    0.00    0.00    0.00     1  |__call_rcu
06:26:29     1000         -   3047762   99.00    0.00    0.00    0.00   99.00    20  |__CPU 0/TCG
06:26:29     1000         -   3047763    1.00    0.00    0.00    0.00    1.00    23  |__CPU 1/TCG
06:26:29     1000         -   3047764   99.00    1.00    0.00    0.00  100.00     0  |__CPU 2/TCG
06:26:29     1000         -   3047765    0.00    0.00    0.00    0.00    0.00     2  |__CPU 3/TCG
06:26:30     1000   3047740         -  199.00    3.00    0.00    0.00  202.00    18  qemu-system-aar
06:26:30     1000         -   3047740    1.00    2.00    0.00    0.00    3.00    18  |__qemu-system-aar
06:26:30     1000         -   3047747    0.00    0.00    0.00    0.00    0.00     1  |__call_rcu
06:26:30     1000         -   3047762   99.00    0.00    0.00    0.00   99.00    20  |__CPU 0/TCG
06:26:30     1000         -   3047763    0.00    0.00    0.00    0.00    0.00    23  |__CPU 1/TCG
06:26:30     1000         -   3047764   99.00    1.00    0.00    0.00  100.00     0  |__CPU 2/TCG
06:26:30     1000         -   3047765    0.00    0.00    0.00    0.00    0.00     2  |__CPU 3/TCG
06:26:31     1000   3047740         -  200.00    3.00    0.00    0.00  203.00    18  qemu-system-aar
06:26:31     1000         -   3047740    2.00    2.00    0.00    0.00    4.00    18  |__qemu-system-aar
06:26:31     1000         -   3047747    0.00    0.00    0.00    0.00    0.00     1  |__call_rcu
06:26:31     1000         -   3047762   98.00    1.00    0.00    0.00   99.00    20  |__CPU 0/TCG
06:26:31     1000         -   3047763    1.00    0.00    0.00    0.00    1.00    22  |__CPU 1/TCG
06:26:31     1000         -   3047764   98.00    1.00    0.00    0.00   99.00    16  |__CPU 2/TCG
06:26:31     1000         -   3047765    0.00    0.00    0.00    0.00    0.00     2  |__CPU 3/TCG
06:26:32     1000   3047740         -  200.00    3.00    0.00    0.00  203.00    23  qemu-system-aar
06:26:32     1000         -   3047740    1.00    2.00    0.00    0.00    3.00    23  |__qemu-system-aar
06:26:32     1000         -   3047747    0.00    0.00    0.00    0.00    0.00     1  |__call_rcu
06:26:32     1000         -   3047762   99.00    1.00    0.00    0.00  100.00     4  |__CPU 0/TCG
06:26:32     1000         -   3047763    0.00    0.00    0.00    0.00    0.00    22  |__CPU 1/TCG
06:26:32     1000         -   3047764   99.00    1.00    0.00    0.00  100.00    16  |__CPU 2/TCG
06:26:32     1000         -   3047765    0.00    0.00    0.00    0.00    0.00     2  |__CPU 3/TCG
06:26:33     1000   3047740         -  200.00    2.00    0.00    0.00  202.00    21  qemu-system-aar
06:26:33     1000         -   3047740    1.00    2.00    0.00    0.00    3.00    21  |__qemu-system-aar
06:26:33     1000         -   3047747    0.00    0.00    0.00    0.00    0.00     1  |__call_rcu
06:26:33     1000         -   3047762   99.00    0.00    0.00    0.00   99.00    20  |__CPU 0/TCG
06:26:33     1000         -   3047763    1.00    0.00    0.00    0.00    1.00    22  |__CPU 1/TCG
06:26:33     1000         -   3047764   99.00    1.00    0.00    0.00  100.00    16  |__CPU 2/TCG
06:26:33     1000         -   3047765    0.00    0.00    0.00    0.00    0.00     2  |__CPU 3/TCG
06:26:34     1000   3047740         -  199.00    4.00    0.00    0.00  203.00    19  qemu-system-aar
06:26:34     1000         -   3047740    1.00    2.00    0.00    0.00    3.00    19  |__qemu-system-aar
06:26:34     1000         -   3047747    0.00    0.00    0.00    0.00    0.00     1  |__call_rcu
06:26:34     1000         -   3047762   98.00    0.00    0.00    0.00   98.00    20  |__CPU 0/TCG
06:26:34     1000         -   3047763    0.00    0.00    0.00    0.00    0.00    22  |__CPU 1/TCG
06:26:34     1000         -   3047764   98.00    1.00    0.00    0.00   99.00     0  |__CPU 2/TCG
06:26:34     1000         -   3047765    0.00    0.00    0.00    0.00    0.00     2  |__CPU 3/TCG
06:26:35     1000   3047740         -  200.00    3.00    0.00    0.00  203.00     6  qemu-system-aar
06:26:35     1000         -   3047740    1.00    2.00    0.00    0.00    3.00     6  |__qemu-system-aar
06:26:35     1000         -   3047747    0.00    0.00    0.00    0.00    0.00     1  |__call_rcu
06:26:35     1000         -   3047762   99.00    1.00    0.00    0.00  100.00    20  |__CPU 0/TCG
06:26:35     1000         -   3047763    1.00    0.00    0.00    0.00    1.00     4  |__CPU 1/TCG
06:26:35     1000         -   3047764   99.00    1.00    0.00    0.00  100.00     0  |__CPU 2/TCG
06:26:35     1000         -   3047765    0.00    0.00    0.00    0.00    0.00     2  |__CPU 3/TCG
06:26:36     1000   3047740         -  201.00    2.00    0.00    0.00  203.00    16  qemu-system-aar
06:26:36     1000         -   3047740    1.00    3.00    0.00    0.00    4.00    16  |__qemu-system-aar
06:26:36     1000         -   3047747    0.00    0.00    0.00    0.00    0.00     1  |__call_rcu
06:26:36     1000         -   3047762   99.00    1.00    0.00    0.00  100.00    20  |__CPU 0/TCG
06:26:36     1000         -   3047763    0.00    0.00    0.00    0.00    0.00    18  |__CPU 1/TCG
06:26:36     1000         -   3047764   99.00    0.00    0.00    0.00   99.00     0  |__CPU 2/TCG
06:26:36     1000         -   3047765    0.00    0.00    0.00    0.00    0.00     2  |__CPU 3/TCG
06:26:37     1000   3047740         -  200.00    3.00    0.00    0.00  203.00    17  qemu-system-aar
06:26:37     1000         -   3047740    1.00    3.00    0.00    0.00    4.00    17  |__qemu-system-aar
06:26:37     1000         -   3047747    0.00    0.00    0.00    0.00    0.00     1  |__call_rcu
06:26:37     1000         -   3047762   98.00    1.00    0.00    0.00   99.00    20  |__CPU 0/TCG
06:26:37     1000         -   3047763    1.00    0.00    0.00    0.00    1.00    18  |__CPU 1/TCG
06:26:37     1000         -   3047764   99.00    1.00    0.00    0.00  100.00    16  |__CPU 2/TCG
06:26:37     1000         -   3047765    0.00    0.00    0.00    0.00    0.00     2  |__CPU 3/TCG
06:26:38     1000   3047740         -  200.00    3.00    0.00    0.00  203.00    17  qemu-system-aar
06:26:38     1000         -   3047740    1.00    2.00    0.00    0.00    3.00    17  |__qemu-system-aar
06:26:38     1000         -   3047747    0.00    0.00    0.00    0.00    0.00     1  |__call_rcu
06:26:38     1000         -   3047762   99.00    0.00    0.00    0.00   99.00     4  |__CPU 0/TCG
06:26:38     1000         -   3047763    1.00    0.00    0.00    0.00    1.00    22  |__CPU 1/TCG
06:26:38     1000         -   3047764   98.00    1.00    0.00    0.00   99.00    16  |__CPU 2/TCG
06:26:38     1000         -   3047765    0.00    0.00    0.00    0.00    0.00     2  |__CPU 3/TCG
06:26:39     1000   3047740         -  200.00    2.00    0.00    0.00  202.00    19  qemu-system-aar
06:26:39     1000         -   3047740    1.00    2.00    0.00    0.00    3.00    19  |__qemu-system-aar
06:26:39     1000         -   3047747    0.00    0.00    0.00    0.00    0.00     1  |__call_rcu
06:26:39     1000         -   3047762   99.00    0.00    0.00    0.00   99.00     4  |__CPU 0/TCG
06:26:39     1000         -   3047763    0.00    0.00    0.00    0.00    0.00    18  |__CPU 1/TCG
06:26:39     1000         -   3047764   99.00    1.00    0.00    0.00  100.00    16  |__CPU 2/TCG
06:26:39     1000         -   3047765    0.00    0.00    0.00    0.00    0.00     2  |__CPU 3/TCG
06:26:40     1000   3047740         -  201.00    2.00    0.00    0.00  203.00    17  qemu-system-aar
06:26:40     1000         -   3047740    1.00    2.00    0.00    0.00    3.00    17  |__qemu-system-aar
06:26:40     1000         -   3047747    0.00    0.00    0.00    0.00    0.00     1  |__call_rcu
06:26:40     1000         -   3047762   98.00    1.00    0.00    0.00   99.00     4  |__CPU 0/TCG
06:26:40     1000         -   3047763    1.00    0.00    0.00    0.00    1.00    18  |__CPU 1/TCG
06:26:40     1000         -   3047764   99.00    0.00    0.00    0.00   99.00    16  |__CPU 2/TCG
06:26:40     1000         -   3047765    0.00    0.00    0.00    0.00    0.00     2  |__CPU 3/TCG
06:26:41     1000   3047740         -  199.00    4.00    0.00    0.00  203.00    17  qemu-system-aar
06:26:41     1000         -   3047740    2.00    2.00    0.00    0.00    4.00    17  |__qemu-system-aar
06:26:41     1000         -   3047747    0.00    0.00    0.00    0.00    0.00     1  |__call_rcu
06:26:41     1000         -   3047762   99.00    1.00    0.00    0.00  100.00    20  |__CPU 0/TCG
06:26:41     1000         -   3047763    0.00    0.00    0.00    0.00    0.00    18  |__CPU 1/TCG
06:26:41     1000         -   3047764   99.00    2.00    0.00    0.00  101.00     0  |__CPU 2/TCG
06:26:41     1000         -   3047765    0.00    0.00    0.00    0.00    0.00     2  |__CPU 3/TCG
06:26:42     1000   3047740         -  200.00    3.00    0.00    0.00  203.00    17  qemu-system-aar
06:26:42     1000         -   3047740    0.00    3.00    0.00    0.00    3.00    17  |__qemu-system-aar
06:26:42     1000         -   3047747    0.00    0.00    0.00    0.00    0.00     1  |__call_rcu
06:26:42     1000         -   3047762   99.00    0.00    0.00    0.00   99.00    20  |__CPU 0/TCG
06:26:42     1000         -   3047763    1.00    0.00    0.00    0.00    1.00    18  |__CPU 1/TCG
06:26:42     1000         -   3047764   99.00    0.00    0.00    0.00   99.00     0  |__CPU 2/TCG
06:26:42     1000         -   3047765    0.00    0.00    0.00    0.00    0.00     2  |__CPU 3/TCG
06:26:43     1000   3047740         -  199.00    3.00    0.00    0.00  202.00     1  qemu-system-aar
06:26:43     1000         -   3047740    1.00    2.00    0.00    0.00    3.00     1  |__qemu-system-aar
06:26:43     1000         -   3047747    0.00    0.00    0.00    0.00    0.00     1  |__call_rcu
06:26:43     1000         -   3047762   98.00    1.00    0.00    0.00   99.00    20  |__CPU 0/TCG
06:26:43     1000         -   3047763    0.00    0.00    0.00    0.00    0.00    18  |__CPU 1/TCG
06:26:43     1000         -   3047764   98.00    2.00    0.00    0.00  100.00     0  |__CPU 2/TCG
06:26:43     1000         -   3047765    0.00    0.00    0.00    0.00    0.00     2  |__CPU 3/TCG
06:26:44     1000   3047740         -  200.00    3.00    0.00    0.00  203.00     5  qemu-system-aar
06:26:44     1000         -   3047740    2.00    2.00    0.00    0.00    4.00     5  |__qemu-system-aar
06:26:44     1000         -   3047747    0.00    0.00    0.00    0.00    0.00     1  |__call_rcu
06:26:44     1000         -   3047762   99.00    0.00    0.00    0.00   99.00    20  |__CPU 0/TCG
06:26:44     1000         -   3047763    1.00    0.00    0.00    0.00    1.00    18  |__CPU 1/TCG
06:26:44     1000         -   3047764   98.00    1.00    0.00    0.00   99.00     0  |__CPU 2/TCG
06:26:44     1000         -   3047765    0.00    0.00    0.00    0.00    0.00     2  |__CPU 3/TCG
06:26:45     1000   3047740         -  199.00    4.00    0.00    0.00  203.00     7  qemu-system-aar
06:26:45     1000         -   3047740    0.00    3.00    0.00    0.00    3.00     7  |__qemu-system-aar
06:26:45     1000         -   3047747    0.00    0.00    0.00    0.00    0.00     1  |__call_rcu
06:26:45     1000         -   3047762   99.00    1.00    0.00    0.00  100.00    20  |__CPU 0/TCG
06:26:45     1000         -   3047763    0.00    0.00    0.00    0.00    0.00    19  |__CPU 1/TCG
06:26:45     1000         -   3047764   99.00    1.00    0.00    0.00  100.00     0  |__CPU 2/TCG
06:26:45     1000         -   3047765    0.00    0.00    0.00    0.00    0.00     2  |__CPU 3/TCG
06:26:46     1000   3047740         -  201.00    2.00    0.00    0.00  203.00     7  qemu-system-aar
06:26:46     1000         -   3047740    2.00    2.00    0.00    0.00    4.00     7  |__qemu-system-aar
06:26:46     1000         -   3047747    0.00    0.00    0.00    0.00    0.00     1  |__call_rcu
06:26:46     1000         -   3047762   99.00    0.00    0.00    0.00   99.00     4  |__CPU 0/TCG
06:26:46     1000         -   3047763    0.00    1.00    0.00    0.00    1.00    18  |__CPU 1/TCG
06:26:46     1000         -   3047764   98.00    1.00    0.00    0.00   99.00    16  |__CPU 2/TCG
06:26:46     1000         -   3047765    0.00    0.00    0.00    0.00    0.00     2  |__CPU 3/TCG
06:26:47     1000   3047740         -  199.00    4.00    0.00    0.00  203.00    20  qemu-system-aar
06:26:47     1000         -   3047740    1.00    4.00    0.00    0.00    5.00    20  |__qemu-system-aar
06:26:47     1000         -   3047747    0.00    0.00    0.00    0.00    0.00     1  |__call_rcu
06:26:47     1000         -   3047762   99.00    0.00    0.00    0.00   99.00     4  |__CPU 0/TCG
06:26:47     1000         -   3047763    1.00    0.00    0.00    0.00    1.00    17  |__CPU 1/TCG
06:26:47     1000         -   3047764   98.00    1.00    0.00    0.00   99.00     0  |__CPU 2/TCG
06:26:47     1000         -   3047765    0.00    0.00    0.00    0.00    0.00     2  |__CPU 3/TCG
06:26:48     1000   3047740         -  200.00    3.00    0.00    0.00  203.00    17  qemu-system-aar
06:26:48     1000         -   3047740    2.00    2.00    0.00    0.00    4.00    17  |__qemu-system-aar
06:26:48     1000         -   3047747    0.00    0.00    0.00    0.00    0.00     1  |__call_rcu
06:26:48     1000         -   3047762   98.00    0.00    0.00    0.00   98.00     0  |__CPU 0/TCG
06:26:48     1000         -   3047763    0.00    0.00    0.00    0.00    0.00    18  |__CPU 1/TCG
06:26:48     1000         -   3047764   98.00    2.00    0.00    0.00  100.00    20  |__CPU 2/TCG
06:26:48     1000         -   3047765    0.00    0.00    0.00    0.00    0.00     2  |__CPU 3/TCG
06:26:49     1000   3047740         -  201.00    3.00    0.00    0.00  204.00     7  qemu-system-aar
06:26:49     1000         -   3047740    1.00    2.00    0.00    0.00    3.00     7  |__qemu-system-aar
06:26:49     1000         -   3047747    0.00    0.00    0.00    0.00    0.00     1  |__call_rcu
06:26:49     1000         -   3047762   98.00    1.00    0.00    0.00   99.00     0  |__CPU 0/TCG
06:26:49     1000         -   3047763    1.00    0.00    0.00    0.00    1.00    18  |__CPU 1/TCG
06:26:49     1000         -   3047764   99.00    0.00    0.00    0.00   99.00     4  |__CPU 2/TCG
06:26:49     1000         -   3047765    0.00    0.00    0.00    0.00    0.00     2  |__CPU 3/TCG
06:26:50     1000   3047740         -  200.00    2.00    0.00    0.00  202.00     6  qemu-system-aar
06:26:50     1000         -   3047740    1.00    2.00    0.00    0.00    3.00     6  |__qemu-system-aar
06:26:50     1000         -   3047747    0.00    0.00    0.00    0.00    0.00     1  |__call_rcu
06:26:50     1000         -   3047762   99.00    1.00    0.00    0.00  100.00    16  |__CPU 0/TCG
06:26:50     1000         -   3047763    0.00    0.00    0.00    0.00    0.00    18  |__CPU 1/TCG
06:26:50     1000         -   3047764   99.00    1.00    0.00    0.00  100.00    20  |__CPU 2/TCG
06:26:50     1000         -   3047765    0.00    0.00    0.00    0.00    0.00     2  |__CPU 3/TCG
06:26:51     1000   3047740         -  200.00    3.00    0.00    0.00  203.00     6  qemu-system-aar
06:26:51     1000         -   3047740    2.00    2.00    0.00    0.00    4.00     6  |__qemu-system-aar
06:26:51     1000         -   3047747    0.00    0.00    0.00    0.00    0.00     1  |__call_rcu
06:26:51     1000         -   3047762   99.00    0.00    0.00    0.00   99.00    16  |__CPU 0/TCG
06:26:51     1000         -   3047763    1.00    0.00    0.00    0.00    1.00    17  |__CPU 1/TCG
06:26:51     1000         -   3047764   99.00    1.00    0.00    0.00  100.00    20  |__CPU 2/TCG
06:26:51     1000         -   3047765    0.00    0.00    0.00    0.00    0.00     2  |__CPU 3/TCG
06:26:52     1000   3047740         -  200.00    2.00    0.00    0.00  202.00     6  qemu-system-aar
06:26:52     1000         -   3047740    1.00    2.00    0.00    0.00    3.00     6  |__qemu-system-aar
06:26:52     1000         -   3047747    0.00    0.00    0.00    0.00    0.00     1  |__call_rcu
06:26:52     1000         -   3047762   99.00    1.00    0.00    0.00  100.00    16  |__CPU 0/TCG
06:26:52     1000         -   3047763    1.00    0.00    0.00    0.00    1.00    19  |__CPU 1/TCG
06:26:52     1000         -   3047764   99.00    1.00    0.00    0.00  100.00    20  |__CPU 2/TCG
06:26:52     1000         -   3047765    0.00    0.00    0.00    0.00    0.00     2  |__CPU 3/TCG
06:26:53     1000   3047740         -  200.00    4.00    0.00    0.00  204.00    17  qemu-system-aar
06:26:53     1000         -   3047740    1.00    2.00    0.00    0.00    3.00    17  |__qemu-system-aar
06:26:53     1000         -   3047747    0.00    0.00    0.00    0.00    0.00     1  |__call_rcu
06:26:53     1000         -   3047762   99.00    0.00    0.00    0.00   99.00    16  |__CPU 0/TCG
06:26:53     1000         -   3047763    0.00    0.00    0.00    0.00    0.00    19  |__CPU 1/TCG
06:26:53     1000         -   3047764   98.00    1.00    0.00    0.00   99.00    20  |__CPU 2/TCG
06:26:53     1000         -   3047765    0.00    0.00    0.00    0.00    0.00     2  |__CPU 3/TCG
06:26:54     1000   3047740         -  200.00    3.00    0.00    0.00  203.00    18  qemu-system-aar
06:26:54     1000         -   3047740    1.00    2.00    0.00    0.00    3.00    18  |__qemu-system-aar
06:26:54     1000         -   3047747    0.00    0.00    0.00    0.00    0.00     1  |__call_rcu
06:26:54     1000         -   3047762   98.00    1.00    0.00    0.00   99.00    16  |__CPU 0/TCG
06:26:54     1000         -   3047763    1.00    0.00    0.00    0.00    1.00    19  |__CPU 1/TCG
06:26:54     1000         -   3047764   99.00    2.00    0.00    0.00  101.00    20  |__CPU 2/TCG
06:26:54     1000         -   3047765    0.00    0.00    0.00    0.00    0.00     2  |__CPU 3/TCG
06:26:55     1000   3047740         -  199.00    2.00    0.00    0.00  201.00    17  qemu-system-aar
06:26:55     1000         -   3047740    1.00    2.00    0.00    0.00    3.00    17  |__qemu-system-aar
06:26:55     1000         -   3047747    0.00    0.00    0.00    0.00    0.00     1  |__call_rcu
06:26:55     1000         -   3047762   99.00    0.00    0.00    0.00   99.00    16  |__CPU 0/TCG
06:26:55     1000         -   3047763    1.00    0.00    0.00    0.00    1.00    19  |__CPU 1/TCG
06:26:55     1000         -   3047764   98.00    0.00    0.00    0.00   98.00    20  |__CPU 2/TCG
06:26:55     1000         -   3047765    0.00    0.00    0.00    0.00    0.00     2  |__CPU 3/TCG
06:26:56     1000   3047740         -  200.00    3.00    0.00    0.00  203.00     5  qemu-system-aar
06:26:56     1000         -   3047740    1.00    3.00    0.00    0.00    4.00     5  |__qemu-system-aar
06:26:56     1000         -   3047747    0.00    0.00    0.00    0.00    0.00     1  |__call_rcu
06:26:56     1000         -   3047762   99.00    1.00    0.00    0.00  100.00    16  |__CPU 0/TCG
06:26:56     1000         -   3047763    0.00    0.00    0.00    0.00    0.00    19  |__CPU 1/TCG
06:26:56     1000         -   3047764   99.00    2.00    0.00    0.00  101.00    20  |__CPU 2/TCG
06:26:56     1000         -   3047765    0.00    0.00    0.00    0.00    0.00     2  |__CPU 3/TCG
06:26:57     1000   3047740         -  199.00    4.00    0.00    0.00  203.00    23  qemu-system-aar
06:26:57     1000         -   3047740    1.00    2.00    0.00    0.00    3.00    23  |__qemu-system-aar
06:26:57     1000         -   3047747    0.00    0.00    0.00    0.00    0.00     1  |__call_rcu
06:26:57     1000         -   3047762   99.00    0.00    0.00    0.00   99.00    16  |__CPU 0/TCG
06:26:57     1000         -   3047763    1.00    0.00    0.00    0.00    1.00     4  |__CPU 1/TCG
06:26:57     1000         -   3047764   98.00    1.00    0.00    0.00   99.00    20  |__CPU 2/TCG
06:26:57     1000         -   3047765    0.00    0.00    0.00    0.00    0.00     2  |__CPU 3/TCG
06:26:58     1000   3047740         -  201.00    2.00    0.00    0.00  203.00    17  qemu-system-aar
06:26:58     1000         -   3047740    1.00    2.00    0.00    0.00    3.00    17  |__qemu-system-aar
06:26:58     1000         -   3047747    0.00    0.00    0.00    0.00    0.00     1  |__call_rcu
06:26:58     1000         -   3047762   99.00    0.00    0.00    0.00   99.00    16  |__CPU 0/TCG
06:26:58     1000         -   3047763    0.00    0.00    0.00    0.00    0.00    24  |__CPU 1/TCG
06:26:58     1000         -   3047764  100.00    0.00    0.00    0.00  100.00    20  |__CPU 2/TCG
06:26:58     1000         -   3047765    0.00    0.00    0.00    0.00    0.00     2  |__CPU 3/TCG
06:26:59     1000   3047740         -  199.00    3.00    0.00    0.00  202.00    23  qemu-system-aar
06:26:59     1000         -   3047740    1.00    2.00    0.00    0.00    3.00    23  |__qemu-system-aar
06:26:59     1000         -   3047747    0.00    0.00    0.00    0.00    0.00     1  |__call_rcu
06:26:59     1000         -   3047762   99.00    1.00    0.00    0.00  100.00    16  |__CPU 0/TCG
06:26:59     1000         -   3047763    1.00    0.00    0.00    0.00    1.00    24  |__CPU 1/TCG
06:26:59     1000         -   3047764   98.00    1.00    0.00    0.00   99.00    20  |__CPU 2/TCG
06:26:59     1000         -   3047765    0.00    0.00    0.00    0.00    0.00     2  |__CPU 3/TCG
06:27:00     1000   3047740         -  199.00    4.00    0.00    0.00  203.00     3  qemu-system-aar
06:27:00     1000         -   3047740    2.00    2.00    0.00    0.00    4.00     3  |__qemu-system-aar
06:27:00     1000         -   3047747    0.00    0.00    0.00    0.00    0.00     1  |__call_rcu
06:27:00     1000         -   3047762   99.00    0.00    0.00    0.00   99.00    16  |__CPU 0/TCG
06:27:00     1000         -   3047763    0.00    0.00    0.00    0.00    0.00    19  |__CPU 1/TCG
06:27:00     1000         -   3047764   98.00    2.00    0.00    0.00  100.00     4  |__CPU 2/TCG
06:27:00     1000         -   3047765    0.00    0.00    0.00    0.00    0.00     2  |__CPU 3/TCG
06:27:01     1000   3047740         -  200.00    3.00    0.00    0.00  203.00    17  qemu-system-aar
06:27:01     1000         -   3047740    1.00    2.00    0.00    0.00    3.00    17  |__qemu-system-aar
06:27:01     1000         -   3047747    0.00    0.00    0.00    0.00    0.00     1  |__call_rcu
06:27:01     1000         -   3047762   98.00    1.00    0.00    0.00   99.00    16  |__CPU 0/TCG
06:27:01     1000         -   3047763    1.00    0.00    0.00    0.00    1.00    19  |__CPU 1/TCG
06:27:01     1000         -   3047764   98.00    1.00    0.00    0.00   99.00     4  |__CPU 2/TCG
06:27:01     1000         -   3047765    0.00    0.00    0.00    0.00    0.00     2  |__CPU 3/TCG
06:27:02     1000   3047740         -  200.00    3.00    0.00    0.00  203.00     7  qemu-system-aar
06:27:02     1000         -   3047740    0.00    3.00    0.00    0.00    3.00     7  |__qemu-system-aar
06:27:02     1000         -   3047747    0.00    0.00    0.00    0.00    0.00     1  |__call_rcu
06:27:02     1000         -   3047762   99.00    0.00    0.00    0.00   99.00     0  |__CPU 0/TCG
06:27:02     1000         -   3047763    0.00    0.00    0.00    0.00    0.00     3  |__CPU 1/TCG
06:27:02     1000         -   3047764  100.00    1.00    0.00    0.00  101.00     4  |__CPU 2/TCG
06:27:02     1000         -   3047765    0.00    0.00    0.00    0.00    0.00     2  |__CPU 3/TCG
06:27:03     1000   3047740         -  200.00    3.00    0.00    0.00  203.00     5  qemu-system-aar
06:27:03     1000         -   3047740    2.00    1.00    0.00    0.00    3.00     6  |__qemu-system-aar
06:27:03     1000         -   3047747    0.00    0.00    0.00    0.00    0.00     1  |__call_rcu
06:27:03     1000         -   3047762   99.00    1.00    0.00    0.00  100.00     0  |__CPU 0/TCG
06:27:03     1000         -   3047763    1.00    0.00    0.00    0.00    1.00    19  |__CPU 1/TCG
06:27:03     1000         -   3047764   98.00    1.00    0.00    0.00   99.00    20  |__CPU 2/TCG
06:27:03     1000         -   3047765    0.00    0.00    0.00    0.00    0.00     2  |__CPU 3/TCG
06:27:04     1000   3047740         -  201.00    2.00    0.00    0.00  203.00     5  qemu-system-aar
06:27:04     1000         -   3047740    2.00    2.00    0.00    0.00    4.00     5  |__qemu-system-aar
06:27:04     1000         -   3047747    0.00    0.00    0.00    0.00    0.00     1  |__call_rcu
06:27:04     1000         -   3047762   99.00    0.00    0.00    0.00   99.00     0  |__CPU 0/TCG
06:27:04     1000         -   3047763    1.00    0.00    0.00    0.00    1.00    19  |__CPU 1/TCG
06:27:04     1000         -   3047764   99.00    0.00    0.00    0.00   99.00    20  |__CPU 2/TCG
06:27:04     1000         -   3047765    0.00    0.00    0.00    0.00    0.00     2  |__CPU 3/TCG
06:27:05     1000   3047740         -  199.00    3.00    0.00    0.00  202.00     5  qemu-system-aar
06:27:05     1000         -   3047740    1.00    2.00    0.00    0.00    3.00     5  |__qemu-system-aar
06:27:05     1000         -   3047747    0.00    0.00    0.00    0.00    0.00     1  |__call_rcu
06:27:05     1000         -   3047762   98.00    1.00    0.00    0.00   99.00     0  |__CPU 0/TCG
06:27:05     1000         -   3047763    0.00    0.00    0.00    0.00    0.00    19  |__CPU 1/TCG
06:27:05     1000         -   3047764   99.00    1.00    0.00    0.00  100.00    20  |__CPU 2/TCG
06:27:05     1000         -   3047765    0.00    0.00    0.00    0.00    0.00     2  |__CPU 3/TCG
06:27:06     1000   3047740         -  200.00    3.00    0.00    0.00  203.00     7  qemu-system-aar
06:27:06     1000         -   3047740    1.00    2.00    0.00    0.00    3.00     7  |__qemu-system-aar
06:27:06     1000         -   3047747    0.00    0.00    0.00    0.00    0.00     1  |__call_rcu
06:27:06     1000         -   3047762   99.00    0.00    0.00    0.00   99.00     0  |__CPU 0/TCG
06:27:06     1000         -   3047763    1.00    0.00    0.00    0.00    1.00    19  |__CPU 1/TCG
06:27:06     1000         -   3047764   99.00    1.00    0.00    0.00  100.00    20  |__CPU 2/TCG
06:27:06     1000         -   3047765    0.00    0.00    0.00    0.00    0.00     2  |__CPU 3/TCG
06:27:07     1000   3047740         -  201.00    1.00    0.00    0.00  202.00    17  qemu-system-aar
06:27:07     1000         -   3047740    1.00    2.00    0.00    0.00    3.00    17  |__qemu-system-aar
06:27:07     1000         -   3047747    0.00    0.00    0.00    0.00    0.00     1  |__call_rcu
06:27:07     1000         -   3047762   99.00    0.00    0.00    0.00   99.00     0  |__CPU 0/TCG
06:27:07     1000         -   3047763    1.00    0.00    0.00    0.00    1.00    19  |__CPU 1/TCG
06:27:07     1000         -   3047764   99.00    1.00    0.00    0.00  100.00    20  |__CPU 2/TCG
06:27:07     1000         -   3047765    0.00    0.00    0.00    0.00    0.00     2  |__CPU 3/TCG
06:27:08     1000   3047740         -  200.00    4.00    0.00    0.00  204.00     7  qemu-system-aar
06:27:08     1000         -   3047740    1.00    2.00    0.00    0.00    3.00     7  |__qemu-system-aar
06:27:08     1000         -   3047747    0.00    0.00    0.00    0.00    0.00     1  |__call_rcu
06:27:08     1000         -   3047762   99.00    1.00    0.00    0.00  100.00     0  |__CPU 0/TCG
06:27:08     1000         -   3047763    0.00    0.00    0.00    0.00    0.00    19  |__CPU 1/TCG
06:27:08     1000         -   3047764   98.00    1.00    0.00    0.00   99.00    20  |__CPU 2/TCG
06:27:08     1000         -   3047765    0.00    0.00    0.00    0.00    0.00     2  |__CPU 3/TCG
06:27:09     1000   3047740         -  200.00    2.00    0.00    0.00  202.00    21  qemu-system-aar
06:27:09     1000         -   3047740    1.00    2.00    0.00    0.00    3.00    21  |__qemu-system-aar
06:27:09     1000         -   3047747    0.00    0.00    0.00    0.00    0.00     1  |__call_rcu
06:27:09     1000         -   3047762   99.00    0.00    0.00    0.00   99.00     0  |__CPU 0/TCG
06:27:09     1000         -   3047763    1.00    0.00    0.00    0.00    1.00    19  |__CPU 1/TCG
06:27:09     1000         -   3047764   99.00    1.00    0.00    0.00  100.00    20  |__CPU 2/TCG
06:27:09     1000         -   3047765    0.00    0.00    0.00    0.00    0.00     2  |__CPU 3/TCG
06:27:10     1000   3047740         -  199.00    4.00    0.00    0.00  203.00    23  qemu-system-aar
06:27:10     1000         -   3047740    1.00    3.00    0.00    0.00    4.00    23  |__qemu-system-aar
06:27:10     1000         -   3047747    0.00    0.00    0.00    0.00    0.00     1  |__call_rcu
06:27:10     1000         -   3047762   99.00    0.00    0.00    0.00   99.00     0  |__CPU 0/TCG
06:27:10     1000         -   3047763    0.00    0.00    0.00    0.00    0.00     5  |__CPU 1/TCG
06:27:10     1000         -   3047764   98.00    2.00    0.00    0.00  100.00    20  |__CPU 2/TCG
06:27:10     1000         -   3047765    0.00    0.00    0.00    0.00    0.00     2  |__CPU 3/TCG
06:27:11     1000   3047740         -  200.00    2.00    0.00    0.00  202.00    23  qemu-system-aar
06:27:11     1000         -   3047740    1.00    2.00    0.00    0.00    3.00    23  |__qemu-system-aar
06:27:11     1000         -   3047747    0.00    0.00    0.00    0.00    0.00     1  |__call_rcu
06:27:11     1000         -   3047762   99.00    1.00    0.00    0.00  100.00     0  |__CPU 0/TCG
06:27:11     1000         -   3047763    1.00    0.00    0.00    0.00    1.00     5  |__CPU 1/TCG
06:27:11     1000         -   3047764   99.00    1.00    0.00    0.00  100.00    20  |__CPU 2/TCG
06:27:11     1000         -   3047765    0.00    0.00    0.00    0.00    0.00     2  |__CPU 3/TCG
06:27:12     1000   3047740         -  201.00    3.00    0.00    0.00  204.00    21  qemu-system-aar
06:27:12     1000         -   3047740    1.00    3.00    0.00    0.00    4.00    21  |__qemu-system-aar
06:27:12     1000         -   3047747    0.00    0.00    0.00    0.00    0.00     1  |__call_rcu
06:27:12     1000         -   3047762   99.00    0.00    0.00    0.00   99.00     0  |__CPU 0/TCG
06:27:12     1000         -   3047763    1.00    0.00    0.00    0.00    1.00    19  |__CPU 1/TCG
06:27:12     1000         -   3047764   99.00    0.00    0.00    0.00   99.00    20  |__CPU 2/TCG
06:27:12     1000         -   3047765    0.00    0.00    0.00    0.00    0.00     2  |__CPU 3/TCG
06:27:13     1000   3047740         -  200.00    2.00    0.00    0.00  202.00     1  qemu-system-aar
06:27:13     1000         -   3047740    1.00    2.00    0.00    0.00    3.00     1  |__qemu-system-aar
06:27:13     1000         -   3047747    0.00    0.00    0.00    0.00    0.00     1  |__call_rcu
06:27:13     1000         -   3047762   99.00    0.00    0.00    0.00   99.00     0  |__CPU 0/TCG
06:27:13     1000         -   3047763    0.00    0.00    0.00    0.00    0.00    19  |__CPU 1/TCG
06:27:13     1000         -   3047764   99.00    1.00    0.00    0.00  100.00     4  |__CPU 2/TCG
06:27:13     1000         -   3047765    0.00    0.00    0.00    0.00    0.00     2  |__CPU 3/TCG
06:27:14     1000   3047740         -  200.00    3.00    0.00    0.00  203.00     1  qemu-system-aar
06:27:14     1000         -   3047740    2.00    1.00    0.00    0.00    3.00     1  |__qemu-system-aar
06:27:14     1000         -   3047747    0.00    0.00    0.00    0.00    0.00     1  |__call_rcu
06:27:14     1000         -   3047762   99.00    1.00    0.00    0.00  100.00    16  |__CPU 0/TCG
06:27:14     1000         -   3047763    0.00    0.00    0.00    0.00    0.00     5  |__CPU 1/TCG
06:27:14     1000         -   3047764   98.00    2.00    0.00    0.00  100.00     4  |__CPU 2/TCG
06:27:14     1000         -   3047765    0.00    0.00    0.00    0.00    0.00     2  |__CPU 3/TCG
06:27:15     1000   3047740         -  200.00    3.00    0.00    0.00  203.00     5  qemu-system-aar
06:27:15     1000         -   3047740    1.00    2.00    0.00    0.00    3.00     5  |__qemu-system-aar
06:27:15     1000         -   3047747    0.00    0.00    0.00    0.00    0.00     1  |__call_rcu
06:27:15     1000         -   3047762   99.00    0.00    0.00    0.00   99.00     0  |__CPU 0/TCG
06:27:15     1000         -   3047763    1.00    0.00    0.00    0.00    1.00     6  |__CPU 1/TCG
06:27:15     1000         -   3047764   99.00    0.00    0.00    0.00   99.00     4  |__CPU 2/TCG
06:27:15     1000         -   3047765    0.00    0.00    0.00    0.00    0.00     2  |__CPU 3/TCG
06:27:16     1000   3047740         -  199.00    3.00    0.00    0.00  202.00     7  qemu-system-aar
06:27:16     1000         -   3047740    1.00    2.00    0.00    0.00    3.00     7  |__qemu-system-aar
06:27:16     1000         -   3047747    0.00    0.00    0.00    0.00    0.00     1  |__call_rcu
06:27:16     1000         -   3047762   99.00    0.00    0.00    0.00   99.00     0  |__CPU 0/TCG
06:27:16     1000         -   3047763    0.00    0.00    0.00    0.00    0.00     6  |__CPU 1/TCG
06:27:16     1000         -   3047764   98.00    1.00    0.00    0.00   99.00     4  |__CPU 2/TCG
06:27:16     1000         -   3047765    0.00    0.00    0.00    0.00    0.00     2  |__CPU 3/TCG
06:27:17     1000   3047740         -  200.00    2.00    0.00    0.00  202.00     7  qemu-system-aar
06:27:17     1000         -   3047740    1.00    2.00    0.00    0.00    3.00     7  |__qemu-system-aar
06:27:17     1000         -   3047747    0.00    0.00    0.00    0.00    0.00     1  |__call_rcu
06:27:17     1000         -   3047762   98.00    1.00    0.00    0.00   99.00    16  |__CPU 0/TCG
06:27:17     1000         -   3047763    1.00    0.00    0.00    0.00    1.00     5  |__CPU 1/TCG
06:27:17     1000         -   3047764   99.00    1.00    0.00    0.00  100.00     4  |__CPU 2/TCG
06:27:17     1000         -   3047765    0.00    0.00    0.00    0.00    0.00     2  |__CPU 3/TCG
06:27:18     1000   3047740         -  200.00    4.00    0.00    0.00  204.00    21  qemu-system-aar
06:27:18     1000         -   3047740    1.00    3.00    0.00    0.00    4.00    21  |__qemu-system-aar
06:27:18     1000         -   3047747    0.00    0.00    0.00    0.00    0.00     1  |__call_rcu
06:27:18     1000         -   3047762   99.00    1.00    0.00    0.00  100.00     0  |__CPU 0/TCG
06:27:18     1000         -   3047763    0.00    0.00    0.00    0.00    0.00     5  |__CPU 1/TCG
06:27:18     1000         -   3047764   99.00    1.00    0.00    0.00  100.00     4  |__CPU 2/TCG
06:27:18     1000         -   3047765    0.00    0.00    0.00    0.00    0.00     2  |__CPU 3/TCG
06:27:19     1000   3047740         -  200.00    2.00    0.00    0.00  202.00     1  qemu-system-aar
06:27:19     1000         -   3047740    1.00    1.00    0.00    0.00    2.00     1  |__qemu-system-aar
06:27:19     1000         -   3047747    0.00    0.00    0.00    0.00    0.00     1  |__call_rcu
06:27:19     1000         -   3047762   99.00    0.00    0.00    0.00   99.00    16  |__CPU 0/TCG
06:27:19     1000         -   3047763    1.00    0.00    0.00    0.00    1.00     5  |__CPU 1/TCG
06:27:19     1000         -   3047764   99.00    1.00    0.00    0.00  100.00    20  |__CPU 2/TCG
06:27:19     1000         -   3047765    0.00    0.00    0.00    0.00    0.00     2  |__CPU 3/TCG
06:27:20     1000   3047740         -  199.00    3.00    0.00    0.00  202.00     1  qemu-system-aar
06:27:20     1000         -   3047740    2.00    2.00    0.00    0.00    4.00     1  |__qemu-system-aar
06:27:20     1000         -   3047747    0.00    0.00    0.00    0.00    0.00     1  |__call_rcu
06:27:20     1000         -   3047762   98.00    1.00    0.00    1.00   99.00    16  |__CPU 0/TCG
06:27:20     1000         -   3047763    0.00    0.00    0.00    0.00    0.00     5  |__CPU 1/TCG
06:27:20     1000         -   3047764   98.00    1.00    0.00    0.00   99.00    20  |__CPU 2/TCG
06:27:20     1000         -   3047765    0.00    0.00    0.00    0.00    0.00     2  |__CPU 3/TCG
06:27:21     1000   3047740         -  200.00    3.00    0.00    0.00  203.00     5  qemu-system-aar
06:27:21     1000         -   3047740    2.00    2.00    0.00    0.00    4.00     5  |__qemu-system-aar
06:27:21     1000         -   3047747    0.00    0.00    0.00    0.00    0.00     1  |__call_rcu
06:27:21     1000         -   3047762   99.00    0.00    0.00    0.00   99.00    16  |__CPU 0/TCG
06:27:21     1000         -   3047763    1.00    0.00    0.00    0.00    1.00     6  |__CPU 1/TCG
06:27:21     1000         -   3047764   99.00    1.00    0.00    0.00  100.00    20  |__CPU 2/TCG
06:27:21     1000         -   3047765    0.00    0.00    0.00    0.00    0.00     2  |__CPU 3/TCG
06:27:22     1000   3047740         -  200.00    2.00    0.00    0.00  202.00     6  qemu-system-aar
06:27:22     1000         -   3047740    1.00    1.00    0.00    0.00    2.00     6  |__qemu-system-aar
06:27:22     1000         -   3047747    0.00    0.00    0.00    0.00    0.00     1  |__call_rcu
06:27:22     1000         -   3047762   99.00    0.00    0.00    0.00   99.00    16  |__CPU 0/TCG
06:27:22     1000         -   3047763    0.00    0.00    0.00    0.00    0.00     7  |__CPU 1/TCG
06:27:22     1000         -   3047764   99.00    1.00    0.00    0.00  100.00    20  |__CPU 2/TCG
06:27:22     1000         -   3047765    0.00    0.00    0.00    0.00    0.00     2  |__CPU 3/TCG
06:27:23     1000   3047740         -  200.00    4.00    0.00    0.00  204.00     6  qemu-system-aar
06:27:23     1000         -   3047740    1.00    3.00    0.00    0.00    4.00     6  |__qemu-system-aar
06:27:23     1000         -   3047747    0.00    0.00    0.00    0.00    0.00     1  |__call_rcu
06:27:23     1000         -   3047762   98.00    1.00    0.00    0.00   99.00    16  |__CPU 0/TCG
06:27:23     1000         -   3047763    1.00    0.00    0.00    0.00    1.00    19  |__CPU 1/TCG
06:27:23     1000         -   3047764   98.00    1.00    0.00    0.00   99.00    20  |__CPU 2/TCG
06:27:23     1000         -   3047765    0.00    0.00    0.00    0.00    0.00     2  |__CPU 3/TCG
06:27:24     1000   3047740         -  199.00    3.00    0.00    0.00  202.00     6  qemu-system-aar
06:27:24     1000         -   3047740    1.00    2.00    0.00    0.00    3.00     6  |__qemu-system-aar
06:27:24     1000         -   3047747    0.00    0.00    0.00    0.00    0.00     1  |__call_rcu
06:27:24     1000         -   3047762   99.00    1.00    0.00    0.00  100.00    16  |__CPU 0/TCG
06:27:24     1000         -   3047763    0.00    0.00    0.00    0.00    0.00    19  |__CPU 1/TCG
06:27:24     1000         -   3047764   99.00    1.00    0.00    0.00  100.00    20  |__CPU 2/TCG
06:27:24     1000         -   3047765    0.00    0.00    0.00    0.00    0.00     2  |__CPU 3/TCG
06:27:25     1000   3047740         -  200.00    4.00    0.00    0.00  204.00    16  qemu-system-aar
06:27:25     1000         -   3047740    1.00    3.00    0.00    0.00    4.00    16  |__qemu-system-aar
06:27:25     1000         -   3047747    0.00    0.00    0.00    0.00    0.00     1  |__call_rcu
06:27:25     1000         -   3047762   99.00    1.00    0.00    0.00  100.00     0  |__CPU 0/TCG
06:27:25     1000         -   3047763    1.00    0.00    0.00    0.00    1.00    19  |__CPU 1/TCG
06:27:25     1000         -   3047764   99.00    1.00    0.00    0.00  100.00     4  |__CPU 2/TCG
06:27:25     1000         -   3047765    0.00    0.00    0.00    0.00    0.00     2  |__CPU 3/TCG
06:27:26     1000   3047740         -  200.00    3.00    0.00    0.00  203.00     5  qemu-system-aar
06:27:26     1000         -   3047740    1.00    3.00    0.00    0.00    4.00     5  |__qemu-system-aar
06:27:26     1000         -   3047747    0.00    0.00    0.00    0.00    0.00     1  |__call_rcu
06:27:26     1000         -   3047762   98.00    0.00    0.00    0.00   98.00    16  |__CPU 0/TCG
06:27:26     1000         -   3047763    1.00    0.00    0.00    0.00    1.00    19  |__CPU 1/TCG
06:27:26     1000         -   3047764   98.00    1.00    0.00    0.00   99.00    20  |__CPU 2/TCG
06:27:26     1000         -   3047765    0.00    0.00    0.00    0.00    0.00     2  |__CPU 3/TCG
06:27:27     1000   3047740         -  199.00    3.00    0.00    0.00  202.00    19  qemu-system-aar
06:27:27     1000         -   3047740    1.00    2.00    0.00    0.00    3.00    19  |__qemu-system-aar
06:27:27     1000         -   3047747    0.00    0.00    0.00    0.00    0.00     1  |__call_rcu
06:27:27     1000         -   3047762   99.00    1.00    0.00    0.00  100.00    16  |__CPU 0/TCG
06:27:27     1000         -   3047763    0.00    0.00    0.00    0.00    0.00     7  |__CPU 1/TCG
06:27:27     1000         -   3047764   99.00    1.00    0.00    0.00  100.00    20  |__CPU 2/TCG
06:27:27     1000         -   3047765    0.00    0.00    0.00    0.00    0.00     2  |__CPU 3/TCG
06:27:28     1000   3047740         -  200.00    3.00    0.00    0.00  203.00    21  qemu-system-aar
06:27:28     1000         -   3047740    2.00    2.00    0.00    0.00    4.00    21  |__qemu-system-aar
06:27:28     1000         -   3047747    0.00    0.00    0.00    0.00    0.00     1  |__call_rcu
06:27:28     1000         -   3047762   99.00    0.00    0.00    0.00   99.00    16  |__CPU 0/TCG
06:27:28     1000         -   3047763    1.00    0.00    0.00    0.00    1.00    17  |__CPU 1/TCG
06:27:28     1000         -   3047764   99.00    0.00    0.00    0.00   99.00    20  |__CPU 2/TCG
06:27:28     1000         -   3047765    0.00    0.00    0.00    0.00    0.00     2  |__CPU 3/TCG
06:27:29     1000   3047740         -  201.00    2.00    0.00    0.00  203.00    21  qemu-system-aar
06:27:29     1000         -   3047740    1.00    2.00    0.00    0.00    3.00    21  |__qemu-system-aar
06:27:29     1000         -   3047747    0.00    0.00    0.00    0.00    0.00     1  |__call_rcu
06:27:29     1000         -   3047762   98.00    1.00    0.00    0.00   99.00    16  |__CPU 0/TCG
06:27:29     1000         -   3047763    0.00    0.00    0.00    0.00    0.00    17  |__CPU 1/TCG
06:27:29     1000         -   3047764   99.00    1.00    0.00    0.00  100.00    20  |__CPU 2/TCG
06:27:29     1000         -   3047765    0.00    0.00    0.00    0.00    0.00     2  |__CPU 3/TCG
06:27:30     1000   3047740         -  200.00    3.00    0.00    0.00  203.00     3  qemu-system-aar
06:27:30     1000         -   3047740    1.00    2.00    0.00    0.00    3.00     3  |__qemu-system-aar
06:27:30     1000         -   3047747    0.00    0.00    0.00    0.00    0.00     1  |__call_rcu
06:27:30     1000         -   3047762   99.00    0.00    0.00    0.00   99.00     0  |__CPU 0/TCG
06:27:30     1000         -   3047763    0.00    0.00    0.00    0.00    0.00    17  |__CPU 1/TCG
06:27:30     1000         -   3047764   99.00    1.00    0.00    0.00  100.00    20  |__CPU 2/TCG
06:27:30     1000         -   3047765    0.00    0.00    0.00    0.00    0.00     2  |__CPU 3/TCG
06:27:31     1000   3047740         -  199.00    3.00    0.00    0.00  202.00     5  qemu-system-aar
06:27:31     1000         -   3047740    1.00    2.00    0.00    0.00    3.00     5  |__qemu-system-aar
06:27:31     1000         -   3047747    0.00    0.00    0.00    0.00    0.00     1  |__call_rcu
06:27:31     1000         -   3047762   99.00    1.00    0.00    0.00  100.00     0  |__CPU 0/TCG
06:27:31     1000         -   3047763    1.00    0.00    0.00    0.00    1.00    17  |__CPU 1/TCG
06:27:31     1000         -   3047764   98.00    1.00    0.00    0.00   99.00    20  |__CPU 2/TCG
06:27:31     1000         -   3047765    0.00    0.00    0.00    0.00    0.00     2  |__CPU 3/TCG
06:27:32     1000   3047740         -  198.00    5.00    0.00    0.00  203.00     5  qemu-system-aar
06:27:32     1000         -   3047740    1.00    2.00    0.00    0.00    3.00     5  |__qemu-system-aar
06:27:32     1000         -   3047747    0.00    0.00    0.00    0.00    0.00     1  |__call_rcu
06:27:32     1000         -   3047762   99.00    1.00    0.00    0.00  100.00     0  |__CPU 0/TCG
06:27:32     1000         -   3047763    0.00    0.00    0.00    0.00    0.00    17  |__CPU 1/TCG
06:27:32     1000         -   3047764   98.00    2.00    0.00    0.00  100.00    20  |__CPU 2/TCG
06:27:32     1000         -   3047765    0.00    0.00    0.00    0.00    0.00     2  |__CPU 3/TCG
06:27:33     1000   3047740         -  199.00    3.00    0.00    0.00  202.00     5  qemu-system-aar
06:27:33     1000         -   3047740    1.00    3.00    0.00    0.00    4.00     5  |__qemu-system-aar
06:27:33     1000         -   3047747    0.00    0.00    0.00    0.00    0.00     1  |__call_rcu
06:27:33     1000         -   3047762   98.00    0.00    0.00    0.00   98.00    16  |__CPU 0/TCG
06:27:33     1000         -   3047763    0.00    0.00    0.00    0.00    0.00    17  |__CPU 1/TCG
06:27:33     1000         -   3047764   98.00    1.00    0.00    0.00   99.00    20  |__CPU 2/TCG
06:27:33     1000         -   3047765    0.00    0.00    0.00    0.00    0.00     2  |__CPU 3/TCG
06:27:34     1000   3047740         -  200.00    3.00    0.00    0.00  203.00     5  qemu-system-aar
06:27:34     1000         -   3047740    1.00    2.00    0.00    0.00    3.00     5  |__qemu-system-aar
06:27:34     1000         -   3047747    0.00    0.00    0.00    0.00    0.00     1  |__call_rcu
06:27:34     1000         -   3047762   99.00    0.00    0.00    0.00   99.00    16  |__CPU 0/TCG
06:27:34     1000         -   3047763    1.00    0.00    0.00    0.00    1.00    17  |__CPU 1/TCG
06:27:34     1000         -   3047764   99.00    2.00    0.00    0.00  101.00    20  |__CPU 2/TCG
06:27:34     1000         -   3047765    0.00    0.00    0.00    0.00    0.00     2  |__CPU 3/TCG
06:27:35     1000   3047740         -  199.00    3.00    0.00    0.00  202.00     6  qemu-system-aar
06:27:35     1000         -   3047740    2.00    1.00    0.00    0.00    3.00     6  |__qemu-system-aar
06:27:35     1000         -   3047747    0.00    0.00    0.00    0.00    0.00     1  |__call_rcu
06:27:35     1000         -   3047762   99.00    1.00    0.00    0.00  100.00    16  |__CPU 0/TCG
06:27:35     1000         -   3047763    0.00    0.00    0.00    0.00    0.00    17  |__CPU 1/TCG
06:27:35     1000         -   3047764   98.00    1.00    0.00    0.00   99.00    20  |__CPU 2/TCG
06:27:35     1000         -   3047765    0.00    0.00    0.00    0.00    0.00     2  |__CPU 3/TCG
06:27:36     1000   3047740         -  200.00    3.00    0.00    0.00  203.00     5  qemu-system-aar
06:27:36     1000         -   3047740    1.00    2.00    0.00    0.00    3.00     5  |__qemu-system-aar
06:27:36     1000         -   3047747    0.00    0.00    0.00    0.00    0.00     1  |__call_rcu
06:27:36     1000         -   3047762   99.00    0.00    0.00    0.00   99.00     2  |__CPU 0/TCG
06:27:36     1000         -   3047763    1.00    0.00    0.00    0.00    1.00     7  |__CPU 1/TCG
06:27:36     1000         -   3047764   99.00    1.00    0.00    0.00  100.00     4  |__CPU 2/TCG
06:27:36     1000         -   3047765    0.00    0.00    0.00    0.00    0.00     2  |__CPU 3/TCG
06:27:37     1000   3047740         -  200.00    2.00    0.00    0.00  202.00    21  qemu-system-aar
06:27:37     1000         -   3047740    1.00    2.00    0.00    0.00    3.00    21  |__qemu-system-aar
06:27:37     1000         -   3047747    0.00    0.00    0.00    0.00    0.00     1  |__call_rcu
06:27:37     1000         -   3047762   99.00    1.00    0.00    0.00  100.00     0  |__CPU 0/TCG
06:27:37     1000         -   3047763    0.00    0.00    0.00    0.00    0.00    17  |__CPU 1/TCG
06:27:37     1000         -   3047764   99.00    1.00    0.00    0.00  100.00    20  |__CPU 2/TCG
06:27:37     1000         -   3047765    0.00    0.00    0.00    0.00    0.00     2  |__CPU 3/TCG
06:27:38     1000   3047740         -  200.00    3.00    0.00    0.00  203.00     2  qemu-system-aar
06:27:38     1000         -   3047740    2.00    2.00    0.00    0.00    4.00     2  |__qemu-system-aar
06:27:38     1000         -   3047747    0.00    0.00    0.00    0.00    0.00     1  |__call_rcu
06:27:38     1000         -   3047762   98.00    1.00    0.00    0.00   99.00     0  |__CPU 0/TCG
06:27:38     1000         -   3047763    0.00    0.00    0.00    0.00    0.00     7  |__CPU 1/TCG
06:27:38     1000         -   3047764   98.00    1.00    0.00    0.00   99.00    20  |__CPU 2/TCG
06:27:38     1000         -   3047765    0.00    0.00    0.00    0.00    0.00     2  |__CPU 3/TCG
06:27:39     1000   3047740         -  200.00    2.00    0.00    0.00  202.00     5  qemu-system-aar
06:27:39     1000         -   3047740    1.00    2.00    0.00    0.00    3.00     5  |__qemu-system-aar
06:27:39     1000         -   3047747    0.00    0.00    0.00    0.00    0.00     1  |__call_rcu
06:27:39     1000         -   3047762   99.00    0.00    0.00    0.00   99.00     0  |__CPU 0/TCG
06:27:39     1000         -   3047763    1.00    0.00    0.00    0.00    1.00     7  |__CPU 1/TCG
06:27:39     1000         -   3047764   99.00    0.00    0.00    0.00   99.00    20  |__CPU 2/TCG
06:27:39     1000         -   3047765    0.00    0.00    0.00    0.00    0.00     2  |__CPU 3/TCG
06:27:40     1000   3047740         -  200.00    3.00    0.00    0.00  203.00     5  qemu-system-aar
06:27:40     1000         -   3047740    1.00    2.00    0.00    0.00    3.00     5  |__qemu-system-aar
06:27:40     1000         -   3047747    0.00    0.00    0.00    0.00    0.00     1  |__call_rcu
06:27:40     1000         -   3047762   98.00    1.00    0.00    0.00   99.00     0  |__CPU 0/TCG
06:27:40     1000         -   3047763    1.00    0.00    0.00    0.00    1.00    20  |__CPU 1/TCG
06:27:40     1000         -   3047764   99.00    1.00    0.00    0.00  100.00     4  |__CPU 2/TCG
06:27:40     1000         -   3047765    0.00    0.00    0.00    0.00    0.00     2  |__CPU 3/TCG
06:27:41     1000   3047740         -  201.00    2.00    0.00    0.00  203.00     7  qemu-system-aar
06:27:41     1000         -   3047740    2.00    2.00    0.00    0.00    4.00     7  |__qemu-system-aar
06:27:41     1000         -   3047747    0.00    0.00    0.00    0.00    0.00     1  |__call_rcu
06:27:41     1000         -   3047762   99.00    0.00    0.00    0.00   99.00     0  |__CPU 0/TCG
06:27:41     1000         -   3047763    0.00    0.00    0.00    0.00    0.00    20  |__CPU 1/TCG
06:27:41     1000         -   3047764   99.00    1.00    0.00    0.00  100.00     4  |__CPU 2/TCG
06:27:41     1000         -   3047765    0.00    0.00    0.00    0.00    0.00     2  |__CPU 3/TCG
06:27:42     1000   3047740         -  200.00    3.00    0.00    0.00  203.00     3  qemu-system-aar
06:27:42     1000         -   3047740    0.00    2.00    0.00    0.00    2.00     3  |__qemu-system-aar
06:27:42     1000         -   3047747    0.00    0.00    0.00    0.00    0.00     1  |__call_rcu
06:27:42     1000         -   3047762   99.00    1.00    0.00    0.00  100.00     0  |__CPU 0/TCG
06:27:42     1000         -   3047763    1.00    0.00    0.00    0.00    1.00    20  |__CPU 1/TCG
06:27:42     1000         -   3047764   98.00    1.00    0.00    0.00   99.00     4  |__CPU 2/TCG
06:27:42     1000         -   3047765    0.00    0.00    0.00    0.00    0.00     2  |__CPU 3/TCG
06:27:43     1000   3047740         -  199.00    4.00    0.00    0.00  203.00     3  qemu-system-aar
06:27:43     1000         -   3047740    1.00    3.00    0.00    0.00    4.00     3  |__qemu-system-aar
06:27:43     1000         -   3047747    0.00    0.00    0.00    0.00    0.00     1  |__call_rcu
06:27:43     1000         -   3047762   98.00    1.00    0.00    0.00   99.00     0  |__CPU 0/TCG
06:27:43     1000         -   3047763    0.00    0.00    0.00    0.00    0.00    17  |__CPU 1/TCG
06:27:43     1000         -   3047764   99.00    1.00    0.00    0.00  100.00    20  |__CPU 2/TCG
06:27:43     1000         -   3047765    0.00    0.00    0.00    0.00    0.00     2  |__CPU 3/TCG
06:27:44     1000   3047740         -  200.00    2.00    0.00    0.00  202.00     6  qemu-system-aar
06:27:44     1000         -   3047740    2.00    2.00    0.00    0.00    4.00     6  |__qemu-system-aar
06:27:44     1000         -   3047747    0.00    0.00    0.00    0.00    0.00     1  |__call_rcu
06:27:44     1000         -   3047762   98.00    1.00    0.00    0.00   99.00     0  |__CPU 0/TCG
06:27:44     1000         -   3047763    1.00    0.00    0.00    0.00    1.00    17  |__CPU 1/TCG
06:27:44     1000         -   3047764   99.00    1.00    0.00    0.00  100.00    20  |__CPU 2/TCG
06:27:44     1000         -   3047765    0.00    0.00    0.00    0.00    0.00     2  |__CPU 3/TCG
06:27:45     1000   3047740         -  199.00    3.00    0.00    0.00  202.00    17  qemu-system-aar
06:27:45     1000         -   3047740    1.00    2.00    0.00    0.00    3.00    17  |__qemu-system-aar
06:27:45     1000         -   3047747    0.00    0.00    0.00    0.00    0.00     1  |__call_rcu
06:27:45     1000         -   3047762   99.00    0.00    0.00    0.00   99.00     0  |__CPU 0/TCG
06:27:45     1000         -   3047763    0.00    0.00    0.00    0.00    0.00    19  |__CPU 1/TCG
06:27:45     1000         -   3047764   98.00    1.00    0.00    0.00   99.00    20  |__CPU 2/TCG
06:27:45     1000         -   3047765    0.00    0.00    0.00    0.00    0.00     2  |__CPU 3/TCG
06:27:46     1000   3047740         -  199.00    4.00    0.00    0.00  203.00    19  qemu-system-aar
06:27:46     1000         -   3047740    0.00    2.00    0.00    0.00    2.00    19  |__qemu-system-aar
06:27:46     1000         -   3047747    0.00    0.00    0.00    0.00    0.00     1  |__call_rcu
06:27:46     1000         -   3047762   99.00    0.00    0.00    0.00   99.00     0  |__CPU 0/TCG
06:27:46     1000         -   3047763    1.00    0.00    0.00    0.00    1.00    17  |__CPU 1/TCG
06:27:46     1000         -   3047764   99.00    2.00    0.00    0.00  101.00    20  |__CPU 2/TCG
06:27:46     1000         -   3047765    0.00    0.00    0.00    0.00    0.00     2  |__CPU 3/TCG
06:27:47     1000   3047740         -  199.00    4.00    0.00    0.00  203.00    23  qemu-system-aar
06:27:47     1000         -   3047740    1.00    3.00    0.00    0.00    4.00    23  |__qemu-system-aar
06:27:47     1000         -   3047747    0.00    0.00    0.00    0.00    0.00     1  |__call_rcu
06:27:47     1000         -   3047762   99.00    1.00    0.00    0.00  100.00     0  |__CPU 0/TCG
06:27:47     1000         -   3047763    0.00    0.00    0.00    0.00    0.00    17  |__CPU 1/TCG
06:27:47     1000         -   3047764   98.00    1.00    0.00    0.00   99.00    20  |__CPU 2/TCG
06:27:47     1000         -   3047765    0.00    0.00    0.00    0.00    0.00     2  |__CPU 3/TCG
06:27:48     1000   3047740         -  199.00    3.00    0.00    0.00  202.00    22  qemu-system-aar
06:27:48     1000         -   3047740    1.00    2.00    0.00    0.00    3.00    22  |__qemu-system-aar
06:27:48     1000         -   3047747    0.00    0.00    0.00    0.00    0.00     1  |__call_rcu
06:27:48     1000         -   3047762   98.00    1.00    0.00    0.00   99.00     0  |__CPU 0/TCG
06:27:48     1000         -   3047763    0.00    0.00    0.00    0.00    0.00    19  |__CPU 1/TCG
06:27:48     1000         -   3047764   98.00    1.00    0.00    0.00   99.00    20  |__CPU 2/TCG
06:27:48     1000         -   3047765    0.00    0.00    0.00    0.00    0.00     2  |__CPU 3/TCG
06:27:49     1000   3047740         -  198.00    5.00    0.00    0.00  203.00     7  qemu-system-aar
06:27:49     1000         -   3047740    1.00    2.00    0.00    0.00    3.00     7  |__qemu-system-aar
06:27:49     1000         -   3047747    0.00    0.00    0.00    0.00    0.00     1  |__call_rcu
06:27:49     1000         -   3047762   99.00    0.00    0.00    0.00   99.00     0  |__CPU 0/TCG
06:27:49     1000         -   3047763    1.00    0.00    0.00    0.00    1.00    17  |__CPU 1/TCG
06:27:49     1000         -   3047764   98.00    2.00    0.00    0.00  100.00    20  |__CPU 2/TCG
06:27:49     1000         -   3047765    0.00    0.00    0.00    0.00    0.00     2  |__CPU 3/TCG
06:27:50     1000   3047740         -  199.00    3.00    0.00    0.00  202.00     7  qemu-system-aar
06:27:50     1000         -   3047740    1.00    3.00    0.00    0.00    4.00     7  |__qemu-system-aar
06:27:50     1000         -   3047747    0.00    0.00    0.00    0.00    0.00     1  |__call_rcu
06:27:50     1000         -   3047762   99.00    1.00    0.00    0.00  100.00     0  |__CPU 0/TCG
06:27:50     1000         -   3047763    0.00    0.00    0.00    0.00    0.00    17  |__CPU 1/TCG
06:27:50     1000         -   3047764   99.00    1.00    0.00    0.00  100.00    20  |__CPU 2/TCG
06:27:50     1000         -   3047765    0.00    0.00    0.00    0.00    0.00     2  |__CPU 3/TCG
06:27:51     1000   3047740         -  200.00    3.00    0.00    0.00  203.00     7  qemu-system-aar
06:27:51     1000         -   3047740    2.00    1.00    0.00    0.00    3.00     7  |__qemu-system-aar
06:27:51     1000         -   3047747    0.00    0.00    0.00    0.00    0.00     1  |__call_rcu
06:27:51     1000         -   3047762   99.00    0.00    0.00    0.00   99.00     0  |__CPU 0/TCG
06:27:51     1000         -   3047763    0.00    0.00    0.00    0.00    0.00    17  |__CPU 1/TCG
06:27:51     1000         -   3047764   98.00    2.00    0.00    0.00  100.00    20  |__CPU 2/TCG
06:27:51     1000         -   3047765    0.00    0.00    0.00    0.00    0.00     2  |__CPU 3/TCG
06:27:52     1000   3047740         -  200.00    2.00    0.00    0.00  202.00    18  qemu-system-aar
06:27:52     1000         -   3047740    1.00    3.00    0.00    0.00    4.00    18  |__qemu-system-aar
06:27:52     1000         -   3047747    0.00    0.00    0.00    0.00    0.00     1  |__call_rcu
06:27:52     1000         -   3047762   99.00    0.00    0.00    0.00   99.00    16  |__CPU 0/TCG
06:27:52     1000         -   3047763    1.00    0.00    0.00    0.00    1.00    19  |__CPU 1/TCG
06:27:52     1000         -   3047764   99.00    0.00    0.00    0.00   99.00    20  |__CPU 2/TCG
06:27:52     1000         -   3047765    0.00    0.00    0.00    0.00    0.00     2  |__CPU 3/TCG
06:27:53     1000   3047740         -  200.00    3.00    0.00    0.00  203.00    17  qemu-system-aar
06:27:53     1000         -   3047740    1.00    1.00    0.00    0.00    2.00    17  |__qemu-system-aar
06:27:53     1000         -   3047747    0.00    0.00    0.00    0.00    0.00     1  |__call_rcu
06:27:53     1000         -   3047762   99.00    1.00    0.00    0.00  100.00    16  |__CPU 0/TCG
06:27:53     1000         -   3047763    0.00    0.00    0.00    0.00    0.00    19  |__CPU 1/TCG
06:27:53     1000         -   3047764   98.00    1.00    0.00    0.00   99.00    20  |__CPU 2/TCG
06:27:53     1000         -   3047765    0.00    0.00    0.00    0.00    0.00     2  |__CPU 3/TCG
06:27:54     1000   3047740         -  200.00    3.00    0.00    0.00  203.00     2  qemu-system-aar
06:27:54     1000         -   3047740    2.00    2.00    0.00    0.00    4.00     2  |__qemu-system-aar
06:27:54     1000         -   3047747    0.00    0.00    0.00    0.00    0.00     1  |__call_rcu
06:27:54     1000         -   3047762   98.00    0.00    0.00    0.00   98.00    16  |__CPU 0/TCG
06:27:54     1000         -   3047763    1.00    0.00    0.00    0.00    1.00    22  |__CPU 1/TCG
06:27:54     1000         -   3047764   99.00    2.00    0.00    0.00  101.00     4  |__CPU 2/TCG
06:27:54     1000         -   3047765    0.00    0.00    0.00    0.00    0.00     2  |__CPU 3/TCG
06:27:55     1000   3047740         -  199.00    3.00    0.00    0.00  202.00     3  qemu-system-aar
06:27:55     1000         -   3047740    1.00    2.00    0.00    0.00    3.00     3  |__qemu-system-aar
06:27:55     1000         -   3047747    0.00    0.00    0.00    0.00    0.00     1  |__call_rcu
06:27:55     1000         -   3047762   99.00    1.00    0.00    0.00  100.00    16  |__CPU 0/TCG
06:27:55     1000         -   3047763    0.00    0.00    0.00    0.00    0.00    22  |__CPU 1/TCG
06:27:55     1000         -   3047764   99.00    1.00    0.00    0.00  100.00    20  |__CPU 2/TCG
06:27:55     1000         -   3047765    0.00    0.00    0.00    0.00    0.00     2  |__CPU 3/TCG
06:27:56     1000   3047740         -  200.00    3.00    0.00    0.00  203.00     5  qemu-system-aar
06:27:56     1000         -   3047740    1.00    3.00    0.00    0.00    4.00     5  |__qemu-system-aar
06:27:56     1000         -   3047747    0.00    0.00    0.00    0.00    0.00     1  |__call_rcu
06:27:56     1000         -   3047762   99.00    1.00    0.00    0.00  100.00    16  |__CPU 0/TCG
06:27:56     1000         -   3047763    1.00    0.00    0.00    0.00    1.00    19  |__CPU 1/TCG
06:27:56     1000         -   3047764   99.00    0.00    0.00    0.00   99.00     4  |__CPU 2/TCG
06:27:56     1000         -   3047765    0.00    0.00    0.00    0.00    0.00     2  |__CPU 3/TCG
06:27:57     1000   3047740         -  200.00    2.00    0.00    0.00  202.00     2  qemu-system-aar
06:27:57     1000         -   3047740    1.00    2.00    0.00    0.00    3.00     2  |__qemu-system-aar
06:27:57     1000         -   3047747    0.00    0.00    0.00    0.00    0.00     1  |__call_rcu
06:27:57     1000         -   3047762   98.00    0.00    0.00    0.00   98.00    16  |__CPU 0/TCG
06:27:57     1000         -   3047763    0.00    0.00    0.00    0.00    0.00    19  |__CPU 1/TCG
06:27:57     1000         -   3047764   99.00    1.00    0.00    0.00  100.00    20  |__CPU 2/TCG
06:27:57     1000         -   3047765    0.00    0.00    0.00    0.00    0.00     2  |__CPU 3/TCG
06:27:58     1000   3047740         -  201.00    3.00    0.00    0.00  204.00     5  qemu-system-aar
06:27:58     1000         -   3047740    1.00    2.00    0.00    0.00    3.00     5  |__qemu-system-aar
06:27:58     1000         -   3047747    0.00    0.00    0.00    0.00    0.00     1  |__call_rcu
06:27:58     1000         -   3047762   99.00    0.00    0.00    0.00   99.00    16  |__CPU 0/TCG
06:27:58     1000         -   3047763    1.00    0.00    0.00    0.00    1.00    22  |__CPU 1/TCG
06:27:58     1000         -   3047764   98.00    1.00    0.00    0.00   99.00    20  |__CPU 2/TCG
06:27:58     1000         -   3047765    0.00    0.00    0.00    0.00    0.00     2  |__CPU 3/TCG
06:27:59     1000   3047740         -  200.00    2.00    0.00    0.00  202.00    17  qemu-system-aar
06:27:59     1000         -   3047740    1.00    2.00    0.00    0.00    3.00    17  |__qemu-system-aar
06:27:59     1000         -   3047747    0.00    0.00    0.00    0.00    0.00     1  |__call_rcu
06:27:59     1000         -   3047762   99.00    1.00    0.00    0.00  100.00    16  |__CPU 0/TCG
06:27:59     1000         -   3047763    1.00    0.00    0.00    0.00    1.00    22  |__CPU 1/TCG
06:27:59     1000         -   3047764   99.00    1.00    0.00    0.00  100.00    20  |__CPU 2/TCG
06:27:59     1000         -   3047765    0.00    0.00    0.00    0.00    0.00     2  |__CPU 3/TCG
06:28:00     1000   3047740         -  200.00    3.00    0.00    0.00  203.00    19  qemu-system-aar
06:28:00     1000         -   3047740    1.00    2.00    0.00    0.00    3.00    19  |__qemu-system-aar
06:28:00     1000         -   3047747    0.00    0.00    0.00    0.00    0.00     1  |__call_rcu
06:28:00     1000         -   3047762   99.00    0.00    0.00    0.00   99.00    16  |__CPU 0/TCG
06:28:00     1000         -   3047763    0.00    0.00    0.00    0.00    0.00    22  |__CPU 1/TCG
06:28:00     1000         -   3047764   99.00    0.00    0.00    0.00   99.00    20  |__CPU 2/TCG
06:28:00     1000         -   3047765    0.00    0.00    0.00    0.00    0.00     2  |__CPU 3/TCG
06:28:01     1000   3047740         -  200.00    3.00    0.00    0.00  203.00    22  qemu-system-aar
06:28:01     1000         -   3047740    1.00    3.00    0.00    0.00    4.00    22  |__qemu-system-aar
06:28:01     1000         -   3047747    0.00    0.00    0.00    0.00    0.00     1  |__call_rcu
06:28:01     1000         -   3047762   99.00    1.00    0.00    0.00  100.00    16  |__CPU 0/TCG
06:28:01     1000         -   3047763    1.00    0.00    0.00    0.00    1.00    19  |__CPU 1/TCG
06:28:01     1000         -   3047764   99.00    1.00    0.00    0.00  100.00    20  |__CPU 2/TCG
06:28:01     1000         -   3047765    0.00    0.00    0.00    0.00    0.00     2  |__CPU 3/TCG
06:28:02     1000   3047740         -  199.00    3.00    0.00    0.00  202.00    18  qemu-system-aar
06:28:02     1000         -   3047740    0.00    2.00    0.00    0.00    2.00    18  |__qemu-system-aar
06:28:02     1000         -   3047747    0.00    0.00    0.00    0.00    0.00     1  |__call_rcu
06:28:02     1000         -   3047762   99.00    0.00    0.00    0.00   99.00    16  |__CPU 0/TCG
06:28:02     1000         -   3047763    0.00    0.00    0.00    0.00    0.00    19  |__CPU 1/TCG
06:28:02     1000         -   3047764   99.00    1.00    0.00    0.00  100.00    20  |__CPU 2/TCG
06:28:02     1000         -   3047765    0.00    0.00    0.00    0.00    0.00     2  |__CPU 3/TCG
06:28:03     1000   3047740         -  201.00    2.00    0.00    0.00  203.00    18  qemu-system-aar
06:28:03     1000         -   3047740    1.00    3.00    0.00    0.00    4.00    18  |__qemu-system-aar
06:28:03     1000         -   3047747    0.00    0.00    0.00    0.00    0.00     1  |__call_rcu
06:28:03     1000         -   3047762   99.00    0.00    0.00    0.00   99.00    16  |__CPU 0/TCG
06:28:03     1000         -   3047763    1.00    0.00    0.00    0.00    1.00    22  |__CPU 1/TCG
06:28:03     1000         -   3047764   99.00    0.00    0.00    0.00   99.00    20  |__CPU 2/TCG
06:28:03     1000         -   3047765    0.00    0.00    0.00    0.00    0.00     2  |__CPU 3/TCG
06:28:04     1000   3047740         -  200.00    3.00    0.00    0.00  203.00    23  qemu-system-aar
06:28:04     1000         -   3047740    1.00    2.00    0.00    0.00    3.00    23  |__qemu-system-aar
06:28:04     1000         -   3047747    0.00    0.00    0.00    0.00    0.00     1  |__call_rcu
06:28:04     1000         -   3047762   98.00    1.00    0.00    0.00   99.00    16  |__CPU 0/TCG
06:28:04     1000         -   3047763    0.00    0.00    0.00    0.00    0.00    19  |__CPU 1/TCG
06:28:04     1000         -   3047764   98.00    2.00    0.00    0.00  100.00    20  |__CPU 2/TCG
06:28:04     1000         -   3047765    0.00    0.00    0.00    0.00    0.00     2  |__CPU 3/TCG
06:28:05     1000   3047740         -  199.00    3.00    0.00    0.00  202.00     2  qemu-system-aar
06:28:05     1000         -   3047740    1.00    3.00    0.00    0.00    4.00     2  |__qemu-system-aar
06:28:05     1000         -   3047747    0.00    0.00    0.00    0.00    0.00     1  |__call_rcu
06:28:05     1000         -   3047762   99.00    0.00    0.00    0.00   99.00    16  |__CPU 0/TCG
06:28:05     1000         -   3047763    1.00    0.00    0.00    0.00    1.00    23  |__CPU 1/TCG
06:28:05     1000         -   3047764   99.00    1.00    0.00    0.00  100.00    20  |__CPU 2/TCG
06:28:05     1000         -   3047765    0.00    0.00    0.00    0.00    0.00     2  |__CPU 3/TCG
06:28:06     1000   3047740         -  200.00    4.00    0.00    0.00  204.00     5  qemu-system-aar
06:28:06     1000         -   3047740    1.00    2.00    0.00    0.00    3.00     5  |__qemu-system-aar
06:28:06     1000         -   3047747    0.00    0.00    0.00    0.00    0.00     1  |__call_rcu
06:28:06     1000         -   3047762   99.00    1.00    0.00    0.00  100.00    16  |__CPU 0/TCG
06:28:06     1000         -   3047763    0.00    0.00    0.00    0.00    0.00    22  |__CPU 1/TCG
06:28:06     1000         -   3047764   99.00    1.00    0.00    0.00  100.00    20  |__CPU 2/TCG
06:28:06     1000         -   3047765    0.00    0.00    0.00    0.00    0.00     2  |__CPU 3/TCG
06:28:07     1000   3047740         -  200.00    2.00    0.00    0.00  202.00    23  qemu-system-aar
06:28:07     1000         -   3047740    1.00    2.00    0.00    0.00    3.00    23  |__qemu-system-aar
06:28:07     1000         -   3047747    0.00    0.00    0.00    0.00    0.00     1  |__call_rcu
06:28:07     1000         -   3047762   98.00    1.00    0.00    0.00   99.00    16  |__CPU 0/TCG
06:28:07     1000         -   3047763    1.00    0.00    0.00    0.00    1.00     2  |__CPU 1/TCG
06:28:07     1000         -   3047764   99.00    0.00    0.00    0.00   99.00    20  |__CPU 2/TCG
06:28:07     1000         -   3047765    0.00    0.00    0.00    0.00    0.00     2  |__CPU 3/TCG
06:28:08     1000   3047740         -  199.00    4.00    0.00    0.00  203.00    22  qemu-system-aar
06:28:08     1000         -   3047740    1.00    2.00    0.00    0.00    3.00    22  |__qemu-system-aar
06:28:08     1000         -   3047747    0.00    0.00    0.00    0.00    0.00     1  |__call_rcu
06:28:08     1000         -   3047762  100.00    0.00    0.00    0.00  100.00    16  |__CPU 0/TCG
06:28:08     1000         -   3047763    0.00    0.00    0.00    0.00    0.00     2  |__CPU 1/TCG
06:28:08     1000         -   3047764   97.00    2.00    0.00    0.00   99.00    20  |__CPU 2/TCG
06:28:08     1000         -   3047765    0.00    0.00    0.00    0.00    0.00     2  |__CPU 3/TCG
06:28:09     1000   3047740         -  200.00    3.00    0.00    0.00  203.00    22  qemu-system-aar
06:28:09     1000         -   3047740    2.00    2.00    0.00    0.00    4.00    22  |__qemu-system-aar
06:28:09     1000         -   3047747    0.00    0.00    0.00    0.00    0.00     1  |__call_rcu
06:28:09     1000         -   3047762   98.00    1.00    0.00    0.00   99.00    16  |__CPU 0/TCG
06:28:09     1000         -   3047763    1.00    0.00    0.00    0.00    1.00     5  |__CPU 1/TCG
06:28:09     1000         -   3047764   99.00    1.00    0.00    0.00  100.00    20  |__CPU 2/TCG
06:28:09     1000         -   3047765    0.00    0.00    0.00    0.00    0.00     2  |__CPU 3/TCG
06:28:10     1000   3047740         -  200.00    2.00    0.00    0.00  202.00     5  qemu-system-aar
06:28:10     1000         -   3047740    1.00    2.00    0.00    0.00    3.00     5  |__qemu-system-aar
06:28:10     1000         -   3047747    0.00    0.00    0.00    0.00    0.00     1  |__call_rcu
06:28:10     1000         -   3047762   99.00    0.00    0.00    0.00   99.00    16  |__CPU 0/TCG
06:28:10     1000         -   3047763    0.00    0.00    0.00    0.00    0.00     2  |__CPU 1/TCG
06:28:10     1000         -   3047764   99.00    1.00    0.00    0.00  100.00    20  |__CPU 2/TCG
06:28:10     1000         -   3047765    0.00    0.00    0.00    0.00    0.00     2  |__CPU 3/TCG
06:28:11     1000   3047740         -  199.00    3.00    0.00    0.00  202.00     5  qemu-system-aar
06:28:11     1000         -   3047740    1.00    2.00    0.00    0.00    3.00     5  |__qemu-system-aar
06:28:11     1000         -   3047747    0.00    0.00    0.00    0.00    0.00     1  |__call_rcu
06:28:11     1000         -   3047762   99.00    0.00    0.00    0.00   99.00    16  |__CPU 0/TCG
06:28:11     1000         -   3047763    1.00    0.00    0.00    0.00    1.00    17  |__CPU 1/TCG
06:28:11     1000         -   3047764   98.00    1.00    0.00    0.00   99.00    20  |__CPU 2/TCG
06:28:11     1000         -   3047765    0.00    0.00    0.00    0.00    0.00     2  |__CPU 3/TCG
06:28:12     1000   3047740         -  200.00    3.00    0.00    0.00  203.00     5  qemu-system-aar
06:28:12     1000         -   3047740    2.00    2.00    0.00    0.00    4.00     5  |__qemu-system-aar
06:28:12     1000         -   3047747    0.00    0.00    0.00    0.00    0.00     1  |__call_rcu
06:28:12     1000         -   3047762   99.00    0.00    0.00    0.00   99.00     0  |__CPU 0/TCG
06:28:12     1000         -   3047763    0.00    0.00    0.00    0.00    0.00     6  |__CPU 1/TCG
06:28:12     1000         -   3047764   99.00    1.00    0.00    0.00  100.00    20  |__CPU 2/TCG
06:28:12     1000         -   3047765    0.00    0.00    0.00    0.00    0.00     2  |__CPU 3/TCG
06:28:13     1000   3047740         -  199.00    4.00    0.00    0.00  203.00     1  qemu-system-aar
06:28:13     1000         -   3047740    0.00    2.00    0.00    0.00    2.00     1  |__qemu-system-aar
06:28:13     1000         -   3047747    0.00    0.00    0.00    0.00    0.00     1  |__call_rcu
06:28:13     1000         -   3047762   99.00    1.00    0.00    0.00  100.00     0  |__CPU 0/TCG
06:28:13     1000         -   3047763    1.00    0.00    0.00    0.00    1.00     7  |__CPU 1/TCG
06:28:13     1000         -   3047764   99.00    2.00    0.00    0.00  101.00    20  |__CPU 2/TCG
06:28:13     1000         -   3047765    0.00    0.00    0.00    0.00    0.00     2  |__CPU 3/TCG
06:28:14     1000   3047740         -  200.00    3.00    0.00    0.00  203.00    19  qemu-system-aar
06:28:14     1000         -   3047740    2.00    2.00    0.00    0.00    4.00    19  |__qemu-system-aar
06:28:14     1000         -   3047747    0.00    0.00    0.00    0.00    0.00     1  |__call_rcu
06:28:14     1000         -   3047762   98.00    1.00    0.00    0.00   99.00     0  |__CPU 0/TCG
06:28:14     1000         -   3047763    0.00    0.00    0.00    0.00    0.00     7  |__CPU 1/TCG
06:28:14     1000         -   3047764   98.00    1.00    0.00    0.00   99.00    20  |__CPU 2/TCG
06:28:14     1000         -   3047765    0.00    0.00    0.00    0.00    0.00     2  |__CPU 3/TCG
06:28:15     1000   3047740         -  200.00    3.00    0.00    0.00  203.00     1  qemu-system-aar
06:28:15     1000         -   3047740    1.00    2.00    0.00    0.00    3.00     1  |__qemu-system-aar
06:28:15     1000         -   3047747    0.00    0.00    0.00    0.00    0.00     1  |__call_rcu
06:28:15     1000         -   3047762   99.00    0.00    0.00    0.00   99.00     0  |__CPU 0/TCG
06:28:15     1000         -   3047763    1.00    0.00    0.00    0.00    1.00     7  |__CPU 1/TCG
06:28:15     1000         -   3047764   99.00    1.00    0.00    0.00  100.00    20  |__CPU 2/TCG
06:28:15     1000         -   3047765    0.00    0.00    0.00    0.00    0.00     2  |__CPU 3/TCG
06:28:16     1000   3047740         -  199.00    3.00    0.00    0.00  202.00     6  qemu-system-aar
06:28:16     1000         -   3047740    1.00    2.00    0.00    0.00    3.00     6  |__qemu-system-aar
06:28:16     1000         -   3047747    0.00    0.00    0.00    0.00    0.00     1  |__call_rcu
06:28:16     1000         -   3047762   99.00    1.00    0.00    0.00  100.00     0  |__CPU 0/TCG
06:28:16     1000         -   3047763    1.00    0.00    0.00    0.00    1.00     7  |__CPU 1/TCG
06:28:16     1000         -   3047764   98.00    1.00    0.00    0.00   99.00    20  |__CPU 2/TCG
06:28:16     1000         -   3047765    0.00    0.00    0.00    0.00    0.00     2  |__CPU 3/TCG
06:28:17     1000   3047740         -  201.00    1.00    0.00    0.00  202.00     1  qemu-system-aar
06:28:17     1000         -   3047740    2.00    1.00    0.00    0.00    3.00     1  |__qemu-system-aar
06:28:17     1000         -   3047747    0.00    0.00    0.00    0.00    0.00     1  |__call_rcu
06:28:17     1000         -   3047762   99.00    0.00    0.00    0.00   99.00     0  |__CPU 0/TCG
06:28:17     1000         -   3047763    0.00    0.00    0.00    0.00    0.00     6  |__CPU 1/TCG
06:28:17     1000         -   3047764   99.00    0.00    0.00    0.00   99.00    20  |__CPU 2/TCG
06:28:17     1000         -   3047765    0.00    0.00    0.00    0.00    0.00     2  |__CPU 3/TCG
06:28:18     1000   3047740         -  200.00    4.00    0.00    0.00  204.00    16  qemu-system-aar
06:28:18     1000         -   3047740    1.00    2.00    0.00    0.00    3.00    16  |__qemu-system-aar
06:28:18     1000         -   3047747    0.00    0.00    0.00    0.00    0.00     1  |__call_rcu
06:28:18     1000         -   3047762   99.00    0.00    0.00    0.00   99.00     0  |__CPU 0/TCG
06:28:18     1000         -   3047763    1.00    0.00    0.00    0.00    1.00     7  |__CPU 1/TCG
06:28:18     1000         -   3047764   99.00    1.00    0.00    0.00  100.00    20  |__CPU 2/TCG
06:28:18     1000         -   3047765    0.00    0.00    0.00    0.00    0.00     2  |__CPU 3/TCG
06:28:19     1000   3047740         -  199.00    4.00    0.00    0.00  203.00    22  qemu-system-aar
06:28:19     1000         -   3047740    1.00    3.00    0.00    0.00    4.00    22  |__qemu-system-aar
06:28:19     1000         -   3047747    0.00    0.00    0.00    0.00    0.00     1  |__call_rcu
06:28:19     1000         -   3047762   98.00    1.00    0.00    0.00   99.00    16  |__CPU 0/TCG
06:28:19     1000         -   3047763    0.00    0.00    0.00    0.00    0.00     7  |__CPU 1/TCG
06:28:19     1000         -   3047764   99.00    1.00    0.00    0.00  100.00    20  |__CPU 2/TCG
06:28:19     1000         -   3047765    0.00    0.00    0.00    0.00    0.00     2  |__CPU 3/TCG
06:28:20     1000   3047740         -  200.00    3.00    0.00    0.00  203.00     5  qemu-system-aar
06:28:20     1000         -   3047740    2.00    2.00    0.00    0.00    4.00     5  |__qemu-system-aar
06:28:20     1000         -   3047747    0.00    0.00    0.00    0.00    0.00     1  |__call_rcu
06:28:20     1000         -   3047762   99.00    0.00    0.00    0.00   99.00    16  |__CPU 0/TCG
06:28:20     1000         -   3047763    1.00    0.00    0.00    0.00    1.00     7  |__CPU 1/TCG
06:28:20     1000         -   3047764   98.00    1.00    0.00    0.00   99.00    20  |__CPU 2/TCG
06:28:20     1000         -   3047765    0.00    0.00    0.00    0.00    0.00     2  |__CPU 3/TCG
06:28:21     1000   3047740         -  199.00    3.00    0.00    0.00  202.00     6  qemu-system-aar
06:28:21     1000         -   3047740    0.00    2.00    0.00    0.00    2.00     6  |__qemu-system-aar
06:28:21     1000         -   3047747    0.00    0.00    0.00    0.00    0.00     1  |__call_rcu
06:28:21     1000         -   3047762   99.00    1.00    0.00    0.00  100.00    16  |__CPU 0/TCG
06:28:21     1000         -   3047763    0.00    0.00    0.00    0.00    0.00    18  |__CPU 1/TCG
06:28:21     1000         -   3047764   99.00    2.00    0.00    0.00  101.00    20  |__CPU 2/TCG
06:28:21     1000         -   3047765    0.00    0.00    0.00    0.00    0.00     2  |__CPU 3/TCG
06:28:22     1000   3047740         -  200.00    3.00    0.00    0.00  203.00     7  qemu-system-aar
06:28:22     1000         -   3047740    2.00    2.00    0.00    0.00    4.00     7  |__qemu-system-aar
06:28:22     1000         -   3047747    0.00    0.00    0.00    0.00    0.00     1  |__call_rcu
06:28:22     1000         -   3047762   99.00    1.00    0.00    0.00  100.00    16  |__CPU 0/TCG
06:28:22     1000         -   3047763    1.00    0.00    0.00    0.00    1.00    18  |__CPU 1/TCG
06:28:22     1000         -   3047764   99.00    0.00    0.00    0.00   99.00    20  |__CPU 2/TCG
06:28:22     1000         -   3047765    0.00    0.00    0.00    0.00    0.00     2  |__CPU 3/TCG
06:28:23     1000   3047740         -  201.00    2.00    0.00    0.00  203.00     7  qemu-system-aar
06:28:23     1000         -   3047740    1.00    2.00    0.00    0.00    3.00     7  |__qemu-system-aar
06:28:23     1000         -   3047747    0.00    0.00    0.00    0.00    0.00     1  |__call_rcu
06:28:23     1000         -   3047762   99.00    0.00    0.00    0.00   99.00    16  |__CPU 0/TCG
06:28:23     1000         -   3047763    1.00    0.00    0.00    0.00    1.00    18  |__CPU 1/TCG
06:28:23     1000         -   3047764   98.00    1.00    0.00    0.00   99.00    20  |__CPU 2/TCG
06:28:23     1000         -   3047765    0.00    0.00    0.00    0.00    0.00     2  |__CPU 3/TCG
06:28:24     1000   3047740         -  199.00    4.00    0.00    0.00  203.00    21  qemu-system-aar
06:28:24     1000         -   3047740    1.00    2.00    0.00    0.00    3.00    21  |__qemu-system-aar
06:28:24     1000         -   3047747    0.00    0.00    0.00    0.00    0.00     1  |__call_rcu
06:28:24     1000         -   3047762   98.00    1.00    0.00    0.00   99.00     0  |__CPU 0/TCG
06:28:24     1000         -   3047763    0.00    0.00    0.00    0.00    0.00    18  |__CPU 1/TCG
06:28:24     1000         -   3047764   99.00    1.00    0.00    0.00  100.00    20  |__CPU 2/TCG
06:28:24     1000         -   3047765    0.00    0.00    0.00    0.00    0.00     2  |__CPU 3/TCG
06:28:25     1000   3047740         -  201.00    3.00    0.00    0.00  204.00    16  qemu-system-aar
06:28:25     1000         -   3047740    2.00    3.00    0.00    0.00    5.00    16  |__qemu-system-aar
06:28:25     1000         -   3047747    0.00    0.00    0.00    0.00    0.00     1  |__call_rcu
06:28:25     1000         -   3047762   98.00    1.00    0.00    0.00   99.00     0  |__CPU 0/TCG
06:28:25     1000         -   3047763    1.00    0.00    0.00    0.00    1.00    18  |__CPU 1/TCG
06:28:25     1000         -   3047764   99.00    1.00    0.00    0.00  100.00    20  |__CPU 2/TCG
06:28:25     1000         -   3047765    0.00    0.00    0.00    0.00    0.00     2  |__CPU 3/TCG
06:28:26     1000   3047740         -  201.00    2.00    0.00    1.00  203.00    21  qemu-system-aar
06:28:26     1000         -   3047740    1.00    3.00    0.00    1.00    4.00    21  |__qemu-system-aar
06:28:26     1000         -   3047747    0.00    0.00    0.00    0.00    0.00     1  |__call_rcu
06:28:26     1000         -   3047762  100.00    0.00    0.00    0.00  100.00    16  |__CPU 0/TCG
06:28:26     1000         -   3047763    0.00    0.00    0.00    0.00    0.00     7  |__CPU 1/TCG
06:28:26     1000         -   3047764   98.00    1.00    0.00    0.00   99.00    20  |__CPU 2/TCG
06:28:26     1000         -   3047765    0.00    0.00    0.00    0.00    0.00     2  |__CPU 3/TCG
06:28:27     1000   3047740         -  199.00    4.00    0.00    0.00  203.00     1  qemu-system-aar
06:28:27     1000         -   3047740    1.00    2.00    0.00    0.00    3.00     1  |__qemu-system-aar
06:28:27     1000         -   3047747    0.00    0.00    0.00    0.00    0.00     1  |__call_rcu
06:28:27     1000         -   3047762   98.00    0.00    0.00    0.00   98.00    16  |__CPU 0/TCG
06:28:27     1000         -   3047763    1.00    0.00    0.00    0.00    1.00     3  |__CPU 1/TCG
06:28:27     1000         -   3047764   99.00    1.00    0.00    0.00  100.00    20  |__CPU 2/TCG
06:28:27     1000         -   3047765    0.00    0.00    0.00    0.00    0.00     2  |__CPU 3/TCG
06:28:28     1000   3047740         -  199.00    3.00    0.00    0.00  202.00     1  qemu-system-aar
06:28:28     1000         -   3047740    1.00    3.00    0.00    0.00    4.00     1  |__qemu-system-aar
06:28:28     1000         -   3047747    0.00    0.00    0.00    0.00    0.00     1  |__call_rcu
06:28:28     1000         -   3047762   99.00    1.00    0.00    0.00  100.00    16  |__CPU 0/TCG
06:28:28     1000         -   3047763    0.00    0.00    0.00    0.00    0.00     3  |__CPU 1/TCG
06:28:28     1000         -   3047764   98.00    1.00    0.00    0.00   99.00    20  |__CPU 2/TCG
06:28:28     1000         -   3047765    0.00    0.00    0.00    0.00    0.00     2  |__CPU 3/TCG
06:28:29     1000   3047740         -  201.00    2.00    0.00    0.00  203.00     1  qemu-system-aar
06:28:29     1000         -   3047740    0.00    2.00    0.00    0.00    2.00     1  |__qemu-system-aar
06:28:29     1000         -   3047747    0.00    0.00    0.00    0.00    0.00     1  |__call_rcu
06:28:29     1000         -   3047762   99.00    0.00    0.00    0.00   99.00    16  |__CPU 0/TCG
06:28:29     1000         -   3047763    1.00    0.00    0.00    0.00    1.00     3  |__CPU 1/TCG
06:28:29     1000         -   3047764   99.00    1.00    0.00    0.00  100.00    20  |__CPU 2/TCG
06:28:29     1000         -   3047765    0.00    0.00    0.00    0.00    0.00     2  |__CPU 3/TCG
06:28:30     1000   3047740         -  200.00    2.00    0.00    0.00  202.00     2  qemu-system-aar
06:28:30     1000         -   3047740    1.00    2.00    0.00    0.00    3.00     2  |__qemu-system-aar
06:28:30     1000         -   3047747    0.00    0.00    0.00    0.00    0.00     1  |__call_rcu
06:28:30     1000         -   3047762   99.00    0.00    0.00    0.00   99.00    16  |__CPU 0/TCG
06:28:30     1000         -   3047763    1.00    0.00    0.00    0.00    1.00     3  |__CPU 1/TCG
06:28:30     1000         -   3047764   99.00    1.00    0.00    0.00  100.00    20  |__CPU 2/TCG
06:28:30     1000         -   3047765    0.00    0.00    0.00    0.00    0.00     2  |__CPU 3/TCG
06:28:31     1000   3047740         -  200.00    3.00    0.00    0.00  203.00     5  qemu-system-aar
06:28:31     1000         -   3047740    2.00    2.00    0.00    0.00    4.00     5  |__qemu-system-aar
06:28:31     1000         -   3047747    0.00    0.00    0.00    0.00    0.00     1  |__call_rcu
06:28:31     1000         -   3047762   99.00    1.00    0.00    0.00  100.00    16  |__CPU 0/TCG
06:28:31     1000         -   3047763    0.00    0.00    0.00    0.00    0.00    21  |__CPU 1/TCG
06:28:31     1000         -   3047764   98.00    1.00    0.00    0.00   99.00    20  |__CPU 2/TCG
06:28:31     1000         -   3047765    0.00    0.00    0.00    0.00    0.00     2  |__CPU 3/TCG
06:28:32     1000   3047740         -  200.00    3.00    0.00    0.00  203.00     6  qemu-system-aar
06:28:32     1000         -   3047740    1.00    2.00    0.00    0.00    3.00     6  |__qemu-system-aar
06:28:32     1000         -   3047747    0.00    0.00    0.00    0.00    0.00     1  |__call_rcu
06:28:32     1000         -   3047762   99.00    0.00    0.00    0.00   99.00    16  |__CPU 0/TCG
06:28:32     1000         -   3047763    1.00    0.00    0.00    0.00    1.00    21  |__CPU 1/TCG
06:28:32     1000         -   3047764   99.00    1.00    0.00    0.00  100.00    20  |__CPU 2/TCG
06:28:32     1000         -   3047765    0.00    0.00    0.00    0.00    0.00     2  |__CPU 3/TCG
06:28:33     1000   3047740         -  200.00    2.00    0.00    0.00  202.00     6  qemu-system-aar
06:28:33     1000         -   3047740    1.00    2.00    0.00    0.00    3.00     6  |__qemu-system-aar
06:28:33     1000         -   3047747    0.00    0.00    0.00    0.00    0.00     1  |__call_rcu
06:28:33     1000         -   3047762   99.00    0.00    0.00    0.00   99.00    16  |__CPU 0/TCG
06:28:33     1000         -   3047763    0.00    0.00    0.00    0.00    0.00    21  |__CPU 1/TCG
06:28:33     1000         -   3047764   99.00    1.00    0.00    0.00  100.00    20  |__CPU 2/TCG
06:28:33     1000         -   3047765    0.00    0.00    0.00    0.00    0.00     2  |__CPU 3/TCG
06:28:34     1000   3047740         -  200.00    3.00    0.00    0.00  203.00     7  qemu-system-aar
06:28:34     1000         -   3047740    1.00    3.00    0.00    0.00    4.00     7  |__qemu-system-aar
06:28:34     1000         -   3047747    0.00    0.00    0.00    0.00    0.00     1  |__call_rcu
06:28:34     1000         -   3047762   99.00    0.00    0.00    0.00   99.00    16  |__CPU 0/TCG
06:28:34     1000         -   3047763    0.00    0.00    0.00    0.00    0.00     3  |__CPU 1/TCG
06:28:34     1000         -   3047764   98.00    1.00    0.00    0.00   99.00    20  |__CPU 2/TCG
06:28:34     1000         -   3047765    0.00    0.00    0.00    0.00    0.00     2  |__CPU 3/TCG
06:28:35     1000   3047740         -  199.00    4.00    0.00    0.00  203.00     7  qemu-system-aar
06:28:35     1000         -   3047740    1.00    2.00    0.00    0.00    3.00     7  |__qemu-system-aar
06:28:35     1000         -   3047747    0.00    0.00    0.00    0.00    0.00     1  |__call_rcu
06:28:35     1000         -   3047762   99.00    1.00    0.00    0.00  100.00    16  |__CPU 0/TCG
06:28:35     1000         -   3047763    1.00    0.00    0.00    0.00    1.00    21  |__CPU 1/TCG
06:28:35     1000         -   3047764   99.00    1.00    0.00    0.00  100.00    20  |__CPU 2/TCG
06:28:35     1000         -   3047765    0.00    0.00    0.00    0.00    0.00     2  |__CPU 3/TCG
06:28:36     1000   3047740         -  200.00    3.00    0.00    0.00  203.00    19  qemu-system-aar
06:28:36     1000         -   3047740    1.00    3.00    0.00    0.00    4.00    19  |__qemu-system-aar
06:28:36     1000         -   3047747    0.00    0.00    0.00    0.00    0.00     1  |__call_rcu
06:28:36     1000         -   3047762   98.00    1.00    0.00    0.00   99.00     0  |__CPU 0/TCG
06:28:36     1000         -   3047763    1.00    0.00    0.00    0.00    1.00    21  |__CPU 1/TCG
06:28:36     1000         -   3047764   99.00    1.00    0.00    0.00  100.00    20  |__CPU 2/TCG
06:28:36     1000         -   3047765    0.00    0.00    0.00    0.00    0.00     2  |__CPU 3/TCG
06:28:37     1000   3047740         -  201.00    2.00    0.00    0.00  203.00     1  qemu-system-aar
06:28:37     1000         -   3047740    1.00    2.00    0.00    0.00    3.00     1  |__qemu-system-aar
06:28:37     1000         -   3047747    0.00    0.00    0.00    0.00    0.00     1  |__call_rcu
06:28:37     1000         -   3047762   99.00    0.00    0.00    0.00   99.00     0  |__CPU 0/TCG
06:28:37     1000         -   3047763    0.00    0.00    0.00    0.00    0.00    22  |__CPU 1/TCG
06:28:37     1000         -   3047764   99.00    1.00    0.00    0.00  100.00    20  |__CPU 2/TCG
06:28:37     1000         -   3047765    0.00    0.00    0.00    0.00    0.00     2  |__CPU 3/TCG
06:28:38     1000   3047740         -  201.00    2.00    0.00    0.00  203.00     5  qemu-system-aar
06:28:38     1000         -   3047740    1.00    2.00    0.00    0.00    3.00     5  |__qemu-system-aar
06:28:38     1000         -   3047747    0.00    0.00    0.00    0.00    0.00     1  |__call_rcu
06:28:38     1000         -   3047762   99.00    1.00    0.00    0.00  100.00     0  |__CPU 0/TCG
06:28:38     1000         -   3047763    1.00    0.00    0.00    0.00    1.00    22  |__CPU 1/TCG
06:28:38     1000         -   3047764   99.00    0.00    0.00    0.00   99.00    20  |__CPU 2/TCG
06:28:38     1000         -   3047765    0.00    0.00    0.00    0.00    0.00     2  |__CPU 3/TCG
06:28:39     1000   3047740         -  199.00    3.00    0.00    0.00  202.00    21  qemu-system-aar
06:28:39     1000         -   3047740    1.00    2.00    0.00    0.00    3.00    21  |__qemu-system-aar
06:28:39     1000         -   3047747    0.00    0.00    0.00    0.00    0.00     1  |__call_rcu
06:28:39     1000         -   3047762   99.00    0.00    0.00    0.00   99.00     0  |__CPU 0/TCG
06:28:39     1000         -   3047763    0.00    0.00    0.00    0.00    0.00    22  |__CPU 1/TCG
06:28:39     1000         -   3047764   99.00    1.00    0.00    0.00  100.00     4  |__CPU 2/TCG
06:28:39     1000         -   3047765    0.00    0.00    0.00    0.00    0.00     2  |__CPU 3/TCG
06:28:40     1000   3047740         -  200.00    3.00    0.00    0.00  203.00     7  qemu-system-aar
06:28:40     1000         -   3047740    0.00    3.00    0.00    0.00    3.00     7  |__qemu-system-aar
06:28:40     1000         -   3047747    0.00    0.00    0.00    0.00    0.00     1  |__call_rcu
06:28:40     1000         -   3047762   99.00    1.00    0.00    0.00  100.00    16  |__CPU 0/TCG
06:28:40     1000         -   3047763    1.00    0.00    0.00    0.00    1.00    22  |__CPU 1/TCG
06:28:40     1000         -   3047764   98.00    1.00    0.00    0.00   99.00    20  |__CPU 2/TCG
06:28:40     1000         -   3047765    0.00    0.00    0.00    0.00    0.00     2  |__CPU 3/TCG
06:28:41     1000   3047740         -  200.00    3.00    0.00    0.00  203.00    17  qemu-system-aar
06:28:41     1000         -   3047740    2.00    1.00    0.00    0.00    3.00    17  |__qemu-system-aar
06:28:41     1000         -   3047747    0.00    0.00    0.00    0.00    0.00     1  |__call_rcu
06:28:41     1000         -   3047762   99.00    0.00    0.00    0.00   99.00    16  |__CPU 0/TCG
06:28:41     1000         -   3047763    0.00    0.00    0.00    0.00    0.00    23  |__CPU 1/TCG
06:28:41     1000         -   3047764   98.00    2.00    0.00    0.00  100.00    20  |__CPU 2/TCG
06:28:41     1000         -   3047765    0.00    0.00    0.00    0.00    0.00     2  |__CPU 3/TCG
06:28:42     1000   3047740         -  200.00    2.00    0.00    0.00  202.00     3  qemu-system-aar
06:28:42     1000         -   3047740    1.00    3.00    0.00    0.00    4.00     3  |__qemu-system-aar
06:28:42     1000         -   3047747    0.00    0.00    0.00    0.00    0.00     1  |__call_rcu
06:28:42     1000         -   3047762   98.00    0.00    0.00    0.00   98.00    16  |__CPU 0/TCG
06:28:42     1000         -   3047763    1.00    0.00    0.00    0.00    1.00    23  |__CPU 1/TCG
06:28:42     1000         -   3047764   99.00    0.00    0.00    0.00   99.00    20  |__CPU 2/TCG
06:28:42     1000         -   3047765    0.00    0.00    0.00    0.00    0.00     2  |__CPU 3/TCG
06:28:43     1000   3047740         -  200.00    4.00    0.00    0.00  204.00     5  qemu-system-aar
06:28:43     1000         -   3047740    1.00    2.00    0.00    0.00    3.00     5  |__qemu-system-aar
06:28:43     1000         -   3047747    0.00    0.00    0.00    0.00    0.00     1  |__call_rcu
06:28:43     1000         -   3047762   99.00    1.00    0.00    0.00  100.00    16  |__CPU 0/TCG
06:28:43     1000         -   3047763    1.00    0.00    0.00    0.00    1.00    22  |__CPU 1/TCG
06:28:43     1000         -   3047764   99.00    2.00    0.00    0.00  101.00     4  |__CPU 2/TCG
06:28:43     1000         -   3047765    0.00    0.00    0.00    0.00    0.00     2  |__CPU 3/TCG
06:28:44     1000   3047740         -  200.00    2.00    0.00    0.00  202.00    18  qemu-system-aar
06:28:44     1000         -   3047740    1.00    2.00    0.00    0.00    3.00    18  |__qemu-system-aar
06:28:44     1000         -   3047747    0.00    0.00    0.00    0.00    0.00     1  |__call_rcu
06:28:44     1000         -   3047762   99.00    1.00    0.00    0.00  100.00     0  |__CPU 0/TCG
06:28:44     1000         -   3047763    0.00    0.00    0.00    0.00    0.00    22  |__CPU 1/TCG
06:28:44     1000         -   3047764   98.00    1.00    0.00    0.00   99.00     4  |__CPU 2/TCG
06:28:44     1000         -   3047765    0.00    0.00    0.00    0.00    0.00     2  |__CPU 3/TCG
06:28:45     1000   3047740         -  200.00    3.00    0.00    0.00  203.00    18  qemu-system-aar
06:28:45     1000         -   3047740    2.00    2.00    0.00    0.00    4.00    18  |__qemu-system-aar
06:28:45     1000         -   3047747    0.00    0.00    0.00    0.00    0.00     1  |__call_rcu
06:28:45     1000         -   3047762   99.00    0.00    0.00    0.00   99.00     0  |__CPU 0/TCG
06:28:45     1000         -   3047763    1.00    0.00    0.00    0.00    1.00    22  |__CPU 1/TCG
06:28:45     1000         -   3047764   99.00    1.00    0.00    0.00  100.00     4  |__CPU 2/TCG
06:28:45     1000         -   3047765    0.00    0.00    0.00    0.00    0.00     2  |__CPU 3/TCG
06:28:46     1000   3047740         -  200.00    3.00    0.00    0.00  203.00    18  qemu-system-aar
06:28:46     1000         -   3047740    1.00    2.00    0.00    0.00    3.00    18  |__qemu-system-aar
06:28:46     1000         -   3047747    0.00    0.00    0.00    0.00    0.00     1  |__call_rcu
06:28:46     1000         -   3047762   99.00    0.00    0.00    0.00   99.00    16  |__CPU 0/TCG
06:28:46     1000         -   3047763    0.00    0.00    0.00    0.00    0.00    22  |__CPU 1/TCG
06:28:46     1000         -   3047764   98.00    1.00    0.00    0.00   99.00    20  |__CPU 2/TCG
06:28:46     1000         -   3047765    0.00    0.00    0.00    0.00    0.00     2  |__CPU 3/TCG
06:28:47     1000   3047740         -  200.00    3.00    0.00    0.00  203.00     3  qemu-system-aar
06:28:47     1000         -   3047740    1.00    2.00    0.00    0.00    3.00     3  |__qemu-system-aar
06:28:47     1000         -   3047747    0.00    0.00    0.00    0.00    0.00     1  |__call_rcu
06:28:47     1000         -   3047762   98.00    1.00    0.00    0.00   99.00    16  |__CPU 0/TCG
06:28:47     1000         -   3047763    1.00    0.00    0.00    0.00    1.00    22  |__CPU 1/TCG
06:28:47     1000         -   3047764   99.00    1.00    0.00    0.00  100.00    20  |__CPU 2/TCG
06:28:47     1000         -   3047765    0.00    0.00    0.00    0.00    0.00     2  |__CPU 3/TCG
06:28:48     1000   3047740         -  199.00    3.00    0.00    0.00  202.00     3  qemu-system-aar
06:28:48     1000         -   3047740    1.00    2.00    0.00    0.00    3.00     3  |__qemu-system-aar
06:28:48     1000         -   3047747    0.00    0.00    0.00    0.00    0.00     1  |__call_rcu
06:28:48     1000         -   3047762   99.00    1.00    0.00    0.00  100.00    16  |__CPU 0/TCG
06:28:48     1000         -   3047763    0.00    0.00    0.00    0.00    0.00    22  |__CPU 1/TCG
06:28:48     1000         -   3047764   98.00    1.00    0.00    0.00   99.00    20  |__CPU 2/TCG
06:28:48     1000         -   3047765    0.00    0.00    0.00    0.00    0.00     2  |__CPU 3/TCG
06:28:49     1000   3047740         -  200.00    3.00    0.00    0.00  203.00     3  qemu-system-aar
06:28:49     1000         -   3047740    1.00    3.00    0.00    0.00    4.00     3  |__qemu-system-aar
06:28:49     1000         -   3047747    0.00    0.00    0.00    0.00    0.00     1  |__call_rcu
06:28:49     1000         -   3047762   99.00    0.00    0.00    0.00   99.00    16  |__CPU 0/TCG
06:28:49     1000         -   3047763    1.00    0.00    0.00    0.00    1.00    22  |__CPU 1/TCG
06:28:49     1000         -   3047764   99.00    1.00    0.00    0.00  100.00    20  |__CPU 2/TCG
06:28:49     1000         -   3047765    0.00    0.00    0.00    0.00    0.00     2  |__CPU 3/TCG
06:28:50     1000   3047740         -  199.00    3.00    0.00    0.00  202.00     5  qemu-system-aar
06:28:50     1000         -   3047740    1.00    2.00    0.00    0.00    3.00     5  |__qemu-system-aar
06:28:50     1000         -   3047747    0.00    0.00    0.00    0.00    0.00     1  |__call_rcu
06:28:50     1000         -   3047762   99.00    0.00    0.00    0.00   99.00    16  |__CPU 0/TCG
06:28:50     1000         -   3047763    0.00    0.00    0.00    0.00    0.00     2  |__CPU 1/TCG
06:28:50     1000         -   3047764   98.00    2.00    0.00    0.00  100.00    20  |__CPU 2/TCG
06:28:50     1000         -   3047765    0.00    0.00    0.00    0.00    0.00     2  |__CPU 3/TCG
06:28:51     1000   3047740         -  200.00    3.00    0.00    0.00  203.00     5  qemu-system-aar
06:28:51     1000         -   3047740    1.00    2.00    0.00    0.00    3.00     5  |__qemu-system-aar
06:28:51     1000         -   3047747    0.00    0.00    0.00    0.00    0.00     1  |__call_rcu
06:28:51     1000         -   3047762   99.00    1.00    0.00    0.00  100.00    16  |__CPU 0/TCG
06:28:51     1000         -   3047763    1.00    0.00    0.00    0.00    1.00     2  |__CPU 1/TCG
06:28:51     1000         -   3047764   99.00    1.00    0.00    0.00  100.00     4  |__CPU 2/TCG
06:28:51     1000         -   3047765    0.00    0.00    0.00    0.00    0.00     2  |__CPU 3/TCG
06:28:52     1000   3047740         -  201.00    2.00    0.00    0.00  203.00     7  qemu-system-aar
06:28:52     1000         -   3047740    0.00    3.00    0.00    0.00    3.00     7  |__qemu-system-aar
06:28:52     1000         -   3047747    0.00    0.00    0.00    0.00    0.00     1  |__call_rcu
06:28:52     1000         -   3047762   99.00    0.00    0.00    0.00   99.00    16  |__CPU 0/TCG
06:28:52     1000         -   3047763    0.00    0.00    0.00    0.00    0.00     3  |__CPU 1/TCG
06:28:52     1000         -   3047764   98.00    1.00    0.00    0.00   99.00     4  |__CPU 2/TCG
06:28:52     1000         -   3047765    0.00    0.00    0.00    0.00    0.00     2  |__CPU 3/TCG
06:28:53     1000   3047740         -  199.00    3.00    0.00    0.00  202.00     7  qemu-system-aar
06:28:53     1000         -   3047740    1.00    2.00    0.00    0.00    3.00     7  |__qemu-system-aar
06:28:53     1000         -   3047747    0.00    0.00    0.00    0.00    0.00     1  |__call_rcu
06:28:53     1000         -   3047762   99.00    1.00    0.00    0.00  100.00    16  |__CPU 0/TCG
06:28:53     1000         -   3047763    1.00    0.00    0.00    0.00    1.00     3  |__CPU 1/TCG
06:28:53     1000         -   3047764   99.00    1.00    0.00    0.00  100.00     4  |__CPU 2/TCG
06:28:53     1000         -   3047765    0.00    0.00    0.00    0.00    0.00     2  |__CPU 3/TCG
06:28:54     1000   3047740         -  199.00    5.00    0.00    0.00  204.00     7  qemu-system-aar
06:28:54     1000         -   3047740    1.00    2.00    0.00    0.00    3.00     7  |__qemu-system-aar
06:28:54     1000         -   3047747    0.00    0.00    0.00    0.00    0.00     1  |__call_rcu
06:28:54     1000         -   3047762   98.00    0.00    0.00    0.00   98.00    16  |__CPU 0/TCG
06:28:54     1000         -   3047763    1.00    0.00    0.00    0.00    1.00     2  |__CPU 1/TCG
06:28:54     1000         -   3047764   98.00    2.00    0.00    0.00  100.00     4  |__CPU 2/TCG
06:28:54     1000         -   3047765    0.00    0.00    0.00    0.00    0.00     2  |__CPU 3/TCG
06:28:55     1000   3047740         -  198.00    3.00    0.00    0.00  201.00    22  qemu-system-aar
06:28:55     1000         -   3047740    1.00    3.00    0.00    0.00    4.00    22  |__qemu-system-aar
06:28:55     1000         -   3047747    0.00    0.00    0.00    0.00    0.00     1  |__call_rcu
06:28:55     1000         -   3047762   99.00    1.00    0.00    0.00  100.00    16  |__CPU 0/TCG
06:28:55     1000         -   3047763    0.00    0.00    0.00    0.00    0.00     6  |__CPU 1/TCG
06:28:55     1000         -   3047764   99.00    0.00    0.00    0.00   99.00     4  |__CPU 2/TCG
06:28:55     1000         -   3047765    0.00    0.00    0.00    0.00    0.00     2  |__CPU 3/TCG
06:28:56     1000   3047740         -  201.00    3.00    0.00    0.00  204.00    22  qemu-system-aar
06:28:56     1000         -   3047740    2.00    1.00    0.00    0.00    3.00    22  |__qemu-system-aar
06:28:56     1000         -   3047747    0.00    0.00    0.00    0.00    0.00     1  |__call_rcu
06:28:56     1000         -   3047762   98.00    1.00    0.00    0.00   99.00    16  |__CPU 0/TCG
06:28:56     1000         -   3047763    0.00    0.00    0.00    0.00    0.00     6  |__CPU 1/TCG
06:28:56     1000         -   3047764   98.00    2.00    0.00    0.00  100.00     4  |__CPU 2/TCG
06:28:56     1000         -   3047765    0.00    0.00    0.00    0.00    0.00     2  |__CPU 3/TCG
06:28:57     1000   3047740         -  200.00    2.00    0.00    0.00  202.00     5  qemu-system-aar
06:28:57     1000         -   3047740    2.00    2.00    0.00    0.00    4.00     5  |__qemu-system-aar
06:28:57     1000         -   3047747    0.00    0.00    0.00    0.00    0.00     1  |__call_rcu
06:28:57     1000         -   3047762  100.00    0.00    0.00    0.00  100.00    16  |__CPU 0/TCG
06:28:57     1000         -   3047763    1.00    0.00    0.00    0.00    1.00    19  |__CPU 1/TCG
06:28:57     1000         -   3047764   99.00    1.00    0.00    0.00  100.00    20  |__CPU 2/TCG
06:28:57     1000         -   3047765    0.00    0.00    0.00    0.00    0.00     2  |__CPU 3/TCG
06:28:58     1000   3047740         -  201.00    2.00    0.00    0.00  203.00     7  qemu-system-aar
06:28:58     1000         -   3047740    1.00    2.00    0.00    0.00    3.00     7  |__qemu-system-aar
06:28:58     1000         -   3047747    0.00    0.00    0.00    0.00    0.00     1  |__call_rcu
06:28:58     1000         -   3047762   99.00    0.00    0.00    0.00   99.00     0  |__CPU 0/TCG
06:28:58     1000         -   3047763    0.00    0.00    0.00    0.00    0.00     6  |__CPU 1/TCG
06:28:58     1000         -   3047764   99.00    0.00    0.00    0.00   99.00    20  |__CPU 2/TCG
06:28:58     1000         -   3047765    0.00    0.00    0.00    0.00    0.00     2  |__CPU 3/TCG
06:28:59     1000   3047740         -  199.00    3.00    0.00    0.00  202.00     5  qemu-system-aar
06:28:59     1000         -   3047740    1.00    2.00    0.00    0.00    3.00     5  |__qemu-system-aar
06:28:59     1000         -   3047747    0.00    0.00    0.00    0.00    0.00     1  |__call_rcu
06:28:59     1000         -   3047762   98.00    1.00    0.00    0.00   99.00    16  |__CPU 0/TCG
06:28:59     1000         -   3047763    1.00    0.00    0.00    0.00    1.00     6  |__CPU 1/TCG
06:28:59     1000         -   3047764   99.00    1.00    0.00    0.00  100.00    20  |__CPU 2/TCG
06:28:59     1000         -   3047765    0.00    0.00    0.00    0.00    0.00     2  |__CPU 3/TCG
06:29:00     1000   3047740         -  199.00    4.00    0.00    0.00  203.00    18  qemu-system-aar
06:29:00     1000         -   3047740    1.00    2.00    0.00    0.00    3.00    18  |__qemu-system-aar
06:29:00     1000         -   3047747    0.00    0.00    0.00    0.00    0.00     1  |__call_rcu
06:29:00     1000         -   3047762   99.00    0.00    0.00    0.00   99.00    16  |__CPU 0/TCG
06:29:00     1000         -   3047763    1.00    0.00    0.00    0.00    1.00     6  |__CPU 1/TCG
06:29:00     1000         -   3047764   98.00    2.00    0.00    0.00  100.00    20  |__CPU 2/TCG
06:29:00     1000         -   3047765    0.00    0.00    0.00    0.00    0.00     2  |__CPU 3/TCG
06:29:01     1000   3047740         -  200.00    3.00    0.00    0.00  203.00    22  qemu-system-aar
06:29:01     1000         -   3047740    1.00    3.00    0.00    0.00    4.00    22  |__qemu-system-aar
06:29:01     1000         -   3047747    0.00    0.00    0.00    0.00    0.00     1  |__call_rcu
06:29:01     1000         -   3047762   99.00    1.00    0.00    0.00  100.00    16  |__CPU 0/TCG
06:29:01     1000         -   3047763    0.00    0.00    0.00    0.00    0.00     6  |__CPU 1/TCG
06:29:01     1000         -   3047764   99.00    0.00    0.00    0.00   99.00    20  |__CPU 2/TCG
06:29:01     1000         -   3047765    0.00    0.00    0.00    0.00    0.00     2  |__CPU 3/TCG
06:29:02     1000   3047740         -  200.00    3.00    0.00    0.00  203.00    23  qemu-system-aar
06:29:02     1000         -   3047740    1.00    2.00    0.00    0.00    3.00    23  |__qemu-system-aar
06:29:02     1000         -   3047747    0.00    0.00    0.00    0.00    0.00     1  |__call_rcu
06:29:02     1000         -   3047762   99.00    0.00    0.00    0.00   99.00    16  |__CPU 0/TCG
06:29:02     1000         -   3047763    0.00    0.00    0.00    0.00    0.00     6  |__CPU 1/TCG
06:29:02     1000         -   3047764   99.00    1.00    0.00    0.00  100.00    20  |__CPU 2/TCG
06:29:02     1000         -   3047765    0.00    0.00    0.00    0.00    0.00     2  |__CPU 3/TCG
06:29:03     1000   3047740         -  199.00    3.00    0.00    0.00  202.00     3  qemu-system-aar
06:29:03     1000         -   3047740    1.00    2.00    0.00    0.00    3.00     3  |__qemu-system-aar
06:29:03     1000         -   3047747    0.00    0.00    0.00    0.00    0.00     1  |__call_rcu
06:29:03     1000         -   3047762   99.00    0.00    0.00    0.00   99.00     0  |__CPU 0/TCG
06:29:03     1000         -   3047763    1.00    1.00    0.00    0.00    2.00    19  |__CPU 1/TCG
06:29:03     1000         -   3047764   98.00    2.00    0.00    0.00  100.00    20  |__CPU 2/TCG
06:29:03     1000         -   3047765    0.00    0.00    0.00    0.00    0.00     2  |__CPU 3/TCG
06:29:04     1000   3047740         -  200.00    2.00    0.00    0.00  202.00    17  qemu-system-aar
06:29:04     1000         -   3047740    1.00    2.00    0.00    0.00    3.00    17  |__qemu-system-aar
06:29:04     1000         -   3047747    0.00    0.00    0.00    0.00    0.00     1  |__call_rcu
06:29:04     1000         -   3047762   99.00    1.00    0.00    0.00  100.00     0  |__CPU 0/TCG
06:29:04     1000         -   3047763    0.00    0.00    0.00    0.00    0.00     6  |__CPU 1/TCG
06:29:04     1000         -   3047764   99.00    0.00    0.00    0.00   99.00    20  |__CPU 2/TCG
06:29:04     1000         -   3047765    0.00    0.00    0.00    0.00    0.00     2  |__CPU 3/TCG
06:29:05     1000   3047740         -  200.00    3.00    0.00    0.00  203.00    21  qemu-system-aar
06:29:05     1000         -   3047740    2.00    2.00    0.00    0.00    4.00    21  |__qemu-system-aar
06:29:05     1000         -   3047747    0.00    0.00    0.00    0.00    0.00     1  |__call_rcu
06:29:05     1000         -   3047762   98.00    0.00    0.00    0.00   98.00     0  |__CPU 0/TCG
06:29:05     1000         -   3047763    1.00    0.00    0.00    0.00    1.00    19  |__CPU 1/TCG
06:29:05     1000         -   3047764   98.00    1.00    0.00    0.00   99.00    20  |__CPU 2/TCG
06:29:05     1000         -   3047765    0.00    0.00    0.00    0.00    0.00     2  |__CPU 3/TCG
06:29:06     1000   3047740         -  200.00    4.00    0.00    0.00  204.00     7  qemu-system-aar
06:29:06     1000         -   3047740    1.00    2.00    0.00    0.00    3.00     7  |__qemu-system-aar
06:29:06     1000         -   3047747    0.00    0.00    0.00    0.00    0.00     1  |__call_rcu
06:29:06     1000         -   3047762   99.00    0.00    0.00    0.00   99.00     0  |__CPU 0/TCG
06:29:06     1000         -   3047763    0.00    0.00    0.00    0.00    0.00    19  |__CPU 1/TCG
06:29:06     1000         -   3047764   99.00    1.00    0.00    0.00  100.00    20  |__CPU 2/TCG
06:29:06     1000         -   3047765    0.00    0.00    0.00    0.00    0.00     2  |__CPU 3/TCG
06:29:07     1000   3047740         -  201.00    1.00    0.00    0.00  202.00    16  qemu-system-aar
06:29:07     1000         -   3047740    2.00    1.00    0.00    0.00    3.00    16  |__qemu-system-aar
06:29:07     1000         -   3047747    0.00    0.00    0.00    0.00    0.00     1  |__call_rcu
06:29:07     1000         -   3047762  100.00    1.00    0.00    0.00  101.00     0  |__CPU 0/TCG
06:29:07     1000         -   3047763    1.00    0.00    0.00    0.00    1.00     6  |__CPU 1/TCG
06:29:07     1000         -   3047764   99.00    1.00    0.00    0.00  100.00    20  |__CPU 2/TCG
06:29:07     1000         -   3047765    0.00    0.00    0.00    0.00    0.00     2  |__CPU 3/TCG
06:29:08     1000   3047740         -  200.00    4.00    0.00    0.00  204.00     7  qemu-system-aar
06:29:08     1000         -   3047740    1.00    3.00    0.00    0.00    4.00     7  |__qemu-system-aar
06:29:08     1000         -   3047747    0.00    0.00    0.00    0.00    0.00     1  |__call_rcu
06:29:08     1000         -   3047762   98.00    0.00    0.00    0.00   98.00     0  |__CPU 0/TCG
06:29:08     1000         -   3047763    0.00    0.00    0.00    0.00    0.00    19  |__CPU 1/TCG
06:29:08     1000         -   3047764   99.00    1.00    0.00    0.00  100.00    20  |__CPU 2/TCG
06:29:08     1000         -   3047765    0.00    0.00    0.00    0.00    0.00     2  |__CPU 3/TCG
06:29:09     1000   3047740         -  199.00    3.00    0.00    0.00  202.00    21  qemu-system-aar
06:29:09     1000         -   3047740    1.00    2.00    0.00    0.00    3.00    21  |__qemu-system-aar
06:29:09     1000         -   3047747    0.00    0.00    0.00    0.00    0.00     1  |__call_rcu
06:29:09     1000         -   3047762   99.00    1.00    0.00    0.00  100.00     0  |__CPU 0/TCG
06:29:09     1000         -   3047763    1.00    0.00    0.00    0.00    1.00    19  |__CPU 1/TCG
06:29:09     1000         -   3047764   99.00    1.00    0.00    0.00  100.00    20  |__CPU 2/TCG
06:29:09     1000         -   3047765    0.00    0.00    0.00    0.00    0.00     2  |__CPU 3/TCG
06:29:10     1000   3047740         -  199.00    4.00    0.00    0.00  203.00    21  qemu-system-aar
06:29:10     1000         -   3047740    1.00    3.00    0.00    0.00    4.00    21  |__qemu-system-aar
06:29:10     1000         -   3047747    0.00    0.00    0.00    0.00    0.00     1  |__call_rcu
06:29:10     1000         -   3047762   99.00    0.00    0.00    0.00   99.00    16  |__CPU 0/TCG
06:29:10     1000         -   3047763    0.00    0.00    0.00    0.00    0.00    18  |__CPU 1/TCG
06:29:10     1000         -   3047764   98.00    1.00    0.00    0.00   99.00    20  |__CPU 2/TCG
06:29:10     1000         -   3047765    0.00    0.00    0.00    0.00    0.00     2  |__CPU 3/TCG
06:29:11     1000   3047740         -  199.00    4.00    0.00    0.00  203.00    22  qemu-system-aar
06:29:11     1000         -   3047740    1.00    2.00    0.00    0.00    3.00    22  |__qemu-system-aar
06:29:11     1000         -   3047747    0.00    0.00    0.00    0.00    0.00     1  |__call_rcu
06:29:11     1000         -   3047762   98.00    1.00    0.00    0.00   99.00    16  |__CPU 0/TCG
06:29:11     1000         -   3047763    1.00    0.00    0.00    0.00    1.00    18  |__CPU 1/TCG
06:29:11     1000         -   3047764   98.00    2.00    0.00    0.00  100.00    20  |__CPU 2/TCG
06:29:11     1000         -   3047765    0.00    0.00    0.00    0.00    0.00     2  |__CPU 3/TCG
06:29:12     1000   3047740         -  200.00    3.00    0.00    0.00  203.00     7  qemu-system-aar
06:29:12     1000         -   3047740    1.00    2.00    0.00    0.00    3.00     7  |__qemu-system-aar
06:29:12     1000         -   3047747    0.00    0.00    0.00    0.00    0.00     1  |__call_rcu
06:29:12     1000         -   3047762   99.00    0.00    0.00    0.00   99.00    16  |__CPU 0/TCG
06:29:12     1000         -   3047763    1.00    0.00    0.00    0.00    1.00    18  |__CPU 1/TCG
06:29:12     1000         -   3047764   98.00    1.00    0.00    0.00   99.00    20  |__CPU 2/TCG
06:29:12     1000         -   3047765    0.00    0.00    0.00    0.00    0.00     2  |__CPU 3/TCG
06:29:13     1000   3047740         -  200.00    2.00    0.00    0.00  202.00     1  qemu-system-aar
06:29:13     1000         -   3047740    1.00    2.00    0.00    0.00    3.00     1  |__qemu-system-aar
06:29:13     1000         -   3047747    0.00    0.00    0.00    0.00    0.00     1  |__call_rcu
06:29:13     1000         -   3047762   99.00    1.00    0.00    0.00  100.00    16  |__CPU 0/TCG
06:29:13     1000         -   3047763    0.00    0.00    0.00    0.00    0.00     6  |__CPU 1/TCG
06:29:13     1000         -   3047764   98.00    2.00    0.00    0.00  100.00    20  |__CPU 2/TCG
06:29:13     1000         -   3047765    0.00    0.00    0.00    0.00    0.00     2  |__CPU 3/TCG
06:29:14     1000   3047740         -  200.00    3.00    0.00    0.00  203.00     3  qemu-system-aar
06:29:14     1000         -   3047740    2.00    2.00    0.00    0.00    4.00     3  |__qemu-system-aar
06:29:14     1000         -   3047747    0.00    0.00    0.00    0.00    0.00     1  |__call_rcu
06:29:14     1000         -   3047762   99.00    0.00    0.00    0.00   99.00    16  |__CPU 0/TCG
06:29:14     1000         -   3047763    1.00    0.00    0.00    0.00    1.00     6  |__CPU 1/TCG
06:29:14     1000         -   3047764   99.00    1.00    0.00    0.00  100.00    20  |__CPU 2/TCG
06:29:14     1000         -   3047765    0.00    0.00    0.00    0.00    0.00     2  |__CPU 3/TCG
06:29:15     1000   3047740         -  201.00    2.00    0.00    0.00  203.00     6  qemu-system-aar
06:29:15     1000         -   3047740    1.00    3.00    0.00    0.00    4.00     6  |__qemu-system-aar
06:29:15     1000         -   3047747    0.00    0.00    0.00    0.00    0.00     1  |__call_rcu
06:29:15     1000         -   3047762   99.00    1.00    0.00    0.00  100.00    16  |__CPU 0/TCG
06:29:15     1000         -   3047763    0.00    0.00    0.00    0.00    0.00    18  |__CPU 1/TCG
06:29:15     1000         -   3047764   99.00    0.00    0.00    0.00   99.00    20  |__CPU 2/TCG
06:29:15     1000         -   3047765    0.00    0.00    0.00    0.00    0.00     2  |__CPU 3/TCG
06:29:16     1000   3047740         -  199.00    3.00    0.00    0.00  202.00     6  qemu-system-aar
06:29:16     1000         -   3047740    0.00    2.00    0.00    0.00    2.00     6  |__qemu-system-aar
06:29:16     1000         -   3047747    0.00    0.00    0.00    0.00    0.00     1  |__call_rcu
06:29:16     1000         -   3047762   98.00    0.00    0.00    0.00   98.00    16  |__CPU 0/TCG
06:29:16     1000         -   3047763    0.00    0.00    0.00    0.00    0.00    18  |__CPU 1/TCG
06:29:16     1000         -   3047764   99.00    1.00    0.00    0.00  100.00    20  |__CPU 2/TCG
06:29:16     1000         -   3047765    0.00    0.00    0.00    0.00    0.00     2  |__CPU 3/TCG
06:29:17     1000   3047740         -  200.00    3.00    0.00    0.00  203.00     6  qemu-system-aar
06:29:17     1000         -   3047740    2.00    2.00    0.00    0.00    4.00     6  |__qemu-system-aar
06:29:17     1000         -   3047747    0.00    0.00    0.00    0.00    0.00     1  |__call_rcu
06:29:17     1000         -   3047762   99.00    0.00    0.00    0.00   99.00    16  |__CPU 0/TCG
06:29:17     1000         -   3047763    1.00    0.00    0.00    0.00    1.00    19  |__CPU 1/TCG
06:29:17     1000         -   3047764   99.00    1.00    0.00    0.00  100.00    20  |__CPU 2/TCG
06:29:17     1000         -   3047765    0.00    0.00    0.00    0.00    0.00     2  |__CPU 3/TCG
06:29:18     1000   3047740         -  201.00    2.00    0.00    0.00  203.00     6  qemu-system-aar
06:29:18     1000         -   3047740    1.00    2.00    0.00    0.00    3.00     6  |__qemu-system-aar
06:29:18     1000         -   3047747    0.00    0.00    0.00    0.00    0.00     1  |__call_rcu
06:29:18     1000         -   3047762   99.00    1.00    0.00    0.00  100.00    16  |__CPU 0/TCG
06:29:18     1000         -   3047763    0.00    0.00    0.00    0.00    0.00    18  |__CPU 1/TCG
06:29:18     1000         -   3047764   99.00    1.00    0.00    0.00  100.00    20  |__CPU 2/TCG
06:29:18     1000         -   3047765    0.00    0.00    0.00    0.00    0.00     2  |__CPU 3/TCG
06:29:19     1000   3047740         -  199.00    3.00    0.00    0.00  202.00     2  qemu-system-aar
06:29:19     1000         -   3047740    1.00    2.00    0.00    0.00    3.00     2  |__qemu-system-aar
06:29:19     1000         -   3047747    0.00    0.00    0.00    0.00    0.00     1  |__call_rcu
06:29:19     1000         -   3047762   99.00    1.00    0.00    0.00  100.00    16  |__CPU 0/TCG
06:29:19     1000         -   3047763    1.00    0.00    0.00    0.00    1.00    18  |__CPU 1/TCG
06:29:19     1000         -   3047764   98.00    1.00    0.00    0.00   99.00    20  |__CPU 2/TCG
06:29:19     1000         -   3047765    0.00    0.00    0.00    0.00    0.00     2  |__CPU 3/TCG
06:29:20     1000   3047740         -  199.00    4.00    0.00    0.00  203.00     6  qemu-system-aar
06:29:20     1000         -   3047740    1.00    2.00    0.00    0.00    3.00     6  |__qemu-system-aar
06:29:20     1000         -   3047747    0.00    0.00    0.00    0.00    0.00     1  |__call_rcu
06:29:20     1000         -   3047762   98.00    0.00    0.00    0.00   98.00    16  |__CPU 0/TCG
06:29:20     1000         -   3047763    0.00    0.00    0.00    0.00    0.00    19  |__CPU 1/TCG
06:29:20     1000         -   3047764   98.00    1.00    0.00    0.00   99.00    20  |__CPU 2/TCG
06:29:20     1000         -   3047765    0.00    0.00    0.00    0.00    0.00     2  |__CPU 3/TCG
06:29:21     1000   3047740         -  200.00    3.00    0.00    0.00  203.00     3  qemu-system-aar
06:29:21     1000         -   3047740    1.00    2.00    0.00    0.00    3.00     3  |__qemu-system-aar
06:29:21     1000         -   3047747    0.00    0.00    0.00    0.00    0.00     1  |__call_rcu
06:29:21     1000         -   3047762   99.00    1.00    0.00    0.00  100.00    16  |__CPU 0/TCG
06:29:21     1000         -   3047763    1.00    0.00    0.00    0.00    1.00    19  |__CPU 1/TCG
06:29:21     1000         -   3047764   99.00    1.00    0.00    0.00  100.00    20  |__CPU 2/TCG
06:29:21     1000         -   3047765    0.00    0.00    0.00    0.00    0.00     2  |__CPU 3/TCG
06:29:22     1000   3047740         -  200.00    2.00    0.00    0.00  202.00    21  qemu-system-aar
06:29:22     1000         -   3047740    1.00    2.00    0.00    0.00    3.00    21  |__qemu-system-aar
06:29:22     1000         -   3047747    0.00    0.00    0.00    0.00    0.00     1  |__call_rcu
06:29:22     1000         -   3047762   99.00    0.00    0.00    0.00   99.00    16  |__CPU 0/TCG
06:29:22     1000         -   3047763    0.00    0.00    0.00    0.00    0.00    22  |__CPU 1/TCG
06:29:22     1000         -   3047764   98.00    1.00    0.00    0.00   99.00    20  |__CPU 2/TCG
06:29:22     1000         -   3047765    0.00    0.00    0.00    0.00    0.00     2  |__CPU 3/TCG
06:29:23     1000   3047740         -  200.00    3.00    0.00    0.00  203.00     1  qemu-system-aar
06:29:23     1000         -   3047740    1.00    3.00    0.00    0.00    4.00     1  |__qemu-system-aar
06:29:23     1000         -   3047747    0.00    0.00    0.00    0.00    0.00     1  |__call_rcu
06:29:23     1000         -   3047762   98.00    1.00    0.00    0.00   99.00     0  |__CPU 0/TCG
06:29:23     1000         -   3047763    1.00    0.00    0.00    0.00    1.00    23  |__CPU 1/TCG
06:29:23     1000         -   3047764  100.00    1.00    0.00    0.00  101.00     4  |__CPU 2/TCG
06:29:23     1000         -   3047765    0.00    0.00    0.00    0.00    0.00     2  |__CPU 3/TCG
06:29:24     1000   3047740         -  200.00    2.00    0.00    0.00  202.00    22  qemu-system-aar
06:29:24     1000         -   3047740    1.00    2.00    0.00    0.00    3.00    22  |__qemu-system-aar
06:29:24     1000         -   3047747    0.00    0.00    0.00    0.00    0.00     1  |__call_rcu
06:29:24     1000         -   3047762   99.00    0.00    0.00    0.00   99.00     0  |__CPU 0/TCG
06:29:24     1000         -   3047763    0.00    0.00    0.00    0.00    0.00    23  |__CPU 1/TCG
06:29:24     1000         -   3047764   98.00    1.00    0.00    1.00   99.00     4  |__CPU 2/TCG
06:29:24     1000         -   3047765    0.00    0.00    0.00    0.00    0.00     2  |__CPU 3/TCG
06:29:25     1000   3047740         -  201.00    2.00    0.00    0.00  203.00    21  qemu-system-aar
06:29:25     1000         -   3047740    2.00    1.00    0.00    0.00    3.00    21  |__qemu-system-aar
06:29:25     1000         -   3047747    0.00    0.00    0.00    0.00    0.00     1  |__call_rcu
06:29:25     1000         -   3047762   99.00    1.00    0.00    0.00  100.00     0  |__CPU 0/TCG
06:29:25     1000         -   3047763    1.00    0.00    0.00    0.00    1.00    19  |__CPU 1/TCG
06:29:25     1000         -   3047764  100.00    0.00    0.00    0.00  100.00     4  |__CPU 2/TCG
06:29:25     1000         -   3047765    0.00    0.00    0.00    0.00    0.00     2  |__CPU 3/TCG
06:29:26     1000   3047740         -  201.00    2.00    0.00    0.00  203.00    18  qemu-system-aar
06:29:26     1000         -   3047740    1.00    2.00    0.00    0.00    3.00    18  |__qemu-system-aar
06:29:26     1000         -   3047747    0.00    0.00    0.00    0.00    0.00     1  |__call_rcu
06:29:26     1000         -   3047762   99.00    0.00    0.00    0.00   99.00    16  |__CPU 0/TCG
06:29:26     1000         -   3047763    0.00    0.00    0.00    0.00    0.00    19  |__CPU 1/TCG
06:29:26     1000         -   3047764   99.00    1.00    0.00    0.00  100.00     4  |__CPU 2/TCG
06:29:26     1000         -   3047765    0.00    0.00    0.00    0.00    0.00     2  |__CPU 3/TCG
06:29:27     1000   3047740         -  200.00    2.00    0.00    0.00  202.00    17  qemu-system-aar
06:29:27     1000         -   3047740    1.00    3.00    0.00    0.00    4.00    17  |__qemu-system-aar
06:29:27     1000         -   3047747    0.00    0.00    0.00    0.00    0.00     1  |__call_rcu
06:29:27     1000         -   3047762   99.00    1.00    0.00    0.00  100.00     0  |__CPU 0/TCG
06:29:27     1000         -   3047763    1.00    0.00    0.00    0.00    1.00    21  |__CPU 1/TCG
06:29:27     1000         -   3047764   99.00    0.00    0.00    0.00   99.00     4  |__CPU 2/TCG
06:29:27     1000         -   3047765    0.00    0.00    0.00    0.00    0.00     2  |__CPU 3/TCG
06:29:28     1000   3047740         -  200.00    3.00    0.00    0.00  203.00    17  qemu-system-aar
06:29:28     1000         -   3047740    1.00    2.00    0.00    0.00    3.00    17  |__qemu-system-aar
06:29:28     1000         -   3047747    0.00    0.00    0.00    0.00    0.00     1  |__call_rcu
06:29:28     1000         -   3047762   98.00    0.00    0.00    0.00   98.00     0  |__CPU 0/TCG
06:29:28     1000         -   3047763    0.00    0.00    0.00    0.00    0.00    21  |__CPU 1/TCG
06:29:28     1000         -   3047764   99.00    1.00    0.00    0.00  100.00     4  |__CPU 2/TCG
06:29:28     1000         -   3047765    0.00    0.00    0.00    0.00    0.00     2  |__CPU 3/TCG
06:29:29     1000   3047740         -  200.00    3.00    0.00    0.00  203.00    18  qemu-system-aar
06:29:29     1000         -   3047740    1.00    2.00    0.00    0.00    3.00    18  |__qemu-system-aar
06:29:29     1000         -   3047747    0.00    0.00    0.00    0.00    0.00     1  |__call_rcu
06:29:29     1000         -   3047762   99.00    1.00    0.00    0.00  100.00    16  |__CPU 0/TCG
06:29:29     1000         -   3047763    1.00    0.00    0.00    0.00    1.00    21  |__CPU 1/TCG
06:29:29     1000         -   3047764   98.00    1.00    0.00    0.00   99.00     4  |__CPU 2/TCG
06:29:29     1000         -   3047765    0.00    0.00    0.00    0.00    0.00     2  |__CPU 3/TCG
06:29:30     1000   3047740         -  200.00    3.00    0.00    0.00  203.00     7  qemu-system-aar
06:29:30     1000         -   3047740    1.00    2.00    0.00    0.00    3.00     7  |__qemu-system-aar
06:29:30     1000         -   3047747    0.00    0.00    0.00    0.00    0.00     1  |__call_rcu
06:29:30     1000         -   3047762   99.00    0.00    0.00    0.00   99.00    16  |__CPU 0/TCG
06:29:30     1000         -   3047763    0.00    0.00    0.00    0.00    0.00    21  |__CPU 1/TCG
06:29:30     1000         -   3047764   99.00    1.00    0.00    0.00  100.00     4  |__CPU 2/TCG
06:29:30     1000         -   3047765    0.00    0.00    0.00    0.00    0.00     2  |__CPU 3/TCG
06:29:31     1000   3047740         -  200.00    2.00    0.00    0.00  202.00    22  qemu-system-aar
06:29:31     1000         -   3047740    2.00    2.00    0.00    0.00    4.00    22  |__qemu-system-aar
06:29:31     1000         -   3047747    0.00    0.00    0.00    0.00    0.00     1  |__call_rcu
06:29:31     1000         -   3047762   99.00    0.00    0.00    0.00   99.00    16  |__CPU 0/TCG
06:29:31     1000         -   3047763    1.00    0.00    0.00    0.00    1.00    21  |__CPU 1/TCG
06:29:31     1000         -   3047764   98.00    1.00    0.00    0.00   99.00     4  |__CPU 2/TCG
06:29:31     1000         -   3047765    0.00    0.00    0.00    0.00    0.00     2  |__CPU 3/TCG
06:29:32     1000   3047740         -  200.00    3.00    0.00    0.00  203.00    22  qemu-system-aar
06:29:32     1000         -   3047740    1.00    3.00    0.00    0.00    4.00    22  |__qemu-system-aar
06:29:32     1000         -   3047747    0.00    0.00    0.00    0.00    0.00     1  |__call_rcu
06:29:32     1000         -   3047762   99.00    1.00    0.00    0.00  100.00    16  |__CPU 0/TCG
06:29:32     1000         -   3047763    1.00    0.00    0.00    0.00    1.00    21  |__CPU 1/TCG
06:29:32     1000         -   3047764   99.00    1.00    0.00    0.00  100.00     4  |__CPU 2/TCG
06:29:32     1000         -   3047765    0.00    0.00    0.00    0.00    0.00     2  |__CPU 3/TCG
06:29:33     1000   3047740         -  202.00    1.00    0.00    0.00  203.00     5  qemu-system-aar
06:29:33     1000         -   3047740    1.00    2.00    0.00    0.00    3.00     5  |__qemu-system-aar
06:29:33     1000         -   3047747    0.00    0.00    0.00    0.00    0.00     1  |__call_rcu
06:29:33     1000         -   3047762   99.00    0.00    0.00    0.00   99.00    16  |__CPU 0/TCG
06:29:33     1000         -   3047763    0.00    0.00    0.00    0.00    0.00    23  |__CPU 1/TCG
06:29:33     1000         -   3047764   99.00    1.00    0.00    0.00  100.00     4  |__CPU 2/TCG
06:29:33     1000         -   3047765    0.00    0.00    0.00    0.00    0.00     2  |__CPU 3/TCG
06:29:34     1000   3047740         -  199.00    3.00    0.00    0.00  202.00    18  qemu-system-aar
06:29:34     1000         -   3047740    1.00    2.00    0.00    0.00    3.00    18  |__qemu-system-aar
06:29:34     1000         -   3047747    0.00    0.00    0.00    0.00    0.00     1  |__call_rcu
06:29:34     1000         -   3047762   99.00    0.00    0.00    0.00   99.00    16  |__CPU 0/TCG
06:29:34     1000         -   3047763    1.00    0.00    0.00    0.00    1.00    21  |__CPU 1/TCG
06:29:34     1000         -   3047764   99.00    1.00    0.00    0.00  100.00     4  |__CPU 2/TCG
06:29:34     1000         -   3047765    0.00    0.00    0.00    0.00    0.00     2  |__CPU 3/TCG
06:29:35     1000   3047740         -  201.00    3.00    0.00    0.00  204.00    17  qemu-system-aar
06:29:35     1000         -   3047740    1.00    2.00    0.00    0.00    3.00    17  |__qemu-system-aar
06:29:35     1000         -   3047747    0.00    0.00    0.00    0.00    0.00     1  |__call_rcu
06:29:35     1000         -   3047762   99.00    1.00    0.00    0.00  100.00     0  |__CPU 0/TCG
06:29:35     1000         -   3047763    0.00    0.00    0.00    0.00    0.00    21  |__CPU 1/TCG
06:29:35     1000         -   3047764   99.00    1.00    0.00    0.00  100.00     4  |__CPU 2/TCG
06:29:35     1000         -   3047765    0.00    0.00    0.00    0.00    0.00     2  |__CPU 3/TCG
06:29:36     1000   3047740         -  201.00    2.00    0.00    0.00  203.00    17  qemu-system-aar
06:29:36     1000         -   3047740    2.00    2.00    0.00    0.00    4.00    17  |__qemu-system-aar
06:29:36     1000         -   3047747    0.00    0.00    0.00    0.00    0.00     1  |__call_rcu
06:29:36     1000         -   3047762   99.00    0.00    0.00    0.00   99.00     0  |__CPU 0/TCG
06:29:36     1000         -   3047763    1.00    0.00    0.00    0.00    1.00    21  |__CPU 1/TCG
06:29:36     1000         -   3047764   99.00    0.00    0.00    0.00   99.00     4  |__CPU 2/TCG
06:29:36     1000         -   3047765    0.00    0.00    0.00    0.00    0.00     2  |__CPU 3/TCG
06:29:37     1000   3047740         -  201.00    1.00    0.00    0.00  202.00    17  qemu-system-aar
06:29:37     1000         -   3047740    0.00    2.00    0.00    0.00    2.00    17  |__qemu-system-aar
06:29:37     1000         -   3047747    0.00    0.00    0.00    0.00    0.00     1  |__call_rcu
06:29:37     1000         -   3047762   99.00    0.00    0.00    0.00   99.00     0  |__CPU 0/TCG
06:29:37     1000         -   3047763    0.00    0.00    0.00    0.00    0.00    21  |__CPU 1/TCG
06:29:37     1000         -   3047764   99.00    1.00    0.00    0.00  100.00     4  |__CPU 2/TCG
06:29:37     1000         -   3047765    0.00    0.00    0.00    0.00    0.00     2  |__CPU 3/TCG
06:29:38     1000   3047740         -  200.00    3.00    0.00    0.00  203.00     5  qemu-system-aar
06:29:38     1000         -   3047740    2.00    2.00    0.00    0.00    4.00     5  |__qemu-system-aar
06:29:38     1000         -   3047747    0.00    0.00    0.00    0.00    0.00     1  |__call_rcu
06:29:38     1000         -   3047762   99.00    0.00    0.00    0.00   99.00    16  |__CPU 0/TCG
06:29:38     1000         -   3047763    1.00    0.00    0.00    0.00    1.00    21  |__CPU 1/TCG
06:29:38     1000         -   3047764   98.00    1.00    0.00    0.00   99.00     4  |__CPU 2/TCG
06:29:38     1000         -   3047765    0.00    0.00    0.00    0.00    0.00     2  |__CPU 3/TCG
06:29:39     1000   3047740         -  200.00    2.00    0.00    0.00  202.00     2  qemu-system-aar
06:29:39     1000         -   3047740    1.00    3.00    0.00    0.00    4.00     2  |__qemu-system-aar
06:29:39     1000         -   3047747    0.00    0.00    0.00    0.00    0.00     1  |__call_rcu
06:29:39     1000         -   3047762   99.00    0.00    0.00    0.00   99.00    16  |__CPU 0/TCG
06:29:39     1000         -   3047763    0.00    0.00    0.00    0.00    0.00     5  |__CPU 1/TCG
06:29:39     1000         -   3047764   99.00    1.00    0.00    0.00  100.00     4  |__CPU 2/TCG
06:29:39     1000         -   3047765    0.00    0.00    0.00    0.00    0.00     2  |__CPU 3/TCG
06:29:40     1000   3047740         -  200.00    3.00    0.00    0.00  203.00     6  qemu-system-aar
06:29:40     1000         -   3047740    1.00    2.00    0.00    0.00    3.00     6  |__qemu-system-aar
06:29:40     1000         -   3047747    0.00    0.00    0.00    0.00    0.00     1  |__call_rcu
06:29:40     1000         -   3047762   99.00    1.00    0.00    0.00  100.00    16  |__CPU 0/TCG
06:29:40     1000         -   3047763    1.00    0.00    0.00    0.00    1.00     3  |__CPU 1/TCG
06:29:40     1000         -   3047764   99.00    1.00    0.00    0.00  100.00     4  |__CPU 2/TCG
06:29:40     1000         -   3047765    0.00    0.00    0.00    0.00    0.00     2  |__CPU 3/TCG
06:29:41     1000   3047740         -  200.00    2.00    0.00    0.00  202.00     6  qemu-system-aar
06:29:41     1000         -   3047740    1.00    2.00    0.00    0.00    3.00     6  |__qemu-system-aar
06:29:41     1000         -   3047747    0.00    0.00    0.00    0.00    0.00     1  |__call_rcu
06:29:41     1000         -   3047762   99.00    0.00    0.00    0.00   99.00     0  |__CPU 0/TCG
06:29:41     1000         -   3047763    0.00    0.00    0.00    0.00    0.00     3  |__CPU 1/TCG
06:29:41     1000         -   3047764   99.00    1.00    0.00    0.00  100.00     4  |__CPU 2/TCG
06:29:41     1000         -   3047765    0.00    0.00    0.00    0.00    0.00     2  |__CPU 3/TCG
06:29:42     1000   3047740         -  201.00    2.00    0.00    0.00  203.00     5  qemu-system-aar
06:29:42     1000         -   3047740    1.00    2.00    0.00    0.00    3.00     5  |__qemu-system-aar
06:29:42     1000         -   3047747    0.00    0.00    0.00    0.00    0.00     1  |__call_rcu
06:29:42     1000         -   3047762   99.00    1.00    0.00    0.00  100.00     0  |__CPU 0/TCG
06:29:42     1000         -   3047763    1.00    0.00    0.00    0.00    1.00     2  |__CPU 1/TCG
06:29:42     1000         -   3047764   98.00    1.00    0.00    0.00   99.00     4  |__CPU 2/TCG
06:29:42     1000         -   3047765    0.00    0.00    0.00    0.00    0.00     2  |__CPU 3/TCG
06:29:43     1000   3047740         -  199.00    4.00    0.00    0.00  203.00     7  qemu-system-aar
06:29:43     1000         -   3047740    1.00    1.00    0.00    0.00    2.00     7  |__qemu-system-aar
06:29:43     1000         -   3047747    0.00    0.00    0.00    0.00    0.00     1  |__call_rcu
06:29:43     1000         -   3047762   98.00    1.00    0.00    0.00   99.00     0  |__CPU 0/TCG
06:29:43     1000         -   3047763    0.00    0.00    0.00    0.00    0.00     3  |__CPU 1/TCG
06:29:43     1000         -   3047764   99.00    1.00    0.00    0.00  100.00     4  |__CPU 2/TCG
06:29:43     1000         -   3047765    0.00    0.00    0.00    0.00    0.00     2  |__CPU 3/TCG
06:29:44     1000   3047740         -  199.00    3.00    0.00    0.00  202.00     2  qemu-system-aar
06:29:44     1000         -   3047740    2.00    2.00    0.00    0.00    4.00     2  |__qemu-system-aar
06:29:44     1000         -   3047747    0.00    0.00    0.00    0.00    0.00     1  |__call_rcu
06:29:44     1000         -   3047762   99.00    0.00    0.00    0.00   99.00    16  |__CPU 0/TCG
06:29:44     1000         -   3047763    1.00    0.00    0.00    0.00    1.00    17  |__CPU 1/TCG
06:29:44     1000         -   3047764   98.00    2.00    0.00    0.00  100.00     4  |__CPU 2/TCG
06:29:44     1000         -   3047765    0.00    0.00    0.00    0.00    0.00     2  |__CPU 3/TCG
06:29:45     1000   3047740         -  202.00    1.00    0.00    0.00  203.00     7  qemu-system-aar
06:29:45     1000         -   3047740    1.00    2.00    0.00    0.00    3.00     7  |__qemu-system-aar
06:29:45     1000         -   3047747    0.00    0.00    0.00    0.00    0.00     1  |__call_rcu
06:29:45     1000         -   3047762   99.00    0.00    0.00    0.00   99.00    16  |__CPU 0/TCG
06:29:45     1000         -   3047763    0.00    0.00    0.00    0.00    0.00     3  |__CPU 1/TCG
06:29:45     1000         -   3047764   99.00    0.00    0.00    0.00   99.00    20  |__CPU 2/TCG
06:29:45     1000         -   3047765    0.00    0.00    0.00    0.00    0.00     2  |__CPU 3/TCG
06:29:46     1000   3047740         -  198.00    4.00    0.00    0.00  202.00    17  qemu-system-aar
06:29:46     1000         -   3047740    2.00    2.00    0.00    0.00    4.00    17  |__qemu-system-aar
06:29:46     1000         -   3047747    0.00    0.00    0.00    0.00    0.00     1  |__call_rcu
06:29:46     1000         -   3047762   98.00    1.00    0.00    0.00   99.00    16  |__CPU 0/TCG
06:29:46     1000         -   3047763    1.00    0.00    0.00    0.00    1.00     6  |__CPU 1/TCG
06:29:46     1000         -   3047764   98.00    1.00    0.00    0.00   99.00    20  |__CPU 2/TCG
06:29:46     1000         -   3047765    0.00    0.00    0.00    0.00    0.00     2  |__CPU 3/TCG
06:29:47     1000   3047740         -  201.00    3.00    0.00    0.00  204.00     2  qemu-system-aar
06:29:47     1000         -   3047740    0.00    2.00    0.00    0.00    2.00     2  |__qemu-system-aar
06:29:47     1000         -   3047747    0.00    0.00    0.00    0.00    0.00     1  |__call_rcu
06:29:47     1000         -   3047762   99.00    0.00    0.00    0.00   99.00    16  |__CPU 0/TCG
06:29:47     1000         -   3047763    1.00    0.00    0.00    0.00    1.00     7  |__CPU 1/TCG
06:29:47     1000         -   3047764   99.00    1.00    0.00    0.00  100.00    20  |__CPU 2/TCG
06:29:47     1000         -   3047765    0.00    0.00    0.00    0.00    0.00     2  |__CPU 3/TCG
06:29:48     1000   3047740         -  200.00    2.00    0.00    0.00  202.00    19  qemu-system-aar
06:29:48     1000         -   3047740    2.00    2.00    0.00    0.00    4.00    19  |__qemu-system-aar
06:29:48     1000         -   3047747    0.00    0.00    0.00    0.00    0.00     1  |__call_rcu
06:29:48     1000         -   3047762   99.00    1.00    0.00    0.00  100.00    16  |__CPU 0/TCG
06:29:48     1000         -   3047763    0.00    0.00    0.00    0.00    0.00     6  |__CPU 1/TCG
06:29:48     1000         -   3047764   99.00    1.00    0.00    0.00  100.00    20  |__CPU 2/TCG
06:29:48     1000         -   3047765    0.00    0.00    0.00    0.00    0.00     2  |__CPU 3/TCG
06:29:49     1000   3047740         -  199.00    4.00    0.00    0.00  203.00    18  qemu-system-aar
06:29:49     1000         -   3047740    1.00    3.00    0.00    0.00    4.00    18  |__qemu-system-aar
06:29:49     1000         -   3047747    0.00    0.00    0.00    0.00    0.00     1  |__call_rcu
06:29:49     1000         -   3047762   99.00    0.00    0.00    0.00   99.00    16  |__CPU 0/TCG
06:29:49     1000         -   3047763    1.00    0.00    0.00    0.00    1.00    19  |__CPU 1/TCG
06:29:49     1000         -   3047764   99.00    1.00    0.00    0.00  100.00    20  |__CPU 2/TCG
06:29:49     1000         -   3047765    0.00    0.00    0.00    0.00    0.00     2  |__CPU 3/TCG
06:29:50     1000   3047740         -  200.00    3.00    0.00    0.00  203.00    17  qemu-system-aar
06:29:50     1000         -   3047740    1.00    1.00    0.00    0.00    2.00    17  |__qemu-system-aar
06:29:50     1000         -   3047747    0.00    0.00    0.00    0.00    0.00     1  |__call_rcu
06:29:50     1000         -   3047762   98.00    1.00    0.00    0.00   99.00    16  |__CPU 0/TCG
06:29:50     1000         -   3047763    0.00    0.00    0.00    0.00    0.00    21  |__CPU 1/TCG
06:29:50     1000         -   3047764   99.00    1.00    0.00    0.00  100.00    20  |__CPU 2/TCG
06:29:50     1000         -   3047765    0.00    0.00    0.00    0.00    0.00     2  |__CPU 3/TCG
06:29:51     1000   3047740         -  200.00    2.00    0.00    0.00  202.00    17  qemu-system-aar
06:29:51     1000         -   3047740    1.00    2.00    0.00    0.00    3.00    17  |__qemu-system-aar
06:29:51     1000         -   3047747    0.00    0.00    0.00    0.00    0.00     1  |__call_rcu
06:29:51     1000         -   3047762   99.00    1.00    0.00    0.00  100.00    16  |__CPU 0/TCG
06:29:51     1000         -   3047763    1.00    0.00    0.00    0.00    1.00    21  |__CPU 1/TCG
06:29:51     1000         -   3047764   99.00    0.00    0.00    0.00   99.00    20  |__CPU 2/TCG
06:29:51     1000         -   3047765    0.00    0.00    0.00    0.00    0.00     2  |__CPU 3/TCG
06:29:52     1000   3047740         -  200.00    3.00    0.00    0.00  203.00     7  qemu-system-aar
06:29:52     1000         -   3047740    1.00    3.00    0.00    0.00    4.00     7  |__qemu-system-aar
06:29:52     1000         -   3047747    0.00    0.00    0.00    0.00    0.00     1  |__call_rcu
06:29:52     1000         -   3047762   99.00    0.00    0.00    0.00   99.00    16  |__CPU 0/TCG
06:29:52     1000         -   3047763    0.00    0.00    0.00    0.00    0.00    21  |__CPU 1/TCG
06:29:52     1000         -   3047764   99.00    1.00    0.00    0.00  100.00    20  |__CPU 2/TCG
06:29:52     1000         -   3047765    0.00    0.00    0.00    0.00    0.00     2  |__CPU 3/TCG
06:29:53     1000   3047740         -  201.00    2.00    0.00    0.00  203.00    23  qemu-system-aar
06:29:53     1000         -   3047740    2.00    1.00    0.00    0.00    3.00    23  |__qemu-system-aar
06:29:53     1000         -   3047747    0.00    0.00    0.00    0.00    0.00     1  |__call_rcu
06:29:53     1000         -   3047762   99.00    0.00    0.00    0.00   99.00    16  |__CPU 0/TCG
06:29:53     1000         -   3047763    1.00    0.00    0.00    0.00    1.00    19  |__CPU 1/TCG
06:29:53     1000         -   3047764   99.00    0.00    0.00    0.00   99.00    20  |__CPU 2/TCG
06:29:53     1000         -   3047765    0.00    0.00    0.00    0.00    0.00     2  |__CPU 3/TCG
06:29:54     1000   3047740         -  199.00    3.00    0.00    0.00  202.00    22  qemu-system-aar
06:29:54     1000         -   3047740    1.00    3.00    0.00    0.00    4.00    22  |__qemu-system-aar
06:29:54     1000         -   3047747    0.00    0.00    0.00    0.00    0.00     1  |__call_rcu
06:29:54     1000         -   3047762   98.00    2.00    0.00    0.00  100.00    16  |__CPU 0/TCG
06:29:54     1000         -   3047763    0.00    0.00    0.00    0.00    0.00    19  |__CPU 1/TCG
06:29:54     1000         -   3047764   99.00    1.00    0.00    0.00  100.00    20  |__CPU 2/TCG
06:29:54     1000         -   3047765    0.00    0.00    0.00    0.00    0.00     2  |__CPU 3/TCG
06:29:55     1000   3047740         -  200.00    3.00    0.00    0.00  203.00     0  qemu-system-aar
06:29:55     1000         -   3047740    1.00    2.00    0.00    0.00    3.00     0  |__qemu-system-aar
06:29:55     1000         -   3047747    0.00    0.00    0.00    0.00    0.00     1  |__call_rcu
06:29:55     1000         -   3047762   99.00    0.00    0.00    0.00   99.00    16  |__CPU 0/TCG
06:29:55     1000         -   3047763    1.00    0.00    0.00    0.00    1.00    19  |__CPU 1/TCG
06:29:55     1000         -   3047764   98.00    1.00    0.00    0.00   99.00    20  |__CPU 2/TCG
06:29:55     1000         -   3047765    0.00    0.00    0.00    0.00    0.00     2  |__CPU 3/TCG
06:29:56     1000   3047740         -  200.00    3.00    0.00    0.00  203.00    23  qemu-system-aar
06:29:56     1000         -   3047740    2.00    2.00    0.00    0.00    4.00    23  |__qemu-system-aar
06:29:56     1000         -   3047747    0.00    0.00    0.00    0.00    0.00     1  |__call_rcu
06:29:56     1000         -   3047762   99.00    0.00    0.00    0.00   99.00     0  |__CPU 0/TCG
06:29:56     1000         -   3047763    0.00    0.00    0.00    0.00    0.00    19  |__CPU 1/TCG
06:29:56     1000         -   3047764   98.00    2.00    0.00    0.00  100.00    20  |__CPU 2/TCG
06:29:56     1000         -   3047765    0.00    0.00    0.00    0.00    0.00     2  |__CPU 3/TCG
06:29:57     1000   3047740         -  200.00    3.00    0.00    0.00  203.00    23  qemu-system-aar
06:29:57     1000         -   3047740    1.00    2.00    0.00    0.00    3.00    23  |__qemu-system-aar
06:29:57     1000         -   3047747    0.00    0.00    0.00    0.00    0.00     1  |__call_rcu
06:29:57     1000         -   3047762   99.00    1.00    0.00    0.00  100.00     0  |__CPU 0/TCG
06:29:57     1000         -   3047763    0.00    0.00    0.00    0.00    0.00    19  |__CPU 1/TCG
06:29:57     1000         -   3047764   99.00    1.00    0.00    0.00  100.00    20  |__CPU 2/TCG
06:29:57     1000         -   3047765    0.00    0.00    0.00    0.00    0.00     2  |__CPU 3/TCG
06:29:58     1000   3047740         -  199.00    3.00    0.00    0.00  202.00    23  qemu-system-aar
06:29:58     1000         -   3047740    0.00    3.00    0.00    0.00    3.00    23  |__qemu-system-aar
06:29:58     1000         -   3047747    0.00    0.00    0.00    0.00    0.00     1  |__call_rcu
06:29:58     1000         -   3047762   99.00    0.00    0.00    0.00   99.00     0  |__CPU 0/TCG
06:29:58     1000         -   3047763    1.00    0.00    0.00    0.00    1.00    19  |__CPU 1/TCG
06:29:58     1000         -   3047764   99.00    1.00    0.00    0.00  100.00    20  |__CPU 2/TCG
06:29:58     1000         -   3047765    0.00    0.00    0.00    0.00    0.00     2  |__CPU 3/TCG
06:29:59     1000   3047740         -  201.00    2.00    0.00    0.00  203.00     2  qemu-system-aar
06:29:59     1000         -   3047740    2.00    1.00    0.00    0.00    3.00     2  |__qemu-system-aar
06:29:59     1000         -   3047747    0.00    0.00    0.00    0.00    0.00     1  |__call_rcu
06:29:59     1000         -   3047762   99.00    0.00    0.00    0.00   99.00     0  |__CPU 0/TCG
06:29:59     1000         -   3047763    0.00    0.00    0.00    0.00    0.00    19  |__CPU 1/TCG
06:29:59     1000         -   3047764   98.00    1.00    0.00    0.00   99.00    20  |__CPU 2/TCG
06:29:59     1000         -   3047765    0.00    0.00    0.00    0.00    0.00     2  |__CPU 3/TCG
06:30:00     1000   3047740         -  201.00    2.00    0.00    0.00  203.00     2  qemu-system-aar
06:30:00     1000         -   3047740    1.00    3.00    0.00    0.00    4.00     2  |__qemu-system-aar
06:30:00     1000         -   3047747    0.00    0.00    0.00    0.00    0.00     1  |__call_rcu
06:30:00     1000         -   3047762   99.00    0.00    0.00    0.00   99.00     0  |__CPU 0/TCG
06:30:00     1000         -   3047763    1.00    0.00    0.00    0.00    1.00     4  |__CPU 1/TCG
06:30:00     1000         -   3047764   99.00    1.00    0.00    0.00  100.00    20  |__CPU 2/TCG
06:30:00     1000         -   3047765    0.00    0.00    0.00    0.00    0.00     2  |__CPU 3/TCG
06:30:01     1000   3047740         -  200.00    3.00    0.00    0.00  203.00     5  qemu-system-aar
06:30:01     1000         -   3047740    1.00    2.00    0.00    0.00    3.00     5  |__qemu-system-aar
06:30:01     1000         -   3047747    0.00    0.00    0.00    0.00    0.00     1  |__call_rcu
06:30:01     1000         -   3047762   99.00    1.00    0.00    0.00  100.00     0  |__CPU 0/TCG
06:30:01     1000         -   3047763    1.00    0.00    0.00    0.00    1.00     4  |__CPU 1/TCG
06:30:01     1000         -   3047764   99.00    1.00    0.00    0.00  100.00    20  |__CPU 2/TCG
06:30:01     1000         -   3047765    0.00    0.00    0.00    0.00    0.00     2  |__CPU 3/TCG
06:30:02     1000   3047740         -  199.00    3.00    0.00    0.00  202.00     5  qemu-system-aar
06:30:02     1000         -   3047740    1.00    2.00    0.00    0.00    3.00     5  |__qemu-system-aar
06:30:02     1000         -   3047747    0.00    0.00    0.00    0.00    0.00     1  |__call_rcu
06:30:02     1000         -   3047762   99.00    0.00    0.00    0.00   99.00     0  |__CPU 0/TCG
06:30:02     1000         -   3047763    0.00    0.00    0.00    0.00    0.00     4  |__CPU 1/TCG
06:30:02     1000         -   3047764   98.00    1.00    0.00    0.00   99.00    20  |__CPU 2/TCG
06:30:02     1000         -   3047765    0.00    0.00    0.00    0.00    0.00     2  |__CPU 3/TCG
06:30:03     1000   3047740         -  200.00    3.00    0.00    0.00  203.00     5  qemu-system-aar
06:30:03     1000         -   3047740    0.00    3.00    0.00    0.00    3.00     5  |__qemu-system-aar
06:30:03     1000         -   3047747    0.00    0.00    0.00    0.00    0.00     1  |__call_rcu
06:30:03     1000         -   3047762   99.00    1.00    0.00    0.00  100.00     0  |__CPU 0/TCG
06:30:03     1000         -   3047763    1.00    0.00    0.00    0.00    1.00     4  |__CPU 1/TCG
06:30:03     1000         -   3047764   98.00    1.00    0.00    0.00   99.00    20  |__CPU 2/TCG
06:30:03     1000         -   3047765    0.00    0.00    0.00    0.00    0.00     2  |__CPU 3/TCG
06:30:04     1000   3047740         -  200.00    3.00    0.00    0.00  203.00     4  qemu-system-aar
06:30:04     1000         -   3047740    2.00    1.00    0.00    0.00    3.00     4  |__qemu-system-aar
06:30:04     1000         -   3047747    0.00    0.00    0.00    0.00    0.00     1  |__call_rcu
06:30:04     1000         -   3047762   99.00    0.00    0.00    0.00   99.00     0  |__CPU 0/TCG
06:30:04     1000         -   3047763    0.00    0.00    0.00    0.00    0.00     6  |__CPU 1/TCG
06:30:04     1000         -   3047764   99.00    2.00    0.00    0.00  101.00    20  |__CPU 2/TCG
06:30:04     1000         -   3047765    0.00    0.00    0.00    0.00    0.00     2  |__CPU 3/TCG
06:30:05     1000   3047740         -  200.00    3.00    0.00    0.00  203.00     5  qemu-system-aar
06:30:05     1000         -   3047740    1.00    3.00    0.00    0.00    4.00     5  |__qemu-system-aar
06:30:05     1000         -   3047747    0.00    0.00    0.00    0.00    0.00     1  |__call_rcu
06:30:05     1000         -   3047762   99.00    0.00    0.00    0.00   99.00     0  |__CPU 0/TCG
06:30:05     1000         -   3047763    1.00    0.00    0.00    0.00    1.00     4  |__CPU 1/TCG
06:30:05     1000         -   3047764   98.00    1.00    0.00    0.00   99.00    20  |__CPU 2/TCG
06:30:05     1000         -   3047765    0.00    0.00    0.00    0.00    0.00     2  |__CPU 3/TCG
06:30:06     1000   3047740         -  200.00    3.00    0.00    0.00  203.00     3  qemu-system-aar
06:30:06     1000         -   3047740    1.00    2.00    0.00    0.00    3.00     3  |__qemu-system-aar
06:30:06     1000         -   3047747    0.00    0.00    0.00    0.00    0.00     1  |__call_rcu
06:30:06     1000         -   3047762   98.00    1.00    0.00    0.00   99.00     0  |__CPU 0/TCG
06:30:06     1000         -   3047763    1.00    0.00    0.00    0.00    1.00     4  |__CPU 1/TCG
06:30:06     1000         -   3047764   99.00    1.00    0.00    0.00  100.00    20  |__CPU 2/TCG
06:30:06     1000         -   3047765    0.00    0.00    0.00    0.00    0.00     2  |__CPU 3/TCG
06:30:07     1000   3047740         -  200.00    3.00    0.00    0.00  203.00     3  qemu-system-aar
06:30:07     1000         -   3047740    1.00    2.00    0.00    0.00    3.00     3  |__qemu-system-aar
06:30:07     1000         -   3047747    0.00    0.00    0.00    0.00    0.00     1  |__call_rcu
06:30:07     1000         -   3047762   99.00    0.00    0.00    0.00   99.00     0  |__CPU 0/TCG
06:30:07     1000         -   3047763    0.00    0.00    0.00    0.00    0.00     6  |__CPU 1/TCG
06:30:07     1000         -   3047764   98.00    1.00    0.00    0.00   99.00    20  |__CPU 2/TCG
06:30:07     1000         -   3047765    0.00    0.00    0.00    0.00    0.00     2  |__CPU 3/TCG
06:30:08     1000   3047740         -  200.00    3.00    0.00    0.00  203.00     3  qemu-system-aar
06:30:08     1000         -   3047740    1.00    2.00    0.00    0.00    3.00     3  |__qemu-system-aar
06:30:08     1000         -   3047747    0.00    0.00    0.00    0.00    0.00     1  |__call_rcu
06:30:08     1000         -   3047762   99.00    0.00    0.00    0.00   99.00     0  |__CPU 0/TCG
06:30:08     1000         -   3047763    1.00    0.00    0.00    0.00    1.00     7  |__CPU 1/TCG
06:30:08     1000         -   3047764   99.00    1.00    0.00    0.00  100.00    20  |__CPU 2/TCG
06:30:08     1000         -   3047765    0.00    0.00    0.00    0.00    0.00     2  |__CPU 3/TCG
06:30:09     1000   3047740         -  199.00    3.00    0.00    0.00  202.00     6  qemu-system-aar
06:30:09     1000         -   3047740    2.00    2.00    0.00    0.00    4.00     6  |__qemu-system-aar
06:30:09     1000         -   3047747    0.00    0.00    0.00    0.00    0.00     1  |__call_rcu
06:30:09     1000         -   3047762   99.00    1.00    0.00    0.00  100.00     0  |__CPU 0/TCG
06:30:09     1000         -   3047763    0.00    0.00    0.00    0.00    0.00     5  |__CPU 1/TCG
06:30:09     1000         -   3047764   99.00    1.00    0.00    0.00  100.00    20  |__CPU 2/TCG
06:30:09     1000         -   3047765    0.00    0.00    0.00    0.00    0.00     2  |__CPU 3/TCG
06:30:10     1000   3047740         -  200.00    3.00    0.00    0.00  203.00    21  qemu-system-aar
06:30:10     1000         -   3047740    1.00    2.00    0.00    0.00    3.00    21  |__qemu-system-aar
06:30:10     1000         -   3047747    0.00    0.00    0.00    0.00    0.00     1  |__call_rcu
06:30:10     1000         -   3047762   98.00    1.00    0.00    0.00   99.00     0  |__CPU 0/TCG
06:30:10     1000         -   3047763    1.00    0.00    0.00    0.00    1.00     6  |__CPU 1/TCG
06:30:10     1000         -   3047764   99.00    1.00    0.00    0.00  100.00    20  |__CPU 2/TCG
06:30:10     1000         -   3047765    0.00    0.00    0.00    0.00    0.00     2  |__CPU 3/TCG
06:30:11     1000   3047740         -  199.00    3.00    0.00    0.00  202.00    18  qemu-system-aar
06:30:11     1000         -   3047740    1.00    2.00    0.00    0.00    3.00    18  |__qemu-system-aar
06:30:11     1000         -   3047747    0.00    0.00    0.00    0.00    0.00     1  |__call_rcu
06:30:11     1000         -   3047762   99.00    1.00    0.00    0.00  100.00     0  |__CPU 0/TCG
06:30:11     1000         -   3047763    0.00    0.00    0.00    0.00    0.00     6  |__CPU 1/TCG
06:30:11     1000         -   3047764   98.00    1.00    0.00    0.00   99.00    20  |__CPU 2/TCG
06:30:11     1000         -   3047765    0.00    0.00    0.00    0.00    0.00     2  |__CPU 3/TCG
06:30:12     1000   3047740         -  199.00    5.00    0.00    0.00  204.00     5  qemu-system-aar
06:30:12     1000         -   3047740    1.00    3.00    0.00    0.00    4.00     5  |__qemu-system-aar
06:30:12     1000         -   3047747    0.00    0.00    0.00    0.00    0.00     1  |__call_rcu
06:30:12     1000         -   3047762   99.00    0.00    0.00    0.00   99.00     0  |__CPU 0/TCG
06:30:12     1000         -   3047763    1.00    0.00    0.00    0.00    1.00     6  |__CPU 1/TCG
06:30:12     1000         -   3047764   98.00    1.00    0.00    0.00   99.00     4  |__CPU 2/TCG
06:30:12     1000         -   3047765    0.00    0.00    0.00    0.00    0.00     2  |__CPU 3/TCG
06:30:13     1000   3047740         -  200.00    2.00    0.00    0.00  202.00     5  qemu-system-aar
06:30:13     1000         -   3047740    1.00    2.00    0.00    0.00    3.00     5  |__qemu-system-aar
06:30:13     1000         -   3047747    0.00    0.00    0.00    0.00    0.00     1  |__call_rcu
06:30:13     1000         -   3047762   98.00    1.00    0.00    0.00   99.00     0  |__CPU 0/TCG
06:30:13     1000         -   3047763    0.00    0.00    0.00    0.00    0.00     7  |__CPU 1/TCG
06:30:13     1000         -   3047764   99.00    1.00    0.00    0.00  100.00     4  |__CPU 2/TCG
06:30:13     1000         -   3047765    0.00    0.00    0.00    0.00    0.00     2  |__CPU 3/TCG
06:30:14     1000   3047740         -  200.00    3.00    0.00    0.00  203.00     7  qemu-system-aar
06:30:14     1000         -   3047740    1.00    2.00    0.00    0.00    3.00     7  |__qemu-system-aar
06:30:14     1000         -   3047747    0.00    0.00    0.00    0.00    0.00     1  |__call_rcu
06:30:14     1000         -   3047762   99.00    0.00    0.00    0.00   99.00    16  |__CPU 0/TCG
06:30:14     1000         -   3047763    0.00    1.00    0.00    0.00    1.00    17  |__CPU 1/TCG
06:30:14     1000         -   3047764   99.00    1.00    0.00    0.00  100.00     4  |__CPU 2/TCG
06:30:14     1000         -   3047765    0.00    0.00    0.00    0.00    0.00     2  |__CPU 3/TCG
06:30:15     1000   3047740         -  199.00    3.00    0.00    0.00  202.00     6  qemu-system-aar
06:30:15     1000         -   3047740    1.00    3.00    0.00    0.00    4.00     6  |__qemu-system-aar
06:30:15     1000         -   3047747    0.00    0.00    0.00    0.00    0.00     1  |__call_rcu
06:30:15     1000         -   3047762   98.00    1.00    0.00    0.00   99.00    16  |__CPU 0/TCG
06:30:15     1000         -   3047763    1.00    0.00    0.00    0.00    1.00    17  |__CPU 1/TCG
06:30:15     1000         -   3047764   98.00    2.00    0.00    0.00  100.00     4  |__CPU 2/TCG
06:30:15     1000         -   3047765    0.00    0.00    0.00    0.00    0.00     2  |__CPU 3/TCG
06:30:16     1000   3047740         -  199.00    4.00    0.00    0.00  203.00     7  qemu-system-aar
06:30:16     1000         -   3047740    1.00    2.00    0.00    0.00    3.00     7  |__qemu-system-aar
06:30:16     1000         -   3047747    0.00    0.00    0.00    0.00    0.00     1  |__call_rcu
06:30:16     1000         -   3047762   99.00    1.00    0.00    0.00  100.00    16  |__CPU 0/TCG
06:30:16     1000         -   3047763    0.00    0.00    0.00    0.00    0.00    17  |__CPU 1/TCG
06:30:16     1000         -   3047764   99.00    1.00    0.00    0.00  100.00    20  |__CPU 2/TCG
06:30:16     1000         -   3047765    0.00    0.00    0.00    0.00    0.00     2  |__CPU 3/TCG
06:30:17     1000   3047740         -  200.00    3.00    0.00    0.00  203.00    19  qemu-system-aar
06:30:17     1000         -   3047740    2.00    1.00    0.00    0.00    3.00    19  |__qemu-system-aar
06:30:17     1000         -   3047747    0.00    0.00    0.00    0.00    0.00     1  |__call_rcu
06:30:17     1000         -   3047762   98.00    1.00    0.00    0.00   99.00    16  |__CPU 0/TCG
06:30:17     1000         -   3047763    1.00    0.00    0.00    0.00    1.00    18  |__CPU 1/TCG
06:30:17     1000         -   3047764   98.00    1.00    0.00    0.00   99.00    20  |__CPU 2/TCG
06:30:17     1000         -   3047765    0.00    0.00    0.00    0.00    0.00     2  |__CPU 3/TCG
06:30:18     1000   3047740         -  200.00    3.00    0.00    0.00  203.00     7  qemu-system-aar
06:30:18     1000         -   3047740    1.00    2.00    0.00    0.00    3.00     7  |__qemu-system-aar
06:30:18     1000         -   3047747    0.00    0.00    0.00    0.00    0.00     1  |__call_rcu
06:30:18     1000         -   3047762   99.00    0.00    0.00    0.00   99.00    16  |__CPU 0/TCG
06:30:18     1000         -   3047763    0.00    0.00    0.00    0.00    0.00    18  |__CPU 1/TCG
06:30:18     1000         -   3047764   99.00    1.00    0.00    0.00  100.00    20  |__CPU 2/TCG
06:30:18     1000         -   3047765    0.00    0.00    0.00    0.00    0.00     2  |__CPU 3/TCG
06:30:19     1000   3047740         -  199.00    3.00    0.00    0.00  202.00    23  qemu-system-aar
06:30:19     1000         -   3047740    1.00    2.00    0.00    0.00    3.00    23  |__qemu-system-aar
06:30:19     1000         -   3047747    0.00    0.00    0.00    0.00    0.00     1  |__call_rcu
06:30:19     1000         -   3047762   99.00    1.00    0.00    0.00  100.00    16  |__CPU 0/TCG
06:30:19     1000         -   3047763    1.00    0.00    0.00    0.00    1.00    19  |__CPU 1/TCG
06:30:19     1000         -   3047764   99.00    0.00    0.00    0.00   99.00    20  |__CPU 2/TCG
06:30:19     1000         -   3047765    0.00    0.00    0.00    0.00    0.00     2  |__CPU 3/TCG
06:30:20     1000   3047740         -  201.00    2.00    0.00    0.00  203.00     1  qemu-system-aar
06:30:20     1000         -   3047740    2.00    2.00    0.00    0.00    4.00     1  |__qemu-system-aar
06:30:20     1000         -   3047747    0.00    0.00    0.00    0.00    0.00     1  |__call_rcu
06:30:20     1000         -   3047762   99.00    0.00    0.00    0.00   99.00    16  |__CPU 0/TCG
06:30:20     1000         -   3047763    1.00    0.00    0.00    0.00    1.00    18  |__CPU 1/TCG
06:30:20     1000         -   3047764   99.00    1.00    0.00    0.00  100.00    20  |__CPU 2/TCG
06:30:20     1000         -   3047765    0.00    0.00    0.00    0.00    0.00     2  |__CPU 3/TCG
06:30:21     1000   3047740         -  201.00    1.00    0.00    0.00  202.00    22  qemu-system-aar
06:30:21     1000         -   3047740    0.00    1.00    0.00    0.00    1.00    22  |__qemu-system-aar
06:30:21     1000         -   3047747    0.00    0.00    0.00    0.00    0.00     1  |__call_rcu
06:30:21     1000         -   3047762   99.00    0.00    0.00    0.00   99.00    16  |__CPU 0/TCG
06:30:21     1000         -   3047763    0.00    0.00    0.00    0.00    0.00    19  |__CPU 1/TCG
06:30:21     1000         -   3047764   99.00    0.00    0.00    0.00   99.00    20  |__CPU 2/TCG
06:30:21     1000         -   3047765    0.00    0.00    0.00    0.00    0.00     2  |__CPU 3/TCG
06:30:22     1000   3047740         -  201.00    0.00    0.00    0.00  201.00    23  qemu-system-aar
06:30:22     1000         -   3047740    1.00    1.00    0.00    0.00    2.00    23  |__qemu-system-aar
06:30:22     1000         -   3047747    0.00    0.00    0.00    0.00    0.00     1  |__call_rcu
06:30:22     1000         -   3047762  100.00    0.00    0.00    0.00  100.00    16  |__CPU 0/TCG
06:30:22     1000         -   3047763    1.00    0.00    0.00    0.00    1.00    18  |__CPU 1/TCG
06:30:22     1000         -   3047764  100.00    1.00    0.00    0.00  101.00    20  |__CPU 2/TCG
06:30:22     1000         -   3047765    0.00    0.00    0.00    0.00    0.00     2  |__CPU 3/TCG
06:30:23     1000   3047740         -  198.00    4.00    0.00    0.00  202.00    21  qemu-system-aar
06:30:23     1000         -   3047740    1.00    1.00    0.00    0.00    2.00    21  |__qemu-system-aar
06:30:23     1000         -   3047747    0.00    0.00    0.00    0.00    0.00     1  |__call_rcu
06:30:23     1000         -   3047762   98.00    2.00    0.00    0.00  100.00    16  |__CPU 0/TCG
06:30:23     1000         -   3047763    1.00    0.00    0.00    0.00    1.00    22  |__CPU 1/TCG
06:30:23     1000         -   3047764   98.00    1.00    0.00    0.00   99.00    20  |__CPU 2/TCG
06:30:23     1000         -   3047765    0.00    0.00    0.00    0.00    0.00     2  |__CPU 3/TCG
06:30:24     1000   3047740         -  200.00    3.00    0.00    0.00  203.00    21  qemu-system-aar
06:30:24     1000         -   3047740    1.00    2.00    0.00    0.00    3.00    21  |__qemu-system-aar
06:30:24     1000         -   3047747    0.00    0.00    0.00    0.00    0.00     1  |__call_rcu
06:30:24     1000         -   3047762   98.00    1.00    0.00    0.00   99.00    16  |__CPU 0/TCG
06:30:24     1000         -   3047763    0.00    0.00    0.00    0.00    0.00    19  |__CPU 1/TCG
06:30:24     1000         -   3047764   99.00    0.00    0.00    0.00   99.00    20  |__CPU 2/TCG
06:30:24     1000         -   3047765    0.00    0.00    0.00    0.00    0.00     2  |__CPU 3/TCG
06:30:25     1000   3047740         -  201.00    2.00    0.00    0.00  203.00     3  qemu-system-aar
06:30:25     1000         -   3047740    2.00    2.00    0.00    0.00    4.00     3  |__qemu-system-aar
06:30:25     1000         -   3047747    0.00    0.00    0.00    0.00    0.00     1  |__call_rcu
06:30:25     1000         -   3047762   99.00    0.00    0.00    0.00   99.00    16  |__CPU 0/TCG
06:30:25     1000         -   3047763    1.00    0.00    0.00    0.00    1.00    19  |__CPU 1/TCG
06:30:25     1000         -   3047764   98.00    1.00    0.00    0.00   99.00    20  |__CPU 2/TCG
06:30:25     1000         -   3047765    0.00    0.00    0.00    0.00    0.00     2  |__CPU 3/TCG
06:30:26     1000   3047740         -  200.00    2.00    0.00    0.00  202.00     5  qemu-system-aar
06:30:26     1000         -   3047740    1.00    2.00    0.00    0.00    3.00     5  |__qemu-system-aar
06:30:26     1000         -   3047747    0.00    0.00    0.00    0.00    0.00     1  |__call_rcu
06:30:26     1000         -   3047762   99.00    0.00    0.00    0.00   99.00    16  |__CPU 0/TCG
06:30:26     1000         -   3047763    0.00    0.00    0.00    0.00    0.00    19  |__CPU 1/TCG
06:30:26     1000         -   3047764   99.00    1.00    0.00    0.00  100.00    20  |__CPU 2/TCG
06:30:26     1000         -   3047765    0.00    0.00    0.00    0.00    0.00     2  |__CPU 3/TCG
06:30:27     1000   3047740         -  200.00    3.00    0.00    0.00  203.00     3  qemu-system-aar
06:30:27     1000         -   3047740    0.00    3.00    0.00    0.00    3.00     3  |__qemu-system-aar
06:30:27     1000         -   3047747    0.00    0.00    0.00    0.00    0.00     1  |__call_rcu
06:30:27     1000         -   3047762   99.00    1.00    0.00    0.00  100.00    16  |__CPU 0/TCG
06:30:27     1000         -   3047763    0.00    0.00    0.00    0.00    0.00    19  |__CPU 1/TCG
06:30:27     1000         -   3047764   99.00    1.00    0.00    0.00  100.00    20  |__CPU 2/TCG
06:30:27     1000         -   3047765    0.00    0.00    0.00    0.00    0.00     2  |__CPU 3/TCG
06:30:28     1000   3047740         -  200.00    3.00    0.00    0.00  203.00     7  qemu-system-aar
06:30:28     1000         -   3047740    1.00    2.00    0.00    0.00    3.00     7  |__qemu-system-aar
06:30:28     1000         -   3047747    0.00    0.00    0.00    0.00    0.00     1  |__call_rcu
06:30:28     1000         -   3047762   99.00    0.00    0.00    0.00   99.00    16  |__CPU 0/TCG
06:30:28     1000         -   3047763    0.00    0.00    0.00    0.00    0.00    19  |__CPU 1/TCG
06:30:28     1000         -   3047764   99.00    1.00    0.00    0.00  100.00     4  |__CPU 2/TCG
06:30:28     1000         -   3047765    0.00    0.00    0.00    0.00    0.00     2  |__CPU 3/TCG
06:30:29     1000   3047740         -  201.00    1.00    0.00    0.00  202.00     5  qemu-system-aar
06:30:29     1000         -   3047740    2.00    1.00    0.00    0.00    3.00     5  |__qemu-system-aar
06:30:29     1000         -   3047747    0.00    0.00    0.00    0.00    0.00     1  |__call_rcu
06:30:29     1000         -   3047762   99.00    0.00    0.00    0.00   99.00    16  |__CPU 0/TCG
06:30:29     1000         -   3047763    1.00    0.00    0.00    0.00    1.00    22  |__CPU 1/TCG
06:30:29     1000         -   3047764   99.00    0.00    0.00    0.00   99.00     4  |__CPU 2/TCG
06:30:29     1000         -   3047765    0.00    0.00    0.00    0.00    0.00     2  |__CPU 3/TCG
06:30:30     1000   3047740         -  199.00    4.00    0.00    0.00  203.00     6  qemu-system-aar
06:30:30     1000         -   3047740    1.00    2.00    0.00    0.00    3.00     6  |__qemu-system-aar
06:30:30     1000         -   3047747    0.00    0.00    0.00    0.00    0.00     1  |__call_rcu
06:30:30     1000         -   3047762   99.00    1.00    0.00    0.00  100.00    16  |__CPU 0/TCG
06:30:30     1000         -   3047763    0.00    0.00    0.00    0.00    0.00    22  |__CPU 1/TCG
06:30:30     1000         -   3047764   98.00    2.00    0.00    0.00  100.00    20  |__CPU 2/TCG
06:30:30     1000         -   3047765    0.00    0.00    0.00    0.00    0.00     2  |__CPU 3/TCG
06:30:31     1000   3047740         -  200.00    2.00    0.00    0.00  202.00     7  qemu-system-aar
06:30:31     1000         -   3047740    2.00    2.00    0.00    0.00    4.00     7  |__qemu-system-aar
06:30:31     1000         -   3047747    0.00    0.00    0.00    0.00    0.00     1  |__call_rcu
06:30:31     1000         -   3047762   99.00    0.00    0.00    0.00   99.00    16  |__CPU 0/TCG
06:30:31     1000         -   3047763    1.00    0.00    0.00    0.00    1.00    22  |__CPU 1/TCG
06:30:31     1000         -   3047764   99.00    0.00    0.00    0.00   99.00    20  |__CPU 2/TCG
06:30:31     1000         -   3047765    0.00    0.00    0.00    0.00    0.00     2  |__CPU 3/TCG
06:30:32     1000   3047740         -  200.00    3.00    0.00    0.00  203.00     6  qemu-system-aar
06:30:32     1000         -   3047740    0.00    3.00    0.00    0.00    3.00     6  |__qemu-system-aar
06:30:32     1000         -   3047747    0.00    0.00    0.00    0.00    0.00     1  |__call_rcu
06:30:32     1000         -   3047762   98.00    1.00    0.00    1.00   99.00    16  |__CPU 0/TCG
06:30:32     1000         -   3047763    0.00    0.00    0.00    0.00    0.00    22  |__CPU 1/TCG
06:30:32     1000         -   3047764   99.00    1.00    0.00    0.00  100.00    20  |__CPU 2/TCG
06:30:32     1000         -   3047765    0.00    0.00    0.00    0.00    0.00     2  |__CPU 3/TCG
06:30:33     1000   3047740         -  200.00    3.00    0.00    0.00  203.00     3  qemu-system-aar
06:30:33     1000         -   3047740    1.00    2.00    0.00    0.00    3.00     3  |__qemu-system-aar
06:30:33     1000         -   3047747    0.00    0.00    0.00    0.00    0.00     1  |__call_rcu
06:30:33     1000         -   3047762   99.00    0.00    0.00    0.00   99.00    16  |__CPU 0/TCG
06:30:33     1000         -   3047763    1.00    0.00    0.00    0.00    1.00    22  |__CPU 1/TCG
06:30:33     1000         -   3047764   99.00    1.00    0.00    0.00  100.00    20  |__CPU 2/TCG
06:30:33     1000         -   3047765    0.00    0.00    0.00    0.00    0.00     2  |__CPU 3/TCG
06:30:34     1000   3047740         -  200.00    3.00    0.00    0.00  203.00     6  qemu-system-aar
06:30:34     1000         -   3047740    2.00    2.00    0.00    0.00    4.00     6  |__qemu-system-aar
06:30:34     1000         -   3047747    0.00    0.00    0.00    0.00    0.00     1  |__call_rcu
06:30:34     1000         -   3047762   99.00    1.00    0.00    0.00  100.00    16  |__CPU 0/TCG
06:30:34     1000         -   3047763    0.00    0.00    0.00    0.00    0.00    22  |__CPU 1/TCG
06:30:34     1000         -   3047764   98.00    2.00    0.00    0.00  100.00    20  |__CPU 2/TCG
06:30:34     1000         -   3047765    0.00    0.00    0.00    0.00    0.00     2  |__CPU 3/TCG
06:30:35     1000   3047740         -  199.00    3.00    0.00    0.00  202.00     6  qemu-system-aar
06:30:35     1000         -   3047740    1.00    2.00    0.00    0.00    3.00     6  |__qemu-system-aar
06:30:35     1000         -   3047747    0.00    0.00    0.00    0.00    0.00     1  |__call_rcu
06:30:35     1000         -   3047762   99.00    0.00    0.00    0.00   99.00    16  |__CPU 0/TCG
06:30:35     1000         -   3047763    0.00    0.00    0.00    0.00    0.00    22  |__CPU 1/TCG
06:30:35     1000         -   3047764   98.00    1.00    0.00    0.00   99.00    20  |__CPU 2/TCG
06:30:35     1000         -   3047765    0.00    0.00    0.00    0.00    0.00     2  |__CPU 3/TCG
06:30:36     1000   3047740         -  199.00    3.00    0.00    0.00  202.00     3  qemu-system-aar
06:30:36     1000         -   3047740    0.00    3.00    0.00    0.00    3.00     3  |__qemu-system-aar
06:30:36     1000         -   3047747    0.00    0.00    0.00    0.00    0.00     1  |__call_rcu
06:30:36     1000         -   3047762   99.00    0.00    0.00    0.00   99.00    16  |__CPU 0/TCG
06:30:36     1000         -   3047763    1.00    0.00    0.00    0.00    1.00    22  |__CPU 1/TCG
06:30:36     1000         -   3047764   99.00    1.00    0.00    0.00  100.00    20  |__CPU 2/TCG
06:30:36     1000         -   3047765    0.00    0.00    0.00    0.00    0.00     2  |__CPU 3/TCG
06:30:37     1000   3047740         -  200.00    3.00    0.00    0.00  203.00     6  qemu-system-aar
06:30:37     1000         -   3047740    2.00    1.00    0.00    0.00    3.00     6  |__qemu-system-aar
06:30:37     1000         -   3047747    0.00    0.00    0.00    0.00    0.00     1  |__call_rcu
06:30:37     1000         -   3047762   99.00    1.00    0.00    0.00  100.00    16  |__CPU 0/TCG
06:30:37     1000         -   3047763    0.00    0.00    0.00    0.00    0.00    22  |__CPU 1/TCG
06:30:37     1000         -   3047764   99.00    1.00    0.00    0.00  100.00    20  |__CPU 2/TCG
06:30:37     1000         -   3047765    0.00    0.00    0.00    0.00    0.00     2  |__CPU 3/TCG
06:30:38     1000   3047740         -  199.00    3.00    0.00    0.00  202.00     6  qemu-system-aar
06:30:38     1000         -   3047740    0.00    3.00    0.00    0.00    3.00     6  |__qemu-system-aar
06:30:38     1000         -   3047747    0.00    0.00    0.00    0.00    0.00     1  |__call_rcu
06:30:38     1000         -   3047762   99.00    0.00    0.00    0.00   99.00    16  |__CPU 0/TCG
06:30:38     1000         -   3047763    0.00    0.00    0.00    0.00    0.00    22  |__CPU 1/TCG
06:30:38     1000         -   3047764   99.00    1.00    0.00    0.00  100.00    20  |__CPU 2/TCG
06:30:38     1000         -   3047765    0.00    0.00    0.00    0.00    0.00     2  |__CPU 3/TCG
06:30:39     1000   3047740         -  199.00    4.00    0.00    0.00  203.00     7  qemu-system-aar
06:30:39     1000         -   3047740    1.00    3.00    0.00    0.00    4.00     7  |__qemu-system-aar
06:30:39     1000         -   3047747    0.00    0.00    0.00    0.00    0.00     1  |__call_rcu
06:30:39     1000         -   3047762   98.00    1.00    0.00    0.00   99.00    16  |__CPU 0/TCG
06:30:39     1000         -   3047763    1.00    0.00    0.00    0.00    1.00    22  |__CPU 1/TCG
06:30:39     1000         -   3047764   99.00    0.00    0.00    0.00   99.00    20  |__CPU 2/TCG
06:30:39     1000         -   3047765    0.00    0.00    0.00    0.00    0.00     2  |__CPU 3/TCG
06:30:40     1000   3047740         -  201.00    2.00    0.00    0.00  203.00    17  qemu-system-aar
06:30:40     1000         -   3047740    1.00    2.00    0.00    0.00    3.00    17  |__qemu-system-aar
06:30:40     1000         -   3047747    0.00    0.00    0.00    0.00    0.00     1  |__call_rcu
06:30:40     1000         -   3047762   99.00    0.00    0.00    0.00   99.00    16  |__CPU 0/TCG
06:30:40     1000         -   3047763    1.00    0.00    0.00    0.00    1.00     5  |__CPU 1/TCG
06:30:40     1000         -   3047764   99.00    1.00    0.00    0.00  100.00    20  |__CPU 2/TCG
06:30:40     1000         -   3047765    0.00    0.00    0.00    0.00    0.00     2  |__CPU 3/TCG
06:30:41     1000   3047740         -  200.00    3.00    0.00    0.00  203.00     7  qemu-system-aar
06:30:41     1000         -   3047740    1.00    2.00    0.00    0.00    3.00     7  |__qemu-system-aar
06:30:41     1000         -   3047747    0.00    0.00    0.00    0.00    0.00     1  |__call_rcu
06:30:41     1000         -   3047762   99.00    1.00    0.00    0.00  100.00    16  |__CPU 0/TCG
06:30:41     1000         -   3047763    0.00    0.00    0.00    0.00    0.00     5  |__CPU 1/TCG
06:30:41     1000         -   3047764   98.00    1.00    0.00    0.00   99.00    20  |__CPU 2/TCG
06:30:41     1000         -   3047765    0.00    0.00    0.00    0.00    0.00     2  |__CPU 3/TCG
06:30:42     1000   3047740         -  198.02    1.98    0.00    0.00  200.00    17  qemu-system-aar
06:30:42     1000         -   3047740    0.99    1.98    0.00    0.00    2.97    17  |__qemu-system-aar
06:30:42     1000         -   3047747    0.00    0.00    0.00    0.00    0.00     1  |__call_rcu
06:30:42     1000         -   3047762   98.02    0.99    0.00    0.00   99.01    16  |__CPU 0/TCG
06:30:42     1000         -   3047763    0.99    0.00    0.00    0.00    0.99    22  |__CPU 1/TCG
06:30:42     1000         -   3047764   98.02    0.99    0.00    0.00   99.01    20  |__CPU 2/TCG
06:30:42     1000         -   3047765    0.00    0.00    0.00    0.00    0.00     2  |__CPU 3/TCG
06:30:43     1000   3047740         -  201.00    3.00    0.00    0.00  204.00    17  qemu-system-aar
06:30:43     1000         -   3047740    1.00    2.00    0.00    0.00    3.00    17  |__qemu-system-aar
06:30:43     1000         -   3047747    0.00    0.00    0.00    0.00    0.00     1  |__call_rcu
06:30:43     1000         -   3047762   99.00    0.00    0.00    0.00   99.00    16  |__CPU 0/TCG
06:30:43     1000         -   3047763    1.00    0.00    0.00    0.00    1.00    22  |__CPU 1/TCG
06:30:43     1000         -   3047764   99.00    1.00    0.00    0.00  100.00    20  |__CPU 2/TCG
06:30:43     1000         -   3047765    0.00    0.00    0.00    0.00    0.00     2  |__CPU 3/TCG
06:30:44     1000   3047740         -  201.00    2.00    0.00    0.00  203.00    17  qemu-system-aar
06:30:44     1000         -   3047740    2.00    2.00    0.00    0.00    4.00    17  |__qemu-system-aar
06:30:44     1000         -   3047747    0.00    0.00    0.00    0.00    0.00     1  |__call_rcu
06:30:44     1000         -   3047762   99.00    0.00    0.00    0.00   99.00    16  |__CPU 0/TCG
06:30:44     1000         -   3047763    0.00    0.00    0.00    0.00    0.00    22  |__CPU 1/TCG
06:30:44     1000         -   3047764   99.00    1.00    0.00    0.00  100.00    20  |__CPU 2/TCG
06:30:44     1000         -   3047765    0.00    0.00    0.00    0.00    0.00     2  |__CPU 3/TCG
06:30:45     1000   3047740         -  199.00    3.00    0.00    0.00  202.00    17  qemu-system-aar
06:30:45     1000         -   3047740    1.00    2.00    0.00    0.00    3.00    17  |__qemu-system-aar
06:30:45     1000         -   3047747    0.00    0.00    0.00    0.00    0.00     1  |__call_rcu
06:30:45     1000         -   3047762   98.00    1.00    0.00    0.00   99.00    16  |__CPU 0/TCG
06:30:45     1000         -   3047763    1.00    0.00    0.00    0.00    1.00    22  |__CPU 1/TCG
06:30:45     1000         -   3047764   98.00    1.00    0.00    0.00   99.00    20  |__CPU 2/TCG
06:30:45     1000         -   3047765    0.00    0.00    0.00    0.00    0.00     2  |__CPU 3/TCG
06:30:46     1000   3047740         -  200.00    3.00    0.00    0.00  203.00    17  qemu-system-aar
06:30:46     1000         -   3047740    1.00    2.00    0.00    0.00    3.00    17  |__qemu-system-aar
06:30:46     1000         -   3047747    0.00    0.00    0.00    0.00    0.00     1  |__call_rcu
06:30:46     1000         -   3047762   99.00    0.00    0.00    0.00   99.00     0  |__CPU 0/TCG
06:30:46     1000         -   3047763    0.00    1.00    0.00    0.00    1.00    19  |__CPU 1/TCG
06:30:46     1000         -   3047764   99.00    1.00    0.00    0.00  100.00    20  |__CPU 2/TCG
06:30:46     1000         -   3047765    0.00    0.00    0.00    0.00    0.00     2  |__CPU 3/TCG
06:30:47     1000   3047740         -  199.00    3.00    0.00    0.00  202.00     7  qemu-system-aar
06:30:47     1000         -   3047740    0.00    3.00    0.00    0.00    3.00     7  |__qemu-system-aar
06:30:47     1000         -   3047747    0.00    0.00    0.00    0.00    0.00     1  |__call_rcu
06:30:47     1000         -   3047762   99.00    1.00    0.00    0.00  100.00     0  |__CPU 0/TCG
06:30:47     1000         -   3047763    0.00    0.00    0.00    0.00    0.00    19  |__CPU 1/TCG
06:30:47     1000         -   3047764   99.00    1.00    0.00    0.00  100.00    20  |__CPU 2/TCG
06:30:47     1000         -   3047765    0.00    0.00    0.00    0.00    0.00     2  |__CPU 3/TCG
06:30:48     1000   3047740         -  200.00    3.00    0.00    0.00  203.00     7  qemu-system-aar
06:30:48     1000         -   3047740    1.00    2.00    0.00    0.00    3.00     7  |__qemu-system-aar
06:30:48     1000         -   3047747    0.00    0.00    0.00    0.00    0.00     1  |__call_rcu
06:30:48     1000         -   3047762   99.00    0.00    0.00    0.00   99.00     0  |__CPU 0/TCG
06:30:48     1000         -   3047763    1.00    0.00    0.00    0.00    1.00    19  |__CPU 1/TCG
06:30:48     1000         -   3047764   99.00    0.00    0.00    0.00   99.00    20  |__CPU 2/TCG
06:30:48     1000         -   3047765    0.00    0.00    0.00    0.00    0.00     2  |__CPU 3/TCG
06:30:49     1000   3047740         -  201.00    2.00    0.00    0.00  203.00     1  qemu-system-aar
06:30:49     1000         -   3047740    2.00    2.00    0.00    0.00    4.00     1  |__qemu-system-aar
06:30:49     1000         -   3047747    0.00    0.00    0.00    0.00    0.00     1  |__call_rcu
06:30:49     1000         -   3047762   99.00    0.00    0.00    0.00   99.00     0  |__CPU 0/TCG
06:30:49     1000         -   3047763    1.00    0.00    0.00    0.00    1.00    19  |__CPU 1/TCG
06:30:49     1000         -   3047764   99.00    1.00    0.00    0.00  100.00     4  |__CPU 2/TCG
06:30:49     1000         -   3047765    0.00    0.00    0.00    0.00    0.00     2  |__CPU 3/TCG
06:30:50     1000   3047740         -  200.00    3.00    0.00    0.00  203.00    17  qemu-system-aar
06:30:50     1000         -   3047740    1.00    2.00    0.00    0.00    3.00    17  |__qemu-system-aar
06:30:50     1000         -   3047747    0.00    0.00    0.00    0.00    0.00     1  |__call_rcu
06:30:50     1000         -   3047762   99.00    1.00    0.00    0.00  100.00    16  |__CPU 0/TCG
06:30:50     1000         -   3047763    0.00    0.00    0.00    0.00    0.00    19  |__CPU 1/TCG
06:30:50     1000         -   3047764   98.00    1.00    0.00    0.00   99.00     4  |__CPU 2/TCG
06:30:50     1000         -   3047765    0.00    0.00    0.00    0.00    0.00     2  |__CPU 3/TCG
06:30:51     1000   3047740         -  200.00    3.00    0.00    0.00  203.00    17  qemu-system-aar
06:30:51     1000         -   3047740    1.00    2.00    0.00    0.00    3.00    17  |__qemu-system-aar
06:30:51     1000         -   3047747    0.00    0.00    0.00    0.00    0.00     1  |__call_rcu
06:30:51     1000         -   3047762   99.00    0.00    0.00    0.00   99.00     0  |__CPU 0/TCG
06:30:51     1000         -   3047763    1.00    0.00    0.00    0.00    1.00    19  |__CPU 1/TCG
06:30:51     1000         -   3047764   99.00    1.00    0.00    0.00  100.00     4  |__CPU 2/TCG
06:30:51     1000         -   3047765    0.00    0.00    0.00    0.00    0.00     2  |__CPU 3/TCG
06:30:52     1000   3047740         -  200.00    2.00    0.00    0.00  202.00     6  qemu-system-aar
06:30:52     1000         -   3047740    1.00    2.00    0.00    0.00    3.00     6  |__qemu-system-aar
06:30:52     1000         -   3047747    0.00    0.00    0.00    0.00    0.00     1  |__call_rcu
06:30:52     1000         -   3047762   99.00    0.00    0.00    0.00   99.00     0  |__CPU 0/TCG
06:30:52     1000         -   3047763    1.00    0.00    0.00    0.00    1.00    19  |__CPU 1/TCG
06:30:52     1000         -   3047764   99.00    1.00    0.00    0.00  100.00     4  |__CPU 2/TCG
06:30:52     1000         -   3047765    0.00    0.00    0.00    0.00    0.00     2  |__CPU 3/TCG
06:30:53     1000   3047740         -  201.00    2.00    0.00    0.00  203.00     7  qemu-system-aar
06:30:53     1000         -   3047740    1.00    2.00    0.00    0.00    3.00     7  |__qemu-system-aar
06:30:53     1000         -   3047747    0.00    0.00    0.00    0.00    0.00     1  |__call_rcu
06:30:53     1000         -   3047762   99.00    0.00    0.00    0.00   99.00     0  |__CPU 0/TCG
06:30:53     1000         -   3047763    0.00    0.00    0.00    0.00    0.00    19  |__CPU 1/TCG
06:30:53     1000         -   3047764   98.00    1.00    0.00    0.00   99.00     4  |__CPU 2/TCG
06:30:53     1000         -   3047765    0.00    0.00    0.00    0.00    0.00     2  |__CPU 3/TCG
06:30:54     1000   3047740         -  201.00    2.00    0.00    0.00  203.00     6  qemu-system-aar
06:30:54     1000         -   3047740    2.00    2.00    0.00    0.00    4.00     6  |__qemu-system-aar
06:30:54     1000         -   3047747    0.00    0.00    0.00    0.00    0.00     1  |__call_rcu
06:30:54     1000         -   3047762   99.00    1.00    0.00    0.00  100.00     0  |__CPU 0/TCG
06:30:54     1000         -   3047763    1.00    0.00    0.00    0.00    1.00    19  |__CPU 1/TCG
06:30:54     1000         -   3047764   99.00    1.00    0.00    0.00  100.00     4  |__CPU 2/TCG
06:30:54     1000         -   3047765    0.00    0.00    0.00    0.00    0.00     2  |__CPU 3/TCG
06:30:55     1000   3047740         -  200.00    3.00    0.00    0.00  203.00     5  qemu-system-aar
06:30:55     1000         -   3047740    1.00    2.00    0.00    0.00    3.00     5  |__qemu-system-aar
06:30:55     1000         -   3047747    0.00    0.00    0.00    0.00    0.00     1  |__call_rcu
06:30:55     1000         -   3047762   99.00    0.00    0.00    0.00   99.00    16  |__CPU 0/TCG
06:30:55     1000         -   3047763    0.00    0.00    0.00    0.00    0.00    19  |__CPU 1/TCG
06:30:55     1000         -   3047764   98.00    2.00    0.00    0.00  100.00     4  |__CPU 2/TCG
06:30:55     1000         -   3047765    0.00    0.00    0.00    0.00    0.00     2  |__CPU 3/TCG
06:30:56     1000   3047740         -  200.00    3.00    0.00    0.00  203.00     5  qemu-system-aar
06:30:56     1000         -   3047740    1.00    2.00    0.00    0.00    3.00     5  |__qemu-system-aar
06:30:56     1000         -   3047747    0.00    0.00    0.00    0.00    0.00     1  |__call_rcu
06:30:56     1000         -   3047762   99.00    0.00    0.00    0.00   99.00    16  |__CPU 0/TCG
06:30:56     1000         -   3047763    1.00    0.00    0.00    0.00    1.00    17  |__CPU 1/TCG
06:30:56     1000         -   3047764   99.00    1.00    0.00    0.00  100.00     4  |__CPU 2/TCG
06:30:56     1000         -   3047765    0.00    0.00    0.00    0.00    0.00     2  |__CPU 3/TCG
06:30:57     1000   3047740         -  200.00    2.00    0.00    0.00  202.00     5  qemu-system-aar
06:30:57     1000         -   3047740    2.00    2.00    0.00    0.00    4.00     5  |__qemu-system-aar
06:30:57     1000         -   3047747    0.00    0.00    0.00    0.00    0.00     1  |__call_rcu
06:30:57     1000         -   3047762   99.00    0.00    0.00    0.00   99.00    16  |__CPU 0/TCG
06:30:57     1000         -   3047763    0.00    0.00    0.00    0.00    0.00    17  |__CPU 1/TCG
06:30:57     1000         -   3047764   98.00    1.00    0.00    0.00   99.00     4  |__CPU 2/TCG
06:30:57     1000         -   3047765    0.00    0.00    0.00    0.00    0.00     2  |__CPU 3/TCG
06:30:58     1000   3047740         -  201.00    2.00    0.00    0.00  203.00    16  qemu-system-aar
06:30:58     1000         -   3047740    1.00    2.00    0.00    0.00    3.00    16  |__qemu-system-aar
06:30:58     1000         -   3047747    0.00    0.00    0.00    0.00    0.00     1  |__call_rcu
06:30:58     1000         -   3047762   99.00    1.00    0.00    0.00  100.00     0  |__CPU 0/TCG
06:30:58     1000         -   3047763    1.00    0.00    0.00    0.00    1.00    17  |__CPU 1/TCG
06:30:58     1000         -   3047764  100.00    0.00    0.00    0.00  100.00     4  |__CPU 2/TCG
06:30:58     1000         -   3047765    0.00    0.00    0.00    0.00    0.00     2  |__CPU 3/TCG
06:30:59     1000   3047740         -  200.00    4.00    0.00    0.00  204.00    16  qemu-system-aar
06:30:59     1000         -   3047740    2.00    2.00    0.00    0.00    4.00    16  |__qemu-system-aar
06:30:59     1000         -   3047747    0.00    0.00    0.00    0.00    0.00     1  |__call_rcu
06:30:59     1000         -   3047762   99.00    1.00    0.00    0.00  100.00     0  |__CPU 0/TCG
06:30:59     1000         -   3047763    0.00    0.00    0.00    0.00    0.00     5  |__CPU 1/TCG
06:30:59     1000         -   3047764   98.00    1.00    0.00    0.00   99.00     4  |__CPU 2/TCG
06:30:59     1000         -   3047765    0.00    0.00    0.00    0.00    0.00     2  |__CPU 3/TCG
06:31:00     1000   3047740         -  201.00    2.00    0.00    0.00  203.00    18  qemu-system-aar
06:31:00     1000         -   3047740    1.00    2.00    0.00    0.00    3.00    18  |__qemu-system-aar
06:31:00     1000         -   3047747    0.00    0.00    0.00    0.00    0.00     1  |__call_rcu
06:31:00     1000         -   3047762   99.00    0.00    0.00    0.00   99.00    16  |__CPU 0/TCG
06:31:00     1000         -   3047763    1.00    0.00    0.00    0.00    1.00     2  |__CPU 1/TCG
06:31:00     1000         -   3047764   99.00    1.00    0.00    0.00  100.00     4  |__CPU 2/TCG
06:31:00     1000         -   3047765    0.00    0.00    0.00    0.00    0.00     2  |__CPU 3/TCG
06:31:01     1000   3047740         -  201.00    2.00    0.00    0.00  203.00    19  qemu-system-aar
06:31:01     1000         -   3047740    1.00    3.00    0.00    0.00    4.00    19  |__qemu-system-aar
06:31:01     1000         -   3047747    0.00    0.00    0.00    0.00    0.00     1  |__call_rcu
06:31:01     1000         -   3047762   98.00    1.00    0.00    0.00   99.00    16  |__CPU 0/TCG
06:31:01     1000         -   3047763    1.00    0.00    0.00    0.00    1.00     2  |__CPU 1/TCG
06:31:01     1000         -   3047764   99.00    0.00    0.00    0.00   99.00     4  |__CPU 2/TCG
06:31:01     1000         -   3047765    0.00    0.00    0.00    0.00    0.00     2  |__CPU 3/TCG
06:31:02     1000   3047740         -  200.00    3.00    0.00    0.00  203.00    23  qemu-system-aar
06:31:02     1000         -   3047740    1.00    1.00    0.00    0.00    2.00    23  |__qemu-system-aar
06:31:02     1000         -   3047747    0.00    0.00    0.00    0.00    0.00     1  |__call_rcu
06:31:02     1000         -   3047762   99.00    0.00    0.00    0.00   99.00    16  |__CPU 0/TCG
06:31:02     1000         -   3047763    0.00    0.00    0.00    0.00    0.00    17  |__CPU 1/TCG
06:31:02     1000         -   3047764   99.00    1.00    0.00    0.00  100.00     4  |__CPU 2/TCG
06:31:02     1000         -   3047765    0.00    0.00    0.00    0.00    0.00     2  |__CPU 3/TCG
06:31:03     1000   3047740         -  200.00    2.00    0.00    0.00  202.00    17  qemu-system-aar
06:31:03     1000         -   3047740    2.00    2.00    0.00    0.00    4.00    17  |__qemu-system-aar
06:31:03     1000         -   3047747    0.00    0.00    0.00    0.00    0.00     1  |__call_rcu
06:31:03     1000         -   3047762   99.00    1.00    0.00    0.00  100.00    16  |__CPU 0/TCG
06:31:03     1000         -   3047763    1.00    0.00    0.00    0.00    1.00    17  |__CPU 1/TCG
06:31:03     1000         -   3047764   98.00    1.00    0.00    0.00   99.00     4  |__CPU 2/TCG
06:31:03     1000         -   3047765    0.00    0.00    0.00    0.00    0.00     2  |__CPU 3/TCG
06:31:04     1000   3047740         -  199.00    3.00    0.00    0.00  202.00    17  qemu-system-aar
06:31:04     1000         -   3047740    1.00    2.00    0.00    0.00    3.00    17  |__qemu-system-aar
06:31:04     1000         -   3047747    0.00    0.00    0.00    0.00    0.00     1  |__call_rcu
06:31:04     1000         -   3047762   98.00    0.00    0.00    0.00   98.00    16  |__CPU 0/TCG
06:31:04     1000         -   3047763    0.00    0.00    0.00    0.00    0.00    19  |__CPU 1/TCG
06:31:04     1000         -   3047764   99.00    1.00    0.00    0.00  100.00     4  |__CPU 2/TCG
06:31:04     1000         -   3047765    0.00    0.00    0.00    0.00    0.00     2  |__CPU 3/TCG
06:31:05     1000   3047740         -  201.00    3.00    0.00    0.00  204.00    19  qemu-system-aar
06:31:05     1000         -   3047740    2.00    2.00    0.00    0.00    4.00    19  |__qemu-system-aar
06:31:05     1000         -   3047747    0.00    0.00    0.00    0.00    0.00     1  |__call_rcu
06:31:05     1000         -   3047762   99.00    1.00    0.00    0.00  100.00    16  |__CPU 0/TCG
06:31:05     1000         -   3047763    1.00    0.00    0.00    0.00    1.00     2  |__CPU 1/TCG
06:31:05     1000         -   3047764   99.00    1.00    0.00    0.00  100.00     4  |__CPU 2/TCG
06:31:05     1000         -   3047765    0.00    0.00    0.00    0.00    0.00     2  |__CPU 3/TCG
06:31:06     1000   3047740         -  199.00    3.00    0.00    0.00  202.00     5  qemu-system-aar
06:31:06     1000         -   3047740    0.00    2.00    0.00    0.00    2.00     5  |__qemu-system-aar
06:31:06     1000         -   3047747    0.00    0.00    0.00    0.00    0.00     1  |__call_rcu
06:31:06     1000         -   3047762   99.00    0.00    0.00    0.00   99.00    16  |__CPU 0/TCG
06:31:06     1000         -   3047763    1.00    0.00    0.00    0.00    1.00    19  |__CPU 1/TCG
06:31:06     1000         -   3047764   99.00    1.00    0.00    0.00  100.00    20  |__CPU 2/TCG
06:31:06     1000         -   3047765    0.00    0.00    0.00    0.00    0.00     2  |__CPU 3/TCG
06:31:07     1000   3047740         -  201.00    2.00    0.00    0.00  203.00    17  qemu-system-aar
06:31:07     1000         -   3047740    1.00    3.00    0.00    0.00    4.00    17  |__qemu-system-aar
06:31:07     1000         -   3047747    0.00    0.00    0.00    0.00    0.00     1  |__call_rcu
06:31:07     1000         -   3047762   99.00    1.00    0.00    0.00  100.00    16  |__CPU 0/TCG
06:31:07     1000         -   3047763    0.00    0.00    0.00    0.00    0.00    19  |__CPU 1/TCG
06:31:07     1000         -   3047764   98.00    1.00    0.00    0.00   99.00    20  |__CPU 2/TCG
06:31:07     1000         -   3047765    0.00    0.00    0.00    0.00    0.00     2  |__CPU 3/TCG
06:31:08     1000   3047740         -  199.00    4.00    0.00    0.00  203.00    17  qemu-system-aar
06:31:08     1000         -   3047740    1.00    2.00    0.00    0.00    3.00    17  |__qemu-system-aar
06:31:08     1000         -   3047747    0.00    0.00    0.00    0.00    0.00     1  |__call_rcu
06:31:08     1000         -   3047762   98.00    1.00    0.00    0.00   99.00    16  |__CPU 0/TCG
06:31:08     1000         -   3047763    1.00    0.00    0.00    0.00    1.00    19  |__CPU 1/TCG
06:31:08     1000         -   3047764   99.00    1.00    0.00    0.00  100.00    20  |__CPU 2/TCG
06:31:08     1000         -   3047765    0.00    0.00    0.00    0.00    0.00     2  |__CPU 3/TCG
06:31:09     1000   3047740         -  200.00    2.00    0.00    0.00  202.00    22  qemu-system-aar
06:31:09     1000         -   3047740    1.00    3.00    0.00    0.00    4.00    22  |__qemu-system-aar
06:31:09     1000         -   3047747    0.00    0.00    0.00    0.00    0.00     1  |__call_rcu
06:31:09     1000         -   3047762   99.00    0.00    0.00    0.00   99.00    16  |__CPU 0/TCG
06:31:09     1000         -   3047763    1.00    0.00    0.00    0.00    1.00     3  |__CPU 1/TCG
06:31:09     1000         -   3047764   99.00    1.00    0.00    0.00  100.00    20  |__CPU 2/TCG
06:31:09     1000         -   3047765    0.00    0.00    0.00    0.00    0.00     2  |__CPU 3/TCG
06:31:10     1000   3047740         -  200.00    4.00    0.00    0.00  204.00     3  qemu-system-aar
06:31:10     1000         -   3047740    1.00    2.00    0.00    0.00    3.00     3  |__qemu-system-aar
06:31:10     1000         -   3047747    0.00    0.00    0.00    0.00    0.00     1  |__call_rcu
06:31:10     1000         -   3047762   99.00    1.00    0.00    0.00  100.00    16  |__CPU 0/TCG
06:31:10     1000         -   3047763    0.00    0.00    0.00    0.00    0.00     4  |__CPU 1/TCG
06:31:10     1000         -   3047764   99.00    1.00    0.00    0.00  100.00    20  |__CPU 2/TCG
06:31:10     1000         -   3047765    0.00    0.00    0.00    0.00    0.00     2  |__CPU 3/TCG
06:31:11     1000   3047740         -  200.00    2.00    0.00    0.00  202.00     3  qemu-system-aar
06:31:11     1000         -   3047740    1.00    1.00    0.00    0.00    2.00     3  |__qemu-system-aar
06:31:11     1000         -   3047747    0.00    0.00    0.00    0.00    0.00     1  |__call_rcu
06:31:11     1000         -   3047762   99.00    0.00    0.00    0.00   99.00    16  |__CPU 0/TCG
06:31:11     1000         -   3047763    1.00    0.00    0.00    0.00    1.00     2  |__CPU 1/TCG
06:31:11     1000         -   3047764   98.00    1.00    0.00    0.00   99.00    20  |__CPU 2/TCG
06:31:11     1000         -   3047765    0.00    0.00    0.00    0.00    0.00     2  |__CPU 3/TCG
06:31:12     1000   3047740         -  200.00    3.00    0.00    0.00  203.00     6  qemu-system-aar
06:31:12     1000         -   3047740    1.00    3.00    0.00    0.00    4.00     6  |__qemu-system-aar
06:31:12     1000         -   3047747    0.00    0.00    0.00    0.00    0.00     1  |__call_rcu
06:31:12     1000         -   3047762   99.00    1.00    0.00    0.00  100.00     0  |__CPU 0/TCG
06:31:12     1000         -   3047763    0.00    0.00    0.00    0.00    0.00     2  |__CPU 1/TCG
06:31:12     1000         -   3047764   99.00    0.00    0.00    0.00   99.00    20  |__CPU 2/TCG
06:31:12     1000         -   3047765    0.00    0.00    0.00    0.00    0.00     2  |__CPU 3/TCG
06:31:13     1000   3047740         -  200.00    2.00    0.00    0.00  202.00     6  qemu-system-aar
06:31:13     1000         -   3047740    1.00    2.00    0.00    0.00    3.00     6  |__qemu-system-aar
06:31:13     1000         -   3047747    0.00    0.00    0.00    0.00    0.00     1  |__call_rcu
06:31:13     1000         -   3047762   99.00    0.00    0.00    0.00   99.00     0  |__CPU 0/TCG
06:31:13     1000         -   3047763    1.00    0.00    0.00    0.00    1.00     3  |__CPU 1/TCG
06:31:13     1000         -   3047764   99.00    1.00    0.00    0.00  100.00    20  |__CPU 2/TCG
06:31:13     1000         -   3047765    0.00    0.00    0.00    0.00    0.00     2  |__CPU 3/TCG
06:31:14     1000   3047740         -  201.00    3.00    0.00    0.00  204.00     7  qemu-system-aar
06:31:14     1000         -   3047740    2.00    1.00    0.00    0.00    3.00     7  |__qemu-system-aar
06:31:14     1000         -   3047747    0.00    0.00    0.00    0.00    0.00     1  |__call_rcu
06:31:14     1000         -   3047762   98.00    1.00    0.00    0.00   99.00     0  |__CPU 0/TCG
06:31:14     1000         -   3047763    1.00    0.00    0.00    0.00    1.00     3  |__CPU 1/TCG
06:31:14     1000         -   3047764   99.00    1.00    0.00    0.00  100.00    20  |__CPU 2/TCG
06:31:14     1000         -   3047765    0.00    0.00    0.00    0.00    0.00     2  |__CPU 3/TCG
06:31:15     1000   3047740         -  200.00    3.00    0.00    0.00  203.00     3  qemu-system-aar
06:31:15     1000         -   3047740    1.00    2.00    0.00    0.00    3.00     3  |__qemu-system-aar
06:31:15     1000         -   3047747    0.00    0.00    0.00    0.00    0.00     1  |__call_rcu
06:31:15     1000         -   3047762   99.00    0.00    0.00    0.00   99.00     0  |__CPU 0/TCG
06:31:15     1000         -   3047763    0.00    0.00    0.00    0.00    0.00     5  |__CPU 1/TCG
06:31:15     1000         -   3047764   99.00    0.00    0.00    0.00   99.00     4  |__CPU 2/TCG
06:31:15     1000         -   3047765    0.00    0.00    0.00    0.00    0.00     2  |__CPU 3/TCG
06:31:16     1000   3047740         -  200.00    2.00    0.00    0.00  202.00    19  qemu-system-aar
06:31:16     1000         -   3047740    1.00    3.00    0.00    0.00    4.00    19  |__qemu-system-aar
06:31:16     1000         -   3047747    0.00    0.00    0.00    0.00    0.00     1  |__call_rcu
06:31:16     1000         -   3047762   99.00    1.00    0.00    0.00  100.00     0  |__CPU 0/TCG
06:31:16     1000         -   3047763    1.00    0.00    0.00    0.00    1.00     3  |__CPU 1/TCG
06:31:16     1000         -   3047764   99.00    1.00    0.00    0.00  100.00     4  |__CPU 2/TCG
06:31:16     1000         -   3047765    0.00    0.00    0.00    0.00    0.00     2  |__CPU 3/TCG
06:31:17     1000   3047740         -  199.00    4.00    0.00    0.00  203.00    23  qemu-system-aar
06:31:17     1000         -   3047740    1.00    2.00    0.00    0.00    3.00    23  |__qemu-system-aar
06:31:17     1000         -   3047747    0.00    0.00    0.00    0.00    0.00     1  |__call_rcu
06:31:17     1000         -   3047762   99.00    0.00    0.00    0.00   99.00     0  |__CPU 0/TCG
06:31:17     1000         -   3047763    0.00    0.00    0.00    0.00    0.00     6  |__CPU 1/TCG
06:31:17     1000         -   3047764   99.00    1.00    0.00    0.00  100.00     4  |__CPU 2/TCG
06:31:17     1000         -   3047765    0.00    0.00    0.00    0.00    0.00     2  |__CPU 3/TCG
06:31:18     1000   3047740         -  200.00    3.00    0.00    0.00  203.00    23  qemu-system-aar
06:31:18     1000         -   3047740    1.00    2.00    0.00    0.00    3.00    23  |__qemu-system-aar
06:31:18     1000         -   3047747    0.00    0.00    0.00    0.00    0.00     1  |__call_rcu
06:31:18     1000         -   3047762   98.00    1.00    0.00    0.00   99.00    16  |__CPU 0/TCG
06:31:18     1000         -   3047763    1.00    0.00    0.00    0.00    1.00    18  |__CPU 1/TCG
06:31:18     1000         -   3047764   98.00    1.00    0.00    0.00   99.00     4  |__CPU 2/TCG
06:31:18     1000         -   3047765    0.00    0.00    0.00    0.00    0.00     2  |__CPU 3/TCG
06:31:19     1000   3047740         -  199.00    3.00    0.00    0.00  202.00    23  qemu-system-aar
06:31:19     1000         -   3047740    2.00    1.00    0.00    0.00    3.00    23  |__qemu-system-aar
06:31:19     1000         -   3047747    0.00    0.00    0.00    0.00    0.00     1  |__call_rcu
06:31:19     1000         -   3047762   99.00    0.00    0.00    0.00   99.00    16  |__CPU 0/TCG
06:31:19     1000         -   3047763    1.00    0.00    0.00    0.00    1.00    18  |__CPU 1/TCG
06:31:19     1000         -   3047764   99.00    2.00    0.00    0.00  101.00     4  |__CPU 2/TCG
06:31:19     1000         -   3047765    0.00    0.00    0.00    0.00    0.00     2  |__CPU 3/TCG
06:31:20     1000   3047740         -  201.00    3.00    0.00    0.00  204.00    23  qemu-system-aar
06:31:20     1000         -   3047740    1.00    3.00    0.00    0.00    4.00    23  |__qemu-system-aar
06:31:20     1000         -   3047747    0.00    0.00    0.00    0.00    0.00     1  |__call_rcu
06:31:20     1000         -   3047762   99.00    1.00    0.00    0.00  100.00    16  |__CPU 0/TCG
06:31:20     1000         -   3047763    0.00    0.00    0.00    0.00    0.00    18  |__CPU 1/TCG
06:31:20     1000         -   3047764   98.00    0.00    0.00    0.00   98.00     4  |__CPU 2/TCG
06:31:20     1000         -   3047765    0.00    0.00    0.00    0.00    0.00     2  |__CPU 3/TCG
06:31:21     1000   3047740         -  199.00    3.00    0.00    0.00  202.00     3  qemu-system-aar
06:31:21     1000         -   3047740    1.00    2.00    0.00    0.00    3.00     3  |__qemu-system-aar
06:31:21     1000         -   3047747    0.00    0.00    0.00    0.00    0.00     1  |__call_rcu
06:31:21     1000         -   3047762   99.00    0.00    0.00    0.00   99.00     0  |__CPU 0/TCG
06:31:21     1000         -   3047763    1.00    0.00    0.00    0.00    1.00    18  |__CPU 1/TCG
06:31:21     1000         -   3047764  100.00    1.00    0.00    0.00  101.00     4  |__CPU 2/TCG
06:31:21     1000         -   3047765    0.00    0.00    0.00    0.00    0.00     2  |__CPU 3/TCG
06:31:22     1000   3047740         -  201.00    2.00    0.00    0.00  203.00     5  qemu-system-aar
06:31:22     1000         -   3047740    2.00    2.00    0.00    0.00    4.00     5  |__qemu-system-aar
06:31:22     1000         -   3047747    0.00    0.00    0.00    0.00    0.00     1  |__call_rcu
06:31:22     1000         -   3047762   98.00    1.00    0.00    0.00   99.00     0  |__CPU 0/TCG
06:31:22     1000         -   3047763    0.00    0.00    0.00    0.00    0.00    18  |__CPU 1/TCG
06:31:22     1000         -   3047764   98.00    1.00    0.00    0.00   99.00     4  |__CPU 2/TCG
06:31:22     1000         -   3047765    0.00    0.00    0.00    0.00    0.00     2  |__CPU 3/TCG
06:31:23     1000   3047740         -  200.00    3.00    0.00    0.00  203.00     5  qemu-system-aar
06:31:23     1000         -   3047740    1.00    2.00    0.00    0.00    3.00     5  |__qemu-system-aar
06:31:23     1000         -   3047747    0.00    0.00    0.00    0.00    0.00     1  |__call_rcu
06:31:23     1000         -   3047762   99.00    0.00    0.00    0.00   99.00    16  |__CPU 0/TCG
06:31:23     1000         -   3047763    1.00    0.00    0.00    0.00    1.00     6  |__CPU 1/TCG
06:31:23     1000         -   3047764   99.00    1.00    0.00    0.00  100.00    20  |__CPU 2/TCG
06:31:23     1000         -   3047765    0.00    0.00    0.00    0.00    0.00     2  |__CPU 3/TCG
06:31:24     1000   3047740         -  199.00    4.00    0.00    0.00  203.00    16  qemu-system-aar
06:31:24     1000         -   3047740    1.00    2.00    0.00    0.00    3.00    16  |__qemu-system-aar
06:31:24     1000         -   3047747    0.00    0.00    0.00    0.00    0.00     1  |__call_rcu
06:31:24     1000         -   3047762   99.00    1.00    0.00    0.00  100.00     0  |__CPU 0/TCG
06:31:24     1000         -   3047763    0.00    0.00    0.00    0.00    0.00     6  |__CPU 1/TCG
06:31:24     1000         -   3047764   98.00    1.00    0.00    0.00   99.00    20  |__CPU 2/TCG
06:31:24     1000         -   3047765    0.00    0.00    0.00    0.00    0.00     2  |__CPU 3/TCG
06:31:25     1000   3047740         -  200.00    3.00    0.00    0.00  203.00    22  qemu-system-aar
06:31:25     1000         -   3047740    1.00    3.00    0.00    0.00    4.00    22  |__qemu-system-aar
06:31:25     1000         -   3047747    0.00    0.00    0.00    0.00    0.00     1  |__call_rcu
06:31:25     1000         -   3047762   99.00    0.00    0.00    0.00   99.00    16  |__CPU 0/TCG
06:31:25     1000         -   3047763    1.00    0.00    0.00    0.00    1.00     6  |__CPU 1/TCG
06:31:25     1000         -   3047764   99.00    1.00    0.00    0.00  100.00    20  |__CPU 2/TCG
06:31:25     1000         -   3047765    0.00    0.00    0.00    0.00    0.00     2  |__CPU 3/TCG
06:31:26     1000   3047740         -  200.00    3.00    0.00    0.00  203.00     7  qemu-system-aar
06:31:26     1000         -   3047740    1.00    2.00    0.00    0.00    3.00     7  |__qemu-system-aar
06:31:26     1000         -   3047747    0.00    0.00    0.00    0.00    0.00     1  |__call_rcu
06:31:26     1000         -   3047762   99.00    1.00    0.00    0.00  100.00    16  |__CPU 0/TCG
06:31:26     1000         -   3047763    1.00    0.00    0.00    0.00    1.00     3  |__CPU 1/TCG
06:31:26     1000         -   3047764   99.00    1.00    0.00    0.00  100.00    20  |__CPU 2/TCG
06:31:26     1000         -   3047765    0.00    0.00    0.00    0.00    0.00     2  |__CPU 3/TCG
06:31:27     1000   3047740         -  199.00    3.00    0.00    0.00  202.00    19  qemu-system-aar
06:31:27     1000         -   3047740    0.00    2.00    0.00    0.00    2.00    19  |__qemu-system-aar
06:31:27     1000         -   3047747    0.00    0.00    0.00    0.00    0.00     1  |__call_rcu
06:31:27     1000         -   3047762   98.00    0.00    0.00    0.00   98.00    16  |__CPU 0/TCG
06:31:27     1000         -   3047763    0.00    0.00    0.00    0.00    0.00     5  |__CPU 1/TCG
06:31:27     1000         -   3047764   98.00    1.00    0.00    0.00   99.00    20  |__CPU 2/TCG
06:31:27     1000         -   3047765    0.00    0.00    0.00    0.00    0.00     2  |__CPU 3/TCG
06:31:28     1000   3047740         -  200.00    3.00    0.00    0.00  203.00     0  qemu-system-aar
06:31:28     1000         -   3047740    2.00    3.00    0.00    0.00    5.00     0  |__qemu-system-aar
06:31:28     1000         -   3047747    0.00    0.00    0.00    0.00    0.00     1  |__call_rcu
06:31:28     1000         -   3047762   99.00    1.00    0.00    0.00  100.00    16  |__CPU 0/TCG
06:31:28     1000         -   3047763    1.00    0.00    0.00    0.00    1.00     3  |__CPU 1/TCG
06:31:28     1000         -   3047764   99.00    1.00    0.00    0.00  100.00    20  |__CPU 2/TCG
06:31:28     1000         -   3047765    0.00    0.00    0.00    0.00    0.00     2  |__CPU 3/TCG
06:31:29     1000   3047740         -  201.00    2.00    0.00    0.00  203.00     6  qemu-system-aar
06:31:29     1000         -   3047740    1.00    2.00    0.00    0.00    3.00     6  |__qemu-system-aar
06:31:29     1000         -   3047747    0.00    0.00    0.00    0.00    0.00     1  |__call_rcu
06:31:29     1000         -   3047762   99.00    0.00    0.00    0.00   99.00    16  |__CPU 0/TCG
06:31:29     1000         -   3047763    0.00    0.00    0.00    0.00    0.00     7  |__CPU 1/TCG
06:31:29     1000         -   3047764   98.00    1.00    0.00    0.00   99.00    20  |__CPU 2/TCG
06:31:29     1000         -   3047765    0.00    0.00    0.00    0.00    0.00     2  |__CPU 3/TCG
06:31:30     1000   3047740         -  200.00    3.00    0.00    0.00  203.00     5  qemu-system-aar
06:31:30     1000         -   3047740    1.00    2.00    0.00    0.00    3.00     5  |__qemu-system-aar
06:31:30     1000         -   3047747    0.00    0.00    0.00    0.00    0.00     1  |__call_rcu
06:31:30     1000         -   3047762   99.00    1.00    0.00    0.00  100.00    16  |__CPU 0/TCG
06:31:30     1000         -   3047763    1.00    0.00    0.00    0.00    1.00     7  |__CPU 1/TCG
06:31:30     1000         -   3047764   99.00    1.00    0.00    0.00  100.00    20  |__CPU 2/TCG
06:31:30     1000         -   3047765    0.00    0.00    0.00    0.00    0.00     2  |__CPU 3/TCG
06:31:31     1000   3047740         -  201.00    2.00    0.00    0.00  203.00    23  qemu-system-aar
06:31:31     1000         -   3047740    0.00    3.00    0.00    0.00    3.00    23  |__qemu-system-aar
06:31:31     1000         -   3047747    0.00    0.00    0.00    0.00    0.00     1  |__call_rcu
06:31:31     1000         -   3047762   99.00    0.00    0.00    0.00   99.00    16  |__CPU 0/TCG
06:31:31     1000         -   3047763    1.00    0.00    0.00    0.00    1.00     5  |__CPU 1/TCG
06:31:31     1000         -   3047764  100.00    0.00    0.00    0.00  100.00    20  |__CPU 2/TCG
06:31:31     1000         -   3047765    0.00    0.00    0.00    0.00    0.00     2  |__CPU 3/TCG
06:31:32     1000   3047740         -  199.00    3.00    0.00    0.00  202.00    23  qemu-system-aar
06:31:32     1000         -   3047740    2.00    1.00    0.00    0.00    3.00    23  |__qemu-system-aar
06:31:32     1000         -   3047747    0.00    0.00    0.00    0.00    0.00     1  |__call_rcu
06:31:32     1000         -   3047762   99.00    1.00    0.00    0.00  100.00    16  |__CPU 0/TCG
06:31:32     1000         -   3047763    0.00    0.00    0.00    0.00    0.00     5  |__CPU 1/TCG
06:31:32     1000         -   3047764   98.00    2.00    0.00    0.00  100.00    20  |__CPU 2/TCG
06:31:32     1000         -   3047765    0.00    0.00    0.00    0.00    0.00     2  |__CPU 3/TCG
06:31:33     1000   3047740         -  200.00    3.00    0.00    0.00  203.00    21  qemu-system-aar
06:31:33     1000         -   3047740    2.00    2.00    0.00    0.00    4.00    21  |__qemu-system-aar
06:31:33     1000         -   3047747    0.00    0.00    0.00    0.00    0.00     1  |__call_rcu
06:31:33     1000         -   3047762   99.00    0.00    0.00    0.00   99.00    16  |__CPU 0/TCG
06:31:33     1000         -   3047763    1.00    0.00    0.00    0.00    1.00     5  |__CPU 1/TCG
06:31:33     1000         -   3047764   98.00    1.00    0.00    0.00   99.00    20  |__CPU 2/TCG
06:31:33     1000         -   3047765    0.00    0.00    0.00    0.00    0.00     2  |__CPU 3/TCG
06:31:34     1000   3047740         -  200.00    3.00    0.00    0.00  203.00    19  qemu-system-aar
06:31:34     1000         -   3047740    1.00    2.00    0.00    0.00    3.00    19  |__qemu-system-aar
06:31:34     1000         -   3047747    0.00    0.00    0.00    0.00    0.00     1  |__call_rcu
06:31:34     1000         -   3047762   99.00    0.00    0.00    0.00   99.00    16  |__CPU 0/TCG
06:31:34     1000         -   3047763    0.00    0.00    0.00    0.00    0.00     6  |__CPU 1/TCG
06:31:34     1000         -   3047764   99.00    1.00    0.00    0.00  100.00    20  |__CPU 2/TCG
06:31:34     1000         -   3047765    0.00    0.00    0.00    0.00    0.00     2  |__CPU 3/TCG
06:31:35     1000   3047740         -  200.00    3.00    0.00    0.00  203.00    19  qemu-system-aar
06:31:35     1000         -   3047740    1.00    2.00    0.00    0.00    3.00    19  |__qemu-system-aar
06:31:35     1000         -   3047747    0.00    0.00    0.00    0.00    0.00     1  |__call_rcu
06:31:35     1000         -   3047762   99.00    1.00    0.00    0.00  100.00    16  |__CPU 0/TCG
06:31:35     1000         -   3047763    1.00    0.00    0.00    0.00    1.00     6  |__CPU 1/TCG
06:31:35     1000         -   3047764   99.00    1.00    0.00    0.00  100.00    20  |__CPU 2/TCG
06:31:35     1000         -   3047765    0.00    0.00    0.00    0.00    0.00     2  |__CPU 3/TCG
06:31:36     1000   3047740         -  200.00    2.00    0.00    0.00  202.00    19  qemu-system-aar
06:31:36     1000         -   3047740    2.00    2.00    0.00    0.00    4.00    19  |__qemu-system-aar
06:31:36     1000         -   3047747    0.00    0.00    0.00    0.00    0.00     1  |__call_rcu
06:31:36     1000         -   3047762   98.00    0.00    0.00    0.00   98.00    16  |__CPU 0/TCG
06:31:36     1000         -   3047763    0.00    0.00    0.00    0.00    0.00     7  |__CPU 1/TCG
06:31:36     1000         -   3047764   99.00    1.00    0.00    0.00  100.00    20  |__CPU 2/TCG
06:31:36     1000         -   3047765    0.00    0.00    0.00    0.00    0.00     2  |__CPU 3/TCG
06:31:37     1000   3047740         -  200.00    3.00    0.00    0.00  203.00    19  qemu-system-aar
06:31:37     1000         -   3047740    1.00    2.00    0.00    0.00    3.00    19  |__qemu-system-aar
06:31:37     1000         -   3047747    0.00    0.00    0.00    0.00    0.00     1  |__call_rcu
06:31:37     1000         -   3047762   99.00    1.00    0.00    0.00  100.00    16  |__CPU 0/TCG
06:31:37     1000         -   3047763    1.00    0.00    0.00    0.00    1.00     7  |__CPU 1/TCG
06:31:37     1000         -   3047764   99.00    0.00    0.00    0.00   99.00     4  |__CPU 2/TCG
06:31:37     1000         -   3047765    0.00    0.00    0.00    0.00    0.00     2  |__CPU 3/TCG
06:31:38     1000   3047740         -  201.00    3.00    0.00    0.00  204.00    17  qemu-system-aar
06:31:38     1000         -   3047740    1.00    1.00    0.00    0.00    2.00    17  |__qemu-system-aar
06:31:38     1000         -   3047747    0.00    0.00    0.00    0.00    0.00     1  |__call_rcu
06:31:38     1000         -   3047762   99.00    0.00    0.00    0.00   99.00    16  |__CPU 0/TCG
06:31:38     1000         -   3047763    1.00    0.00    0.00    0.00    1.00     7  |__CPU 1/TCG
06:31:38     1000         -   3047764   99.00    1.00    0.00    0.00  100.00     4  |__CPU 2/TCG
06:31:38     1000         -   3047765    0.00    0.00    0.00    0.00    0.00     2  |__CPU 3/TCG
06:31:39     1000   3047740         -  199.00    2.00    0.00    0.00  201.00    17  qemu-system-aar
06:31:39     1000         -   3047740    2.00    2.00    0.00    0.00    4.00    17  |__qemu-system-aar
06:31:39     1000         -   3047747    0.00    0.00    0.00    0.00    0.00     1  |__call_rcu
06:31:39     1000         -   3047762   99.00    0.00    0.00    0.00   99.00    16  |__CPU 0/TCG
06:31:39     1000         -   3047763    0.00    0.00    0.00    0.00    0.00     7  |__CPU 1/TCG
06:31:39     1000         -   3047764   98.00    2.00    0.00    0.00  100.00    20  |__CPU 2/TCG
06:31:39     1000         -   3047765    0.00    0.00    0.00    0.00    0.00     2  |__CPU 3/TCG
06:31:40     1000   3047740         -  201.00    3.00    0.00    0.00  204.00    17  qemu-system-aar
06:31:40     1000         -   3047740    1.00    2.00    0.00    0.00    3.00    17  |__qemu-system-aar
06:31:40     1000         -   3047747    0.00    0.00    0.00    0.00    0.00     1  |__call_rcu
06:31:40     1000         -   3047762   99.00    1.00    0.00    0.00  100.00     0  |__CPU 0/TCG
06:31:40     1000         -   3047763    1.00    0.00    0.00    0.00    1.00     7  |__CPU 1/TCG
06:31:40     1000         -   3047764   99.00    0.00    0.00    0.00   99.00    20  |__CPU 2/TCG
06:31:40     1000         -   3047765    0.00    0.00    0.00    0.00    0.00     2  |__CPU 3/TCG
06:31:41     1000   3047740         -  200.00    2.00    0.00    0.00  202.00    17  qemu-system-aar
06:31:41     1000         -   3047740    1.00    2.00    0.00    0.00    3.00    17  |__qemu-system-aar
06:31:41     1000         -   3047747    0.00    0.00    0.00    0.00    0.00     1  |__call_rcu
06:31:41     1000         -   3047762   99.00    0.00    0.00    0.00   99.00     0  |__CPU 0/TCG
06:31:41     1000         -   3047763    1.00    0.00    0.00    0.00    1.00     7  |__CPU 1/TCG
06:31:41     1000         -   3047764   98.00    2.00    0.00    0.00  100.00    20  |__CPU 2/TCG
06:31:41     1000         -   3047765    0.00    0.00    0.00    0.00    0.00     2  |__CPU 3/TCG
06:31:42     1000   3047740         -  201.00    3.00    0.00    0.00  204.00    16  qemu-system-aar
06:31:42     1000         -   3047740    2.00    2.00    0.00    0.00    4.00    16  |__qemu-system-aar
06:31:42     1000         -   3047747    0.00    0.00    0.00    0.00    0.00     1  |__call_rcu
06:31:42     1000         -   3047762   98.00    1.00    0.00    0.00   99.00     0  |__CPU 0/TCG
06:31:42     1000         -   3047763    0.00    0.00    0.00    0.00    0.00     7  |__CPU 1/TCG
06:31:42     1000         -   3047764   99.00    0.00    0.00    0.00   99.00    20  |__CPU 2/TCG
06:31:42     1000         -   3047765    0.00    0.00    0.00    0.00    0.00     2  |__CPU 3/TCG
06:31:43     1000   3047740         -  200.00    2.00    0.00    0.00  202.00     7  qemu-system-aar
06:31:43     1000         -   3047740    1.00    2.00    0.00    0.00    3.00     7  |__qemu-system-aar
06:31:43     1000         -   3047747    0.00    0.00    0.00    0.00    0.00     1  |__call_rcu
06:31:43     1000         -   3047762   99.00    0.00    0.00    0.00   99.00    16  |__CPU 0/TCG
06:31:43     1000         -   3047763    1.00    0.00    0.00    0.00    1.00     7  |__CPU 1/TCG
06:31:43     1000         -   3047764   99.00    1.00    0.00    0.00  100.00    20  |__CPU 2/TCG
06:31:43     1000         -   3047765    0.00    0.00    0.00    0.00    0.00     2  |__CPU 3/TCG
06:31:44     1000   3047740         -  201.00    3.00    0.00    0.00  204.00     2  qemu-system-aar
06:31:44     1000         -   3047740    2.00    2.00    0.00    0.00    4.00     1  |__qemu-system-aar
06:31:44     1000         -   3047747    0.00    0.00    0.00    0.00    0.00     1  |__call_rcu
06:31:44     1000         -   3047762   98.00    1.00    0.00    0.00   99.00    16  |__CPU 0/TCG
06:31:44     1000         -   3047763    1.00    0.00    0.00    0.00    1.00     6  |__CPU 1/TCG
06:31:44     1000         -   3047764   99.00    1.00    0.00    0.00  100.00    20  |__CPU 2/TCG
06:31:44     1000         -   3047765    0.00    0.00    0.00    0.00    0.00     2  |__CPU 3/TCG
06:31:45     1000   3047740         -  200.00    2.00    0.00    0.00  202.00     5  qemu-system-aar
06:31:45     1000         -   3047740    1.00    2.00    0.00    0.00    3.00     5  |__qemu-system-aar
06:31:45     1000         -   3047747    0.00    0.00    0.00    0.00    0.00     1  |__call_rcu
06:31:45     1000         -   3047762   99.00    1.00    0.00    0.00  100.00    16  |__CPU 0/TCG
06:31:45     1000         -   3047763    0.00    0.00    0.00    0.00    0.00     7  |__CPU 1/TCG
06:31:45     1000         -   3047764   98.00    1.00    0.00    0.00   99.00    20  |__CPU 2/TCG
06:31:45     1000         -   3047765    0.00    0.00    0.00    0.00    0.00     2  |__CPU 3/TCG
06:31:46     1000   3047740         -  199.00    4.00    0.00    0.00  203.00     5  qemu-system-aar
06:31:46     1000         -   3047740    1.00    2.00    0.00    0.00    3.00     5  |__qemu-system-aar
06:31:46     1000         -   3047747    0.00    0.00    0.00    0.00    0.00     1  |__call_rcu
06:31:46     1000         -   3047762   99.00    0.00    0.00    0.00   99.00     0  |__CPU 0/TCG
06:31:46     1000         -   3047763    1.00    0.00    0.00    0.00    1.00     7  |__CPU 1/TCG
06:31:46     1000         -   3047764   99.00    1.00    0.00    0.00  100.00     4  |__CPU 2/TCG
06:31:46     1000         -   3047765    0.00    0.00    0.00    0.00    0.00     2  |__CPU 3/TCG
06:31:47     1000   3047740         -  201.00    3.00    0.00    0.00  204.00     6  qemu-system-aar
06:31:47     1000         -   3047740    1.00    3.00    0.00    0.00    4.00     6  |__qemu-system-aar
06:31:47     1000         -   3047747    0.00    0.00    0.00    0.00    0.00     1  |__call_rcu
06:31:47     1000         -   3047762   99.00    0.00    0.00    0.00   99.00     0  |__CPU 0/TCG
06:31:47     1000         -   3047763    0.00    0.00    0.00    0.00    0.00     7  |__CPU 1/TCG
06:31:47     1000         -   3047764   99.00    1.00    0.00    0.00  100.00     4  |__CPU 2/TCG
06:31:47     1000         -   3047765    0.00    0.00    0.00    0.00    0.00     2  |__CPU 3/TCG
06:31:48     1000   3047740         -  199.00    3.00    0.00    0.00  202.00     5  qemu-system-aar
06:31:48     1000         -   3047740    1.00    1.00    0.00    0.00    2.00     5  |__qemu-system-aar
06:31:48     1000         -   3047747    0.00    0.00    0.00    0.00    0.00     1  |__call_rcu
06:31:48     1000         -   3047762   99.00    1.00    0.00    0.00  100.00     0  |__CPU 0/TCG
06:31:48     1000         -   3047763    1.00    0.00    0.00    0.00    1.00     7  |__CPU 1/TCG
06:31:48     1000         -   3047764   98.00    1.00    0.00    0.00   99.00     4  |__CPU 2/TCG
06:31:48     1000         -   3047765    0.00    0.00    0.00    0.00    0.00     2  |__CPU 3/TCG
06:31:49     1000   3047740         -  201.00    2.00    0.00    0.00  203.00     7  qemu-system-aar
06:31:49     1000         -   3047740    1.00    3.00    0.00    0.00    4.00     7  |__qemu-system-aar
06:31:49     1000         -   3047747    0.00    0.00    0.00    0.00    0.00     1  |__call_rcu
06:31:49     1000         -   3047762   99.00    0.00    0.00    0.00   99.00     0  |__CPU 0/TCG
06:31:49     1000         -   3047763    1.00    0.00    0.00    0.00    1.00     6  |__CPU 1/TCG
06:31:49     1000         -   3047764   99.00    1.00    0.00    0.00  100.00     4  |__CPU 2/TCG
06:31:49     1000         -   3047765    0.00    0.00    0.00    0.00    0.00     2  |__CPU 3/TCG
06:31:50     1000   3047740         -  199.00    2.00    0.00    0.00  201.00    16  qemu-system-aar
06:31:50     1000         -   3047740    2.00    1.00    0.00    0.00    3.00    16  |__qemu-system-aar
06:31:50     1000         -   3047747    0.00    0.00    0.00    0.00    0.00     1  |__call_rcu
06:31:50     1000         -   3047762   98.00    1.00    0.00    0.00   99.00     0  |__CPU 0/TCG
06:31:50     1000         -   3047763    0.00    0.00    0.00    0.00    0.00     7  |__CPU 1/TCG
06:31:50     1000         -   3047764   98.00    1.00    0.00    0.00   99.00    20  |__CPU 2/TCG
06:31:50     1000         -   3047765    0.00    0.00    0.00    0.00    0.00     2  |__CPU 3/TCG
06:31:51     1000   3047740         -  200.00    5.00    0.00    0.00  205.00    16  qemu-system-aar
06:31:51     1000         -   3047740    1.00    4.00    0.00    0.00    5.00    16  |__qemu-system-aar
06:31:51     1000         -   3047747    0.00    0.00    0.00    0.00    0.00     1  |__call_rcu
06:31:51     1000         -   3047762   99.00    0.00    0.00    0.00   99.00     0  |__CPU 0/TCG
06:31:51     1000         -   3047763    1.00    0.00    0.00    0.00    1.00     7  |__CPU 1/TCG
06:31:51     1000         -   3047764   99.00    1.00    0.00    0.00  100.00    20  |__CPU 2/TCG
06:31:51     1000         -   3047765    0.00    0.00    0.00    0.00    0.00     2  |__CPU 3/TCG
06:31:52     1000   3047740         -  201.00    3.00    0.00    0.00  204.00     7  qemu-system-aar
06:31:52     1000         -   3047740    2.00    2.00    0.00    0.00    4.00     7  |__qemu-system-aar
06:31:52     1000         -   3047747    0.00    0.00    0.00    0.00    0.00     1  |__call_rcu
06:31:52     1000         -   3047762   99.00    1.00    0.00    0.00  100.00    16  |__CPU 0/TCG
06:31:52     1000         -   3047763    1.00    0.00    0.00    0.00    1.00     6  |__CPU 1/TCG
06:31:52     1000         -   3047764   98.00    1.00    0.00    0.00   99.00    20  |__CPU 2/TCG
06:31:52     1000         -   3047765    0.00    0.00    0.00    0.00    0.00     2  |__CPU 3/TCG
06:31:53     1000   3047740         -  200.00    3.00    0.00    0.00  203.00     7  qemu-system-aar
06:31:53     1000         -   3047740    1.00    2.00    0.00    0.00    3.00     7  |__qemu-system-aar
06:31:53     1000         -   3047747    0.00    0.00    0.00    0.00    0.00     1  |__call_rcu
06:31:53     1000         -   3047762   98.00    1.00    0.00    0.00   99.00    16  |__CPU 0/TCG
06:31:53     1000         -   3047763    0.00    0.00    0.00    0.00    0.00     6  |__CPU 1/TCG
06:31:53     1000         -   3047764   99.00    1.00    0.00    0.00  100.00    20  |__CPU 2/TCG
06:31:53     1000         -   3047765    0.00    0.00    0.00    0.00    0.00     2  |__CPU 3/TCG
06:31:54     1000   3047740         -  200.00    2.00    0.00    0.00  202.00    17  qemu-system-aar
06:31:54     1000         -   3047740    1.00    2.00    0.00    0.00    3.00    17  |__qemu-system-aar
06:31:54     1000         -   3047747    0.00    0.00    0.00    0.00    0.00     1  |__call_rcu
06:31:54     1000         -   3047762   99.00    0.00    0.00    0.00   99.00    16  |__CPU 0/TCG
06:31:54     1000         -   3047763    1.00    0.00    0.00    0.00    1.00     6  |__CPU 1/TCG
06:31:54     1000         -   3047764   99.00    1.00    0.00    0.00  100.00    20  |__CPU 2/TCG
06:31:54     1000         -   3047765    0.00    0.00    0.00    0.00    0.00     2  |__CPU 3/TCG
06:31:55     1000   3047740         -  200.00    2.00    0.00    0.00  202.00     6  qemu-system-aar
06:31:55     1000         -   3047740    2.00    2.00    0.00    0.00    4.00     6  |__qemu-system-aar
06:31:55     1000         -   3047747    0.00    0.00    0.00    0.00    0.00     1  |__call_rcu
06:31:55     1000         -   3047762   99.00    0.00    0.00    0.00   99.00    16  |__CPU 0/TCG
06:31:55     1000         -   3047763    1.00    0.00    0.00    0.00    1.00    17  |__CPU 1/TCG
06:31:55     1000         -   3047764   99.00    1.00    0.00    0.00  100.00    20  |__CPU 2/TCG
06:31:55     1000         -   3047765    0.00    0.00    0.00    0.00    0.00     2  |__CPU 3/TCG
06:31:56     1000   3047740         -  200.00    4.00    0.00    0.00  204.00     3  qemu-system-aar
06:31:56     1000         -   3047740    1.00    2.00    0.00    0.00    3.00     3  |__qemu-system-aar
06:31:56     1000         -   3047747    0.00    0.00    0.00    0.00    0.00     1  |__call_rcu
06:31:56     1000         -   3047762   99.00    0.00    0.00    0.00   99.00    16  |__CPU 0/TCG
06:31:56     1000         -   3047763    0.00    0.00    0.00    0.00    0.00     6  |__CPU 1/TCG
06:31:56     1000         -   3047764   97.00    2.00    0.00    0.00   99.00    20  |__CPU 2/TCG
06:31:56     1000         -   3047765    0.00    0.00    0.00    0.00    0.00     2  |__CPU 3/TCG
06:31:57     1000   3047740         -  199.00    3.00    0.00    0.00  202.00    18  qemu-system-aar
06:31:57     1000         -   3047740    0.00    3.00    0.00    0.00    3.00    18  |__qemu-system-aar
06:31:57     1000         -   3047747    0.00    0.00    0.00    0.00    0.00     1  |__call_rcu
06:31:57     1000         -   3047762  100.00    0.00    0.00    0.00  100.00    16  |__CPU 0/TCG
06:31:57     1000         -   3047763    1.00    0.00    0.00    0.00    1.00     7  |__CPU 1/TCG
06:31:57     1000         -   3047764   98.00    1.00    0.00    0.00   99.00    20  |__CPU 2/TCG
06:31:57     1000         -   3047765    0.00    0.00    0.00    0.00    0.00     2  |__CPU 3/TCG
06:31:58     1000   3047740         -  201.00    2.00    0.00    0.00  203.00    18  qemu-system-aar
06:31:58     1000         -   3047740    2.00    2.00    0.00    0.00    4.00    18  |__qemu-system-aar
06:31:58     1000         -   3047747    0.00    0.00    0.00    0.00    0.00     1  |__call_rcu
06:31:58     1000         -   3047762   98.00    1.00    0.00    0.00   99.00    16  |__CPU 0/TCG
06:31:58     1000         -   3047763    0.00    0.00    0.00    0.00    0.00     7  |__CPU 1/TCG
06:31:58     1000         -   3047764   99.00    1.00    0.00    0.00  100.00    20  |__CPU 2/TCG
06:31:58     1000         -   3047765    0.00    0.00    0.00    0.00    0.00     2  |__CPU 3/TCG
06:31:59     1000   3047740         -  200.00    3.00    0.00    0.00  203.00    19  qemu-system-aar
06:31:59     1000         -   3047740    1.00    1.00    0.00    0.00    2.00    19  |__qemu-system-aar
06:31:59     1000         -   3047747    0.00    0.00    0.00    0.00    0.00     1  |__call_rcu
06:31:59     1000         -   3047762   99.00    0.00    0.00    0.00   99.00    16  |__CPU 0/TCG
06:31:59     1000         -   3047763    0.00    1.00    0.00    0.00    1.00     7  |__CPU 1/TCG
06:31:59     1000         -   3047764   99.00    1.00    0.00    0.00  100.00    20  |__CPU 2/TCG
06:31:59     1000         -   3047765    0.00    0.00    0.00    0.00    0.00     2  |__CPU 3/TCG
06:32:00     1000   3047740         -  199.00    4.00    0.00    0.00  203.00    19  qemu-system-aar
06:32:00     1000         -   3047740    1.00    3.00    0.00    0.00    4.00    19  |__qemu-system-aar
06:32:00     1000         -   3047747    0.00    0.00    0.00    0.00    0.00     1  |__call_rcu
06:32:00     1000         -   3047762   99.00    1.00    0.00    0.00  100.00     0  |__CPU 0/TCG
06:32:00     1000         -   3047763    1.00    0.00    0.00    0.00    1.00     6  |__CPU 1/TCG
06:32:00     1000         -   3047764   98.00    2.00    0.00    0.00  100.00    20  |__CPU 2/TCG
06:32:00     1000         -   3047765    0.00    0.00    0.00    0.00    0.00     2  |__CPU 3/TCG
06:32:01     1000   3047740         -  201.00    2.00    0.00    0.00  203.00    19  qemu-system-aar
06:32:01     1000         -   3047740    1.00    2.00    0.00    0.00    3.00    19  |__qemu-system-aar
06:32:01     1000         -   3047747    0.00    0.00    0.00    0.00    0.00     1  |__call_rcu
06:32:01     1000         -   3047762   99.00    0.00    0.00    0.00   99.00    16  |__CPU 0/TCG
06:32:01     1000         -   3047763    1.00    0.00    0.00    0.00    1.00     6  |__CPU 1/TCG
06:32:01     1000         -   3047764   99.00    1.00    0.00    0.00  100.00    20  |__CPU 2/TCG
06:32:01     1000         -   3047765    0.00    0.00    0.00    0.00    0.00     2  |__CPU 3/TCG
06:32:02     1000   3047740         -  200.00    3.00    0.00    0.00  203.00    22  qemu-system-aar
06:32:02     1000         -   3047740    1.00    2.00    0.00    0.00    3.00    22  |__qemu-system-aar
06:32:02     1000         -   3047747    0.00    0.00    0.00    0.00    0.00     1  |__call_rcu
06:32:02     1000         -   3047762   99.00    1.00    0.00    0.00  100.00    16  |__CPU 0/TCG
06:32:02     1000         -   3047763    0.00    0.00    0.00    0.00    0.00     6  |__CPU 1/TCG
06:32:02     1000         -   3047764   99.00    0.00    0.00    0.00   99.00     4  |__CPU 2/TCG
06:32:02     1000         -   3047765    0.00    0.00    0.00    0.00    0.00     2  |__CPU 3/TCG
06:32:03     1000   3047740         -  199.00    3.00    0.00    0.00  202.00     5  qemu-system-aar
06:32:03     1000         -   3047740    1.00    2.00    0.00    0.00    3.00     5  |__qemu-system-aar
06:32:03     1000         -   3047747    0.00    0.00    0.00    0.00    0.00     1  |__call_rcu
06:32:03     1000         -   3047762   98.00    0.00    0.00    0.00   98.00    16  |__CPU 0/TCG
06:32:03     1000         -   3047763    1.00    0.00    0.00    0.00    1.00     7  |__CPU 1/TCG
06:32:03     1000         -   3047764   98.00    2.00    0.00    0.00  100.00     4  |__CPU 2/TCG
06:32:03     1000         -   3047765    0.00    0.00    0.00    0.00    0.00     2  |__CPU 3/TCG
06:32:04     1000   3047740         -  201.00    2.00    0.00    0.00  203.00     7  qemu-system-aar
06:32:04     1000         -   3047740    1.00    2.00    0.00    0.00    3.00     7  |__qemu-system-aar
06:32:04     1000         -   3047747    0.00    0.00    0.00    0.00    0.00     1  |__call_rcu
06:32:04     1000         -   3047762   99.00    0.00    0.00    0.00   99.00    16  |__CPU 0/TCG
06:32:04     1000         -   3047763    0.00    0.00    0.00    0.00    0.00     7  |__CPU 1/TCG
06:32:04     1000         -   3047764   99.00    0.00    0.00    0.00   99.00     4  |__CPU 2/TCG
06:32:04     1000         -   3047765    0.00    0.00    0.00    0.00    0.00     2  |__CPU 3/TCG
06:32:05     1000   3047740         -  200.00    3.00    0.00    0.00  203.00     1  qemu-system-aar
06:32:05     1000         -   3047740    2.00    2.00    0.00    0.00    4.00     1  |__qemu-system-aar
06:32:05     1000         -   3047747    0.00    0.00    0.00    0.00    0.00     1  |__call_rcu
06:32:05     1000         -   3047762   99.00    1.00    0.00    0.00  100.00     0  |__CPU 0/TCG
06:32:05     1000         -   3047763    1.00    0.00    0.00    0.00    1.00     7  |__CPU 1/TCG
06:32:05     1000         -   3047764   99.00    1.00    0.00    0.00  100.00     4  |__CPU 2/TCG
06:32:05     1000         -   3047765    0.00    0.00    0.00    0.00    0.00     2  |__CPU 3/TCG
06:32:06     1000   3047740         -  201.00    2.00    0.00    0.00  203.00     7  qemu-system-aar
06:32:06     1000         -   3047740    1.00    2.00    0.00    0.00    3.00     7  |__qemu-system-aar
06:32:06     1000         -   3047747    0.00    0.00    0.00    0.00    0.00     1  |__call_rcu
06:32:06     1000         -   3047762   99.00    0.00    0.00    0.00   99.00    16  |__CPU 0/TCG
06:32:06     1000         -   3047763    1.00    0.00    0.00    0.00    1.00     6  |__CPU 1/TCG
06:32:06     1000         -   3047764   99.00    1.00    0.00    0.00  100.00     4  |__CPU 2/TCG
06:32:06     1000         -   3047765    0.00    0.00    0.00    0.00    0.00     2  |__CPU 3/TCG
06:32:07     1000   3047740         -  200.00    3.00    0.00    0.00  203.00     7  qemu-system-aar
06:32:07     1000         -   3047740    1.00    2.00    0.00    0.00    3.00     7  |__qemu-system-aar
06:32:07     1000         -   3047747    0.00    0.00    0.00    0.00    0.00     1  |__call_rcu
06:32:07     1000         -   3047762   98.00    1.00    0.00    0.00   99.00    16  |__CPU 0/TCG
06:32:07     1000         -   3047763    0.00    0.00    0.00    0.00    0.00     6  |__CPU 1/TCG
06:32:07     1000         -   3047764   98.00    1.00    0.00    0.00   99.00     4  |__CPU 2/TCG
06:32:07     1000         -   3047765    0.00    0.00    0.00    0.00    0.00     2  |__CPU 3/TCG
06:32:08     1000   3047740         -  201.00    2.00    0.00    0.00  203.00     1  qemu-system-aar
06:32:08     1000         -   3047740    2.00    2.00    0.00    0.00    4.00     1  |__qemu-system-aar
06:32:08     1000         -   3047747    0.00    0.00    0.00    0.00    0.00     1  |__call_rcu
06:32:08     1000         -   3047762   99.00    1.00    0.00    0.00  100.00    16  |__CPU 0/TCG
06:32:08     1000         -   3047763    1.00    0.00    0.00    0.00    1.00     6  |__CPU 1/TCG
06:32:08     1000         -   3047764   99.00    1.00    0.00    0.00  100.00     4  |__CPU 2/TCG
06:32:08     1000         -   3047765    0.00    0.00    0.00    0.00    0.00     2  |__CPU 3/TCG
06:32:09     1000   3047740         -  199.00    3.00    0.00    0.00  202.00     3  qemu-system-aar
06:32:09     1000         -   3047740    1.00    2.00    0.00    0.00    3.00     3  |__qemu-system-aar
06:32:09     1000         -   3047747    0.00    0.00    0.00    0.00    0.00     1  |__call_rcu
06:32:09     1000         -   3047762   99.00    0.00    0.00    0.00   99.00    16  |__CPU 0/TCG
06:32:09     1000         -   3047763    1.00    0.00    0.00    0.00    1.00     6  |__CPU 1/TCG
06:32:09     1000         -   3047764   99.00    1.00    0.00    0.00  100.00     4  |__CPU 2/TCG
06:32:09     1000         -   3047765    0.00    0.00    0.00    0.00    0.00     2  |__CPU 3/TCG
06:32:10     1000   3047740         -  201.00    2.00    0.00    0.00  203.00     1  qemu-system-aar
06:32:10     1000         -   3047740    1.00    2.00    0.00    0.00    3.00     1  |__qemu-system-aar
06:32:10     1000         -   3047747    0.00    0.00    0.00    0.00    0.00     1  |__call_rcu
06:32:10     1000         -   3047762   99.00    0.00    0.00    0.00   99.00    16  |__CPU 0/TCG
06:32:10     1000         -   3047763    0.00    0.00    0.00    0.00    0.00     7  |__CPU 1/TCG
06:32:10     1000         -   3047764   98.00    1.00    0.00    0.00   99.00    20  |__CPU 2/TCG
06:32:10     1000         -   3047765    0.00    0.00    0.00    0.00    0.00     2  |__CPU 3/TCG
06:32:11     1000   3047740         -  200.00    3.00    0.00    0.00  203.00     1  qemu-system-aar
06:32:11     1000         -   3047740    1.00    3.00    0.00    0.00    4.00     1  |__qemu-system-aar
06:32:11     1000         -   3047747    0.00    0.00    0.00    0.00    0.00     1  |__call_rcu
06:32:11     1000         -   3047762   99.00    0.00    0.00    0.00   99.00    16  |__CPU 0/TCG
06:32:11     1000         -   3047763    0.00    0.00    0.00    0.00    0.00    17  |__CPU 1/TCG
06:32:11     1000         -   3047764   99.00    1.00    0.00    0.00  100.00    20  |__CPU 2/TCG
06:32:11     1000         -   3047765    0.00    0.00    0.00    0.00    0.00     2  |__CPU 3/TCG
06:32:12     1000   3047740         -  198.00    3.00    0.00    0.00  201.00     1  qemu-system-aar
06:32:12     1000         -   3047740    1.00    2.00    0.00    0.00    3.00     1  |__qemu-system-aar
06:32:12     1000         -   3047747    0.00    0.00    0.00    0.00    0.00     1  |__call_rcu
06:32:12     1000         -   3047762   99.00    1.00    0.00    0.00  100.00    16  |__CPU 0/TCG
06:32:12     1000         -   3047763    1.00    0.00    0.00    0.00    1.00    17  |__CPU 1/TCG
06:32:12     1000         -   3047764   98.00    2.00    0.00    0.00  100.00    20  |__CPU 2/TCG
06:32:12     1000         -   3047765    0.00    0.00    0.00    0.00    0.00     2  |__CPU 3/TCG
06:32:13     1000   3047740         -  200.00    3.00    0.00    0.00  203.00     1  qemu-system-aar
06:32:13     1000         -   3047740    1.00    2.00    0.00    0.00    3.00     1  |__qemu-system-aar
06:32:13     1000         -   3047747    0.00    0.00    0.00    0.00    0.00     1  |__call_rcu
06:32:13     1000         -   3047762   98.00    1.00    0.00    0.00   99.00    16  |__CPU 0/TCG
06:32:13     1000         -   3047763    0.00    0.00    0.00    0.00    0.00    17  |__CPU 1/TCG
06:32:13     1000         -   3047764   99.00    0.00    0.00    0.00   99.00    20  |__CPU 2/TCG
06:32:13     1000         -   3047765    0.00    0.00    0.00    0.00    0.00     2  |__CPU 3/TCG
06:32:14     1000   3047740         -  200.00    2.00    0.00    0.00  202.00     5  qemu-system-aar
06:32:14     1000         -   3047740    1.00    2.00    0.00    0.00    3.00     5  |__qemu-system-aar
06:32:14     1000         -   3047747    0.00    0.00    0.00    0.00    0.00     1  |__call_rcu
06:32:14     1000         -   3047762   99.00    1.00    0.00    0.00  100.00    16  |__CPU 0/TCG
06:32:14     1000         -   3047763    1.00    0.00    0.00    0.00    1.00    17  |__CPU 1/TCG
06:32:14     1000         -   3047764   98.00    2.00    0.00    0.00  100.00    20  |__CPU 2/TCG
06:32:14     1000         -   3047765    0.00    0.00    0.00    0.00    0.00     2  |__CPU 3/TCG
06:32:15     1000   3047740         -  200.00    3.00    0.00    0.00  203.00    17  qemu-system-aar
06:32:15     1000         -   3047740    1.00    2.00    0.00    0.00    3.00    17  |__qemu-system-aar
06:32:15     1000         -   3047747    0.00    0.00    0.00    0.00    0.00     1  |__call_rcu
06:32:15     1000         -   3047762   99.00    0.00    0.00    0.00   99.00     0  |__CPU 0/TCG
06:32:15     1000         -   3047763    0.00    0.00    0.00    0.00    0.00     7  |__CPU 1/TCG
06:32:15     1000         -   3047764   99.00    1.00    0.00    0.00  100.00    20  |__CPU 2/TCG
06:32:15     1000         -   3047765    0.00    0.00    0.00    0.00    0.00     2  |__CPU 3/TCG
06:32:16     1000   3047740         -  200.00    3.00    0.00    0.00  203.00     2  qemu-system-aar
06:32:16     1000         -   3047740    2.00    1.00    0.00    0.00    3.00     2  |__qemu-system-aar
06:32:16     1000         -   3047747    0.00    0.00    0.00    0.00    0.00     1  |__call_rcu
06:32:16     1000         -   3047762   99.00    1.00    0.00    0.00  100.00     0  |__CPU 0/TCG
06:32:16     1000         -   3047763    1.00    0.00    0.00    0.00    1.00     7  |__CPU 1/TCG
06:32:16     1000         -   3047764   98.00    1.00    0.00    0.00   99.00     4  |__CPU 2/TCG
06:32:16     1000         -   3047765    0.00    0.00    0.00    0.00    0.00     2  |__CPU 3/TCG
06:32:17     1000   3047740         -  199.00    3.00    0.00    0.00  202.00    19  qemu-system-aar
06:32:17     1000         -   3047740    1.00    2.00    0.00    0.00    3.00    19  |__qemu-system-aar
06:32:17     1000         -   3047747    0.00    0.00    0.00    0.00    0.00     1  |__call_rcu
06:32:17     1000         -   3047762   98.00    0.00    0.00    0.00   98.00    16  |__CPU 0/TCG
06:32:17     1000         -   3047763    0.00    0.00    0.00    0.00    0.00     7  |__CPU 1/TCG
06:32:17     1000         -   3047764   98.00    1.00    0.00    0.00   99.00     4  |__CPU 2/TCG
06:32:17     1000         -   3047765    0.00    0.00    0.00    0.00    0.00     2  |__CPU 3/TCG
06:32:18     1000   3047740         -  200.00    4.00    0.00    0.00  204.00     5  qemu-system-aar
06:32:18     1000         -   3047740    1.00    2.00    0.00    0.00    3.00     5  |__qemu-system-aar
06:32:18     1000         -   3047747    0.00    0.00    0.00    0.00    0.00     1  |__call_rcu
06:32:18     1000         -   3047762   99.00    1.00    0.00    0.00  100.00    16  |__CPU 0/TCG
06:32:18     1000         -   3047763    1.00    0.00    0.00    0.00    1.00     7  |__CPU 1/TCG
06:32:18     1000         -   3047764   99.00    1.00    0.00    0.00  100.00     4  |__CPU 2/TCG
06:32:18     1000         -   3047765    0.00    0.00    0.00    0.00    0.00     2  |__CPU 3/TCG
06:32:19     1000   3047740         -  200.00    2.00    0.00    0.00  202.00     5  qemu-system-aar
06:32:19     1000         -   3047740    1.00    3.00    0.00    0.00    4.00     5  |__qemu-system-aar
06:32:19     1000         -   3047747    0.00    0.00    0.00    0.00    0.00     1  |__call_rcu
06:32:19     1000         -   3047762   99.00    0.00    0.00    0.00   99.00    16  |__CPU 0/TCG
06:32:19     1000         -   3047763    1.00    0.00    0.00    0.00    1.00     7  |__CPU 1/TCG
06:32:19     1000         -   3047764   98.00    2.00    0.00    0.00  100.00     4  |__CPU 2/TCG
06:32:19     1000         -   3047765    0.00    0.00    0.00    0.00    0.00     2  |__CPU 3/TCG
06:32:20     1000   3047740         -  200.00    3.00    0.00    0.00  203.00     6  qemu-system-aar
06:32:20     1000         -   3047740    1.00    2.00    0.00    0.00    3.00     6  |__qemu-system-aar
06:32:20     1000         -   3047747    0.00    0.00    0.00    0.00    0.00     1  |__call_rcu
06:32:20     1000         -   3047762   98.00    0.00    0.00    0.00   98.00    16  |__CPU 0/TCG
06:32:20     1000         -   3047763    0.00    0.00    0.00    0.00    0.00    17  |__CPU 1/TCG
06:32:20     1000         -   3047764   99.00    1.00    0.00    0.00  100.00     4  |__CPU 2/TCG
06:32:20     1000         -   3047765    0.00    0.00    0.00    0.00    0.00     2  |__CPU 3/TCG
06:32:21     1000   3047740         -  200.00    3.00    0.00    1.00  203.00     6  qemu-system-aar
06:32:21     1000         -   3047740    1.00    2.00    0.00    1.00    3.00     5  |__qemu-system-aar
06:32:21     1000         -   3047747    0.00    0.00    0.00    0.00    0.00     1  |__call_rcu
06:32:21     1000         -   3047762   99.00    1.00    0.00    0.00  100.00    16  |__CPU 0/TCG
06:32:21     1000         -   3047763    1.00    0.00    0.00    0.00    1.00    17  |__CPU 1/TCG
06:32:21     1000         -   3047764   99.00    1.00    0.00    0.00  100.00    20  |__CPU 2/TCG
06:32:21     1000         -   3047765    0.00    0.00    0.00    0.00    0.00     2  |__CPU 3/TCG
06:32:22     1000   3047740         -  199.00    3.00    0.00    0.00  202.00     5  qemu-system-aar
06:32:22     1000         -   3047740    1.00    2.00    0.00    0.00    3.00     5  |__qemu-system-aar
06:32:22     1000         -   3047747    0.00    0.00    0.00    0.00    0.00     1  |__call_rcu
06:32:22     1000         -   3047762   99.00    1.00    0.00    0.00  100.00     0  |__CPU 0/TCG
06:32:22     1000         -   3047763    0.00    0.00    0.00    0.00    0.00    19  |__CPU 1/TCG
06:32:22     1000         -   3047764   98.00    1.00    0.00    0.00   99.00    20  |__CPU 2/TCG
06:32:22     1000         -   3047765    0.00    0.00    0.00    0.00    0.00     2  |__CPU 3/TCG
06:32:23     1000   3047740         -  199.00    3.00    0.00    0.00  202.00     1  qemu-system-aar
06:32:23     1000         -   3047740    1.00    2.00    0.00    0.00    3.00     1  |__qemu-system-aar
06:32:23     1000         -   3047747    0.00    0.00    0.00    0.00    0.00     1  |__call_rcu
06:32:23     1000         -   3047762   99.00    0.00    0.00    0.00   99.00     0  |__CPU 0/TCG
06:32:23     1000         -   3047763    1.00    0.00    0.00    0.00    1.00    17  |__CPU 1/TCG
06:32:23     1000         -   3047764   99.00    1.00    0.00    0.00  100.00    20  |__CPU 2/TCG
06:32:23     1000         -   3047765    0.00    0.00    0.00    0.00    0.00     2  |__CPU 3/TCG
06:32:24     1000   3047740         -  200.00    3.00    0.00    0.00  203.00     2  qemu-system-aar
06:32:24     1000         -   3047740    1.00    2.00    0.00    0.00    3.00     2  |__qemu-system-aar
06:32:24     1000         -   3047747    0.00    0.00    0.00    0.00    0.00     1  |__call_rcu
06:32:24     1000         -   3047762   99.00    0.00    0.00    0.00   99.00     0  |__CPU 0/TCG
06:32:24     1000         -   3047763    0.00    0.00    0.00    0.00    0.00    17  |__CPU 1/TCG
06:32:24     1000         -   3047764   98.00    1.00    0.00    0.00   99.00    20  |__CPU 2/TCG
06:32:24     1000         -   3047765    0.00    0.00    0.00    0.00    0.00     2  |__CPU 3/TCG
06:32:25     1000   3047740         -  200.00    2.00    0.00    0.00  202.00     3  qemu-system-aar
06:32:25     1000         -   3047740    1.00    2.00    0.00    0.00    3.00     3  |__qemu-system-aar
06:32:25     1000         -   3047747    0.00    0.00    0.00    0.00    0.00     1  |__call_rcu
06:32:25     1000         -   3047762   99.00    1.00    0.00    0.00  100.00     0  |__CPU 0/TCG
06:32:25     1000         -   3047763    0.00    0.00    0.00    0.00    0.00    19  |__CPU 1/TCG
06:32:25     1000         -   3047764   99.00    1.00    0.00    0.00  100.00    20  |__CPU 2/TCG
06:32:25     1000         -   3047765    0.00    0.00    0.00    0.00    0.00     2  |__CPU 3/TCG
06:32:26     1000   3047740         -  200.00    2.00    0.00    0.00  202.00     1  qemu-system-aar
06:32:26     1000         -   3047740    1.00    3.00    0.00    0.00    4.00     1  |__qemu-system-aar
06:32:26     1000         -   3047747    0.00    0.00    0.00    0.00    0.00     1  |__call_rcu
06:32:26     1000         -   3047762   99.00    0.00    0.00    0.00   99.00     0  |__CPU 0/TCG
06:32:26     1000         -   3047763    1.00    0.00    0.00    0.00    1.00    19  |__CPU 1/TCG
06:32:26     1000         -   3047764   99.00    1.00    0.00    0.00  100.00    20  |__CPU 2/TCG
06:32:26     1000         -   3047765    0.00    0.00    0.00    0.00    0.00     2  |__CPU 3/TCG
06:32:27     1000   3047740         -  199.00    3.00    0.00    0.00  202.00     5  qemu-system-aar
06:32:27     1000         -   3047740    1.00    2.00    0.00    0.00    3.00     6  |__qemu-system-aar
06:32:27     1000         -   3047747    0.00    0.00    0.00    0.00    0.00     1  |__call_rcu
06:32:27     1000         -   3047762   98.00    1.00    0.00    0.00   99.00     2  |__CPU 0/TCG
06:32:27     1000         -   3047763    0.00    0.00    0.00    0.00    0.00    17  |__CPU 1/TCG
06:32:27     1000         -   3047764   98.00    1.00    0.00    0.00   99.00    20  |__CPU 2/TCG
06:32:27     1000         -   3047765    0.00    0.00    0.00    0.00    0.00     2  |__CPU 3/TCG
06:32:28     1000   3047740         -  200.00    4.00    0.00    0.00  204.00     3  qemu-system-aar
06:32:28     1000         -   3047740    1.00    2.00    0.00    0.00    3.00     3  |__qemu-system-aar
06:32:28     1000         -   3047747    0.00    0.00    0.00    0.00    0.00     1  |__call_rcu
06:32:28     1000         -   3047762   98.00    1.00    0.00    0.00   99.00    16  |__CPU 0/TCG
06:32:28     1000         -   3047763    1.00    0.00    0.00    0.00    1.00    17  |__CPU 1/TCG
06:32:28     1000         -   3047764   99.00    1.00    0.00    0.00  100.00    20  |__CPU 2/TCG
06:32:28     1000         -   3047765    0.00    0.00    0.00    0.00    0.00     2  |__CPU 3/TCG
06:32:29     1000   3047740         -  199.00    3.00    0.00    0.00  202.00     7  qemu-system-aar
06:32:29     1000         -   3047740    1.00    3.00    0.00    0.00    4.00     7  |__qemu-system-aar
06:32:29     1000         -   3047747    0.00    0.00    0.00    0.00    0.00     1  |__call_rcu
06:32:29     1000         -   3047762   99.00    0.00    0.00    0.00   99.00    16  |__CPU 0/TCG
06:32:29     1000         -   3047763    0.00    0.00    0.00    0.00    0.00    19  |__CPU 1/TCG
06:32:29     1000         -   3047764   99.00    1.00    0.00    0.00  100.00    20  |__CPU 2/TCG
06:32:29     1000         -   3047765    0.00    0.00    0.00    0.00    0.00     2  |__CPU 3/TCG
06:32:30     1000   3047740         -  201.00    3.00    0.00    0.00  204.00     0  qemu-system-aar
06:32:30     1000         -   3047740    0.00    3.00    0.00    0.00    3.00     0  |__qemu-system-aar
06:32:30     1000         -   3047747    0.00    0.00    0.00    0.00    0.00     1  |__call_rcu
06:32:30     1000         -   3047762   99.00    1.00    0.00    0.00  100.00    16  |__CPU 0/TCG
06:32:30     1000         -   3047763    1.00    0.00    0.00    0.00    1.00    21  |__CPU 1/TCG
06:32:30     1000         -   3047764   98.00    1.00    0.00    0.00   99.00    20  |__CPU 2/TCG
06:32:30     1000         -   3047765    0.00    0.00    0.00    0.00    0.00     2  |__CPU 3/TCG
06:32:31     1000   3047740         -  200.00    3.00    0.00    0.00  203.00     2  qemu-system-aar
06:32:31     1000         -   3047740    2.00    2.00    0.00    0.00    4.00     2  |__qemu-system-aar
06:32:31     1000         -   3047747    0.00    0.00    0.00    0.00    0.00     1  |__call_rcu
06:32:31     1000         -   3047762   99.00    0.00    0.00    0.00   99.00    16  |__CPU 0/TCG
06:32:31     1000         -   3047763    0.00    0.00    0.00    0.00    0.00    21  |__CPU 1/TCG
06:32:31     1000         -   3047764   99.00    0.00    0.00    0.00   99.00    20  |__CPU 2/TCG
06:32:31     1000         -   3047765    0.00    0.00    0.00    0.00    0.00     2  |__CPU 3/TCG
06:32:32     1000   3047740         -  199.00    3.00    0.00    0.00  202.00     6  qemu-system-aar
06:32:32     1000         -   3047740    1.00    2.00    0.00    0.00    3.00     6  |__qemu-system-aar
06:32:32     1000         -   3047747    0.00    0.00    0.00    0.00    0.00     1  |__call_rcu
06:32:32     1000         -   3047762   99.00    1.00    0.00    0.00  100.00    16  |__CPU 0/TCG
06:32:32     1000         -   3047763    1.00    0.00    0.00    0.00    1.00     1  |__CPU 1/TCG
06:32:32     1000         -   3047764   99.00    1.00    0.00    0.00  100.00    20  |__CPU 2/TCG
06:32:32     1000         -   3047765    0.00    0.00    0.00    0.00    0.00     2  |__CPU 3/TCG
06:32:33     1000   3047740         -  200.00    3.00    0.00    0.00  203.00     1  qemu-system-aar
06:32:33     1000         -   3047740    1.00    2.00    0.00    0.00    3.00     1  |__qemu-system-aar
06:32:33     1000         -   3047747    0.00    0.00    0.00    0.00    0.00     1  |__call_rcu
06:32:33     1000         -   3047762   98.00    0.00    0.00    0.00   98.00    16  |__CPU 0/TCG
06:32:33     1000         -   3047763    1.00    0.00    0.00    0.00    1.00    21  |__CPU 1/TCG
06:32:33     1000         -   3047764   99.00    1.00    0.00    0.00  100.00    20  |__CPU 2/TCG
06:32:33     1000         -   3047765    0.00    0.00    0.00    0.00    0.00     2  |__CPU 3/TCG
06:32:34     1000   3047740         -  201.00    2.00    0.00    0.00  203.00     1  qemu-system-aar
06:32:34     1000         -   3047740    1.00    2.00    0.00    0.00    3.00     1  |__qemu-system-aar
06:32:34     1000         -   3047747    0.00    0.00    0.00    0.00    0.00     1  |__call_rcu
06:32:34     1000         -   3047762   99.00    1.00    0.00    0.00  100.00    16  |__CPU 0/TCG
06:32:34     1000         -   3047763    0.00    0.00    0.00    0.00    0.00    21  |__CPU 1/TCG
06:32:34     1000         -   3047764   98.00    1.00    0.00    0.00   99.00    20  |__CPU 2/TCG
06:32:34     1000         -   3047765    0.00    0.00    0.00    0.00    0.00     2  |__CPU 3/TCG
06:32:35     1000   3047740         -  199.00    3.00    0.00    0.00  202.00    18  qemu-system-aar
06:32:35     1000         -   3047740    1.00    2.00    0.00    0.00    3.00    18  |__qemu-system-aar
06:32:35     1000         -   3047747    0.00    0.00    0.00    0.00    0.00     1  |__call_rcu
06:32:35     1000         -   3047762   99.00    0.00    0.00    0.00   99.00    16  |__CPU 0/TCG
06:32:35     1000         -   3047763    1.00    0.00    0.00    0.00    1.00    21  |__CPU 1/TCG
06:32:35     1000         -   3047764   98.00    2.00    0.00    0.00  100.00    20  |__CPU 2/TCG
06:32:35     1000         -   3047765    0.00    0.00    0.00    0.00    0.00     2  |__CPU 3/TCG
06:32:36     1000   3047740         -  201.00    2.00    0.00    0.00  203.00    18  qemu-system-aar
06:32:36     1000         -   3047740    2.00    2.00    0.00    0.00    4.00    18  |__qemu-system-aar
06:32:36     1000         -   3047747    0.00    0.00    0.00    0.00    0.00     1  |__call_rcu
06:32:36     1000         -   3047762   99.00    1.00    0.00    0.00  100.00    16  |__CPU 0/TCG
06:32:36     1000         -   3047763    0.00    0.00    0.00    0.00    0.00    21  |__CPU 1/TCG
06:32:36     1000         -   3047764   99.00    1.00    0.00    0.00  100.00    20  |__CPU 2/TCG
06:32:36     1000         -   3047765    0.00    0.00    0.00    0.00    0.00     2  |__CPU 3/TCG
06:32:37     1000   3047740         -  201.00    2.00    0.00    0.00  203.00    18  qemu-system-aar
06:32:37     1000         -   3047740    2.00    1.00    0.00    0.00    3.00    18  |__qemu-system-aar
06:32:37     1000         -   3047747    0.00    0.00    0.00    0.00    0.00     1  |__call_rcu
06:32:37     1000         -   3047762   99.00    0.00    0.00    0.00   99.00    16  |__CPU 0/TCG
06:32:37     1000         -   3047763    1.00    0.00    0.00    0.00    1.00    21  |__CPU 1/TCG
06:32:37     1000         -   3047764   99.00    0.00    0.00    0.00   99.00    20  |__CPU 2/TCG
06:32:37     1000         -   3047765    0.00    0.00    0.00    0.00    0.00     2  |__CPU 3/TCG
06:32:38     1000   3047740         -  199.00    4.00    0.00    0.00  203.00    18  qemu-system-aar
06:32:38     1000         -   3047740    1.00    2.00    0.00    0.00    3.00    18  |__qemu-system-aar
06:32:38     1000         -   3047747    0.00    0.00    0.00    0.00    0.00     1  |__call_rcu
06:32:38     1000         -   3047762   99.00    1.00    0.00    0.00  100.00     0  |__CPU 0/TCG
06:32:38     1000         -   3047763    1.00    0.00    0.00    0.00    1.00    21  |__CPU 1/TCG
06:32:38     1000         -   3047764   99.00    1.00    0.00    0.00  100.00     4  |__CPU 2/TCG
06:32:38     1000         -   3047765    0.00    0.00    0.00    0.00    0.00     2  |__CPU 3/TCG
06:32:39     1000   3047740         -  200.00    2.00    0.00    0.00  202.00     1  qemu-system-aar
06:32:39     1000         -   3047740    1.00    2.00    0.00    0.00    3.00     1  |__qemu-system-aar
06:32:39     1000         -   3047747    0.00    0.00    0.00    0.00    0.00     1  |__call_rcu
06:32:39     1000         -   3047762   98.00    0.00    0.00    0.00   98.00     0  |__CPU 0/TCG
06:32:39     1000         -   3047763    0.00    0.00    0.00    0.00    0.00    21  |__CPU 1/TCG
06:32:39     1000         -   3047764   99.00    1.00    0.00    0.00  100.00     4  |__CPU 2/TCG
06:32:39     1000         -   3047765    0.00    0.00    0.00    0.00    0.00     2  |__CPU 3/TCG
06:32:40     1000   3047740         -  199.00    3.00    0.00    0.00  202.00    18  qemu-system-aar
06:32:40     1000         -   3047740    1.00    2.00    0.00    0.00    3.00    18  |__qemu-system-aar
06:32:40     1000         -   3047747    0.00    0.00    0.00    0.00    0.00     1  |__call_rcu
06:32:40     1000         -   3047762  100.00    0.00    0.00    0.00  100.00     0  |__CPU 0/TCG
06:32:40     1000         -   3047763    1.00    0.00    0.00    0.00    1.00     1  |__CPU 1/TCG
06:32:40     1000         -   3047764   98.00    1.00    0.00    0.00   99.00     4  |__CPU 2/TCG
06:32:40     1000         -   3047765    0.00    0.00    0.00    0.00    0.00     2  |__CPU 3/TCG
06:32:41     1000   3047740         -  200.00    4.00    0.00    0.00  204.00    18  qemu-system-aar
06:32:41     1000         -   3047740    2.00    2.00    0.00    0.00    4.00    18  |__qemu-system-aar
06:32:41     1000         -   3047747    0.00    0.00    0.00    0.00    0.00     1  |__call_rcu
06:32:41     1000         -   3047762   98.00    1.00    0.00    0.00   99.00     0  |__CPU 0/TCG
06:32:41     1000         -   3047763    0.00    0.00    0.00    0.00    0.00    21  |__CPU 1/TCG
06:32:41     1000         -   3047764   99.00    1.00    0.00    0.00  100.00     4  |__CPU 2/TCG
06:32:41     1000         -   3047765    0.00    0.00    0.00    0.00    0.00     2  |__CPU 3/TCG
06:32:42     1000   3047740         -  200.00    2.00    0.00    0.00  202.00     5  qemu-system-aar
06:32:42     1000         -   3047740    1.00    1.00    0.00    0.00    2.00     5  |__qemu-system-aar
06:32:42     1000         -   3047747    0.00    0.00    0.00    0.00    0.00     1  |__call_rcu
06:32:42     1000         -   3047762   99.00    0.00    0.00    0.00   99.00     0  |__CPU 0/TCG
06:32:42     1000         -   3047763    1.00    0.00    0.00    0.00    1.00    21  |__CPU 1/TCG
06:32:42     1000         -   3047764   98.00    1.00    0.00    0.00   99.00     4  |__CPU 2/TCG
06:32:42     1000         -   3047765    0.00    0.00    0.00    0.00    0.00     2  |__CPU 3/TCG
06:32:43     1000   3047740         -  200.00    3.00    0.00    0.00  203.00    19  qemu-system-aar
06:32:43     1000         -   3047740    2.00    2.00    0.00    0.00    4.00    19  |__qemu-system-aar
06:32:43     1000         -   3047747    0.00    0.00    0.00    0.00    0.00     1  |__call_rcu
06:32:43     1000         -   3047762   99.00    1.00    0.00    0.00  100.00    16  |__CPU 0/TCG
06:32:43     1000         -   3047763    0.00    0.00    0.00    0.00    0.00    21  |__CPU 1/TCG
06:32:43     1000         -   3047764   99.00    2.00    0.00    0.00  101.00    20  |__CPU 2/TCG
06:32:43     1000         -   3047765    0.00    0.00    0.00    0.00    0.00     2  |__CPU 3/TCG
06:32:44     1000   3047740         -  200.00    3.00    0.00    0.00  203.00     1  qemu-system-aar
06:32:44     1000         -   3047740    1.00    2.00    0.00    0.00    3.00     1  |__qemu-system-aar
06:32:44     1000         -   3047747    0.00    0.00    0.00    0.00    0.00     1  |__call_rcu
06:32:44     1000         -   3047762   99.00    0.00    0.00    0.00   99.00    16  |__CPU 0/TCG
06:32:44     1000         -   3047763    1.00    0.00    0.00    0.00    1.00    22  |__CPU 1/TCG
06:32:44     1000         -   3047764   99.00    0.00    0.00    0.00   99.00    20  |__CPU 2/TCG
06:32:44     1000         -   3047765    0.00    0.00    0.00    0.00    0.00     2  |__CPU 3/TCG
06:32:45     1000   3047740         -  200.00    2.00    0.00    0.00  202.00     1  qemu-system-aar
06:32:45     1000         -   3047740    1.00    2.00    0.00    0.00    3.00     1  |__qemu-system-aar
06:32:45     1000         -   3047747    0.00    0.00    0.00    0.00    0.00     1  |__call_rcu
06:32:45     1000         -   3047762   99.00    0.00    0.00    0.00   99.00    16  |__CPU 0/TCG
06:32:45     1000         -   3047763    1.00    0.00    0.00    0.00    1.00    22  |__CPU 1/TCG
06:32:45     1000         -   3047764   99.00    1.00    0.00    0.00  100.00    20  |__CPU 2/TCG
06:32:45     1000         -   3047765    0.00    0.00    0.00    0.00    0.00     2  |__CPU 3/TCG
06:32:46     1000   3047740         -  200.00    3.00    0.00    0.00  203.00     5  qemu-system-aar
06:32:46     1000         -   3047740    1.00    2.00    0.00    0.00    3.00     5  |__qemu-system-aar
06:32:46     1000         -   3047747    0.00    0.00    0.00    0.00    0.00     1  |__call_rcu
06:32:46     1000         -   3047762   98.00    1.00    0.00    0.00   99.00    16  |__CPU 0/TCG
06:32:46     1000         -   3047763    0.00    0.00    0.00    0.00    0.00    22  |__CPU 1/TCG
06:32:46     1000         -   3047764   98.00    1.00    0.00    0.00   99.00    20  |__CPU 2/TCG
06:32:46     1000         -   3047765    0.00    0.00    0.00    0.00    0.00     2  |__CPU 3/TCG
06:32:47     1000   3047740         -  200.00    3.00    0.00    0.00  203.00    21  qemu-system-aar
06:32:47     1000         -   3047740    1.00    3.00    0.00    0.00    4.00    21  |__qemu-system-aar
06:32:47     1000         -   3047747    0.00    0.00    0.00    0.00    0.00     1  |__call_rcu
06:32:47     1000         -   3047762   99.00    0.00    0.00    0.00   99.00    16  |__CPU 0/TCG
06:32:47     1000         -   3047763    1.00    0.00    0.00    0.00    1.00    22  |__CPU 1/TCG
06:32:47     1000         -   3047764   99.00    1.00    0.00    0.00  100.00    20  |__CPU 2/TCG
06:32:47     1000         -   3047765    0.00    0.00    0.00    0.00    0.00     2  |__CPU 3/TCG
06:32:48     1000   3047740         -  200.00    3.00    0.00    0.00  203.00     7  qemu-system-aar
06:32:48     1000         -   3047740    1.00    2.00    0.00    0.00    3.00     7  |__qemu-system-aar
06:32:48     1000         -   3047747    0.00    0.00    0.00    0.00    0.00     1  |__call_rcu
06:32:48     1000         -   3047762   99.00    1.00    0.00    0.00  100.00    16  |__CPU 0/TCG
06:32:48     1000         -   3047763    0.00    0.00    0.00    0.00    0.00    22  |__CPU 1/TCG
06:32:48     1000         -   3047764   98.00    2.00    0.00    0.00  100.00    20  |__CPU 2/TCG
06:32:48     1000         -   3047765    0.00    0.00    0.00    0.00    0.00     2  |__CPU 3/TCG
06:32:49     1000   3047740         -  200.00    2.00    0.00    0.00  202.00     6  qemu-system-aar
06:32:49     1000         -   3047740    1.00    2.00    0.00    0.00    3.00     6  |__qemu-system-aar
06:32:49     1000         -   3047747    0.00    0.00    0.00    0.00    0.00     1  |__call_rcu
06:32:49     1000         -   3047762   99.00    0.00    0.00    0.00   99.00    16  |__CPU 0/TCG
06:32:49     1000         -   3047763    1.00    0.00    0.00    0.00    1.00    21  |__CPU 1/TCG
06:32:49     1000         -   3047764   99.00    1.00    0.00    0.00  100.00    20  |__CPU 2/TCG
06:32:49     1000         -   3047765    0.00    0.00    0.00    0.00    0.00     2  |__CPU 3/TCG
06:32:50     1000   3047740         -  200.00    3.00    0.00    0.00  203.00     6  qemu-system-aar
06:32:50     1000         -   3047740    2.00    2.00    0.00    0.00    4.00     6  |__qemu-system-aar
06:32:50     1000         -   3047747    0.00    0.00    0.00    0.00    0.00     1  |__call_rcu
06:32:50     1000         -   3047762   99.00    0.00    0.00    0.00   99.00    16  |__CPU 0/TCG
06:32:50     1000         -   3047763    0.00    1.00    0.00    0.00    1.00    21  |__CPU 1/TCG
06:32:50     1000         -   3047764   99.00    0.00    0.00    0.00   99.00    20  |__CPU 2/TCG
06:32:50     1000         -   3047765    0.00    0.00    0.00    0.00    0.00     2  |__CPU 3/TCG
06:32:51     1000   3047740         -  200.00    3.00    0.00    0.00  203.00    17  qemu-system-aar
06:32:51     1000         -   3047740    1.00    2.00    0.00    0.00    3.00    17  |__qemu-system-aar
06:32:51     1000         -   3047747    0.00    0.00    0.00    0.00    0.00     1  |__call_rcu
06:32:51     1000         -   3047762   99.00    1.00    0.00    0.00  100.00    16  |__CPU 0/TCG
06:32:51     1000         -   3047763    0.00    0.00    0.00    0.00    0.00    21  |__CPU 1/TCG
06:32:51     1000         -   3047764   98.00    2.00    0.00    0.00  100.00    20  |__CPU 2/TCG
06:32:51     1000         -   3047765    0.00    0.00    0.00    0.00    0.00     2  |__CPU 3/TCG
06:32:52     1000   3047740         -  199.00    3.00    0.00    0.00  202.00    22  qemu-system-aar
06:32:52     1000         -   3047740    1.00    2.00    0.00    0.00    3.00    22  |__qemu-system-aar
06:32:52     1000         -   3047747    0.00    0.00    0.00    0.00    0.00     1  |__call_rcu
06:32:52     1000         -   3047762   98.00    0.00    0.00    0.00   98.00    16  |__CPU 0/TCG
06:32:52     1000         -   3047763    1.00    0.00    0.00    0.00    1.00     3  |__CPU 1/TCG
06:32:52     1000         -   3047764   98.00    1.00    0.00    0.00   99.00     4  |__CPU 2/TCG
06:32:52     1000         -   3047765    0.00    0.00    0.00    0.00    0.00     2  |__CPU 3/TCG
06:32:53     1000   3047740         -  200.00    3.00    0.00    0.00  203.00    21  qemu-system-aar
06:32:53     1000         -   3047740    1.00    2.00    0.00    0.00    3.00    21  |__qemu-system-aar
06:32:53     1000         -   3047747    0.00    0.00    0.00    0.00    0.00     1  |__call_rcu
06:32:53     1000         -   3047762   99.00    0.00    0.00    0.00   99.00    16  |__CPU 0/TCG
06:32:53     1000         -   3047763    1.00    0.00    0.00    0.00    1.00     3  |__CPU 1/TCG
06:32:53     1000         -   3047764   99.00    1.00    0.00    0.00  100.00     4  |__CPU 2/TCG
06:32:53     1000         -   3047765    0.00    0.00    0.00    0.00    0.00     2  |__CPU 3/TCG
06:32:54     1000   3047740         -  200.00    4.00    0.00    0.00  204.00    22  qemu-system-aar
06:32:54     1000         -   3047740    1.00    3.00    0.00    0.00    4.00    22  |__qemu-system-aar
06:32:54     1000         -   3047747    0.00    0.00    0.00    0.00    0.00     1  |__call_rcu
06:32:54     1000         -   3047762   99.00    1.00    0.00    0.00  100.00    16  |__CPU 0/TCG
06:32:54     1000         -   3047763    0.00    0.00    0.00    0.00    0.00     3  |__CPU 1/TCG
06:32:54     1000         -   3047764   99.00    1.00    0.00    0.00  100.00    20  |__CPU 2/TCG
06:32:54     1000         -   3047765    0.00    0.00    0.00    0.00    0.00     2  |__CPU 3/TCG
06:32:55     1000   3047740         -  198.00    4.00    0.00    0.00  202.00     1  qemu-system-aar
06:32:55     1000         -   3047740    1.00    3.00    0.00    0.00    4.00     1  |__qemu-system-aar
06:32:55     1000         -   3047747    0.00    0.00    0.00    0.00    0.00     1  |__call_rcu
06:32:55     1000         -   3047762   99.00    0.00    0.00    0.00   99.00     0  |__CPU 0/TCG
06:32:55     1000         -   3047763    1.00    0.00    0.00    0.00    1.00     2  |__CPU 1/TCG
06:32:55     1000         -   3047764   98.00    1.00    0.00    0.00   99.00    20  |__CPU 2/TCG
06:32:55     1000         -   3047765    0.00    0.00    0.00    0.00    0.00     2  |__CPU 3/TCG
06:32:56     1000   3047740         -  200.00    4.00    0.00    0.00  204.00    16  qemu-system-aar
06:32:56     1000         -   3047740    1.00    3.00    0.00    0.00    4.00    16  |__qemu-system-aar
06:32:56     1000         -   3047747    0.00    0.00    0.00    0.00    0.00     1  |__call_rcu
06:32:56     1000         -   3047762   99.00    1.00    0.00    0.00  100.00     0  |__CPU 0/TCG
06:32:56     1000         -   3047763    1.00    0.00    0.00    0.00    1.00     2  |__CPU 1/TCG
06:32:56     1000         -   3047764   99.00    1.00    0.00    0.00  100.00    20  |__CPU 2/TCG
06:32:56     1000         -   3047765    0.00    0.00    0.00    0.00    0.00     2  |__CPU 3/TCG
06:32:57     1000   3047740         -  200.00    4.00    0.00    0.00  204.00    16  qemu-system-aar
06:32:57     1000         -   3047740    1.00    3.00    0.00    0.00    4.00    16  |__qemu-system-aar
06:32:57     1000         -   3047747    0.00    0.00    0.00    0.00    0.00     1  |__call_rcu
06:32:57     1000         -   3047762   98.00    0.00    0.00    0.00   98.00     0  |__CPU 0/TCG
06:32:57     1000         -   3047763    0.00    0.00    0.00    0.00    0.00     3  |__CPU 1/TCG
06:32:57     1000         -   3047764   99.00    1.00    0.00    0.00  100.00    20  |__CPU 2/TCG
06:32:57     1000         -   3047765    0.00    0.00    0.00    0.00    0.00     2  |__CPU 3/TCG
06:32:58     1000   3047740         -  200.00    3.00    0.00    0.00  203.00     2  qemu-system-aar
06:32:58     1000         -   3047740    1.00    3.00    0.00    0.00    4.00     2  |__qemu-system-aar
06:32:58     1000         -   3047747    0.00    0.00    0.00    0.00    0.00     1  |__call_rcu
06:32:58     1000         -   3047762   99.00    1.00    0.00    0.00  100.00    16  |__CPU 0/TCG
06:32:58     1000         -   3047763    1.00    0.00    0.00    0.00    1.00     3  |__CPU 1/TCG
06:32:58     1000         -   3047764   98.00    1.00    0.00    0.00   99.00    20  |__CPU 2/TCG
06:32:58     1000         -   3047765    0.00    0.00    0.00    0.00    0.00     2  |__CPU 3/TCG
06:32:59     1000   3047740         -  201.00    3.00    0.00    0.00  204.00    16  qemu-system-aar
06:32:59     1000         -   3047740    1.00    3.00    0.00    0.00    4.00    16  |__qemu-system-aar
06:32:59     1000         -   3047747    0.00    0.00    0.00    0.00    0.00     1  |__call_rcu
06:32:59     1000         -   3047762   99.00    0.00    0.00    0.00   99.00     0  |__CPU 0/TCG
06:32:59     1000         -   3047763    1.00    0.00    0.00    0.00    1.00     6  |__CPU 1/TCG
06:32:59     1000         -   3047764   99.00    0.00    0.00    0.00   99.00    20  |__CPU 2/TCG
06:32:59     1000         -   3047765    0.00    0.00    0.00    0.00    0.00     2  |__CPU 3/TCG
06:33:00     1000   3047740         -  200.00    3.00    0.00    0.00  203.00    16  qemu-system-aar
06:33:00     1000         -   3047740    1.00    3.00    0.00    0.00    4.00    16  |__qemu-system-aar
06:33:00     1000         -   3047747    0.00    0.00    0.00    0.00    0.00     1  |__call_rcu
06:33:00     1000         -   3047762   99.00    1.00    0.00    0.00  100.00     0  |__CPU 0/TCG
06:33:00     1000         -   3047763    0.00    0.00    0.00    0.00    0.00     6  |__CPU 1/TCG
06:33:00     1000         -   3047764   98.00    2.00    0.00    0.00  100.00    20  |__CPU 2/TCG
06:33:00     1000         -   3047765    0.00    0.00    0.00    0.00    0.00     2  |__CPU 3/TCG
06:33:01     1000   3047740         -  201.00    3.00    0.00    0.00  204.00     1  qemu-system-aar
06:33:01     1000         -   3047740    2.00    2.00    0.00    0.00    4.00     1  |__qemu-system-aar
06:33:01     1000         -   3047747    0.00    0.00    0.00    0.00    0.00     1  |__call_rcu
06:33:01     1000         -   3047762   99.00    0.00    0.00    0.00   99.00    16  |__CPU 0/TCG
06:33:01     1000         -   3047763    1.00    0.00    0.00    0.00    1.00     6  |__CPU 1/TCG
06:33:01     1000         -   3047764   99.00    1.00    0.00    0.00  100.00    20  |__CPU 2/TCG
06:33:01     1000         -   3047765    0.00    0.00    0.00    0.00    0.00     2  |__CPU 3/TCG
06:33:02     1000   3047740         -  201.00    2.00    0.00    0.00  203.00    17  qemu-system-aar
06:33:02     1000         -   3047740    1.00    2.00    0.00    0.00    3.00    17  |__qemu-system-aar
06:33:02     1000         -   3047747    0.00    0.00    0.00    0.00    0.00     1  |__call_rcu
06:33:02     1000         -   3047762   99.00    0.00    0.00    0.00   99.00    16  |__CPU 0/TCG
06:33:02     1000         -   3047763    0.00    0.00    0.00    0.00    0.00     6  |__CPU 1/TCG
06:33:02     1000         -   3047764   99.00    0.00    0.00    0.00   99.00    20  |__CPU 2/TCG
06:33:02     1000         -   3047765    0.00    0.00    0.00    0.00    0.00     2  |__CPU 3/TCG
06:33:03     1000   3047740         -  200.00    3.00    0.00    0.00  203.00     7  qemu-system-aar
06:33:03     1000         -   3047740    1.00    3.00    0.00    0.00    4.00     7  |__qemu-system-aar
06:33:03     1000         -   3047747    0.00    0.00    0.00    0.00    0.00     1  |__call_rcu
06:33:03     1000         -   3047762   98.00    1.00    0.00    0.00   99.00    16  |__CPU 0/TCG
06:33:03     1000         -   3047763    1.00    0.00    0.00    0.00    1.00     6  |__CPU 1/TCG
06:33:03     1000         -   3047764   98.00    1.00    0.00    0.00   99.00     4  |__CPU 2/TCG
06:33:03     1000         -   3047765    0.00    0.00    0.00    0.00    0.00     2  |__CPU 3/TCG
06:33:04     1000   3047740         -  199.00    3.00    0.00    0.00  202.00    17  qemu-system-aar
06:33:04     1000         -   3047740    1.00    2.00    0.00    0.00    3.00    17  |__qemu-system-aar
06:33:04     1000         -   3047747    0.00    0.00    0.00    0.00    0.00     1  |__call_rcu
06:33:04     1000         -   3047762   99.00    1.00    0.00    0.00  100.00    16  |__CPU 0/TCG
06:33:04     1000         -   3047763    1.00    0.00    0.00    0.00    1.00     6  |__CPU 1/TCG
06:33:04     1000         -   3047764   99.00    2.00    0.00    0.00  101.00     4  |__CPU 2/TCG
06:33:04     1000         -   3047765    0.00    0.00    0.00    0.00    0.00     2  |__CPU 3/TCG
06:33:05     1000   3047740         -  200.00    3.00    0.00    0.00  203.00    17  qemu-system-aar
06:33:05     1000         -   3047740    1.00    2.00    0.00    0.00    3.00    17  |__qemu-system-aar
06:33:05     1000         -   3047747    0.00    0.00    0.00    0.00    0.00     1  |__call_rcu
06:33:05     1000         -   3047762   98.00    0.00    0.00    0.00   98.00    16  |__CPU 0/TCG
06:33:05     1000         -   3047763    0.00    0.00    0.00    0.00    0.00     6  |__CPU 1/TCG
06:33:05     1000         -   3047764   99.00    0.00    0.00    0.00   99.00     4  |__CPU 2/TCG
06:33:05     1000         -   3047765    0.00    0.00    0.00    0.00    0.00     2  |__CPU 3/TCG
06:33:06     1000   3047740         -  200.00    3.00    0.00    0.00  203.00    17  qemu-system-aar
06:33:06     1000         -   3047740    1.00    2.00    0.00    0.00    3.00    17  |__qemu-system-aar
06:33:06     1000         -   3047747    0.00    0.00    0.00    0.00    0.00     1  |__call_rcu
06:33:06     1000         -   3047762   99.00    1.00    0.00    0.00  100.00    16  |__CPU 0/TCG
06:33:06     1000         -   3047763    1.00    0.00    0.00    0.00    1.00     6  |__CPU 1/TCG
06:33:06     1000         -   3047764   98.00    1.00    0.00    0.00   99.00     4  |__CPU 2/TCG
06:33:06     1000         -   3047765    0.00    0.00    0.00    0.00    0.00     2  |__CPU 3/TCG
06:33:07     1000   3047740         -  201.00    2.00    0.00    0.00  203.00    21  qemu-system-aar
06:33:07     1000         -   3047740    2.00    2.00    0.00    0.00    4.00    21  |__qemu-system-aar
06:33:07     1000         -   3047747    0.00    0.00    0.00    0.00    0.00     1  |__call_rcu
06:33:07     1000         -   3047762   99.00    0.00    0.00    0.00   99.00    16  |__CPU 0/TCG
06:33:07     1000         -   3047763    1.00    0.00    0.00    0.00    1.00    17  |__CPU 1/TCG
06:33:07     1000         -   3047764   99.00    1.00    0.00    0.00  100.00     4  |__CPU 2/TCG
06:33:07     1000         -   3047765    0.00    0.00    0.00    0.00    0.00     2  |__CPU 3/TCG
06:33:08     1000   3047740         -  200.00    3.00    0.00    0.00  203.00    23  qemu-system-aar
06:33:08     1000         -   3047740    1.00    2.00    0.00    0.00    3.00    23  |__qemu-system-aar
06:33:08     1000         -   3047747    0.00    0.00    0.00    0.00    0.00     1  |__call_rcu
06:33:08     1000         -   3047762   99.00    0.00    0.00    0.00   99.00    16  |__CPU 0/TCG
06:33:08     1000         -   3047763    0.00    0.00    0.00    0.00    0.00    17  |__CPU 1/TCG
06:33:08     1000         -   3047764   99.00    1.00    0.00    0.00  100.00    20  |__CPU 2/TCG
06:33:08     1000         -   3047765    0.00    0.00    0.00    0.00    0.00     2  |__CPU 3/TCG
06:33:09     1000   3047740         -  200.00    2.00    0.00    0.00  202.00    23  qemu-system-aar
06:33:09     1000         -   3047740    2.00    2.00    0.00    0.00    4.00    23  |__qemu-system-aar
06:33:09     1000         -   3047747    0.00    0.00    0.00    0.00    0.00     1  |__call_rcu
06:33:09     1000         -   3047762   99.00    1.00    0.00    0.00  100.00    16  |__CPU 0/TCG
06:33:09     1000         -   3047763    1.00    0.00    0.00    0.00    1.00    17  |__CPU 1/TCG
06:33:09     1000         -   3047764   99.00    1.00    0.00    0.00  100.00    20  |__CPU 2/TCG
06:33:09     1000         -   3047765    0.00    0.00    0.00    0.00    0.00     2  |__CPU 3/TCG
06:33:10     1000   3047740         -  201.00    2.00    0.00    0.00  203.00    23  qemu-system-aar
06:33:10     1000         -   3047740    1.00    2.00    0.00    0.00    3.00    23  |__qemu-system-aar
06:33:10     1000         -   3047747    0.00    0.00    0.00    0.00    0.00     1  |__call_rcu
06:33:10     1000         -   3047762   99.00    0.00    0.00    0.00   99.00    16  |__CPU 0/TCG
06:33:10     1000         -   3047763    0.00    0.00    0.00    0.00    0.00     6  |__CPU 1/TCG
06:33:10     1000         -   3047764   98.00    1.00    0.00    0.00   99.00    20  |__CPU 2/TCG
06:33:10     1000         -   3047765    0.00    0.00    0.00    0.00    0.00     2  |__CPU 3/TCG
06:33:11     1000   3047740         -  199.00    3.00    0.00    0.00  202.00     3  qemu-system-aar
06:33:11     1000         -   3047740    1.00    2.00    0.00    0.00    3.00     3  |__qemu-system-aar
06:33:11     1000         -   3047747    0.00    0.00    0.00    0.00    0.00     1  |__call_rcu
06:33:11     1000         -   3047762   99.00    1.00    0.00    0.00  100.00    16  |__CPU 0/TCG
06:33:11     1000         -   3047763    1.00    0.00    0.00    0.00    1.00    17  |__CPU 1/TCG
06:33:11     1000         -   3047764   99.00    1.00    0.00    0.00  100.00    20  |__CPU 2/TCG
06:33:11     1000         -   3047765    0.00    0.00    0.00    0.00    0.00     2  |__CPU 3/TCG
06:33:12     1000   3047740         -  200.00    4.00    0.00    0.00  204.00     3  qemu-system-aar
06:33:12     1000         -   3047740    1.00    1.00    0.00    0.00    2.00     3  |__qemu-system-aar
06:33:12     1000         -   3047747    0.00    0.00    0.00    0.00    0.00     1  |__call_rcu
06:33:12     1000         -   3047762   98.00    0.00    0.00    0.00   98.00    16  |__CPU 0/TCG
06:33:12     1000         -   3047763    1.00    0.00    0.00    0.00    1.00    17  |__CPU 1/TCG
06:33:12     1000         -   3047764   98.00    1.00    0.00    0.00   99.00    20  |__CPU 2/TCG
06:33:12     1000         -   3047765    0.00    0.00    0.00    0.00    0.00     2  |__CPU 3/TCG
06:33:13     1000   3047740         -  198.00    3.00    0.00    0.00  201.00     2  qemu-system-aar
06:33:13     1000         -   3047740    1.00    3.00    0.00    0.00    4.00     2  |__qemu-system-aar
06:33:13     1000         -   3047747    0.00    0.00    0.00    0.00    0.00     1  |__call_rcu
06:33:13     1000         -   3047762   99.00    1.00    0.00    0.00  100.00    16  |__CPU 0/TCG
06:33:13     1000         -   3047763    0.00    0.00    0.00    0.00    0.00    17  |__CPU 1/TCG
06:33:13     1000         -   3047764   98.00    2.00    0.00    0.00  100.00    20  |__CPU 2/TCG
06:33:13     1000         -   3047765    0.00    0.00    0.00    0.00    0.00     2  |__CPU 3/TCG
06:33:14     1000   3047740         -  201.00    3.00    0.00    0.00  204.00     5  qemu-system-aar
06:33:14     1000         -   3047740    2.00    1.00    0.00    0.00    3.00     5  |__qemu-system-aar
06:33:14     1000         -   3047747    0.00    0.00    0.00    0.00    0.00     1  |__call_rcu
06:33:14     1000         -   3047762   99.00    0.00    0.00    0.00   99.00    16  |__CPU 0/TCG
06:33:14     1000         -   3047763    1.00    0.00    0.00    0.00    1.00    17  |__CPU 1/TCG
06:33:14     1000         -   3047764   99.00    1.00    0.00    0.00  100.00    20  |__CPU 2/TCG
06:33:14     1000         -   3047765    0.00    0.00    0.00    0.00    0.00     2  |__CPU 3/TCG
06:33:15     1000   3047740         -  201.00    2.00    0.00    0.00  203.00    17  qemu-system-aar
06:33:15     1000         -   3047740    1.00    2.00    0.00    0.00    3.00    17  |__qemu-system-aar
06:33:15     1000         -   3047747    0.00    0.00    0.00    0.00    0.00     1  |__call_rcu
06:33:15     1000         -   3047762   99.00    1.00    0.00    0.00  100.00    16  |__CPU 0/TCG
06:33:15     1000         -   3047763    0.00    0.00    0.00    0.00    0.00    18  |__CPU 1/TCG
06:33:15     1000         -   3047764   99.00    0.00    0.00    0.00   99.00    20  |__CPU 2/TCG
06:33:15     1000         -   3047765    0.00    0.00    0.00    0.00    0.00     2  |__CPU 3/TCG
06:33:16     1000   3047740         -  199.00    2.00    0.00    0.00  201.00    19  qemu-system-aar
06:33:16     1000         -   3047740    1.00    2.00    0.00    0.00    3.00    19  |__qemu-system-aar
06:33:16     1000         -   3047747    0.00    0.00    0.00    0.00    0.00     1  |__call_rcu
06:33:16     1000         -   3047762   99.00    0.00    0.00    0.00   99.00    16  |__CPU 0/TCG
06:33:16     1000         -   3047763    1.00    0.00    0.00    0.00    1.00    18  |__CPU 1/TCG
06:33:16     1000         -   3047764   99.00    1.00    0.00    0.00  100.00    20  |__CPU 2/TCG
06:33:16     1000         -   3047765    0.00    0.00    0.00    0.00    0.00     2  |__CPU 3/TCG
06:33:17     1000   3047740         -  200.00    3.00    0.00    0.00  203.00    19  qemu-system-aar
06:33:17     1000         -   3047740    2.00    1.00    0.00    0.00    3.00    19  |__qemu-system-aar
06:33:17     1000         -   3047747    0.00    0.00    0.00    0.00    0.00     1  |__call_rcu
06:33:17     1000         -   3047762   98.00    1.00    0.00    0.00   99.00    16  |__CPU 0/TCG
06:33:17     1000         -   3047763    1.00    0.00    0.00    0.00    1.00    18  |__CPU 1/TCG
06:33:17     1000         -   3047764   98.00    2.00    0.00    0.00  100.00    20  |__CPU 2/TCG
06:33:17     1000         -   3047765    0.00    0.00    0.00    0.00    0.00     2  |__CPU 3/TCG
