Linux 6.17.0-40-generic (9950x) 	08/15/26 	_x86_64_	(32 CPU)

# Time        UID      TGID       TID    %usr %system  %guest   %wait    %CPU   CPU  Command
18:41:36     1000   1243286         -  101.00    8.00    0.00    0.00  109.00    11  qemu-system-aar
18:41:36     1000         -   1243286    1.00    3.00    0.00    0.00    4.00    11  |__qemu-system-aar
18:41:36     1000         -   1243293    0.00    0.00    0.00    0.00    0.00    16  |__call_rcu
18:41:36     1000         -   1243294    0.00    0.00    0.00    0.00    0.00     1  |__worker
18:41:36     1000         -   1243303   91.00    3.00    0.00    0.00   94.00    16  |__CPU 0/TCG
18:41:36     1000         -   1243304    1.00    0.00    0.00    0.00    1.00    28  |__CPU 1/TCG
18:41:36     1000         -   1243305    7.00    0.00    0.00    0.00    7.00     4  |__CPU 2/TCG
18:41:36     1000         -   1243306    0.00    0.00    0.00    0.00    0.00    20  |__CPU 3/TCG
18:41:37     1000   1243286         -  198.00    6.00    0.00    0.00  204.00    11  qemu-system-aar
18:41:37     1000         -   1243286    1.00    4.00    0.00    0.00    5.00    11  |__qemu-system-aar
18:41:37     1000         -   1243293    0.00    0.00    0.00    0.00    0.00    17  |__call_rcu
18:41:37     1000         -   1243294    0.00    0.00    0.00    0.00    0.00     1  |__worker
18:41:37     1000         -   1243303   97.00    3.00    0.00    0.00  100.00    16  |__CPU 0/TCG
18:41:37     1000         -   1243304    0.00    0.00    0.00    0.00    0.00    28  |__CPU 1/TCG
18:41:37     1000         -   1243305   96.00    2.00    0.00    0.00   98.00     4  |__CPU 2/TCG
18:41:37     1000         -   1243306    0.00    0.00    0.00    0.00    0.00    19  |__CPU 3/TCG
18:41:38     1000   1243286         -  198.00    6.00    0.00    0.00  204.00    12  qemu-system-aar
18:41:38     1000         -   1243286    2.00    4.00    0.00    0.00    6.00    12  |__qemu-system-aar
18:41:38     1000         -   1243293    0.00    0.00    0.00    0.00    0.00    17  |__call_rcu
18:41:38     1000         -   1243294    0.00    0.00    0.00    0.00    0.00     1  |__worker
18:41:38     1000         -   1243303   96.00    2.00    0.00    0.00   98.00    16  |__CPU 0/TCG
18:41:38     1000         -   1243304    1.00    1.00    0.00    0.00    2.00    28  |__CPU 1/TCG
18:41:38     1000         -   1243305   97.00    2.00    0.00    0.00   99.00     9  |__CPU 2/TCG
18:41:38     1000         -   1243306    0.00    0.00    0.00    0.00    0.00    19  |__CPU 3/TCG
18:41:39     1000   1243286         -  200.00    3.00    0.00    0.00  203.00    22  qemu-system-aar
18:41:39     1000         -   1243286    1.00    2.00    0.00    0.00    3.00    22  |__qemu-system-aar
18:41:39     1000         -   1243293    0.00    0.00    0.00    0.00    0.00    17  |__call_rcu
18:41:39     1000         -   1243294    0.00    0.00    0.00    0.00    0.00     1  |__worker
18:41:39     1000         -   1243303   98.00    1.00    0.00    0.00   99.00    16  |__CPU 0/TCG
18:41:39     1000         -   1243304    0.00    0.00    0.00    0.00    0.00    28  |__CPU 1/TCG
18:41:39     1000         -   1243305   97.00    2.00    0.00    0.00   99.00    20  |__CPU 2/TCG
18:41:39     1000         -   1243306    0.00    0.00    0.00    0.00    0.00    19  |__CPU 3/TCG
18:41:40     1000   1243286         -  201.00    3.00    0.00    0.00  204.00    21  qemu-system-aar
18:41:40     1000         -   1243286    1.00    3.00    0.00    0.00    4.00    21  |__qemu-system-aar
18:41:40     1000         -   1243293    0.00    0.00    0.00    0.00    0.00    17  |__call_rcu
18:41:40     1000         -   1243294    0.00    0.00    0.00    0.00    0.00     1  |__worker
18:41:40     1000         -   1243303   99.00    0.00    0.00    0.00   99.00    16  |__CPU 0/TCG
18:41:40     1000         -   1243304    1.00    0.00    0.00    0.00    1.00    28  |__CPU 1/TCG
18:41:40     1000         -   1243305   99.00    1.00    0.00    0.00  100.00    20  |__CPU 2/TCG
18:41:40     1000         -   1243306    0.00    0.00    0.00    0.00    0.00    21  |__CPU 3/TCG
18:41:41     1000   1243286         -  200.00    3.00    0.00    0.00  203.00    23  qemu-system-aar
18:41:41     1000         -   1243286    1.00    3.00    0.00    0.00    4.00    23  |__qemu-system-aar
18:41:41     1000         -   1243293    0.00    0.00    0.00    0.00    0.00    17  |__call_rcu
18:41:41     1000         -   1243294    0.00    0.00    0.00    0.00    0.00     1  |__worker
18:41:41     1000         -   1243303   99.00    1.00    0.00    0.00  100.00    16  |__CPU 0/TCG
18:41:41     1000         -   1243304    0.00    0.00    0.00    0.00    0.00    28  |__CPU 1/TCG
18:41:41     1000         -   1243305   99.00    1.00    0.00    0.00  100.00    20  |__CPU 2/TCG
18:41:41     1000         -   1243306    0.00    0.00    0.00    0.00    0.00    21  |__CPU 3/TCG
18:41:42     1000   1243286         -  202.00    2.00    0.00    0.00  204.00    23  qemu-system-aar
18:41:42     1000         -   1243286    2.00    2.00    0.00    0.00    4.00    23  |__qemu-system-aar
18:41:42     1000         -   1243293    0.00    0.00    0.00    0.00    0.00    17  |__call_rcu
18:41:42     1000         -   1243294    0.00    0.00    0.00    0.00    0.00     1  |__worker
18:41:42     1000         -   1243303   99.00    0.00    0.00    0.00   99.00    16  |__CPU 0/TCG
18:41:42     1000         -   1243304    1.00    0.00    0.00    0.00    1.00    28  |__CPU 1/TCG
18:41:42     1000         -   1243305   99.00    0.00    0.00    0.00   99.00    20  |__CPU 2/TCG
18:41:42     1000         -   1243306    0.00    0.00    0.00    0.00    0.00    21  |__CPU 3/TCG
18:41:43     1000   1243286         -  201.00    2.00    0.00    0.00  203.00     1  qemu-system-aar
18:41:43     1000         -   1243286    1.00    2.00    0.00    0.00    3.00    23  |__qemu-system-aar
18:41:43     1000         -   1243293    0.00    0.00    0.00    0.00    0.00    17  |__call_rcu
18:41:43     1000         -   1243294    0.00    0.00    0.00    0.00    0.00     1  |__worker
18:41:43     1000         -   1243303   99.00    1.00    0.00    0.00  100.00     0  |__CPU 0/TCG
18:41:43     1000         -   1243304    0.00    1.00    0.00    0.00    1.00    28  |__CPU 1/TCG
18:41:43     1000         -   1243305   99.00    1.00    0.00    0.00  100.00    20  |__CPU 2/TCG
18:41:43     1000         -   1243306    0.00    0.00    0.00    0.00    0.00    21  |__CPU 3/TCG
18:41:44     1000   1243286         -  201.00    2.00    0.00    0.00  203.00    23  qemu-system-aar
18:41:44     1000         -   1243286    1.00    3.00    0.00    0.00    4.00    23  |__qemu-system-aar
18:41:44     1000         -   1243293    0.00    0.00    0.00    0.00    0.00    17  |__call_rcu
18:41:44     1000         -   1243294    0.00    0.00    0.00    0.00    0.00     1  |__worker
18:41:44     1000         -   1243303   99.00    1.00    0.00    0.00  100.00    16  |__CPU 0/TCG
18:41:44     1000         -   1243304    1.00    0.00    0.00    0.00    1.00    28  |__CPU 1/TCG
18:41:44     1000         -   1243305   98.00    1.00    0.00    0.00   99.00    20  |__CPU 2/TCG
18:41:44     1000         -   1243306    0.00    0.00    0.00    0.00    0.00    21  |__CPU 3/TCG
18:41:45     1000   1243286         -  201.00    3.00    0.00    0.00  204.00    23  qemu-system-aar
18:41:45     1000         -   1243286    1.00    4.00    0.00    0.00    5.00    23  |__qemu-system-aar
18:41:45     1000         -   1243293    0.00    0.00    0.00    0.00    0.00    17  |__call_rcu
18:41:45     1000         -   1243294    0.00    0.00    0.00    0.00    0.00     1  |__worker
18:41:45     1000         -   1243303   98.00    0.00    0.00    0.00   98.00    16  |__CPU 0/TCG
18:41:45     1000         -   1243304    0.00    0.00    0.00    0.00    0.00    28  |__CPU 1/TCG
18:41:45     1000         -   1243305   99.00    1.00    0.00    0.00  100.00    20  |__CPU 2/TCG
18:41:45     1000         -   1243306    0.00    0.00    0.00    0.00    0.00    22  |__CPU 3/TCG
18:41:46     1000   1243286         -  203.00    0.00    0.00    0.00  203.00    23  qemu-system-aar
18:41:46     1000         -   1243286    2.00    2.00    0.00    0.00    4.00    23  |__qemu-system-aar
18:41:46     1000         -   1243293    0.00    0.00    0.00    0.00    0.00    17  |__call_rcu
18:41:46     1000         -   1243303   99.00    0.00    0.00    0.00   99.00     0  |__CPU 0/TCG
18:41:46     1000         -   1243304    0.00    0.00    0.00    0.00    0.00    28  |__CPU 1/TCG
18:41:46     1000         -   1243305  100.00    0.00    0.00    0.00  100.00    20  |__CPU 2/TCG
18:41:46     1000         -   1243306    0.00    0.00    0.00    0.00    0.00    22  |__CPU 3/TCG
18:41:47     1000   1243286         -  203.00    1.00    0.00    0.00  204.00     6  qemu-system-aar
18:41:47     1000         -   1243286    1.00    2.00    0.00    0.00    3.00     6  |__qemu-system-aar
18:41:47     1000         -   1243293    0.00    0.00    0.00    0.00    0.00    17  |__call_rcu
18:41:47     1000         -   1243303  100.00    0.00    0.00    0.00  100.00    16  |__CPU 0/TCG
18:41:47     1000         -   1243304    1.00    0.00    0.00    0.00    1.00    28  |__CPU 1/TCG
18:41:47     1000         -   1243305   99.00    0.00    0.00    0.00   99.00    20  |__CPU 2/TCG
18:41:47     1000         -   1243306    0.00    0.00    0.00    0.00    0.00    22  |__CPU 3/TCG
18:41:48     1000   1243286         -  201.00    2.00    0.00    0.00  203.00    23  qemu-system-aar
18:41:48     1000         -   1243286    1.00    2.00    0.00    0.00    3.00    23  |__qemu-system-aar
18:41:48     1000         -   1243293    0.00    0.00    0.00    0.00    0.00    17  |__call_rcu
18:41:48     1000         -   1243303   99.00    1.00    0.00    0.00  100.00    16  |__CPU 0/TCG
18:41:48     1000         -   1243304    0.00    0.00    0.00    0.00    0.00    28  |__CPU 1/TCG
18:41:48     1000         -   1243305   99.00    1.00    0.00    0.00  100.00    20  |__CPU 2/TCG
18:41:48     1000         -   1243306    0.00    0.00    0.00    0.00    0.00    22  |__CPU 3/TCG
18:41:49     1000   1243286         -  202.00    2.00    0.00    0.00  204.00     7  qemu-system-aar
18:41:49     1000         -   1243286    1.00    3.00    0.00    0.00    4.00     7  |__qemu-system-aar
18:41:49     1000         -   1243293    0.00    0.00    0.00    0.00    0.00    17  |__call_rcu
18:41:49     1000         -   1243303   99.00    0.00    0.00    0.00   99.00    16  |__CPU 0/TCG
18:41:49     1000         -   1243304    1.00    1.00    0.00    0.00    2.00    28  |__CPU 1/TCG
18:41:49     1000         -   1243305   99.00    1.00    0.00    0.00  100.00    20  |__CPU 2/TCG
18:41:49     1000         -   1243306    0.00    0.00    0.00    0.00    0.00    22  |__CPU 3/TCG
18:41:50     1000   1243286         -  202.00    1.00    0.00    0.00  203.00     7  qemu-system-aar
18:41:50     1000         -   1243286    1.00    2.00    0.00    0.00    3.00     7  |__qemu-system-aar
18:41:50     1000         -   1243293    0.00    0.00    0.00    0.00    0.00    17  |__call_rcu
18:41:50     1000         -   1243303  100.00    0.00    0.00    0.00  100.00    16  |__CPU 0/TCG
18:41:50     1000         -   1243304    0.00    0.00    0.00    0.00    0.00    28  |__CPU 1/TCG
18:41:50     1000         -   1243305   99.00    1.00    0.00    0.00  100.00    20  |__CPU 2/TCG
18:41:50     1000         -   1243306    0.00    0.00    0.00    0.00    0.00    22  |__CPU 3/TCG
18:41:51     1000   1243286         -  201.00    2.00    0.00    0.00  203.00    18  qemu-system-aar
18:41:51     1000         -   1243286    1.00    2.00    0.00    0.00    3.00    18  |__qemu-system-aar
18:41:51     1000         -   1243293    0.00    0.00    0.00    0.00    0.00    17  |__call_rcu
18:41:51     1000         -   1243303   99.00    0.00    0.00    0.00   99.00    16  |__CPU 0/TCG
18:41:51     1000         -   1243304    1.00    0.00    0.00    0.00    1.00    28  |__CPU 1/TCG
18:41:51     1000         -   1243305   99.00    1.00    0.00    0.00  100.00     4  |__CPU 2/TCG
18:41:51     1000         -   1243306    0.00    0.00    0.00    0.00    0.00    22  |__CPU 3/TCG
18:41:52     1000   1243286         -  202.00    2.00    0.00    0.00  204.00    19  qemu-system-aar
18:41:52     1000         -   1243286    1.00    3.00    0.00    0.00    4.00    19  |__qemu-system-aar
18:41:52     1000         -   1243293    0.00    0.00    0.00    0.00    0.00    17  |__call_rcu
18:41:52     1000         -   1243303  100.00    0.00    0.00    0.00  100.00    16  |__CPU 0/TCG
18:41:52     1000         -   1243304    0.00    0.00    0.00    0.00    0.00    28  |__CPU 1/TCG
18:41:52     1000         -   1243305   99.00    0.00    0.00    0.00   99.00    20  |__CPU 2/TCG
18:41:52     1000         -   1243306    0.00    0.00    0.00    0.00    0.00    22  |__CPU 3/TCG
18:41:53     1000   1243286         -  202.00    1.00    0.00    0.00  203.00    22  qemu-system-aar
18:41:53     1000         -   1243286    1.00    2.00    0.00    0.00    3.00    22  |__qemu-system-aar
18:41:53     1000         -   1243293    0.00    0.00    0.00    0.00    0.00    17  |__call_rcu
18:41:53     1000         -   1243303   99.00    1.00    0.00    0.00  100.00    16  |__CPU 0/TCG
18:41:53     1000         -   1243304    1.00    0.00    0.00    0.00    1.00    28  |__CPU 1/TCG
18:41:53     1000         -   1243305  100.00    1.00    0.00    0.00  101.00    20  |__CPU 2/TCG
18:41:53     1000         -   1243306    0.00    0.00    0.00    0.00    0.00    22  |__CPU 3/TCG
18:41:54     1000   1243286         -  202.00    1.00    0.00    0.00  203.00     5  qemu-system-aar
18:41:54     1000         -   1243286    1.00    2.00    0.00    0.00    3.00     5  |__qemu-system-aar
18:41:54     1000         -   1243293    0.00    0.00    0.00    0.00    0.00    17  |__call_rcu
18:41:54     1000         -   1243303   99.00    0.00    0.00    0.00   99.00    16  |__CPU 0/TCG
18:41:54     1000         -   1243304    0.00    0.00    0.00    0.00    0.00    13  |__CPU 1/TCG
18:41:54     1000         -   1243305   99.00    1.00    0.00    0.00  100.00    20  |__CPU 2/TCG
18:41:54     1000         -   1243306    0.00    0.00    0.00    0.00    0.00    22  |__CPU 3/TCG
18:41:55     1000   1243286         -  202.00    2.00    0.00    0.00  204.00     7  qemu-system-aar
18:41:55     1000         -   1243286    0.00    4.00    0.00    0.00    4.00     7  |__qemu-system-aar
18:41:55     1000         -   1243293    0.00    0.00    0.00    0.00    0.00    17  |__call_rcu
18:41:55     1000         -   1243303  100.00    0.00    0.00    0.00  100.00    16  |__CPU 0/TCG
18:41:55     1000         -   1243304    1.00    0.00    0.00    0.00    1.00    29  |__CPU 1/TCG
18:41:55     1000         -   1243305   99.00    0.00    0.00    0.00   99.00    20  |__CPU 2/TCG
18:41:55     1000         -   1243306    0.00    0.00    0.00    0.00    0.00    22  |__CPU 3/TCG
18:41:56     1000   1243286         -  202.00    1.00    0.00    0.00  203.00    17  qemu-system-aar
18:41:56     1000         -   1243286    2.00    1.00    0.00    0.00    3.00    17  |__qemu-system-aar
18:41:56     1000         -   1243293    0.00    0.00    0.00    0.00    0.00    17  |__call_rcu
18:41:56     1000         -   1243303   99.00    0.00    0.00    0.00   99.00    16  |__CPU 0/TCG
18:41:56     1000         -   1243304    0.00    0.00    0.00    0.00    0.00    29  |__CPU 1/TCG
18:41:56     1000         -   1243305   99.00    1.00    0.00    0.00  100.00    20  |__CPU 2/TCG
18:41:56     1000         -   1243306    0.00    0.00    0.00    0.00    0.00    22  |__CPU 3/TCG
18:41:57     1000   1243286         -  201.00    2.00    0.00    0.00  203.00    17  qemu-system-aar
18:41:57     1000         -   1243286    1.00    3.00    0.00    0.00    4.00    17  |__qemu-system-aar
18:41:57     1000         -   1243293    0.00    0.00    0.00    0.00    0.00    17  |__call_rcu
18:41:57     1000         -   1243303   99.00    0.00    0.00    0.00   99.00    16  |__CPU 0/TCG
18:41:57     1000         -   1243304    1.00    0.00    0.00    0.00    1.00    18  |__CPU 1/TCG
18:41:57     1000         -   1243305  100.00    0.00    0.00    0.00  100.00    20  |__CPU 2/TCG
18:41:57     1000         -   1243306    0.00    0.00    0.00    0.00    0.00    22  |__CPU 3/TCG
18:41:58     1000   1243286         -  201.00    2.00    0.00    0.00  203.00    22  qemu-system-aar
18:41:58     1000         -   1243286    0.00    3.00    0.00    0.00    3.00    22  |__qemu-system-aar
18:41:58     1000         -   1243293    0.00    0.00    0.00    0.00    0.00    17  |__call_rcu
18:41:58     1000         -   1243303   99.00    0.00    0.00    0.00   99.00    16  |__CPU 0/TCG
18:41:58     1000         -   1243304    0.00    0.00    0.00    0.00    0.00    18  |__CPU 1/TCG
18:41:58     1000         -   1243305   99.00    1.00    0.00    0.00  100.00    20  |__CPU 2/TCG
18:41:58     1000         -   1243306    0.00    0.00    0.00    0.00    0.00    22  |__CPU 3/TCG
18:41:59     1000   1243286         -  203.00    2.00    0.00    0.00  205.00     4  qemu-system-aar
18:41:59     1000         -   1243286    1.00    4.00    0.00    0.00    5.00     4  |__qemu-system-aar
18:41:59     1000         -   1243293    0.00    0.00    0.00    0.00    0.00    17  |__call_rcu
18:41:59     1000         -   1243303  100.00    0.00    0.00    0.00  100.00    16  |__CPU 0/TCG
18:41:59     1000         -   1243304    1.00    1.00    0.00    0.00    2.00    21  |__CPU 1/TCG
18:41:59     1000         -   1243305   99.00    1.00    0.00    0.00  100.00    20  |__CPU 2/TCG
18:41:59     1000         -   1243306    0.00    0.00    0.00    0.00    0.00    22  |__CPU 3/TCG
18:42:00     1000   1243286         -  202.00    1.00    0.00    0.00  203.00     7  qemu-system-aar
18:42:00     1000         -   1243286    1.00    3.00    0.00    0.00    4.00     7  |__qemu-system-aar
18:42:00     1000         -   1243293    0.00    0.00    0.00    0.00    0.00    17  |__call_rcu
18:42:00     1000         -   1243303   99.00    1.00    0.00    0.00  100.00     0  |__CPU 0/TCG
18:42:00     1000         -   1243304    0.00    0.00    0.00    0.00    0.00    22  |__CPU 1/TCG
18:42:00     1000         -   1243305  100.00    0.00    0.00    0.00  100.00    20  |__CPU 2/TCG
18:42:00     1000         -   1243306    0.00    0.00    0.00    0.00    0.00    22  |__CPU 3/TCG
18:42:01     1000   1243286         -  202.00    2.00    0.00    0.00  204.00    23  qemu-system-aar
18:42:01     1000         -   1243286    1.00    2.00    0.00    0.00    3.00    23  |__qemu-system-aar
18:42:01     1000         -   1243293    0.00    0.00    0.00    0.00    0.00    17  |__call_rcu
18:42:01     1000         -   1243303  100.00    0.00    0.00    0.00  100.00     0  |__CPU 0/TCG
18:42:01     1000         -   1243304    1.00    0.00    0.00    0.00    1.00    22  |__CPU 1/TCG
18:42:01     1000         -   1243305   99.00    0.00    0.00    0.00   99.00     4  |__CPU 2/TCG
18:42:01     1000         -   1243306    0.00    0.00    0.00    0.00    0.00    22  |__CPU 3/TCG
18:42:02     1000   1243286         -  203.00    0.00    0.00    0.00  203.00     1  qemu-system-aar
18:42:02     1000         -   1243286    1.00    2.00    0.00    0.00    3.00     1  |__qemu-system-aar
18:42:02     1000         -   1243293    0.00    0.00    0.00    0.00    0.00    17  |__call_rcu
18:42:02     1000         -   1243303   99.00    0.00    0.00    0.00   99.00     0  |__CPU 0/TCG
18:42:02     1000         -   1243304    0.00    0.00    0.00    0.00    0.00    22  |__CPU 1/TCG
18:42:02     1000         -   1243305  100.00    0.00    0.00    0.00  100.00    20  |__CPU 2/TCG
18:42:02     1000         -   1243306    0.00    0.00    0.00    0.00    0.00    22  |__CPU 3/TCG
18:42:03     1000   1243286         -  201.00    2.00    0.00    0.00  203.00     7  qemu-system-aar
18:42:03     1000         -   1243286    1.00    3.00    0.00    0.00    4.00     7  |__qemu-system-aar
18:42:03     1000         -   1243293    0.00    0.00    0.00    0.00    0.00    17  |__call_rcu
18:42:03     1000         -   1243303   99.00    0.00    0.00    0.00   99.00     0  |__CPU 0/TCG
18:42:03     1000         -   1243304    0.00    0.00    0.00    0.00    0.00    22  |__CPU 1/TCG
18:42:03     1000         -   1243305   99.00    1.00    0.00    0.00  100.00    20  |__CPU 2/TCG
18:42:03     1000         -   1243306    0.00    0.00    0.00    0.00    0.00    22  |__CPU 3/TCG
18:42:04     1000   1243286         -  202.00    1.00    0.00    0.00  203.00    17  qemu-system-aar
18:42:04     1000         -   1243286    1.00    2.00    0.00    0.00    3.00    17  |__qemu-system-aar
18:42:04     1000         -   1243293    0.00    0.00    0.00    0.00    0.00    17  |__call_rcu
18:42:04     1000         -   1243303  100.00    0.00    0.00    0.00  100.00     0  |__CPU 0/TCG
18:42:04     1000         -   1243304    0.00    0.00    0.00    0.00    0.00     1  |__CPU 1/TCG
18:42:04     1000         -   1243305  100.00    0.00    0.00    0.00  100.00    20  |__CPU 2/TCG
18:42:04     1000         -   1243306    0.00    0.00    0.00    0.00    0.00    22  |__CPU 3/TCG
18:42:05     1000   1243286         -  202.00    1.00    0.00    0.00  203.00    21  qemu-system-aar
18:42:05     1000         -   1243286    1.00    3.00    0.00    0.00    4.00    21  |__qemu-system-aar
18:42:05     1000         -   1243293    0.00    0.00    0.00    0.00    0.00    17  |__call_rcu
18:42:05     1000         -   1243303   99.00    1.00    0.00    0.00  100.00     0  |__CPU 0/TCG
18:42:05     1000         -   1243304    1.00    0.00    0.00    0.00    1.00    22  |__CPU 1/TCG
18:42:05     1000         -   1243305   99.00    1.00    0.00    0.00  100.00     4  |__CPU 2/TCG
18:42:05     1000         -   1243306    0.00    0.00    0.00    0.00    0.00    22  |__CPU 3/TCG
18:42:06     1000   1243286         -  203.00    1.00    0.00    0.00  204.00    21  qemu-system-aar
18:42:06     1000         -   1243286    1.00    2.00    0.00    0.00    3.00    21  |__qemu-system-aar
18:42:06     1000         -   1243293    0.00    0.00    0.00    0.00    0.00    17  |__call_rcu
18:42:06     1000         -   1243303   99.00    0.00    0.00    0.00   99.00     0  |__CPU 0/TCG
18:42:06     1000         -   1243304    0.00    0.00    0.00    0.00    0.00     1  |__CPU 1/TCG
18:42:06     1000         -   1243305   99.00    0.00    0.00    0.00   99.00     4  |__CPU 2/TCG
18:42:06     1000         -   1243306    0.00    0.00    0.00    0.00    0.00    22  |__CPU 3/TCG
18:42:07     1000   1243286         -  201.00    1.00    0.00    0.00  202.00    22  qemu-system-aar
18:42:07     1000         -   1243286    2.00    1.00    0.00    0.00    3.00    22  |__qemu-system-aar
18:42:07     1000         -   1243293    0.00    0.00    0.00    0.00    0.00    17  |__call_rcu
18:42:07     1000         -   1243303   99.00    0.00    0.00    0.00   99.00    16  |__CPU 0/TCG
18:42:07     1000         -   1243304    0.00    0.00    0.00    0.00    0.00     1  |__CPU 1/TCG
18:42:07     1000         -   1243305  100.00    0.00    0.00    0.00  100.00     4  |__CPU 2/TCG
18:42:07     1000         -   1243306    0.00    0.00    0.00    0.00    0.00    22  |__CPU 3/TCG
18:42:08     1000   1243286         -  202.00    2.00    0.00    0.00  204.00     3  qemu-system-aar
18:42:08     1000         -   1243286    1.00    2.00    0.00    0.00    3.00     3  |__qemu-system-aar
18:42:08     1000         -   1243293    0.00    0.00    0.00    0.00    0.00    17  |__call_rcu
18:42:08     1000         -   1243303   99.00    1.00    0.00    0.00  100.00    16  |__CPU 0/TCG
18:42:08     1000         -   1243304    1.00    0.00    0.00    0.00    1.00    22  |__CPU 1/TCG
18:42:08     1000         -   1243305   99.00    1.00    0.00    0.00  100.00     4  |__CPU 2/TCG
18:42:08     1000         -   1243306    0.00    0.00    0.00    0.00    0.00    22  |__CPU 3/TCG
18:42:09     1000   1243286         -  202.00    1.00    0.00    0.00  203.00     3  qemu-system-aar
18:42:09     1000         -   1243286    2.00    2.00    0.00    0.00    4.00     3  |__qemu-system-aar
18:42:09     1000         -   1243293    0.00    0.00    0.00    0.00    0.00    17  |__call_rcu
18:42:09     1000         -   1243303  100.00    0.00    0.00    0.00  100.00    16  |__CPU 0/TCG
18:42:09     1000         -   1243304    0.00    0.00    0.00    0.00    0.00    22  |__CPU 1/TCG
18:42:09     1000         -   1243305  100.00    0.00    0.00    0.00  100.00     4  |__CPU 2/TCG
18:42:09     1000         -   1243306    0.00    0.00    0.00    0.00    0.00    22  |__CPU 3/TCG
18:42:10     1000   1243286         -  202.00    1.00    0.00    0.00  203.00     5  qemu-system-aar
18:42:10     1000         -   1243286    0.00    3.00    0.00    0.00    3.00     5  |__qemu-system-aar
18:42:10     1000         -   1243293    0.00    0.00    0.00    0.00    0.00    17  |__call_rcu
18:42:10     1000         -   1243303   99.00    0.00    0.00    0.00   99.00    16  |__CPU 0/TCG
18:42:10     1000         -   1243304    1.00    0.00    0.00    0.00    1.00    22  |__CPU 1/TCG
18:42:10     1000         -   1243305   99.00    1.00    0.00    0.00  100.00     4  |__CPU 2/TCG
18:42:10     1000         -   1243306    0.00    0.00    0.00    0.00    0.00    22  |__CPU 3/TCG
18:42:11     1000   1243286         -  202.00    2.00    0.00    0.00  204.00    22  qemu-system-aar
18:42:11     1000         -   1243286    2.00    2.00    0.00    0.00    4.00    22  |__qemu-system-aar
18:42:11     1000         -   1243293    0.00    0.00    0.00    0.00    0.00    17  |__call_rcu
18:42:11     1000         -   1243303   99.00    0.00    0.00    0.00   99.00    16  |__CPU 0/TCG
18:42:11     1000         -   1243304    0.00    0.00    0.00    0.00    0.00     1  |__CPU 1/TCG
18:42:11     1000         -   1243305   99.00    1.00    0.00    0.00  100.00    20  |__CPU 2/TCG
18:42:11     1000         -   1243306    0.00    0.00    0.00    0.00    0.00    22  |__CPU 3/TCG
18:42:12     1000   1243286         -  201.00    2.00    0.00    0.00  203.00     3  qemu-system-aar
18:42:12     1000         -   1243286    0.00    3.00    0.00    0.00    3.00     3  |__qemu-system-aar
18:42:12     1000         -   1243293    0.00    0.00    0.00    0.00    0.00    17  |__call_rcu
18:42:12     1000         -   1243303  100.00    0.00    0.00    0.00  100.00    16  |__CPU 0/TCG
18:42:12     1000         -   1243304    1.00    0.00    0.00    0.00    1.00     2  |__CPU 1/TCG
18:42:12     1000         -   1243305   99.00    0.00    0.00    0.00   99.00     4  |__CPU 2/TCG
18:42:12     1000         -   1243306    0.00    0.00    0.00    0.00    0.00    22  |__CPU 3/TCG
18:42:13     1000   1243286         -  202.00    1.00    0.00    0.00  203.00     1  qemu-system-aar
18:42:13     1000         -   1243286    1.00    3.00    0.00    0.00    4.00     1  |__qemu-system-aar
18:42:13     1000         -   1243293    0.00    0.00    0.00    0.00    0.00    17  |__call_rcu
18:42:13     1000         -   1243303   99.00    0.00    0.00    0.00   99.00     0  |__CPU 0/TCG
18:42:13     1000         -   1243304    0.00    1.00    0.00    0.00    1.00     3  |__CPU 1/TCG
18:42:13     1000         -   1243305   99.00    1.00    0.00    0.00  100.00    20  |__CPU 2/TCG
18:42:13     1000         -   1243306    0.00    0.00    0.00    0.00    0.00    22  |__CPU 3/TCG
18:42:14     1000   1243286         -  202.00    1.00    0.00    0.00  203.00     3  qemu-system-aar
18:42:14     1000         -   1243286    2.00    1.00    0.00    0.00    3.00     3  |__qemu-system-aar
18:42:14     1000         -   1243293    0.00    0.00    0.00    0.00    0.00    17  |__call_rcu
18:42:14     1000         -   1243303  100.00    1.00    0.00    0.00  101.00     0  |__CPU 0/TCG
18:42:14     1000         -   1243304    0.00    0.00    0.00    0.00    0.00     6  |__CPU 1/TCG
18:42:14     1000         -   1243305   99.00    1.00    0.00    0.00  100.00    20  |__CPU 2/TCG
18:42:14     1000         -   1243306    0.00    0.00    0.00    0.00    0.00    22  |__CPU 3/TCG
18:42:15     1000   1243286         -  202.00    2.00    0.00    0.00  204.00    23  qemu-system-aar
18:42:15     1000         -   1243286    1.00    3.00    0.00    0.00    4.00    23  |__qemu-system-aar
18:42:15     1000         -   1243293    0.00    0.00    0.00    0.00    0.00    17  |__call_rcu
18:42:15     1000         -   1243303   99.00    0.00    0.00    0.00   99.00     0  |__CPU 0/TCG
18:42:15     1000         -   1243304    1.00    0.00    0.00    0.00    1.00     3  |__CPU 1/TCG
18:42:15     1000         -   1243305   99.00    1.00    0.00    0.00  100.00    20  |__CPU 2/TCG
18:42:15     1000         -   1243306    0.00    0.00    0.00    0.00    0.00    22  |__CPU 3/TCG
18:42:16     1000   1243286         -  202.00    2.00    0.00    0.00  204.00     7  qemu-system-aar
18:42:16     1000         -   1243286    1.00    2.00    0.00    0.00    3.00     7  |__qemu-system-aar
18:42:16     1000         -   1243293    0.00    0.00    0.00    0.00    0.00    17  |__call_rcu
18:42:16     1000         -   1243303   99.00    0.00    0.00    0.00   99.00     0  |__CPU 0/TCG
18:42:16     1000         -   1243304    1.00    0.00    0.00    0.00    1.00     3  |__CPU 1/TCG
18:42:16     1000         -   1243305  100.00    0.00    0.00    0.00  100.00    20  |__CPU 2/TCG
18:42:16     1000         -   1243306    0.00    0.00    0.00    0.00    0.00    22  |__CPU 3/TCG
18:42:17     1000   1243286         -  201.00    1.00    0.00    0.00  202.00     7  qemu-system-aar
18:42:17     1000         -   1243286    0.00    3.00    0.00    0.00    3.00     7  |__qemu-system-aar
18:42:17     1000         -   1243293    0.00    0.00    0.00    0.00    0.00    17  |__call_rcu
18:42:17     1000         -   1243303  100.00    0.00    0.00    0.00  100.00     0  |__CPU 0/TCG
18:42:17     1000         -   1243304    0.00    0.00    0.00    0.00    0.00     3  |__CPU 1/TCG
18:42:17     1000         -   1243305   99.00    0.00    0.00    0.00   99.00    20  |__CPU 2/TCG
18:42:17     1000         -   1243306    0.00    0.00    0.00    0.00    0.00    22  |__CPU 3/TCG
18:42:18     1000   1243286         -  203.00    1.00    0.00    0.00  204.00     1  qemu-system-aar
18:42:18     1000         -   1243286    2.00    2.00    0.00    0.00    4.00     1  |__qemu-system-aar
18:42:18     1000         -   1243293    0.00    0.00    0.00    0.00    0.00    17  |__call_rcu
18:42:18     1000         -   1243303   99.00    0.00    0.00    0.00   99.00     0  |__CPU 0/TCG
18:42:18     1000         -   1243304    1.00    0.00    0.00    0.00    1.00     3  |__CPU 1/TCG
18:42:18     1000         -   1243305  100.00    0.00    0.00    0.00  100.00    20  |__CPU 2/TCG
18:42:18     1000         -   1243306    0.00    0.00    0.00    0.00    0.00    22  |__CPU 3/TCG
18:42:19     1000   1243286         -  200.00    3.00    0.00    0.00  203.00    19  qemu-system-aar
18:42:19     1000         -   1243286    1.00    2.00    0.00    0.00    3.00    19  |__qemu-system-aar
18:42:19     1000         -   1243293    0.00    0.00    0.00    0.00    0.00    17  |__call_rcu
18:42:19     1000         -   1243303   99.00    1.00    0.00    0.00  100.00     0  |__CPU 0/TCG
18:42:19     1000         -   1243304    0.00    0.00    0.00    0.00    0.00     3  |__CPU 1/TCG
18:42:19     1000         -   1243305   98.00    2.00    0.00    0.00  100.00    20  |__CPU 2/TCG
18:42:19     1000         -   1243306    0.00    0.00    0.00    0.00    0.00    22  |__CPU 3/TCG
18:42:20     1000   1243286         -  202.00    1.00    0.00    0.00  203.00    19  qemu-system-aar
18:42:20     1000         -   1243286    1.00    3.00    0.00    0.00    4.00    19  |__qemu-system-aar
18:42:20     1000         -   1243293    0.00    0.00    0.00    0.00    0.00    17  |__call_rcu
18:42:20     1000         -   1243303   99.00    0.00    0.00    0.00   99.00     0  |__CPU 0/TCG
18:42:20     1000         -   1243304    0.00    0.00    0.00    0.00    0.00     3  |__CPU 1/TCG
18:42:20     1000         -   1243305   99.00    0.00    0.00    0.00   99.00    20  |__CPU 2/TCG
18:42:20     1000         -   1243306    0.00    0.00    0.00    0.00    0.00    22  |__CPU 3/TCG
18:42:21     1000   1243286         -  202.00    1.00    0.00    0.00  203.00    21  qemu-system-aar
18:42:21     1000         -   1243286    1.00    2.00    0.00    0.00    3.00    21  |__qemu-system-aar
18:42:21     1000         -   1243293    0.00    0.00    0.00    0.00    0.00    17  |__call_rcu
18:42:21     1000         -   1243303  100.00    0.00    0.00    0.00  100.00     0  |__CPU 0/TCG
18:42:21     1000         -   1243304    1.00    1.00    0.00    0.00    2.00     6  |__CPU 1/TCG
18:42:21     1000         -   1243305   99.00    1.00    0.00    0.00  100.00    20  |__CPU 2/TCG
18:42:21     1000         -   1243306    0.00    0.00    0.00    0.00    0.00    22  |__CPU 3/TCG
18:42:22     1000   1243286         -  201.00    2.00    0.00    0.00  203.00    19  qemu-system-aar
18:42:22     1000         -   1243286    0.00    3.00    0.00    0.00    3.00    19  |__qemu-system-aar
18:42:22     1000         -   1243293    0.00    0.00    0.00    0.00    0.00    17  |__call_rcu
18:42:22     1000         -   1243303   99.00    0.00    0.00    0.00   99.00     0  |__CPU 0/TCG
18:42:22     1000         -   1243304    0.00    0.00    0.00    0.00    0.00     6  |__CPU 1/TCG
18:42:22     1000         -   1243305  100.00    1.00    0.00    0.00  101.00    20  |__CPU 2/TCG
18:42:22     1000         -   1243306    0.00    0.00    0.00    0.00    0.00    22  |__CPU 3/TCG
18:42:23     1000   1243286         -  202.00    1.00    0.00    0.00  203.00    23  qemu-system-aar
18:42:23     1000         -   1243286    1.00    2.00    0.00    0.00    3.00    23  |__qemu-system-aar
18:42:23     1000         -   1243293    0.00    0.00    0.00    0.00    0.00    17  |__call_rcu
18:42:23     1000         -   1243303   99.00    0.00    0.00    0.00   99.00     0  |__CPU 0/TCG
18:42:23     1000         -   1243304    1.00    0.00    0.00    0.00    1.00     7  |__CPU 1/TCG
18:42:23     1000         -   1243305   99.00    0.00    0.00    0.00   99.00    20  |__CPU 2/TCG
18:42:23     1000         -   1243306    0.00    0.00    0.00    0.00    0.00    22  |__CPU 3/TCG
18:42:24     1000   1243286         -  202.00    2.00    0.00    0.00  204.00    19  qemu-system-aar
18:42:24     1000         -   1243286    1.00    2.00    0.00    0.00    3.00    19  |__qemu-system-aar
18:42:24     1000         -   1243293    0.00    0.00    0.00    0.00    0.00    17  |__call_rcu
18:42:24     1000         -   1243303  100.00    0.00    0.00    0.00  100.00    16  |__CPU 0/TCG
18:42:24     1000         -   1243304    0.00    0.00    0.00    0.00    0.00     6  |__CPU 1/TCG
18:42:24     1000         -   1243305   99.00    1.00    0.00    0.00  100.00    20  |__CPU 2/TCG
18:42:24     1000         -   1243306    0.00    0.00    0.00    0.00    0.00    22  |__CPU 3/TCG
18:42:25     1000   1243286         -  202.00    1.00    0.00    0.00  203.00    22  qemu-system-aar
18:42:25     1000         -   1243286    1.00    2.00    0.00    0.00    3.00    22  |__qemu-system-aar
18:42:25     1000         -   1243293    0.00    0.00    0.00    0.00    0.00    17  |__call_rcu
18:42:25     1000         -   1243303   99.00    0.00    0.00    0.00   99.00    16  |__CPU 0/TCG
18:42:25     1000         -   1243304    0.00    0.00    0.00    0.00    0.00     2  |__CPU 1/TCG
18:42:25     1000         -   1243305  100.00    0.00    0.00    0.00  100.00    20  |__CPU 2/TCG
18:42:25     1000         -   1243306    0.00    0.00    0.00    0.00    0.00    22  |__CPU 3/TCG
18:42:26     1000   1243286         -  202.00    1.00    0.00    0.00  203.00     5  qemu-system-aar
18:42:26     1000         -   1243286    2.00    3.00    0.00    0.00    5.00     5  |__qemu-system-aar
18:42:26     1000         -   1243293    0.00    0.00    0.00    0.00    0.00    17  |__call_rcu
18:42:26     1000         -   1243303  100.00    0.00    0.00    0.00  100.00    16  |__CPU 0/TCG
18:42:26     1000         -   1243304    1.00    0.00    0.00    0.00    1.00     2  |__CPU 1/TCG
18:42:26     1000         -   1243305   99.00    1.00    0.00    0.00  100.00    20  |__CPU 2/TCG
18:42:26     1000         -   1243306    0.00    0.00    0.00    0.00    0.00    22  |__CPU 3/TCG
18:42:27     1000   1243286         -  201.00    2.00    0.00    0.00  203.00     3  qemu-system-aar
18:42:27     1000         -   1243286    2.00    1.00    0.00    0.00    3.00     3  |__qemu-system-aar
18:42:27     1000         -   1243293    0.00    0.00    0.00    0.00    0.00    17  |__call_rcu
18:42:27     1000         -   1243303   99.00    1.00    0.00    0.00  100.00    16  |__CPU 0/TCG
18:42:27     1000         -   1243304    0.00    0.00    0.00    0.00    0.00     2  |__CPU 1/TCG
18:42:27     1000         -   1243305   99.00    1.00    0.00    0.00  100.00    20  |__CPU 2/TCG
18:42:27     1000         -   1243306    0.00    0.00    0.00    0.00    0.00    22  |__CPU 3/TCG
18:42:28     1000   1243286         -  202.00    1.00    0.00    0.00  203.00     3  qemu-system-aar
18:42:28     1000         -   1243286    1.00    2.00    0.00    0.00    3.00     3  |__qemu-system-aar
18:42:28     1000         -   1243293    0.00    0.00    0.00    0.00    0.00    17  |__call_rcu
18:42:28     1000         -   1243303   99.00    0.00    0.00    0.00   99.00    16  |__CPU 0/TCG
18:42:28     1000         -   1243304    1.00    0.00    0.00    0.00    1.00     2  |__CPU 1/TCG
18:42:28     1000         -   1243305   99.00    0.00    0.00    0.00   99.00     4  |__CPU 2/TCG
18:42:28     1000         -   1243306    0.00    0.00    0.00    0.00    0.00    22  |__CPU 3/TCG
18:42:29     1000   1243286         -  202.00    2.00    0.00    0.00  204.00     7  qemu-system-aar
18:42:29     1000         -   1243286    1.00    2.00    0.00    0.00    3.00     7  |__qemu-system-aar
18:42:29     1000         -   1243293    0.00    0.00    0.00    0.00    0.00    17  |__call_rcu
18:42:29     1000         -   1243303   99.00    0.00    0.00    0.00   99.00    16  |__CPU 0/TCG
18:42:29     1000         -   1243304    0.00    0.00    0.00    0.00    0.00     5  |__CPU 1/TCG
18:42:29     1000         -   1243305  100.00    0.00    0.00    0.00  100.00     4  |__CPU 2/TCG
18:42:29     1000         -   1243306    0.00    0.00    0.00    0.00    0.00    22  |__CPU 3/TCG
18:42:30     1000   1243286         -  201.00    1.00    0.00    0.00  202.00    18  qemu-system-aar
18:42:30     1000         -   1243286    3.00    1.00    0.00    0.00    4.00    18  |__qemu-system-aar
18:42:30     1000         -   1243293    0.00    0.00    0.00    0.00    0.00    17  |__call_rcu
18:42:30     1000         -   1243303   99.00    1.00    0.00    0.00  100.00     0  |__CPU 0/TCG
18:42:30     1000         -   1243304    1.00    0.00    0.00    0.00    1.00     3  |__CPU 1/TCG
18:42:30     1000         -   1243305   98.00    1.00    0.00    0.00   99.00     4  |__CPU 2/TCG
18:42:30     1000         -   1243306    0.00    0.00    0.00    0.00    0.00    22  |__CPU 3/TCG
18:42:31     1000   1243286         -  202.00    2.00    0.00    0.00  204.00    19  qemu-system-aar
18:42:31     1000         -   1243286    1.00    2.00    0.00    0.00    3.00    19  |__qemu-system-aar
18:42:31     1000         -   1243293    0.00    0.00    0.00    0.00    0.00    17  |__call_rcu
18:42:31     1000         -   1243303  100.00    0.00    0.00    0.00  100.00     0  |__CPU 0/TCG
18:42:31     1000         -   1243304    0.00    0.00    0.00    0.00    0.00     3  |__CPU 1/TCG
18:42:31     1000         -   1243305   99.00    1.00    0.00    0.00  100.00     4  |__CPU 2/TCG
18:42:31     1000         -   1243306    0.00    0.00    0.00    0.00    0.00    22  |__CPU 3/TCG
18:42:32     1000   1243286         -  201.00    1.00    0.00    0.00  202.00    18  qemu-system-aar
18:42:32     1000         -   1243286    2.00    1.00    0.00    0.00    3.00    18  |__qemu-system-aar
18:42:32     1000         -   1243293    0.00    0.00    0.00    0.00    0.00    17  |__call_rcu
18:42:32     1000         -   1243303   99.00    0.00    0.00    0.00   99.00     0  |__CPU 0/TCG
18:42:32     1000         -   1243304    1.00    0.00    0.00    0.00    1.00     3  |__CPU 1/TCG
18:42:32     1000         -   1243305   99.00    1.00    0.00    0.00  100.00     4  |__CPU 2/TCG
18:42:32     1000         -   1243306    0.00    0.00    0.00    0.00    0.00    22  |__CPU 3/TCG
18:42:33     1000   1243286         -  203.00    1.00    0.00    0.00  204.00    19  qemu-system-aar
18:42:33     1000         -   1243286    2.00    2.00    0.00    0.00    4.00    19  |__qemu-system-aar
18:42:33     1000         -   1243293    0.00    0.00    0.00    0.00    0.00    17  |__call_rcu
18:42:33     1000         -   1243303  100.00    0.00    0.00    0.00  100.00     0  |__CPU 0/TCG
18:42:33     1000         -   1243304    0.00    0.00    0.00    0.00    0.00     3  |__CPU 1/TCG
18:42:33     1000         -   1243305  100.00    1.00    0.00    0.00  101.00     4  |__CPU 2/TCG
18:42:33     1000         -   1243306    0.00    0.00    0.00    0.00    0.00    22  |__CPU 3/TCG
18:42:34     1000   1243286         -  202.00    1.00    0.00    0.00  203.00     7  qemu-system-aar
18:42:34     1000         -   1243286    1.00    2.00    0.00    0.00    3.00     7  |__qemu-system-aar
18:42:34     1000         -   1243293    0.00    0.00    0.00    0.00    0.00    17  |__call_rcu
18:42:34     1000         -   1243303   99.00    0.00    0.00    0.00   99.00    16  |__CPU 0/TCG
18:42:34     1000         -   1243304    1.00    0.00    0.00    0.00    1.00     3  |__CPU 1/TCG
18:42:34     1000         -   1243305   99.00    0.00    0.00    0.00   99.00     4  |__CPU 2/TCG
18:42:34     1000         -   1243306    0.00    0.00    0.00    0.00    0.00    22  |__CPU 3/TCG
18:42:35     1000   1243286         -  201.00    2.00    0.00    0.00  203.00     5  qemu-system-aar
18:42:35     1000         -   1243286    1.00    3.00    0.00    0.00    4.00     5  |__qemu-system-aar
18:42:35     1000         -   1243293    0.00    0.00    0.00    0.00    0.00    17  |__call_rcu
18:42:35     1000         -   1243303   99.00    1.00    0.00    0.00  100.00    16  |__CPU 0/TCG
18:42:35     1000         -   1243304    0.00    1.00    0.00    0.00    1.00     3  |__CPU 1/TCG
18:42:35     1000         -   1243305   99.00    0.00    0.00    0.00   99.00     4  |__CPU 2/TCG
18:42:35     1000         -   1243306    0.00    0.00    0.00    0.00    0.00    22  |__CPU 3/TCG
18:42:36     1000   1243286         -  202.00    1.00    0.00    0.00  203.00     5  qemu-system-aar
18:42:36     1000         -   1243286    1.00    2.00    0.00    0.00    3.00     5  |__qemu-system-aar
18:42:36     1000         -   1243293    0.00    0.00    0.00    0.00    0.00    17  |__call_rcu
18:42:36     1000         -   1243303  100.00    0.00    0.00    0.00  100.00    16  |__CPU 0/TCG
18:42:36     1000         -   1243304    0.00    0.00    0.00    0.00    0.00     3  |__CPU 1/TCG
18:42:36     1000         -   1243305  100.00    1.00    0.00    0.00  101.00     4  |__CPU 2/TCG
18:42:36     1000         -   1243306    0.00    0.00    0.00    0.00    0.00    22  |__CPU 3/TCG
18:42:37     1000   1243286         -  202.00    2.00    0.00    0.00  204.00     5  qemu-system-aar
18:42:37     1000         -   1243286    2.00    2.00    0.00    0.00    4.00     5  |__qemu-system-aar
18:42:37     1000         -   1243293    0.00    0.00    0.00    0.00    0.00    17  |__call_rcu
18:42:37     1000         -   1243303   99.00    0.00    0.00    0.00   99.00    16  |__CPU 0/TCG
18:42:37     1000         -   1243304    1.00    0.00    0.00    0.00    1.00     4  |__CPU 1/TCG
18:42:37     1000         -   1243305   99.00    1.00    0.00    0.00  100.00    20  |__CPU 2/TCG
18:42:37     1000         -   1243306    0.00    0.00    0.00    0.00    0.00    22  |__CPU 3/TCG
18:42:38     1000   1243286         -  201.00    2.00    0.00    0.00  203.00     5  qemu-system-aar
18:42:38     1000         -   1243286    1.00    2.00    0.00    0.00    3.00     5  |__qemu-system-aar
18:42:38     1000         -   1243293    0.00    0.00    0.00    0.00    0.00    17  |__call_rcu
18:42:38     1000         -   1243303   99.00    0.00    0.00    0.00   99.00     2  |__CPU 0/TCG
18:42:38     1000         -   1243304    0.00    0.00    0.00    0.00    0.00     3  |__CPU 1/TCG
18:42:38     1000         -   1243305   99.00    0.00    0.00    0.00   99.00     4  |__CPU 2/TCG
18:42:38     1000         -   1243306    0.00    0.00    0.00    0.00    0.00    22  |__CPU 3/TCG
18:42:39     1000   1243286         -  203.00    1.00    0.00    0.00  204.00     5  qemu-system-aar
18:42:39     1000         -   1243286    1.00    3.00    0.00    0.00    4.00     5  |__qemu-system-aar
18:42:39     1000         -   1243293    0.00    0.00    0.00    0.00    0.00    17  |__call_rcu
18:42:39     1000         -   1243303  100.00    0.00    0.00    0.00  100.00     0  |__CPU 0/TCG
18:42:39     1000         -   1243304    1.00    0.00    0.00    0.00    1.00     3  |__CPU 1/TCG
18:42:39     1000         -   1243305   99.00    1.00    0.00    0.00  100.00    20  |__CPU 2/TCG
18:42:39     1000         -   1243306    0.00    0.00    0.00    0.00    0.00    22  |__CPU 3/TCG
18:42:40     1000   1243286         -  201.00    2.00    0.00    0.00  203.00     5  qemu-system-aar
18:42:40     1000         -   1243286    1.00    2.00    0.00    0.00    3.00     5  |__qemu-system-aar
18:42:40     1000         -   1243293    0.00    0.00    0.00    0.00    0.00    17  |__call_rcu
18:42:40     1000         -   1243303   99.00    0.00    0.00    0.00   99.00     0  |__CPU 0/TCG
18:42:40     1000         -   1243304    0.00    0.00    0.00    0.00    0.00     6  |__CPU 1/TCG
18:42:40     1000         -   1243305  100.00    0.00    0.00    0.00  100.00    20  |__CPU 2/TCG
18:42:40     1000         -   1243306    0.00    0.00    0.00    0.00    0.00    22  |__CPU 3/TCG
18:42:41     1000   1243286         -  203.00    0.00    0.00    0.00  203.00     6  qemu-system-aar
18:42:41     1000         -   1243286    2.00    1.00    0.00    0.00    3.00     6  |__qemu-system-aar
18:42:41     1000         -   1243293    0.00    0.00    0.00    0.00    0.00    17  |__call_rcu
18:42:41     1000         -   1243303   99.00    0.00    0.00    0.00   99.00     0  |__CPU 0/TCG
18:42:41     1000         -   1243304    1.00    0.00    0.00    0.00    1.00     3  |__CPU 1/TCG
18:42:41     1000         -   1243305   99.00    0.00    0.00    0.00   99.00    20  |__CPU 2/TCG
18:42:41     1000         -   1243306    0.00    0.00    0.00    0.00    0.00    22  |__CPU 3/TCG
18:42:42     1000   1243286         -  201.00    2.00    0.00    0.00  203.00     7  qemu-system-aar
18:42:42     1000         -   1243286    1.00    2.00    0.00    0.00    3.00     7  |__qemu-system-aar
18:42:42     1000         -   1243293    0.00    0.00    0.00    0.00    0.00    17  |__call_rcu
18:42:42     1000         -   1243303  100.00    1.00    0.00    0.00  101.00     0  |__CPU 0/TCG
18:42:42     1000         -   1243304    0.00    0.00    0.00    0.00    0.00     6  |__CPU 1/TCG
18:42:42     1000         -   1243305  100.00    1.00    0.00    0.00  101.00    20  |__CPU 2/TCG
18:42:42     1000         -   1243306    0.00    0.00    0.00    0.00    0.00    22  |__CPU 3/TCG
18:42:43     1000   1243286         -  202.00    2.00    0.00    0.00  204.00     3  qemu-system-aar
18:42:43     1000         -   1243286    2.00    2.00    0.00    0.00    4.00     3  |__qemu-system-aar
18:42:43     1000         -   1243293    0.00    0.00    0.00    0.00    0.00    17  |__call_rcu
18:42:43     1000         -   1243303   99.00    0.00    0.00    0.00   99.00     0  |__CPU 0/TCG
18:42:43     1000         -   1243304    1.00    0.00    0.00    0.00    1.00     6  |__CPU 1/TCG
18:42:43     1000         -   1243305   99.00    1.00    0.00    0.00  100.00    20  |__CPU 2/TCG
18:42:43     1000         -   1243306    0.00    0.00    0.00    0.00    0.00    22  |__CPU 3/TCG
18:42:44     1000   1243286         -  202.00    1.00    0.00    0.00  203.00     7  qemu-system-aar
18:42:44     1000         -   1243286    1.00    2.00    0.00    0.00    3.00     7  |__qemu-system-aar
18:42:44     1000         -   1243293    0.00    0.00    0.00    0.00    0.00    17  |__call_rcu
18:42:44     1000         -   1243303   99.00    0.00    0.00    0.00   99.00     0  |__CPU 0/TCG
18:42:44     1000         -   1243304    1.00    0.00    0.00    0.00    1.00     6  |__CPU 1/TCG
18:42:44     1000         -   1243305   99.00    0.00    0.00    0.00   99.00    20  |__CPU 2/TCG
18:42:44     1000         -   1243306    0.00    0.00    0.00    0.00    0.00    22  |__CPU 3/TCG
18:42:45     1000   1243286         -  202.00    1.00    0.00    0.00  203.00    18  qemu-system-aar
18:42:45     1000         -   1243286    1.00    2.00    0.00    0.00    3.00     6  |__qemu-system-aar
18:42:45     1000         -   1243293    0.00    0.00    0.00    0.00    0.00    17  |__call_rcu
18:42:45     1000         -   1243303   99.00    1.00    0.00    0.00  100.00     0  |__CPU 0/TCG
18:42:45     1000         -   1243304    0.00    0.00    0.00    0.00    0.00     6  |__CPU 1/TCG
18:42:45     1000         -   1243305  100.00    0.00    0.00    0.00  100.00    20  |__CPU 2/TCG
18:42:45     1000         -   1243306    0.00    0.00    0.00    0.00    0.00    22  |__CPU 3/TCG
18:42:46     1000   1243286         -  202.00    2.00    0.00    0.00  204.00    18  qemu-system-aar
18:42:46     1000         -   1243286    1.00    2.00    0.00    0.00    3.00    18  |__qemu-system-aar
18:42:46     1000         -   1243293    0.00    0.00    0.00    0.00    0.00    17  |__call_rcu
18:42:46     1000         -   1243303  100.00    0.00    0.00    0.00  100.00     0  |__CPU 0/TCG
18:42:46     1000         -   1243304    1.00    0.00    0.00    0.00    1.00     2  |__CPU 1/TCG
18:42:46     1000         -   1243305   99.00    1.00    0.00    0.00  100.00    20  |__CPU 2/TCG
18:42:46     1000         -   1243306    0.00    0.00    0.00    0.00    0.00    22  |__CPU 3/TCG
18:42:47     1000   1243286         -  202.00    1.00    0.00    0.00  203.00    22  qemu-system-aar
18:42:47     1000         -   1243286    1.00    3.00    0.00    0.00    4.00    22  |__qemu-system-aar
18:42:47     1000         -   1243293    0.00    0.00    0.00    0.00    0.00    17  |__call_rcu
18:42:47     1000         -   1243303   99.00    0.00    0.00    0.00   99.00     0  |__CPU 0/TCG
18:42:47     1000         -   1243304    0.00    0.00    0.00    0.00    0.00     6  |__CPU 1/TCG
18:42:47     1000         -   1243305   99.00    1.00    0.00    0.00  100.00    20  |__CPU 2/TCG
18:42:47     1000         -   1243306    0.00    0.00    0.00    0.00    0.00    22  |__CPU 3/TCG
18:42:48     1000   1243286         -  201.00    2.00    0.00    0.00  203.00    23  qemu-system-aar
18:42:48     1000         -   1243286    1.00    2.00    0.00    0.00    3.00    23  |__qemu-system-aar
18:42:48     1000         -   1243293    0.00    0.00    0.00    0.00    0.00    17  |__call_rcu
18:42:48     1000         -   1243303  100.00    0.00    0.00    0.00  100.00     0  |__CPU 0/TCG
18:42:48     1000         -   1243304    1.00    0.00    0.00    0.00    1.00     6  |__CPU 1/TCG
18:42:48     1000         -   1243305   99.00    1.00    0.00    0.00  100.00    20  |__CPU 2/TCG
18:42:48     1000         -   1243306    0.00    0.00    0.00    0.00    0.00    22  |__CPU 3/TCG
18:42:49     1000   1243286         -  202.00    1.00    0.00    0.00  203.00    23  qemu-system-aar
18:42:49     1000         -   1243286    1.00    2.00    0.00    0.00    3.00    23  |__qemu-system-aar
18:42:49     1000         -   1243293    0.00    0.00    0.00    0.00    0.00    17  |__call_rcu
18:42:49     1000         -   1243303   99.00    0.00    0.00    0.00   99.00     0  |__CPU 0/TCG
18:42:49     1000         -   1243304    0.00    0.00    0.00    0.00    0.00     6  |__CPU 1/TCG
18:42:49     1000         -   1243305   99.00    0.00    0.00    0.00   99.00    20  |__CPU 2/TCG
18:42:49     1000         -   1243306    0.00    0.00    0.00    0.00    0.00    22  |__CPU 3/TCG
18:42:50     1000   1243286         -  202.00    2.00    0.00    0.00  204.00    23  qemu-system-aar
18:42:50     1000         -   1243286    1.00    3.00    0.00    0.00    4.00    23  |__qemu-system-aar
18:42:50     1000         -   1243293    0.00    0.00    0.00    0.00    0.00    17  |__call_rcu
18:42:50     1000         -   1243303   99.00    0.00    0.00    0.00   99.00     0  |__CPU 0/TCG
18:42:50     1000         -   1243304    1.00    0.00    0.00    0.00    1.00     6  |__CPU 1/TCG
18:42:50     1000         -   1243305  100.00    0.00    0.00    0.00  100.00    20  |__CPU 2/TCG
18:42:50     1000         -   1243306    0.00    0.00    0.00    0.00    0.00    22  |__CPU 3/TCG
18:42:51     1000   1243286         -  202.00    1.00    0.00    0.00  203.00    23  qemu-system-aar
18:42:51     1000         -   1243286    1.00    3.00    0.00    0.00    4.00    23  |__qemu-system-aar
18:42:51     1000         -   1243293    0.00    0.00    0.00    0.00    0.00    17  |__call_rcu
18:42:51     1000         -   1243303  100.00    0.00    0.00    0.00  100.00     0  |__CPU 0/TCG
18:42:51     1000         -   1243304    0.00    0.00    0.00    0.00    0.00     6  |__CPU 1/TCG
18:42:51     1000         -   1243305   99.00    1.00    0.00    0.00  100.00    20  |__CPU 2/TCG
18:42:51     1000         -   1243306    0.00    0.00    0.00    0.00    0.00    22  |__CPU 3/TCG
18:42:52     1000   1243286         -  201.00    3.00    0.00    0.00  204.00    23  qemu-system-aar
18:42:52     1000         -   1243286    0.00    3.00    0.00    0.00    3.00    23  |__qemu-system-aar
18:42:52     1000         -   1243293    0.00    0.00    0.00    0.00    0.00    17  |__call_rcu
18:42:52     1000         -   1243303   99.00    0.00    0.00    0.00   99.00     0  |__CPU 0/TCG
18:42:52     1000         -   1243304    1.00    0.00    0.00    0.00    1.00     2  |__CPU 1/TCG
18:42:52     1000         -   1243305   99.00    1.00    0.00    0.00  100.00    20  |__CPU 2/TCG
18:42:52     1000         -   1243306    0.00    0.00    0.00    0.00    0.00    22  |__CPU 3/TCG
18:42:53     1000   1243286         -  201.00    1.00    0.00    0.00  202.00    23  qemu-system-aar
18:42:53     1000         -   1243286    1.00    2.00    0.00    0.00    3.00    23  |__qemu-system-aar
18:42:53     1000         -   1243293    0.00    0.00    0.00    0.00    0.00    17  |__call_rcu
18:42:53     1000         -   1243303   99.00    1.00    0.00    0.00  100.00    16  |__CPU 0/TCG
18:42:53     1000         -   1243304    0.00    0.00    0.00    0.00    0.00     7  |__CPU 1/TCG
18:42:53     1000         -   1243305   99.00    0.00    0.00    0.00   99.00    20  |__CPU 2/TCG
18:42:53     1000         -   1243306    0.00    0.00    0.00    0.00    0.00    22  |__CPU 3/TCG
18:42:54     1000   1243286         -  202.00    2.00    0.00    0.00  204.00     6  qemu-system-aar
18:42:54     1000         -   1243286    2.00    2.00    0.00    0.00    4.00     6  |__qemu-system-aar
18:42:54     1000         -   1243293    0.00    0.00    0.00    0.00    0.00    17  |__call_rcu
18:42:54     1000         -   1243303  100.00    0.00    0.00    0.00  100.00    16  |__CPU 0/TCG
18:42:54     1000         -   1243304    1.00    0.00    0.00    0.00    1.00     7  |__CPU 1/TCG
18:42:54     1000         -   1243305   99.00    1.00    0.00    0.00  100.00    20  |__CPU 2/TCG
18:42:54     1000         -   1243306    0.00    0.00    0.00    0.00    0.00    22  |__CPU 3/TCG
18:42:55     1000   1243286         -  203.00    0.00    0.00    0.00  203.00     1  qemu-system-aar
18:42:55     1000         -   1243286    1.00    2.00    0.00    0.00    3.00     1  |__qemu-system-aar
18:42:55     1000         -   1243293    0.00    0.00    0.00    0.00    0.00    17  |__call_rcu
18:42:55     1000         -   1243303   99.00    0.00    0.00    0.00   99.00    16  |__CPU 0/TCG
18:42:55     1000         -   1243304    0.00    0.00    0.00    0.00    0.00     7  |__CPU 1/TCG
18:42:55     1000         -   1243305  100.00    0.00    0.00    0.00  100.00    20  |__CPU 2/TCG
18:42:55     1000         -   1243306    0.00    0.00    0.00    0.00    0.00    22  |__CPU 3/TCG
18:42:56     1000   1243286         -  201.00    2.00    0.00    0.00  203.00    23  qemu-system-aar
18:42:56     1000         -   1243286    1.00    3.00    0.00    0.00    4.00    23  |__qemu-system-aar
18:42:56     1000         -   1243293    0.00    0.00    0.00    0.00    0.00    17  |__call_rcu
18:42:56     1000         -   1243303  100.00    0.00    0.00    0.00  100.00    16  |__CPU 0/TCG
18:42:56     1000         -   1243304    1.00    0.00    0.00    0.00    1.00     7  |__CPU 1/TCG
18:42:56     1000         -   1243305   99.00    0.00    0.00    0.00   99.00    20  |__CPU 2/TCG
18:42:56     1000         -   1243306    0.00    0.00    0.00    0.00    0.00    22  |__CPU 3/TCG
18:42:57     1000   1243286         -  203.00    0.00    0.00    0.00  203.00    23  qemu-system-aar
18:42:57     1000         -   1243286    1.00    2.00    0.00    0.00    3.00    23  |__qemu-system-aar
18:42:57     1000         -   1243293    0.00    0.00    0.00    0.00    0.00    17  |__call_rcu
18:42:57     1000         -   1243303   99.00    0.00    0.00    0.00   99.00    16  |__CPU 0/TCG
18:42:57     1000         -   1243304    0.00    0.00    0.00    0.00    0.00     7  |__CPU 1/TCG
18:42:57     1000         -   1243305  100.00    1.00    0.00    0.00  101.00    20  |__CPU 2/TCG
18:42:57     1000         -   1243306    0.00    0.00    0.00    0.00    0.00    22  |__CPU 3/TCG
18:42:58     1000   1243286         -  202.00    1.00    0.00    0.00  203.00     6  qemu-system-aar
18:42:58     1000         -   1243286    1.00    2.00    0.00    0.00    3.00     6  |__qemu-system-aar
18:42:58     1000         -   1243293    0.00    0.00    0.00    0.00    0.00    17  |__call_rcu
18:42:58     1000         -   1243303  100.00    0.00    0.00    0.00  100.00    16  |__CPU 0/TCG
18:42:58     1000         -   1243304    1.00    0.00    0.00    0.00    1.00     7  |__CPU 1/TCG
18:42:58     1000         -   1243305   99.00    0.00    0.00    0.00   99.00    20  |__CPU 2/TCG
18:42:58     1000         -   1243306    0.00    0.00    0.00    0.00    0.00    22  |__CPU 3/TCG
18:42:59     1000   1243286         -  202.00    1.00    0.00    0.00  203.00    19  qemu-system-aar
18:42:59     1000         -   1243286    1.00    2.00    0.00    0.00    3.00    19  |__qemu-system-aar
18:42:59     1000         -   1243293    0.00    0.00    0.00    0.00    0.00    17  |__call_rcu
18:42:59     1000         -   1243303   99.00    0.00    0.00    0.00   99.00    16  |__CPU 0/TCG
18:42:59     1000         -   1243304    0.00    0.00    0.00    0.00    0.00     2  |__CPU 1/TCG
18:42:59     1000         -   1243305  100.00    1.00    0.00    0.00  101.00    20  |__CPU 2/TCG
18:42:59     1000         -   1243306    0.00    0.00    0.00    0.00    0.00    22  |__CPU 3/TCG
18:43:00     1000   1243286         -  202.00    2.00    0.00    0.00  204.00     5  qemu-system-aar
18:43:00     1000         -   1243286    1.00    3.00    0.00    0.00    4.00     5  |__qemu-system-aar
18:43:00     1000         -   1243293    0.00    0.00    0.00    0.00    0.00    17  |__call_rcu
18:43:00     1000         -   1243303   99.00    1.00    0.00    0.00  100.00     0  |__CPU 0/TCG
18:43:00     1000         -   1243304    1.00    0.00    0.00    0.00    1.00     7  |__CPU 1/TCG
18:43:00     1000         -   1243305   99.00    0.00    0.00    0.00   99.00    20  |__CPU 2/TCG
18:43:00     1000         -   1243306    0.00    0.00    0.00    0.00    0.00    22  |__CPU 3/TCG
18:43:01     1000   1243286         -  202.00    1.00    0.00    0.00  203.00     5  qemu-system-aar
18:43:01     1000         -   1243286    1.00    2.00    0.00    0.00    3.00     5  |__qemu-system-aar
18:43:01     1000         -   1243293    0.00    0.00    0.00    0.00    0.00    17  |__call_rcu
18:43:01     1000         -   1243303  100.00    0.00    0.00    0.00  100.00     0  |__CPU 0/TCG
18:43:01     1000         -   1243304    0.00    0.00    0.00    0.00    0.00     7  |__CPU 1/TCG
18:43:01     1000         -   1243305   99.00    1.00    0.00    0.00  100.00     4  |__CPU 2/TCG
18:43:01     1000         -   1243306    0.00    0.00    0.00    0.00    0.00    22  |__CPU 3/TCG
18:43:02     1000   1243286         -  202.00    2.00    0.00    0.00  204.00     6  qemu-system-aar
18:43:02     1000         -   1243286    2.00    1.00    0.00    0.00    3.00     6  |__qemu-system-aar
18:43:02     1000         -   1243293    0.00    0.00    0.00    0.00    0.00    17  |__call_rcu
18:43:02     1000         -   1243303   99.00    0.00    0.00    0.00   99.00    16  |__CPU 0/TCG
18:43:02     1000         -   1243304    1.00    0.00    0.00    0.00    1.00     7  |__CPU 1/TCG
18:43:02     1000         -   1243305   99.00    0.00    0.00    0.00   99.00    20  |__CPU 2/TCG
18:43:02     1000         -   1243306    0.00    0.00    0.00    0.00    0.00    22  |__CPU 3/TCG
18:43:03     1000   1243286         -  201.00    2.00    0.00    0.00  203.00    22  qemu-system-aar
18:43:03     1000         -   1243286    1.00    3.00    0.00    0.00    4.00    22  |__qemu-system-aar
18:43:03     1000         -   1243293    0.00    0.00    0.00    0.00    0.00    17  |__call_rcu
18:43:03     1000         -   1243303   99.00    0.00    0.00    0.00   99.00    16  |__CPU 0/TCG
18:43:03     1000         -   1243304    0.00    0.00    0.00    0.00    0.00     7  |__CPU 1/TCG
18:43:03     1000         -   1243305  100.00    1.00    0.00    0.00  101.00    20  |__CPU 2/TCG
18:43:03     1000         -   1243306    0.00    0.00    0.00    0.00    0.00    22  |__CPU 3/TCG
18:43:04     1000   1243286         -  202.00    1.00    0.00    0.00  203.00    23  qemu-system-aar
18:43:04     1000         -   1243286    1.00    2.00    0.00    0.00    3.00    23  |__qemu-system-aar
18:43:04     1000         -   1243293    0.00    0.00    0.00    0.00    0.00    17  |__call_rcu
18:43:04     1000         -   1243303   99.00    1.00    0.00    0.00  100.00    16  |__CPU 0/TCG
18:43:04     1000         -   1243304    1.00    0.00    0.00    0.00    1.00     3  |__CPU 1/TCG
18:43:04     1000         -   1243305   99.00    0.00    0.00    0.00   99.00    20  |__CPU 2/TCG
18:43:04     1000         -   1243306    0.00    0.00    0.00    0.00    0.00    22  |__CPU 3/TCG
18:43:05     1000   1243286         -  203.00    1.00    0.00    0.00  204.00     0  qemu-system-aar
18:43:05     1000         -   1243286    2.00    3.00    0.00    0.00    5.00     0  |__qemu-system-aar
18:43:05     1000         -   1243293    0.00    0.00    0.00    0.00    0.00    17  |__call_rcu
18:43:05     1000         -   1243303   99.00    0.00    0.00    0.00   99.00    16  |__CPU 0/TCG
18:43:05     1000         -   1243304    0.00    0.00    0.00    0.00    0.00     3  |__CPU 1/TCG
18:43:05     1000         -   1243305   99.00    1.00    0.00    0.00  100.00    20  |__CPU 2/TCG
18:43:05     1000         -   1243306    0.00    0.00    0.00    0.00    0.00    22  |__CPU 3/TCG
18:43:06     1000   1243286         -  203.00    2.00    0.00    0.00  205.00     5  qemu-system-aar
18:43:06     1000         -   1243286    1.00    3.00    0.00    0.00    4.00     5  |__qemu-system-aar
18:43:06     1000         -   1243293    0.00    0.00    0.00    0.00    0.00    17  |__call_rcu
18:43:06     1000         -   1243303  100.00    0.00    0.00    0.00  100.00    16  |__CPU 0/TCG
18:43:06     1000         -   1243304    1.00    0.00    0.00    0.00    1.00     3  |__CPU 1/TCG
18:43:06     1000         -   1243305  100.00    0.00    0.00    0.00  100.00    20  |__CPU 2/TCG
18:43:06     1000         -   1243306    0.00    0.00    0.00    0.00    0.00    22  |__CPU 3/TCG
18:43:07     1000   1243286         -  201.00    2.00    0.00    0.00  203.00     6  qemu-system-aar
18:43:07     1000         -   1243286    1.00    2.00    0.00    0.00    3.00     6  |__qemu-system-aar
18:43:07     1000         -   1243293    0.00    0.00    0.00    0.00    0.00    17  |__call_rcu
18:43:07     1000         -   1243303   98.00    1.00    0.00    0.00   99.00    16  |__CPU 0/TCG
18:43:07     1000         -   1243304    1.00    0.00    0.00    0.00    1.00     2  |__CPU 1/TCG
18:43:07     1000         -   1243305   99.00    1.00    0.00    0.00  100.00    20  |__CPU 2/TCG
18:43:07     1000         -   1243306    0.00    0.00    0.00    0.00    0.00    22  |__CPU 3/TCG
18:43:08     1000   1243286         -  202.00    1.00    0.00    0.00  203.00    17  qemu-system-aar
18:43:08     1000         -   1243286    1.00    2.00    0.00    0.00    3.00    17  |__qemu-system-aar
18:43:08     1000         -   1243293    0.00    0.00    0.00    0.00    0.00    17  |__call_rcu
18:43:08     1000         -   1243303   99.00    1.00    0.00    0.00  100.00    16  |__CPU 0/TCG
18:43:08     1000         -   1243304    0.00    0.00    0.00    0.00    0.00     3  |__CPU 1/TCG
18:43:08     1000         -   1243305   99.00    0.00    0.00    0.00   99.00     4  |__CPU 2/TCG
18:43:08     1000         -   1243306    0.00    0.00    0.00    0.00    0.00    22  |__CPU 3/TCG
18:43:09     1000   1243286         -  201.00    2.00    0.00    0.00  203.00    17  qemu-system-aar
18:43:09     1000         -   1243286    2.00    2.00    0.00    0.00    4.00    17  |__qemu-system-aar
18:43:09     1000         -   1243293    0.00    0.00    0.00    0.00    0.00    17  |__call_rcu
18:43:09     1000         -   1243303  100.00    0.00    0.00    0.00  100.00    16  |__CPU 0/TCG
18:43:09     1000         -   1243304    1.00    0.00    0.00    0.00    1.00     2  |__CPU 1/TCG
18:43:09     1000         -   1243305   99.00    1.00    0.00    0.00  100.00     4  |__CPU 2/TCG
18:43:09     1000         -   1243306    0.00    0.00    0.00    0.00    0.00    22  |__CPU 3/TCG
18:43:10     1000   1243286         -  202.00    1.00    0.00    0.00  203.00    19  qemu-system-aar
18:43:10     1000         -   1243286    2.00    2.00    0.00    0.00    4.00    19  |__qemu-system-aar
18:43:10     1000         -   1243293    0.00    0.00    0.00    0.00    0.00    17  |__call_rcu
18:43:10     1000         -   1243303   99.00    0.00    0.00    0.00   99.00    16  |__CPU 0/TCG
18:43:10     1000         -   1243304    0.00    0.00    0.00    0.00    0.00     2  |__CPU 1/TCG
18:43:10     1000         -   1243305  100.00    0.00    0.00    0.00  100.00     4  |__CPU 2/TCG
18:43:10     1000         -   1243306    0.00    0.00    0.00    0.00    0.00    22  |__CPU 3/TCG
18:43:11     1000   1243286         -  203.00    1.00    0.00    0.00  204.00    22  qemu-system-aar
18:43:11     1000         -   1243286    1.00    2.00    0.00    0.00    3.00    22  |__qemu-system-aar
18:43:11     1000         -   1243293    0.00    0.00    0.00    0.00    0.00    17  |__call_rcu
18:43:11     1000         -   1243303   99.00    0.00    0.00    0.00   99.00    16  |__CPU 0/TCG
18:43:11     1000         -   1243304    1.00    1.00    0.00    0.00    2.00     3  |__CPU 1/TCG
18:43:11     1000         -   1243305   99.00    1.00    0.00    0.00  100.00     4  |__CPU 2/TCG
18:43:11     1000         -   1243306    0.00    0.00    0.00    0.00    0.00    22  |__CPU 3/TCG
18:43:12     1000   1243286         -  202.00    1.00    0.00    0.00  203.00    22  qemu-system-aar
18:43:12     1000         -   1243286    1.00    3.00    0.00    0.00    4.00    22  |__qemu-system-aar
18:43:12     1000         -   1243293    0.00    0.00    0.00    0.00    0.00    17  |__call_rcu
18:43:12     1000         -   1243303   99.00    1.00    0.00    0.00  100.00     0  |__CPU 0/TCG
18:43:12     1000         -   1243304    0.00    0.00    0.00    0.00    0.00     3  |__CPU 1/TCG
18:43:12     1000         -   1243305   99.00    1.00    0.00    0.00  100.00     4  |__CPU 2/TCG
18:43:12     1000         -   1243306    0.00    0.00    0.00    0.00    0.00    22  |__CPU 3/TCG
18:43:13     1000   1243286         -  202.00    1.00    0.00    0.00  203.00    23  qemu-system-aar
18:43:13     1000         -   1243286    2.00    1.00    0.00    0.00    3.00    23  |__qemu-system-aar
18:43:13     1000         -   1243293    0.00    0.00    0.00    0.00    0.00    17  |__call_rcu
18:43:13     1000         -   1243303   99.00    0.00    0.00    0.00   99.00     0  |__CPU 0/TCG
18:43:13     1000         -   1243304    1.00    0.00    0.00    0.00    1.00     2  |__CPU 1/TCG
18:43:13     1000         -   1243305  100.00    0.00    0.00    0.00  100.00     4  |__CPU 2/TCG
18:43:13     1000         -   1243306    0.00    0.00    0.00    0.00    0.00    22  |__CPU 3/TCG
18:43:14     1000   1243286         -  202.00    2.00    0.00    0.00  204.00     1  qemu-system-aar
18:43:14     1000         -   1243286    1.00    2.00    0.00    0.00    3.00     1  |__qemu-system-aar
18:43:14     1000         -   1243293    0.00    0.00    0.00    0.00    0.00    17  |__call_rcu
18:43:14     1000         -   1243303  100.00    0.00    0.00    0.00  100.00    16  |__CPU 0/TCG
18:43:14     1000         -   1243304    0.00    0.00    0.00    0.00    0.00     3  |__CPU 1/TCG
18:43:14     1000         -   1243305   99.00    1.00    0.00    0.00  100.00     4  |__CPU 2/TCG
18:43:14     1000         -   1243306    0.00    0.00    0.00    0.00    0.00    22  |__CPU 3/TCG
18:43:15     1000   1243286         -  203.00    1.00    0.00    0.00  204.00     3  qemu-system-aar
18:43:15     1000         -   1243286    2.00    2.00    0.00    0.00    4.00     3  |__qemu-system-aar
18:43:15     1000         -   1243293    0.00    0.00    0.00    0.00    0.00    17  |__call_rcu
18:43:15     1000         -   1243303   99.00    0.00    0.00    0.00   99.00    16  |__CPU 0/TCG
18:43:15     1000         -   1243304    1.00    0.00    0.00    0.00    1.00     2  |__CPU 1/TCG
18:43:15     1000         -   1243305  100.00    0.00    0.00    0.00  100.00     4  |__CPU 2/TCG
18:43:15     1000         -   1243306    0.00    0.00    0.00    0.00    0.00    22  |__CPU 3/TCG
18:43:16     1000   1243286         -  202.00    1.00    0.00    0.00  203.00     6  qemu-system-aar
18:43:16     1000         -   1243286    1.00    3.00    0.00    0.00    4.00     7  |__qemu-system-aar
18:43:16     1000         -   1243293    0.00    0.00    0.00    0.00    0.00    17  |__call_rcu
18:43:16     1000         -   1243303  100.00    0.00    0.00    0.00  100.00    16  |__CPU 0/TCG
18:43:16     1000         -   1243304    1.00    0.00    0.00    0.00    1.00     2  |__CPU 1/TCG
18:43:16     1000         -   1243305   99.00    0.00    0.00    0.00   99.00    20  |__CPU 2/TCG
18:43:16     1000         -   1243306    0.00    0.00    0.00    0.00    0.00    22  |__CPU 3/TCG
18:43:17     1000   1243286         -  201.00    2.00    0.00    0.00  203.00    16  qemu-system-aar
18:43:17     1000         -   1243286    1.00    2.00    0.00    0.00    3.00    16  |__qemu-system-aar
18:43:17     1000         -   1243293    0.00    0.00    0.00    0.00    0.00    17  |__call_rcu
18:43:17     1000         -   1243303   99.00    0.00    0.00    0.00   99.00     0  |__CPU 0/TCG
18:43:17     1000         -   1243304    0.00    0.00    0.00    0.00    0.00     6  |__CPU 1/TCG
18:43:17     1000         -   1243305   99.00    1.00    0.00    0.00  100.00    20  |__CPU 2/TCG
18:43:17     1000         -   1243306    0.00    0.00    0.00    0.00    0.00    22  |__CPU 3/TCG
18:43:18     1000   1243286         -  204.00    1.00    0.00    0.00  205.00    16  qemu-system-aar
18:43:18     1000         -   1243286    1.00    3.00    0.00    0.00    4.00    16  |__qemu-system-aar
18:43:18     1000         -   1243293    0.00    0.00    0.00    0.00    0.00    17  |__call_rcu
18:43:18     1000         -   1243303   99.00    0.00    0.00    0.00   99.00     0  |__CPU 0/TCG
18:43:18     1000         -   1243304    1.00    0.00    0.00    0.00    1.00     5  |__CPU 1/TCG
18:43:18     1000         -   1243305   99.00    0.00    0.00    0.00   99.00    20  |__CPU 2/TCG
18:43:18     1000         -   1243306    0.00    0.00    0.00    0.00    0.00    22  |__CPU 3/TCG
18:43:19     1000   1243286         -  202.00    1.00    0.00    0.00  203.00    16  qemu-system-aar
18:43:19     1000         -   1243286    1.00    4.00    0.00    0.00    5.00    16  |__qemu-system-aar
18:43:19     1000         -   1243293    0.00    0.00    0.00    0.00    0.00    17  |__call_rcu
18:43:19     1000         -   1243303  100.00    1.00    0.00    0.00  101.00     0  |__CPU 0/TCG
18:43:19     1000         -   1243304    0.00    0.00    0.00    0.00    0.00     5  |__CPU 1/TCG
18:43:19     1000         -   1243305   99.00    1.00    0.00    0.00  100.00    20  |__CPU 2/TCG
18:43:19     1000         -   1243306    0.00    0.00    0.00    0.00    0.00    22  |__CPU 3/TCG
18:43:20     1000   1243286         -  204.00    2.00    0.00    0.00  206.00    16  qemu-system-aar
18:43:20     1000         -   1243286    1.00    3.00    0.00    0.00    4.00    16  |__qemu-system-aar
18:43:20     1000         -   1243293    0.00    0.00    0.00    0.00    0.00    17  |__call_rcu
18:43:20     1000         -   1243303   99.00    0.00    0.00    0.00   99.00     0  |__CPU 0/TCG
18:43:20     1000         -   1243304    1.00    0.00    0.00    0.00    1.00     5  |__CPU 1/TCG
18:43:20     1000         -   1243305  100.00    1.00    0.00    0.00  101.00    20  |__CPU 2/TCG
18:43:20     1000         -   1243306    0.00    0.00    0.00    0.00    0.00    22  |__CPU 3/TCG
18:43:21     1000   1243286         -  203.00    1.00    0.00    0.00  204.00    16  qemu-system-aar
18:43:21     1000         -   1243286    2.00    3.00    0.00    0.00    5.00    16  |__qemu-system-aar
18:43:21     1000         -   1243293    0.00    0.00    0.00    0.00    0.00    17  |__call_rcu
18:43:21     1000         -   1243303   99.00    0.00    0.00    0.00   99.00     0  |__CPU 0/TCG
18:43:21     1000         -   1243304    0.00    0.00    0.00    0.00    0.00     7  |__CPU 1/TCG
18:43:21     1000         -   1243305   99.00    0.00    0.00    0.00   99.00    20  |__CPU 2/TCG
18:43:21     1000         -   1243306    0.00    0.00    0.00    0.00    0.00    22  |__CPU 3/TCG
18:43:22     1000   1243286         -  203.00    1.00    0.00    0.00  204.00    16  qemu-system-aar
18:43:22     1000         -   1243286    1.00    3.00    0.00    0.00    4.00    16  |__qemu-system-aar
18:43:22     1000         -   1243293    0.00    0.00    0.00    0.00    0.00    17  |__call_rcu
18:43:22     1000         -   1243303  100.00    0.00    0.00    0.00  100.00     0  |__CPU 0/TCG
18:43:22     1000         -   1243304    1.00    0.00    0.00    0.00    1.00     7  |__CPU 1/TCG
18:43:22     1000         -   1243305  100.00    0.00    0.00    0.00  100.00    20  |__CPU 2/TCG
18:43:22     1000         -   1243306    0.00    0.00    0.00    0.00    0.00    22  |__CPU 3/TCG
18:43:23     1000   1243286         -  202.00    2.00    0.00    0.00  204.00    16  qemu-system-aar
18:43:23     1000         -   1243286    1.00    4.00    0.00    0.00    5.00    16  |__qemu-system-aar
18:43:23     1000         -   1243293    0.00    0.00    0.00    0.00    0.00    17  |__call_rcu
18:43:23     1000         -   1243303   99.00    1.00    0.00    0.00  100.00     0  |__CPU 0/TCG
18:43:23     1000         -   1243304    0.00    0.00    0.00    0.00    0.00     7  |__CPU 1/TCG
18:43:23     1000         -   1243305   99.00    1.00    0.00    0.00  100.00    20  |__CPU 2/TCG
18:43:23     1000         -   1243306    0.00    0.00    0.00    0.00    0.00    22  |__CPU 3/TCG
18:43:24     1000   1243286         -  202.00    1.00    0.00    0.00  203.00     7  qemu-system-aar
18:43:24     1000         -   1243286    0.00    3.00    0.00    0.00    3.00     7  |__qemu-system-aar
18:43:24     1000         -   1243293    0.00    0.00    0.00    0.00    0.00    17  |__call_rcu
18:43:24     1000         -   1243303   99.00    0.00    0.00    0.00   99.00     0  |__CPU 0/TCG
18:43:24     1000         -   1243304    1.00    0.00    0.00    0.00    1.00     5  |__CPU 1/TCG
18:43:24     1000         -   1243305   99.00    0.00    0.00    0.00   99.00    20  |__CPU 2/TCG
18:43:24     1000         -   1243306    0.00    0.00    0.00    0.00    0.00    22  |__CPU 3/TCG
18:43:25     1000   1243286         -  202.00    2.00    0.00    0.00  204.00    21  qemu-system-aar
18:43:25     1000         -   1243286    2.00    2.00    0.00    0.00    4.00    21  |__qemu-system-aar
18:43:25     1000         -   1243293    0.00    0.00    0.00    0.00    0.00    17  |__call_rcu
18:43:25     1000         -   1243303   99.00    0.00    0.00    0.00   99.00    16  |__CPU 0/TCG
18:43:25     1000         -   1243304    1.00    0.00    0.00    0.00    1.00     5  |__CPU 1/TCG
18:43:25     1000         -   1243305  100.00    1.00    0.00    0.00  101.00    20  |__CPU 2/TCG
18:43:25     1000         -   1243306    0.00    0.00    0.00    0.00    0.00    22  |__CPU 3/TCG
18:43:26     1000   1243286         -  202.00    1.00    0.00    0.00  203.00    21  qemu-system-aar
18:43:26     1000         -   1243286    2.00    1.00    0.00    0.00    3.00    21  |__qemu-system-aar
18:43:26     1000         -   1243293    0.00    0.00    0.00    0.00    0.00    17  |__call_rcu
18:43:26     1000         -   1243303   99.00    0.00    0.00    0.00   99.00    16  |__CPU 0/TCG
18:43:26     1000         -   1243304    0.00    0.00    0.00    0.00    0.00    18  |__CPU 1/TCG
18:43:26     1000         -   1243305   99.00    0.00    0.00    0.00   99.00    20  |__CPU 2/TCG
18:43:26     1000         -   1243306    0.00    0.00    0.00    0.00    0.00    22  |__CPU 3/TCG
18:43:27     1000   1243286         -  202.00    1.00    0.00    0.00  203.00     1  qemu-system-aar
18:43:27     1000         -   1243286    1.00    3.00    0.00    0.00    4.00     1  |__qemu-system-aar
18:43:27     1000         -   1243293    0.00    0.00    0.00    0.00    0.00    17  |__call_rcu
18:43:27     1000         -   1243303   99.00    1.00    0.00    0.00  100.00    16  |__CPU 0/TCG
18:43:27     1000         -   1243304    1.00    0.00    0.00    0.00    1.00     5  |__CPU 1/TCG
18:43:27     1000         -   1243305  100.00    0.00    0.00    0.00  100.00    20  |__CPU 2/TCG
18:43:27     1000         -   1243306    0.00    0.00    0.00    0.00    0.00    22  |__CPU 3/TCG
18:43:28     1000   1243286         -  201.00    2.00    0.00    0.00  203.00     1  qemu-system-aar
18:43:28     1000         -   1243286    0.00    3.00    0.00    0.00    3.00     1  |__qemu-system-aar
18:43:28     1000         -   1243293    0.00    0.00    0.00    0.00    0.00    17  |__call_rcu
18:43:28     1000         -   1243303   99.00    0.00    0.00    0.00   99.00    16  |__CPU 0/TCG
18:43:28     1000         -   1243304    0.00    0.00    0.00    0.00    0.00     5  |__CPU 1/TCG
18:43:28     1000         -   1243305   99.00    1.00    0.00    0.00  100.00     4  |__CPU 2/TCG
18:43:28     1000         -   1243306    0.00    0.00    0.00    0.00    0.00    22  |__CPU 3/TCG
18:43:29     1000   1243286         -  202.00    2.00    0.00    0.00  204.00     2  qemu-system-aar
18:43:29     1000         -   1243286    1.00    2.00    0.00    0.00    3.00     2  |__qemu-system-aar
18:43:29     1000         -   1243293    0.00    0.00    0.00    0.00    0.00    17  |__call_rcu
18:43:29     1000         -   1243303  100.00    0.00    0.00    0.00  100.00    16  |__CPU 0/TCG
18:43:29     1000         -   1243304    1.00    0.00    0.00    0.00    1.00     5  |__CPU 1/TCG
18:43:29     1000         -   1243305   99.00    1.00    0.00    0.00  100.00     4  |__CPU 2/TCG
18:43:29     1000         -   1243306    0.00    0.00    0.00    0.00    0.00    22  |__CPU 3/TCG
18:43:30     1000   1243286         -  203.00    1.00    0.00    0.00  204.00     6  qemu-system-aar
18:43:30     1000         -   1243286    1.00    3.00    0.00    0.00    4.00     6  |__qemu-system-aar
18:43:30     1000         -   1243293    0.00    0.00    0.00    0.00    0.00    17  |__call_rcu
18:43:30     1000         -   1243303   99.00    0.00    0.00    0.00   99.00     0  |__CPU 0/TCG
18:43:30     1000         -   1243304    0.00    0.00    0.00    0.00    0.00    18  |__CPU 1/TCG
18:43:30     1000         -   1243305   99.00    0.00    0.00    0.00   99.00    20  |__CPU 2/TCG
18:43:30     1000         -   1243306    0.00    0.00    0.00    0.00    0.00    22  |__CPU 3/TCG
18:43:31     1000   1243286         -  201.00    2.00    0.00    0.00  203.00     6  qemu-system-aar
18:43:31     1000         -   1243286    1.00    2.00    0.00    0.00    3.00     6  |__qemu-system-aar
18:43:31     1000         -   1243293    0.00    0.00    0.00    0.00    0.00    17  |__call_rcu
18:43:31     1000         -   1243303  100.00    1.00    0.00    0.00  101.00     0  |__CPU 0/TCG
18:43:31     1000         -   1243304    1.00    0.00    0.00    0.00    1.00    18  |__CPU 1/TCG
18:43:31     1000         -   1243305   99.00    2.00    0.00    0.00  101.00    20  |__CPU 2/TCG
18:43:31     1000         -   1243306    0.00    0.00    0.00    0.00    0.00    22  |__CPU 3/TCG
18:43:32     1000   1243286         -  202.00    1.00    0.00    0.00  203.00     5  qemu-system-aar
18:43:32     1000         -   1243286    0.00    3.00    0.00    0.00    3.00     5  |__qemu-system-aar
18:43:32     1000         -   1243293    0.00    0.00    0.00    0.00    0.00    17  |__call_rcu
18:43:32     1000         -   1243303   99.00    0.00    0.00    0.00   99.00     0  |__CPU 0/TCG
18:43:32     1000         -   1243304    1.00    0.00    0.00    0.00    1.00    18  |__CPU 1/TCG
18:43:32     1000         -   1243305   99.00    0.00    0.00    0.00   99.00    20  |__CPU 2/TCG
18:43:32     1000         -   1243306    0.00    0.00    0.00    0.00    0.00    22  |__CPU 3/TCG
18:43:33     1000   1243286         -  202.00    1.00    0.00    0.00  203.00     1  qemu-system-aar
18:43:33     1000         -   1243286    2.00    2.00    0.00    0.00    4.00     1  |__qemu-system-aar
18:43:33     1000         -   1243293    0.00    0.00    0.00    0.00    0.00    17  |__call_rcu
18:43:33     1000         -   1243303   99.00    0.00    0.00    0.00   99.00     0  |__CPU 0/TCG
18:43:33     1000         -   1243304    0.00    0.00    0.00    0.00    0.00    19  |__CPU 1/TCG
18:43:33     1000         -   1243305  100.00    0.00    0.00    0.00  100.00    20  |__CPU 2/TCG
18:43:33     1000         -   1243306    0.00    0.00    0.00    0.00    0.00    22  |__CPU 3/TCG
18:43:34     1000   1243286         -  202.00    2.00    0.00    0.00  204.00     6  qemu-system-aar
18:43:34     1000         -   1243286    1.00    3.00    0.00    0.00    4.00     6  |__qemu-system-aar
18:43:34     1000         -   1243293    0.00    0.00    0.00    0.00    0.00    17  |__call_rcu
18:43:34     1000         -   1243303  100.00    0.00    0.00    0.00  100.00     0  |__CPU 0/TCG
18:43:34     1000         -   1243304    1.00    0.00    0.00    0.00    1.00    18  |__CPU 1/TCG
18:43:34     1000         -   1243305   99.00    1.00    0.00    0.00  100.00     4  |__CPU 2/TCG
18:43:34     1000         -   1243306    0.00    0.00    0.00    0.00    0.00    22  |__CPU 3/TCG
18:43:35     1000   1243286         -  202.00    1.00    0.00    0.00  203.00    17  qemu-system-aar
18:43:35     1000         -   1243286    1.00    2.00    0.00    0.00    3.00    17  |__qemu-system-aar
18:43:35     1000         -   1243293    0.00    0.00    0.00    0.00    0.00    17  |__call_rcu
18:43:35     1000         -   1243303   99.00    0.00    0.00    0.00   99.00     0  |__CPU 0/TCG
18:43:35     1000         -   1243304    0.00    0.00    0.00    0.00    0.00    19  |__CPU 1/TCG
18:43:35     1000         -   1243305  100.00    0.00    0.00    0.00  100.00     4  |__CPU 2/TCG
18:43:35     1000         -   1243306    0.00    0.00    0.00    0.00    0.00    22  |__CPU 3/TCG
18:43:36     1000   1243286         -  202.00    1.00    0.00    0.00  203.00    17  qemu-system-aar
18:43:36     1000         -   1243286    2.00    1.00    0.00    0.00    3.00    17  |__qemu-system-aar
18:43:36     1000         -   1243293    0.00    0.00    0.00    0.00    0.00    17  |__call_rcu
18:43:36     1000         -   1243303  100.00    0.00    0.00    0.00  100.00     0  |__CPU 0/TCG
18:43:36     1000         -   1243304    1.00    0.00    0.00    0.00    1.00    19  |__CPU 1/TCG
18:43:36     1000         -   1243305   99.00    0.00    0.00    0.00   99.00     4  |__CPU 2/TCG
18:43:36     1000         -   1243306    0.00    0.00    0.00    0.00    0.00    22  |__CPU 3/TCG
18:43:37     1000   1243286         -  201.00    2.00    0.00    0.00  203.00    17  qemu-system-aar
18:43:37     1000         -   1243286    1.00    3.00    0.00    0.00    4.00    17  |__qemu-system-aar
18:43:37     1000         -   1243293    0.00    0.00    0.00    0.00    0.00    17  |__call_rcu
18:43:37     1000         -   1243303   99.00    0.00    0.00    0.00   99.00     0  |__CPU 0/TCG
18:43:37     1000         -   1243304    0.00    1.00    0.00    0.00    1.00     4  |__CPU 1/TCG
18:43:37     1000         -   1243305   99.00    1.00    0.00    0.00  100.00    20  |__CPU 2/TCG
18:43:37     1000         -   1243306    0.00    0.00    0.00    0.00    0.00    22  |__CPU 3/TCG
18:43:38     1000   1243286         -  202.00    2.00    0.00    0.00  204.00    17  qemu-system-aar
18:43:38     1000         -   1243286    1.00    2.00    0.00    0.00    3.00    17  |__qemu-system-aar
18:43:38     1000         -   1243293    0.00    0.00    0.00    0.00    0.00    17  |__call_rcu
18:43:38     1000         -   1243303   99.00    0.00    0.00    0.00   99.00     0  |__CPU 0/TCG
18:43:38     1000         -   1243304    0.00    0.00    0.00    0.00    0.00     4  |__CPU 1/TCG
18:43:38     1000         -   1243305   99.00    1.00    0.00    0.00  100.00    20  |__CPU 2/TCG
18:43:38     1000         -   1243306    0.00    0.00    0.00    0.00    0.00    22  |__CPU 3/TCG
18:43:39     1000   1243286         -  201.00    1.00    0.00    0.00  202.00    17  qemu-system-aar
18:43:39     1000         -   1243286    1.00    2.00    0.00    0.00    3.00    17  |__qemu-system-aar
18:43:39     1000         -   1243293    0.00    0.00    0.00    0.00    0.00    17  |__call_rcu
18:43:39     1000         -   1243303  100.00    0.00    0.00    0.00  100.00     0  |__CPU 0/TCG
18:43:39     1000         -   1243304    1.00    0.00    0.00    0.00    1.00     4  |__CPU 1/TCG
18:43:39     1000         -   1243305   99.00    1.00    0.00    0.00  100.00    20  |__CPU 2/TCG
18:43:39     1000         -   1243306    0.00    0.00    0.00    0.00    0.00    22  |__CPU 3/TCG
18:43:40     1000   1243286         -  202.00    2.00    0.00    0.00  204.00     1  qemu-system-aar
18:43:40     1000         -   1243286    2.00    1.00    0.00    0.00    3.00     1  |__qemu-system-aar
18:43:40     1000         -   1243293    0.00    0.00    0.00    0.00    0.00    17  |__call_rcu
18:43:40     1000         -   1243303   99.00    1.00    0.00    0.00  100.00     0  |__CPU 0/TCG
18:43:40     1000         -   1243304    0.00    0.00    0.00    0.00    0.00     4  |__CPU 1/TCG
18:43:40     1000         -   1243305  100.00    0.00    0.00    0.00  100.00    20  |__CPU 2/TCG
18:43:40     1000         -   1243306    0.00    0.00    0.00    0.00    0.00    22  |__CPU 3/TCG
18:43:41     1000   1243286         -  202.00    1.00    0.00    0.00  203.00     1  qemu-system-aar
18:43:41     1000         -   1243286    0.00    3.00    0.00    0.00    3.00     1  |__qemu-system-aar
18:43:41     1000         -   1243293    0.00    0.00    0.00    0.00    0.00    17  |__call_rcu
18:43:41     1000         -   1243303  100.00    0.00    0.00    0.00  100.00     0  |__CPU 0/TCG
18:43:41     1000         -   1243304    1.00    0.00    0.00    0.00    1.00     4  |__CPU 1/TCG
18:43:41     1000         -   1243305   99.00    0.00    0.00    0.00   99.00    20  |__CPU 2/TCG
18:43:41     1000         -   1243306    0.00    0.00    0.00    0.00    0.00    22  |__CPU 3/TCG
18:43:42     1000   1243286         -  202.00    1.00    0.00    0.00  203.00     1  qemu-system-aar
18:43:42     1000         -   1243286    2.00    2.00    0.00    0.00    4.00     1  |__qemu-system-aar
18:43:42     1000         -   1243293    0.00    0.00    0.00    0.00    0.00    17  |__call_rcu
18:43:42     1000         -   1243303   99.00    0.00    0.00    0.00   99.00     0  |__CPU 0/TCG
18:43:42     1000         -   1243304    0.00    0.00    0.00    0.00    0.00     4  |__CPU 1/TCG
18:43:42     1000         -   1243305  100.00    1.00    0.00    0.00  101.00    20  |__CPU 2/TCG
18:43:42     1000         -   1243306    0.00    0.00    0.00    0.00    0.00    22  |__CPU 3/TCG
18:43:43     1000   1243286         -  202.00    1.00    0.00    0.00  203.00     1  qemu-system-aar
18:43:43     1000         -   1243286    1.00    2.00    0.00    0.00    3.00     1  |__qemu-system-aar
18:43:43     1000         -   1243293    0.00    0.00    0.00    0.00    0.00    17  |__call_rcu
18:43:43     1000         -   1243303   99.00    0.00    0.00    0.00   99.00    16  |__CPU 0/TCG
18:43:43     1000         -   1243304    1.00    0.00    0.00    0.00    1.00     4  |__CPU 1/TCG
18:43:43     1000         -   1243305   99.00    0.00    0.00    0.00   99.00    20  |__CPU 2/TCG
18:43:43     1000         -   1243306    0.00    0.00    0.00    0.00    0.00    22  |__CPU 3/TCG
18:43:44     1000   1243286         -  202.00    2.00    0.00    0.00  204.00     3  qemu-system-aar
18:43:44     1000         -   1243286    1.00    2.00    0.00    0.00    3.00     3  |__qemu-system-aar
18:43:44     1000         -   1243293    0.00    0.00    0.00    0.00    0.00    17  |__call_rcu
18:43:44     1000         -   1243303  100.00    0.00    0.00    0.00  100.00    16  |__CPU 0/TCG
18:43:44     1000         -   1243304    0.00    0.00    0.00    0.00    0.00     4  |__CPU 1/TCG
18:43:44     1000         -   1243305   99.00    1.00    0.00    0.00  100.00    20  |__CPU 2/TCG
18:43:44     1000         -   1243306    0.00    0.00    0.00    0.00    0.00    22  |__CPU 3/TCG
18:43:45     1000   1243286         -  202.00    1.00    0.00    0.00  203.00     3  qemu-system-aar
18:43:45     1000         -   1243286    2.00    2.00    0.00    0.00    4.00     3  |__qemu-system-aar
18:43:45     1000         -   1243293    0.00    0.00    0.00    0.00    0.00    17  |__call_rcu
18:43:45     1000         -   1243303  100.00    0.00    0.00    0.00  100.00    16  |__CPU 0/TCG
18:43:45     1000         -   1243304    1.00    0.00    0.00    0.00    1.00     4  |__CPU 1/TCG
18:43:45     1000         -   1243305  100.00    0.00    0.00    0.00  100.00    20  |__CPU 2/TCG
18:43:45     1000         -   1243306    0.00    0.00    0.00    0.00    0.00    22  |__CPU 3/TCG
18:43:46     1000   1243286         -  202.00    1.00    0.00    0.00  203.00     7  qemu-system-aar
18:43:46     1000         -   1243286    1.00    2.00    0.00    0.00    3.00     7  |__qemu-system-aar
18:43:46     1000         -   1243293    0.00    0.00    0.00    0.00    0.00    17  |__call_rcu
18:43:46     1000         -   1243303   99.00    0.00    0.00    0.00   99.00    16  |__CPU 0/TCG
18:43:46     1000         -   1243304    0.00    0.00    0.00    0.00    0.00     4  |__CPU 1/TCG
18:43:46     1000         -   1243305   99.00    1.00    0.00    0.00  100.00    20  |__CPU 2/TCG
18:43:46     1000         -   1243306    0.00    0.00    0.00    0.00    0.00    22  |__CPU 3/TCG
18:43:47     1000   1243286         -  201.00    2.00    0.00    0.00  203.00     7  qemu-system-aar
18:43:47     1000         -   1243286    1.00    3.00    0.00    0.00    4.00     7  |__qemu-system-aar
18:43:47     1000         -   1243293    0.00    0.00    0.00    0.00    0.00    17  |__call_rcu
18:43:47     1000         -   1243303   99.00    1.00    0.00    0.00  100.00    16  |__CPU 0/TCG
18:43:47     1000         -   1243304    1.00    0.00    0.00    0.00    1.00     1  |__CPU 1/TCG
18:43:47     1000         -   1243305   99.00    1.00    0.00    0.00  100.00    20  |__CPU 2/TCG
18:43:47     1000         -   1243306    0.00    0.00    0.00    0.00    0.00    22  |__CPU 3/TCG
18:43:48     1000   1243286         -  202.00    2.00    0.00    0.00  204.00     7  qemu-system-aar
18:43:48     1000         -   1243286    1.00    2.00    0.00    0.00    3.00     7  |__qemu-system-aar
18:43:48     1000         -   1243293    0.00    0.00    0.00    0.00    0.00    17  |__call_rcu
18:43:48     1000         -   1243303  100.00    0.00    0.00    0.00  100.00    16  |__CPU 0/TCG
18:43:48     1000         -   1243304    0.00    0.00    0.00    0.00    0.00    18  |__CPU 1/TCG
18:43:48     1000         -   1243305   99.00    0.00    0.00    0.00   99.00    20  |__CPU 2/TCG
18:43:48     1000         -   1243306    0.00    0.00    0.00    0.00    0.00    22  |__CPU 3/TCG
18:43:49     1000   1243286         -  202.00    1.00    0.00    0.00  203.00     7  qemu-system-aar
18:43:49     1000         -   1243286    0.00    3.00    0.00    0.00    3.00     7  |__qemu-system-aar
18:43:49     1000         -   1243293    0.00    0.00    0.00    0.00    0.00    17  |__call_rcu
18:43:49     1000         -   1243303   99.00    0.00    0.00    0.00   99.00    16  |__CPU 0/TCG
18:43:49     1000         -   1243304    1.00    0.00    0.00    0.00    1.00    18  |__CPU 1/TCG
18:43:49     1000         -   1243305   99.00    1.00    0.00    0.00  100.00    20  |__CPU 2/TCG
18:43:49     1000         -   1243306    0.00    0.00    0.00    0.00    0.00    22  |__CPU 3/TCG
18:43:50     1000   1243286         -  202.00    1.00    0.00    0.00  203.00     6  qemu-system-aar
18:43:50     1000         -   1243286    1.00    3.00    0.00    0.00    4.00     6  |__qemu-system-aar
18:43:50     1000         -   1243293    0.00    0.00    0.00    0.00    0.00    17  |__call_rcu
18:43:50     1000         -   1243303   99.00    0.00    0.00    0.00   99.00    16  |__CPU 0/TCG
18:43:50     1000         -   1243304    0.00    0.00    0.00    0.00    0.00     1  |__CPU 1/TCG
18:43:50     1000         -   1243305   99.00    0.00    0.00    0.00   99.00    20  |__CPU 2/TCG
18:43:50     1000         -   1243306    0.00    0.00    0.00    0.00    0.00    22  |__CPU 3/TCG
18:43:51     1000   1243286         -  202.00    1.00    0.00    0.00  203.00     6  qemu-system-aar
18:43:51     1000         -   1243286    1.00    2.00    0.00    0.00    3.00     6  |__qemu-system-aar
18:43:51     1000         -   1243293    0.00    0.00    0.00    0.00    0.00    17  |__call_rcu
18:43:51     1000         -   1243303  100.00    0.00    0.00    0.00  100.00    16  |__CPU 0/TCG
18:43:51     1000         -   1243304    1.00    0.00    0.00    0.00    1.00     1  |__CPU 1/TCG
18:43:51     1000         -   1243305  100.00    1.00    0.00    0.00  101.00    20  |__CPU 2/TCG
18:43:51     1000         -   1243306    0.00    0.00    0.00    0.00    0.00    22  |__CPU 3/TCG
18:43:52     1000   1243286         -  203.00    2.00    0.00    0.00  205.00     7  qemu-system-aar
18:43:52     1000         -   1243286    2.00    1.00    0.00    0.00    3.00     7  |__qemu-system-aar
18:43:52     1000         -   1243293    0.00    0.00    0.00    0.00    0.00    17  |__call_rcu
18:43:52     1000         -   1243303   99.00    0.00    0.00    0.00   99.00    16  |__CPU 0/TCG
18:43:52     1000         -   1243304    1.00    0.00    0.00    0.00    1.00     1  |__CPU 1/TCG
18:43:52     1000         -   1243305   99.00    0.00    0.00    0.00   99.00    20  |__CPU 2/TCG
18:43:52     1000         -   1243306    0.00    0.00    0.00    0.00    0.00    22  |__CPU 3/TCG
18:43:53     1000   1243286         -  201.00    1.00    0.00    0.00  202.00    17  qemu-system-aar
18:43:53     1000         -   1243286    1.00    2.00    0.00    0.00    3.00    17  |__qemu-system-aar
18:43:53     1000         -   1243293    0.00    0.00    0.00    0.00    0.00    17  |__call_rcu
18:43:53     1000         -   1243303  100.00    0.00    0.00    0.00  100.00    16  |__CPU 0/TCG
18:43:53     1000         -   1243304    0.00    0.00    0.00    0.00    0.00    18  |__CPU 1/TCG
18:43:53     1000         -   1243305  100.00    1.00    0.00    0.00  101.00    20  |__CPU 2/TCG
18:43:53     1000         -   1243306    0.00    0.00    0.00    0.00    0.00    22  |__CPU 3/TCG
18:43:54     1000   1243286         -  202.00    2.00    0.00    0.00  204.00    19  qemu-system-aar
18:43:54     1000         -   1243286    1.00    3.00    0.00    0.00    4.00    19  |__qemu-system-aar
18:43:54     1000         -   1243293    0.00    0.00    0.00    0.00    0.00    17  |__call_rcu
18:43:54     1000         -   1243303   99.00    1.00    0.00    0.00  100.00    16  |__CPU 0/TCG
18:43:54     1000         -   1243304    1.00    0.00    0.00    0.00    1.00    18  |__CPU 1/TCG
18:43:54     1000         -   1243305   99.00    0.00    0.00    0.00   99.00    20  |__CPU 2/TCG
18:43:54     1000         -   1243306    0.00    0.00    0.00    0.00    0.00    22  |__CPU 3/TCG
18:43:55     1000   1243286         -  202.00    1.00    0.00    0.00  203.00    19  qemu-system-aar
18:43:55     1000         -   1243286    1.00    2.00    0.00    0.00    3.00    19  |__qemu-system-aar
18:43:55     1000         -   1243293    0.00    0.00    0.00    0.00    0.00    17  |__call_rcu
18:43:55     1000         -   1243303  100.00    0.00    0.00    0.00  100.00    16  |__CPU 0/TCG
18:43:55     1000         -   1243304    0.00    0.00    0.00    0.00    0.00     1  |__CPU 1/TCG
18:43:55     1000         -   1243305   99.00    1.00    0.00    0.00  100.00    20  |__CPU 2/TCG
18:43:55     1000         -   1243306    0.00    0.00    0.00    0.00    0.00    22  |__CPU 3/TCG
18:43:56     1000   1243286         -  201.00    1.00    0.00    0.00  202.00    17  qemu-system-aar
18:43:56     1000         -   1243286    1.00    3.00    0.00    0.00    4.00    17  |__qemu-system-aar
18:43:56     1000         -   1243293    0.00    0.00    0.00    0.00    0.00    17  |__call_rcu
18:43:56     1000         -   1243303   99.00    0.00    0.00    0.00   99.00    16  |__CPU 0/TCG
18:43:56     1000         -   1243304    1.00    0.00    0.00    0.00    1.00     1  |__CPU 1/TCG
18:43:56     1000         -   1243305  100.00    0.00    0.00    0.00  100.00    20  |__CPU 2/TCG
18:43:56     1000         -   1243306    0.00    0.00    0.00    0.00    0.00    22  |__CPU 3/TCG
18:43:57     1000   1243286         -  201.00    3.00    0.00    0.00  204.00    17  qemu-system-aar
18:43:57     1000         -   1243286    0.00    2.00    0.00    0.00    2.00    17  |__qemu-system-aar
18:43:57     1000         -   1243293    0.00    0.00    0.00    0.00    0.00    17  |__call_rcu
18:43:57     1000         -   1243303   99.00    0.00    0.00    0.00   99.00    16  |__CPU 0/TCG
18:43:57     1000         -   1243304    0.00    0.00    0.00    0.00    0.00    18  |__CPU 1/TCG
18:43:57     1000         -   1243305   99.00    1.00    0.00    0.00  100.00    20  |__CPU 2/TCG
18:43:57     1000         -   1243306    0.00    0.00    0.00    0.00    0.00    22  |__CPU 3/TCG
18:43:58     1000   1243286         -  202.00    1.00    0.00    0.00  203.00    19  qemu-system-aar
18:43:58     1000         -   1243286    1.00    3.00    0.00    0.00    4.00    19  |__qemu-system-aar
18:43:58     1000         -   1243293    0.00    0.00    0.00    0.00    0.00    17  |__call_rcu
18:43:58     1000         -   1243303  100.00    0.00    0.00    0.00  100.00    16  |__CPU 0/TCG
18:43:58     1000         -   1243304    1.00    0.00    0.00    0.00    1.00    18  |__CPU 1/TCG
18:43:58     1000         -   1243305   99.00    0.00    0.00    0.00   99.00    20  |__CPU 2/TCG
18:43:58     1000         -   1243306    0.00    0.00    0.00    0.00    0.00    22  |__CPU 3/TCG
18:43:59     1000   1243286         -  202.00    2.00    0.00    0.00  204.00     6  qemu-system-aar
18:43:59     1000         -   1243286    1.00    2.00    0.00    0.00    3.00     6  |__qemu-system-aar
18:43:59     1000         -   1243293    0.00    0.00    0.00    0.00    0.00    17  |__call_rcu
18:43:59     1000         -   1243303   99.00    0.00    0.00    0.00   99.00    16  |__CPU 0/TCG
18:43:59     1000         -   1243304    0.00    0.00    0.00    0.00    0.00    21  |__CPU 1/TCG
18:43:59     1000         -   1243305   99.00    1.00    0.00    0.00  100.00    20  |__CPU 2/TCG
18:43:59     1000         -   1243306    0.00    0.00    0.00    0.00    0.00    22  |__CPU 3/TCG
18:44:00     1000   1243286         -  202.00    1.00    0.00    0.00  203.00    21  qemu-system-aar
18:44:00     1000         -   1243286    2.00    2.00    0.00    0.00    4.00    21  |__qemu-system-aar
18:44:00     1000         -   1243293    0.00    0.00    0.00    0.00    0.00    17  |__call_rcu
18:44:00     1000         -   1243303  100.00    1.00    0.00    0.00  101.00    16  |__CPU 0/TCG
18:44:00     1000         -   1243304    1.00    0.00    0.00    0.00    1.00    18  |__CPU 1/TCG
18:44:00     1000         -   1243305   99.00    1.00    0.00    0.00  100.00    20  |__CPU 2/TCG
18:44:00     1000         -   1243306    0.00    0.00    0.00    0.00    0.00    22  |__CPU 3/TCG
18:44:01     1000   1243286         -  201.00    2.00    0.00    0.00  203.00    21  qemu-system-aar
18:44:01     1000         -   1243286    0.00    3.00    0.00    0.00    3.00    21  |__qemu-system-aar
18:44:01     1000         -   1243293    0.00    0.00    0.00    0.00    0.00    17  |__call_rcu
18:44:01     1000         -   1243303   99.00    0.00    0.00    0.00   99.00    16  |__CPU 0/TCG
18:44:01     1000         -   1243304    1.00    0.00    0.00    0.00    1.00    18  |__CPU 1/TCG
18:44:01     1000         -   1243305  100.00    0.00    0.00    0.00  100.00    20  |__CPU 2/TCG
18:44:01     1000         -   1243306    0.00    0.00    0.00    0.00    0.00    22  |__CPU 3/TCG
18:44:02     1000   1243286         -  202.00    1.00    0.00    0.00  203.00    21  qemu-system-aar
18:44:02     1000         -   1243286    3.00    0.00    0.00    0.00    3.00    21  |__qemu-system-aar
18:44:02     1000         -   1243293    0.00    0.00    0.00    0.00    0.00    17  |__call_rcu
18:44:02     1000         -   1243303   99.00    0.00    0.00    0.00   99.00    16  |__CPU 0/TCG
18:44:02     1000         -   1243304    0.00    0.00    0.00    0.00    0.00    19  |__CPU 1/TCG
18:44:02     1000         -   1243305   99.00    1.00    0.00    0.00  100.00    20  |__CPU 2/TCG
18:44:02     1000         -   1243306    0.00    0.00    0.00    0.00    0.00    22  |__CPU 3/TCG
18:44:03     1000   1243286         -  201.00    3.00    0.00    0.00  204.00    21  qemu-system-aar
18:44:03     1000         -   1243286    1.00    3.00    0.00    0.00    4.00    21  |__qemu-system-aar
18:44:03     1000         -   1243293    0.00    0.00    0.00    0.00    0.00    17  |__call_rcu
18:44:03     1000         -   1243303  100.00    0.00    0.00    0.00  100.00    16  |__CPU 0/TCG
18:44:03     1000         -   1243304    1.00    0.00    0.00    0.00    1.00    18  |__CPU 1/TCG
18:44:03     1000         -   1243305   99.00    1.00    0.00    0.00  100.00    20  |__CPU 2/TCG
18:44:03     1000         -   1243306    0.00    0.00    0.00    0.00    0.00    22  |__CPU 3/TCG
18:44:04     1000   1243286         -  202.00    1.00    0.00    0.00  203.00    22  qemu-system-aar
18:44:04     1000         -   1243286    0.00    2.00    0.00    0.00    2.00    22  |__qemu-system-aar
18:44:04     1000         -   1243293    0.00    0.00    0.00    0.00    0.00    17  |__call_rcu
18:44:04     1000         -   1243303   99.00    0.00    0.00    0.00   99.00    16  |__CPU 0/TCG
18:44:04     1000         -   1243304    0.00    0.00    0.00    0.00    0.00    18  |__CPU 1/TCG
18:44:04     1000         -   1243305   99.00    0.00    0.00    0.00   99.00    20  |__CPU 2/TCG
18:44:04     1000         -   1243306    0.00    0.00    0.00    0.00    0.00    22  |__CPU 3/TCG
18:44:05     1000   1243286         -  202.00    2.00    0.00    0.00  204.00     5  qemu-system-aar
18:44:05     1000         -   1243286    1.00    3.00    0.00    0.00    4.00     5  |__qemu-system-aar
18:44:05     1000         -   1243293    0.00    0.00    0.00    0.00    0.00    17  |__call_rcu
18:44:05     1000         -   1243303  100.00    0.00    0.00    0.00  100.00    16  |__CPU 0/TCG
18:44:05     1000         -   1243304    1.00    0.00    0.00    0.00    1.00    21  |__CPU 1/TCG
18:44:05     1000         -   1243305   99.00    1.00    0.00    0.00  100.00    20  |__CPU 2/TCG
18:44:05     1000         -   1243306    0.00    0.00    0.00    0.00    0.00    22  |__CPU 3/TCG
18:44:06     1000   1243286         -  201.00    1.00    0.00    0.00  202.00    22  qemu-system-aar
18:44:06     1000         -   1243286    1.00    3.00    0.00    0.00    4.00    22  |__qemu-system-aar
18:44:06     1000         -   1243293    0.00    0.00    0.00    0.00    0.00    17  |__call_rcu
18:44:06     1000         -   1243303   99.00    0.00    0.00    0.00   99.00    16  |__CPU 0/TCG
18:44:06     1000         -   1243304    0.00    0.00    0.00    0.00    0.00    18  |__CPU 1/TCG
18:44:06     1000         -   1243305  100.00    0.00    0.00    0.00  100.00    20  |__CPU 2/TCG
18:44:06     1000         -   1243306    0.00    0.00    0.00    0.00    0.00    22  |__CPU 3/TCG
18:44:07     1000   1243286         -  202.00    2.00    0.00    0.00  204.00    22  qemu-system-aar
18:44:07     1000         -   1243286    1.00    2.00    0.00    0.00    3.00    22  |__qemu-system-aar
18:44:07     1000         -   1243293    0.00    0.00    0.00    0.00    0.00    17  |__call_rcu
18:44:07     1000         -   1243303   99.00    1.00    0.00    0.00  100.00    16  |__CPU 0/TCG
18:44:07     1000         -   1243304    1.00    0.00    0.00    0.00    1.00    18  |__CPU 1/TCG
18:44:07     1000         -   1243305   99.00    1.00    0.00    0.00  100.00    20  |__CPU 2/TCG
18:44:07     1000         -   1243306    0.00    0.00    0.00    0.00    0.00    22  |__CPU 3/TCG
18:44:08     1000   1243286         -  202.00    2.00    0.00    0.00  204.00    14  qemu-system-aar
18:44:08     1000         -   1243286    1.00    3.00    0.00    0.00    4.00    14  |__qemu-system-aar
18:44:08     1000         -   1243293    0.00    0.00    0.00    0.00    0.00    17  |__call_rcu
18:44:08     1000         -   1243303  100.00    0.00    0.00    0.00  100.00    16  |__CPU 0/TCG
18:44:08     1000         -   1243304    1.00    0.00    0.00    0.00    1.00    18  |__CPU 1/TCG
18:44:08     1000         -   1243305   99.00    1.00    0.00    0.00  100.00    20  |__CPU 2/TCG
18:44:08     1000         -   1243306    0.00    0.00    0.00    0.00    0.00    22  |__CPU 3/TCG
18:44:09     1000   1243286         -  201.00    3.00    0.00    0.00  204.00    14  qemu-system-aar
18:44:09     1000         -   1243286    2.00    4.00    0.00    0.00    6.00    14  |__qemu-system-aar
18:44:09     1000         -   1243293    0.00    0.00    0.00    0.00    0.00    17  |__call_rcu
18:44:09     1000         -   1243303   98.00    1.00    0.00    0.00   99.00    16  |__CPU 0/TCG
18:44:09     1000         -   1243304    0.00    0.00    0.00    0.00    0.00    18  |__CPU 1/TCG
18:44:09     1000         -   1243305   98.00    1.00    0.00    0.00   99.00    20  |__CPU 2/TCG
18:44:09     1000         -   1243306    0.00    0.00    0.00    0.00    0.00    22  |__CPU 3/TCG
18:44:10     1000   1243286         -  203.00    1.00    0.00    0.00  204.00    13  qemu-system-aar
18:44:10     1000         -   1243286    2.00    3.00    0.00    0.00    5.00    13  |__qemu-system-aar
18:44:10     1000         -   1243293    0.00    0.00    0.00    0.00    0.00    17  |__call_rcu
18:44:10     1000         -   1243303   98.00    0.00    0.00    0.00   98.00    16  |__CPU 0/TCG
18:44:10     1000         -   1243304    1.00    0.00    0.00    0.00    1.00    18  |__CPU 1/TCG
18:44:10     1000         -   1243305   99.00    1.00    0.00    0.00  100.00    20  |__CPU 2/TCG
18:44:10     1000         -   1243306    0.00    0.00    0.00    0.00    0.00    22  |__CPU 3/TCG
18:44:11     1000   1243286         -  203.00    2.00    0.00    0.00  205.00    25  qemu-system-aar
18:44:11     1000         -   1243286    1.00    3.00    0.00    0.00    4.00    25  |__qemu-system-aar
18:44:11     1000         -   1243293    0.00    0.00    0.00    0.00    0.00    17  |__call_rcu
18:44:11     1000         -   1243303   99.00    0.00    0.00    0.00   99.00    16  |__CPU 0/TCG
18:44:11     1000         -   1243304    0.00    0.00    0.00    0.00    0.00    18  |__CPU 1/TCG
18:44:11     1000         -   1243305   99.00    1.00    0.00    0.00  100.00     4  |__CPU 2/TCG
18:44:11     1000         -   1243306    0.00    0.00    0.00    0.00    0.00    22  |__CPU 3/TCG
18:44:12     1000   1243286         -  203.00    1.00    0.00    0.00  204.00    17  qemu-system-aar
18:44:12     1000         -   1243286    1.00    3.00    0.00    0.00    4.00    17  |__qemu-system-aar
18:44:12     1000         -   1243293    0.00    0.00    0.00    0.00    0.00    17  |__call_rcu
18:44:12     1000         -   1243303  100.00    0.00    0.00    0.00  100.00     0  |__CPU 0/TCG
18:44:12     1000         -   1243304    1.00    0.00    0.00    0.00    1.00    19  |__CPU 1/TCG
18:44:12     1000         -   1243305   99.00    0.00    0.00    0.00   99.00     4  |__CPU 2/TCG
18:44:12     1000         -   1243306    0.00    0.00    0.00    0.00    0.00    22  |__CPU 3/TCG
18:44:13     1000   1243286         -  202.00    1.00    0.00    0.00  203.00    19  qemu-system-aar
18:44:13     1000         -   1243286    1.00    2.00    0.00    0.00    3.00    19  |__qemu-system-aar
18:44:13     1000         -   1243293    0.00    0.00    0.00    0.00    0.00    17  |__call_rcu
18:44:13     1000         -   1243303   99.00    0.00    0.00    0.00   99.00     4  |__CPU 0/TCG
18:44:13     1000         -   1243304    1.00    0.00    0.00    0.00    1.00    18  |__CPU 1/TCG
18:44:13     1000         -   1243305  100.00    0.00    0.00    0.00  100.00     0  |__CPU 2/TCG
18:44:13     1000         -   1243306    0.00    0.00    0.00    0.00    0.00    22  |__CPU 3/TCG
18:44:14     1000   1243286         -  202.00    2.00    0.00    0.00  204.00    19  qemu-system-aar
18:44:14     1000         -   1243286    1.00    3.00    0.00    0.00    4.00    19  |__qemu-system-aar
18:44:14     1000         -   1243293    0.00    0.00    0.00    0.00    0.00    17  |__call_rcu
18:44:14     1000         -   1243303   99.00    0.00    0.00    0.00   99.00     4  |__CPU 0/TCG
18:44:14     1000         -   1243304    0.00    0.00    0.00    0.00    0.00    18  |__CPU 1/TCG
18:44:14     1000         -   1243305   99.00    1.00    0.00    0.00  100.00     0  |__CPU 2/TCG
18:44:14     1000         -   1243306    0.00    0.00    0.00    0.00    0.00    22  |__CPU 3/TCG
18:44:15     1000   1243286         -  202.00    1.00    0.00    0.00  203.00    22  qemu-system-aar
18:44:15     1000         -   1243286    1.00    2.00    0.00    0.00    3.00    22  |__qemu-system-aar
18:44:15     1000         -   1243293    0.00    0.00    0.00    0.00    0.00    17  |__call_rcu
18:44:15     1000         -   1243303  100.00    0.00    0.00    0.00  100.00     4  |__CPU 0/TCG
18:44:15     1000         -   1243304    1.00    0.00    0.00    0.00    1.00    18  |__CPU 1/TCG
18:44:15     1000         -   1243305   99.00    1.00    0.00    0.00  100.00     0  |__CPU 2/TCG
18:44:15     1000         -   1243306    0.00    0.00    0.00    0.00    0.00    22  |__CPU 3/TCG
18:44:16     1000   1243286         -  201.00    1.00    0.00    0.00  202.00     5  qemu-system-aar
18:44:16     1000         -   1243286    2.00    2.00    0.00    0.00    4.00     5  |__qemu-system-aar
18:44:16     1000         -   1243293    0.00    0.00    0.00    0.00    0.00    17  |__call_rcu
18:44:16     1000         -   1243303   99.00    0.00    0.00    0.00   99.00     4  |__CPU 0/TCG
18:44:16     1000         -   1243304    0.00    0.00    0.00    0.00    0.00    18  |__CPU 1/TCG
18:44:16     1000         -   1243305   99.00    1.00    0.00    0.00  100.00     0  |__CPU 2/TCG
18:44:16     1000         -   1243306    0.00    0.00    0.00    0.00    0.00    22  |__CPU 3/TCG
18:44:17     1000   1243286         -  202.00    2.00    0.00    0.00  204.00    22  qemu-system-aar
18:44:17     1000         -   1243286    1.00    3.00    0.00    0.00    4.00    22  |__qemu-system-aar
18:44:17     1000         -   1243293    0.00    0.00    0.00    0.00    0.00    17  |__call_rcu
18:44:17     1000         -   1243303  100.00    1.00    0.00    0.00  101.00    20  |__CPU 0/TCG
18:44:17     1000         -   1243304    1.00    0.00    0.00    0.00    1.00    18  |__CPU 1/TCG
18:44:17     1000         -   1243305   99.00    0.00    0.00    0.00   99.00     0  |__CPU 2/TCG
18:44:17     1000         -   1243306    0.00    0.00    0.00    0.00    0.00    22  |__CPU 3/TCG
18:44:18     1000   1243286         -  202.00    2.00    0.00    0.00  204.00     6  qemu-system-aar
18:44:18     1000         -   1243286    0.00    3.00    0.00    0.00    3.00     6  |__qemu-system-aar
18:44:18     1000         -   1243293    0.00    0.00    0.00    0.00    0.00    17  |__call_rcu
18:44:18     1000         -   1243303   99.00    0.00    0.00    0.00   99.00    20  |__CPU 0/TCG
18:44:18     1000         -   1243304    0.00    0.00    0.00    0.00    0.00    19  |__CPU 1/TCG
18:44:18     1000         -   1243305   99.00    1.00    0.00    0.00  100.00     0  |__CPU 2/TCG
18:44:18     1000         -   1243306    0.00    0.00    0.00    0.00    0.00    22  |__CPU 3/TCG
18:44:19     1000   1243286         -  202.00    1.00    0.00    0.00  203.00     5  qemu-system-aar
18:44:19     1000         -   1243286    2.00    2.00    0.00    0.00    4.00     5  |__qemu-system-aar
18:44:19     1000         -   1243293    0.00    0.00    0.00    0.00    0.00    17  |__call_rcu
18:44:19     1000         -   1243303   99.00    0.00    0.00    0.00   99.00     4  |__CPU 0/TCG
18:44:19     1000         -   1243304    1.00    0.00    0.00    0.00    1.00    19  |__CPU 1/TCG
18:44:19     1000         -   1243305   99.00    1.00    0.00    0.00  100.00     0  |__CPU 2/TCG
18:44:19     1000         -   1243306    0.00    0.00    0.00    0.00    0.00    22  |__CPU 3/TCG
18:44:20     1000   1243286         -  202.00    2.00    0.00    0.00  204.00     7  qemu-system-aar
18:44:20     1000         -   1243286    1.00    2.00    0.00    0.00    3.00     7  |__qemu-system-aar
18:44:20     1000         -   1243293    0.00    0.00    0.00    0.00    0.00    17  |__call_rcu
18:44:20     1000         -   1243303  100.00    0.00    0.00    0.00  100.00     4  |__CPU 0/TCG
18:44:20     1000         -   1243304    1.00    0.00    0.00    0.00    1.00    19  |__CPU 1/TCG
18:44:20     1000         -   1243305   99.00    0.00    0.00    0.00   99.00     0  |__CPU 2/TCG
18:44:20     1000         -   1243306    0.00    0.00    0.00    0.00    0.00    22  |__CPU 3/TCG
18:44:21     1000   1243286         -  202.00    1.00    0.00    0.00  203.00     7  qemu-system-aar
18:44:21     1000         -   1243286    1.00    3.00    0.00    0.00    4.00     7  |__qemu-system-aar
18:44:21     1000         -   1243293    0.00    0.00    0.00    0.00    0.00    17  |__call_rcu
18:44:21     1000         -   1243303   99.00    0.00    0.00    0.00   99.00     4  |__CPU 0/TCG
18:44:21     1000         -   1243304    0.00    0.00    0.00    0.00    0.00    19  |__CPU 1/TCG
18:44:21     1000         -   1243305   99.00    1.00    0.00    0.00  100.00    16  |__CPU 2/TCG
18:44:21     1000         -   1243306    0.00    0.00    0.00    0.00    0.00    22  |__CPU 3/TCG
18:44:22     1000   1243286         -  202.00    1.00    0.00    0.00  203.00    18  qemu-system-aar
18:44:22     1000         -   1243286    0.00    2.00    0.00    0.00    2.00    18  |__qemu-system-aar
18:44:22     1000         -   1243293    0.00    0.00    0.00    0.00    0.00    17  |__call_rcu
18:44:22     1000         -   1243303  100.00    0.00    0.00    0.00  100.00     4  |__CPU 0/TCG
18:44:22     1000         -   1243304    1.00    0.00    0.00    0.00    1.00    19  |__CPU 1/TCG
18:44:22     1000         -   1243305  100.00    0.00    0.00    0.00  100.00    16  |__CPU 2/TCG
18:44:22     1000         -   1243306    0.00    0.00    0.00    0.00    0.00    22  |__CPU 3/TCG
18:44:23     1000   1243286         -  202.00    2.00    0.00    0.00  204.00    22  qemu-system-aar
18:44:23     1000         -   1243286    1.00    3.00    0.00    0.00    4.00    22  |__qemu-system-aar
18:44:23     1000         -   1243293    0.00    0.00    0.00    0.00    0.00    17  |__call_rcu
18:44:23     1000         -   1243303   99.00    0.00    0.00    0.00   99.00    20  |__CPU 0/TCG
18:44:23     1000         -   1243304    0.00    0.00    0.00    0.00    0.00    18  |__CPU 1/TCG
18:44:23     1000         -   1243305   99.00    1.00    0.00    0.00  100.00    16  |__CPU 2/TCG
18:44:23     1000         -   1243306    0.00    0.00    0.00    0.00    0.00    22  |__CPU 3/TCG
18:44:24     1000   1243286         -  201.00    2.00    0.00    0.00  203.00     2  qemu-system-aar
18:44:24     1000         -   1243286    1.00    2.00    0.00    0.00    3.00     2  |__qemu-system-aar
18:44:24     1000         -   1243293    0.00    0.00    0.00    0.00    0.00    17  |__call_rcu
18:44:24     1000         -   1243303   99.00    1.00    0.00    0.00  100.00    20  |__CPU 0/TCG
18:44:24     1000         -   1243304    1.00    0.00    0.00    0.00    1.00    19  |__CPU 1/TCG
18:44:24     1000         -   1243305  100.00    0.00    0.00    0.00  100.00     0  |__CPU 2/TCG
18:44:24     1000         -   1243306    0.00    0.00    0.00    0.00    0.00    22  |__CPU 3/TCG
18:44:25     1000   1243286         -  203.00    1.00    0.00    0.00  204.00     1  qemu-system-aar
18:44:25     1000         -   1243286    2.00    2.00    0.00    0.00    4.00     1  |__qemu-system-aar
18:44:25     1000         -   1243293    0.00    0.00    0.00    0.00    0.00    17  |__call_rcu
18:44:25     1000         -   1243303  100.00    0.00    0.00    0.00  100.00    20  |__CPU 0/TCG
18:44:25     1000         -   1243304    1.00    0.00    0.00    0.00    1.00    19  |__CPU 1/TCG
18:44:25     1000         -   1243305   99.00    0.00    0.00    0.00   99.00     0  |__CPU 2/TCG
18:44:25     1000         -   1243306    0.00    0.00    0.00    0.00    0.00    22  |__CPU 3/TCG
18:44:26     1000   1243286         -  202.00    1.00    0.00    0.00  203.00     1  qemu-system-aar
18:44:26     1000         -   1243286    1.00    2.00    0.00    0.00    3.00     1  |__qemu-system-aar
18:44:26     1000         -   1243293    0.00    0.00    0.00    0.00    0.00    17  |__call_rcu
18:44:26     1000         -   1243303   99.00    0.00    0.00    0.00   99.00    20  |__CPU 0/TCG
18:44:26     1000         -   1243304    0.00    0.00    0.00    0.00    0.00     2  |__CPU 1/TCG
18:44:26     1000         -   1243305  100.00    1.00    0.00    0.00  101.00    16  |__CPU 2/TCG
18:44:26     1000         -   1243306    0.00    0.00    0.00    0.00    0.00    22  |__CPU 3/TCG
18:44:27     1000   1243286         -  201.00    2.00    0.00    0.00  203.00     7  qemu-system-aar
18:44:27     1000         -   1243286    2.00    2.00    0.00    0.00    4.00     7  |__qemu-system-aar
18:44:27     1000         -   1243293    0.00    0.00    0.00    0.00    0.00    17  |__call_rcu
18:44:27     1000         -   1243303  100.00    0.00    0.00    0.00  100.00    20  |__CPU 0/TCG
18:44:27     1000         -   1243304    1.00    0.00    0.00    0.00    1.00    18  |__CPU 1/TCG
18:44:27     1000         -   1243305   99.00    1.00    0.00    0.00  100.00    16  |__CPU 2/TCG
18:44:27     1000         -   1243306    0.00    0.00    0.00    0.00    0.00    22  |__CPU 3/TCG
18:44:28     1000   1243286         -  202.00    1.00    0.00    0.00  203.00     7  qemu-system-aar
18:44:28     1000         -   1243286    1.00    2.00    0.00    0.00    3.00     7  |__qemu-system-aar
18:44:28     1000         -   1243293    0.00    0.00    0.00    0.00    0.00    17  |__call_rcu
18:44:28     1000         -   1243303   99.00    0.00    0.00    0.00   99.00     4  |__CPU 0/TCG
18:44:28     1000         -   1243304    0.00    0.00    0.00    0.00    0.00    18  |__CPU 1/TCG
18:44:28     1000         -   1243305   99.00    0.00    0.00    0.00   99.00    16  |__CPU 2/TCG
18:44:28     1000         -   1243306    0.00    0.00    0.00    0.00    0.00    22  |__CPU 3/TCG
18:44:29     1000   1243286         -  202.00    2.00    0.00    0.00  204.00     7  qemu-system-aar
18:44:29     1000         -   1243286    2.00    2.00    0.00    0.00    4.00     7  |__qemu-system-aar
18:44:29     1000         -   1243293    0.00    0.00    0.00    0.00    0.00    17  |__call_rcu
18:44:29     1000         -   1243303  100.00    0.00    0.00    0.00  100.00     4  |__CPU 0/TCG
18:44:29     1000         -   1243304    1.00    0.00    0.00    0.00    1.00     2  |__CPU 1/TCG
18:44:29     1000         -   1243305   99.00    1.00    0.00    1.00  100.00    16  |__CPU 2/TCG
18:44:29     1000         -   1243306    0.00    0.00    0.00    0.00    0.00    22  |__CPU 3/TCG
18:44:30     1000   1243286         -  202.00    1.00    0.00    0.00  203.00     7  qemu-system-aar
18:44:30     1000         -   1243286    1.00    2.00    0.00    0.00    3.00     7  |__qemu-system-aar
18:44:30     1000         -   1243293    0.00    0.00    0.00    0.00    0.00    17  |__call_rcu
18:44:30     1000         -   1243303   99.00    0.00    0.00    0.00   99.00     4  |__CPU 0/TCG
18:44:30     1000         -   1243304    0.00    0.00    0.00    0.00    0.00     2  |__CPU 1/TCG
18:44:30     1000         -   1243305   99.00    1.00    0.00    0.00  100.00    16  |__CPU 2/TCG
18:44:30     1000         -   1243306    0.00    0.00    0.00    0.00    0.00    22  |__CPU 3/TCG
18:44:31     1000   1243286         -  202.00    2.00    0.00    0.00  204.00     7  qemu-system-aar
18:44:31     1000         -   1243286    1.00    2.00    0.00    0.00    3.00     7  |__qemu-system-aar
18:44:31     1000         -   1243293    0.00    0.00    0.00    0.00    0.00    17  |__call_rcu
18:44:31     1000         -   1243303   99.00    0.00    0.00    0.00   99.00     4  |__CPU 0/TCG
18:44:31     1000         -   1243304    1.00    0.00    0.00    0.00    1.00    18  |__CPU 1/TCG
18:44:31     1000         -   1243305   99.00    1.00    0.00    0.00  100.00    16  |__CPU 2/TCG
18:44:31     1000         -   1243306    0.00    0.00    0.00    0.00    0.00    22  |__CPU 3/TCG
18:44:32     1000   1243286         -  202.00    1.00    0.00    0.00  203.00    17  qemu-system-aar
18:44:32     1000         -   1243286    1.00    3.00    0.00    0.00    4.00    17  |__qemu-system-aar
18:44:32     1000         -   1243293    0.00    0.00    0.00    0.00    0.00    17  |__call_rcu
18:44:32     1000         -   1243303  100.00    1.00    0.00    0.00  101.00     4  |__CPU 0/TCG
18:44:32     1000         -   1243304    1.00    0.00    0.00    0.00    1.00    18  |__CPU 1/TCG
18:44:32     1000         -   1243305   99.00    0.00    0.00    0.00   99.00    16  |__CPU 2/TCG
18:44:32     1000         -   1243306    0.00    0.00    0.00    0.00    0.00    22  |__CPU 3/TCG
18:44:33     1000   1243286         -  201.00    2.00    0.00    0.00  203.00    18  qemu-system-aar
18:44:33     1000         -   1243286    2.00    2.00    0.00    0.00    4.00    18  |__qemu-system-aar
18:44:33     1000         -   1243293    0.00    0.00    0.00    0.00    0.00    17  |__call_rcu
18:44:33     1000         -   1243303   99.00    0.00    0.00    0.00   99.00     4  |__CPU 0/TCG
18:44:33     1000         -   1243304    0.00    0.00    0.00    0.00    0.00    19  |__CPU 1/TCG
18:44:33     1000         -   1243305   99.00    1.00    0.00    0.00  100.00    16  |__CPU 2/TCG
18:44:33     1000         -   1243306    0.00    0.00    0.00    0.00    0.00    22  |__CPU 3/TCG
18:44:34     1000   1243286         -  202.00    2.00    0.00    0.00  204.00    18  qemu-system-aar
18:44:34     1000         -   1243286    1.00    1.00    0.00    0.00    2.00    18  |__qemu-system-aar
18:44:34     1000         -   1243293    0.00    0.00    0.00    0.00    0.00    17  |__call_rcu
18:44:34     1000         -   1243303   99.00    0.00    0.00    0.00   99.00    20  |__CPU 0/TCG
18:44:34     1000         -   1243304    1.00    0.00    0.00    0.00    1.00    19  |__CPU 1/TCG
18:44:34     1000         -   1243305  100.00    0.00    0.00    0.00  100.00    16  |__CPU 2/TCG
18:44:34     1000         -   1243306    0.00    0.00    0.00    0.00    0.00    22  |__CPU 3/TCG
18:44:35     1000   1243286         -  202.00    1.00    0.00    0.00  203.00    19  qemu-system-aar
18:44:35     1000         -   1243286    2.00    2.00    0.00    0.00    4.00    19  |__qemu-system-aar
18:44:35     1000         -   1243293    0.00    0.00    0.00    0.00    0.00    17  |__call_rcu
18:44:35     1000         -   1243303  100.00    1.00    0.00    0.00  101.00    20  |__CPU 0/TCG
18:44:35     1000         -   1243304    0.00    0.00    0.00    0.00    0.00    21  |__CPU 1/TCG
18:44:35     1000         -   1243305   99.00    1.00    0.00    0.00  100.00     0  |__CPU 2/TCG
18:44:35     1000         -   1243306    0.00    0.00    0.00    0.00    0.00    22  |__CPU 3/TCG
18:44:36     1000   1243286         -  203.00    1.00    0.00    0.00  204.00    19  qemu-system-aar
18:44:36     1000         -   1243286    1.00    3.00    0.00    0.00    4.00    19  |__qemu-system-aar
18:44:36     1000         -   1243293    0.00    0.00    0.00    0.00    0.00    17  |__call_rcu
18:44:36     1000         -   1243303   99.00    0.00    0.00    0.00   99.00    20  |__CPU 0/TCG
18:44:36     1000         -   1243304    1.00    0.00    0.00    0.00    1.00    22  |__CPU 1/TCG
18:44:36     1000         -   1243305  100.00    0.00    0.00    0.00  100.00     0  |__CPU 2/TCG
18:44:36     1000         -   1243306    0.00    0.00    0.00    0.00    0.00    22  |__CPU 3/TCG
18:44:37     1000   1243286         -  202.00    1.00    0.00    0.00  203.00    22  qemu-system-aar
18:44:37     1000         -   1243286    1.00    2.00    0.00    0.00    3.00    22  |__qemu-system-aar
18:44:37     1000         -   1243293    0.00    0.00    0.00    0.00    0.00    17  |__call_rcu
18:44:37     1000         -   1243303   99.00    0.00    0.00    0.00   99.00    20  |__CPU 0/TCG
18:44:37     1000         -   1243304    1.00    0.00    0.00    0.00    1.00    21  |__CPU 1/TCG
18:44:37     1000         -   1243305   99.00    1.00    0.00    0.00  100.00    16  |__CPU 2/TCG
18:44:37     1000         -   1243306    0.00    0.00    0.00    0.00    0.00    22  |__CPU 3/TCG
18:44:38     1000   1243286         -  202.00    1.00    0.00    0.00  203.00    22  qemu-system-aar
18:44:38     1000         -   1243286    1.00    2.00    0.00    0.00    3.00    22  |__qemu-system-aar
18:44:38     1000         -   1243293    0.00    0.00    0.00    0.00    0.00    17  |__call_rcu
18:44:38     1000         -   1243303  100.00    0.00    0.00    0.00  100.00    20  |__CPU 0/TCG
18:44:38     1000         -   1243304    0.00    0.00    0.00    0.00    0.00    21  |__CPU 1/TCG
18:44:38     1000         -   1243305   99.00    0.00    0.00    0.00   99.00    16  |__CPU 2/TCG
18:44:38     1000         -   1243306    0.00    0.00    0.00    0.00    0.00    22  |__CPU 3/TCG
18:44:39     1000   1243286         -  202.00    1.00    0.00    0.00  203.00    22  qemu-system-aar
18:44:39     1000         -   1243286    1.00    3.00    0.00    0.00    4.00    22  |__qemu-system-aar
18:44:39     1000         -   1243293    0.00    0.00    0.00    0.00    0.00    17  |__call_rcu
18:44:39     1000         -   1243303   99.00    0.00    0.00    0.00   99.00    20  |__CPU 0/TCG
18:44:39     1000         -   1243304    1.00    0.00    0.00    0.00    1.00    21  |__CPU 1/TCG
18:44:39     1000         -   1243305  100.00    1.00    0.00    0.00  101.00     0  |__CPU 2/TCG
18:44:39     1000         -   1243306    0.00    0.00    0.00    0.00    0.00    22  |__CPU 3/TCG
18:44:40     1000   1243286         -  202.00    2.00    0.00    0.00  204.00    22  qemu-system-aar
18:44:40     1000         -   1243286    0.00    3.00    0.00    0.00    3.00    22  |__qemu-system-aar
18:44:40     1000         -   1243293    0.00    0.00    0.00    0.00    0.00    17  |__call_rcu
18:44:40     1000         -   1243303   99.00    0.00    0.00    0.00   99.00    20  |__CPU 0/TCG
18:44:40     1000         -   1243304    0.00    0.00    0.00    0.00    0.00    21  |__CPU 1/TCG
18:44:40     1000         -   1243305   99.00    0.00    0.00    0.00   99.00     0  |__CPU 2/TCG
18:44:40     1000         -   1243306    0.00    0.00    0.00    0.00    0.00    22  |__CPU 3/TCG
18:44:41     1000   1243286         -  202.00    1.00    0.00    0.00  203.00    22  qemu-system-aar
18:44:41     1000         -   1243286    1.00    3.00    0.00    0.00    4.00    22  |__qemu-system-aar
18:44:41     1000         -   1243293    0.00    0.00    0.00    0.00    0.00    17  |__call_rcu
18:44:41     1000         -   1243303  100.00    1.00    0.00    0.00  101.00    20  |__CPU 0/TCG
18:44:41     1000         -   1243304    1.00    0.00    0.00    0.00    1.00    21  |__CPU 1/TCG
18:44:41     1000         -   1243305   99.00    1.00    0.00    0.00  100.00    16  |__CPU 2/TCG
18:44:41     1000         -   1243306    0.00    0.00    0.00    0.00    0.00    22  |__CPU 3/TCG
18:44:42     1000   1243286         -  202.00    1.00    0.00    0.00  203.00    22  qemu-system-aar
18:44:42     1000         -   1243286    1.00    2.00    0.00    0.00    3.00    22  |__qemu-system-aar
18:44:42     1000         -   1243293    0.00    0.00    0.00    0.00    0.00    17  |__call_rcu
18:44:42     1000         -   1243303   99.00    0.00    0.00    0.00   99.00    20  |__CPU 0/TCG
18:44:42     1000         -   1243304    1.00    0.00    0.00    0.00    1.00    21  |__CPU 1/TCG
18:44:42     1000         -   1243305  100.00    0.00    0.00    0.00  100.00    16  |__CPU 2/TCG
18:44:42     1000         -   1243306    0.00    0.00    0.00    0.00    0.00    22  |__CPU 3/TCG
18:44:43     1000   1243286         -  202.00    3.00    0.00    0.00  205.00    22  qemu-system-aar
18:44:43     1000         -   1243286    3.00    0.00    0.00    0.00    3.00    22  |__qemu-system-aar
18:44:43     1000         -   1243293    0.00    0.00    0.00    0.00    0.00    17  |__call_rcu
18:44:43     1000         -   1243303   99.00    0.00    0.00    0.00   99.00    20  |__CPU 0/TCG
18:44:43     1000         -   1243304    0.00    0.00    0.00    0.00    0.00    21  |__CPU 1/TCG
18:44:43     1000         -   1243305   98.00    1.00    0.00    0.00   99.00    16  |__CPU 2/TCG
18:44:43     1000         -   1243306    0.00    0.00    0.00    0.00    0.00    22  |__CPU 3/TCG
18:44:44     1000   1243286         -  201.00    1.00    0.00    0.00  202.00    22  qemu-system-aar
18:44:44     1000         -   1243286    0.00    3.00    0.00    0.00    3.00    22  |__qemu-system-aar
18:44:44     1000         -   1243293    0.00    0.00    0.00    0.00    0.00    17  |__call_rcu
18:44:44     1000         -   1243303  100.00    1.00    0.00    0.00  101.00    20  |__CPU 0/TCG
18:44:44     1000         -   1243304    1.00    0.00    0.00    0.00    1.00    21  |__CPU 1/TCG
18:44:44     1000         -   1243305  100.00    0.00    0.00    0.00  100.00    16  |__CPU 2/TCG
18:44:44     1000         -   1243306    0.00    0.00    0.00    0.00    0.00    22  |__CPU 3/TCG
18:44:45     1000   1243286         -  202.00    2.00    0.00    0.00  204.00    22  qemu-system-aar
18:44:45     1000         -   1243286    2.00    3.00    0.00    0.00    5.00    22  |__qemu-system-aar
18:44:45     1000         -   1243293    0.00    0.00    0.00    0.00    0.00    17  |__call_rcu
18:44:45     1000         -   1243303   99.00    0.00    0.00    0.00   99.00    20  |__CPU 0/TCG
18:44:45     1000         -   1243304    0.00    0.00    0.00    0.00    0.00    21  |__CPU 1/TCG
18:44:45     1000         -   1243305   99.00    1.00    0.00    0.00  100.00    16  |__CPU 2/TCG
18:44:45     1000         -   1243306    0.00    0.00    0.00    0.00    0.00    22  |__CPU 3/TCG
18:44:46     1000   1243286         -  203.00    1.00    0.00    0.00  204.00    22  qemu-system-aar
18:44:46     1000         -   1243286    0.00    2.00    0.00    0.00    2.00    22  |__qemu-system-aar
18:44:46     1000         -   1243293    0.00    0.00    0.00    0.00    0.00    17  |__call_rcu
18:44:46     1000         -   1243303   99.00    0.00    0.00    0.00   99.00    20  |__CPU 0/TCG
18:44:46     1000         -   1243304    1.00    0.00    0.00    0.00    1.00    21  |__CPU 1/TCG
18:44:46     1000         -   1243305  100.00    0.00    0.00    0.00  100.00    16  |__CPU 2/TCG
18:44:46     1000         -   1243306    0.00    0.00    0.00    0.00    0.00    22  |__CPU 3/TCG
18:44:47     1000   1243286         -  201.00    2.00    0.00    0.00  203.00     1  qemu-system-aar
18:44:47     1000         -   1243286    1.00    3.00    0.00    0.00    4.00     1  |__qemu-system-aar
18:44:47     1000         -   1243293    0.00    0.00    0.00    0.00    0.00    17  |__call_rcu
18:44:47     1000         -   1243303  100.00    0.00    0.00    0.00  100.00    20  |__CPU 0/TCG
18:44:47     1000         -   1243304    1.00    0.00    0.00    0.00    1.00    21  |__CPU 1/TCG
18:44:47     1000         -   1243305   98.00    1.00    0.00    0.00   99.00    16  |__CPU 2/TCG
18:44:47     1000         -   1243306    0.00    0.00    0.00    0.00    0.00    22  |__CPU 3/TCG
18:44:48     1000   1243286         -  202.00    1.00    0.00    0.00  203.00     1  qemu-system-aar
18:44:48     1000         -   1243286    1.00    3.00    0.00    0.00    4.00     1  |__qemu-system-aar
18:44:48     1000         -   1243293    0.00    0.00    0.00    0.00    0.00    17  |__call_rcu
18:44:48     1000         -   1243303   99.00    0.00    0.00    0.00   99.00    20  |__CPU 0/TCG
18:44:48     1000         -   1243304    0.00    0.00    0.00    0.00    0.00    21  |__CPU 1/TCG
18:44:48     1000         -   1243305  100.00    1.00    0.00    0.00  101.00    16  |__CPU 2/TCG
18:44:48     1000         -   1243306    0.00    0.00    0.00    0.00    0.00    22  |__CPU 3/TCG
18:44:49     1000   1243286         -  203.00    1.00    0.00    0.00  204.00     3  qemu-system-aar
18:44:49     1000         -   1243286    2.00    1.00    0.00    0.00    3.00     3  |__qemu-system-aar
18:44:49     1000         -   1243293    0.00    0.00    0.00    0.00    0.00    17  |__call_rcu
18:44:49     1000         -   1243303  100.00    0.00    0.00    0.00  100.00    20  |__CPU 0/TCG
18:44:49     1000         -   1243304    1.00    0.00    0.00    0.00    1.00    21  |__CPU 1/TCG
18:44:49     1000         -   1243305   99.00    1.00    0.00    0.00  100.00    16  |__CPU 2/TCG
18:44:49     1000         -   1243306    0.00    0.00    0.00    0.00    0.00    22  |__CPU 3/TCG
18:44:50     1000   1243286         -  202.00    2.00    0.00    0.00  204.00     5  qemu-system-aar
18:44:50     1000         -   1243286    1.00    2.00    0.00    0.00    3.00     5  |__qemu-system-aar
18:44:50     1000         -   1243293    0.00    0.00    0.00    0.00    0.00    17  |__call_rcu
18:44:50     1000         -   1243303   99.00    1.00    0.00    0.00  100.00    20  |__CPU 0/TCG
18:44:50     1000         -   1243304    0.00    0.00    0.00    0.00    0.00    21  |__CPU 1/TCG
18:44:50     1000         -   1243305   99.00    0.00    0.00    0.00   99.00    16  |__CPU 2/TCG
18:44:50     1000         -   1243306    0.00    0.00    0.00    0.00    0.00    22  |__CPU 3/TCG
18:44:51     1000   1243286         -  202.00    0.00    0.00    0.00  202.00     2  qemu-system-aar
18:44:51     1000         -   1243286    2.00    2.00    0.00    0.00    4.00     2  |__qemu-system-aar
18:44:51     1000         -   1243293    0.00    0.00    0.00    0.00    0.00    17  |__call_rcu
18:44:51     1000         -   1243303   99.00    0.00    0.00    0.00   99.00    20  |__CPU 0/TCG
18:44:51     1000         -   1243304    1.00    0.00    0.00    0.00    1.00    21  |__CPU 1/TCG
18:44:51     1000         -   1243305  100.00    0.00    0.00    0.00  100.00    16  |__CPU 2/TCG
18:44:51     1000         -   1243306    0.00    0.00    0.00    0.00    0.00    22  |__CPU 3/TCG
18:44:52     1000   1243286         -  202.00    2.00    0.00    0.00  204.00     4  qemu-system-aar
18:44:52     1000         -   1243286    0.00    4.00    0.00    0.00    4.00     4  |__qemu-system-aar
18:44:52     1000         -   1243293    0.00    0.00    0.00    0.00    0.00    17  |__call_rcu
18:44:52     1000         -   1243303  100.00    0.00    0.00    0.00  100.00    20  |__CPU 0/TCG
18:44:52     1000         -   1243304    0.00    0.00    0.00    0.00    0.00    21  |__CPU 1/TCG
18:44:52     1000         -   1243305   99.00    1.00    0.00    0.00  100.00    16  |__CPU 2/TCG
18:44:52     1000         -   1243306    0.00    0.00    0.00    0.00    0.00    22  |__CPU 3/TCG
18:44:53     1000   1243286         -  203.00    2.00    0.00    0.00  205.00     5  qemu-system-aar
18:44:53     1000         -   1243286    1.00    3.00    0.00    0.00    4.00     5  |__qemu-system-aar
18:44:53     1000         -   1243293    0.00    0.00    0.00    0.00    0.00    17  |__call_rcu
18:44:53     1000         -   1243303   99.00    1.00    0.00    0.00  100.00    20  |__CPU 0/TCG
18:44:53     1000         -   1243304    1.00    0.00    0.00    0.00    1.00    21  |__CPU 1/TCG
18:44:53     1000         -   1243305   99.00    1.00    0.00    0.00  100.00    16  |__CPU 2/TCG
18:44:53     1000         -   1243306    0.00    0.00    0.00    0.00    0.00    22  |__CPU 3/TCG
18:44:54     1000   1243286         -  201.00    1.00    0.00    0.00  202.00     5  qemu-system-aar
18:44:54     1000         -   1243286    0.00    3.00    0.00    0.00    3.00     5  |__qemu-system-aar
18:44:54     1000         -   1243293    0.00    0.00    0.00    0.00    0.00    17  |__call_rcu
18:44:54     1000         -   1243303   99.00    0.00    0.00    0.00   99.00    20  |__CPU 0/TCG
18:44:54     1000         -   1243304    0.00    0.00    0.00    0.00    0.00    21  |__CPU 1/TCG
18:44:54     1000         -   1243305   99.00    1.00    0.00    0.00  100.00    16  |__CPU 2/TCG
18:44:54     1000         -   1243306    0.00    0.00    0.00    0.00    0.00    22  |__CPU 3/TCG
18:44:55     1000   1243286         -  203.00    1.00    0.00    0.00  204.00     5  qemu-system-aar
18:44:55     1000         -   1243286    2.00    3.00    0.00    0.00    5.00     5  |__qemu-system-aar
18:44:55     1000         -   1243293    0.00    0.00    0.00    0.00    0.00    17  |__call_rcu
18:44:55     1000         -   1243303   99.00    0.00    0.00    0.00   99.00    20  |__CPU 0/TCG
18:44:55     1000         -   1243304    0.00    0.00    0.00    0.00    0.00    21  |__CPU 1/TCG
18:44:55     1000         -   1243305   99.00    0.00    0.00    0.00   99.00    16  |__CPU 2/TCG
18:44:55     1000         -   1243306    0.00    0.00    0.00    0.00    0.00    22  |__CPU 3/TCG
18:44:56     1000   1243286         -  201.00    2.00    0.00    0.00  203.00     5  qemu-system-aar
18:44:56     1000         -   1243286    1.00    2.00    0.00    0.00    3.00     5  |__qemu-system-aar
18:44:56     1000         -   1243293    0.00    0.00    0.00    0.00    0.00    17  |__call_rcu
18:44:56     1000         -   1243303  100.00    0.00    0.00    0.00  100.00     4  |__CPU 0/TCG
18:44:56     1000         -   1243304    1.00    1.00    0.00    0.00    2.00    22  |__CPU 1/TCG
18:44:56     1000         -   1243305  100.00    0.00    0.00    0.00  100.00    16  |__CPU 2/TCG
18:44:56     1000         -   1243306    0.00    0.00    0.00    0.00    0.00    22  |__CPU 3/TCG
18:44:57     1000   1243286         -  202.00    2.00    0.00    0.00  204.00     6  qemu-system-aar
18:44:57     1000         -   1243286    1.00    2.00    0.00    0.00    3.00     6  |__qemu-system-aar
18:44:57     1000         -   1243293    0.00    0.00    0.00    0.00    0.00    17  |__call_rcu
18:44:57     1000         -   1243303   99.00    0.00    0.00    0.00   99.00    20  |__CPU 0/TCG
18:44:57     1000         -   1243304    0.00    0.00    0.00    0.00    0.00    22  |__CPU 1/TCG
18:44:57     1000         -   1243305   99.00    1.00    0.00    0.00  100.00    16  |__CPU 2/TCG
18:44:57     1000         -   1243306    0.00    0.00    0.00    0.00    0.00    22  |__CPU 3/TCG
18:44:58     1000   1243286         -  201.00    1.00    0.00    0.00  202.00     6  qemu-system-aar
18:44:58     1000         -   1243286    0.00    3.00    0.00    0.00    3.00     6  |__qemu-system-aar
18:44:58     1000         -   1243293    0.00    0.00    0.00    0.00    0.00    17  |__call_rcu
18:44:58     1000         -   1243303  100.00    0.00    0.00    0.00  100.00     4  |__CPU 0/TCG
18:44:58     1000         -   1243304    0.00    0.00    0.00    0.00    0.00    22  |__CPU 1/TCG
18:44:58     1000         -   1243305   99.00    1.00    0.00    0.00  100.00    16  |__CPU 2/TCG
18:44:58     1000         -   1243306    0.00    0.00    0.00    0.00    0.00    22  |__CPU 3/TCG
18:44:59     1000   1243286         -  202.00    1.00    0.00    0.00  203.00     5  qemu-system-aar
18:44:59     1000         -   1243286    1.00    2.00    0.00    0.00    3.00     5  |__qemu-system-aar
18:44:59     1000         -   1243293    0.00    0.00    0.00    0.00    0.00    17  |__call_rcu
18:44:59     1000         -   1243303   99.00    0.00    0.00    0.00   99.00     4  |__CPU 0/TCG
18:44:59     1000         -   1243304    1.00    0.00    0.00    0.00    1.00    21  |__CPU 1/TCG
18:44:59     1000         -   1243305   99.00    1.00    0.00    0.00  100.00     0  |__CPU 2/TCG
18:44:59     1000         -   1243306    0.00    0.00    0.00    0.00    0.00    22  |__CPU 3/TCG
18:45:00     1000   1243286         -  202.00    1.00    0.00    0.00  203.00    19  qemu-system-aar
18:45:00     1000         -   1243286    2.00    2.00    0.00    0.00    4.00    19  |__qemu-system-aar
18:45:00     1000         -   1243293    0.00    0.00    0.00    0.00    0.00    17  |__call_rcu
18:45:00     1000         -   1243303  100.00    0.00    0.00    0.00  100.00    20  |__CPU 0/TCG
18:45:00     1000         -   1243304    0.00    0.00    0.00    0.00    0.00    21  |__CPU 1/TCG
18:45:00     1000         -   1243305   99.00    0.00    0.00    0.00   99.00    16  |__CPU 2/TCG
18:45:00     1000         -   1243306    0.00    0.00    0.00    0.00    0.00    22  |__CPU 3/TCG
18:45:01     1000   1243286         -  202.00    2.00    0.00    0.00  204.00     3  qemu-system-aar
18:45:01     1000         -   1243286    1.00    3.00    0.00    0.00    4.00     3  |__qemu-system-aar
18:45:01     1000         -   1243293    0.00    0.00    0.00    0.00    0.00    17  |__call_rcu
18:45:01     1000         -   1243303   99.00    1.00    0.00    0.00  100.00    20  |__CPU 0/TCG
18:45:01     1000         -   1243304    1.00    0.00    0.00    0.00    1.00    21  |__CPU 1/TCG
18:45:01     1000         -   1243305   99.00    1.00    0.00    0.00  100.00    16  |__CPU 2/TCG
18:45:01     1000         -   1243306    0.00    0.00    0.00    0.00    0.00    22  |__CPU 3/TCG
18:45:02     1000   1243286         -  202.00    1.00    0.00    0.00  203.00     5  qemu-system-aar
18:45:02     1000         -   1243286    2.00    1.00    0.00    0.00    3.00     5  |__qemu-system-aar
18:45:02     1000         -   1243293    0.00    0.00    0.00    0.00    0.00    17  |__call_rcu
18:45:02     1000         -   1243303   99.00    0.00    0.00    0.00   99.00     4  |__CPU 0/TCG
18:45:02     1000         -   1243304    0.00    0.00    0.00    0.00    0.00    21  |__CPU 1/TCG
18:45:02     1000         -   1243305   99.00    1.00    0.00    0.00  100.00    16  |__CPU 2/TCG
18:45:02     1000         -   1243306    0.00    0.00    0.00    0.00    0.00    22  |__CPU 3/TCG
18:45:03     1000   1243286         -  202.00    1.00    0.00    0.00  203.00     6  qemu-system-aar
18:45:03     1000         -   1243286    0.00    3.00    0.00    0.00    3.00     6  |__qemu-system-aar
18:45:03     1000         -   1243293    0.00    0.00    0.00    0.00    0.00    17  |__call_rcu
18:45:03     1000         -   1243303  100.00    0.00    0.00    0.00  100.00     4  |__CPU 0/TCG
18:45:03     1000         -   1243304    1.00    0.00    0.00    0.00    1.00    21  |__CPU 1/TCG
18:45:03     1000         -   1243305  100.00    0.00    0.00    0.00  100.00    16  |__CPU 2/TCG
18:45:03     1000         -   1243306    0.00    0.00    0.00    0.00    0.00    22  |__CPU 3/TCG
18:45:04     1000   1243286         -  203.00    1.00    0.00    0.00  204.00     6  qemu-system-aar
18:45:04     1000         -   1243286    1.00    3.00    0.00    0.00    4.00     6  |__qemu-system-aar
18:45:04     1000         -   1243293    0.00    0.00    0.00    0.00    0.00    17  |__call_rcu
18:45:04     1000         -   1243303   99.00    0.00    0.00    0.00   99.00     4  |__CPU 0/TCG
18:45:04     1000         -   1243304    0.00    0.00    0.00    0.00    0.00    21  |__CPU 1/TCG
18:45:04     1000         -   1243305   99.00    0.00    0.00    0.00   99.00    16  |__CPU 2/TCG
18:45:04     1000         -   1243306    0.00    0.00    0.00    0.00    0.00    22  |__CPU 3/TCG
18:45:05     1000   1243286         -  203.00    1.00    0.00    0.00  204.00    21  qemu-system-aar
18:45:05     1000         -   1243286    2.00    2.00    0.00    0.00    4.00    21  |__qemu-system-aar
18:45:05     1000         -   1243293    0.00    0.00    0.00    0.00    0.00    17  |__call_rcu
18:45:05     1000         -   1243303  100.00    0.00    0.00    0.00  100.00     4  |__CPU 0/TCG
18:45:05     1000         -   1243304    1.00    0.00    0.00    0.00    1.00    22  |__CPU 1/TCG
18:45:05     1000         -   1243305  100.00    1.00    0.00    0.00  101.00    16  |__CPU 2/TCG
18:45:05     1000         -   1243306    0.00    0.00    0.00    0.00    0.00    22  |__CPU 3/TCG
18:45:06     1000   1243286         -  202.00    1.00    0.00    0.00  203.00    21  qemu-system-aar
18:45:06     1000         -   1243286    1.00    2.00    0.00    0.00    3.00    21  |__qemu-system-aar
18:45:06     1000         -   1243293    0.00    0.00    0.00    0.00    0.00    17  |__call_rcu
18:45:06     1000         -   1243303   99.00    0.00    0.00    0.00   99.00     4  |__CPU 0/TCG
18:45:06     1000         -   1243304    0.00    0.00    0.00    0.00    0.00    22  |__CPU 1/TCG
18:45:06     1000         -   1243305   99.00    0.00    0.00    0.00   99.00    16  |__CPU 2/TCG
18:45:06     1000         -   1243306    0.00    0.00    0.00    0.00    0.00    22  |__CPU 3/TCG
18:45:07     1000   1243286         -  203.00    1.00    0.00    0.00  204.00    21  qemu-system-aar
18:45:07     1000         -   1243286    1.00    3.00    0.00    0.00    4.00    21  |__qemu-system-aar
18:45:07     1000         -   1243293    0.00    0.00    0.00    0.00    0.00    17  |__call_rcu
18:45:07     1000         -   1243303  100.00    0.00    0.00    0.00  100.00    20  |__CPU 0/TCG
18:45:07     1000         -   1243304    1.00    0.00    0.00    0.00    1.00    22  |__CPU 1/TCG
18:45:07     1000         -   1243305  100.00    0.00    0.00    0.00  100.00    16  |__CPU 2/TCG
18:45:07     1000         -   1243306    0.00    0.00    0.00    0.00    0.00    22  |__CPU 3/TCG
18:45:08     1000   1243286         -  202.00    1.00    0.00    0.00  203.00     3  qemu-system-aar
18:45:08     1000         -   1243286    1.00    2.00    0.00    0.00    3.00     3  |__qemu-system-aar
18:45:08     1000         -   1243293    0.00    0.00    0.00    0.00    0.00    17  |__call_rcu
18:45:08     1000         -   1243303   99.00    0.00    0.00    0.00   99.00    20  |__CPU 0/TCG
18:45:08     1000         -   1243304    0.00    0.00    0.00    0.00    0.00    22  |__CPU 1/TCG
18:45:08     1000         -   1243305   99.00    1.00    0.00    0.00  100.00    16  |__CPU 2/TCG
18:45:08     1000         -   1243306    0.00    0.00    0.00    0.00    0.00    22  |__CPU 3/TCG
18:45:09     1000   1243286         -  202.00    1.00    0.00    0.00  203.00    17  qemu-system-aar
18:45:09     1000         -   1243286    1.00    2.00    0.00    0.00    3.00    17  |__qemu-system-aar
18:45:09     1000         -   1243293    0.00    0.00    0.00    0.00    0.00    17  |__call_rcu
18:45:09     1000         -   1243303  100.00    1.00    0.00    0.00  101.00    20  |__CPU 0/TCG
18:45:09     1000         -   1243304    1.00    0.00    0.00    0.00    1.00    22  |__CPU 1/TCG
18:45:09     1000         -   1243305   99.00    1.00    0.00    0.00  100.00    16  |__CPU 2/TCG
18:45:09     1000         -   1243306    0.00    0.00    0.00    0.00    0.00    22  |__CPU 3/TCG
18:45:10     1000   1243286         -  201.00    2.00    0.00    0.00  203.00    19  qemu-system-aar
18:45:10     1000         -   1243286    2.00    2.00    0.00    0.00    4.00    19  |__qemu-system-aar
18:45:10     1000         -   1243293    0.00    0.00    0.00    0.00    0.00    17  |__call_rcu
18:45:10     1000         -   1243303   99.00    0.00    0.00    0.00   99.00    20  |__CPU 0/TCG
18:45:10     1000         -   1243304    1.00    0.00    0.00    0.00    1.00    22  |__CPU 1/TCG
18:45:10     1000         -   1243305   99.00    1.00    0.00    0.00  100.00    16  |__CPU 2/TCG
18:45:10     1000         -   1243306    0.00    0.00    0.00    0.00    0.00    22  |__CPU 3/TCG
18:45:11     1000   1243286         -  202.00    2.00    0.00    0.00  204.00     1  qemu-system-aar
18:45:11     1000         -   1243286    1.00    3.00    0.00    0.00    4.00     1  |__qemu-system-aar
18:45:11     1000         -   1243293    0.00    0.00    0.00    0.00    0.00    17  |__call_rcu
18:45:11     1000         -   1243303   99.00    0.00    0.00    0.00   99.00    20  |__CPU 0/TCG
18:45:11     1000         -   1243304    0.00    0.00    0.00    0.00    0.00    22  |__CPU 1/TCG
18:45:11     1000         -   1243305   99.00    1.00    0.00    0.00  100.00     0  |__CPU 2/TCG
18:45:11     1000         -   1243306    0.00    0.00    0.00    0.00    0.00    22  |__CPU 3/TCG
18:45:12     1000   1243286         -  202.00    1.00    0.00    0.00  203.00     4  qemu-system-aar
18:45:12     1000         -   1243286    1.00    2.00    0.00    0.00    3.00     4  |__qemu-system-aar
18:45:12     1000         -   1243293    0.00    0.00    0.00    0.00    0.00    17  |__call_rcu
18:45:12     1000         -   1243303  100.00    0.00    0.00    0.00  100.00    20  |__CPU 0/TCG
18:45:12     1000         -   1243304    1.00    0.00    0.00    0.00    1.00    22  |__CPU 1/TCG
18:45:12     1000         -   1243305   99.00    0.00    0.00    0.00   99.00     0  |__CPU 2/TCG
18:45:12     1000         -   1243306    0.00    0.00    0.00    0.00    0.00    22  |__CPU 3/TCG
18:45:13     1000   1243286         -  204.00    2.00    0.00    0.00  206.00    13  qemu-system-aar
18:45:13     1000         -   1243286    2.00    3.00    0.00    0.00    5.00    13  |__qemu-system-aar
18:45:13     1000         -   1243293    0.00    0.00    0.00    0.00    0.00    17  |__call_rcu
18:45:13     1000         -   1243303   99.00    0.00    0.00    0.00   99.00    20  |__CPU 0/TCG
18:45:13     1000         -   1243304    0.00    0.00    0.00    0.00    0.00    22  |__CPU 1/TCG
18:45:13     1000         -   1243305   99.00    1.00    0.00    0.00  100.00     0  |__CPU 2/TCG
18:45:13     1000         -   1243306    0.00    0.00    0.00    0.00    0.00    22  |__CPU 3/TCG
18:45:14     1000   1243286         -  203.00    1.00    0.00    0.00  204.00    13  qemu-system-aar
18:45:14     1000         -   1243286    2.00    2.00    0.00    0.00    4.00    13  |__qemu-system-aar
18:45:14     1000         -   1243293    0.00    0.00    0.00    0.00    0.00    17  |__call_rcu
18:45:14     1000         -   1243303   99.00    0.00    0.00    0.00   99.00    20  |__CPU 0/TCG
18:45:14     1000         -   1243304    1.00    0.00    0.00    0.00    1.00    22  |__CPU 1/TCG
18:45:14     1000         -   1243305   99.00    1.00    0.00    0.00  100.00     0  |__CPU 2/TCG
18:45:14     1000         -   1243306    0.00    0.00    0.00    0.00    0.00    22  |__CPU 3/TCG
18:45:15     1000   1243286         -  202.00    2.00    0.00    0.00  204.00    13  qemu-system-aar
18:45:15     1000         -   1243286    2.00    4.00    0.00    0.00    6.00    13  |__qemu-system-aar
18:45:15     1000         -   1243293    0.00    0.00    0.00    0.00    0.00    17  |__call_rcu
18:45:15     1000         -   1243303   99.00    1.00    0.00    0.00  100.00    20  |__CPU 0/TCG
18:45:15     1000         -   1243304    1.00    0.00    0.00    0.00    1.00    22  |__CPU 1/TCG
18:45:15     1000         -   1243305   98.00    1.00    0.00    0.00   99.00     0  |__CPU 2/TCG
18:45:15     1000         -   1243306    0.00    0.00    0.00    0.00    0.00    22  |__CPU 3/TCG
18:45:16     1000   1243286         -  203.00    1.00    0.00    0.00  204.00     4  qemu-system-aar
18:45:16     1000         -   1243286    2.00    2.00    0.00    0.00    4.00     4  |__qemu-system-aar
18:45:16     1000         -   1243293    0.00    0.00    0.00    0.00    0.00    17  |__call_rcu
18:45:16     1000         -   1243303   99.00    0.00    0.00    0.00   99.00    20  |__CPU 0/TCG
18:45:16     1000         -   1243304    0.00    0.00    0.00    0.00    0.00    23  |__CPU 1/TCG
18:45:16     1000         -   1243305   99.00    1.00    0.00    0.00  100.00     0  |__CPU 2/TCG
18:45:16     1000         -   1243306    0.00    0.00    0.00    0.00    0.00    22  |__CPU 3/TCG
18:45:17     1000   1243286         -  202.00    2.00    0.00    0.00  204.00     1  qemu-system-aar
18:45:17     1000         -   1243286    1.00    3.00    0.00    0.00    4.00     1  |__qemu-system-aar
18:45:17     1000         -   1243293    0.00    0.00    0.00    0.00    0.00    17  |__call_rcu
18:45:17     1000         -   1243303   99.00    0.00    0.00    0.00   99.00    20  |__CPU 0/TCG
18:45:17     1000         -   1243304    1.00    0.00    0.00    0.00    1.00    23  |__CPU 1/TCG
18:45:17     1000         -   1243305  100.00    0.00    0.00    0.00  100.00    16  |__CPU 2/TCG
18:45:17     1000         -   1243306    0.00    0.00    0.00    0.00    0.00    22  |__CPU 3/TCG
18:45:18     1000   1243286         -  202.00    1.00    0.00    0.00  203.00     2  qemu-system-aar
18:45:18     1000         -   1243286    1.00    3.00    0.00    0.00    4.00     1  |__qemu-system-aar
18:45:18     1000         -   1243293    0.00    0.00    0.00    0.00    0.00    17  |__call_rcu
18:45:18     1000         -   1243303  100.00    0.00    0.00    0.00  100.00     4  |__CPU 0/TCG
18:45:18     1000         -   1243304    0.00    0.00    0.00    0.00    0.00    23  |__CPU 1/TCG
18:45:18     1000         -   1243305   99.00    1.00    0.00    0.00  100.00    16  |__CPU 2/TCG
18:45:18     1000         -   1243306    0.00    0.00    0.00    0.00    0.00    22  |__CPU 3/TCG
18:45:19     1000   1243286         -  202.00    1.00    0.00    0.00  203.00     5  qemu-system-aar
18:45:19     1000         -   1243286    2.00    2.00    0.00    0.00    4.00     5  |__qemu-system-aar
18:45:19     1000         -   1243293    0.00    0.00    0.00    0.00    0.00    17  |__call_rcu
18:45:19     1000         -   1243303   99.00    0.00    0.00    0.00   99.00     4  |__CPU 0/TCG
18:45:19     1000         -   1243304    1.00    0.00    0.00    0.00    1.00    23  |__CPU 1/TCG
18:45:19     1000         -   1243305   99.00    0.00    0.00    0.00   99.00    16  |__CPU 2/TCG
18:45:19     1000         -   1243306    0.00    0.00    0.00    0.00    0.00    22  |__CPU 3/TCG
18:45:20     1000   1243286         -  202.00    2.00    0.00    0.00  204.00     7  qemu-system-aar
18:45:20     1000         -   1243286    1.00    2.00    0.00    0.00    3.00     7  |__qemu-system-aar
18:45:20     1000         -   1243293    0.00    0.00    0.00    0.00    0.00    17  |__call_rcu
18:45:20     1000         -   1243303  100.00    0.00    0.00    0.00  100.00    20  |__CPU 0/TCG
18:45:20     1000         -   1243304    0.00    0.00    0.00    0.00    0.00    22  |__CPU 1/TCG
18:45:20     1000         -   1243305  100.00    1.00    0.00    0.00  101.00    16  |__CPU 2/TCG
18:45:20     1000         -   1243306    0.00    0.00    0.00    0.00    0.00    22  |__CPU 3/TCG
18:45:21     1000   1243286         -  202.00    1.00    0.00    0.00  203.00     7  qemu-system-aar
18:45:21     1000         -   1243286    1.00    3.00    0.00    0.00    4.00     7  |__qemu-system-aar
18:45:21     1000         -   1243293    0.00    0.00    0.00    0.00    0.00    17  |__call_rcu
18:45:21     1000         -   1243303   99.00    0.00    0.00    0.00   99.00    20  |__CPU 0/TCG
18:45:21     1000         -   1243304    1.00    0.00    0.00    0.00    1.00    22  |__CPU 1/TCG
18:45:21     1000         -   1243305   99.00    1.00    0.00    0.00  100.00    16  |__CPU 2/TCG
18:45:21     1000         -   1243306    0.00    0.00    0.00    0.00    0.00    22  |__CPU 3/TCG
18:45:22     1000   1243286         -  202.00    1.00    0.00    0.00  203.00     7  qemu-system-aar
18:45:22     1000         -   1243286    1.00    2.00    0.00    0.00    3.00     7  |__qemu-system-aar
18:45:22     1000         -   1243293    0.00    0.00    0.00    0.00    0.00    17  |__call_rcu
18:45:22     1000         -   1243303  100.00    0.00    0.00    0.00  100.00    20  |__CPU 0/TCG
18:45:22     1000         -   1243304    1.00    0.00    0.00    0.00    1.00    22  |__CPU 1/TCG
18:45:22     1000         -   1243305   99.00    0.00    0.00    0.00   99.00    16  |__CPU 2/TCG
18:45:22     1000         -   1243306    0.00    0.00    0.00    0.00    0.00    22  |__CPU 3/TCG
18:45:23     1000   1243286         -  203.00    2.00    0.00    0.00  205.00    22  qemu-system-aar
18:45:23     1000         -   1243286    1.00    2.00    0.00    0.00    3.00    22  |__qemu-system-aar
18:45:23     1000         -   1243293    0.00    0.00    0.00    0.00    0.00    17  |__call_rcu
18:45:23     1000         -   1243303   99.00    0.00    0.00    0.00   99.00    20  |__CPU 0/TCG
18:45:23     1000         -   1243304    0.00    0.00    0.00    0.00    0.00    23  |__CPU 1/TCG
18:45:23     1000         -   1243305   99.00    1.00    0.00    0.00  100.00    16  |__CPU 2/TCG
18:45:23     1000         -   1243306    0.00    0.00    0.00    0.00    0.00    22  |__CPU 3/TCG
18:45:24     1000   1243286         -  202.00    1.00    0.00    0.00  203.00    22  qemu-system-aar
18:45:24     1000         -   1243286    2.00    2.00    0.00    0.00    4.00    22  |__qemu-system-aar
18:45:24     1000         -   1243293    0.00    0.00    0.00    0.00    0.00    17  |__call_rcu
18:45:24     1000         -   1243303   99.00    1.00    0.00    0.00  100.00    20  |__CPU 0/TCG
18:45:24     1000         -   1243304    1.00    0.00    0.00    0.00    1.00    23  |__CPU 1/TCG
18:45:24     1000         -   1243305  100.00    0.00    0.00    0.00  100.00    16  |__CPU 2/TCG
18:45:24     1000         -   1243306    0.00    0.00    0.00    0.00    0.00    22  |__CPU 3/TCG
18:45:25     1000   1243286         -  201.00    2.00    0.00    0.00  203.00    22  qemu-system-aar
18:45:25     1000         -   1243286    0.00    3.00    0.00    0.00    3.00    22  |__qemu-system-aar
18:45:25     1000         -   1243293    0.00    0.00    0.00    0.00    0.00    17  |__call_rcu
18:45:25     1000         -   1243303  100.00    0.00    0.00    0.00  100.00    20  |__CPU 0/TCG
18:45:25     1000         -   1243304    0.00    0.00    0.00    0.00    0.00    23  |__CPU 1/TCG
18:45:25     1000         -   1243305   99.00    1.00    0.00    0.00  100.00    16  |__CPU 2/TCG
18:45:25     1000         -   1243306    0.00    0.00    0.00    0.00    0.00    22  |__CPU 3/TCG
18:45:26     1000   1243286         -  202.00    1.00    0.00    0.00  203.00    22  qemu-system-aar
18:45:26     1000         -   1243286    0.00    3.00    0.00    0.00    3.00    22  |__qemu-system-aar
18:45:26     1000         -   1243293    0.00    0.00    0.00    0.00    0.00    17  |__call_rcu
18:45:26     1000         -   1243303   99.00    0.00    0.00    0.00   99.00    20  |__CPU 0/TCG
18:45:26     1000         -   1243304    1.00    0.00    0.00    0.00    1.00    23  |__CPU 1/TCG
18:45:26     1000         -   1243305   99.00    1.00    0.00    0.00  100.00     0  |__CPU 2/TCG
18:45:26     1000         -   1243306    0.00    0.00    0.00    0.00    0.00    22  |__CPU 3/TCG
18:45:27     1000   1243286         -  202.00    2.00    0.00    0.00  204.00     6  qemu-system-aar
18:45:27     1000         -   1243286    2.00    1.00    0.00    0.00    3.00     6  |__qemu-system-aar
18:45:27     1000         -   1243293    0.00    0.00    0.00    0.00    0.00    17  |__call_rcu
18:45:27     1000         -   1243303  100.00    0.00    0.00    0.00  100.00    20  |__CPU 0/TCG
18:45:27     1000         -   1243304    1.00    0.00    0.00    0.00    1.00    23  |__CPU 1/TCG
18:45:27     1000         -   1243305   99.00    0.00    0.00    0.00   99.00     0  |__CPU 2/TCG
18:45:27     1000         -   1243306    0.00    0.00    0.00    0.00    0.00    22  |__CPU 3/TCG
18:45:28     1000   1243286         -  202.00    1.00    0.00    0.00  203.00     6  qemu-system-aar
18:45:28     1000         -   1243286    1.00    4.00    0.00    0.00    5.00     6  |__qemu-system-aar
18:45:28     1000         -   1243293    0.00    0.00    0.00    0.00    0.00    17  |__call_rcu
18:45:28     1000         -   1243303   99.00    0.00    0.00    0.00   99.00    20  |__CPU 0/TCG
18:45:28     1000         -   1243304    0.00    0.00    0.00    0.00    0.00    23  |__CPU 1/TCG
18:45:28     1000         -   1243305   99.00    1.00    0.00    0.00  100.00     0  |__CPU 2/TCG
18:45:28     1000         -   1243306    0.00    0.00    0.00    0.00    0.00    22  |__CPU 3/TCG
18:45:29     1000   1243286         -  202.00    2.00    0.00    0.00  204.00     7  qemu-system-aar
18:45:29     1000         -   1243286    1.00    1.00    0.00    0.00    2.00     7  |__qemu-system-aar
18:45:29     1000         -   1243293    0.00    0.00    0.00    0.00    0.00    17  |__call_rcu
18:45:29     1000         -   1243303   99.00    0.00    0.00    0.00   99.00    20  |__CPU 0/TCG
18:45:29     1000         -   1243304    1.00    0.00    0.00    0.00    1.00    23  |__CPU 1/TCG
18:45:29     1000         -   1243305  100.00    0.00    0.00    0.00  100.00     0  |__CPU 2/TCG
18:45:29     1000         -   1243306    0.00    0.00    0.00    0.00    0.00    22  |__CPU 3/TCG
18:45:30     1000   1243286         -  201.00    1.00    0.00    0.00  202.00     7  qemu-system-aar
18:45:30     1000         -   1243286    1.00    3.00    0.00    0.00    4.00     7  |__qemu-system-aar
18:45:30     1000         -   1243293    0.00    0.00    0.00    0.00    0.00    17  |__call_rcu
18:45:30     1000         -   1243303  100.00    0.00    0.00    0.00  100.00    20  |__CPU 0/TCG
18:45:30     1000         -   1243304    0.00    0.00    0.00    0.00    0.00    23  |__CPU 1/TCG
18:45:30     1000         -   1243305   99.00    1.00    0.00    0.00  100.00     0  |__CPU 2/TCG
18:45:30     1000         -   1243306    0.00    0.00    0.00    0.00    0.00    22  |__CPU 3/TCG
18:45:31     1000   1243286         -  202.00    2.00    0.00    0.00  204.00    19  qemu-system-aar
18:45:31     1000         -   1243286    0.00    3.00    0.00    0.00    3.00    19  |__qemu-system-aar
18:45:31     1000         -   1243293    0.00    0.00    0.00    0.00    0.00    17  |__call_rcu
18:45:31     1000         -   1243303   99.00    0.00    0.00    0.00   99.00    20  |__CPU 0/TCG
18:45:31     1000         -   1243304    0.00    0.00    0.00    0.00    0.00    23  |__CPU 1/TCG
18:45:31     1000         -   1243305   99.00    0.00    0.00    0.00   99.00     0  |__CPU 2/TCG
18:45:31     1000         -   1243306    0.00    0.00    0.00    0.00    0.00    22  |__CPU 3/TCG
18:45:32     1000   1243286         -  203.00    1.00    0.00    0.00  204.00    22  qemu-system-aar
18:45:32     1000         -   1243286    2.00    3.00    0.00    0.00    5.00    22  |__qemu-system-aar
18:45:32     1000         -   1243293    0.00    0.00    0.00    0.00    0.00    17  |__call_rcu
18:45:32     1000         -   1243303  100.00    0.00    0.00    0.00  100.00    20  |__CPU 0/TCG
18:45:32     1000         -   1243304    1.00    0.00    0.00    0.00    1.00    23  |__CPU 1/TCG
18:45:32     1000         -   1243305  100.00    1.00    0.00    0.00  101.00     0  |__CPU 2/TCG
18:45:32     1000         -   1243306    0.00    0.00    0.00    0.00    0.00    22  |__CPU 3/TCG
18:45:33     1000   1243286         -  202.00    1.00    0.00    0.00  203.00    22  qemu-system-aar
18:45:33     1000         -   1243286    0.00    3.00    0.00    0.00    3.00    22  |__qemu-system-aar
18:45:33     1000         -   1243293    0.00    0.00    0.00    0.00    0.00    17  |__call_rcu
18:45:33     1000         -   1243303   99.00    1.00    0.00    0.00  100.00    20  |__CPU 0/TCG
18:45:33     1000         -   1243304    0.00    0.00    0.00    0.00    0.00    23  |__CPU 1/TCG
18:45:33     1000         -   1243305   99.00    0.00    0.00    0.00   99.00     0  |__CPU 2/TCG
18:45:33     1000         -   1243306    0.00    0.00    0.00    0.00    0.00    22  |__CPU 3/TCG
18:45:34     1000   1243286         -  202.00    1.00    0.00    0.00  203.00    22  qemu-system-aar
18:45:34     1000         -   1243286    1.00    2.00    0.00    0.00    3.00    22  |__qemu-system-aar
18:45:34     1000         -   1243293    0.00    0.00    0.00    0.00    0.00    17  |__call_rcu
18:45:34     1000         -   1243303  100.00    0.00    0.00    0.00  100.00    20  |__CPU 0/TCG
18:45:34     1000         -   1243304    1.00    0.00    0.00    0.00    1.00    23  |__CPU 1/TCG
18:45:34     1000         -   1243305  100.00    0.00    0.00    0.00  100.00     0  |__CPU 2/TCG
18:45:34     1000         -   1243306    0.00    0.00    0.00    0.00    0.00    22  |__CPU 3/TCG
18:45:35     1000   1243286         -  202.00    2.00    0.00    0.00  204.00     5  qemu-system-aar
18:45:35     1000         -   1243286    1.00    2.00    0.00    0.00    3.00     5  |__qemu-system-aar
18:45:35     1000         -   1243293    0.00    0.00    0.00    0.00    0.00    17  |__call_rcu
18:45:35     1000         -   1243303   99.00    0.00    0.00    0.00   99.00     4  |__CPU 0/TCG
18:45:35     1000         -   1243304    1.00    0.00    0.00    0.00    1.00    23  |__CPU 1/TCG
18:45:35     1000         -   1243305   99.00    1.00    0.00    0.00  100.00     0  |__CPU 2/TCG
18:45:35     1000         -   1243306    0.00    0.00    0.00    0.00    0.00    22  |__CPU 3/TCG
18:45:36     1000   1243286         -  202.00    1.00    0.00    0.00  203.00    18  qemu-system-aar
18:45:36     1000         -   1243286    1.00    2.00    0.00    0.00    3.00    18  |__qemu-system-aar
18:45:36     1000         -   1243293    0.00    0.00    0.00    0.00    0.00    17  |__call_rcu
18:45:36     1000         -   1243303  100.00    0.00    0.00    0.00  100.00     4  |__CPU 0/TCG
18:45:36     1000         -   1243304    0.00    0.00    0.00    0.00    0.00     6  |__CPU 1/TCG
18:45:36     1000         -   1243305   99.00    1.00    0.00    0.00  100.00     0  |__CPU 2/TCG
18:45:36     1000         -   1243306    0.00    0.00    0.00    0.00    0.00    22  |__CPU 3/TCG
18:45:37     1000   1243286         -  202.00    1.00    0.00    0.00  203.00    18  qemu-system-aar
18:45:37     1000         -   1243286    1.00    3.00    0.00    0.00    4.00    18  |__qemu-system-aar
18:45:37     1000         -   1243293    0.00    0.00    0.00    0.00    0.00    17  |__call_rcu
18:45:37     1000         -   1243303   99.00    0.00    0.00    0.00   99.00     4  |__CPU 0/TCG
18:45:37     1000         -   1243304    1.00    0.00    0.00    0.00    1.00     7  |__CPU 1/TCG
18:45:37     1000         -   1243305   99.00    0.00    0.00    0.00   99.00     0  |__CPU 2/TCG
18:45:37     1000         -   1243306    0.00    0.00    0.00    0.00    0.00    22  |__CPU 3/TCG
18:45:38     1000   1243286         -  203.00    1.00    0.00    0.00  204.00    21  qemu-system-aar
18:45:38     1000         -   1243286    1.00    2.00    0.00    0.00    3.00    21  |__qemu-system-aar
18:45:38     1000         -   1243293    0.00    0.00    0.00    0.00    0.00    17  |__call_rcu
18:45:38     1000         -   1243303   99.00    0.00    0.00    0.00   99.00     4  |__CPU 0/TCG
18:45:38     1000         -   1243304    0.00    0.00    0.00    0.00    0.00    18  |__CPU 1/TCG
18:45:38     1000         -   1243305   99.00    1.00    0.00    0.00  100.00     0  |__CPU 2/TCG
18:45:38     1000         -   1243306    0.00    0.00    0.00    0.00    0.00    22  |__CPU 3/TCG
18:45:39     1000   1243286         -  202.00    1.00    0.00    0.00  203.00    21  qemu-system-aar
18:45:39     1000         -   1243286    1.00    3.00    0.00    0.00    4.00    21  |__qemu-system-aar
18:45:39     1000         -   1243293    0.00    0.00    0.00    0.00    0.00    17  |__call_rcu
18:45:39     1000         -   1243303  100.00    0.00    0.00    0.00  100.00     4  |__CPU 0/TCG
18:45:39     1000         -   1243304    1.00    0.00    0.00    0.00    1.00     7  |__CPU 1/TCG
18:45:39     1000         -   1243305  100.00    0.00    0.00    0.00  100.00     0  |__CPU 2/TCG
18:45:39     1000         -   1243306    0.00    0.00    0.00    0.00    0.00    22  |__CPU 3/TCG
18:45:40     1000   1243286         -  202.00    1.00    0.00    0.00  203.00    21  qemu-system-aar
18:45:40     1000         -   1243286    1.00    2.00    0.00    0.00    3.00    21  |__qemu-system-aar
18:45:40     1000         -   1243293    0.00    0.00    0.00    0.00    0.00    17  |__call_rcu
18:45:40     1000         -   1243303   99.00    1.00    0.00    0.00  100.00     4  |__CPU 0/TCG
18:45:40     1000         -   1243304    0.00    0.00    0.00    0.00    0.00    18  |__CPU 1/TCG
18:45:40     1000         -   1243305   99.00    1.00    0.00    0.00  100.00     0  |__CPU 2/TCG
18:45:40     1000         -   1243306    0.00    0.00    0.00    0.00    0.00    22  |__CPU 3/TCG
18:45:41     1000   1243286         -  202.00    1.00    0.00    0.00  203.00    21  qemu-system-aar
18:45:41     1000         -   1243286    1.00    2.00    0.00    0.00    3.00    21  |__qemu-system-aar
18:45:41     1000         -   1243293    0.00    0.00    0.00    0.00    0.00    17  |__call_rcu
18:45:41     1000         -   1243303  100.00    0.00    0.00    0.00  100.00     4  |__CPU 0/TCG
18:45:41     1000         -   1243304    1.00    0.00    0.00    0.00    1.00    19  |__CPU 1/TCG
18:45:41     1000         -   1243305   99.00    1.00    0.00    0.00  100.00     0  |__CPU 2/TCG
18:45:41     1000         -   1243306    0.00    0.00    0.00    0.00    0.00    22  |__CPU 3/TCG
18:45:42     1000   1243286         -  202.00    2.00    0.00    0.00  204.00     1  qemu-system-aar
18:45:42     1000         -   1243286    1.00    2.00    0.00    0.00    3.00     1  |__qemu-system-aar
18:45:42     1000         -   1243293    0.00    0.00    0.00    0.00    0.00    17  |__call_rcu
18:45:42     1000         -   1243303   99.00    0.00    0.00    0.00   99.00    20  |__CPU 0/TCG
18:45:42     1000         -   1243304    1.00    0.00    0.00    0.00    1.00    19  |__CPU 1/TCG
18:45:42     1000         -   1243305   99.00    0.00    0.00    0.00   99.00     0  |__CPU 2/TCG
18:45:42     1000         -   1243306    0.00    0.00    0.00    0.00    0.00    22  |__CPU 3/TCG
18:45:43     1000   1243286         -  202.00    1.00    0.00    0.00  203.00    21  qemu-system-aar
18:45:43     1000         -   1243286    2.00    2.00    0.00    0.00    4.00    21  |__qemu-system-aar
18:45:43     1000         -   1243293    0.00    0.00    0.00    0.00    0.00    17  |__call_rcu
18:45:43     1000         -   1243303   99.00    0.00    0.00    0.00   99.00     4  |__CPU 0/TCG
18:45:43     1000         -   1243304    0.00    0.00    0.00    0.00    0.00    22  |__CPU 1/TCG
18:45:43     1000         -   1243305   99.00    1.00    0.00    0.00  100.00     0  |__CPU 2/TCG
18:45:43     1000         -   1243306    0.00    0.00    0.00    0.00    0.00    22  |__CPU 3/TCG
18:45:44     1000   1243286         -  202.00    1.00    0.00    0.00  203.00    21  qemu-system-aar
18:45:44     1000         -   1243286    1.00    3.00    0.00    0.00    4.00    21  |__qemu-system-aar
18:45:44     1000         -   1243293    0.00    0.00    0.00    0.00    0.00    17  |__call_rcu
18:45:44     1000         -   1243303  100.00    0.00    0.00    0.00  100.00     4  |__CPU 0/TCG
18:45:44     1000         -   1243304    1.00    0.00    0.00    0.00    1.00    22  |__CPU 1/TCG
18:45:44     1000         -   1243305  100.00    1.00    0.00    0.00  101.00    16  |__CPU 2/TCG
18:45:44     1000         -   1243306    0.00    0.00    0.00    0.00    0.00    22  |__CPU 3/TCG
18:45:45     1000   1243286         -  202.00    2.00    0.00    0.00  204.00     3  qemu-system-aar
18:45:45     1000         -   1243286    2.00    2.00    0.00    0.00    4.00     3  |__qemu-system-aar
18:45:45     1000         -   1243293    0.00    0.00    0.00    0.00    0.00    17  |__call_rcu
18:45:45     1000         -   1243303   99.00    0.00    0.00    0.00   99.00     4  |__CPU 0/TCG
18:45:45     1000         -   1243304    0.00    0.00    0.00    0.00    0.00    22  |__CPU 1/TCG
18:45:45     1000         -   1243305   99.00    0.00    0.00    0.00   99.00    16  |__CPU 2/TCG
18:45:45     1000         -   1243306    0.00    0.00    0.00    0.00    0.00    22  |__CPU 3/TCG
18:45:46     1000   1243286         -  202.00    1.00    0.00    0.00  203.00     3  qemu-system-aar
18:45:46     1000         -   1243286    0.00    2.00    0.00    0.00    2.00     3  |__qemu-system-aar
18:45:46     1000         -   1243293    0.00    0.00    0.00    0.00    0.00    17  |__call_rcu
18:45:46     1000         -   1243303  100.00    0.00    0.00    0.00  100.00     4  |__CPU 0/TCG
18:45:46     1000         -   1243304    1.00    0.00    0.00    0.00    1.00    22  |__CPU 1/TCG
18:45:46     1000         -   1243305   99.00    1.00    0.00    0.00  100.00    16  |__CPU 2/TCG
18:45:46     1000         -   1243306    0.00    0.00    0.00    0.00    0.00    22  |__CPU 3/TCG
18:45:47     1000   1243286         -  202.00    1.00    0.00    0.00  203.00     3  qemu-system-aar
18:45:47     1000         -   1243286    1.00    3.00    0.00    0.00    4.00     3  |__qemu-system-aar
18:45:47     1000         -   1243293    0.00    0.00    0.00    0.00    0.00    17  |__call_rcu
18:45:47     1000         -   1243303   99.00    0.00    0.00    0.00   99.00     4  |__CPU 0/TCG
18:45:47     1000         -   1243304    1.00    0.00    0.00    0.00    1.00    22  |__CPU 1/TCG
18:45:47     1000         -   1243305  100.00    0.00    0.00    0.00  100.00    16  |__CPU 2/TCG
18:45:47     1000         -   1243306    0.00    0.00    0.00    0.00    0.00    22  |__CPU 3/TCG
18:45:48     1000   1243286         -  202.00    2.00    0.00    0.00  204.00    17  qemu-system-aar
18:45:48     1000         -   1243286    1.00    3.00    0.00    0.00    4.00    17  |__qemu-system-aar
18:45:48     1000         -   1243293    0.00    0.00    0.00    0.00    0.00    17  |__call_rcu
18:45:48     1000         -   1243303   99.00    0.00    0.00    0.00   99.00     4  |__CPU 0/TCG
18:45:48     1000         -   1243304    0.00    0.00    0.00    0.00    0.00    22  |__CPU 1/TCG
18:45:48     1000         -   1243305   99.00    1.00    0.00    0.00  100.00    16  |__CPU 2/TCG
18:45:48     1000         -   1243306    0.00    0.00    0.00    0.00    0.00    22  |__CPU 3/TCG
18:45:49     1000   1243286         -  202.00    1.00    0.00    0.00  203.00    17  qemu-system-aar
18:45:49     1000         -   1243286    0.00    3.00    0.00    0.00    3.00    17  |__qemu-system-aar
18:45:49     1000         -   1243293    0.00    0.00    0.00    0.00    0.00    17  |__call_rcu
18:45:49     1000         -   1243303  100.00    1.00    0.00    0.00  101.00     4  |__CPU 0/TCG
18:45:49     1000         -   1243304    1.00    0.00    0.00    0.00    1.00    22  |__CPU 1/TCG
18:45:49     1000         -   1243305   99.00    0.00    0.00    0.00   99.00    16  |__CPU 2/TCG
18:45:49     1000         -   1243306    0.00    0.00    0.00    0.00    0.00    22  |__CPU 3/TCG
18:45:50     1000   1243286         -  202.00    2.00    0.00    0.00  204.00    22  qemu-system-aar
18:45:50     1000         -   1243286    2.00    1.00    0.00    0.00    3.00    22  |__qemu-system-aar
18:45:50     1000         -   1243293    0.00    0.00    0.00    0.00    0.00    17  |__call_rcu
18:45:50     1000         -   1243303   99.00    0.00    0.00    0.00   99.00     4  |__CPU 0/TCG
18:45:50     1000         -   1243304    0.00    0.00    0.00    0.00    0.00     1  |__CPU 1/TCG
18:45:50     1000         -   1243305   99.00    1.00    0.00    0.00  100.00    16  |__CPU 2/TCG
18:45:50     1000         -   1243306    0.00    0.00    0.00    0.00    0.00    22  |__CPU 3/TCG
18:45:51     1000   1243286         -  202.00    1.00    0.00    0.00  203.00    22  qemu-system-aar
18:45:51     1000         -   1243286    1.00    2.00    0.00    0.00    3.00    22  |__qemu-system-aar
18:45:51     1000         -   1243293    0.00    0.00    0.00    0.00    0.00    17  |__call_rcu
18:45:51     1000         -   1243303  100.00    0.00    0.00    0.00  100.00     4  |__CPU 0/TCG
18:45:51     1000         -   1243304    1.00    0.00    0.00    0.00    1.00     1  |__CPU 1/TCG
18:45:51     1000         -   1243305   99.00    0.00    0.00    0.00   99.00    16  |__CPU 2/TCG
18:45:51     1000         -   1243306    0.00    0.00    0.00    0.00    0.00    22  |__CPU 3/TCG
18:45:52     1000   1243286         -  202.00    2.00    0.00    0.00  204.00     0  qemu-system-aar
18:45:52     1000         -   1243286    2.00    3.00    0.00    0.00    5.00     0  |__qemu-system-aar
18:45:52     1000         -   1243293    0.00    0.00    0.00    0.00    0.00    17  |__call_rcu
18:45:52     1000         -   1243303   99.00    0.00    0.00    0.00   99.00     4  |__CPU 0/TCG
18:45:52     1000         -   1243304    1.00    0.00    0.00    0.00    1.00     3  |__CPU 1/TCG
18:45:52     1000         -   1243305  100.00    1.00    0.00    0.00  101.00    16  |__CPU 2/TCG
18:45:52     1000         -   1243306    0.00    0.00    0.00    0.00    0.00    22  |__CPU 3/TCG
18:45:53     1000   1243286         -  202.00    2.00    0.00    0.00  204.00     0  qemu-system-aar
18:45:53     1000         -   1243286    3.00    1.00    0.00    0.00    4.00     0  |__qemu-system-aar
18:45:53     1000         -   1243293    0.00    0.00    0.00    0.00    0.00    17  |__call_rcu
18:45:53     1000         -   1243303  100.00    0.00    0.00    0.00  100.00     4  |__CPU 0/TCG
18:45:53     1000         -   1243304    0.00    0.00    0.00    0.00    0.00     1  |__CPU 1/TCG
18:45:53     1000         -   1243305   99.00    0.00    0.00    0.00   99.00    16  |__CPU 2/TCG
18:45:53     1000         -   1243306    0.00    0.00    0.00    0.00    0.00    22  |__CPU 3/TCG
18:45:54     1000   1243286         -  202.00    1.00    0.00    0.00  203.00     3  qemu-system-aar
18:45:54     1000         -   1243286    1.00    3.00    0.00    0.00    4.00     3  |__qemu-system-aar
18:45:54     1000         -   1243293    0.00    0.00    0.00    0.00    0.00    17  |__call_rcu
18:45:54     1000         -   1243303   99.00    0.00    0.00    0.00   99.00     4  |__CPU 0/TCG
18:45:54     1000         -   1243304    0.00    0.00    0.00    0.00    0.00     2  |__CPU 1/TCG
18:45:54     1000         -   1243305   99.00    1.00    0.00    0.00  100.00    16  |__CPU 2/TCG
18:45:54     1000         -   1243306    0.00    0.00    0.00    0.00    0.00    22  |__CPU 3/TCG
18:45:55     1000   1243286         -  202.00    2.00    0.00    0.00  204.00    19  qemu-system-aar
18:45:55     1000         -   1243286    1.00    2.00    0.00    0.00    3.00    19  |__qemu-system-aar
18:45:55     1000         -   1243293    0.00    0.00    0.00    0.00    0.00    17  |__call_rcu
18:45:55     1000         -   1243303   99.00    1.00    0.00    0.00  100.00     4  |__CPU 0/TCG
18:45:55     1000         -   1243304    1.00    0.00    0.00    0.00    1.00     2  |__CPU 1/TCG
18:45:55     1000         -   1243305   99.00    1.00    0.00    0.00  100.00    16  |__CPU 2/TCG
18:45:55     1000         -   1243306    0.00    0.00    0.00    0.00    0.00    22  |__CPU 3/TCG
18:45:56     1000   1243286         -  202.00    2.00    0.00    0.00  204.00    19  qemu-system-aar
18:45:56     1000         -   1243286    3.00    1.00    0.00    0.00    4.00    19  |__qemu-system-aar
18:45:56     1000         -   1243293    0.00    0.00    0.00    0.00    0.00    17  |__call_rcu
18:45:56     1000         -   1243303   99.00    0.00    0.00    0.00   99.00     4  |__CPU 0/TCG
18:45:56     1000         -   1243304    1.00    0.00    0.00    0.00    1.00     1  |__CPU 1/TCG
18:45:56     1000         -   1243305   99.00    1.00    0.00    0.00  100.00    16  |__CPU 2/TCG
18:45:56     1000         -   1243306    0.00    0.00    0.00    0.00    0.00    22  |__CPU 3/TCG
18:45:57     1000   1243286         -  202.00    1.00    0.00    0.00  203.00     7  qemu-system-aar
18:45:57     1000         -   1243286    1.00    2.00    0.00    0.00    3.00     7  |__qemu-system-aar
18:45:57     1000         -   1243293    0.00    0.00    0.00    0.00    0.00    17  |__call_rcu
18:45:57     1000         -   1243303  100.00    0.00    0.00    0.00  100.00    20  |__CPU 0/TCG
18:45:57     1000         -   1243304    0.00    0.00    0.00    0.00    0.00     1  |__CPU 1/TCG
18:45:57     1000         -   1243305   99.00    1.00    0.00    0.00  100.00    16  |__CPU 2/TCG
18:45:57     1000         -   1243306    0.00    0.00    0.00    0.00    0.00    22  |__CPU 3/TCG
18:45:58     1000   1243286         -  202.00    1.00    0.00    0.00  203.00     7  qemu-system-aar
18:45:58     1000         -   1243286    2.00    2.00    0.00    0.00    4.00     7  |__qemu-system-aar
18:45:58     1000         -   1243293    0.00    0.00    0.00    0.00    0.00    17  |__call_rcu
18:45:58     1000         -   1243303   99.00    0.00    0.00    0.00   99.00    20  |__CPU 0/TCG
18:45:58     1000         -   1243304    1.00    0.00    0.00    0.00    1.00     1  |__CPU 1/TCG
18:45:58     1000         -   1243305   99.00    0.00    0.00    0.00   99.00    16  |__CPU 2/TCG
18:45:58     1000         -   1243306    0.00    0.00    0.00    0.00    0.00    22  |__CPU 3/TCG
18:45:59     1000   1243286         -  201.00    2.00    0.00    0.00  203.00    19  qemu-system-aar
18:45:59     1000         -   1243286    1.00    2.00    0.00    0.00    3.00    19  |__qemu-system-aar
18:45:59     1000         -   1243293    0.00    0.00    0.00    0.00    0.00    17  |__call_rcu
18:45:59     1000         -   1243303   99.00    1.00    0.00    0.00  100.00    20  |__CPU 0/TCG
18:45:59     1000         -   1243304    0.00    0.00    0.00    0.00    0.00     1  |__CPU 1/TCG
18:45:59     1000         -   1243305   99.00    1.00    0.00    0.00  100.00    16  |__CPU 2/TCG
18:45:59     1000         -   1243306    0.00    0.00    0.00    0.00    0.00    22  |__CPU 3/TCG
18:46:00     1000   1243286         -  202.00    2.00    0.00    0.00  204.00    19  qemu-system-aar
18:46:00     1000         -   1243286    1.00    2.00    0.00    0.00    3.00    19  |__qemu-system-aar
18:46:00     1000         -   1243293    0.00    0.00    0.00    0.00    0.00    17  |__call_rcu
18:46:00     1000         -   1243303  100.00    0.00    0.00    0.00  100.00    20  |__CPU 0/TCG
18:46:00     1000         -   1243304    1.00    0.00    0.00    0.00    1.00     1  |__CPU 1/TCG
18:46:00     1000         -   1243305   99.00    1.00    0.00    0.00  100.00    16  |__CPU 2/TCG
18:46:00     1000         -   1243306    0.00    0.00    0.00    0.00    0.00    22  |__CPU 3/TCG
18:46:01     1000   1243286         -  203.00    1.00    0.00    0.00  204.00    19  qemu-system-aar
18:46:01     1000         -   1243286    2.00    2.00    0.00    0.00    4.00    19  |__qemu-system-aar
18:46:01     1000         -   1243293    0.00    0.00    0.00    0.00    0.00    17  |__call_rcu
18:46:01     1000         -   1243303   99.00    0.00    0.00    0.00   99.00    20  |__CPU 0/TCG
18:46:01     1000         -   1243304    0.00    0.00    0.00    0.00    0.00     1  |__CPU 1/TCG
18:46:01     1000         -   1243305   99.00    1.00    0.00    0.00  100.00    16  |__CPU 2/TCG
18:46:01     1000         -   1243306    0.00    0.00    0.00    0.00    0.00    22  |__CPU 3/TCG
18:46:02     1000   1243286         -  202.00    1.00    0.00    0.00  203.00    19  qemu-system-aar
18:46:02     1000         -   1243286    1.00    2.00    0.00    0.00    3.00    19  |__qemu-system-aar
18:46:02     1000         -   1243293    0.00    0.00    0.00    0.00    0.00    17  |__call_rcu
18:46:02     1000         -   1243303  100.00    0.00    0.00    0.00  100.00    20  |__CPU 0/TCG
18:46:02     1000         -   1243304    1.00    0.00    0.00    0.00    1.00     1  |__CPU 1/TCG
18:46:02     1000         -   1243305  100.00    0.00    0.00    0.00  100.00    16  |__CPU 2/TCG
18:46:02     1000         -   1243306    0.00    0.00    0.00    0.00    0.00    22  |__CPU 3/TCG
18:46:03     1000   1243286         -  202.00    1.00    0.00    0.00  203.00    19  qemu-system-aar
18:46:03     1000         -   1243286    1.00    3.00    0.00    0.00    4.00    19  |__qemu-system-aar
18:46:03     1000         -   1243293    0.00    0.00    0.00    0.00    0.00    17  |__call_rcu
18:46:03     1000         -   1243303   99.00    0.00    0.00    0.00   99.00    20  |__CPU 0/TCG
18:46:03     1000         -   1243304    0.00    0.00    0.00    0.00    0.00     1  |__CPU 1/TCG
18:46:03     1000         -   1243305   99.00    0.00    0.00    0.00   99.00    16  |__CPU 2/TCG
18:46:03     1000         -   1243306    0.00    0.00    0.00    0.00    0.00    22  |__CPU 3/TCG
18:46:04     1000   1243286         -  203.00    1.00    0.00    0.00  204.00    22  qemu-system-aar
18:46:04     1000         -   1243286    1.00    2.00    0.00    0.00    3.00    22  |__qemu-system-aar
18:46:04     1000         -   1243293    0.00    0.00    0.00    0.00    0.00    17  |__call_rcu
18:46:04     1000         -   1243303   99.00    1.00    0.00    0.00  100.00    20  |__CPU 0/TCG
18:46:04     1000         -   1243304    1.00    0.00    0.00    0.00    1.00    19  |__CPU 1/TCG
18:46:04     1000         -   1243305   99.00    1.00    0.00    0.00  100.00    16  |__CPU 2/TCG
18:46:04     1000         -   1243306    0.00    0.00    0.00    0.00    0.00    22  |__CPU 3/TCG
18:46:05     1000   1243286         -  202.00    1.00    0.00    0.00  203.00    22  qemu-system-aar
18:46:05     1000         -   1243286    1.00    2.00    0.00    0.00    3.00    22  |__qemu-system-aar
18:46:05     1000         -   1243293    0.00    0.00    0.00    0.00    0.00    17  |__call_rcu
18:46:05     1000         -   1243303  100.00    0.00    0.00    0.00  100.00    20  |__CPU 0/TCG
18:46:05     1000         -   1243304    1.00    0.00    0.00    0.00    1.00    19  |__CPU 1/TCG
18:46:05     1000         -   1243305  100.00    0.00    0.00    0.00  100.00    16  |__CPU 2/TCG
18:46:05     1000         -   1243306    0.00    0.00    0.00    0.00    0.00    22  |__CPU 3/TCG
18:46:06     1000   1243286         -  202.00    1.00    0.00    0.00  203.00    22  qemu-system-aar
18:46:06     1000         -   1243286    2.00    2.00    0.00    0.00    4.00    22  |__qemu-system-aar
18:46:06     1000         -   1243293    0.00    0.00    0.00    0.00    0.00    17  |__call_rcu
18:46:06     1000         -   1243303   99.00    0.00    0.00    0.00   99.00    20  |__CPU 0/TCG
18:46:06     1000         -   1243304    0.00    0.00    0.00    0.00    0.00    19  |__CPU 1/TCG
18:46:06     1000         -   1243305   99.00    1.00    0.00    0.00  100.00    16  |__CPU 2/TCG
18:46:06     1000         -   1243306    0.00    0.00    0.00    0.00    0.00    22  |__CPU 3/TCG
18:46:07     1000   1243286         -  203.00    1.00    0.00    0.00  204.00    22  qemu-system-aar
18:46:07     1000         -   1243286    1.00    2.00    0.00    0.00    3.00    22  |__qemu-system-aar
18:46:07     1000         -   1243293    0.00    0.00    0.00    0.00    0.00    17  |__call_rcu
18:46:07     1000         -   1243303  100.00    0.00    0.00    0.00  100.00    20  |__CPU 0/TCG
18:46:07     1000         -   1243304    1.00    0.00    0.00    0.00    1.00     1  |__CPU 1/TCG
18:46:07     1000         -   1243305   99.00    0.00    0.00    0.00   99.00    16  |__CPU 2/TCG
18:46:07     1000         -   1243306    0.00    0.00    0.00    0.00    0.00    22  |__CPU 3/TCG
18:46:08     1000   1243286         -  202.00    1.00    0.00    0.00  203.00    21  qemu-system-aar
18:46:08     1000         -   1243286    1.00    3.00    0.00    0.00    4.00    21  |__qemu-system-aar
18:46:08     1000         -   1243293    0.00    0.00    0.00    0.00    0.00    17  |__call_rcu
18:46:08     1000         -   1243303   99.00    0.00    0.00    0.00   99.00    20  |__CPU 0/TCG
18:46:08     1000         -   1243304    0.00    0.00    0.00    0.00    0.00     1  |__CPU 1/TCG
18:46:08     1000         -   1243305  100.00    1.00    0.00    0.00  101.00    16  |__CPU 2/TCG
18:46:08     1000         -   1243306    0.00    0.00    0.00    0.00    0.00    22  |__CPU 3/TCG
18:46:09     1000   1243286         -  202.00    1.00    0.00    0.00  203.00     3  qemu-system-aar
18:46:09     1000         -   1243286    2.00    1.00    0.00    0.00    3.00     3  |__qemu-system-aar
18:46:09     1000         -   1243293    0.00    0.00    0.00    0.00    0.00    17  |__call_rcu
18:46:09     1000         -   1243303   99.00    1.00    0.00    0.00  100.00     4  |__CPU 0/TCG
18:46:09     1000         -   1243304    1.00    0.00    0.00    0.00    1.00     1  |__CPU 1/TCG
18:46:09     1000         -   1243305   99.00    1.00    0.00    0.00  100.00     0  |__CPU 2/TCG
18:46:09     1000         -   1243306    0.00    0.00    0.00    0.00    0.00    22  |__CPU 3/TCG
18:46:10     1000   1243286         -  202.00    1.00    0.00    0.00  203.00    18  qemu-system-aar
18:46:10     1000         -   1243286    1.00    2.00    0.00    0.00    3.00    18  |__qemu-system-aar
18:46:10     1000         -   1243293    0.00    0.00    0.00    0.00    0.00    17  |__call_rcu
18:46:10     1000         -   1243303  100.00    0.00    0.00    0.00  100.00     4  |__CPU 0/TCG
18:46:10     1000         -   1243304    0.00    0.00    0.00    0.00    0.00    20  |__CPU 1/TCG
18:46:10     1000         -   1243305   99.00    0.00    0.00    0.00   99.00     0  |__CPU 2/TCG
18:46:10     1000         -   1243306    0.00    0.00    0.00    0.00    0.00    22  |__CPU 3/TCG
18:46:11     1000   1243286         -  201.00    2.00    0.00    0.00  203.00    23  qemu-system-aar
18:46:11     1000         -   1243286    1.00    3.00    0.00    0.00    4.00    23  |__qemu-system-aar
18:46:11     1000         -   1243293    0.00    0.00    0.00    0.00    0.00    17  |__call_rcu
18:46:11     1000         -   1243303   99.00    0.00    0.00    0.00   99.00    20  |__CPU 0/TCG
18:46:11     1000         -   1243304    0.00    0.00    0.00    0.00    0.00    21  |__CPU 1/TCG
18:46:11     1000         -   1243305   99.00    1.00    0.00    0.00  100.00     0  |__CPU 2/TCG
18:46:11     1000         -   1243306    0.00    0.00    0.00    0.00    0.00    22  |__CPU 3/TCG
18:46:12     1000   1243286         -  203.00    2.00    0.00    0.00  205.00     0  qemu-system-aar
18:46:12     1000         -   1243286    0.00    4.00    0.00    0.00    4.00     0  |__qemu-system-aar
18:46:12     1000         -   1243293    0.00    0.00    0.00    0.00    0.00    17  |__call_rcu
18:46:12     1000         -   1243303   99.00    0.00    0.00    0.00   99.00    20  |__CPU 0/TCG
18:46:12     1000         -   1243304    1.00    0.00    0.00    0.00    1.00    17  |__CPU 1/TCG
18:46:12     1000         -   1243305  100.00    0.00    0.00    0.00  100.00    16  |__CPU 2/TCG
18:46:12     1000         -   1243306    0.00    0.00    0.00    0.00    0.00    22  |__CPU 3/TCG
18:46:13     1000   1243286         -  202.00    1.00    0.00    0.00  203.00    17  qemu-system-aar
18:46:13     1000         -   1243286    2.00    1.00    0.00    0.00    3.00    17  |__qemu-system-aar
18:46:13     1000         -   1243293    0.00    0.00    0.00    0.00    0.00    17  |__call_rcu
18:46:13     1000         -   1243303  100.00    0.00    0.00    0.00  100.00    20  |__CPU 0/TCG
18:46:13     1000         -   1243304    0.00    0.00    0.00    0.00    0.00    18  |__CPU 1/TCG
18:46:13     1000         -   1243305   99.00    0.00    0.00    0.00   99.00    16  |__CPU 2/TCG
18:46:13     1000         -   1243306    0.00    0.00    0.00    0.00    0.00    22  |__CPU 3/TCG
18:46:14     1000   1243286         -  202.00    1.00    0.00    0.00  203.00    19  qemu-system-aar
18:46:14     1000         -   1243286    1.00    3.00    0.00    0.00    4.00    19  |__qemu-system-aar
18:46:14     1000         -   1243293    0.00    0.00    0.00    0.00    0.00    17  |__call_rcu
18:46:14     1000         -   1243303   99.00    0.00    0.00    0.00   99.00    20  |__CPU 0/TCG
18:46:14     1000         -   1243304    1.00    0.00    0.00    0.00    1.00    18  |__CPU 1/TCG
18:46:14     1000         -   1243305  100.00    1.00    0.00    0.00  101.00    16  |__CPU 2/TCG
18:46:14     1000         -   1243306    0.00    0.00    0.00    0.00    0.00    22  |__CPU 3/TCG
18:46:15     1000   1243286         -  203.00    1.00    0.00    0.00  204.00    22  qemu-system-aar
18:46:15     1000         -   1243286    1.00    2.00    0.00    0.00    3.00    22  |__qemu-system-aar
18:46:15     1000         -   1243293    0.00    0.00    0.00    0.00    0.00    17  |__call_rcu
18:46:15     1000         -   1243303  100.00    0.00    0.00    0.00  100.00    20  |__CPU 0/TCG
18:46:15     1000         -   1243304    1.00    0.00    0.00    0.00    1.00    18  |__CPU 1/TCG
18:46:15     1000         -   1243305   99.00    1.00    0.00    0.00  100.00    16  |__CPU 2/TCG
18:46:15     1000         -   1243306    0.00    0.00    0.00    0.00    0.00    22  |__CPU 3/TCG
18:46:16     1000   1243286         -  202.00    2.00    0.00    0.00  204.00    22  qemu-system-aar
18:46:16     1000         -   1243286    2.00    3.00    0.00    0.00    5.00    22  |__qemu-system-aar
18:46:16     1000         -   1243293    0.00    0.00    0.00    0.00    0.00    17  |__call_rcu
18:46:16     1000         -   1243303   99.00    1.00    0.00    0.00  100.00    20  |__CPU 0/TCG
18:46:16     1000         -   1243304    0.00    0.00    0.00    0.00    0.00    18  |__CPU 1/TCG
18:46:16     1000         -   1243305   99.00    0.00    0.00    0.00   99.00    16  |__CPU 2/TCG
18:46:16     1000         -   1243306    0.00    0.00    0.00    0.00    0.00    22  |__CPU 3/TCG
18:46:17     1000   1243286         -  201.00    2.00    0.00    0.00  203.00    22  qemu-system-aar
18:46:17     1000         -   1243286    2.00    1.00    0.00    0.00    3.00    22  |__qemu-system-aar
18:46:17     1000         -   1243293    0.00    0.00    0.00    0.00    0.00    17  |__call_rcu
18:46:17     1000         -   1243303   99.00    0.00    0.00    0.00   99.00    20  |__CPU 0/TCG
18:46:17     1000         -   1243304    1.00    0.00    0.00    0.00    1.00    18  |__CPU 1/TCG
18:46:17     1000         -   1243305   99.00    1.00    0.00    0.00  100.00    16  |__CPU 2/TCG
18:46:17     1000         -   1243306    0.00    0.00    0.00    0.00    0.00    22  |__CPU 3/TCG
18:46:18     1000   1243286         -  203.00    1.00    0.00    0.00  204.00    22  qemu-system-aar
18:46:18     1000         -   1243286    0.00    3.00    0.00    0.00    3.00    22  |__qemu-system-aar
18:46:18     1000         -   1243293    0.00    0.00    0.00    0.00    0.00    17  |__call_rcu
18:46:18     1000         -   1243303  100.00    0.00    0.00    0.00  100.00     4  |__CPU 0/TCG
18:46:18     1000         -   1243304    0.00    0.00    0.00    0.00    0.00    17  |__CPU 1/TCG
18:46:18     1000         -   1243305   99.00    1.00    0.00    0.00  100.00    16  |__CPU 2/TCG
18:46:18     1000         -   1243306    0.00    0.00    0.00    0.00    0.00    22  |__CPU 3/TCG
18:46:19     1000   1243286         -  202.00    1.00    0.00    0.00  203.00    23  qemu-system-aar
18:46:19     1000         -   1243286    3.00    1.00    0.00    0.00    4.00    23  |__qemu-system-aar
18:46:19     1000         -   1243293    0.00    0.00    0.00    0.00    0.00    17  |__call_rcu
18:46:19     1000         -   1243303   99.00    0.00    0.00    0.00   99.00     4  |__CPU 0/TCG
18:46:19     1000         -   1243304    1.00    0.00    0.00    0.00    1.00    19  |__CPU 1/TCG
18:46:19     1000         -   1243305  100.00    0.00    0.00    0.00  100.00     0  |__CPU 2/TCG
18:46:19     1000         -   1243306    0.00    0.00    0.00    0.00    0.00    22  |__CPU 3/TCG
18:46:20     1000   1243286         -  202.00    0.00    0.00    0.00  202.00    22  qemu-system-aar
18:46:20     1000         -   1243286    1.00    2.00    0.00    0.00    3.00    22  |__qemu-system-aar
18:46:20     1000         -   1243293    0.00    0.00    0.00    0.00    0.00    17  |__call_rcu
18:46:20     1000         -   1243303  100.00    0.00    0.00    0.00  100.00    20  |__CPU 0/TCG
18:46:20     1000         -   1243304    0.00    0.00    0.00    0.00    0.00    17  |__CPU 1/TCG
18:46:20     1000         -   1243305   99.00    1.00    0.00    0.00  100.00    16  |__CPU 2/TCG
18:46:20     1000         -   1243306    0.00    0.00    0.00    0.00    0.00    22  |__CPU 3/TCG
18:46:21     1000   1243286         -  202.00    2.00    0.00    0.00  204.00    21  qemu-system-aar
18:46:21     1000         -   1243286    0.00    3.00    0.00    0.00    3.00    21  |__qemu-system-aar
18:46:21     1000         -   1243293    0.00    0.00    0.00    0.00    0.00    17  |__call_rcu
18:46:21     1000         -   1243303   99.00    0.00    0.00    0.00   99.00    20  |__CPU 0/TCG
18:46:21     1000         -   1243304    1.00    0.00    0.00    0.00    1.00    19  |__CPU 1/TCG
18:46:21     1000         -   1243305   99.00    0.00    0.00    0.00   99.00    16  |__CPU 2/TCG
18:46:21     1000         -   1243306    0.00    0.00    0.00    0.00    0.00    22  |__CPU 3/TCG
18:46:22     1000   1243286         -  203.00    1.00    0.00    0.00  204.00    23  qemu-system-aar
18:46:22     1000         -   1243286    3.00    1.00    0.00    0.00    4.00    23  |__qemu-system-aar
18:46:22     1000         -   1243293    0.00    0.00    0.00    0.00    0.00    17  |__call_rcu
18:46:22     1000         -   1243303   99.00    1.00    0.00    0.00  100.00    20  |__CPU 0/TCG
18:46:22     1000         -   1243304    0.00    0.00    0.00    0.00    0.00    19  |__CPU 1/TCG
18:46:22     1000         -   1243305  100.00    0.00    0.00    0.00  100.00    16  |__CPU 2/TCG
18:46:22     1000         -   1243306    0.00    0.00    0.00    0.00    0.00    22  |__CPU 3/TCG
18:46:23     1000   1243286         -  203.00    0.00    0.00    0.00  203.00    21  qemu-system-aar
18:46:23     1000         -   1243286    1.00    2.00    0.00    0.00    3.00    21  |__qemu-system-aar
18:46:23     1000         -   1243293    0.00    0.00    0.00    0.00    0.00    17  |__call_rcu
18:46:23     1000         -   1243303  100.00    0.00    0.00    0.00  100.00    20  |__CPU 0/TCG
18:46:23     1000         -   1243304    1.00    0.00    0.00    0.00    1.00    22  |__CPU 1/TCG
18:46:23     1000         -   1243305  100.00    1.00    0.00    0.00  101.00    16  |__CPU 2/TCG
18:46:23     1000         -   1243306    0.00    0.00    0.00    0.00    0.00    22  |__CPU 3/TCG
18:46:24     1000   1243286         -  202.00    1.00    0.00    0.00  203.00    23  qemu-system-aar
18:46:24     1000         -   1243286    2.00    2.00    0.00    0.00    4.00    23  |__qemu-system-aar
18:46:24     1000         -   1243293    0.00    0.00    0.00    0.00    0.00    17  |__call_rcu
18:46:24     1000         -   1243303  100.00    0.00    0.00    0.00  100.00    20  |__CPU 0/TCG
18:46:24     1000         -   1243304    1.00    0.00    0.00    0.00    1.00    22  |__CPU 1/TCG
18:46:24     1000         -   1243305   99.00    0.00    0.00    0.00   99.00    16  |__CPU 2/TCG
18:46:24     1000         -   1243306    0.00    0.00    0.00    0.00    0.00    22  |__CPU 3/TCG
18:46:25     1000   1243286         -  202.00    2.00    0.00    0.00  204.00    21  qemu-system-aar
18:46:25     1000         -   1243286    0.00    3.00    0.00    0.00    3.00    21  |__qemu-system-aar
18:46:25     1000         -   1243293    0.00    0.00    0.00    0.00    0.00    17  |__call_rcu
18:46:25     1000         -   1243303   99.00    0.00    0.00    0.00   99.00    20  |__CPU 0/TCG
18:46:25     1000         -   1243304    0.00    0.00    0.00    0.00    0.00    22  |__CPU 1/TCG
18:46:25     1000         -   1243305   99.00    0.00    0.00    0.00   99.00    16  |__CPU 2/TCG
18:46:25     1000         -   1243306    0.00    0.00    0.00    0.00    0.00    22  |__CPU 3/TCG
18:46:26     1000   1243286         -  202.00    1.00    0.00    0.00  203.00    23  qemu-system-aar
18:46:26     1000         -   1243286    0.00    3.00    0.00    0.00    3.00    23  |__qemu-system-aar
18:46:26     1000         -   1243293    0.00    0.00    0.00    0.00    0.00    17  |__call_rcu
18:46:26     1000         -   1243303   99.00    0.00    0.00    0.00   99.00    20  |__CPU 0/TCG
18:46:26     1000         -   1243304    1.00    0.00    0.00    0.00    1.00    19  |__CPU 1/TCG
18:46:26     1000         -   1243305  100.00    1.00    0.00    0.00  101.00    16  |__CPU 2/TCG
18:46:26     1000         -   1243306    0.00    0.00    0.00    0.00    0.00    22  |__CPU 3/TCG
18:46:27     1000   1243286         -  203.00    1.00    0.00    0.00  204.00    23  qemu-system-aar
18:46:27     1000         -   1243286    2.00    2.00    0.00    0.00    4.00    23  |__qemu-system-aar
18:46:27     1000         -   1243293    0.00    0.00    0.00    0.00    0.00    17  |__call_rcu
18:46:27     1000         -   1243303  100.00    0.00    0.00    0.00  100.00    20  |__CPU 0/TCG
18:46:27     1000         -   1243304    0.00    0.00    0.00    0.00    0.00    19  |__CPU 1/TCG
18:46:27     1000         -   1243305   99.00    0.00    0.00    0.00   99.00    16  |__CPU 2/TCG
18:46:27     1000         -   1243306    0.00    0.00    0.00    0.00    0.00    22  |__CPU 3/TCG
18:46:28     1000   1243286         -  202.00    1.00    0.00    0.00  203.00    23  qemu-system-aar
18:46:28     1000         -   1243286    1.00    3.00    0.00    0.00    4.00    23  |__qemu-system-aar
18:46:28     1000         -   1243293    0.00    0.00    0.00    0.00    0.00    17  |__call_rcu
18:46:28     1000         -   1243303   99.00    0.00    0.00    0.00   99.00    20  |__CPU 0/TCG
18:46:28     1000         -   1243304    1.00    0.00    0.00    0.00    1.00    19  |__CPU 1/TCG
18:46:28     1000         -   1243305  100.00    1.00    0.00    0.00  101.00    16  |__CPU 2/TCG
18:46:28     1000         -   1243306    0.00    0.00    0.00    0.00    0.00    22  |__CPU 3/TCG
18:46:29     1000   1243286         -  202.00    1.00    0.00    0.00  203.00     5  qemu-system-aar
18:46:29     1000         -   1243286    1.00    2.00    0.00    0.00    3.00     5  |__qemu-system-aar
18:46:29     1000         -   1243293    0.00    0.00    0.00    0.00    0.00    17  |__call_rcu
18:46:29     1000         -   1243303  100.00    0.00    0.00    0.00  100.00     4  |__CPU 0/TCG
18:46:29     1000         -   1243304    0.00    0.00    0.00    0.00    0.00    19  |__CPU 1/TCG
18:46:29     1000         -   1243305   99.00    0.00    0.00    0.00   99.00     0  |__CPU 2/TCG
18:46:29     1000         -   1243306    0.00    0.00    0.00    0.00    0.00    22  |__CPU 3/TCG
18:46:30     1000   1243286         -  201.00    3.00    0.00    0.00  204.00     2  qemu-system-aar
18:46:30     1000         -   1243286    1.00    3.00    0.00    0.00    4.00     2  |__qemu-system-aar
18:46:30     1000         -   1243293    0.00    0.00    0.00    0.00    0.00    17  |__call_rcu
18:46:30     1000         -   1243303   99.00    1.00    0.00    0.00  100.00     4  |__CPU 0/TCG
18:46:30     1000         -   1243304    1.00    0.00    0.00    0.00    1.00    19  |__CPU 1/TCG
18:46:30     1000         -   1243305   99.00    1.00    0.00    0.00  100.00     0  |__CPU 2/TCG
18:46:30     1000         -   1243306    0.00    0.00    0.00    0.00    0.00    22  |__CPU 3/TCG
18:46:31     1000   1243286         -  201.00    2.00    0.00    1.00  203.00    16  qemu-system-aar
18:46:31     1000         -   1243286    0.00    3.00    0.00    1.00    3.00    16  |__qemu-system-aar
18:46:31     1000         -   1243293    0.00    0.00    0.00    0.00    0.00    17  |__call_rcu
18:46:31     1000         -   1243303   99.00    0.00    0.00    0.00   99.00     4  |__CPU 0/TCG
18:46:31     1000         -   1243304    1.00    0.00    0.00    0.00    1.00    19  |__CPU 1/TCG
18:46:31     1000         -   1243305   98.00    1.00    0.00    0.00   99.00     0  |__CPU 2/TCG
18:46:31     1000         -   1243306    0.00    0.00    0.00    0.00    0.00    22  |__CPU 3/TCG
18:46:32     1000   1243286         -  202.00    3.00    0.00    0.00  205.00    16  qemu-system-aar
18:46:32     1000         -   1243286    1.00    3.00    0.00    0.00    4.00    16  |__qemu-system-aar
18:46:32     1000         -   1243293    0.00    0.00    0.00    0.00    0.00    17  |__call_rcu
18:46:32     1000         -   1243303   99.00    0.00    0.00    0.00   99.00     4  |__CPU 0/TCG
18:46:32     1000         -   1243304    0.00    0.00    0.00    0.00    0.00     3  |__CPU 1/TCG
18:46:32     1000         -   1243305  100.00    1.00    0.00    0.00  101.00     0  |__CPU 2/TCG
18:46:32     1000         -   1243306    0.00    0.00    0.00    0.00    0.00    22  |__CPU 3/TCG
18:46:33     1000   1243286         -  202.00    1.00    0.00    0.00  203.00    16  qemu-system-aar
18:46:33     1000         -   1243286    1.00    4.00    0.00    0.00    5.00    16  |__qemu-system-aar
18:46:33     1000         -   1243293    0.00    0.00    0.00    0.00    0.00    17  |__call_rcu
18:46:33     1000         -   1243303  100.00    0.00    0.00    0.00  100.00    20  |__CPU 0/TCG
18:46:33     1000         -   1243304    1.00    0.00    0.00    0.00    1.00     3  |__CPU 1/TCG
18:46:33     1000         -   1243305   99.00    0.00    0.00    0.00   99.00     0  |__CPU 2/TCG
18:46:33     1000         -   1243306    0.00    0.00    0.00    0.00    0.00    22  |__CPU 3/TCG
18:46:34     1000   1243286         -  203.00    2.00    0.00    0.00  205.00    21  qemu-system-aar
18:46:34     1000         -   1243286    1.00    3.00    0.00    0.00    4.00    21  |__qemu-system-aar
18:46:34     1000         -   1243293    0.00    0.00    0.00    0.00    0.00    17  |__call_rcu
18:46:34     1000         -   1243303   99.00    0.00    0.00    0.00   99.00     4  |__CPU 0/TCG
18:46:34     1000         -   1243304    0.00    0.00    0.00    0.00    0.00     3  |__CPU 1/TCG
18:46:34     1000         -   1243305   99.00    1.00    0.00    0.00  100.00    16  |__CPU 2/TCG
18:46:34     1000         -   1243306    0.00    0.00    0.00    0.00    0.00    22  |__CPU 3/TCG
18:46:35     1000   1243286         -  201.00    2.00    0.00    0.00  203.00    21  qemu-system-aar
18:46:35     1000         -   1243286    1.00    3.00    0.00    0.00    4.00    21  |__qemu-system-aar
18:46:35     1000         -   1243293    0.00    0.00    0.00    0.00    0.00    17  |__call_rcu
18:46:35     1000         -   1243303  100.00    1.00    0.00    0.00  101.00     4  |__CPU 0/TCG
18:46:35     1000         -   1243304    1.00    0.00    0.00    0.00    1.00     1  |__CPU 1/TCG
18:46:35     1000         -   1243305  100.00    0.00    0.00    0.00  100.00    16  |__CPU 2/TCG
18:46:35     1000         -   1243306    0.00    0.00    0.00    0.00    0.00    22  |__CPU 3/TCG
18:46:36     1000   1243286         -  203.00    1.00    0.00    0.00  204.00    21  qemu-system-aar
18:46:36     1000         -   1243286    2.00    1.00    0.00    0.00    3.00    21  |__qemu-system-aar
18:46:36     1000         -   1243293    0.00    0.00    0.00    0.00    0.00    17  |__call_rcu
18:46:36     1000         -   1243303   99.00    0.00    0.00    0.00   99.00    20  |__CPU 0/TCG
18:46:36     1000         -   1243304    0.00    0.00    0.00    0.00    0.00     3  |__CPU 1/TCG
18:46:36     1000         -   1243305   99.00    1.00    0.00    0.00  100.00    16  |__CPU 2/TCG
18:46:36     1000         -   1243306    0.00    0.00    0.00    0.00    0.00    22  |__CPU 3/TCG
18:46:37     1000   1243286         -  202.00    1.00    0.00    0.00  203.00    22  qemu-system-aar
18:46:37     1000         -   1243286    1.00    2.00    0.00    0.00    3.00    22  |__qemu-system-aar
18:46:37     1000         -   1243293    0.00    0.00    0.00    0.00    0.00    17  |__call_rcu
18:46:37     1000         -   1243303   99.00    0.00    0.00    0.00   99.00    20  |__CPU 0/TCG
18:46:37     1000         -   1243304    1.00    0.00    0.00    0.00    1.00     3  |__CPU 1/TCG
18:46:37     1000         -   1243305   99.00    0.00    0.00    0.00   99.00    16  |__CPU 2/TCG
18:46:37     1000         -   1243306    0.00    0.00    0.00    0.00    0.00    22  |__CPU 3/TCG
18:46:38     1000   1243286         -  202.00    1.00    0.00    0.00  203.00    22  qemu-system-aar
18:46:38     1000         -   1243286    1.00    3.00    0.00    0.00    4.00    22  |__qemu-system-aar
18:46:38     1000         -   1243293    0.00    0.00    0.00    0.00    0.00    17  |__call_rcu
18:46:38     1000         -   1243303  100.00    0.00    0.00    0.00  100.00    20  |__CPU 0/TCG
18:46:38     1000         -   1243304    1.00    0.00    0.00    0.00    1.00     3  |__CPU 1/TCG
18:46:38     1000         -   1243305   99.00    1.00    0.00    0.00  100.00    16  |__CPU 2/TCG
18:46:38     1000         -   1243306    0.00    0.00    0.00    0.00    0.00    22  |__CPU 3/TCG
18:46:39     1000   1243286         -  202.00    1.00    0.00    0.00  203.00    22  qemu-system-aar
18:46:39     1000         -   1243286    0.00    3.00    0.00    0.00    3.00    22  |__qemu-system-aar
18:46:39     1000         -   1243293    0.00    0.00    0.00    0.00    0.00    17  |__call_rcu
18:46:39     1000         -   1243303   99.00    0.00    0.00    0.00   99.00    20  |__CPU 0/TCG
18:46:39     1000         -   1243304    0.00    0.00    0.00    0.00    0.00     3  |__CPU 1/TCG
18:46:39     1000         -   1243305  100.00    0.00    0.00    0.00  100.00    16  |__CPU 2/TCG
18:46:39     1000         -   1243306    0.00    0.00    0.00    0.00    0.00    22  |__CPU 3/TCG
18:46:40     1000   1243286         -  203.00    1.00    0.00    0.00  204.00     7  qemu-system-aar
18:46:40     1000         -   1243286    1.00    3.00    0.00    0.00    4.00     7  |__qemu-system-aar
18:46:40     1000         -   1243293    0.00    0.00    0.00    0.00    0.00    17  |__call_rcu
18:46:40     1000         -   1243303  100.00    0.00    0.00    0.00  100.00    20  |__CPU 0/TCG
18:46:40     1000         -   1243304    1.00    0.00    0.00    0.00    1.00     3  |__CPU 1/TCG
18:46:40     1000         -   1243305   99.00    1.00    0.00    0.00  100.00    16  |__CPU 2/TCG
18:46:40     1000         -   1243306    0.00    0.00    0.00    0.00    0.00    22  |__CPU 3/TCG
18:46:41     1000   1243286         -  202.00    2.00    0.00    0.00  204.00     5  qemu-system-aar
18:46:41     1000         -   1243286    1.00    2.00    0.00    0.00    3.00     5  |__qemu-system-aar
18:46:41     1000         -   1243293    0.00    0.00    0.00    0.00    0.00    17  |__call_rcu
18:46:41     1000         -   1243303   99.00    1.00    0.00    0.00  100.00    20  |__CPU 0/TCG
18:46:41     1000         -   1243304    0.00    0.00    0.00    0.00    0.00     3  |__CPU 1/TCG
18:46:41     1000         -   1243305   99.00    0.00    0.00    0.00   99.00    16  |__CPU 2/TCG
18:46:41     1000         -   1243306    0.00    0.00    0.00    0.00    0.00    22  |__CPU 3/TCG
18:46:42     1000   1243286         -  201.00    2.00    0.00    0.00  203.00     7  qemu-system-aar
18:46:42     1000         -   1243286    0.00    3.00    0.00    0.00    3.00     7  |__qemu-system-aar
18:46:42     1000         -   1243293    0.00    0.00    0.00    0.00    0.00    17  |__call_rcu
18:46:42     1000         -   1243303   99.00    0.00    0.00    0.00   99.00     4  |__CPU 0/TCG
18:46:42     1000         -   1243304    1.00    0.00    0.00    0.00    1.00     5  |__CPU 1/TCG
18:46:42     1000         -   1243305  100.00    1.00    0.00    0.00  101.00    16  |__CPU 2/TCG
18:46:42     1000         -   1243306    0.00    0.00    0.00    0.00    0.00    22  |__CPU 3/TCG
18:46:43     1000   1243286         -  202.00    1.00    0.00    0.00  203.00     6  qemu-system-aar
18:46:43     1000         -   1243286    2.00    2.00    0.00    0.00    4.00     6  |__qemu-system-aar
18:46:43     1000         -   1243293    0.00    0.00    0.00    0.00    0.00    17  |__call_rcu
18:46:43     1000         -   1243303   99.00    0.00    0.00    0.00   99.00     4  |__CPU 0/TCG
18:46:43     1000         -   1243304    0.00    0.00    0.00    0.00    0.00     3  |__CPU 1/TCG
18:46:43     1000         -   1243305   99.00    0.00    0.00    0.00   99.00    16  |__CPU 2/TCG
18:46:43     1000         -   1243306    0.00    0.00    0.00    0.00    0.00    22  |__CPU 3/TCG
18:46:44     1000   1243286         -  202.00    1.00    0.00    0.00  203.00    22  qemu-system-aar
18:46:44     1000         -   1243286    1.00    2.00    0.00    0.00    3.00    22  |__qemu-system-aar
18:46:44     1000         -   1243293    0.00    0.00    0.00    0.00    0.00    17  |__call_rcu
18:46:44     1000         -   1243303  100.00    0.00    0.00    0.00  100.00     4  |__CPU 0/TCG
18:46:44     1000         -   1243304    1.00    0.00    0.00    0.00    1.00     3  |__CPU 1/TCG
18:46:44     1000         -   1243305  100.00    1.00    0.00    0.00  101.00    16  |__CPU 2/TCG
18:46:44     1000         -   1243306    0.00    0.00    0.00    0.00    0.00    22  |__CPU 3/TCG
18:46:45     1000   1243286         -  202.00    1.00    0.00    0.00  203.00    18  qemu-system-aar
18:46:45     1000         -   1243286    0.00    2.00    0.00    0.00    2.00    18  |__qemu-system-aar
18:46:45     1000         -   1243293    0.00    0.00    0.00    0.00    0.00    17  |__call_rcu
18:46:45     1000         -   1243303  100.00    0.00    0.00    0.00  100.00     4  |__CPU 0/TCG
18:46:45     1000         -   1243304    1.00    0.00    0.00    0.00    1.00     3  |__CPU 1/TCG
18:46:45     1000         -   1243305   99.00    0.00    0.00    0.00   99.00    16  |__CPU 2/TCG
18:46:45     1000         -   1243306    0.00    0.00    0.00    0.00    0.00    22  |__CPU 3/TCG
